time	rating_intensity
0.0165166999213398	0
0.0302514999639243	0
0.0707913998048753	0
0.0933174998499453	0
0.130647799931467	0
0.15989109990187	0
0.19332249998115	0
0.226203699829057	0
0.243275000015274	0
0.259502199944109	0
0.29341569985263	0
0.309938799822703	0
0.343054699944332	0
0.376805299893022	0
0.393413599813357	0
0.409955999813974	0
0.443490499863401	0
0.459551899926737	0
0.493060800014064	0
0.510088699869812	0
0.5434936999809	0
0.559784699929878	0
0.576008599950001	0
0.593226599972695	0
0.609397299820557	0
0.630014299880713	0
0.643043599789962	0
0.659609799971804	0
0.676162999821827	0
0.692853400018066	0
0.709525999845937	0
0.726113399956375	0
0.742681999923661	0
0.759261999977753	0
0.776106299832463	0
0.794879899825901	0
0.810564799932763	0
0.827452499885112	0
0.843721800018102	0
0.860237899934873	0
0.877471299842	0
0.894080499885604	0
0.91044249990955	0
0.927686499897391	0
0.9437173998449	0
0.960425999946892	0
0.97684309980832	0
0.994104099925607	0
1.01058149989694	0
1.02740239980631	0
1.04427609988488	0
1.06025410001166	0
1.07740949979052	0
1.09439159999602	0
1.11060349992476	0
1.12702339980751	0
1.1609432999976	0
1.17734079994261	0
1.19412949983962	0
1.21056689997204	0
1.22709659999236	0
1.24361399980262	0
1.26057109981775	0
1.27726050000638	0
1.29405619995669	0
1.3109048998449	0.00833333333333333
1.32742759981193	0.00833333333333333
1.34444079990499	0.00833333333333333
1.36050519999117	0.0166666666666667
1.37810979993083	0.0677083333333333
1.39400769979693	0.0760416666666667
1.41056829993613	0.09375
1.42737059993669	0.09375
1.44430219987407	0.09375
1.46072370000184	0.09375
1.47693799994886	0.09375
1.49408789980225	0.09375
1.51069939997979	0.102083333333333
1.52733189985156	0.102083333333333
1.54434379981831	0.110416666666667
1.56069579999894	0.110416666666667
1.57718469994143	0.110416666666667
1.59413279988803	0.110416666666667
1.61003390001133	0.110416666666667
1.62739309994504	0.128125
1.64392099995166	0.128125
1.66069970000535	0.136458333333333
1.67761699995026	0.145833333333333
1.69398039998487	0.145833333333333
1.72712969989516	0.163541666666667
1.74424489983357	0.180208333333333
1.76025209994987	0.180208333333333
1.77720639994368	0.180208333333333
1.79389989981428	0.180208333333333
1.8109700998757	0.180208333333333
1.82731869979762	0.180208333333333
1.84389819996431	0.197916666666667
1.86062469985336	0.197916666666667
1.87735869991593	0.197916666666667
1.8938869999256	0.197916666666667
1.91056929994375	0.20625
1.92734359996393	0.20625
1.96060069999658	0.214583333333333
1.97691480000503	0.214583333333333
1.99328229995444	0.214583333333333
2.01057569985278	0.214583333333333
2.02669709990732	0.214583333333333
2.04411059990525	0.214583333333333
2.06007139990106	0.214583333333333
2.07690969994292	0.214583333333333
2.09383489983156	0.214583333333333
2.11019719997421	0.222916666666667
2.12727019982412	0.222916666666667
2.14412389998324	0.222916666666667
2.16077709989622	0.222916666666667
2.17735309991986	0.222916666666667
2.19373449985869	0.222916666666667
2.21074419980869	0.222916666666667
2.2273854999803	0.222916666666667
2.24414789979346	0.222916666666667
2.26066429982893	0.222916666666667
2.27714489982463	0.222916666666667
2.29398189997301	0.215625
2.31096429983154	0.207291666666667
2.32681299978867	0.198958333333333
2.34409709996544	0.190625
2.36108319996856	0.172916666666667
2.37736429995857	0.172916666666667
2.39389309985563	0.172916666666667
2.41028689988889	0.172916666666667
2.42686619982123	0.172916666666667
2.4440568999853	0.172916666666667
2.46061869990081	0.172916666666667
2.476847599959	0.172916666666667
2.49360940000042	0.172916666666667
2.51034579984844	0.172916666666667
2.52733999979682	0.172916666666667
2.54366460000165	0.172916666666667
2.56033459980972	0.172916666666667
2.57757119997405	0.18125
2.59357269993052	0.18125
2.61047989991494	0.18125
2.62722959998064	0.197916666666667
2.64390229992568	0.197916666666667
2.66053989995271	0.197916666666667
2.67705359985121	0.215625
2.6936795997899	0.215625
2.71040240000002	0.232291666666667
2.72772309998982	0.25
2.74418229982257	0.25
2.76090659992769	0.267708333333333
2.77721199998632	0.276041666666667
2.79458759981208	0.285416666666667
2.81404059985653	0.285416666666667
2.82744539994746	0.285416666666667
2.84389509982429	0.285416666666667
2.86038199998438	0.285416666666667
2.87762269983068	0.285416666666667
2.89407269982621	0.285416666666667
2.91066890000366	0.29375
2.92771929991432	0.29375
2.94403419992886	0.302083333333333
2.96028639981523	0.302083333333333
2.97679709992371	0.302083333333333
2.99339379998855	0.302083333333333
3.01034619985148	0.302083333333333
3.02740389993414	0.310416666666667
3.04367309994996	0.310416666666667
3.06028639990836	0.310416666666667
3.07753949984908	0.310416666666667
3.09404949983582	0.31875
3.1105060998816	0.31875
3.12710819998756	0.31875
3.14348059985787	0.31875
3.16032109991647	0.31875
3.17744729993865	0.31875
3.19348729983903	0.31875
3.21029229997657	0.31875
3.22706760000437	0.31875
3.24384329980239	0.31875
3.26000669994392	0.31875
3.27739629987627	0.31875
3.29390209983103	0.31875
3.3101474000141	0.31875
3.32682339986786	0.31875
3.34394199983217	0.31875
3.36029709991999	0.31875
3.37739389995113	0.31875
3.39398199995048	0.31875
3.41025419998914	0.31875
3.42721869982779	0.31875
3.44348109979182	0.31875
3.46008019987494	0.31875
3.47721199993975	0.31875
3.49351469986141	0.31875
3.5102956998162	0.31875
3.52701799990609	0.31875
3.54407569998875	0.31875
3.56051759980619	0.31875
3.57704050000757	0.31875
3.59358999994583	0.31875
3.61056079994887	0.335416666666667
3.62719949986786	0.335416666666667
3.64341109991074	0.335416666666667
3.65998599980958	0.335416666666667
3.67742469999939	0.335416666666667
3.69391319993883	0.335416666666667
3.71002849983051	0.335416666666667
3.7267748999875	0.335416666666667
3.74382259999402	0.335416666666667
3.76011809986085	0.335416666666667
3.77675640000962	0.335416666666667
3.79375479998998	0.335416666666667
3.81054619979113	0.335416666666667
3.82717259996571	0.335416666666667
3.84395059989765	0.335416666666667
3.86017759982497	0.335416666666667
3.87690029991791	0.335416666666667
3.89382919995114	0.335416666666667
3.91043149982579	0.34375
3.92713299999014	0.34375
3.94392289989628	0.352083333333333
3.96046689990908	0.352083333333333
3.97723679989576	0.352083333333333
3.99379979982041	0.352083333333333
4.01039899978787	0.352083333333333
4.0275250999257	0.369791666666667
4.04382629995234	0.369791666666667
4.06050069979392	0.369791666666667
4.07720840000547	0.369791666666667
4.09410969982855	0.369791666666667
4.11032349988818	0.378125
4.12692359997891	0.378125
4.14419929985888	0.378125
4.16020769998431	0.378125
4.17721279989928	0.3875
4.19351729983464	0.3875
4.21042659995146	0.3875
4.22693969984539	0.3875
4.24370280001312	0.396875
4.26036229985766	0.396875
4.27695069997571	0.396875
4.29344729986042	0.396875
4.31043949979357	0.405208333333333
4.326732999878	0.405208333333333
4.34382349997759	0.405208333333333
4.36037209979258	0.405208333333333
4.37700569978915	0.405208333333333
4.39379279990681	0.405208333333333
4.41027250001207	0.405208333333333
4.42683779983781	0.413541666666667
4.44394909986295	0.421875
4.46044589998201	0.421875
4.47670379979536	0.421875
4.4935995999258	0.421875
4.51004309998825	0.421875
4.52681609988213	0.421875
4.54390289983712	0.421875
4.55995439994149	0.421875
4.57712249993347	0.421875
4.59379869978875	0.421875
4.61023089988157	0.421875
4.62721429998055	0.421875
4.64378389995545	0.421875
4.66037259995937	0.421875
4.67719749989919	0.414583333333333
4.69381999992765	0.414583333333333
4.71009419998154	0.414583333333333
4.72688269987702	0.414583333333333
4.74338809982873	0.414583333333333
4.76036289986223	0.414583333333333
4.77676199981943	0.414583333333333
4.79335359996185	0.414583333333333
4.81006899988279	0.414583333333333
4.82697119982913	0.414583333333333
4.84353899979033	0.414583333333333
4.86029149987735	0.414583333333333
4.87716519995593	0.414583333333333
4.89379959995858	0.414583333333333
4.91001639980823	0.414583333333333
4.92697369982488	0.414583333333333
4.9432050997857	0.414583333333333
4.96019719983451	0.414583333333333
4.97746500000358	0.414583333333333
4.99395079980604	0.414583333333333
5.01037039980292	0.414583333333333
5.0268210999202	0.414583333333333
5.04375669988804	0.414583333333333
5.06033599982038	0.414583333333333
5.07715349993668	0.414583333333333
5.09376139985397	0.414583333333333
5.11019889987074	0.414583333333333
5.127162899822	0.414583333333333
5.14395779999904	0.414583333333333
5.16002079984173	0.414583333333333
5.17718549980782	0.414583333333333
5.19374919985421	0.414583333333333
5.21049520000815	0.414583333333333
5.22721419995651	0.414583333333333
5.24374779989012	0.414583333333333
5.26010089996271	0.414583333333333
5.27726349979639	0.414583333333333
5.29348989995196	0.414583333333333
5.31057749991305	0.414583333333333
5.32710729981773	0.414583333333333
5.34339379984885	0.414583333333333
5.36092449980788	0.414583333333333
5.37713249982335	0.414583333333333
5.39354699989781	0.414583333333333
5.41045729978941	0.414583333333333
5.42704429989681	0.414583333333333
5.4434226998128	0.414583333333333
5.46042459993623	0.414583333333333
5.47673779982142	0.414583333333333
5.49334749998525	0.414583333333333
5.51016569999047	0.414583333333333
5.52741059986874	0.414583333333333
5.54349069995806	0.414583333333333
5.56034349999391	0.414583333333333
5.57716839993373	0.414583333333333
5.59357009991072	0.414583333333333
5.61053329985589	0.414583333333333
5.6272769998759	0.414583333333333
5.64346069982275	0.414583333333333
5.66035789996386	0.414583333333333
5.67671559983864	0.414583333333333
5.69395679980516	0.414583333333333
5.71044479985721	0.414583333333333
5.72722129989415	0.414583333333333
5.74347699992359	0.414583333333333
5.76017329981551	0.414583333333333
5.77706329990178	0.414583333333333
5.79373009991832	0.414583333333333
5.80994369997643	0.414583333333333
5.82706589996815	0.414583333333333
5.84376809978858	0.414583333333333
5.86032809992321	0.414583333333333
5.8767675999552	0.414583333333333
5.89377249986865	0.414583333333333
5.91043239994906	0.414583333333333
5.92708679987118	0.414583333333333
5.9436190999113	0.414583333333333
5.9604481998831	0.414583333333333
5.97698359983042	0.414583333333333
5.99341619992629	0.414583333333333
6.01052519981749	0.414583333333333
6.02713489998132	0.414583333333333
6.04381860001013	0.414583333333333
6.06044839997776	0.414583333333333
6.07687029987574	0.414583333333333
6.0938386998605	0.414583333333333
6.11030759988353	0.414583333333333
6.12715479987673	0.414583333333333
6.14362599980086	0.414583333333333
6.16032909997739	0.414583333333333
6.17679880000651	0.414583333333333
6.19338069995865	0.414583333333333
6.21038509998471	0.414583333333333
6.22677109995857	0.414583333333333
6.24375689984299	0.414583333333333
6.26022939989343	0.414583333333333
6.27698759990744	0.414583333333333
6.29343889979646	0.414583333333333
6.31013649981469	0.414583333333333
6.32714849989861	0.414583333333333
6.34370530000888	0.414583333333333
6.36028809985146	0.414583333333333
6.37675809999928	0.414583333333333
6.39352509984747	0.414583333333333
6.41003779997118	0.414583333333333
6.42708979989402	0.414583333333333
6.44411679985933	0.414583333333333
6.4601705998648	0.414583333333333
6.47705190000124	0.414583333333333
6.49332979996689	0.414583333333333
6.5100312998984	0.414583333333333
6.52701039984822	0.414583333333333
6.54333199979737	0.414583333333333
6.5603279999923	0.414583333333333
6.57667089998722	0.414583333333333
6.59338739980012	0.414583333333333
6.61058269999921	0.414583333333333
6.62668509990908	0.414583333333333
6.64329559984617	0.414583333333333
6.66009219991975	0.414583333333333
6.67651819996536	0.414583333333333
6.69348579994403	0.414583333333333
6.71037639980204	0.414583333333333
6.72686919989064	0.414583333333333
6.74335929984227	0.414583333333333
6.76002309983596	0.414583333333333
6.77687739999965	0.414583333333333
6.79364049993455	0.414583333333333
6.80999139999039	0.414583333333333
6.82707090000622	0.414583333333333
6.84334389981814	0.414583333333333
6.86028569983318	0.414583333333333
6.8767419999931	0.414583333333333
6.89372509997338	0.414583333333333
6.91042929980904	0.414583333333333
6.92700279993005	0.414583333333333
6.94365599984303	0.414583333333333
6.96069279988296	0.414583333333333
6.97990219993517	0.414583333333333
6.9937779000029	0.414583333333333
7.01005059992895	0.414583333333333
7.0267620999366	0.414583333333333
7.04356469982304	0.414583333333333
7.06021729996428	0.414583333333333
7.07713749981485	0.414583333333333
7.09343469981104	0.414583333333333
7.11023260001093	0.414583333333333
7.12667849985883	0.414583333333333
7.14383299998008	0.414583333333333
7.16007749992423	0.414583333333333
7.1767733998131	0.414583333333333
7.19344089995138	0.414583333333333
7.21022569993511	0.414583333333333
7.22693079989403	0.414583333333333
7.24369109980762	0.414583333333333
7.26022890000604	0.414583333333333
7.27698630001396	0.414583333333333
7.29334689979441	0.414583333333333
7.31020760000683	0.414583333333333
7.32700779987499	0.414583333333333
7.34326349990442	0.414583333333333
7.36020200001076	0.414583333333333
7.37892970000394	0.414583333333333
7.39363169996068	0.414583333333333
7.4102953998372	0.414583333333333
7.4268463999033	0.414583333333333
7.44375609979033	0.414583333333333
7.46001769998111	0.414583333333333
7.47779899998568	0.414583333333333
7.49368779989891	0.414583333333333
7.50999629986472	0.414583333333333
7.52713259984739	0.414583333333333
7.54382539982907	0.414583333333333
7.56034590001218	0.414583333333333
7.57700419984758	0.414583333333333
7.59358999994583	0.414583333333333
7.60997210000642	0.414583333333333
7.62656080001034	0.414583333333333
7.64381599985063	0.414583333333333
7.66000709985383	0.414583333333333
7.67698719981126	0.414583333333333
7.69359729997814	0.414583333333333
7.71051329979673	0.414583333333333
7.72638949984685	0.414583333333333
7.74337869998999	0.414583333333333
7.76029919995926	0.414583333333333
7.77674150001258	0.414583333333333
7.79424129985273	0.414583333333333
7.81020289985463	0.414583333333333
7.82710439991206	0.414583333333333
7.84362940001301	0.414583333333333
7.86040050000884	0.414583333333333
7.87700139987282	0.414583333333333
7.89365229988471	0.414583333333333
7.91020469996147	0.414583333333333
7.9267436999362	0.414583333333333
7.94337079999968	0.414583333333333
7.96021809987724	0.414583333333333
7.97692479984835	0.414583333333333
7.99338269978762	0.414583333333333
8.01023939996958	0.414583333333333
8.02684289985336	0.414583333333333
8.04341819998808	0.421875
8.06027299980633	0.421875
8.07692939997651	0.421875
8.09372609993443	0.421875
8.10994699993171	0.421875
8.12709249998443	0.421875
8.14358509983867	0.421875
8.16030619991943	0.421875
8.17732879985124	0.421875
8.19329259986989	0.421875
8.21016689995304	0.421875
8.22703999979421	0.421875
8.24312729993835	0.421875
8.26026389980689	0.421875
8.27696379995905	0.421875
8.29428229993209	0.421875
8.31032920000143	0.421875
8.32680239994079	0.421875
8.34367899992503	0.421875
8.36028869985603	0.421875
8.37713579996489	0.421875
8.39366830000654	0.421875
8.41035109991208	0.421875
8.42701819981448	0.421875
8.44339789985679	0.421875
8.46141599980183	0.421875
8.47651469986886	0.421875
8.49330059997737	0.421875
8.50983919994906	0.421875
8.52703629992902	0.421875
8.54355659987777	0.421875
8.56013999995776	0.421875
8.57721219980158	0.421875
8.59352549980395	0.421875
8.61036399984732	0.421875
8.62712269998156	0.421875
8.64355849986896	0.421875
8.66024579992518	0.421875
8.67713879980147	0.421875
8.69407249987125	0.421875
8.71009489987046	0.421875
8.72698049992323	0.421875
8.74357739998959	0.421875
8.76373329991475	0.421875
8.77704299986362	0.421875
8.79352409997955	0.421875
8.81053579994477	0.421875
8.82663089991547	0.421875
8.84353089984506	0.421875
8.86007629986852	0.421875
8.8777610999532	0.421875
8.89437919994816	0.421875
8.91544149979018	0.421875
8.92641949979588	0.421875
8.9479920999147	0.421875
8.95981039991602	0.421875
8.97671779990196	0.421875
8.9931602999568	0.421875
9.01029809983447	0.421875
9.02700429991819	0.421875
9.04333099978976	0.421875
9.06007839995436	0.421875
9.07693229988217	0.421875
9.09358889982104	0.421875
9.11042129993439	0.421875
9.1268728999421	0.421875
9.14344729995355	0.421875
9.16019469988532	0.421875
9.17720969999209	0.421875
9.19353339984082	0.421875
9.21017569978721	0.421875
9.22704669996165	0.421875
9.24364120000973	0.421875
9.2600382999517	0.421875
9.27701759990305	0.421875
9.29316729982384	0.421875
9.31013130000792	0.421875
9.32659449987113	0.421875
9.34362679999322	0.421875
9.36056579998694	0.421875
9.37697009998374	0.421875
9.39352079993114	0.421875
9.41013520001434	0.421875
9.4267451998312	0.421875
9.44363019987941	0.421875
9.46019060001709	0.421875
9.4770930998493	0.421875
9.49330199998803	0.421875
9.5098418998532	0.421875
9.52730809990317	0.421875
9.54354759980924	0.421875
9.56008989992552	0.421875
9.57709849998355	0.421875
9.59351239982061	0.421875
9.60956559982151	0.421875
9.62694869982079	0.421875
9.64352619997226	0.421875
9.65991089981981	0.421875
9.67690149997361	0.421875
9.69336129981093	0.421875
9.70996909984387	0.421875
9.72716679982841	0.421875
9.74347429978661	0.421875
9.76028809999116	0.421875
9.77704690000974	0.421875
9.79359109979123	0.421875
9.81000579986721	0.421875
9.82696889992803	0.421875
9.84441959997639	0.421875
9.8600245998241	0.421875
9.87693609995767	0.421875
9.89361319993623	0.421875
9.91013929992914	0.421875
9.92714970000088	0.421875
9.94357939995825	0.421875
9.96015519998036	0.421875
9.97717399988323	0.421875
9.99356049997732	0.421875
10.010090699885	0.421875
10.0268217998091	0.421875
10.0433496998157	0.421875
10.0596941998228	0.421875
10.0767745999619	0.421875
10.0930935000069	0.421875
10.1099590999074	0.421875
10.1268195998855	0.421875
10.1437005999032	0.421875
10.1596746998839	0.421875
10.1770866999868	0.421875
10.1935534998775	0.421875
10.2101345998235	0.421875
10.2272016999777	0.421875
10.2437767998781	0.421875
10.2602191998158	0.421875
10.2772232999559	0.421875
10.293629999971	0.421875
10.3097743999679	0.421875
10.3272024998441	0.421875
10.3435280998237	0.421875
10.3602899999823	0.421875
10.3768752999604	0.421875
10.3980985998642	0.421875
10.4099912999664	0.421875
10.4269927998539	0.421875
10.4437681999989	0.421875
10.4601944999304	0.421875
10.4769190999214	0.421875
10.4937068999279	0.421875
10.5100056999363	0.421875
10.5271167999599	0.421875
10.5435792999342	0.421875
10.5597307998687	0.421875
10.5767836999148	0.421875
10.5933882999234	0.421875
10.6097655999474	0.421875
10.6270107999444	0.421875
10.6434915999416	0.421875
10.6597010998521	0.421875
10.6769679998979	0.421875
10.6933435997926	0.421875
10.7100270998199	0.421875
10.7269231998362	0.421875
10.7431543997955	0.421875
10.7603775998577	0.421875
10.7769421997946	0.421875
10.7936034998856	0.421875
10.8100815999787	0.421875
10.8273233999498	0.421875
10.8434024997987	0.421875
10.8600400998257	0.421875
10.8770628999919	0.421875
10.8933667999227	0.421875
10.9103029000107	0.421875
10.9269112998154	0.421875
10.9432804000098	0.421875
10.96021499997	0.421875
10.9769598999992	0.421875
10.9935005998705	0.421875
11.0100084999576	0.421875
11.0267973998562	0.421875
11.043631099863	0.421875
11.0602582998108	0.421875
11.0769236998167	0.421875
11.0935545999091	0.421875
11.1098476999905	0.421875
11.1277677998878	0.421875
11.1435511999298	0.421875
11.1602314999327	0.421875
11.1768738999963	0.421875
11.1934994999319	0.421875
11.2104478999972	0.421875
11.2268083998933	0.421875
11.2433044998907	0.421875
11.2599326998461	0.421875
11.2769077999983	0.421875
11.2932827998884	0.421875
11.3103718999773	0.421875
11.3268674998544	0.421875
11.3433574999217	0.421875
11.3599202998448	0.421875
11.3763978998177	0.421875
11.39289249992	0.421875
11.4097678998951	0.421875
11.4268808998168	0.421875
11.4439438998234	0.421875
11.459883299889	0.421875
11.4770128999371	0.421875
11.4939730998594	0.421875
11.5110869999044	0.421875
11.5271505999845	0.421875
11.5436789998785	0.421875
11.56012059981	0.421875
11.5768644998316	0.421875
11.5934492999222	0.421875
11.6098929999862	0.421875
11.6265013997909	0.421875
11.6436295998283	0.421875
11.6601110999472	0.421875
11.6768025998026	0.421875
11.6935322999489	0.421875
11.7102873998228	0.421875
11.727020899998	0.421875
11.7435931998771	0.421875
11.7603652998805	0.421875
11.7767576999031	0.421875
11.7933240998536	0.421875
11.8098730999045	0.421875
11.8268365999684	0.421875
11.8435260998085	0.421875
11.8601725997869	0.421875
11.8770470998716	0.421875
11.8934285999276	0.421875
11.9099716998171	0.421875
11.9268439000007	0.421875
11.9434858998284	0.421875
11.9598799999803	0.421875
11.9769791997969	0.421875
11.9935601998586	0.421875
12.0098168000113	0.421875
12.0268868999556	0.421875
12.0435087999795	0.421875
12.0598131997976	0.421875
12.0767181999981	0.421875
12.0934961999301	0.421875
12.1100106998347	0.421875
12.1266991999	0.421875
12.143389099976	0.421875
12.1602761999238	0.421875
12.1771177998744	0.421875
12.1933973999694	0.421875
12.2098723999225	0.421875
12.2270091997925	0.421875
12.2434233999811	0.421875
12.2599515998736	0.421875
12.2769565999042	0.421875
12.2934338999912	0.421875
12.3099183000159	0.421875
12.326901299879	0.421875
12.3434717999771	0.421875
12.3602233999409	0.421875
12.3768350000028	0.421875
12.3931678999215	0.421875
12.409937699791	0.421875
12.4269032999873	0.421875
12.4437378998846	0.421875
12.4601342999376	0.421875
12.4771000999026	0.421875
12.4935002999846	0.421875
12.5101052999962	0.421875
12.5268393999431	0.421875
12.5435151997954	0.421875
12.5599160999991	0.421875
12.5768640998285	0.421875
12.5935599999502	0.421875
12.6099656999577	0.421875
12.626596899936	0.421875
12.6434183998499	0.421875
12.6600112000015	0.421875
12.6768590998836	0.421875
12.6934711998329	0.421875
12.7100348998792	0.421875
12.7271643998101	0.421875
12.7435707999393	0.421875
12.7604849999771	0.421875
12.7768733999692	0.421875
12.7933239999693	0.421875
12.810152699938	0.421875
12.8270292999223	0.421875
12.8434931999072	0.421875
12.8600074998103	0.421875
12.8766774998512	0.421875
12.893384099938	0.421875
12.9102317998186	0.421875
12.9268304998986	0.421875
12.943520099856	0.421875
12.9600374000147	0.421875
12.9767600998748	0.421875
12.9932762999088	0.421875
13.01043689996	0.421875
13.0270146999974	0.421875
13.0434349998832	0.421875
13.0602432999294	0.421875
13.0765728999395	0.421875
13.093399599893	0.421875
13.1099997998681	0.421875
13.1266780998558	0.421875
13.1434434999246	0.421875
13.1600814999547	0.421875
13.1765285998117	0.421875
13.1933767998125	0.421875
13.2100668998901	0.421875
13.2269375999458	0.421875
13.2434611998033	0.421875
13.2602329999208	0.421875
13.2768393999431	0.421875
13.2936737998389	0.421875
13.3096230998635	0.421875
13.3265089998022	0.421875
13.3434258999769	0.421875
13.3598128999583	0.421875
13.3770927998703	0.421875
13.3938406999223	0.421875
13.4100652998313	0.421875
13.4266834999435	0.421875
13.4437009999529	0.421875
13.4599554999731	0.421875
13.4766137998085	0.421875
13.4934425998945	0.421875
13.5099056998733	0.421875
13.5282962999772	0.421875
13.5439692998771	0.421875
13.5600279998034	0.421875
13.5768907999154	0.421875
13.5934374998324	0.421875
13.6097444999032	0.421875
13.626774400007	0.421875
13.6436446998268	0.421875
13.6598862998653	0.421875
13.6769286999479	0.421875
13.6934334000107	0.421875
13.7098873998038	0.421875
13.7268691998906	0.421875
13.7436257998925	0.421875
13.7600820998196	0.421875
13.7764105999377	0.421875
13.793330000015	0.421875
13.8102727998048	0.421875
13.8267721999437	0.421875
13.8431960998569	0.421875
13.8602374999318	0.421875
13.8767615999095	0.421875
13.8933845998254	0.421875
13.9102684999816	0.421875
13.9271075997967	0.421875
13.9434253999498	0.421875
13.9601512998343	0.421875
13.9766738999169	0.421875
13.99304319988	0.421875
14.0108403998893	0.421875
14.0268575998489	0.421875
14.0434293998405	0.421875
14.0596781999338	0.421875
14.0795846998226	0.421875
14.0958380999509	0.421875
14.1115796999075	0.421875
14.1266859997995	0.421875
14.1431332000066	0.421875
14.15959689999	0.421875
14.1765959998593	0.421875
14.1934093998279	0.421875
14.20990659995	0.421875
14.2268381998874	0.421875
14.2434284999035	0.421875
14.259734199848	0.421875
14.2769562997855	0.421875
14.2932881999295	0.421875
14.3100335998461	0.421875
14.3268688998651	0.421875
14.3433516998775	0.421875
14.3599238998722	0.421875
14.376529000001	0.421875
14.3934264997952	0.421875
14.4098110999912	0.421875
14.4268578998744	0.421875
14.4436988998204	0.421875
14.4599993999582	0.421875
14.4767816998065	0.421875
14.4934305998031	0.421875
14.5098851998337	0.421875
14.5263188998215	0.421875
14.5432021999732	0.421875
14.5595232998021	0.421875
14.5767212999053	0.421875
14.5933278999291	0.421875
14.6098258998245	0.421875
14.6271585999057	0.421875
14.6433258999605	0.421875
14.6599345998839	0.421875
14.6767655999865	0.421875
14.6933243998792	0.421875
14.7100277999416	0.421875
14.7267398999538	0.421875
14.7432415999938	0.421875
14.7601588999387	0.421875
14.7765957999509	0.421875
14.7934359998908	0.421875
14.8098932998255	0.421875
14.826447899919	0.421875
14.8438002998009	0.421875
14.8597524999641	0.421875
14.8768319999799	0.421875
14.8936823999975	0.421875
14.9098499999382	0.421875
14.9268028999213	0.421875
14.9433347999584	0.421875
14.9598207999952	0.421875
14.9769341999199	0.421875
14.9927854000125	0.421875
15.0097254000138	0.421875
15.0268357999157	0.421875
15.0434163999744	0.421875
15.0599208998028	0.421875
15.0770687998738	0.421875
15.0933191999793	0.421875
15.1099519999698	0.421875
15.1270326999947	0.421875
15.142946699867	0.421875
15.1599771999754	0.421875
15.1767758999486	0.421875
15.1938953998033	0.421875
15.209988999879	0.421875
15.2267515999265	0.421875
15.2428913998883	0.421875
15.2601174998563	0.421875
15.276824799832	0.421875
15.2947079997975	0.421875
15.3101652998012	0.421875
15.3266461999156	0.421875
15.3435629999731	0.421875
15.3612949999515	0.421875
15.3782131997868	0.421875
15.3945017999504	0.421875
15.4120074999519	0.421875
15.4280543997884	0.421875
15.4459590998013	0.421875
15.4618443998042	0.421875
15.477321999846	0.421875
15.4969885000028	0.421875
15.5108679998666	0.421875
15.5265347999521	0.421875
15.5425933999941	0.421875
15.5593989999034	0.421875
15.5766620999202	0.421875
15.5935962998774	0.421875
15.6098851999268	0.421875
15.6267475998029	0.421875
15.6433381999377	0.421875
15.6597795998678	0.421875
15.6764727998525	0.421875
15.6929406998679	0.421875
15.7100944998674	0.421875
15.7268135999329	0.421875
15.7433689997997	0.421875
15.7603567999322	0.421875
15.7770078999456	0.421875
15.7933187999297	0.421875
15.8102529000025	0.421875
15.8266658999491	0.421875
15.8433425999247	0.421875
15.8600176000036	0.421875
15.8766285998281	0.421875
15.8934020998422	0.421875
15.9099127999507	0.421875
15.9262898999732	0.421875
15.9433144999202	0.421875
15.9600074999034	0.421875
15.9768836000003	0.421875
15.992869499838	0.421875
16.009905999992	0.421875
16.026553499978	0.421875
16.0430306999478	0.421875
16.0597597998567	0.421875
16.0764601000119	0.421875
16.0931601999328	0.421875
16.1101144999266	0.421875
16.1267295000143	0.421875
16.1431988999248	0.421875
16.159805999836	0.421875
16.1768116999883	0.421875
16.1933766999282	0.421875
16.2102355998941	0.421875
16.2264276999049	0.421875
16.2429839998949	0.421875
16.2600894998759	0.421875
16.2767914999276	0.421875
16.2930615998339	0.421875
16.3097122998443	0.421875
16.3268507998437	0.421875
16.3433522998821	0.421875
16.3603124998044	0.421875
16.3766724998131	0.421875
16.3933593998663	0.421875
16.4100463998038	0.421875
16.426779499976	0.421875
16.4432609998621	0.421875
16.459780999925	0.421875
16.476364800008	0.421875
16.4932506999467	0.421875
16.5099672998767	0.421875
16.5266099998262	0.421875
16.5432441998273	0.421875
16.5596413000021	0.421875
16.5764218999539	0.421875
16.5929856998846	0.421875
16.6098835999146	0.421875
16.6267858999781	0.421875
16.6432938999496	0.421875
16.6597025999799	0.421875
16.6772462998051	0.421875
16.693226999836	0.421875
16.7100008998532	0.421875
16.726514799986	0.421875
16.7434458998032	0.421875
16.7596371998079	0.421875
16.7766767998692	0.421875
16.7933624999132	0.421875
16.8096178998239	0.421875
16.826694099931	0.421875
16.8432713998482	0.421875
16.8596953998785	0.421875
16.8767813998275	0.421875
16.8940980997868	0.421875
16.9100043999497	0.421875
16.9264348999131	0.421875
16.943340400001	0.421875
16.9598532998934	0.421875
16.979040700011	0.421875
16.9949991998728	0.421875
17.0137647998054	0.421875
17.0285831999499	0.421875
17.0470747998916	0.421875
17.0612335999031	0.421875
17.077054399997	0.421875
17.0933465999551	0.421875
17.1097448999062	0.421875
17.1265630999114	0.421875
17.1432954999618	0.421875
17.1597340998705	0.421875
17.1764091998339	0.421875
17.1932196000125	0.421875
17.2096451998223	0.421875
17.2268555997871	0.421875
17.2428127999883	0.421875
17.2599766999483	0.421875
17.2763813999481	0.421875
17.2933174998034	0.421875
17.3104141999502	0.421875
17.3268166999333	0.421875
17.3432876998559	0.421875
17.3599486998282	0.421875
17.376719399821	0.421875
17.3932947998401	0.421875
17.409915599972	0.421875
17.4267837998923	0.421875
17.4434739998542	0.421875
17.4599181998055	0.421875
17.4768164998386	0.421875
17.4935935998801	0.421875
17.5099920998327	0.421875
17.5266261999495	0.421875
17.5429213999305	0.421875
17.5598231998738	0.421875
17.5763502998743	0.421875
17.5929915998131	0.421875
17.6097102998756	0.421875
17.6268064999022	0.421875
17.6430250999983	0.421875
17.6597643999849	0.421875
17.6765747999307	0.421875
17.6929410998709	0.421875
17.7102645998821	0.421875
17.7266950998455	0.421875
17.7433578998316	0.421875
17.7600052999333	0.421875
17.7767062999774	0.421875
17.7930002999492	0.421875
17.8099199999124	0.421875
17.8265368998982	0.421875
17.8431809998583	0.421875
17.8601585999131	0.421875
17.8764962998684	0.421875
17.8929703999311	0.421875
17.9098420999944	0.421875
17.9264785000123	0.421875
17.9432543998118	0.421875
17.9600910998415	0.421875
17.9762592997868	0.421875
17.9927747999318	0.421875
18.009975399822	0.421875
18.0264365999028	0.421875
18.0432755998336	0.421875
18.059968699934	0.421875
18.0766578000039	0.421875
18.0933030999731	0.421875
18.1099159999285	0.421875
18.1262162998319	0.421875
18.1432819999754	0.421875
18.1597620998509	0.421875
18.176795499865	0.421875
18.1931648999453	0.421875
18.2100159998517	0.414583333333333
18.2265474000014	0.414583333333333
18.2436618998181	0.397916666666667
18.2595561000053	0.397916666666667
18.2766231999267	0.397916666666667
18.2932143998332	0.397916666666667
18.3099465998821	0.397916666666667
18.3265771998558	0.397916666666667
18.3434683999512	0.397916666666667
18.3598675997928	0.397916666666667
18.3765382999554	0.397916666666667
18.3930521998554	0.397916666666667
18.4098245999776	0.397916666666667
18.4265609998256	0.397916666666667
18.4436186999083	0.389583333333333
18.4598343998659	0.380208333333333
18.476905999938	0.371875
18.4932115999982	0.363541666666667
18.5098176000174	0.363541666666667
18.5270181999076	0.363541666666667
18.5436042000074	0.355208333333333
18.5599071998149	0.355208333333333
18.5769972999115	0.355208333333333
18.592801899882	0.355208333333333
18.6099564000033	0.355208333333333
18.6265171999112	0.355208333333333
18.6433776998892	0.355208333333333
18.6597810999956	0.355208333333333
18.6773367999122	0.355208333333333
18.6930480999872	0.355208333333333
18.709805399878	0.355208333333333
18.7262610998005	0.355208333333333
18.7434040999506	0.355208333333333
18.7598158998881	0.355208333333333
18.7766187998932	0.355208333333333
18.79303229996	0.355208333333333
18.8096589997876	0.355208333333333
18.8267424998339	0.355208333333333
18.8432521999348	0.355208333333333
18.8597532999702	0.355208333333333
18.8767400998622	0.355208333333333
18.8935612998903	0.355208333333333
18.9098763999064	0.355208333333333
18.9265872999094	0.355208333333333
18.9432695999276	0.355208333333333
18.9599205998238	0.355208333333333
18.9766812999733	0.355208333333333
18.9940459998325	0.346875
19.0099225998856	0.346875
19.0267746997997	0.346875
19.0433393998537	0.346875
19.0595811998937	0.346875
19.0762267999817	0.346875
19.0934482999146	0.346875
19.109655499924	0.346875
19.1266922999639	0.346875
19.1432552000042	0.346875
19.1599228999112	0.346875
19.1767550997902	0.346875
19.193245699862	0.346875
19.2100351999979	0.346875
19.2266642998438	0.346875
19.2429406999145	0.346875
19.2597619998269	0.346875
19.2763794998173	0.346875
19.2932903999463	0.346875
19.3100357998628	0.346875
19.3264027999248	0.346875
19.3432373998221	0.346875
19.3593420998659	0.346875
19.3766095999163	0.346875
19.3932265997864	0.346875
19.4096942998003	0.346875
19.4262868999504	0.346875
19.4432543998118	0.346875
19.4598547997884	0.346875
19.4766042998526	0.346875
19.4929619999602	0.346875
19.5096372999251	0.346875
19.5263198998291	0.346875
19.543106299825	0.338541666666667
19.5602624998428	0.338541666666667
19.5767967998981	0.338541666666667
19.5934080998413	0.338541666666667
19.6097398998681	0.338541666666667
19.6266569998115	0.338541666666667
19.6432656999677	0.338541666666667
19.6597806999926	0.338541666666667
19.6765648999717	0.338541666666667
19.6931574998889	0.338541666666667
19.7099311999045	0.338541666666667
19.7263569999486	0.338541666666667
19.7428830999415	0.338541666666667
19.7596118999645	0.338541666666667
19.7766150999814	0.338541666666667
19.7926155999303	0.338541666666667
19.8099770999979	0.338541666666667
19.8263769999612	0.338541666666667
19.843239299953	0.338541666666667
19.8598799000029	0.338541666666667
19.876563299913	0.338541666666667
19.8933811997995	0.338541666666667
19.9101558998227	0.338541666666667
19.926660399884	0.338541666666667
19.9432012999896	0.338541666666667
19.9597712999675	0.338541666666667
19.9763259999454	0.338541666666667
19.9932866999879	0.338541666666667
20.0098712998442	0.338541666666667
20.0265200999565	0.338541666666667
20.0429130999837	0.338541666666667
20.0599851999432	0.338541666666667
20.0768342998344	0.338541666666667
20.0932520998176	0.338541666666667
20.1111013998743	0.338541666666667
20.1263248999603	0.338541666666667
20.1432608999312	0.338541666666667
20.1599785999861	0.338541666666667
20.1762982998043	0.338541666666667
20.1935011998285	0.338541666666667
20.2096940998454	0.330208333333333
20.2266712998971	0.330208333333333
20.2428665999323	0.330208333333333
20.2597713998985	0.330208333333333
20.2765222999733	0.330208333333333
20.29336469993	0.330208333333333
20.3099893999752	0.330208333333333
20.3265898998361	0.330208333333333
20.3432430999819	0.330208333333333
20.3600608999841	0.330208333333333
20.3770414998289	0.330208333333333
20.3930613999255	0.330208333333333
20.4101497000083	0.330208333333333
20.4265937998425	0.330208333333333
20.4431266000029	0.330208333333333
20.4596306998283	0.330208333333333
20.4765766998753	0.330208333333333
20.4932768999133	0.330208333333333
20.5096108999569	0.330208333333333
20.5264552999288	0.330208333333333
20.5428827998694	0.330208333333333
20.5598657999653	0.330208333333333
20.5765912998468	0.330208333333333
20.5931185998488	0.330208333333333
20.6098537999205	0.330208333333333
20.6266164998524	0.330208333333333
20.6432025998365	0.330208333333333
20.660033099819	0.330208333333333
20.6765566999093	0.330208333333333
20.6933187998366	0.330208333333333
20.7097715998534	0.330208333333333
20.7262624998111	0.330208333333333
20.7432168999221	0.330208333333333
20.7597365998663	0.330208333333333
20.7763230998535	0.330208333333333
20.7933663998265	0.330208333333333
20.8097882999573	0.330208333333333
20.8262713998556	0.330208333333333
20.8431694998872	0.330208333333333
20.8600473999977	0.330208333333333
20.876722499961	0.330208333333333
20.8935212998185	0.330208333333333
20.9098264998756	0.330208333333333
20.9265073998831	0.330208333333333
20.9429384998512	0.330208333333333
20.9598867997993	0.330208333333333
20.976482299855	0.330208333333333
20.99319129996	0.330208333333333
21.0100010000169	0.330208333333333
21.0266805998981	0.330208333333333
21.0431997999549	0.330208333333333
21.0598127997946	0.330208333333333
21.0765567999333	0.330208333333333
21.0932883999776	0.330208333333333
21.1099941998255	0.330208333333333
21.126502199797	0.330208333333333
21.1433943999	0.330208333333333
21.1598237999715	0.330208333333333
21.1766015999019	0.330208333333333
21.1929567998741	0.330208333333333
21.2098923998419	0.330208333333333
21.226499899989	0.330208333333333
21.2426659998018	0.330208333333333
21.2594625998754	0.330208333333333
21.2762189998757	0.330208333333333
21.2934310999699	0.330208333333333
21.3095888998359	0.330208333333333
21.3263443999458	0.330208333333333
21.3430927000009	0.330208333333333
21.3599231999833	0.330208333333333
21.376405299874	0.330208333333333
21.3937683999538	0.330208333333333
21.4100366998464	0.330208333333333
21.4263745998032	0.330208333333333
21.4432782998774	0.330208333333333
21.459796999814	0.330208333333333
21.4764215999749	0.330208333333333
21.4933840997983	0.330208333333333
21.5098535998259	0.330208333333333
21.52639429993	0.330208333333333
21.5432662998792	0.330208333333333
21.5597934999969	0.330208333333333
21.5766684999689	0.330208333333333
21.5930039999075	0.330208333333333
21.6097405999899	0.330208333333333
21.6262741999235	0.330208333333333
21.6429935998749	0.330208333333333
21.659578199964	0.330208333333333
21.6764825999271	0.330208333333333
21.6926333999727	0.330208333333333
21.7094578999095	0.330208333333333
21.7259716999251	0.330208333333333
21.7432116998825	0.330208333333333
21.7598124998622	0.330208333333333
21.7765502999537	0.330208333333333
21.7931199998129	0.330208333333333
21.8094607999083	0.330208333333333
21.8261574998032	0.330208333333333
21.84297589981	0.330208333333333
21.8595661998261	0.330208333333333
21.8759394998197	0.330208333333333
21.8928628999274	0.330208333333333
21.9092408998404	0.330208333333333
21.9263458999339	0.330208333333333
21.9434701998252	0.330208333333333
21.9594445999246	0.330208333333333
21.9765225998126	0.330208333333333
21.9932692998555	0.330208333333333
22.0094430998433	0.330208333333333
22.0265004998073	0.330208333333333
22.043200999964	0.330208333333333
22.0596846998669	0.330208333333333
22.0763067998923	0.330208333333333
22.0936129000038	0.330208333333333
22.1097809998319	0.330208333333333
22.1281549998093	0.330208333333333
22.1429108998273	0.330208333333333
22.1594014000148	0.330208333333333
22.1768501999322	0.330208333333333
22.1932935998775	0.330208333333333
22.2099477997981	0.330208333333333
22.2264313998166	0.330208333333333
22.2435777999926	0.330208333333333
22.2599972998723	0.330208333333333
22.276458799839	0.330208333333333
22.2934504998848	0.330208333333333
22.3094214999583	0.330208333333333
22.3263855997939	0.330208333333333
22.343158399919	0.330208333333333
22.359621200012	0.330208333333333
22.3763507998083	0.330208333333333
22.3931324000005	0.330208333333333
22.4097374998964	0.330208333333333
22.426633299794	0.330208333333333
22.4433179998305	0.330208333333333
22.4596029999666	0.330208333333333
22.4764066999778	0.330208333333333
22.4931336999871	0.330208333333333
22.5094509997871	0.330208333333333
22.526448099874	0.330208333333333
22.5431369999424	0.330208333333333
22.5596830998547	0.330208333333333
22.5763877998106	0.330208333333333
22.5930184000172	0.330208333333333
22.6093005000148	0.330208333333333
22.6258004999254	0.330208333333333
22.6429984997958	0.330208333333333
22.6593821998686	0.330208333333333
22.6764612998813	0.330208333333333
22.6926005999558	0.330208333333333
22.7094968999736	0.330208333333333
22.726409399882	0.330208333333333
22.7433138999622	0.330208333333333
22.7600139998831	0.330208333333333
22.7763000999112	0.330208333333333
22.7933418999892	0.330208333333333
22.8097698998172	0.330208333333333
22.8263941998594	0.330208333333333
22.843196899863	0.330208333333333
22.8595838998444	0.330208333333333
22.8759540999308	0.330208333333333
22.8925871998072	0.330208333333333
22.9097785998601	0.330208333333333
22.9259501998313	0.330208333333333
22.9435024999548	0.330208333333333
22.9599407999776	0.330208333333333
22.9765104998369	0.330208333333333
22.9946218999103	0.330208333333333
23.0096663997974	0.330208333333333
23.0265889998991	0.330208333333333
23.0432926998474	0.330208333333333
23.0595795998815	0.330208333333333
23.0764808999375	0.330208333333333
23.0930292999838	0.330208333333333
23.1096632999834	0.330208333333333
23.1265217999462	0.330208333333333
23.1428705998696	0.330208333333333
23.159849899821	0.330208333333333
23.1764281999785	0.3375
23.1926140999421	0.3375
23.2095448998734	0.3375
23.2263075998053	0.3375
23.2429516999982	0.3375
23.2596136999782	0.3375
23.2763785999268	0.3375
23.2931552999653	0.3375
23.3095817998983	0.3375
23.3265244998038	0.3375
23.3430287998635	0.3375
23.3597597999033	0.3375
23.3761665998027	0.3375
23.3927001999691	0.3375
23.4096820999403	0.3375
23.4260372999124	0.3375
23.4431787999347	0.3375
23.4597250998486	0.3375
23.4760441998951	0.3375
23.4931069000158	0.3375
23.5097169999499	0.3375
23.5259971998166	0.3375
23.5437045998406	0.3375
23.559948900016	0.3375
23.5764172999188	0.3375
23.5927684998605	0.3375
23.6094457998406	0.3375
23.6257569999434	0.3375
23.6430333999451	0.3375
23.6596168999095	0.3375
23.6762393999379	0.3375
23.6930432999507	0.3375
23.7098138998263	0.3375
23.7261010999791	0.3375
23.7432976998389	0.3375
23.759956299793	0.3375
23.7761670998298	0.3375
23.7932003999595	0.3375
23.8097182000056	0.3375
23.8259447999299	0.3375
23.8427089999896	0.3375
23.8599500998389	0.3375
23.8762145999353	0.3375
23.8930206999648	0.3375
23.9096990998369	0.3375
23.9261229999829	0.3375
23.9429424998816	0.3375
23.9593485000078	0.3375
23.9761743999552	0.3375
23.9930594000034	0.3375
24.0097546000034	0.3375
24.0264705999289	0.3375
24.0433185999282	0.3375
24.0596580998972	0.3375
24.0759666999802	0.3375
24.0927795998286	0.3375
24.1095516998321	0.3375
24.1261250998359	0.3375
24.1430984998588	0.3375
24.1599524999037	0.3375
24.1762970997952	0.3375
24.1930714999326	0.3375
24.2094858998898	0.3375
24.2260871999897	0.3375
24.2430498998147	0.3375
24.2603282998316	0.3375
24.2759523999412	0.3375
24.2928922998253	0.3375
24.3099413998425	0.3375
24.3261183998547	0.3375
24.3428137998562	0.3375
24.3599046999589	0.3375
24.3763412998524	0.3375
24.3927044000011	0.3375
24.4097747998312	0.3375
24.4261451999191	0.3375
24.4430432999507	0.3375
24.4598623998463	0.3375
24.4757659998722	0.3375
24.4930598998908	0.3375
24.5097076999955	0.3375
24.526439299807	0.3375
24.5430335998535	0.3375
24.5598472999409	0.3375
24.5760561998468	0.3375
24.592777099926	0.3375
24.6096991999075	0.3375
24.6262565997895	0.3375
24.6431018000003	0.3375
24.6598517999519	0.3375
24.6765250000171	0.3375
24.6931317998096	0.3375
24.7095653999131	0.3375
24.7258377999533	0.3375
24.7430817999411	0.3375
24.7595976998564	0.3375
24.7759490997996	0.3375
24.7926670999732	0.3375
24.8096919998061	0.3375
24.8261732999235	0.3375
24.8430805997923	0.3375
24.8597927999217	0.3375
24.8763299998827	0.3375
24.892997100018	0.3375
24.909476300003	0.3375
24.9263394000009	0.3375
24.9430687997956	0.3375
24.9596737998072	0.3375
24.9761793999933	0.3375
24.992708500009	0.3375
25.0096775998827	0.3375
25.0259196998086	0.3375
25.0430792998523	0.3375
25.0592206998263	0.3375
25.0760807998013	0.3375
25.0926671999041	0.3375
25.1096395999193	0.3375
25.1261973998044	0.3375
25.1431429998484	0.3375
25.1594343998004	0.3375
25.1761395998765	0.3375
25.1930178999901	0.3375
25.2096131998114	0.3375
25.2261693999171	0.3375
25.2428272999823	0.3375
25.2596968999133	0.3375
25.2762628998607	0.3375
25.2930746998172	0.3375
25.309602699941	0.3375
25.3258860998321	0.3375
25.3432159000076	0.3375
25.35963789979	0.3375
25.376120199915	0.3375
25.3929800998885	0.3375
25.4094449998811	0.3375
25.4272205999587	0.3375
25.4433001999278	0.3375
25.4597744999919	0.3375
25.4763905999716	0.3375
25.4930167999119	0.3375
25.5097048999742	0.3375
25.5264122998342	0.3375
25.5431241998449	0.3375
25.5596586000174	0.3375
25.5764452998992	0.3375
25.5929628999438	0.3375
25.6099622999318	0.3375
25.6263347999193	0.3375
25.6430712000001	0.3375
25.6595433999319	0.3375
25.6763164999429	0.3375
25.6927808998153	0.3375
25.7096040998586	0.3375
25.7258069999516	0.3375
25.7431634999812	0.3375
25.7597012999468	0.3375
25.7763340999372	0.3375
25.7926223999821	0.3375
25.8096535999794	0.3375
25.826416199794	0.3375
25.8430994998198	0.3375
25.8592856000178	0.3375
25.8767124000005	0.3375
25.8928938999306	0.3375
25.909505299991	0.3375
25.9263206999749	0.3375
25.942987699993	0.3375
25.9595277998596	0.3375
25.9763253999408	0.3375
25.9929279999342	0.3375
26.0097511999775	0.3375
26.0263848998584	0.3375
26.0430538000073	0.3375
26.059569099918	0.3375
26.076060899999	0.3375
26.0930767999962	0.3375
26.1095313997939	0.3375
26.1261179000139	0.3375
26.1428010999225	0.3375
26.1597789998632	0.3375
26.1762128998525	0.3375
26.1926217	0.3375
26.2095323000103	0.3375
26.2263094999362	0.3375
26.2431309998501	0.3375
26.2593568998855	0.3375
26.2762733998243	0.3375
26.293181899935	0.3375
26.3096966999583	0.3375
26.3260059999302	0.3375
26.3429533999879	0.3375
26.3596402998082	0.3375
26.3762891998049	0.3375
26.3971716999076	0.3375
26.4094522998203	0.3375
26.4263033999596	0.3375
26.4431074999738	0.3375
26.4595368998125	0.3375
26.4764220998622	0.3375
26.4929741998203	0.3375
26.509598699864	0.3375
26.5262033999898	0.3375
26.5429622000083	0.3375
26.5595607999712	0.3375
26.5767327998765	0.3375
26.5930099999532	0.3375
26.6095584998839	0.3375
26.6256691999733	0.3375
26.642767299898	0.3375
26.6595256999135	0.3375
26.6763400998898	0.3375
26.6927548998501	0.3375
26.7090398999862	0.3375
26.726143399952	0.3375
26.7433073997963	0.3375
26.759575399803	0.3375
26.7759010998998	0.3375
26.792929999996	0.3375
26.8096763999201	0.3375
26.826153999893	0.3375
26.8429876998998	0.3375
26.8593741999939	0.3375
26.8757321999874	0.3375
26.8931557999458	0.3375
26.9094712999649	0.3375
26.9265128998086	0.3375
26.94292699988	0.3375
26.959420299856	0.3375
26.9764715998899	0.3375
26.9929646998644	0.3375
27.0096586998552	0.3375
27.0263163999189	0.3375
27.0428741998039	0.3375
27.0594361999538	0.3375
27.0763077999	0.3375
27.0925665998366	0.3375
27.1092550000176	0.3375
27.1259870999493	0.3375
27.1428988999687	0.3375
27.1594404999632	0.3375
27.1766667999327	0.3375
27.1924896999262	0.3375
27.2094166998286	0.3375
27.2259739998262	0.3375
27.2429393997882	0.3375
27.2595041999593	0.3375
27.2762262998149	0.3375
27.2928906998131	0.3375
27.3094239998609	0.3375
27.3262531999499	0.3375
27.3429333998356	0.3375
27.3594066998921	0.3375
27.3761886998545	0.3375
27.3927150999662	0.3375
27.4090185000096	0.3375
27.426061199978	0.3375
27.4427294998895	0.3375
27.4594459999353	0.3375
27.4755888998043	0.3375
27.4924014999997	0.3375
27.5091365999542	0.3375
27.5264867998194	0.3375
27.5429419998545	0.3375
27.5591244997922	0.3375
27.5762598000001	0.3375
27.5924984000158	0.3375
27.6092050999869	0.3375
27.6259732998442	0.3375
27.6428907997906	0.3375
27.6592404998373	0.3375
27.6761229999829	0.3375
27.6930764999706	0.3375
27.7093326998875	0.3375
27.7264513999689	0.3375
27.7429311999585	0.3375
27.759784599999	0.3375
27.7763848998584	0.3375
27.7925475998782	0.3375
27.8092453000136	0.3375
27.8259000999387	0.3375
27.8427795998286	0.3375
27.8592167999595	0.3375
27.8760859998874	0.3375
27.8928246998694	0.3375
27.9094976999331	0.3375
27.9263203998562	0.3375
27.9431176998187	0.3375
27.9597308000084	0.3375
27.9762126000132	0.3375
27.9927169999573	0.3375
28.0094603998587	0.3375
28.0263103998732	0.3375
28.0425928998739	0.3375
28.0593526000157	0.3375
28.0762958999258	0.3375
28.0928412999492	0.3375
28.1093299000058	0.3375
28.1266625998542	0.3375
28.1430156999268	0.3375
28.1596426998731	0.3375
28.1761958999559	0.3375
28.1925520999357	0.3375
28.2094752998091	0.3375
28.225907899905	0.3375
28.2431567998137	0.3375
28.2596849999391	0.3375
28.2761683999561	0.3375
28.2930191999767	0.3375
28.309360699961	0.3375
28.3263656999916	0.3375
28.3428138999734	0.3375
28.3594816999976	0.3375
28.3765954999253	0.3375
28.3925774998497	0.3375
28.4094608998857	0.3375
28.4263197998516	0.3375
28.4428769999649	0.3375
28.4593972999137	0.3375
28.4761498998851	0.3375
28.4925368998665	0.3375
28.5092527999077	0.3375
28.5259101998527	0.3375
28.5430984999985	0.3375
28.5592735998798	0.3375
28.5762526998296	0.3375
28.5925441998988	0.3375
28.6094325999729	0.3375
28.6262572999112	0.3375
28.6433464998845	0.3375
28.6594638999086	0.3375
28.676427999977	0.3375
28.6928750998341	0.3375
28.7093243999407	0.3375
28.7262966998387	0.3375
28.74284359999	0.3375
28.7595578997862	0.3375
28.7763327998109	0.3375
28.7924492999446	0.3375
28.8091722999234	0.3375
28.8265413998161	0.3375
28.8427643999457	0.3375
28.8596783999819	0.3375
28.8763021999039	0.3375
28.8930011999328	0.3375
28.9094500998035	0.3375
28.926306999987	0.3375
28.9424308999442	0.3375
28.9593719998375	0.3375
28.9758992998395	0.3375
28.9926926000044	0.3375
29.0094090998173	0.3375
29.025827499805	0.3375
29.0425046000164	0.3375
29.0594663999509	0.3375
29.0763632999733	0.3375
29.0927029999439	0.3375
29.1094552997965	0.3375
29.1263315000106	0.3375
29.1430745997932	0.3375
29.1594144999981	0.3375
29.1762941998895	0.3375
29.19335639989	0.3375
29.2094529999886	0.3375
29.2263740999624	0.3375
29.2427569997963	0.3375
29.2592992999125	0.3375
29.2763296999037	0.3375
29.2933819999453	0.3375
29.3094186999369	0.3375
29.3262736999895	0.3375
29.3431463998277	0.3375
29.3595257999841	0.3375
29.3765068999492	0.3375
29.3926021999214	0.3375
29.4095340999775	0.3375
29.4260575999506	0.3375
29.4424816998653	0.3375
29.4593644000124	0.3375
29.4761027998757	0.3375
29.4925270997919	0.3375
29.5093360999599	0.3375
29.5261402998585	0.3375
29.5429465998895	0.3375
29.5595469998661	0.3375
29.5759295998141	0.3375
29.5925417998806	0.3375
29.6097450999077	0.3375
29.6262210998684	0.3375
29.6427666000091	0.3375
29.6592927998863	0.3375
29.6762581998482	0.3375
29.6925905998796	0.3375
29.7093459998723	0.3375
29.7264815999661	0.3375
29.7430922999047	0.3375
29.7596213999204	0.3375
29.7763110999949	0.3375
29.7922499999404	0.3375
29.8094169998076	0.3375
29.8262482997961	0.3375
29.8435755998362	0.3375
29.8597146999091	0.3375
29.8760349999648	0.3375
29.8922539998312	0.3375
29.9093721997924	0.3375
29.9262721999548	0.3375
29.9427785999142	0.3375
29.9593972999137	0.3375
29.97648079996	0.3375
29.9927632999606	0.3375
30.0094555998221	0.3375
30.0265363999642	0.3375
30.0429328999016	0.3375
30.0593067000154	0.3375
30.0761323999614	0.3375
30.0928493998945	0.3375
30.1093253998552	0.3375
30.1261137998663	0.3375
30.1425352999941	0.3375
30.1593210999854	0.3375
30.1762010999955	0.3375
30.1931072999723	0.3375
30.2093311999924	0.3375
30.2260902998969	0.3375
30.242390899919	0.3375
30.2595292998012	0.3375
30.2763007998001	0.3375
30.2927865998354	0.3375
30.3092481999192	0.3375
30.3261415997986	0.3375
30.3422540000174	0.3375
30.3592852998991	0.3375
30.3755779999774	0.3375
30.3924268998671	0.3375
30.40933389985	0.3375
30.4262972997967	0.3375
30.443086899817	0.3375
30.459385199938	0.3375
30.4763507000171	0.3375
30.4930048999377	0.3375
30.5094075999223	0.3375
30.5258770999499	0.3375
30.5427901998628	0.3375
30.5593291998375	0.3375
30.5760796999093	0.3375
30.5928720999509	0.3375
30.609366199933	0.3375
30.6259192000143	0.3375
30.6428255999926	0.3375
30.6593880997971	0.3375
30.6760726999491	0.3375
30.6925406998489	0.3375
30.70940159983	0.3375
30.7262560999952	0.3375
30.7429678000044	0.3375
30.759419699898	0.3375
30.7762128999457	0.3375
30.7923293998465	0.3375
30.8092904998921	0.3375
30.8263101999182	0.3375
30.8429705000017	0.3375
30.8593496999238	0.3375
30.8759765999857	0.3375
30.8924640999176	0.3375
30.9094106999692	0.3375
30.9261818998493	0.3375
30.9427568998653	0.3375
30.9589110999368	0.3375
30.9755459998269	0.3375
30.9925462999381	0.3375
31.0089680999517	0.3375
31.0257818999235	0.3375
31.0427119999658	0.3375
31.0594052998349	0.3375
31.0765683997888	0.3375
31.0925590000115	0.3375
31.1092179999687	0.3375
31.1260882997885	0.3375
31.1425201999955	0.3375
31.1594463998917	0.3375
31.1762421999592	0.3375
31.1924997998867	0.3375
31.2088699999731	0.3375
31.226202899823	0.3375
31.2428019999061	0.3375
31.2595783998258	0.3375
31.276208399795	0.3375
31.2923049998935	0.3375
31.3090603000019	0.3375
31.3261801998597	0.3375
31.3429679998662	0.3375
31.3593782999087	0.3375
31.3759757999796	0.3375
31.392751300009	0.3375
31.409791499842	0.3375
31.4262251998298	0.3375
31.4431245999876	0.3375
31.4597316998988	0.3375
31.4759636998642	0.3375
31.4928274999838	0.3375
31.5092773998622	0.3375
31.5260331998579	0.3375
31.5425485000014	0.3375
31.55939199985	0.3375
31.5762265999801	0.3375
31.5927780999336	0.3375
31.6093499998096	0.3375
31.6258328999393	0.3375
31.6429585998412	0.3375
31.6593641999643	0.3375
31.6763483998366	0.3375
31.6926496999804	0.3375
31.7092671999708	0.3375
31.7263749998529	0.3375
31.7429291999433	0.3375
31.7589543999638	0.3375
31.775950799929	0.3375
31.7927760998718	0.3375
31.8090581998695	0.3375
31.8263830998912	0.3375
31.8426832999103	0.3375
31.8592152998317	0.3375
31.8764148999471	0.3375
31.8925132998265	0.3375
31.909304499859	0.3375
31.925922999857	0.3375
31.9427449000068	0.3375
31.959414599929	0.3375
31.9760088999756	0.3375
31.9923790998291	0.3375
32.0089480997995	0.3375
32.0262871999294	0.3375
32.0427126998547	0.3375
32.0590489997994	0.3375
32.0762276998721	0.3375
32.0924240997992	0.3375
32.1090063999873	0.3375
32.1261779000051	0.3375
32.1424876998644	0.3375
32.159010599833	0.3375
32.175773399882	0.3375
32.1925970998127	0.3375
32.2092537998687	0.3375
32.2262440999039	0.3375
32.242865699809	0.3375
32.2593518998474	0.3375
32.2762396999169	0.3375
32.2927087999415	0.3375
32.3092504998203	0.3375
32.3264785998035	0.3375
32.3438002998009	0.3375
32.3595779999159	0.3375
32.3764901999384	0.3375
32.3927528997883	0.3375
32.4092592999805	0.3375
32.4258932999801	0.3375
32.4427379998378	0.3375
32.4592110998929	0.3375
32.4757604999468	0.3375
32.4928107999731	0.3375
32.5098216999322	0.3375
32.5262607999612	0.3375
32.542750199791	0.3375
32.5594052998349	0.3375
32.5760742998682	0.3375
32.5925482998136	0.3375
32.6093140998855	0.3375
32.626308699837	0.3375
32.6427027999889	0.3375
32.6591266000178	0.3375
32.6759206999559	0.3375
32.6925707999617	0.3375
32.7092253998853	0.3375
32.7260611997917	0.3375
32.7426928998902	0.3375
32.759660899872	0.3375
32.7762571999338	0.3375
32.7929664999247	0.3375
32.8093866999261	0.3375
32.8258948000148	0.3375
32.8427412998863	0.3375
32.858903599903	0.3375
32.8757748999633	0.3375
32.8929508000147	0.3375
32.9089963999577	0.3375
32.9261181999464	0.3375
32.9428126998246	0.3375
32.9591301998589	0.3375
32.9763858998194	0.3375
32.9927723999135	0.3375
33.0092576998286	0.3375
33.02608589991	0.3375
33.0428893999197	0.3375
33.0589272999205	0.3375
33.0759049998596	0.3375
33.0924345999956	0.3375
33.1089286999777	0.3375
33.1259474998806	0.3375
33.1427674998995	0.3375
33.1588716998231	0.3375
33.1760299999733	0.3375
33.1925581998657	0.3375
33.2091900999658	0.3375
33.2266039999668	0.3375
33.2428899998777	0.3375
33.2592432999518	0.3375
33.2762717998121	0.3375
33.2930130998138	0.3375
33.3089575998019	0.3375
33.3262236998416	0.3375
33.3424009999726	0.3375
33.3589033000171	0.3375
33.3757675997913	0.3375
33.3923535998911	0.3375
33.4091856998857	0.3375
33.4258934999816	0.3375
33.443068199791	0.3375
33.4592445997987	0.3375
33.4760411998723	0.3375
33.4928619000129	0.3375
33.5089298998937	0.3375
33.5264332999941	0.3375
33.542703300016	0.3375
33.5588920000009	0.3375
33.5761092999019	0.3375
33.5923348998185	0.3375
33.6088022999465	0.3375
33.626071699895	0.3375
33.642763499869	0.3375
33.6590885999613	0.3375
33.676097399788	0.3375
33.6928123999387	0.3375
33.7088945999276	0.3375
33.7258739999961	0.3375
33.7427900999319	0.3375
33.7596559999511	0.3375
33.7760718998034	0.3375
33.7924764999188	0.3375
33.8092939998023	0.3375
33.826108600013	0.3375
33.8428019999992	0.3375
33.8593923000153	0.3375
33.8762644999661	0.3375
33.892411599867	0.3375
33.9089357999619	0.3375
33.925739399856	0.3375
33.9426892998163	0.3375
33.9591526999138	0.3375
33.976380399894	0.3375
33.9927373998798	0.3375
34.009313999908	0.3375
34.0259191999212	0.3375
34.0427442998625	0.3375
34.0591180999763	0.3375
34.0757865998894	0.3375
34.0931122999173	0.3375
34.1088277997915	0.3375
34.1260542999953	0.3375
34.1427541999146	0.3375
34.1592762998771	0.3375
34.1757462997921	0.3375
34.1926453998312	0.3375
34.2092600998003	0.3375
34.2257979998831	0.3375
34.242570299888	0.3375
34.259208599804	0.3375
34.2760938999709	0.3375
34.2928806999698	0.3375
34.3092208998278	0.3375
34.32600859995	0.3375
34.3425197999459	0.3375
34.3594547999091	0.3375
34.3761183999013	0.3375
34.392756999936	0.3375
34.4088892999571	0.3375
34.4261142998002	0.3375
34.4423561999574	0.3375
34.4592990998644	0.3375
34.4757897998206	0.3375
34.4929388000164	0.3375
34.5092613999732	0.3375
34.5261224999558	0.3375
34.5428262997884	0.3375
34.5593763999641	0.3375
34.5760286999866	0.3375
34.5926676997915	0.3375
34.6093105999753	0.3375
34.6260214999784	0.3375
34.6425065000076	0.3375
34.6592259998433	0.3375
34.6760642998852	0.3375
34.6922421997879	0.3375
34.7091002999805	0.3375
34.7259796999861	0.3375
34.7427105999086	0.3375
34.7594492000062	0.3375
34.7762101998087	0.3375
34.7924030998256	0.3375
34.8091604998335	0.3375
34.8261076998897	0.3375
34.842502999818	0.3375
34.8591395998374	0.3375
34.8759975999128	0.3375
34.8927493998781	0.3375
34.9092031999025	0.3375
34.9260288998485	0.3375
34.942501100013	0.3375
34.9589014998637	0.3375
34.9758893998805	0.3375
34.992536299862	0.3375
35.0092647999991	0.3375
35.0258929999545	0.3375
35.0425489998888	0.3375
35.0593160998542	0.3375
35.075956299901	0.3375
35.0927372998558	0.3375
35.1092115999199	0.3375
35.125671699876	0.3375
35.1427090999205	0.3375
35.1592154998798	0.3375
35.1761640999466	0.3375
35.1926409997977	0.3375
35.209124899935	0.3375
35.2257904999424	0.3375
35.2428413999733	0.3375
35.2593171999324	0.3375
35.2759435998742	0.3375
35.2926806998439	0.3375
35.3092251999769	0.3375
35.3260440998711	0.3375
35.3424310998525	0.3375
35.3592291998211	0.3375
35.3760563000105	0.3375
35.3925308999605	0.3375
35.4093233000021	0.3375
35.4260054999031	0.3375
35.442526599858	0.3375
35.4592219998594	0.3375
35.4760984999593	0.3375
35.4925011999439	0.3375
35.5091853998601	0.3375
35.5261725999881	0.3375
35.5422809999436	0.3375
35.5590239998419	0.3375
35.5762943997979	0.3375
35.5928730999585	0.3375
35.6092173999641	0.3375
35.6261507999152	0.3375
35.6423872997984	0.3375
35.659242299851	0.3375
35.6757829999551	0.3375
35.6925738998689	0.3375
35.7092972998507	0.3375
35.7257659998722	0.3375
35.742598899873	0.3375
35.7593911997974	0.3375
35.7760852999054	0.3375
35.792902499903	0.3375
35.8091827998869	0.3375
35.8261660998687	0.3375
35.8425036999397	0.3375
35.8588281997945	0.3375
35.8759440998547	0.3375
35.8923376000021	0.3375
35.9091961998492	0.3375
35.925976799801	0.3375
35.9421753999777	0.3375
35.959275299916	0.3375
35.9760034999344	0.3375
35.9928201998118	0.3375
36.0089211999439	0.3375
36.0256321998313	0.3375
36.0422100999858	0.3375
36.0589401000179	0.3375
36.0758666999172	0.3375
36.0926951000001	0.3375
36.1090666998643	0.3375
36.1255518000107	0.3375
36.1425435999408	0.3375
36.1591997998767	0.3375
36.1759573000018	0.3375
36.1922928998247	0.3375
36.2089651999995	0.3375
36.2256302998867	0.3375
36.242710699793	0.3375
36.2596108999569	0.3375
36.2757300999947	0.3375
36.2923412998207	0.3375
36.3090273998678	0.3375
36.3256800998934	0.3375
36.3422455999535	0.3375
36.3593369999435	0.3375
36.3759961999021	0.3375
36.3927309999708	0.3375
36.4091958999634	0.3375
36.4260050999001	0.3375
36.442587699974	0.3375
36.4592089999933	0.3375
36.47570979991	0.3375
36.4928762000054	0.3375
36.5092266998254	0.3375
36.5257254999597	0.3375
36.5425613999832	0.3375
36.5591498999856	0.3375
36.5756613998674	0.3375
36.5922876999248	0.3375
36.6092818998732	0.3375
36.6260179998353	0.3375
36.642975699855	0.3375
36.6592346997932	0.3375
36.6756459998433	0.3375
36.6922979999799	0.3375
36.709177199984	0.3375
36.7261351000052	0.3375
36.7426808997989	0.3375
36.759438399924	0.3375
36.7758438999299	0.3375
36.7925702999346	0.3375
36.8090024997946	0.3375
36.8259607998189	0.3375
36.8424680000171	0.3375
36.8586757997982	0.3375
36.8760128999129	0.3375
36.8924329997972	0.3375
36.9092137999833	0.3375
36.9261618999299	0.3375
36.9425883998629	0.3375
36.9591308999807	0.3375
36.9763816997875	0.3375
36.9925224999897	0.3375
37.0092046000063	0.3375
37.0258823998738	0.3375
37.0422692999709	0.3375
37.0590089999605	0.3375
37.0758281999733	0.3375
37.0922638999764	0.3375
37.109271899797	0.3375
37.1261069998145	0.3375
37.1423603999428	0.3375
37.1591912999284	0.3375
37.1755415999796	0.3375
37.1923807999119	0.3375
37.2093232998159	0.3375
37.2257876999211	0.3375
37.2426485000178	0.3375
37.2591910997871	0.3375
37.2760135999415	0.3375
37.292473499896	0.3375
37.3088816998061	0.3375
37.3256761999801	0.3375
37.3422756998334	0.3375
37.3592301998287	0.3375
37.3759261998348	0.3375
37.3926427999977	0.3375
37.4091791999526	0.3375
37.4262993999291	0.3375
37.4425545998383	0.3375
37.4589670998976	0.3375
37.4759180999827	0.3375
37.4926551999524	0.3375
37.5091128000058	0.3375
37.5259569999762	0.3375
37.5425691998098	0.3375
37.558837799821	0.3375
37.5757138999179	0.3375
37.5926200998947	0.3375
37.6091651997995	0.3375
37.6259853998199	0.3375
37.6424983998295	0.3375
37.658637000015	0.3375
37.6759203998372	0.3375
37.6926177998539	0.3375
37.7090543999802	0.3375
37.7258666998241	0.3375
37.7424363999162	0.3375
37.759223499801	0.3375
37.775661499938	0.3375
37.7923611998558	0.3375
37.8090751999989	0.3375
37.8254956000019	0.3375
37.8429191999603	0.3375
37.8592113999184	0.3375
37.8759410998318	0.3375
37.8928913997952	0.3375
37.908962499816	0.3375
37.9260982999112	0.3375
37.942372799851	0.3375
37.9591075999197	0.3375
37.9757791999727	0.3375
37.9925094998907	0.3375
38.0091897000093	0.3375
38.0256993998773	0.3375
38.0425936998799	0.3375
38.0593158998527	0.3375
38.0760640997905	0.3375
38.0925635998137	0.3375
38.1088762998115	0.3375
38.1259658997878	0.3375
38.1424347998109	0.3375
38.1591583997943	0.3375
38.1759763997979	0.3375
38.192438099999	0.3375
38.2094265997875	0.3375
38.2261676997878	0.3375
38.2426510998048	0.3375
38.2590979998931	0.3375
38.275916500017	0.3375
38.2922749000136	0.3375
38.3088014000095	0.3375
38.3257033999544	0.3375
38.3425151999108	0.3375
38.3593421999831	0.3375
38.3762116997968	0.3375
38.3924522998277	0.3375
38.4092052998021	0.3375
38.4259808999486	0.3375
38.4424660999794	0.3375
38.458858900005	0.3375
38.4760462997947	0.3375
38.4925509998575	0.3375
38.5087694998365	0.3375
38.525459199911	0.3375
38.5421914998442	0.3375
38.5593814998865	0.3375
38.5759068999905	0.3375
38.5926353998948	0.3375
38.6091153998859	0.3375
38.6258127999026	0.3375
38.6424627997912	0.3375
38.6589827998541	0.3375
38.6761854998767	0.3375
38.6925156998914	0.3375
38.7089120999444	0.3375
38.7257344999816	0.3375
38.7421943999361	0.3375
38.75938459998	0.3375
38.7758731998038	0.3375
38.7924807998352	0.3375
38.8093226999044	0.3375
38.8255931998137	0.3375
38.8424916998483	0.3375
38.8589095999487	0.3375
38.8760640998371	0.3375
38.8926259998698	0.3375
38.9091705998871	0.3375
38.9259925999213	0.3375
38.9424008999486	0.3375
38.9591839998029	0.3375
38.9752534998115	0.3375
38.9921668998431	0.3375
39.0088931999635	0.3375
39.02579279989	0.3375
39.042371599935	0.3375
39.0590571998619	0.3375
39.0756933998782	0.3375
39.0924664000049	0.3375
39.108972299844	0.3375
39.1257203000132	0.3375
39.1423799998593	0.3375
39.1591854998842	0.3375
39.1757262998726	0.3375
39.1930453998502	0.3375
39.2090208998416	0.3375
39.2257945998572	0.3375
39.2423735999037	0.3375
39.258878499968	0.3375
39.2759951998014	0.3375
39.2923963000067	0.3375
39.3088883999735	0.3375
39.3321781000122	0.3375
39.3426569998264	0.3375
39.3592453999445	0.3375
39.3757397998124	0.3375
39.3925282999408	0.3375
39.4087629998103	0.3375
39.4260095998179	0.3375
39.44246749999	0.3375
39.4592130999081	0.3375
39.4758809998166	0.3375
39.4920965998899	0.3375
39.509201799985	0.3375
39.5256478998344	0.3375
39.5421143998392	0.3375
39.5590454000048	0.3375
39.5757634998299	0.3375
39.5924614998512	0.3375
39.6087820997927	0.3375
39.6259201997891	0.3375
39.6423040998634	0.3375
39.6591326999478	0.3375
39.6759340998251	0.3375
39.6924220998771	0.3375
39.7089695998002	0.3375
39.7255694998894	0.3375
39.7420445999596	0.3375
39.7589749998879	0.3375
39.7758183998521	0.3375
39.7924392998684	0.3375
39.8089514998719	0.3375
39.8255082999822	0.3375
39.8428676999174	0.3375
39.859136799816	0.3375
39.8760152999312	0.3375
39.8925014999695	0.3375
39.908933499828	0.3375
39.9257524998393	0.3375
39.9420802998357	0.3375
39.9588246999774	0.3375
39.9755943999626	0.3375
39.9925462999381	0.3375
40.009044499835	0.3375
40.0257429999765	0.3375
40.0424424000084	0.3375
40.0590220999438	0.3375
40.075999799883	0.3375
40.0924025999848	0.3375
40.1091141998768	0.3375
40.1257793998811	0.3375
40.1423809998669	0.3375
40.1590116999578	0.3375
40.1756950998679	0.3375
40.1918789998163	0.3375
40.2087363000028	0.3375
40.2258052998222	0.3375
40.2424405999482	0.3375
40.2590714998078	0.3375
40.2760280999355	0.3375
40.2924285999034	0.3375
40.3092437000014	0.3375
40.3258354999125	0.3375
40.3419591998681	0.3375
40.359212399926	0.3375
40.3758597997949	0.3375
40.3924771000165	0.3375
40.4091537999921	0.3375
40.4258216999006	0.3375
40.4418927999213	0.3375
40.4590224998537	0.3375
40.4756211999338	0.3375
40.4924042997882	0.3375
40.508942599874	0.3375
40.5257599998731	0.3375
40.5421332998667	0.3375
40.559173699934	0.3375
40.5757832999807	0.3375
40.5921351998113	0.3375
40.608860099921	0.3375
40.6257990999147	0.3375
40.64190399996	0.3375
40.65956369997	0.3375
40.675822999794	0.3375
40.6924522998743	0.3375
40.7087834998965	0.3375
40.7260002999101	0.3375
40.7426235999446	0.3375
40.7592796999961	0.3375
40.7760444998275	0.3375
40.7918914000038	0.3375
40.8087689999957	0.3375
40.8258382999338	0.3375
40.8424140999559	0.3375
40.8592746998183	0.3375
40.87595529994	0.3375
40.8924636999145	0.3375
40.9089756999165	0.3375
40.9253071998246	0.3375
40.942332400009	0.3375
40.9587365998887	0.3375
40.975845299894	0.3375
40.9917972998228	0.3375
41.0087542999536	0.3375
41.0258428999223	0.3375
41.0421850997955	0.3375
41.0590894999914	0.3375
41.0756716998294	0.3375
41.0919256999623	0.3375
41.1091918998864	0.3375
41.1257466999814	0.3375
41.1419599999208	0.3375
41.1587814998347	0.3375
41.1757814998273	0.3375
41.1923823999241	0.3375
41.2087447999511	0.3375
41.2257043998688	0.3375
41.2422477998771	0.3375
41.2590989000164	0.3375
41.2756866000127	0.3375
41.2919477999676	0.3375
41.309023299953	0.3375
41.3257096998859	0.3375
41.3418201999739	0.3375
41.3590421997942	0.3375
41.3762517999858	0.3375
41.3920053998008	0.3375
41.408575499896	0.3375
41.4259724000003	0.3375
41.4419984999113	0.3375
41.4590367998462	0.3375
41.4758310997859	0.3375
41.4923775999341	0.3375
41.5090700997971	0.3375
41.5257988998201	0.3375
41.5424348998349	0.3375
41.5589928999543	0.3375
41.5757175998297	0.3375
41.5922671000008	0.3375
41.6087766999844	0.3375
41.6258727000095	0.3375
41.6423675999977	0.3375
41.658759099897	0.3375
41.6757566998713	0.3375
41.6924363998696	0.3375
41.7090892000124	0.3375
41.7252931999974	0.3375
41.7423489999492	0.3375
41.7591623999178	0.3375
41.7759465000127	0.3375
41.7923335998785	0.3375
41.8086285998579	0.3375
41.8257751998026	0.3375
41.8422230998985	0.3375
41.8591247999575	0.3375
41.8757127998397	0.3375
41.8924070999492	0.3375
41.9087111998815	0.3375
41.9257349998225	0.3375
41.9421160998754	0.3375
41.9591713999398	0.3375
41.9754642997868	0.3375
41.9923866000026	0.3375
42.0087172999047	0.3375
42.025835899869	0.3375
42.0421260998119	0.3375
42.0589672999922	0.3375
42.0757557000034	0.3375
42.0922180998605	0.3375
42.1089100998361	0.3375
42.1256330998149	0.3375
42.1418006999884	0.3375
42.1591420997865	0.3375
42.1756849999074	0.3375
42.1922463998199	0.3375
42.2090175999328	0.3375
42.2256721998565	0.3375
42.2420295998454	0.3375
42.2591120998841	0.3375
42.2755813999102	0.3375
42.2918975998182	0.3375
42.3085880998988	0.3375
42.3257908998057	0.3375
42.3418380999938	0.3375
42.35906659998	0.3375
42.375791199971	0.3375
42.3964050998911	0.3375
42.4087596000172	0.3375
42.4257650999352	0.3375
42.4422516999766	0.3375
42.4590072999708	0.3375
42.4759505998809	0.3375
42.4922272998374	0.3375
42.5090291998349	0.3375
42.5256374999881	0.3375
42.541961699957	0.3375
42.5591314998455	0.3375
42.5759196998551	0.3375
42.5918375998735	0.3375
42.6086702998728	0.3375
42.6258576998953	0.3375
42.6419580997899	0.3375
42.6588056997862	0.3375
42.6759591998998	0.3375
42.6919688999187	0.3375
42.7090352999512	0.3375
42.7258188999258	0.3375
42.7423283997923	0.3375
42.7590851997957	0.3375
42.7755149998702	0.3375
42.7918552998453	0.3375
42.8090042998083	0.3375
42.8258072999306	0.3375
42.8420867999084	0.3375
42.8588443999179	0.3375
42.8760180999525	0.3375
42.8919234999921	0.3375
42.9094442999922	0.3375
42.9261663998477	0.3375
42.942211000016	0.3375
42.9591068997979	0.3375
42.976085399976	0.354166666666667
42.9923766998108	0.354166666666667
43.0087477997877	0.354166666666667
43.0257582999766	0.354166666666667
43.0419023998547	0.354166666666667
43.0591412999202	0.346875
43.0755729998928	0.346875
43.091917200014	0.346875
43.1091084999498	0.346875
43.1260106998961	0.346875
43.1422794999089	0.346875
43.1591954999603	0.338541666666667
43.176087499829	0.338541666666667
43.1919836997986	0.330208333333333
43.2087025998626	0.330208333333333
43.2258057999425	0.330208333333333
43.242163799936	0.330208333333333
43.2587949999142	0.330208333333333
43.2759137998801	0.330208333333333
43.2922304999083	0.330208333333333
43.3087378998753	0.330208333333333
43.3254640998784	0.330208333333333
43.341924399836	0.330208333333333
43.3590838999953	0.330208333333333
43.3755044999998	0.330208333333333
43.3923292998224	0.330208333333333
43.4089885000139	0.330208333333333
43.4257855999749	0.330208333333333
43.442317900015	0.330208333333333
43.4591232999228	0.330208333333333
43.4755820999853	0.330208333333333
43.4919457999058	0.330208333333333
43.5087573998608	0.330208333333333
43.5258814999834	0.330208333333333
43.5422844998538	0.330208333333333
43.5591201998759	0.330208333333333
43.5756630999967	0.330208333333333
43.5924687997904	0.330208333333333
43.6085496998858	0.330208333333333
43.6257451998536	0.3375
43.6426302997861	0.3375
43.6585412998684	0.3375
43.6754273998085	0.345833333333333
43.6923763998784	0.354166666666667
43.7089366998989	0.354166666666667
43.7257621998433	0.363541666666667
43.7418320998549	0.372916666666667
43.759179599816	0.372916666666667
43.7757958997972	0.38125
43.7922237999737	0.390625
43.8089815999847	0.390625
43.8258652999066	0.4
43.8426636999939	0.4
43.8590836999938	0.4
43.8756956998259	0.4
43.892079899786	0.4
43.9089269998949	0.4
43.9256629999727	0.4
43.9421161999926	0.4
43.9588962998241	0.408333333333333
43.9756973998155	0.408333333333333
43.9967528998386	0.4
44.0083669999149	0.4
44.0250444998965	0.4
44.0422834998462	0.4
44.059061100008	0.4
44.0758192997891	0.4
44.0918091998901	0.4
44.1089627000038	0.4
44.1256504999474	0.4
44.1422897998709	0.4
44.1587209999561	0.4
44.1756510999985	0.4
44.1922118999064	0.4
44.2090325998142	0.4
44.2254143999889	0.4
44.241870299913	0.4
44.2589357998222	0.4
44.2758130999282	0.4
44.2918366999365	0.4
44.3090076998342	0.4
44.3254095998127	0.4
44.3425743000116	0.4
44.3589526999276	0.4
44.3758150998037	0.4
44.3921382999979	0.4
44.4089416000061	0.4
44.4253447998781	0.4
44.4422720000148	0.4
44.458937499905	0.382291666666667
44.47544069984	0.382291666666667
44.4925276997965	0.382291666666667
44.5088956998661	0.392708333333333
44.5257896999829	0.392708333333333
44.5421511000022	0.392708333333333
44.5587627999485	0.392708333333333
44.5756248999387	0.401041666666667
44.5919832999352	0.401041666666667
44.608721499797	0.401041666666667
44.6254064999521	0.401041666666667
44.6421513999812	0.401041666666667
44.6590596998576	0.401041666666667
44.675825299928	0.401041666666667
44.6922249998897	0.401041666666667
44.7087651998736	0.401041666666667
44.7255330998451	0.401041666666667
44.7425292998087	0.401041666666667
44.7588698999025	0.401041666666667
44.775658399798	0.401041666666667
44.7923012999818	0.401041666666667
44.8084993998054	0.401041666666667
44.8256861998234	0.409375
44.8422598999459	0.409375
44.8587793000042	0.409375
44.8755342999939	0.409375
44.8921375998762	0.402083333333333
44.9090473998804	0.402083333333333
44.9257420999929	0.402083333333333
44.942258299794	0.402083333333333
44.9590377998538	0.402083333333333
44.9755571999121	0.402083333333333
44.9920390998013	0.39375
45.0090076997876	0.39375
45.0256111999042	0.39375
45.0422764997929	0.39375
45.0592012999114	0.39375
45.0754139998462	0.39375
45.0922408998013	0.39375
45.1090863998979	0.39375
45.1255636999849	0.39375
45.1422762998845	0.39375
45.1587485999335	0.39375
45.175647799857	0.39375
45.1922015999444	0.39375
45.2087763999589	0.39375
45.2258128998801	0.385416666666667
45.2418331999797	0.385416666666667
45.2591653999407	0.385416666666667
45.2753705999348	0.385416666666667
45.2920157997869	0.385416666666667
45.3091964998748	0.385416666666667
45.3255011998117	0.385416666666667
45.3424387997948	0.385416666666667
45.3589337000158	0.385416666666667
45.3756205998361	0.385416666666667
45.3921417999081	0.385416666666667
45.4090448999777	0.385416666666667
45.4255203998182	0.385416666666667
45.4423932998907	0.392708333333333
45.4586833999492	0.392708333333333
45.4754612999968	0.392708333333333
45.4918591999449	0.392708333333333
45.5088748999406	0.392708333333333
45.5253045000136	0.392708333333333
45.5420122998767	0.392708333333333
45.5585935998242	0.392708333333333
45.5757668998558	0.392708333333333
45.5922885998152	0.392708333333333
45.6088076999877	0.392708333333333
45.6254422999918	0.392708333333333
45.6421312999446	0.392708333333333
45.6588946999982	0.392708333333333
45.6755792999174	0.392708333333333
45.6919505000114	0.392708333333333
45.7086515999399	0.392708333333333
45.7257679998875	0.392708333333333
45.7423603998031	0.392708333333333
45.7590305998456	0.392708333333333
45.7761222999543	0.401041666666667
45.7922396999784	0.401041666666667
45.8090944997966	0.409375
45.8257448999211	0.409375
45.842433199985	0.426041666666667
45.8589034997858	0.426041666666667
45.8753627999686	0.434375
45.8923856997862	0.434375
45.9085977999493	0.434375
45.925193300005	0.434375
45.9421543998178	0.434375
45.9586765000131	0.434375
45.9756513999309	0.434375
45.9921025999356	0.434375
46.0089887999929	0.434375
46.0253925998695	0.434375
46.0422749998979	0.434375
46.0588085998315	0.434375
46.0753171998076	0.434375
46.0921817999333	0.434375
46.1085398998111	0.434375
46.1259351999033	0.434375
46.1423091997858	0.434375
46.1589632998221	0.434375
46.1758781999815	0.434375
46.1919417998288	0.442708333333333
46.2090723000001	0.442708333333333
46.2254092998337	0.442708333333333
46.2422569999471	0.442708333333333
46.2591408998705	0.451041666666667
46.2753924999852	0.460416666666667
46.2922745000105	0.460416666666667
46.3090212999377	0.478125
46.3260419999715	0.478125
46.3418433999177	0.478125
46.3586753997952	0.478125
46.3755442998372	0.478125
46.391928399913	0.478125
46.4085897998884	0.478125
46.4257121998817	0.478125
46.4425666998141	0.495833333333333
46.458854699973	0.495833333333333
46.4756291999947	0.505208333333333
46.4920816000085	0.513541666666667
46.5088620998431	0.513541666666667
46.5256227999926	0.513541666666667
46.5425555999391	0.513541666666667
46.5588891999796	0.513541666666667
46.5756186998915	0.513541666666667
46.5921897999942	0.513541666666667
46.6086947999429	0.513541666666667
46.625821699854	0.513541666666667
46.6417976999655	0.513541666666667
46.65844499995	0.513541666666667
46.6757258998696	0.50625
46.6918969999533	0.50625
46.7089998999145	0.50625
46.7254523998126	0.50625
46.7426037997939	0.50625
46.7589980999473	0.50625
46.7758926998358	0.496875
46.792520100018	0.488541666666667
46.8085648999549	0.488541666666667
46.8258553999476	0.488541666666667
46.8418232998811	0.488541666666667
46.8586187998299	0.488541666666667
46.875506100012	0.488541666666667
46.8921852000058	0.488541666666667
46.9088297998533	0.488541666666667
46.9254125999287	0.488541666666667
46.9420618999284	0.488541666666667
46.9587838998996	0.488541666666667
46.9755898998119	0.488541666666667
46.9923303998075	0.488541666666667
47.0089675998315	0.480208333333333
47.0255729998462	0.480208333333333
47.0425924998708	0.480208333333333
47.0591285999399	0.470833333333333
47.0756384998094	0.470833333333333
47.0923254999798	0.470833333333333
47.1088317998219	0.470833333333333
47.1255851997994	0.470833333333333
47.1421672999859	0.470833333333333
47.1587985998485	0.470833333333333
47.1756001999602	0.470833333333333
47.1922098000068	0.470833333333333
47.2086028999183	0.470833333333333
47.2258748000022	0.461458333333333
47.2423467999324	0.461458333333333
47.258721599821	0.461458333333333
47.275444699917	0.461458333333333
47.2921946998686	0.461458333333333
47.3089844998904	0.461458333333333
47.3255074999761	0.453125
47.3422469999641	0.453125
47.3590320998337	0.453125
47.3758311998099	0.453125
47.3919324998278	0.453125
47.408651900012	0.453125
47.4254802998621	0.453125
47.4422953999601	0.461458333333333
47.4591357999016	0.461458333333333
47.4754119999707	0.461458333333333
47.492296999786	0.461458333333333
47.5088508999906	0.461458333333333
47.5256134998053	0.461458333333333
47.5421576998197	0.461458333333333
47.5587730999105	0.461458333333333
47.5755494998302	0.461458333333333
47.5918661998585	0.461458333333333
47.6084770997986	0.461458333333333
47.6256531998515	0.461458333333333
47.6420908998698	0.461458333333333
47.6587549999822	0.461458333333333
47.6756219998933	0.461458333333333
47.6924039998557	0.461458333333333
47.7086747998837	0.461458333333333
47.7255392000079	0.461458333333333
47.7422537999228	0.461458333333333
47.7590065998957	0.461458333333333
47.7754589999095	0.461458333333333
47.7915947998408	0.461458333333333
47.8086373999249	0.461458333333333
47.8251873999834	0.461458333333333
47.842150399927	0.461458333333333
47.8586154999211	0.461458333333333
47.8754099998623	0.461458333333333
47.8923825998791	0.461458333333333
47.9089901999105	0.461458333333333
47.9257235999685	0.454166666666667
47.9422235998791	0.454166666666667
47.9588982998393	0.454166666666667
47.9754796999041	0.454166666666667
47.99203019985	0.454166666666667
48.009129999904	0.454166666666667
48.0255668999162	0.454166666666667
48.0424298997968	0.4625
48.0587691999972	0.4625
48.0754954000004	0.4625
48.0924680000171	0.4625
48.108705499908	0.4625
48.1251155999489	0.4625
48.142101299949	0.4625
48.1586354998872	0.4625
48.1754758998286	0.4625
48.1920717998873	0.4625
48.208789399825	0.4625
48.2253862000071	0.455208333333333
48.2423262998927	0.455208333333333
48.258971999865	0.455208333333333
48.2755212998018	0.455208333333333
48.2919583998155	0.455208333333333
48.3087498999666	0.455208333333333
48.3254912998527	0.455208333333333
48.3420814999845	0.455208333333333
48.3586040998343	0.455208333333333
48.3757143998519	0.455208333333333
48.3921971998643	0.455208333333333
48.4083624999039	0.455208333333333
48.4253983998206	0.455208333333333
48.4422696998809	0.455208333333333
48.4586436999962	0.455208333333333
48.4754662998021	0.455208333333333
48.4919088999741	0.455208333333333
48.5087015999015	0.455208333333333
48.5254315999337	0.455208333333333
48.5417769998312	0.455208333333333
48.5591435998213	0.455208333333333
48.5753178999294	0.455208333333333
48.5918036999647	0.455208333333333
48.6086237998679	0.455208333333333
48.625451099826	0.455208333333333
48.6423888998106	0.455208333333333
48.6586845999118	0.455208333333333
48.6753308000043	0.455208333333333
48.6921550999396	0.455208333333333
48.7087788998615	0.455208333333333
48.7254462998826	0.455208333333333
48.7419817999471	0.455208333333333
48.758913199883	0.455208333333333
48.7755024998914	0.455208333333333
48.7915852998849	0.455208333333333
48.8089004999492	0.455208333333333
48.8254675997887	0.455208333333333
48.8418363998644	0.455208333333333
48.8586515998468	0.455208333333333
48.8756130998954	0.455208333333333
48.8921293998137	0.455208333333333
48.9087631998118	0.455208333333333
48.9261438997928	0.455208333333333
48.9416680999566	0.455208333333333
48.9588719999883	0.446875
48.9755231000017	0.446875
48.9924629998859	0.446875
49.0086693998892	0.446875
49.0249589998275	0.446875
49.0418922000099	0.4375
49.0584972999059	0.4375
49.075478799874	0.4375
49.09216869995	0.4375
49.109037599992	0.4375
49.1250467998907	0.4375
49.1418500998989	0.4375
49.158869399922	0.4375
49.1750982999802	0.4375
49.1921598999761	0.4375
49.208921100013	0.4375
49.2254805997945	0.4375
49.2421445997898	0.4375
49.2585358999204	0.4375
49.275494299829	0.428125
49.2922344999388	0.428125
49.3087572997902	0.428125
49.32523149997	0.428125
49.3415566999465	0.428125
49.3584788998123	0.428125
49.3754186998121	0.428125
49.3922548999544	0.428125
49.4086719998159	0.428125
49.4254479999654	0.428125
49.4420841999818	0.428125
49.4587532998994	0.428125
49.4753801999614	0.428125
49.4921591999009	0.428125
49.5086642999668	0.428125
49.5251550998073	0.428125
49.54203459993	0.428125
49.5586195997894	0.428125
49.5753022998106	0.428125
49.5926108998246	0.428125
49.6086455998011	0.428125
49.6255684997886	0.428125
49.6419310998172	0.428125
49.6585656998213	0.428125
49.6752450999338	0.428125
49.692059799796	0.428125
49.7086264998652	0.428125
49.7253771999385	0.428125
49.7422093998175	0.428125
49.7585140999872	0.428125
49.7752909997944	0.428125
49.7919943998568	0.428125
49.8086450998671	0.428125
49.8253513998352	0.428125
49.8424717998132	0.428125
49.858880699845	0.428125
49.8752516999375	0.428125
49.8922313000076	0.428125
49.9087418999989	0.428125
49.9251072998159	0.428125
49.9418116000015	0.428125
49.9588409999851	0.428125
49.9750114998315	0.428125
49.9918952998705	0.428125
50.0087762998883	0.428125
50.0253997999243	0.428125
50.0419641998596	0.428125
50.0588165000081	0.428125
50.0754022998735	0.428125
50.0922090997919	0.428125
50.1085173999891	0.428125
50.1250312000047	0.428125
50.1423784999643	0.428125
50.1584820998833	0.428125
50.1756152999587	0.428125
50.1918092998676	0.428125
50.2084280999843	0.428125
50.225031199865	0.428125
50.2419497999363	0.428125
50.2584555000067	0.428125
50.2752818998415	0.428125
50.292063199915	0.428125
50.3085827999748	0.428125
50.3253049999475	0.428125
50.3416364998557	0.428125
50.3588427999057	0.428125
50.3755063000135	0.428125
50.3922252999619	0.428125
50.4087608999107	0.428125
50.4252265999094	0.428125
50.4417117999401	0.428125
50.4587276999373	0.428125
50.4754660998005	0.428125
50.4921704998706	0.428125
50.5083680998068	0.428125
50.525009999983	0.428125
50.5415155999362	0.428125
50.5587364998646	0.428125
50.5748531999998	0.428125
50.5924074999057	0.428125
50.6085090998095	0.428125
50.624922499992	0.428125
50.6421640999615	0.428125
50.6586992999073	0.428125
50.6748609999195	0.428125
50.6918043999467	0.428125
50.7085037999786	0.428125
50.7250446998514	0.428125
50.7415182997938	0.428125
50.7588852997869	0.428125
50.7752212998457	0.428125
50.7920871998649	0.428125
50.8088642999064	0.428125
50.8249913000036	0.428125
50.8416764999274	0.428125
50.8585106998216	0.428125
50.8753841000143	0.428125
50.8921158998273	0.428125
50.9084826000035	0.428125
50.9247941998765	0.428125
50.9418165998068	0.428125
50.9585512999911	0.428125
50.9754729999695	0.428125
50.991821100004	0.428125
51.0087947999127	0.428125
51.024988199817	0.428125
51.0423866999336	0.428125
51.0585789999459	0.428125
51.0752591998316	0.428125
51.0921712999698	0.428125
51.1086178999394	0.428125
51.1248492999002	0.428125
51.1414369000122	0.428125
51.1589755997993	0.428125
51.1755475997925	0.428125
51.1916997998487	0.428125
51.2084319000132	0.428125
51.2251619999297	0.428125
51.2420438998379	0.428125
51.2586824998725	0.428125
51.2752884998918	0.428125
51.2921702999156	0.428125
51.3096056999639	0.428125
51.3253793998156	0.428125
51.3416139998008	0.428125
51.3586589999031	0.428125
51.375025899848	0.428125
51.3917468998116	0.428125
51.4087786998134	0.428125
51.425219199853	0.428125
51.4421333998907	0.428125
51.4587798998691	0.428125
51.4747571998741	0.428125
51.4923160998151	0.428125
51.5090497999918	0.428125
51.5251739998348	0.428125
51.5416090998333	0.428125
51.5584525999147	0.428125
51.5750221000053	0.428125
51.5918013998307	0.428125
51.6087421998382	0.428125
51.6248774998821	0.428125
51.6422978998162	0.428125
51.6585581998806	0.428125
51.6751079999376	0.428125
51.6922660998534	0.428125
51.7086574998684	0.428125
51.7250252999365	0.428125
51.7414442999288	0.428125
51.7588873999193	0.428125
51.7750901000109	0.428125
51.7921756999567	0.428125
51.8082795999944	0.428125
51.825118099805	0.428125
51.8417030998971	0.428125
51.858651699964	0.428125
51.8753841998987	0.428125
51.8918456998654	0.428125
51.9083418999799	0.428125
51.9247896999586	0.428125
51.9414381999522	0.428125
51.9584470998961	0.428125
51.9749809999485	0.428125
51.9920418998227	0.428125
52.0085475000087	0.428125
52.0260641998611	0.428125
52.04213419999	0.428125
52.0587813998573	0.428125
52.0747808997985	0.428125
52.0915089999326	0.428125
52.108122299891	0.428125
52.1250612000003	0.428125
52.1414242999163	0.428125
52.1583488998003	0.428125
52.1749195999	0.428125
52.1919988999143	0.428125
52.2082762999926	0.428125
52.2252887999639	0.428125
52.2415918000042	0.428125
52.2584942998365	0.428125
52.2756399998907	0.428125
52.2937928999308	0.428125
52.3084451998584	0.428125
52.3249326997902	0.428125
52.3414173999336	0.428125
52.3586637999397	0.428125
52.3754950999282	0.428125
52.3916962998919	0.428125
52.4084691000171	0.428125
52.4249458999839	0.428125
52.4420019998215	0.428125
52.4582942998968	0.428125
52.4749364999589	0.428125
52.4921383999754	0.428125
52.5086353998631	0.428125
52.5250946998131	0.428125
52.5417351999786	0.428125
52.5586325998884	0.428125
52.5752727999352	0.428125
52.592111799866	0.428125
52.6087233999278	0.428125
52.6253120999318	0.428125
52.6418925998732	0.428125
52.6587227999698	0.428125
52.6748833998572	0.428125
52.6918345999438	0.428125
52.7086174997967	0.428125
52.7251389999874	0.428125
52.741830999963	0.428125
52.7586023998447	0.428125
52.7752898000181	0.428125
52.792029599892	0.428125
52.8084671997931	0.428125
52.8252422998194	0.428125
52.8420440999325	0.428125
52.858541799942	0.428125
52.8753527998924	0.428125
52.8914210000075	0.428125
52.9082839998882	0.428125
52.9252624998335	0.428125
52.9418977999594	0.428125
52.9587401999161	0.428125
52.9753426997922	0.428125
52.9930128999986	0.428125
53.0085073998198	0.428125
53.025036299834	0.428125
53.0417880997993	0.428125
53.0585301998071	0.428125
53.0753613999113	0.428125
53.0919793997891	0.428125
53.1084991998505	0.428125
53.1252014997881	0.428125
53.1413992999587	0.428125
53.1584322999697	0.428125
53.1752712000161	0.428125
53.1917112998199	0.428125
53.2085138999391	0.428125
53.2251575998962	0.428125
53.2419828998391	0.428125
53.2584241998848	0.428125
53.2752737000119	0.428125
53.2919057998806	0.428125
53.308557999786	0.428125
53.3253142999019	0.428125
53.3418933998328	0.428125
53.3586030998267	0.428125
53.3751058999915	0.428125
53.3917665998451	0.428125
53.4083543999586	0.428125
53.425203199964	0.428125
53.4417184998747	0.428125
53.4582106999587	0.428125
53.4751716998871	0.428125
53.491897800006	0.428125
53.5082390999887	0.428125
53.525261499919	0.428125
53.5417289999314	0.428125
53.5583893998992	0.428125
53.5747263999656	0.428125
53.5917501999065	0.428125
53.6081815999933	0.428125
53.624985100003	0.428125
53.6421709000133	0.428125
53.6583787999116	0.428125
53.6753106999677	0.428125
53.6917308999691	0.428125
53.7084209998138	0.428125
53.7252634998877	0.428125
53.7415612998884	0.428125
53.7582177999429	0.428125
53.7753834999166	0.428125
53.7917131998111	0.428125
53.8084956000093	0.428125
53.8247648999095	0.428125
53.8419676998165	0.428125
53.8584904000163	0.428125
53.8752731999848	0.428125
53.8922609000001	0.428125
53.9099757999647	0.428125
53.9252986998763	0.428125
53.9415592998266	0.428125
53.9584833998233	0.428125
53.9752878998406	0.428125
53.9917583998758	0.428125
54.0085173998959	0.428125
54.0252162998077	0.428125
54.0418092999607	0.428125
54.0583426998928	0.428125
54.0749858999625	0.428125
54.092010299908	0.428125
54.1083011999726	0.428125
54.1252613000106	0.428125
54.1416094999295	0.428125
54.1584329998586	0.428125
54.1755158999003	0.428125
54.1919570998289	0.428125
54.208231800003	0.428125
54.2252587999683	0.428125
54.2417490999214	0.428125
54.2584848999977	0.428125
54.2752390999813	0.428125
54.2918240998406	0.428125
54.3084130999632	0.428125
54.3252480998635	0.428125
54.3416465998162	0.428125
54.3582187998109	0.428125
54.3752276999876	0.428125
54.3922742998693	0.428125
54.4087372999638	0.428125
54.4252019999549	0.428125
54.4415493998677	0.428125
54.4590408999939	0.428125
54.4752481000032	0.428125
54.4917314997874	0.428125
54.5085395998321	0.428125
54.525223699864	0.428125
54.5415593998041	0.428125
54.5584060999099	0.428125
54.5752686997876	0.428125
54.5916296998039	0.428125
54.6083766999654	0.428125
54.625253399834	0.428125
54.6419660998508	0.428125
54.6581871998496	0.428125
54.6750254998915	0.428125
54.6917154998519	0.428125
54.7084711999632	0.428125
54.7253039998468	0.428125
54.7415022999048	0.428125
54.7584472999442	0.428125
54.7749440998305	0.428125
54.7917843998875	0.428125
54.8083936998155	0.428125
54.8252236999106	0.428125
54.8420212999918	0.428125
54.8582275998779	0.428125
54.8752969999332	0.428125
54.892280699918	0.428125
54.908411399927	0.428125
54.9252814999782	0.428125
54.9416248998605	0.428125
54.9583354999777	0.428125
54.9752885999624	0.428125
54.9918767998461	0.428125
55.0082852998748	0.428125
55.0252359998412	0.428125
55.0421484999824	0.428125
55.0585428997874	0.428125
55.0757742999122	0.428125
55.0918754998129	0.428125
55.1086491998285	0.428125
55.1253611999564	0.428125
55.1415214999579	0.428125
55.1584322999697	0.428125
55.1752316998318	0.428125
55.1920503999572	0.428125
55.2080907998607	0.428125
55.2252001999877	0.428125
55.2416102997959	0.428125
55.2585305999964	0.428125
55.2752448997926	0.428125
55.2917405997869	0.428125
55.3081629998051	0.428125
55.3253110998776	0.428125
55.3420694000088	0.428125
55.3588860000018	0.428125
55.3755335998721	0.428125
55.3922256999649	0.428125
55.4084276999347	0.428125
55.4252828999888	0.428125
55.4419873999432	0.428125
55.4584942997899	0.428125
55.4750426998362	0.428125
55.4917401999701	0.428125
55.508454099996	0.428125
55.5248781999107	0.428125
55.5416558999568	0.428125
55.5584263999481	0.428125
55.57558840001	0.428125
55.5920037999749	0.428125
55.6087042000145	0.428125
55.6252637999132	0.428125
55.6418311998714	0.428125
55.6582612998318	0.428125
55.6750189999584	0.428125
55.6915599999484	0.428125
55.7080437999684	0.428125
55.7252501999028	0.428125
55.7418352998793	0.428125
55.758142999839	0.428125
55.7753105999436	0.428125
55.7918717998546	0.428125
55.8084248998202	0.428125
55.8252698997967	0.428125
55.8417547999416	0.428125
55.8583505998831	0.428125
55.8751744998153	0.428125
55.8919543998782	0.428125
55.9083525999449	0.428125
55.9251273998525	0.428125
55.9416482998058	0.428125
55.9584972998127	0.428125
55.9750224999152	0.428125
55.9917353999335	0.428125
56.0085304998793	0.428125
56.0251213000156	0.428125
56.0418330999091	0.428125
56.0584652000107	0.428125
56.0749868999701	0.428125
56.0919935998973	0.428125
56.1084749000147	0.428125
56.1249420999084	0.428125
56.142013899982	0.428125
56.1584645998664	0.428125
56.1755309998989	0.428125
56.1919224997982	0.428125
56.2082434999757	0.428125
56.2251649999525	0.428125
56.2419705998618	0.428125
56.2584216999821	0.428125
56.2756745999213	0.428125
56.2921918998472	0.428125
56.3084950000048	0.428125
56.3251539999619	0.428125
56.3419710998423	0.428125
56.3584994999692	0.428125
56.3750683998223	0.428125
56.3913749000058	0.428125
56.4082878998015	0.428125
56.425208499888	0.428125
56.4419700999279	0.428125
56.4588289998937	0.428125
56.4754141999874	0.428125
56.4922960998956	0.428125
56.5084561000112	0.428125
56.5250063999556	0.428125
56.5417909999378	0.428125
56.5584738999605	0.428125
56.574871199904	0.428125
56.5919009998906	0.428125
56.6084770997986	0.428125
56.6250202998053	0.428125
56.6412745998241	0.428125
56.6582203998696	0.428125
56.6748432999011	0.428125
56.6913803999778	0.428125
56.7084713999648	0.428125
56.7252127998509	0.428125
56.7415232998319	0.428125
56.7584739997983	0.428125
56.7753029998858	0.428125
56.7921288998332	0.428125
56.8086861998308	0.428125
56.8251778997947	0.428125
56.8419577998575	0.428125
56.8583889999427	0.428125
56.8751359998714	0.428125
56.8917691998649	0.428125
56.9084727999289	0.428125
56.9253314000089	0.428125
56.9414882999845	0.428125
56.9584853998385	0.428125
56.9753752998076	0.428125
56.992010399932	0.428125
57.0085355998017	0.428125
57.0251662998926	0.428125
57.0420177998021	0.428125
57.0582246999256	0.428125
57.0753790999297	0.428125
57.0915966997854	0.428125
57.1084184998181	0.428125
57.1247348999605	0.428125
57.1419432999101	0.428125
57.1586199998856	0.428125
57.1751929998863	0.428125
57.1919093998149	0.428125
57.2087841997854	0.428125
57.2251221998595	0.428125
57.2417903998867	0.428125
57.2583361999132	0.428125
57.2751252998132	0.428125
57.2916081999429	0.428125
57.3084269999526	0.428125
57.3246253000107	0.428125
57.3414403998759	0.428125
57.3582771997899	0.428125
57.3752717999741	0.428125
57.3917823999655	0.428125
57.4083210998215	0.428125
57.4253368999343	0.428125
57.4420743999071	0.428125
57.4582732999697	0.428125
57.475125099998	0.428125
57.4922119998373	0.428125
57.5078685998451	0.428125
57.5248294998892	0.428125
57.5417157998309	0.428125
57.5584976999089	0.428125
57.57527079992	0.428125
57.5914482998196	0.428125
57.6083705998026	0.428125
57.6251948999707	0.428125
57.6414003998507	0.428125
57.6583850998431	0.428125
57.6754787999671	0.428125
57.6919817000162	0.428125
57.7083175999578	0.428125
57.7249125998933	0.428125
57.7415401998442	0.428125
57.7584516999777	0.428125
57.7752522998489	0.428125
57.7917245000135	0.428125
57.8086186998989	0.428125
57.8252528999001	0.428125
57.8415939998813	0.428125
57.8582239998505	0.428125
57.8747056999709	0.428125
57.8915599999018	0.428125
57.9081737999804	0.428125
57.9250572999008	0.428125
57.9412125998642	0.428125
57.9579384999815	0.428125
57.9749386999756	0.428125
57.9916987000033	0.428125
58.0085386999417	0.428125
58.0251519999001	0.428125
58.0418256998528	0.428125
58.0583080998622	0.428125
58.0750626998488	0.428125
58.0923094998579	0.428125
58.1082880999893	0.428125
58.1248863998335	0.428125
58.1415627999231	0.428125
58.1581476000138	0.428125
58.174910799833	0.428125
58.1916841999628	0.428125
58.2081390998792	0.428125
58.2249991998542	0.428125
58.2418441998307	0.428125
58.2580980998464	0.428125
58.275213399902	0.428125
58.2917003999464	0.428125
58.3082425999455	0.428125
58.3252289998345	0.428125
58.3415389999282	0.428125
58.3583851999138	0.428125
58.3752137999982	0.428125
58.3917725998908	0.428125
58.4083193999249	0.428125
58.4251935998909	0.428125
58.4417918999679	0.428125
58.4583802998532	0.428125
58.4747971999459	0.428125
58.4914959999733	0.428125
58.5083425999619	0.428125
58.5247895999346	0.428125
58.5420878999867	0.428125
58.5584352998994	0.428125
58.5754765998572	0.428125
58.5915949000046	0.428125
58.6081758998334	0.428125
58.6253454999533	0.428125
58.6416582998354	0.428125
58.6582961999811	0.428125
58.6752243998926	0.428125
58.6921827998012	0.428125
58.7083359998651	0.428125
58.7244907999411	0.428125
58.7413300999906	0.428125
58.7583255998325	0.428125
58.7748884998728	0.428125
58.7919255997986	0.428125
58.8082081999164	0.428125
58.8252086997963	0.428125
58.8420933999587	0.428125
58.8582471997943	0.428125
58.8751346999779	0.428125
58.8917158998083	0.428125
58.9083645998035	0.428125
58.9250020999461	0.428125
58.942079299828	0.428125
58.9584464000072	0.428125
58.9746504998766	0.428125
58.9920153999701	0.428125
59.0083786000032	0.428125
59.0248565999791	0.428125
59.0418054999318	0.428125
59.0582699999213	0.428125
59.0751381998416	0.428125
59.0916106000077	0.428125
59.1083664000034	0.428125
59.1247554998845	0.428125
59.1413588998839	0.428125
59.1584367000032	0.428125
59.1750849999953	0.428125
59.1916460997891	0.428125
59.2082510998007	0.428125
59.2246886999346	0.428125
59.2417921999004	0.428125
59.2579301998485	0.428125
59.2747896998189	0.428125
59.2920475997962	0.428125
59.307948499918	0.428125
59.3252472998574	0.428125
59.34171219985	0.428125
59.3581158998422	0.428125
59.3752666998189	0.428125
59.391758200014	0.428125
59.4079008998815	0.428125
59.4250474998262	0.428125
59.4418097999878	0.428125
59.457996299956	0.428125
59.4750594999641	0.428125
59.4917837998364	0.428125
59.5079421999399	0.428125
59.5252755999099	0.428125
59.5414716999512	0.428125
59.5582961000036	0.428125
59.5751590998843	0.428125
59.591817199951	0.428125
59.6088413000107	0.428125
59.6251506998669	0.428125
59.6416746999603	0.428125
59.658338899957	0.428125
59.6751372998115	0.428125
59.6918664998375	0.428125
59.7081684998702	0.428125
59.7247442998923	0.428125
59.7418774999678	0.428125
59.7579294999596	0.428125
59.7751984999049	0.428125
59.7919882999267	0.428125
59.8082687999122	0.428125
59.8252526000142	0.428125
59.8417475000024	0.428125
59.8583511000033	0.428125
59.8751144998241	0.428125
59.8917797999457	0.428125
59.9084249997977	0.428125
59.9256018998567	0.428125
59.941331199836	0.428125
59.9579543999862	0.428125
59.9752621999942	0.428125
59.992026399821	0.428125
60.0079110998195	0.428125
60.025165699888	0.428125
60.0420205998234	0.428125
60.058007999789	0.428125
60.0752228999045	0.428125
60.0917294998653	0.428125
60.1083034998737	0.428125
60.1249035999645	0.428125
60.1412852997892	0.428125
60.1581951999106	0.428125
60.1751065999269	0.428125
60.1919336998835	0.428125
60.2078786999919	0.428125
60.2250480998773	0.428125
60.2416872999165	0.428125
60.2583259998355	0.428125
60.2750867998693	0.428125
60.2910918998532	0.428125
60.3077441998757	0.428125
60.3252053998876	0.428125
60.3414608999155	0.428125
60.3580134999938	0.428125
60.3751699998975	0.428125
60.3919542999938	0.428125
60.4081195998006	0.428125
60.4247955998871	0.428125
60.4420089998748	0.428125
60.4579805999529	0.428125
60.475019400008	0.428125
60.4914321999531	0.428125
60.5081380999181	0.428125
60.5246046998072	0.428125
60.5413333999459	0.428125
60.5581319998018	0.428125
60.5747203999199	0.428125
60.5917559999507	0.428125
60.6083129998296	0.428125
60.624249199871	0.428125
60.6417856998742	0.428125
60.6582512999885	0.428125
60.6750144998077	0.428125
60.6916822998319	0.428125
60.7079612999223	0.428125
60.7251213998534	0.428125
60.7415614000056	0.428125
60.7583208999131	0.428125
60.7751626998652	0.428125
60.7917873999104	0.428125
60.807819099864	0.428125
60.8247919999994	0.428125
60.8418878999073	0.428125
60.8583054000046	0.428125
60.8750877999701	0.428125
60.8923055999912	0.428125
60.9077398998197	0.428125
60.9249690999277	0.428125
60.9416000999045	0.428125
60.958335599862	0.428125
60.9750343998894	0.428125
60.9913341999054	0.428125
61.0081174999941	0.428125
61.0252238998655	0.428125
61.0416767999995	0.428125
61.0577741998713	0.428125
61.0750756999478	0.428125
61.0918391998857	0.428125
61.1079182999674	0.428125
61.1247823999729	0.428125
61.1415965999477	0.428125
61.1578921999317	0.428125
61.175300099887	0.428125
61.1916896998882	0.428125
61.2078740999568	0.428125
61.2247534999624	0.428125
61.2416330999695	0.428125
61.2581560998224	0.428125
61.2749438998289	0.428125
61.2919510998763	0.428125
61.3080684000161	0.428125
61.3250523998868	0.428125
61.3417918998748	0.428125
61.3579718999099	0.428125
61.374918699963	0.428125
61.3918917998672	0.428125
61.4083163999021	0.428125
61.4250560998917	0.428125
61.4419847999234	0.428125
61.4583508998621	0.428125
61.4756984999403	0.428125
61.4918955999892	0.428125
61.5076862999704	0.428125
61.5248257999774	0.428125
61.5413689999841	0.428125
61.5582073999103	0.428125
61.5750515998807	0.428125
61.5914707998745	0.428125
61.6084001997951	0.428125
61.6248982998077	0.428125
61.6418121999595	0.428125
61.6583072999492	0.428125
61.6748185998295	0.428125
61.6913013998419	0.428125
61.7080396998208	0.428125
61.7249942999333	0.428125
61.7414869999047	0.428125
61.7582880998962	0.428125
61.7752429998945	0.428125
61.7918366999365	0.428125
61.8085521999747	0.428125
61.8249169997871	0.428125
61.8418122997973	0.428125
61.8581183999777	0.428125
61.875053399941	0.428125
61.8918987999205	0.428125
61.9084063000046	0.428125
61.9250083998777	0.428125
61.9415902998298	0.428125
61.9578086999245	0.428125
61.9747429999989	0.428125
61.9914198999759	0.428125
62.0078935998026	0.428125
62.0248198998161	0.428125
62.0415659998544	0.428125
62.0581574998796	0.428125
62.0753017999232	0.428125
62.0915675999131	0.428125
62.1080273999833	0.428125
62.1250089998357	0.428125
62.1416673997883	0.428125
62.1578552999999	0.428125
62.1751289998647	0.428125
62.1917314999737	0.428125
62.20765999984	0.428125
62.2249096999876	0.428125
62.2417329999153	0.428125
62.2582264000084	0.428125
62.2749323998578	0.428125
62.2921219000127	0.428125
62.3082391999196	0.428125
62.3250276998151	0.428125
62.341330899857	0.428125
62.3578224999364	0.428125
62.3749872997869	0.428125
62.3913296998944	0.428125
62.4081786999013	0.428125
62.4251931998879	0.428125
62.4413765999489	0.428125
62.4583609998226	0.428125
62.4748515998945	0.428125
62.4917561998591	0.428125
62.507914399961	0.428125
62.5248886998743	0.428125
62.5415623998269	0.428125
62.5581985998433	0.428125
62.5752995999064	0.428125
62.591581299901	0.428125
62.6084255999885	0.428125
62.6250811999198	0.428125
62.6418108998332	0.428125
62.6576451999135	0.428125
62.674929899862	0.428125
62.6913177999668	0.428125
62.7080717999488	0.428125
62.7246621998493	0.428125
62.7417427999899	0.428125
62.7582026999444	0.428125
62.7752760997973	0.428125
62.7915114997886	0.428125
62.8079708998557	0.428125
62.8252012999728	0.428125
62.8416529998649	0.428125
62.8582357999403	0.428125
62.8749881999101	0.428125
62.8912201998755	0.428125
62.9081307998858	0.428125
62.9252339999657	0.428125
62.9417271998245	0.428125
62.9582127998583	0.428125
62.9751061999705	0.428125
62.9917593998834	0.428125
63.0077441998292	0.428125
63.0251348998863	0.428125
63.041735699866	0.428125
63.0583289999049	0.428125
63.0750101997983	0.428125
63.0918880999088	0.428125
63.1079663999844	0.428125
63.1248857998289	0.428125
63.1412213000003	0.428125
63.1581294999924	0.428125
63.1751856999472	0.428125
63.1916320999153	0.428125
63.2085068000015	0.428125
63.2247200999409	0.428125
63.2415410999674	0.428125
63.2581851999275	0.428125
63.2749849997927	0.428125
63.2916331999004	0.428125
63.3082418998238	0.428125
63.3246330998372	0.428125
63.3415578999557	0.428125
63.3576638998929	0.428125
63.3751366999932	0.428125
63.3914977998938	0.428125
63.4082584998105	0.428125
63.4250731999055	0.428125
63.4416926999111	0.428125
63.458093999885	0.428125
63.4748802999966	0.428125
63.4918937999755	0.428125
63.5083747999743	0.428125
63.5250468999147	0.428125
63.5415459999349	0.428125
63.5586105999537	0.428125
63.5750519998837	0.428125
63.5915055999067	0.428125
63.6082238999661	0.428125
63.6249433998019	0.428125
63.6414548999164	0.428125
63.6578596998006	0.428125
63.6750452998094	0.428125
63.6914122998714	0.428125
63.7083132998087	0.428125
63.7246985000093	0.428125
63.7422499000095	0.428125
63.7581915999763	0.428125
63.7749852999114	0.428125
63.7914892998524	0.428125
63.8080191998743	0.428125
63.8249181997962	0.428125
63.8412980998401	0.428125
63.8577473999467	0.428125
63.8747125999071	0.428125
63.8910891998094	0.428125
63.9081658998039	0.428125
63.9249516997952	0.428125
63.9415276998188	0.428125
63.9582255999558	0.428125
63.9751477998216	0.428125
63.9915016999003	0.428125
64.0081227999181	0.428125
64.0248358999379	0.428125
64.0413475998212	0.428125
64.0579407999758	0.428125
64.0747981998138	0.428125
64.0915939998813	0.428125
64.1081819999963	0.428125
64.1250531999394	0.428125
64.1414810998831	0.428125
64.1585597000085	0.428125
64.1748830999713	0.428125
64.1917568999343	0.428125
64.2082150999922	0.428125
64.225161299808	0.428125
64.2417126998771	0.428125
64.2578247999772	0.428125
64.2749876999296	0.428125
64.2914270998444	0.428125
64.3081867999863	0.428125
64.3248684999999	0.428125
64.3414151999168	0.428125
64.3576803000178	0.428125
64.3748454998713	0.428125
64.391605499899	0.428125
64.4079912998714	0.428125
64.4246408999898	0.428125
64.4415577999316	0.428125
64.4584843998309	0.428125
64.4749036999419	0.428125
64.4916028999723	0.428125
64.5083245998248	0.428125
64.5252514998429	0.428125
64.5416036997922	0.428125
64.5577424999792	0.428125
64.5753746998962	0.428125
64.5915035998914	0.428125
64.6082107999828	0.428125
64.6245432000142	0.428125
64.6415475998074	0.428125
64.658214099938	0.428125
64.6749650998972	0.428125
64.6915897999424	0.428125
64.7082113998476	0.428125
64.7245827999432	0.428125
64.741538999835	0.428125
64.7589453998953	0.428125
64.775001199916	0.428125
64.7914972999133	0.428125
64.8080407998059	0.428125
64.8249768000096	0.428125
64.841402299935	0.428125
64.8581653998699	0.428125
64.8748424998485	0.428125
64.8914914999623	0.428125
64.9080630999524	0.428125
64.9248713999987	0.428125
64.9414646998048	0.428125
64.9580607998651	0.428125
64.974923599977	0.428125
64.9914704000112	0.428125
65.0082023998257	0.428125
65.0246695999522	0.428125
65.0411859999876	0.428125
65.0580344998743	0.428125
65.0749242999591	0.428125
65.0914919998031	0.428125
65.1081298999488	0.428125
65.1248725999612	0.428125
65.1413247999735	0.428125
65.1584416998085	0.428125
65.1749056999106	0.428125
65.1914633999113	0.428125
65.208217700012	0.428125
65.2248790999874	0.428125
65.2416596999392	0.428125
65.2581529999152	0.428125
65.2747097997926	0.428125
65.2912627998739	0.428125
65.3078125999309	0.428125
65.3248844000045	0.428125
65.3411047998816	0.428125
65.3584423998836	0.428125
65.3750526998192	0.428125
65.3915285000112	0.428125
65.4080208998639	0.428125
65.4248579000123	0.428125
65.4417292999569	0.428125
65.4583102997858	0.428125
65.4751894997898	0.428125
65.49146189983	0.428125
65.5082683998626	0.428125
65.5247092999052	0.428125
65.5418405998498	0.428125
65.558180199936	0.428125
65.5743109998293	0.428125
65.5914528998546	0.428125
65.6082060998306	0.428125
65.6250363998115	0.428125
65.6416219999082	0.428125
65.657944199862	0.428125
65.6750575997867	0.428125
65.6916356999427	0.428125
65.7081076998729	0.428125
65.7247503998224	0.428125
65.7413460998796	0.428125
65.7581831999123	0.428125
65.7750201998278	0.428125
65.7919487999752	0.428125
65.8080786999781	0.428125
65.8243622998707	0.428125
65.8416750999168	0.428125
65.8577607998159	0.428125
65.8747948999517	0.428125
65.8914599998388	0.428125
65.9082888998091	0.428125
65.9248822999652	0.428125
65.9416465999093	0.428125
65.9582118999679	0.428125
65.9751448999159	0.428125
65.9910850999877	0.428125
66.008170499932	0.428125
66.0247762999497	0.428125
66.0414483998902	0.428125
66.0580138999503	0.428125
66.0749219998252	0.428125
66.0909318998456	0.428125
66.1078860999551	0.428125
66.1244975998998	0.428125
66.140977300005	0.428125
66.1581285998691	0.428125
66.1750827999786	0.428125
66.1914261998609	0.428125
66.2080072998069	0.428125
66.2250117999502	0.428125
66.2414130999241	0.428125
66.2580142999068	0.428125
66.274978299858	0.428125
66.2913754999172	0.428125
66.3080908998381	0.428125
66.3246396000031	0.428125
66.3412421999965	0.428125
66.358209699858	0.428125
66.3752053999342	0.428125
66.3911959999241	0.428125
66.4081001000013	0.428125
66.4248835998587	0.428125
66.4414872999769	0.428125
66.4582305999938	0.428125
66.4748505998868	0.428125
66.4910849998705	0.428125
66.5082268998958	0.428125
66.5247612998355	0.428125
66.5415532998741	0.428125
66.5576188999694	0.428125
66.5748254999053	0.428125
66.5913083998021	0.428125
66.6080510998145	0.428125
66.6247382999863	0.428125
66.6414535997901	0.428125
66.6581409999635	0.428125
66.6750135999173	0.428125
66.6913061998785	0.428125
66.707798599964	0.428125
66.7246255998034	0.428125
66.7412124997936	0.428125
66.7581894998439	0.428125
66.7749447999522	0.428125
66.7910636998713	0.428125
66.8079999999609	0.428125
66.8247817999218	0.428125
66.8412684998475	0.428125
66.8581482998561	0.428125
66.874518699944	0.428125
66.8916851999238	0.428125
66.9081168998964	0.428125
66.9247775999829	0.428125
66.9415088999085	0.428125
66.9584636997897	0.428125
66.9750472998712	0.428125
66.9913917998783	0.428125
67.008135400014	0.428125
67.024885899853	0.428125
67.0414683998097	0.428125
67.0576196999755	0.428125
67.0748960999772	0.428125
67.0914176998194	0.428125
67.1077454998158	0.428125
67.124741199892	0.428125
67.1410827999935	0.428125
67.1581917000003	0.428125
67.1753280998673	0.428125
67.1915248997975	0.428125
67.2081475998275	0.428125
67.2249634999316	0.428125
67.2416860999074	0.428125
67.2581541999243	0.428125
67.2750275998842	0.428125
67.2912448998541	0.428125
67.3078681998886	0.428125
67.3247499999125	0.428125
67.3408990998287	0.428125
67.3575038998388	0.428125
67.3749602998141	0.428125
67.39128109999	0.428125
67.4080757999327	0.428125
67.4246789999306	0.428125
67.4413238000125	0.428125
67.457914999919	0.428125
67.4745969998185	0.428125
67.4908312999178	0.428125
67.5074340999126	0.428125
67.5247572998051	0.428125
67.5413199998438	0.428125
67.5579813998193	0.428125
67.5749657999258	0.428125
67.5915822999086	0.428125
67.60799639998	0.428125
67.6246032998897	0.428125
67.6413675998338	0.428125
67.6577830999158	0.428125
67.6748755997978	0.428125
67.6911933999509	0.428125
67.7081700998824	0.428125
67.7248958998825	0.428125
67.7413991999347	0.428125
67.7576665999368	0.428125
67.7746009998955	0.428125
67.7914542998187	0.428125
67.8081407998689	0.428125
67.8245218999218	0.428125
67.841433199821	0.428125
67.8582923999056	0.428125
67.8758309998084	0.428125
67.891032199841	0.428125
67.9079705998302	0.428125
67.9248658998404	0.428125
67.9411575999111	0.428125
67.9576499999966	0.428125
67.9753860000055	0.428125
67.9911022000015	0.428125
68.0076775997877	0.428125
68.0244392999448	0.428125
68.0409627999179	0.428125
68.0581856998615	0.428125
68.0748160998337	0.428125
68.0910695998464	0.428125
68.1081424998119	0.428125
68.1247228998691	0.428125
68.1411725999787	0.428125
68.1577409999445	0.428125
68.1750334999524	0.428125
68.1910508999135	0.428125
68.2081753998064	0.428125
68.2249753999058	0.428125
68.2409077999182	0.428125
68.2578070999589	0.428125
68.2747986998875	0.428125
68.2907541999593	0.428125
68.3077831999399	0.428125
68.3247173998971	0.428125
68.341035899939	0.428125
68.3580821999349	0.428125
68.3747391998768	0.428125
68.3911976998206	0.428125
68.4078724000137	0.428125
68.4247885998338	0.428125
68.441008299822	0.428125
68.4580396998208	0.428125
68.4744203998707	0.428125
68.491112299962	0.428125
68.5081042000093	0.428125
68.5250546999741	0.428125
68.5407262998633	0.428125
68.5581673998386	0.428125
68.5746064998675	0.428125
68.5909998000134	0.428125
68.6080463000108	0.428125
68.6249020998366	0.428125
68.6413765999023	0.428125
68.6581944997888	0.428125
68.6746628999244	0.428125
68.6912680999376	0.428125
68.7077126000077	0.428125
68.7245831999462	0.428125
68.7407483998686	0.428125
68.7577990000136	0.428125
68.7746179997921	0.428125
68.7909120998811	0.428125
68.808041599812	0.428125
68.8245798000135	0.428125
68.841268299846	0.428125
68.8581946999766	0.428125
68.8748064998072	0.428125
68.8912399997935	0.428125
68.907880899962	0.428125
68.9250800998416	0.428125
68.9411255999003	0.428125
68.9580555998255	0.428125
68.9750863998197	0.428125
68.9909517997876	0.428125
69.0085465000011	0.428125
69.0249187999871	0.428125
69.0413003999274	0.428125
69.0575327998959	0.428125
69.0746360998601	0.428125
69.0910994999576	0.428125
69.1080102999695	0.428125
69.1252752	0.428125
69.1409626000095	0.428125
69.1578931999393	0.428125
69.1748933999334	0.428125
69.1907643999439	0.428125
69.207803199999	0.428125
69.2246932999697	0.428125
69.2410208999645	0.428125
69.2581674999092	0.428125
69.2746894999873	0.428125
69.2909682998434	0.428125
69.3080960998777	0.428125
69.3245408998337	0.428125
69.3409502999857	0.428125
69.3591956999153	0.428125
69.3747234998737	0.428125
69.3909212998115	0.428125
69.4080564000178	0.428125
69.4250208998565	0.428125
69.4411498999689	0.428125
69.4581440999173	0.428125
69.4749609997962	0.428125
69.4913233998232	0.428125
69.507711699931	0.428125
69.524739000015	0.428125
69.5410974000115	0.428125
69.5579926997889	0.428125
69.5748200998642	0.428125
69.591302299872	0.428125
69.6079037999734	0.428125
69.6246854998171	0.428125
69.6411043999251	0.428125
69.6580302999355	0.428125
69.6750136998016	0.428125
69.690938899992	0.428125
69.707891299855	0.428125
69.7244257999118	0.428125
69.7408576000016	0.428125
69.7578172998037	0.428125
69.7747764999513	0.428125
69.7908375000115	0.428125
69.8079750998877	0.428125
69.8247775998898	0.428125
69.8408364998177	0.428125
69.8582613000181	0.428125
69.8747403998859	0.428125
69.8908177998383	0.428125
69.9081115999725	0.428125
69.9248249998782	0.428125
69.9412312998902	0.428125
69.9581393999979	0.428125
69.9748213998973	0.428125
69.9911560998298	0.428125
70.0079994997941	0.428125
70.0246719999705	0.428125
70.0410884998273	0.428125
70.0577298998833	0.428125
70.0747594998684	0.428125
70.0912958998233	0.428125
70.1081706997938	0.428125
70.1249815998599	0.428125
70.1411221998278	0.428125
70.1579734999686	0.428125
70.1749629999977	0.428125
70.1911138999276	0.428125
70.2080392998178	0.428125
70.2246530998964	0.428125
70.2412893997971	0.428125
70.2580058998428	0.428125
70.2746383999474	0.428125
70.290987999877	0.428125
70.307844299823	0.428125
70.3244482998271	0.428125
70.3412210999522	0.428125
70.3580753998831	0.428125
70.3747520998586	0.428125
70.3908547998872	0.428125
70.4079899999779	0.428125
70.4243495999835	0.428125
70.441141899908	0.428125
70.4580633998848	0.428125
70.4747006997932	0.428125
70.4910844999831	0.428125
70.5079338999931	0.428125
70.5247502999846	0.428125
70.5409076998476	0.428125
70.5582665998954	0.428125
70.5748776998371	0.428125
70.5907842998859	0.428125
70.6077109999023	0.428125
70.6243225999642	0.428125
70.6413848998491	0.428125
70.6578567000106	0.428125
70.6743428998161	0.428125
70.6912897999864	0.428125
70.7080059999134	0.428125
70.7247324998025	0.428125
70.7412097998895	0.428125
70.7577060998883	0.428125
70.7743948998395	0.428125
70.7912337000016	0.428125
70.8081061998382	0.428125
70.8247574998531	0.428125
70.8412734998856	0.428125
70.8579905999359	0.428125
70.8745375999715	0.428125
70.8913197999354	0.428125
70.9074895998929	0.428125
70.9243415999226	0.428125
70.9411741998047	0.428125
70.9575576998759	0.428125
70.9746973998845	0.428125
70.9908939998131	0.428125
71.0081821999047	0.428125
71.0244958999101	0.428125
71.0410392999183	0.428125
71.0580082999077	0.428125
71.0745202999096	0.428125
71.0911458998453	0.428125
71.1080350999255	0.428125
71.1247082999907	0.428125
71.1411899998784	0.428125
71.1579757998697	0.428125
71.1746692999732	0.428125
71.1912817999255	0.428125
71.2079515999649	0.428125
71.2245043998118	0.428125
71.240958099952	0.428125
71.257764399983	0.428125
71.2743720000144	0.428125
71.2912215997931	0.428125
71.3076615999453	0.428125
71.3265420999378	0.428125
71.3409817998763	0.428125
71.3574800998904	0.428125
71.3742333999835	0.428125
71.3912215998862	0.428125
71.4074816999491	0.428125
71.4247920999769	0.428125
71.4412499999162	0.428125
71.4579564000014	0.428125
71.4747073999606	0.428125
71.4907842997927	0.428125
71.5080723999999	0.428125
71.524607299827	0.428125
71.5412254999392	0.428125
71.5578010999598	0.428125
71.5746058998629	0.428125
71.5911224000156	0.428125
71.6078678998165	0.428125
71.6241556999739	0.428125
71.6410327998456	0.428125
71.6579179000109	0.428125
71.6746384999715	0.428125
71.6912409998477	0.428125
71.7078151998576	0.428125
71.7243054998107	0.428125
71.7410336998291	0.428125
71.7577573999297	0.428125
71.7747340998612	0.428125
71.7911662999541	0.428125
71.8078914999496	0.428125
71.8249338997994	0.428125
71.8412065999582	0.428125
71.8576787000056	0.428125
71.8749693999998	0.428125
71.8910132998135	0.428125
71.9078882997856	0.428125
71.9244089999702	0.428125
71.9411932998337	0.428125
71.9578534998	0.428125
71.9748022998683	0.428125
71.9912177999504	0.428125
72.0078985998407	0.428125
72.0247004998382	0.428125
72.0411880000029	0.428125
72.0579662998207	0.428125
72.074631499825	0.428125
72.0910024999175	0.428125
72.1077981998678	0.428125
72.1246887999587	0.428125
72.1412330998573	0.428125
72.1576524998527	0.428125
72.1747379999142	0.428125
72.191170200007	0.428125
72.2082989998162	0.428125
72.2242640999611	0.428125
72.241137499921	0.428125
72.2580987999681	0.428125
72.2745948999655	0.428125
72.2911750997882	0.428125
72.3079568999819	0.428125
72.3242843998596	0.428125
72.3409269999247	0.428125
72.357640999835	0.428125
72.37442249991	0.428125
72.3908253000118	0.428125
72.4075599999633	0.428125
72.4246178998146	0.428125
72.4411900998093	0.428125
72.4579917998053	0.428125
72.4745361998212	0.428125
72.4911818997934	0.428125
72.5075295998249	0.428125
72.5241928999312	0.428125
72.5412649998907	0.428125
72.5577630999032	0.428125
72.5743473998737	0.428125
72.5912630998064	0.428125
72.6080738999881	0.428125
72.6241976998281	0.428125
72.6413910000119	0.428125
72.6577955998946	0.428125
72.6745075997896	0.428125
72.6912153998856	0.428125
72.7078446999658	0.428125
72.724146099994	0.428125
72.7410765998065	0.428125
72.7579857998062	0.428125
72.774201199878	0.428125
72.7911869999953	0.428125
72.8077678999398	0.428125
72.8242611999158	0.428125
72.8409233000129	0.428125
72.8578927000053	0.428125
72.8745896997862	0.428125
72.8912410999183	0.428125
72.9077869998291	0.428125
72.9245450999588	0.428125
72.9412206998095	0.428125
72.957704299828	0.428125
72.9746762998402	0.428125
72.99084509979	0.428125
73.0074959998019	0.428125
73.024177899817	0.428125
73.0412335000001	0.428125
73.0577738999855	0.428125
73.074645599816	0.428125
73.0917564998381	0.428125
73.1075613999274	0.428125
73.1245112998877	0.428125
73.1412885999307	0.428125
73.1577039000113	0.428125
73.1745815000031	0.428125
73.1909118997864	0.428125
73.2078295999672	0.428125
73.2245071998332	0.428125
73.2411594998557	0.428125
73.2578815999441	0.428125
73.2746015999001	0.428125
73.2911435000133	0.428125
73.3078577998094	0.428125
73.3244214998558	0.428125
73.3412277000025	0.428125
73.3579605999403	0.428125
73.3744545998052	0.428125
73.3907669999171	0.428125
73.4079119998496	0.428125
73.4244384998456	0.428125
73.4411837998778	0.428125
73.4582917999942	0.428125
73.4744588998146	0.428125
73.4907078999095	0.428125
73.5077374998946	0.428125
73.5245646999683	0.428125
73.5411400999874	0.428125
73.5574850998819	0.428125
73.5739960998762	0.428125
73.5904125999659	0.428125
73.6077405998949	0.428125
73.6245189998299	0.428125
73.6411640997976	0.428125
73.6574679999612	0.428125
73.6743050999939	0.428125
73.6908591999672	0.428125
73.707677999977	0.428125
73.7249311998021	0.428125
73.7412254998926	0.428125
73.7577178999782	0.428125
73.7744906998705	0.428125
73.79079489992	0.428125
73.8079245998524	0.428125
73.8247656999156	0.428125
73.8409392999019	0.428125
73.8576483998913	0.428125
73.8745194999501	0.428125
73.8907622999977	0.428125
73.908044999931	0.428125
73.9243644999806	0.428125
73.9413377998862	0.428125
73.9577830999624	0.428125
73.9742813999765	0.428125
73.9913957999088	0.428125
74.0076378998347	0.428125
74.0245151999407	0.428125
74.0411679998506	0.428125
74.0579055999406	0.428125
74.0745270999614	0.428125
74.0912161997985	0.428125
74.1078896999825	0.428125
74.1244886999484	0.428125
74.1410609998275	0.428125
74.1575584998354	0.428125
74.1746206998359	0.428125
74.1912061998155	0.428125
74.2079713998828	0.428125
74.2244260997977	0.428125
74.2412326999474	0.428125
74.257657899987	0.428125
74.274369499879	0.428125
74.2912272999529	0.428125
74.3074385998771	0.428125
74.324520799797	0.428125
74.3405847998802	0.428125
74.3576587999705	0.428125
74.3743543999735	0.428125
74.3929037000053	0.428125
74.4090115998406	0.428125
74.4244650998153	0.428125
74.4412560998462	0.428125
74.4581881999038	0.428125
74.4742244000081	0.428125
74.4914110999089	0.428125
74.5076988998335	0.428125
74.5242993999273	0.428125
74.5407778997906	0.428125
74.557419499848	0.428125
74.5745156998746	0.428125
74.5906660999171	0.428125
74.6076624998823	0.428125
74.624712199904	0.428125
74.6417678999715	0.428125
74.6577534999233	0.428125
74.674600899918	0.428125
74.6914742998779	0.428125
74.7075795999262	0.428125
74.7245673998259	0.428125
74.7412355998531	0.428125
74.7578211999498	0.428125
74.7746380998287	0.428125
74.7908319998533	0.428125
74.8075216999277	0.428125
74.8245960997883	0.428125
74.8408039999194	0.428125
74.8578960997984	0.428125
74.874513000017	0.428125
74.8907914999872	0.428125
74.9079409998376	0.428125
74.9246520998422	0.428125
74.9412214998156	0.428125
74.9578976999037	0.428125
74.9744046998676	0.428125
74.9911779998802	0.428125
75.0080660998356	0.428125
75.0243530999869	0.428125
75.0412655998953	0.428125
75.0577721998561	0.428125
75.0743181998841	0.428125
75.0906246998347	0.428125
75.1077583997976	0.428125
75.1244234999176	0.428125
75.1407860999461	0.428125
75.1576105998829	0.428125
75.1741985999979	0.428125
75.1912360999268	0.428125
75.2077657999471	0.428125
75.2243885998614	0.428125
75.2413139999844	0.428125
75.2579120998271	0.428125
75.2740879999474	0.428125
75.2911641998217	0.428125
75.307659199927	0.428125
75.3243660998996	0.428125
75.3414452997968	0.428125
75.3577536998782	0.428125
75.3742906998377	0.428125
75.3911855998449	0.428125
75.4077164998744	0.428125
75.4244144000113	0.428125
75.4411706000101	0.428125
75.4580627998803	0.428125
75.4742631998379	0.428125
75.4905184998643	0.428125
75.5075383998919	0.428125
75.5241365998518	0.428125
75.5412302999757	0.428125
75.5580192999914	0.428125
75.5744593997952	0.428125
75.5913136999588	0.428125
75.6080769998953	0.428125
75.6243441998959	0.428125
75.6410941998474	0.428125
75.6586403998081	0.428125
75.6744561998639	0.428125
75.6913517999928	0.428125
75.7073760000058	0.428125
75.7243579998612	0.428125
75.7411963997874	0.428125
75.7574151000008	0.428125
75.7739304997958	0.428125
75.7911947998218	0.428125
75.8078357998747	0.428125
75.8244183999486	0.428125
75.8411381999031	0.428125
75.8579220999964	0.428125
75.8743455999065	0.428125
75.8911901998799	0.428125
75.9077327998821	0.428125
75.9243346999865	0.428125
75.9410625000019	0.428125
75.9574643999804	0.428125
75.9744127998129	0.428125
75.9951039999723	0.428125
76.0077035999857	0.428125
76.0243810999673	0.428125
76.0411588998977	0.428125
76.0575083999429	0.428125
76.0741103999317	0.428125
76.0908687999472	0.428125
76.1076914998703	0.428125
76.1243964999449	0.428125
76.1408160999417	0.428125
76.1576318999287	0.428125
76.1744125999976	0.428125
76.1911644998472	0.428125
76.2079436997883	0.428125
76.2240030998364	0.428125
76.2407116999384	0.428125
76.2574503999203	0.428125
76.2744020998944	0.428125
76.2909059999511	0.428125
76.3078375998884	0.428125
76.3244277997874	0.428125
76.3409035999794	0.428125
76.3575714000035	0.428125
76.3741534999572	0.428125
76.3908263999037	0.428125
76.4079857999459	0.428125
76.4243035998661	0.428125
76.4410138998646	0.428125
76.457885999931	0.428125
76.4743814999238	0.428125
76.4909597998485	0.428125
76.5074589999858	0.428125
76.5243863998912	0.428125
76.5412551998161	0.428125
76.5579168999102	0.428125
76.574121600017	0.428125
76.5914008999243	0.428125
76.6076928998809	0.428125
76.6243621998001	0.428125
76.6411919998936	0.428125
76.657727799844	0.428125
76.674382600002	0.428125
76.6911203998607	0.428125
76.7076453999616	0.428125
76.7243996998295	0.428125
76.7410492999479	0.428125
76.7578324999195	0.428125
76.7744951997884	0.428125
76.7910370000172	0.428125
76.8072608998045	0.428125
76.8242621999234	0.428125
76.8412701999769	0.428125
76.8576016000006	0.428125
76.8741691999603	0.428125
76.8915854999796	0.428125
76.9077509997878	0.428125
76.9237881000154	0.428125
76.9412140999921	0.428125
76.9578365997877	0.428125
76.9740096000023	0.428125
76.9907959999982	0.428125
77.0075428998098	0.428125
77.0239300997928	0.428125
77.0412224999163	0.428125
77.0578505999874	0.428125
77.0742655999493	0.428125
77.0911132998299	0.428125
77.1076915999874	0.428125
77.1243616999127	0.428125
77.1413378999569	0.428125
77.1578375999816	0.428125
77.1743035998661	0.428125
77.1912012000103	0.428125
77.2078129998408	0.428125
77.223723199917	0.428125
77.2410540999845	0.428125
77.257804799825	0.428125
77.2738936999813	0.428125
77.2910517000128	0.428125
77.3078200998716	0.428125
77.3242513998412	0.428125
77.3411947998684	0.428125
77.3576024998911	0.428125
77.3743305997923	0.428125
77.3911580999848	0.428125
77.4076354999561	0.428125
77.4238793998957	0.428125
77.4411990998778	0.428125
77.4578472999856	0.428125
77.4742717999034	0.428125
77.4914299999364	0.428125
77.5077688000165	0.428125
77.5239477998111	0.428125
77.5411957998294	0.428125
77.5576828999911	0.428125
77.5744237999897	0.428125
77.5959059998859	0.428125
77.6075261998922	0.428125
77.6239749998786	0.428125
77.6411772998981	0.428125
77.6578279999085	0.428125
77.6738929999992	0.428125
77.6907718998846	0.428125
77.7077456999104	0.428125
77.7244053999893	0.428125
77.7411456999835	0.428125
77.7574064999353	0.428125
77.7739858999848	0.428125
77.7908655998763	0.428125
77.8078085000161	0.428125
77.8238850999624	0.428125
77.8411526998971	0.428125
77.8575619999319	0.428125
77.8739015997853	0.428125
77.8911827998236	0.428125
77.9078631999437	0.428125
77.9243410998024	0.428125
77.9405074999668	0.428125
77.9576587998308	0.428125
77.9739832999185	0.428125
77.9911459998693	0.428125
78.0075510998722	0.428125
78.0242610999849	0.428125
78.0412888999563	0.428125
78.0576165998355	0.428125
78.0739339999855	0.428125
78.0912185998168	0.428125
78.1079243998975	0.428125
78.1243317998014	0.428125
78.1406825999729	0.428125
78.1576525999699	0.428125
78.1738465998787	0.428125
78.1911195998546	0.428125
78.2076768998522	0.428125
78.2238615998067	0.428125
78.2411079998128	0.428125
78.2573900998104	0.428125
78.2741683998611	0.428125
78.2908806998748	0.428125
78.3073693998158	0.428125
78.3242203998379	0.428125
78.3411073999014	0.428125
78.35775129986	0.428125
78.374224399915	0.428125
78.391142899869	0.428125
78.4077074998058	0.428125
78.4238352999091	0.428125
78.4411366998684	0.428125
78.4578497000039	0.428125
78.4739733999595	0.428125
78.4911301999819	0.428125
78.5075353998691	0.428125
78.5241285997909	0.428125
78.5410905999597	0.428125
78.5578468998428	0.428125
78.5741103999317	0.428125
78.5910075998399	0.428125
78.6075845998712	0.428125
78.6239446999971	0.428125
78.6405994999222	0.428125
78.6575294998474	0.428125
78.6740285998676	0.428125
78.6910283998586	0.428125
78.7080858999398	0.428125
78.7242962999735	0.428125
78.7411805000156	0.428125
78.7578362999484	0.428125
78.7744798997883	0.428125
78.7910141998436	0.428125
78.8075838999357	0.428125
78.8239036998712	0.428125
78.8409994000103	0.428125
78.8574736998416	0.428125
78.87392059993	0.428125
78.8904334998224	0.428125
78.9076241999865	0.428125
78.9241270998027	0.428125
78.9411915999372	0.428125
78.9579584000167	0.428125
78.9739176998846	0.428125
78.990755799925	0.428125
79.0077523998916	0.428125
79.0240859999321	0.428125
79.0409409999847	0.428125
79.0575536999386	0.428125
79.073911299929	0.428125
79.0911085999105	0.428125
79.1074160998687	0.428125
79.1238614998292	0.428125
79.1411567998584	0.428125
79.1575386999175	0.428125
79.1739483999554	0.428125
79.191069799941	0.428125
79.2076442998368	0.428125
79.2240660998505	0.428125
79.2414863999002	0.428125
79.2573151998222	0.428125
79.2741107000038	0.428125
79.2912955000065	0.428125
79.3075264999643	0.428125
79.3239422999322	0.428125
79.3410508998204	0.428125
79.3573355998378	0.428125
79.37396599981	0.428125
79.3907299998682	0.428125
79.407569399802	0.428125
79.4238742999732	0.428125
79.4412795999087	0.428125
79.4577231998555	0.428125
79.474431199953	0.428125
79.4906422998756	0.428125
79.5074942999054	0.428125
79.5242261998355	0.428125
79.5407306000125	0.428125
79.5575019998942	0.428125
79.5742353999522	0.428125
79.5908297998831	0.428125
79.6076813999098	0.428125
79.6242637999821	0.428125
79.6411645999178	0.428125
79.657264099922	0.428125
79.6742642999161	0.428125
79.6911217998713	0.428125
79.7076907998417	0.428125
79.7240818999708	0.428125
79.7411536998115	0.428125
79.7577039999887	0.428125
79.7742471999954	0.428125
79.7908361000009	0.428125
79.8077078999486	0.428125
79.8242428000085	0.428125
79.8409164999612	0.428125
79.8575191998389	0.428125
79.8738677999936	0.428125
79.8908888997976	0.428125
79.9073605998419	0.428125
79.9242275999859	0.428125
79.9411218999885	0.428125
79.9573235998396	0.428125
79.9737406999338	0.428125
79.9907322998624	0.428125
80.0072333998978	0.428125
80.0240863999352	0.428125
80.0406586998142	0.428125
80.0569838997908	0.428125
80.074022699846	0.428125
80.0904141999781	0.428125
80.1072128999513	0.428125
80.1239646999165	0.428125
80.1409948999062	0.428125
80.1576868998818	0.428125
80.1738984999247	0.428125
80.1909152998123	0.428125
80.2077845998574	0.428125
80.2242580999155	0.428125
80.2409899998456	0.428125
80.2576277998742	0.428125
80.2742635000031	0.428125
80.2911247999873	0.428125
80.3076294998173	0.428125
80.3242675999645	0.428125
80.3403925998136	0.428125
80.3576308998745	0.428125
80.3742311999667	0.428125
80.391156299971	0.428125
80.4074620997999	0.428125
80.4240990998223	0.428125
80.4409065998625	0.428125
80.4577037999406	0.428125
80.4741396999452	0.428125
80.4909131999593	0.428125
80.5073076998815	0.428125
80.5240157998633	0.428125
80.5406577999238	0.428125
80.5574242998846	0.428125
80.5740713998675	0.428125
80.5907209999859	0.428125
80.6073687998578	0.428125
80.6238814999815	0.428125
80.6408974998631	0.428125
80.657201099908	0.428125
80.6742197999265	0.428125
80.690794599941	0.428125
80.7075759000145	0.428125
80.7242194998544	0.428125
80.7407315999735	0.428125
80.757318199845	0.428125
80.7742524999194	0.428125
80.7909095999785	0.428125
80.8073542998172	0.428125
80.8238467997871	0.428125
80.8405811998527	0.428125
80.8571285998914	0.428125
80.8738388000056	0.428125
80.8905489000026	0.428125
80.9074454999063	0.428125
80.9238148999866	0.428125
80.9409374999814	0.428125
80.9576110998169	0.428125
80.9746863998007	0.428125
80.9909326999914	0.428125
81.0080420000013	0.428125
81.0241043998394	0.428125
81.0408743999433	0.428125
81.0574705998879	0.428125
81.0737929998431	0.428125
81.0910972999409	0.428125
81.1072942998726	0.428125
81.1241287000012	0.428125
81.1410708997864	0.428125
81.1574408998713	0.428125
81.1742163999006	0.428125
81.1910690998193	0.428125
81.2076391999144	0.428125
81.2241306998767	0.428125
81.2408603997901	0.428125
81.257495699916	0.428125
81.2743348998483	0.428125
81.2908942999784	0.428125
81.3077324999031	0.428125
81.3239426999353	0.428125
81.3409807998687	0.428125
81.3574678997975	0.428125
81.3741075999569	0.428125
81.3909295999911	0.428125
81.4072265999857	0.428125
81.4242435998749	0.428125
81.441054899944	0.428125
81.4575847999658	0.428125
81.4742171999533	0.428125
81.4910277999006	0.428125
81.5073723997921	0.428125
81.5242227998096	0.428125
81.5406487998553	0.428125
81.5571207997855	0.428125
81.5739380999003	0.428125
81.5909028998576	0.428125
81.6071630998049	0.428125
81.6242662998848	0.428125
81.6406685998663	0.428125
81.6575463998597	0.428125
81.6743276999332	0.428125
81.691364399856	0.428125
81.7073456000071	0.428125
81.7243072998244	0.428125
81.7408355998341	0.428125
81.7570999998134	0.428125
81.7738795999903	0.428125
81.7904554998968	0.428125
81.8073084999342	0.428125
81.8243861999363	0.428125
81.8406047997996	0.428125
81.8573255999945	0.428125
81.8737933998927	0.428125
81.8909849999472	0.428125
81.9073967998847	0.428125
81.9242200998124	0.428125
81.9409709000029	0.428125
81.9572905998211	0.428125
81.9739412998315	0.428125
81.9909223997965	0.428125
82.0071382999886	0.428125
82.0239055999555	0.428125
82.041141099995	0.428125
82.0570723998826	0.428125
82.0742458999157	0.428125
82.0906640999019	0.428125
82.1074574999511	0.428125
82.1240553997923	0.428125
82.140964999795	0.428125
82.1575352998916	0.428125
82.1743234999012	0.428125
82.1908595999703	0.428125
82.20739399991	0.428125
82.2240836999845	0.428125
82.2410239998717	0.428125
82.2574087998364	0.428125
82.2737878998742	0.428125
82.2908929998521	0.428125
82.3070385998581	0.428125
82.3241626999807	0.428125
82.3405055999756	0.428125
82.3570403999183	0.428125
82.3739673998207	0.428125
82.391189099988	0.428125
82.4071195998695	0.428125
82.4240037999116	0.428125
82.4412987998221	0.428125
82.4582456999924	0.428125
82.4742155999411	0.428125
82.490345899947	0.428125
82.5073318998329	0.428125
82.5243079999927	0.428125
82.5404510998633	0.428125
82.5574548998848	0.428125
82.5739368000068	0.428125
82.5908817998134	0.428125
82.6074637998827	0.428125
82.6242231999058	0.428125
82.6408793998417	0.428125
82.6571493998636	0.428125
82.6740800999105	0.428125
82.6908837999217	0.428125
82.7070968998596	0.428125
82.7241084999405	0.428125
82.7408102999907	0.428125
82.7573718999047	0.428125
82.7741425000131	0.428125
82.7908298999537	0.428125
82.807007699972	0.428125
82.8238898999989	0.428125
82.8406026999	0.428125
82.857277699979	0.428125
82.8741091999691	0.428125
82.8904028998222	0.428125
82.9072991998401	0.428125
82.9239579997957	0.428125
82.9408467998728	0.428125
82.9570151998196	0.428125
82.974181599915	0.428125
82.9910102998838	0.428125
83.0072538999375	0.428125
83.0267599998042	0.428125
83.0406292998232	0.428125
83.0570095998701	0.428125
83.0735880997963	0.428125
83.0904329998884	0.428125
83.1073252998758	0.428125
83.1238286998123	0.428125
83.1406334999483	0.428125
83.1573119999375	0.428125
83.1741931999568	0.428125
83.1909297998063	0.428125
83.2074139998294	0.428125
83.224083899986	0.428125
83.2406523998361	0.428125
83.257368999999	0.428125
83.2740944998804	0.428125
83.2907651998103	0.428125
83.3074349998496	0.428125
83.3239754999522	0.428125
83.3407544000074	0.428125
83.3573161999229	0.428125
83.3741230999585	0.428125
83.3908681999892	0.428125
83.4071478999685	0.428125
83.4241793998517	0.428125
83.4409327998292	0.428125
83.4573046998121	0.428125
83.4738764998037	0.428125
83.4907821000088	0.428125
83.5074322998989	0.428125
83.5241365998518	0.428125
83.5404901998118	0.428125
83.5570495999418	0.428125
83.5742485998198	0.428125
83.5910489999224	0.428125
83.6075377999805	0.428125
83.6242614998482	0.428125
83.6407510999124	0.428125
83.6573420998175	0.428125
83.6739931998309	0.428125
83.6907414998859	0.428125
83.7071865999606	0.428125
83.7242298999336	0.428125
83.7408858998679	0.428125
83.7572542999405	0.428125
83.7741538998671	0.428125
83.7909157997929	0.428125
83.807553099934	0.428125
83.8242546999827	0.428125
83.8409709997941	0.428125
83.8571446998976	0.428125
83.8740792998578	0.428125
83.890911599854	0.428125
83.9071253999136	0.428125
83.9243673000019	0.428125
83.9407681999728	0.428125
83.9575100999791	0.428125
83.9742516998667	0.428125
83.9906999999657	0.428125
84.0072819998022	0.428125
84.0241666999646	0.428125
84.0406088999007	0.428125
84.0576176999602	0.428125
84.0741153999697	0.428125
84.090610699961	0.428125
84.1075143998023	0.428125
84.1244230999146	0.428125
84.1407662997954	0.428125
84.1571881999262	0.428125
84.1739500998519	0.428125
84.1905319998041	0.428125
84.2069655999076	0.428125
84.2234347998165	0.428125
84.2406905998942	0.428125
84.2574079998303	0.428125
84.2741580000147	0.428125
84.290596799925	0.428125
84.3073076999281	0.428125
84.3240403998643	0.428125
84.3404376998078	0.428125
84.3573425998911	0.428125
84.3739433998708	0.428125
84.3908618998248	0.428125
84.407074399991	0.428125
84.4240097999573	0.428125
84.4407349999528	0.428125
84.4573203998152	0.428125
84.473814399913	0.428125
84.4909643998835	0.428125
84.5073435998056	0.428125
84.5243898998015	0.428125
84.5406045999844	0.428125
84.5571826999076	0.428125
84.5742720998824	0.428125
84.5910870998632	0.428125
84.6073496998288	0.428125
84.624175200006	0.428125
84.640876899939	0.428125
84.6573316999711	0.428125
84.6737318998203	0.428125
84.6908682999201	0.428125
84.707340599969	0.428125
84.724187299842	0.428125
84.7404357998166	0.428125
84.7571955998428	0.428125
84.7745015998371	0.428125
84.7910155998543	0.428125
84.8075087999459	0.428125
84.8237352999859	0.428125
84.8405926998239	0.428125
84.8575408998877	0.428125
84.8743380999658	0.428125
84.8909454999957	0.428125
84.9069600999355	0.428125
84.9238560998347	0.428125
84.9407579000108	0.428125
84.9573098998517	0.428125
84.9742203999776	0.428125
84.9909678997938	0.428125
85.007066299906	0.428125
85.024274099851	0.428125
85.0405177997891	0.428125
85.0573017999995	0.428125
85.0741353000049	0.428125
85.0904930999968	0.428125
85.1071122998837	0.428125
85.1248965999112	0.428125
85.1404788999353	0.428125
85.1572090999689	0.428125
85.1739506998565	0.428125
85.1909011998214	0.428125
85.2071655998006	0.428125
85.2237587999552	0.428125
85.2408737998921	0.428125
85.2572756998707	0.428125
85.2742360997945	0.428125
85.2907604998909	0.428125
85.3072941999417	0.428125
85.3239871999249	0.428125
85.3407533999998	0.428125
85.3572840997949	0.428125
85.374230899848	0.428125
85.3908869998995	0.428125
85.4072574998718	0.428125
85.4240639999043	0.428125
85.4424472998362	0.428125
85.457293999847	0.428125
85.4745149998926	0.428125
85.4906697999686	0.428125
85.5072005998809	0.428125
85.5241545999888	0.428125
85.5404656999744	0.428125
85.5571768998634	0.428125
85.5740743998904	0.428125
85.5903328999411	0.428125
85.6074957998935	0.428125
85.6241427999921	0.428125
85.6407203997951	0.428125
85.6568952999078	0.428125
85.6742810998112	0.428125
85.6905284998938	0.428125
85.7069413999561	0.428125
85.7237547999248	0.428125
85.7409377999138	0.428125
85.7573107997887	0.428125
85.7741799999494	0.428125
85.7910836997908	0.428125
85.8071935998742	0.428125
85.8240609997883	0.428125
85.8408718998544	0.428125
85.8570191999897	0.428125
85.8740207999945	0.428125
85.8907895998564	0.428125
85.9071719998028	0.428125
85.9243675998878	0.428125
85.9403198999353	0.428125
85.9568286999129	0.428125
85.9739053999074	0.428125
85.9908357998356	0.428125
86.0071222998668	0.428125
86.0239475998096	0.428125
86.0406076000072	0.428125
86.0572150999215	0.428125
86.0742560999934	0.428125
86.090509200003	0.428125
86.1073056999594	0.428125
86.1239249999635	0.428125
86.1403948999941	0.428125
86.1571764999535	0.428125
86.1740880999714	0.428125
86.1907964998391	0.428125
86.2069488998968	0.428125
86.2237594998442	0.428125
86.2407986999024	0.428125
86.25719259982	0.428125
86.274234799901	0.428125
86.2907659998164	0.428125
86.3073381998111	0.428125
86.323979599867	0.428125
86.3409937999677	0.428125
86.3569866998587	0.428125
86.3740067000035	0.428125
86.3908845998812	0.428125
86.4067306998186	0.428125
86.4242552998476	0.428125
86.4408833999187	0.428125
86.4572629998438	0.428125
86.474354099948	0.428125
86.4903845998924	0.428125
86.5073028998449	0.428125
86.5238041998819	0.428125
86.5404550998937	0.428125
86.5572629999369	0.428125
86.5740859999787	0.428125
86.5909760999493	0.428125
86.6072120999452	0.428125
86.6240731999278	0.428125
86.640505899908	0.428125
86.6573212998919	0.428125
86.6740225998219	0.428125
86.6903946998063	0.428125
86.7073582999874	0.444791666666667
86.7239626999944	0.444791666666667
86.7410979999695	0.4625
86.7570197999012	0.471875
86.7740027999971	0.480208333333333
86.7909417999908	0.480208333333333
86.8069197000004	0.480208333333333
86.824176899856	0.480208333333333
86.840654599946	0.480208333333333
86.8568116999231	0.480208333333333
86.8742104999255	0.480208333333333
86.890705099795	0.480208333333333
86.9068610998802	0.480208333333333
86.9240011998918	0.480208333333333
86.9403329999186	0.480208333333333
86.9569138998631	0.480208333333333
86.9740354998503	0.480208333333333
86.990164599847	0.480208333333333
87.0069968998432	0.480208333333333
87.0240406999364	0.480208333333333
87.0408866999205	0.480208333333333
87.056781699881	0.480208333333333
87.074042199878	0.480208333333333
87.0906783998944	0.480208333333333
87.1070813999977	0.480208333333333
87.123793900013	0.480208333333333
87.1407076998148	0.480208333333333
87.1572802998126	0.480208333333333
87.1740708998404	0.480208333333333
87.1906210999005	0.480208333333333
87.2072743999306	0.480208333333333
87.2242723999079	0.480208333333333
87.2407662998885	0.480208333333333
87.2569649999496	0.480208333333333
87.2738344999962	0.480208333333333
87.2915637998376	0.480208333333333
87.307198099792	0.480208333333333
87.3241643998772	0.480208333333333
87.3407757999375	0.480208333333333
87.3572342998814	0.480208333333333
87.3739653998055	0.480208333333333
87.3908527998719	0.480208333333333
87.4071753998287	0.480208333333333
87.4242024999112	0.480208333333333
87.4405882998835	0.480208333333333
87.4573888999876	0.472916666666667
87.4747200999409	0.472916666666667
87.4905495999847	0.472916666666667
87.507253699936	0.472916666666667
87.5243039999623	0.472916666666667
87.5408419999294	0.464583333333333
87.5573352999054	0.45625
87.5743209999055	0.45625
87.5902499000076	0.45625
87.6073532998562	0.45625
87.6239378999453	0.45625
87.6403469999786	0.45625
87.6572643998079	0.45625
87.6737645999528	0.45625
87.6905767999124	0.45625
87.7072510998696	0.45625
87.7237135998439	0.45625
87.74050049996	0.45625
87.7572550999466	0.45625
87.7740372999106	0.45625
87.7903275999706	0.45625
87.8070300999098	0.45625
87.8239817998838	0.45625
87.8402383998036	0.45625
87.8567442998756	0.45625
87.8739546998404	0.45625
87.8906713998877	0.45625
87.9069232000038	0.45625
87.923824199941	0.45625
87.9408914998639	0.45625
87.9571225999389	0.45625
87.9741247999482	0.45625
87.9906735999975	0.45625
88.0071880999021	0.45625
88.0239243998658	0.45625
88.040587999858	0.45625
88.0568972998299	0.45625
88.0741196998861	0.45625
88.0904169999994	0.45625
88.1070558999199	0.45625
88.123969799839	0.45625
88.1406568000093	0.45625
88.1568798997905	0.45625
88.1739799999632	0.45625
88.1907819998451	0.45625
88.2070360998623	0.45625
88.2237011999823	0.45625
88.2405549997929	0.45625
88.2571902999189	0.45625
88.2738588999491	0.45625
88.2904969998635	0.45625
88.3069873999339	0.45625
88.3237073000055	0.45625
88.3403025998268	0.45625
88.3570699999109	0.45625
88.3741062998306	0.45625
88.3902913997881	0.45625
88.4069751999341	0.45625
88.4243079000153	0.45625
88.4409862998873	0.45625
88.4571660999209	0.45625
88.4738698999863	0.45625
88.4908868998755	0.45625
88.5068510998972	0.45625
88.5241346999537	0.45625
88.5405166998971	0.45625
88.5571623998694	0.45625
88.5742094998714	0.45625
88.5906022000127	0.45625
88.6068112999201	0.45625
88.6238736999221	0.45625
88.6402873999905	0.45625
88.6575215999037	0.45625
88.6742893999908	0.45625
88.6907233998645	0.45625
88.7072701998986	0.45625
88.7240187998395	0.45625
88.740587099921	0.45625
88.7569128999021	0.45625
88.7739506999496	0.45625
88.7907978999428	0.45625
88.8069044000003	0.45625
88.8240534998477	0.45625
88.8406285999808	0.45625
88.8566930999514	0.45625
88.8740092997905	0.45625
88.8906107000075	0.45625
88.9068702999502	0.45625
88.9240498999134	0.45625
88.9405633998103	0.45625
88.9572204998694	0.45625
88.9739695999306	0.45625
88.990570299793	0.45625
89.0071577997878	0.45625
89.0240910998546	0.45625
89.0411629998125	0.45625
89.0569645999931	0.45625
89.0739960998762	0.45625
89.090603799792	0.45625
89.1071316997986	0.45625
89.1239540998358	0.45625
89.1404581998941	0.45625
89.1568658999167	0.45625
89.1737865998875	0.45625
89.1907374998555	0.45625
89.2068652999587	0.45625
89.2239970997907	0.45625
89.2405664999969	0.45625
89.2572503997944	0.45625
89.2737023998052	0.45625
89.2902068998665	0.45625
89.3070053998381	0.45625
89.3239648998715	0.45625
89.3401246999856	0.45625
89.356843699934	0.45625
89.374099999899	0.45625
89.390177299967	0.45625
89.407042299863	0.45625
89.4241704999004	0.45625
89.4401712999679	0.45625
89.4569972997997	0.45625
89.4740818999708	0.45625
89.4905161999632	0.45625
89.5071235999931	0.45625
89.5241031998303	0.45625
89.5404478998389	0.45625
89.5572154999245	0.45625
89.5739094999153	0.45625
89.5904083999339	0.45625
89.6069208998233	0.45625
89.6234923999291	0.45625
89.6403631998692	0.45625
89.6569474998396	0.45625
89.6733614997938	0.45625
89.6905582000036	0.45625
89.7067994999234	0.45625
89.7237282998394	0.45625
89.7423299998045	0.45625
89.7583091999404	0.45625
89.7734794998541	0.45625
89.7905489997938	0.45625
89.8068165997975	0.45625
89.8238976998255	0.45625
89.8407053998671	0.45625
89.8568636998534	0.45625
89.8741078998428	0.45625
89.8905660000164	0.45625
89.9071690000128	0.45625
89.9238548998255	0.45625
89.9405668999534	0.45625
89.9568138998002	0.45625
89.9739535998087	0.45625
89.990660399897	0.45625
90.0070888998453	0.45625
90.0240181998815	0.45625
90.0403102999553	0.45625
90.0573328998871	0.45625
90.0740111998748	0.45625
90.0906073998194	0.45625
90.1071327999234	0.45625
90.1235068999231	0.45625
90.1404613999184	0.45625
90.156835799804	0.45625
90.1738574998453	0.45625
90.1904603999574	0.45625
90.2071455998812	0.45625
90.2239198999014	0.45625
90.2405899998266	0.45625
90.2569762999192	0.45625
90.274148499826	0.45625
90.2900429000147	0.45625
90.3074332999531	0.45625
90.3240938999224	0.45625
90.3407187999692	0.45625
90.3571036998183	0.45625
90.373824399896	0.45625
90.3901583999395	0.45625
90.4071323999669	0.45625
90.423934499966	0.45625
90.4406325998716	0.45625
90.4575073998421	0.45625
90.4738699998707	0.45625
90.4904848998412	0.45625
90.5069057999644	0.45625
90.524170299992	0.45625
90.5398466999177	0.45625
90.5571341998875	0.45625
90.5739180999808	0.45625
90.5905043999664	0.45625
90.6067380998284	0.45625
90.6238716999069	0.45625
90.6406701998785	0.45625
90.6574184999336	0.45625
90.6740323000122	0.45625
90.6905519999564	0.45625
90.7076914999634	0.45625
90.7240833998658	0.45625
90.7407970998902	0.45625
90.757139199879	0.45625
90.7738586999476	0.45625
90.7902857998852	0.45625
90.8069448999595	0.45625
90.8239872998092	0.45625
90.8402085998096	0.45625
90.8571641999297	0.45625
90.8742280998267	0.45625
90.8903790998738	0.45625
90.9071388999	0.45625
90.9237253000028	0.45625
90.9402922999579	0.45625
90.9571990999393	0.45625
90.9739476998802	0.45625
90.9902987999376	0.45625
91.0068657998927	0.45625
91.0235627999064	0.45625
91.0404786998406	0.45625
91.0571856999304	0.45625
91.0739279999398	0.45625
91.090456899954	0.45625
91.1070659998804	0.45625
91.1238312998321	0.45625
91.1404872999992	0.45625
91.1568432999775	0.45625
91.1735540998634	0.45625
91.1903245998546	0.45625
91.2069093999453	0.45625
91.2235798998736	0.45625
91.2403074998874	0.45625
91.2566583999433	0.45625
91.2732528999913	0.45625
91.2898333999328	0.45625
91.3066052999347	0.45625
91.3237736998126	0.45625
91.3404220999219	0.45625
91.3567611000035	0.45625
91.3739036999177	0.45625
91.39039519988	0.45625
91.4069026999641	0.45625
91.42341079982	0.45625
91.4403181998059	0.45625
91.4573930997867	0.45625
91.473868199857	0.45625
91.4902625998948	0.45625
91.5072254999541	0.45625
91.5238729999401	0.45625
91.5406231998932	0.45625
91.5569488999899	0.45625
91.5740570998751	0.45625
91.5903689998668	0.45625
91.6072022998706	0.45625
91.6240767999552	0.45625
91.6407025998924	0.45625
91.6567394998856	0.45625
91.6738961997908	0.45625
91.6901620000135	0.45625
91.7067444999702	0.45625
91.7236105999909	0.45625
91.7407628998626	0.45625
91.7569214999676	0.45625
91.7740042000078	0.45625
91.7906449998263	0.45625
91.8071455999743	0.45625
91.8236934000161	0.45625
91.8410168997943	0.45625
91.8570606999565	0.45625
91.8739978999365	0.45625
91.8905114999507	0.45625
91.9073306999635	0.45625
91.9239957998507	0.45625
91.9402073000092	0.45625
91.9568346999586	0.45625
91.9734821999446	0.45625
91.9903159998357	0.45625
92.007157499902	0.45625
92.0238707999233	0.45625
92.040378900012	0.45625
92.057477099821	0.45625
92.0739662998822	0.45625
92.0902827999089	0.45625
92.1072285999544	0.45625
92.123974399874	0.45625
92.140447099926	0.45625
92.1570742998738	0.45625
92.1741610998288	0.45625
92.1904871999286	0.45625
92.2070108999033	0.45625
92.2234707998578	0.45625
92.2402894999832	0.45625
92.2568168998696	0.45625
92.2741476998199	0.45625
92.2906900998205	0.45625
92.3073948998936	0.45625
92.3237607998308	0.45625
92.3405065999832	0.45625
92.3571721999906	0.45625
92.3738105997909	0.45625
92.3902747000102	0.45625
92.4068455998786	0.45625
92.4238249999471	0.45625
92.4403082998469	0.45625
92.4571024000179	0.45625
92.4738606999163	0.45625
92.4903949999716	0.45625
92.5070650998969	0.45625
92.5237353998236	0.45625
92.5405851998366	0.45625
92.5571601998527	0.45625
92.5739329999778	0.45625
92.5904867998324	0.45625
92.6070290999487	0.45625
92.6236866000108	0.45625
92.640060900012	0.45625
92.6569101999048	0.45625
92.6736425999552	0.45625
92.6903878999874	0.45625
92.7071512998082	0.45625
92.7234673998319	0.45625
92.7399534999859	0.45625
92.7569367999677	0.45625
92.7739118000027	0.45625
92.7905119999778	0.45625
92.807094699936	0.45625
92.823765899986	0.45625
92.840234400006	0.45625
92.8567362998147	0.45625
92.8738430999219	0.45625
92.8903073999099	0.45625
92.9068603999913	0.45625
92.9234697998036	0.45625
92.9404335999861	0.45625
92.9571991998237	0.45625
92.9739130998496	0.45625
92.9906018998008	0.45625
93.0067957998253	0.45625
93.0237360999454	0.45625
93.0403071998153	0.45625
93.0571043000091	0.45625
93.0740539999679	0.45625
93.0905325999483	0.45625
93.1068402999081	0.45625
93.1237061999273	0.45625
93.1405805998947	0.45625
93.1571353999898	0.45625
93.1735257999972	0.45625
93.1903501998167	0.45625
93.2071794997901	0.45625
93.2237042000052	0.45625
93.2403133998159	0.45625
93.257158999797	0.45625
93.2735902999993	0.45625
93.2901258999482	0.45625
93.3070240998641	0.45625
93.3237754998263	0.45625
93.3403824998531	0.45625
93.3566897998098	0.45625
93.3735615999904	0.45625
93.3902659998275	0.45625
93.4071427998133	0.45625
93.4235704999883	0.45625
93.4404598998372	0.45625
93.4572538998909	0.45625
93.4736728998832	0.45625
93.490563099971	0.45625
93.5071156998165	0.45625
93.5238437999506	0.45625
93.5406029999722	0.45625
93.5571069999132	0.45625
93.5739748999476	0.45625
93.5904503997881	0.45625
93.6070709999185	0.45625
93.6239414999727	0.45625
93.6398101998493	0.45625
93.6570646998007	0.45625
93.6738536998164	0.45625
93.69058389985	0.45625
93.7066871998832	0.45625
93.7238588999026	0.45625
93.7404345998075	0.45625
93.7571654999629	0.45625
93.7739344998263	0.45625
93.7905174999032	0.45625
93.8072569998913	0.45625
93.8237026999705	0.45625
93.840370999882	0.45625
93.8569916000124	0.45625
93.8735358999111	0.45625
93.8901376998983	0.45625
93.9070694998372	0.45625
93.9236688998062	0.45625
93.9402455999516	0.45625
93.9570255998988	0.45625
93.9739883998409	0.45625
93.9904861999676	0.45625
94.0066417998169	0.45625
94.0236605999526	0.45625
94.0407445000019	0.45625
94.0569467998575	0.45625
94.0736191999167	0.45625
94.0899898000062	0.45625
94.1072949999943	0.45625
94.1237090998329	0.45625
94.1398455000017	0.45625
94.1571321999654	0.45625
94.1737132999115	0.45625
94.1904308998492	0.45625
94.2070028998423	0.45625
94.2238229999784	0.45625
94.2402869998477	0.45625
94.2569730998948	0.45625
94.2737802998163	0.45625
94.2900859999936	0.45625
94.3068647999316	0.45625
94.3238406998571	0.45625
94.3397921000142	0.45625
94.3572032998782	0.45625
94.3735384999309	0.45625
94.3903524999041	0.45625
94.4071961999871	0.45625
94.4237808999605	0.45625
94.4398982999846	0.45625
94.4571501999162	0.45625
94.4738900999073	0.45625
94.490218399791	0.45625
94.5071315998212	0.45625
94.5238938999828	0.45625
94.5403430999722	0.45625
94.5570576000027	0.45625
94.5738030998036	0.45625
94.5899724999908	0.45625
94.607057799818	0.45625
94.6236455999315	0.45625
94.6399865997955	0.45625
94.6570665999316	0.45625
94.6738881999627	0.45625
94.6902650999837	0.45625
94.7071276998613	0.45625
94.7238436997868	0.45625
94.7401059998665	0.45625
94.7569138999097	0.45625
94.7735307000112	0.45625
94.7903541999403	0.45625
94.8067604999524	0.45625
94.823820799822	0.45625
94.8403453999199	0.45625
94.857027699938	0.45625
94.8739358999301	0.45625
94.8903856999241	0.45625
94.9069013998378	0.45625
94.9235412999988	0.45625
94.9402931998484	0.45625
94.9567427998409	0.45625
94.9733309999574	0.45625
94.9901254998986	0.45625
95.006560199894	0.45625
95.0235083999578	0.45625
95.0402056998573	0.45625
95.0563387000002	0.45625
95.0736202998087	0.45625
95.0903576998971	0.45625
95.1069099998567	0.45625
95.1232985998504	0.45625
95.1397532999981	0.45625
95.1570057999343	0.45625
95.1731336999219	0.45625
95.1903672998305	0.45625
95.2069052997977	0.45625
95.2236379999667	0.45625
95.2402677999344	0.45625
95.2569856999908	0.45625
95.2735095999669	0.45625
95.2896649998147	0.45625
95.3067701999098	0.45625
95.323956299806	0.45625
95.340317199938	0.45625
95.3569753998891	0.45625
95.3735938000027	0.45625
95.3903736998327	0.45625
95.4071431998163	0.45625
95.423461999977	0.45625
95.4403705999721	0.45625
95.4570787998382	0.45625
95.4735538999084	0.45625
95.4899067999795	0.45625
95.5069155998062	0.45625
95.5239416998811	0.45625
95.5397654999979	0.45625
95.5569090999197	0.45625
95.573736899998	0.45625
95.5903647998348	0.45625
95.606742599979	0.45625
95.6241313999053	0.45625
95.6399050999898	0.45625
95.6571793998592	0.45625
95.673753199866	0.45625
95.6899544999469	0.45625
95.7073216999415	0.45625
95.7238635998219	0.45625
95.7401007998269	0.45625
95.7571405998897	0.45625
95.77370349993	0.45625
95.7903885999694	0.45625
95.807029399788	0.45625
95.8233420997858	0.45625
95.8399488998111	0.45625
95.8570916999597	0.45625
95.87365759979	0.45625
95.8903026999906	0.45625
95.9072135998867	0.45625
95.9236469999887	0.45625
95.9396965999622	0.45625
95.9567872998305	0.45625
95.9737261999398	0.45625
95.9902241998352	0.45625
96.0068892999552	0.45625
96.0237785999198	0.45625
96.0401358997915	0.45625
96.0569513000082	0.45625
96.0737203999888	0.45625
96.0903274000157	0.45625
96.106848699972	0.45625
96.1236403998919	0.45625
96.1402256998699	0.45625
96.1567890997976	0.45625
96.1733396998607	0.45625
96.1902127999347	0.45625
96.2067074999213	0.45625
96.2230507999193	0.45625
96.2401091000065	0.45625
96.2567355998326	0.45625
96.2732779998332	0.45625
96.2902048998512	0.45625
96.306944699958	0.45625
96.323487999849	0.45625
96.3402505000122	0.45625
96.3569167999085	0.45625
96.373780899914	0.45625
96.3898928000126	0.45625
96.4070063999388	0.45625
96.4234785998706	0.45625
96.4401769000106	0.45625
96.4570670998655	0.45625
96.4736820999533	0.45625
96.4900851999409	0.45625
96.5070213999134	0.45625
96.5237471999135	0.45625
96.5397706998046	0.45625
96.5568760000169	0.45625
96.5738452998921	0.45625
96.5897969999351	0.45625
96.6068964998703	0.45625
96.6236028999556	0.45625
96.6399182998575	0.45625
96.6568383998238	0.45625
96.6736090998165	0.45625
96.6900592998136	0.45625
96.7069233998191	0.45625
96.7238329998218	0.45625
96.7397884000093	0.45625
96.7569090998732	0.463541666666667
96.7735840999521	0.463541666666667
96.7902774999384	0.463541666666667
96.8069130999502	0.463541666666667
96.8235431998037	0.463541666666667
96.8402254998218	0.463541666666667
96.8569576998707	0.463541666666667
96.8741796999238	0.463541666666667
96.8900803998113	0.463541666666667
96.9071282998193	0.463541666666667
96.9236438998487	0.463541666666667
96.9397873999551	0.463541666666667
96.956713499967	0.463541666666667
96.9737485998776	0.463541666666667
96.9902613000013	0.463541666666667
97.0069279000163	0.463541666666667
97.0237023998052	0.472916666666667
97.0402848999947	0.48125
97.0570651998278	0.48125
97.0736222998239	0.48125
97.0900781999808	0.48125
97.1072081997991	0.489583333333333
97.1237802999094	0.489583333333333
97.140166600002	0.497916666666667
97.1570544999558	0.497916666666667
97.1736327998806	0.497916666666667
97.1899558999576	0.497916666666667
97.2066740000155	0.497916666666667
97.2237767998595	0.497916666666667
97.2401343998499	0.497916666666667
97.2570019999985	0.497916666666667
97.2738130998332	0.497916666666667
97.2900334999431	0.497916666666667
97.3065482999664	0.497916666666667
97.323464699788	0.497916666666667
97.3397471997887	0.497916666666667
97.3568038998637	0.497916666666667
97.3736252998933	0.497916666666667
97.390169999795	0.497916666666667
97.4065570998937	0.497916666666667
97.4235976999626	0.497916666666667
97.4399323000107	0.497916666666667
97.4570347999688	0.497916666666667
97.4736873998772	0.497916666666667
97.4902344997972	0.497916666666667
97.5070909999777	0.497916666666667
97.523303899914	0.497916666666667
97.5396540998481	0.497916666666667
97.5567962999921	0.497916666666667
97.5737396997865	0.497916666666667
97.5902016998734	0.497916666666667
97.6071893998887	0.497916666666667
97.6236425999086	0.497916666666667
97.6403452998493	0.497916666666667
97.6572610000148	0.497916666666667
97.6734711998142	0.497916666666667
97.6902032999787	0.497916666666667
97.7067062999122	0.497916666666667
97.723449899815	0.497916666666667
97.7397079998627	0.497916666666667
97.7568997999188	0.497916666666667
97.7734840998892	0.497916666666667
97.7903067998122	0.497916666666667
97.8070199999493	0.497916666666667
97.8235445998143	0.497916666666667
97.8400814998895	0.497916666666667
97.8567627000157	0.497916666666667
97.8735871999525	0.497916666666667
97.8901422999334	0.497916666666667
97.9070631999057	0.497916666666667
97.9234728999436	0.497916666666667
97.9401635997929	0.497916666666667
97.956602799939	0.497916666666667
97.9735681000166	0.497916666666667
97.9896830997895	0.497916666666667
98.006961699808	0.497916666666667
98.0232710000128	0.497916666666667
98.04006629996	0.497916666666667
98.0568714998662	0.497916666666667
98.0734858999494	0.497916666666667
98.0900700998027	0.497916666666667
98.1066236000042	0.497916666666667
98.1238031999674	0.497916666666667
98.1398969998118	0.497916666666667
98.1569447999354	0.497916666666667
98.1736326999962	0.497916666666667
98.1899868999608	0.497916666666667
98.2069182998966	0.497916666666667
98.2235564999282	0.497916666666667
98.2397643998265	0.497916666666667
98.2566252998076	0.497916666666667
98.2735727999825	0.497916666666667
98.2897104998119	0.497916666666667
98.3067694997881	0.497916666666667
98.3234277998563	0.497916666666667
98.3401387999766	0.497916666666667
98.3566733999178	0.497916666666667
98.3733906999696	0.497916666666667
98.3904766999185	0.497916666666667
98.4064447998535	0.497916666666667
98.42338069994	0.497916666666667
98.4397034998983	0.497916666666667
98.456882199971	0.497916666666667
98.4731784998439	0.497916666666667
98.4896837999113	0.497916666666667
98.5070841999259	0.497916666666667
98.5237143998966	0.497916666666667
98.5396766997874	0.497916666666667
98.5569321999792	0.497916666666667
98.5732022000011	0.497916666666667
98.5901321999263	0.497916666666667
98.6070961998776	0.497916666666667
98.6234073999804	0.497916666666667
98.6404935999308	0.497916666666667
98.6570283998735	0.497916666666667
98.6736353999004	0.497916666666667
98.6898334999569	0.497916666666667
98.7068394999951	0.497916666666667
98.7235593998339	0.497916666666667
98.7396117998287	0.497916666666667
98.7565865998622	0.497916666666667
98.7732134999242	0.497916666666667
98.7899125998374	0.497916666666667
98.8067294999491	0.497916666666667
98.8237972999923	0.497916666666667
98.8400088998023	0.497916666666667
98.8568616998382	0.497916666666667
98.8737393999472	0.497916666666667
98.8902636999264	0.497916666666667
98.9068341997918	0.497916666666667
98.9235992999747	0.497916666666667
98.9400388000067	0.497916666666667
98.9567442999687	0.497916666666667
98.973564799875	0.497916666666667
98.9902597998735	0.497916666666667
99.0065840999596	0.497916666666667
99.0231972998008	0.497916666666667
99.0397618999705	0.497916666666667
99.0565823998768	0.497916666666667
99.0736854998395	0.497916666666667
99.0897164999042	0.497916666666667
99.1071186999325	0.497916666666667
99.1235584998503	0.497916666666667
99.1399720998015	0.497916666666667
99.1569340999704	0.497916666666667
99.1736075999215	0.497916666666667
99.1899749999866	0.497916666666667
99.2070736999158	0.497916666666667
99.2236719999928	0.497916666666667
99.2399308998138	0.497916666666667
99.2566430999432	0.497916666666667
99.2731817997992	0.497916666666667
99.2897095999215	0.497916666666667
99.307036299957	0.497916666666667
99.323227299843	0.497916666666667
99.3403346999548	0.497916666666667
99.3567083999515	0.497916666666667
99.3735799998976	0.497916666666667
99.3900660998188	0.497916666666667
99.4071312998421	0.497916666666667
99.4234346000012	0.497916666666667
99.4403223998379	0.497916666666667
99.4569138998631	0.497916666666667
99.4734608000144	0.497916666666667
99.4902242999524	0.497916666666667
99.5066372000147	0.497916666666667
99.5235037999228	0.497916666666667
99.540028099902	0.497916666666667
99.5582975000143	0.497916666666667
99.5738385999575	0.497916666666667
99.5902100999374	0.497916666666667
99.6066506998613	0.497916666666667
99.6234577000141	0.497916666666667
99.6401130999438	0.497916666666667
99.6568989998195	0.497916666666667
99.673598999856	0.497916666666667
99.6900564997923	0.497916666666667
99.7064714999869	0.497916666666667
99.723173599923	0.497916666666667
99.740254699951	0.497916666666667
99.7567898000125	0.497916666666667
99.7733892998658	0.497916666666667
99.7897186998744	0.497916666666667
99.8070155999158	0.497916666666667
99.8235477998387	0.497916666666667
99.8403073998634	0.497916666666667
99.856819699984	0.497916666666667
99.8732427998912	0.497916666666667
99.8897991999984	0.497916666666667
99.908796899952	0.497916666666667
99.9232373998966	0.497916666666667
99.9398242998868	0.497916666666667
99.9564081998542	0.497916666666667
99.9731695000082	0.497916666666667
99.9898651000112	0.497916666666667
100.006793999812	0.497916666666667
100.023511299863	0.497916666666667
100.039901199983	0.497916666666667
100.056696199812	0.497916666666667
100.073723099893	0.497916666666667
100.089865899878	0.497916666666667
100.106736899819	0.497916666666667
100.123470999999	0.497916666666667
100.139703399967	0.497916666666667
100.156734399963	0.497916666666667
100.17353229993	0.497916666666667
100.189734599786	0.497916666666667
100.206787999952	0.497916666666667
100.223579699872	0.497916666666667
100.239803100005	0.497916666666667
100.256617999868	0.497916666666667
100.273545600008	0.497916666666667
100.289783599786	0.497916666666667
100.306765999878	0.497916666666667
100.323471799958	0.497916666666667
100.339836099884	0.497916666666667
100.356870399788	0.497916666666667
100.373473499902	0.497916666666667
100.389999199891	0.497916666666667
100.406972399913	0.497916666666667
100.423191299895	0.497916666666667
100.440184599953	0.497916666666667
100.457020399859	0.497916666666667
100.473684799857	0.497916666666667
100.489761299919	0.497916666666667
100.506606600014	0.497916666666667
100.523461199831	0.497916666666667
100.539887199877	0.497916666666667
100.557014899794	0.497916666666667
100.57363489992	0.497916666666667
100.589876399841	0.497916666666667
100.606998499949	0.497916666666667
100.623534899903	0.497916666666667
100.639821999939	0.497916666666667
100.656981599983	0.497916666666667
100.673255199799	0.497916666666667
100.689764200011	0.497916666666667
100.706597599899	0.497916666666667
100.723165699979	0.497916666666667
100.739852499915	0.497916666666667
100.756721199956	0.497916666666667
100.773467299994	0.497916666666667
100.790005799849	0.497916666666667
100.806792799849	0.497916666666667
100.82342869998	0.497916666666667
100.839805499883	0.497916666666667
100.856749899918	0.497916666666667
100.873300799867	0.497916666666667
100.889838899951	0.497916666666667
100.906812399859	0.497916666666667
100.923385499977	0.497916666666667
100.939743299969	0.497916666666667
100.956414300017	0.497916666666667
100.973445100011	0.497916666666667
100.989742399892	0.497916666666667
101.006600499852	0.497916666666667
101.023555499967	0.497916666666667
101.039705500007	0.497916666666667
101.056510699913	0.497916666666667
101.073423599824	0.497916666666667
101.090237399796	0.497916666666667
101.106769299833	0.497916666666667
101.1234253	0.497916666666667
101.139873999869	0.497916666666667
101.156390199903	0.497916666666667
101.17317399988	0.497916666666667
101.189742399845	0.497916666666667
101.206722699804	0.497916666666667
101.223435399821	0.497916666666667
101.240039799828	0.497916666666667
101.256984999869	0.497916666666667
101.273388199974	0.497916666666667
101.2899207999	0.497916666666667
101.306675900007	0.497916666666667
101.323715299834	0.497916666666667
101.340096399887	0.497916666666667
101.356693299953	0.497916666666667
101.373310599942	0.497916666666667
101.389797499869	0.497916666666667
101.406507699983	0.497916666666667
101.423478799872	0.497916666666667
101.439995199908	0.497916666666667
101.456666499842	0.497916666666667
101.473198899999	0.497916666666667
101.489862499991	0.497916666666667
101.506670099916	0.497916666666667
101.523549199803	0.497916666666667
101.539688199991	0.497916666666667
101.557095699944	0.497916666666667
101.573447200004	0.497916666666667
101.589714400005	0.497916666666667
101.60678329994	0.497916666666667
101.623540999833	0.497916666666667
101.63981209998	0.497916666666667
101.656857799971	0.497916666666667
101.673380399821	0.497916666666667
101.68971989979	0.497916666666667
101.706593899988	0.497916666666667
101.72344319988	0.497916666666667
101.739830799866	0.497916666666667
101.756769999862	0.497916666666667
101.773581499932	0.497916666666667
101.789940799819	0.497916666666667
101.80668589985	0.497916666666667
101.823337299982	0.497916666666667
101.839764999924	0.497916666666667
101.85679199989	0.497916666666667
101.873130599968	0.497916666666667
101.890157699818	0.497916666666667
101.906808899948	0.497916666666667
101.923213899834	0.497916666666667
101.940236299997	0.497916666666667
101.956670199987	0.497916666666667
101.973342999816	0.497916666666667
101.990267999936	0.497916666666667
102.006953599863	0.497916666666667
102.023224700009	0.497916666666667
102.039738799911	0.497916666666667
102.057281899964	0.497916666666667
102.073281299789	0.497916666666667
102.089780799812	0.497916666666667
102.106786599848	0.497916666666667
102.12285439996	0.497916666666667
102.139714899939	0.497916666666667
102.156752299983	0.497916666666667
102.17348379991	0.497916666666667
102.189782999922	0.497916666666667
102.20657969988	0.497916666666667
102.22344229999	0.497916666666667
102.240317699965	0.497916666666667
102.256644899957	0.497916666666667
102.273150099907	0.497916666666667
102.290028999792	0.497916666666667
102.306530899834	0.497916666666667
102.323252999922	0.497916666666667
102.339682199992	0.497916666666667
102.356430999935	0.497916666666667
102.373370899819	0.497916666666667
102.389716199832	0.497916666666667
102.406862699892	0.497916666666667
102.423352799844	0.497916666666667
102.439703299897	0.497916666666667
102.456797299907	0.497916666666667
102.473478199914	0.497916666666667
102.489587799879	0.497916666666667
102.506809199927	0.497916666666667
102.523178899894	0.497916666666667
102.539793999866	0.497916666666667
102.556632699911	0.497916666666667
102.573588899802	0.497916666666667
102.589980999939	0.497916666666667
102.606381199788	0.497916666666667
102.623217499815	0.497916666666667
102.640010599978	0.497916666666667
102.65672479989	0.497916666666667
102.673324199859	0.497916666666667
102.68984050001	0.497916666666667
102.706857600017	0.497916666666667
102.723181699868	0.497916666666667
102.739843499847	0.497916666666667
102.756879099878	0.497916666666667
102.773683300009	0.497916666666667
102.789902199991	0.497916666666667
102.806491399882	0.497916666666667
102.823291799985	0.497916666666667
102.839681399986	0.497916666666667
102.856798799941	0.497916666666667
102.873361199861	0.497916666666667
102.889763699844	0.497916666666667
102.906934199855	0.497916666666667
102.923558200011	0.497916666666667
102.939658099785	0.497916666666667
102.95656179986	0.497916666666667
102.973543799948	0.497916666666667
102.989712500013	0.497916666666667
103.006572499871	0.497916666666667
103.02328939992	0.497916666666667
103.039730599849	0.497916666666667
103.056675300002	0.497916666666667
103.073224899825	0.497916666666667
103.089881799882	0.497916666666667
103.10666979989	0.497916666666667
103.123466099845	0.497916666666667
103.139985599788	0.497916666666667
103.156696599908	0.497916666666667
103.173366099829	0.497916666666667
103.190289399819	0.497916666666667
103.207109399838	0.497916666666667
103.223366799997	0.497916666666667
103.24001339986	0.497916666666667
103.256900199922	0.497916666666667
103.27328939992	0.497916666666667
103.290097099962	0.497916666666667
103.306695299922	0.497916666666667
103.323192099808	0.497916666666667
103.340398999862	0.497916666666667
103.356749799801	0.497916666666667
103.373301099986	0.497916666666667
103.390138899907	0.497916666666667
103.406826599967	0.497916666666667
103.423132199794	0.497916666666667
103.439832099946	0.497916666666667
103.456716099987	0.497916666666667
103.473271299852	0.497916666666667
103.49007369997	0.497916666666667
103.506843899842	0.497916666666667
103.523354499834	0.497916666666667
103.540178199997	0.497916666666667
103.556681699818	0.497916666666667
103.573194299825	0.497916666666667
103.590096300002	0.497916666666667
103.606462799944	0.497916666666667
103.623315299861	0.497916666666667
103.639405299909	0.497916666666667
103.656380099943	0.497916666666667
103.673345499905	0.497916666666667
103.689796699909	0.497916666666667
103.7067199999	0.497916666666667
103.723352900008	0.497916666666667
103.739790599793	0.497916666666667
103.756667400012	0.497916666666667
103.773350799922	0.497916666666667
103.790043599904	0.497916666666667
103.806733699981	0.497916666666667
103.823345399927	0.497916666666667
103.840252699796	0.497916666666667
103.856636399869	0.497916666666667
103.873464199947	0.497916666666667
103.8902143999	0.497916666666667
103.906775799813	0.497916666666667
103.92321519996	0.497916666666667
103.940195199801	0.497916666666667
103.956494699931	0.497916666666667
103.973260300001	0.497916666666667
103.990176999941	0.497916666666667
104.00658239983	0.497916666666667
104.023110999959	0.497916666666667
104.039930599974	0.497916666666667
104.056456799852	0.497916666666667
104.072822799906	0.497916666666667
104.089630199829	0.497916666666667
104.106388999848	0.497916666666667
104.122966700001	0.497916666666667
104.139953499893	0.497916666666667
104.156424499815	0.497916666666667
104.173288599821	0.497916666666667
104.189734999789	0.497916666666667
104.206690399908	0.497916666666667
104.223037199816	0.497916666666667
104.240109199891	0.497916666666667
104.256675099954	0.497916666666667
104.273297899868	0.497916666666667
104.289766900009	0.497916666666667
104.306599800009	0.497916666666667
104.323263499886	0.497916666666667
104.340141699882	0.497916666666667
104.356863199966	0.497916666666667
104.373217799934	0.497916666666667
104.389729499817	0.497916666666667
104.406995699974	0.497916666666667
104.422919899924	0.497916666666667
104.439787499839	0.497916666666667
104.456483599963	0.497916666666667
104.473318099976	0.497916666666667
104.489761499921	0.497916666666667
104.506537199952	0.497916666666667
104.522927899845	0.497916666666667
104.539624699857	0.497916666666667
104.556343799923	0.497916666666667
104.573268599808	0.497916666666667
104.589841099922	0.497916666666667
104.606438699877	0.497916666666667
104.623040099861	0.497916666666667
104.639519499848	0.497916666666667
104.656784099992	0.497916666666667
104.67266169982	0.497916666666667
104.690065699862	0.497916666666667
104.706636099843	0.497916666666667
104.722905399976	0.497916666666667
104.739711999893	0.497916666666667
104.756315700011	0.497916666666667
104.773283599876	0.497916666666667
104.78955869982	0.497916666666667
104.807017399929	0.497916666666667
104.823362899944	0.497916666666667
104.839760399889	0.497916666666667
104.856525199953	0.497916666666667
104.873264999827	0.497916666666667
104.889727499802	0.497916666666667
104.906681199791	0.497916666666667
104.922823099885	0.497916666666667
104.93998549995	0.497916666666667
104.956551400013	0.497916666666667
104.972845199984	0.497916666666667
104.989371199859	0.497916666666667
105.007062499877	0.497916666666667
105.022792499978	0.497916666666667
105.039929399965	0.497916666666667
105.056497299811	0.497916666666667
105.073425899958	0.497916666666667
105.089857399929	0.497916666666667
105.106685600011	0.497916666666667
105.123324399814	0.497916666666667
105.139773899922	0.497916666666667
105.156375499908	0.497916666666667
105.173095699865	0.497916666666667
105.189948799787	0.497916666666667
105.206829399802	0.497916666666667
105.222889599856	0.497916666666667
105.239711700007	0.497916666666667
105.2567749999	0.497916666666667
105.273169699823	0.497916666666667
105.289618299808	0.497916666666667
105.306415099883	0.497916666666667
105.323211199837	0.497916666666667
105.339840599801	0.497916666666667
105.356933299918	0.497916666666667
105.373130699852	0.497916666666667
105.390101499856	0.497916666666667
105.406869599828	0.497916666666667
105.422843699809	0.497916666666667
105.439997599926	0.497916666666667
105.456764800008	0.497916666666667
105.472836199915	0.497916666666667
105.489644699963	0.497916666666667
105.506312299985	0.497916666666667
105.522904099897	0.497916666666667
105.53963949997	0.497916666666667
105.556541499915	0.497916666666667
105.573869499844	0.497916666666667
105.589884300018	0.497916666666667
105.606439499883	0.497916666666667
105.622803799808	0.497916666666667
105.63959009992	0.497916666666667
105.656073599821	0.497916666666667
105.673230799846	0.497916666666667
105.689904199913	0.497916666666667
105.706458099885	0.497916666666667
105.722756200004	0.497916666666667
105.739868999925	0.497916666666667
105.756412599934	0.497916666666667
105.772884699982	0.497916666666667
105.790058000013	0.497916666666667
105.806422999827	0.497916666666667
105.822892499855	0.497916666666667
105.840257399948	0.497916666666667
105.856552399928	0.497916666666667
105.873147999868	0.497916666666667
105.889769200003	0.497916666666667
105.906438499922	0.497916666666667
105.923305999953	0.497916666666667
105.940113399876	0.497916666666667
105.956265899818	0.497916666666667
105.973368099891	0.497916666666667
105.990217299899	0.497916666666667
106.006585999858	0.497916666666667
106.023481299868	0.497916666666667
106.039845399791	0.497916666666667
106.056663199794	0.497916666666667
106.072886199923	0.497916666666667
106.089964399813	0.497916666666667
106.106537299929	0.497916666666667
106.123208599864	0.497916666666667
106.14007149986	0.497916666666667
106.156827799976	0.497916666666667
106.17315089982	0.497916666666667
106.189882999985	0.497916666666667
106.206402499927	0.497916666666667
106.222830499988	0.497916666666667
106.240096199792	0.497916666666667
106.256412199931	0.497916666666667
106.272976799868	0.497916666666667
106.289711699821	0.497916666666667
106.306424699957	0.497916666666667
106.322731799912	0.497916666666667
106.339950999944	0.497916666666667
106.356446499936	0.497916666666667
106.373489499791	0.497916666666667
106.38983819983	0.497916666666667
106.406647499884	0.497916666666667
106.423154199962	0.497916666666667
106.439567699796	0.497916666666667
106.456271699863	0.497916666666667
106.473138700007	0.497916666666667
106.489912199788	0.497916666666667
106.50657369988	0.497916666666667
106.523155099945	0.497916666666667
106.540290099801	0.497916666666667
106.556479199789	0.497916666666667
106.573253799928	0.497916666666667
106.589816699969	0.497916666666667
106.606200099923	0.497916666666667
106.622939599911	0.497916666666667
106.63989939983	0.497916666666667
106.656666499795	0.497916666666667
106.672812799923	0.497916666666667
106.689646099927	0.497916666666667
106.706607899861	0.497916666666667
106.723231700016	0.497916666666667
106.739687899826	0.497916666666667
106.756559300004	0.497916666666667
106.77333129989	0.497916666666667
106.789878999814	0.497916666666667
106.806484799832	0.497916666666667
106.822806899901	0.497916666666667
106.839958299883	0.497916666666667
106.856619599974	0.497916666666667
106.872949599987	0.497916666666667
106.889520199969	0.497916666666667
106.906208799919	0.497916666666667
106.923191899899	0.497916666666667
106.939754199935	0.497916666666667
106.95689299982	0.497916666666667
106.973364699865	0.497916666666667
106.990017700009	0.497916666666667
107.006455799798	0.497916666666667
107.0233806998	0.497916666666667
107.039668999845	0.497916666666667
107.056284199934	0.497916666666667
107.073225199943	0.497916666666667
107.089958499884	0.497916666666667
107.106312099844	0.497916666666667
107.123112999834	0.497916666666667
107.139794399962	0.497916666666667
107.156497899909	0.497916666666667
107.172988799866	0.497916666666667
107.189455199987	0.497916666666667
107.206437899964	0.497916666666667
107.223038399825	0.497916666666667
107.24023749982	0.497916666666667
107.256654399913	0.497916666666667
107.273176099872	0.497916666666667
107.289948999882	0.497916666666667
107.306473699864	0.497916666666667
107.322852399899	0.497916666666667
107.339773499873	0.497916666666667
107.356423599878	0.497916666666667
107.372938599903	0.497916666666667
107.38999549998	0.497916666666667
107.406620899914	0.497916666666667
107.423247599974	0.497916666666667
107.440165099921	0.497916666666667
107.456633999944	0.497916666666667
107.473309599794	0.497916666666667
107.489915399812	0.497916666666667
107.506630399963	0.497916666666667
107.522912499961	0.497916666666667
107.540216199821	0.497916666666667
107.556425899966	0.497916666666667
107.573229699861	0.497916666666667
107.589478299953	0.497916666666667
107.60615209979	0.497916666666667
107.622917099856	0.497916666666667
107.639868499944	0.497916666666667
107.656548899831	0.497916666666667
107.673184699845	0.497916666666667
107.689905299805	0.497916666666667
107.706324499799	0.497916666666667
107.72304559988	0.497916666666667
107.74013489997	0.497916666666667
107.756096299971	0.497916666666667
107.772848499939	0.497916666666667
107.789922699798	0.497916666666667
107.806408499833	0.497916666666667
107.823177199811	0.497916666666667
107.839552399935	0.497916666666667
107.856178599875	0.497916666666667
107.873056999873	0.497916666666667
107.889537299983	0.497916666666667
107.906133199809	0.497916666666667
107.922941599973	0.497916666666667
107.940012799809	0.497916666666667
107.956476599909	0.497916666666667
107.972815799993	0.497916666666667
107.990131199826	0.497916666666667
108.006000299938	0.497916666666667
108.023135099793	0.497916666666667
108.039943899959	0.497916666666667
108.056096100016	0.497916666666667
108.072919899831	0.497916666666667
108.08999249991	0.497916666666667
108.106251999969	0.497916666666667
108.123201199807	0.497916666666667
108.139470999828	0.497916666666667
108.156322999857	0.497916666666667
108.172842899803	0.497916666666667
108.189559099963	0.497916666666667
108.206486499868	0.497916666666667
108.223327999935	0.497916666666667
108.239888999844	0.497916666666667
108.256639899919	0.497916666666667
108.273187699961	0.497916666666667
108.289854599861	0.497916666666667
108.306488699978	0.497916666666667
108.322784499964	0.497916666666667
108.339896899881	0.497916666666667
108.356362199876	0.497916666666667
108.372717499966	0.497916666666667
108.389915399952	0.497916666666667
108.406227899948	0.497916666666667
108.42286089994	0.497916666666667
108.43976749992	0.497916666666667
108.456861799816	0.497916666666667
108.473260900006	0.497916666666667
108.48983119987	0.497916666666667
108.506635800004	0.497916666666667
108.523281399859	0.497916666666667
108.53993869992	0.497916666666667
108.556467499817	0.497916666666667
108.572760599898	0.497916666666667
108.589820099995	0.497916666666667
108.606144199846	0.497916666666667
108.622933599865	0.497916666666667
108.639902099967	0.497916666666667
108.656361399917	0.497916666666667
108.673456199933	0.497916666666667
108.690012899926	0.497916666666667
108.706394299865	0.497916666666667
108.723145999946	0.497916666666667
108.739731199807	0.497916666666667
108.756855099928	0.497916666666667
108.772899199976	0.497916666666667
108.789511899929	0.497916666666667
108.806380999973	0.497916666666667
108.82308100001	0.497916666666667
108.839862399967	0.497916666666667
108.856291799806	0.497916666666667
108.873161899857	0.497916666666667
108.889607899822	0.497916666666667
108.906411599834	0.497916666666667
108.923121199943	0.497916666666667
108.9393542998	0.497916666666667
108.956284199841	0.497916666666667
108.973148099845	0.497916666666667
108.989226599922	0.497916666666667
109.006455699913	0.497916666666667
109.023210699903	0.497916666666667
109.039852799848	0.497916666666667
109.056468099821	0.497916666666667
109.073371999897	0.497916666666667
109.089837499894	0.497916666666667
109.106346199987	0.497916666666667
109.123046199791	0.497916666666667
109.139925799798	0.497916666666667
109.156593899941	0.497916666666667
109.172837499995	0.497916666666667
109.189418199938	0.497916666666667
109.206371999811	0.497916666666667
109.22275909991	0.497916666666667
109.239976499928	0.497916666666667
109.256385799963	0.497916666666667
109.272980500013	0.497916666666667
109.290122199804	0.497916666666667
109.306318699848	0.497916666666667
109.322950699832	0.497916666666667
109.339814899955	0.497916666666667
109.356292499928	0.497916666666667
109.373184599914	0.497916666666667
109.38980289991	0.497916666666667
109.406591799809	0.497916666666667
109.423422299791	0.497916666666667
109.43939179997	0.497916666666667
109.456342299934	0.497916666666667
109.472957599908	0.497916666666667
109.489846699871	0.497916666666667
109.506221099989	0.497916666666667
109.523119499907	0.497916666666667
109.539758099942	0.497916666666667
109.556529399939	0.497916666666667
109.573363099946	0.497916666666667
109.594199799933	0.497916666666667
109.606673599919	0.497916666666667
109.623317899881	0.497916666666667
109.640106299892	0.497916666666667
109.656674299855	0.497916666666667
109.673336699838	0.497916666666667
109.689209799981	0.497916666666667
109.706181199988	0.497916666666667
109.723248399794	0.497916666666667
109.739904299844	0.497916666666667
109.756369199837	0.497916666666667
109.77325099986	0.497916666666667
109.790062899934	0.497916666666667
109.806629099883	0.497916666666667
109.822735299822	0.497916666666667
109.839964099927	0.497916666666667
109.856416199822	0.497916666666667
109.873400899814	0.497916666666667
109.889737699879	0.497916666666667
109.906415999867	0.497916666666667
109.923168399837	0.497916666666667
109.939838899998	0.497916666666667
109.956351399887	0.497916666666667
109.972733499948	0.497916666666667
109.989448699867	0.497916666666667
110.006528599886	0.497916666666667
110.023110799957	0.497916666666667
110.039652899839	0.497916666666667
110.056310399901	0.497916666666667
110.073194399942	0.497916666666667
110.089728399878	0.497916666666667
110.106398999924	0.497916666666667
110.123119900003	0.497916666666667
110.139509399887	0.497916666666667
110.156228899956	0.497916666666667
110.173118999926	0.497916666666667
110.189905499807	0.497916666666667
110.206382799894	0.497916666666667
110.223146499833	0.497916666666667
110.239637599792	0.497916666666667
110.256267699879	0.497916666666667
110.273117699893	0.497916666666667
110.289807199966	0.497916666666667
110.306202200009	0.497916666666667
110.323155199876	0.497916666666667
110.340280399891	0.497916666666667
110.356271799887	0.497916666666667
110.372909999918	0.497916666666667
110.389776499942	0.497916666666667
110.406727899797	0.497916666666667
110.423667499796	0.497916666666667
110.439901399892	0.497916666666667
110.456652399851	0.497916666666667
110.472854799824	0.497916666666667
110.489685399923	0.497916666666667
110.506290699821	0.497916666666667
110.52332349983	0.497916666666667
110.539546799846	0.497916666666667
110.556319499854	0.497916666666667
110.573415999999	0.497916666666667
110.590255599935	0.497916666666667
110.606338099809	0.497916666666667
110.623024999863	0.497916666666667
110.640014099889	0.497916666666667
110.656242999947	0.497916666666667
110.67309940001	0.497916666666667
110.689572399948	0.497916666666667
110.706207599957	0.497916666666667
110.723200999899	0.497916666666667
110.739559799898	0.497916666666667
110.756388099864	0.497916666666667
110.773122599814	0.497916666666667
110.789559999947	0.497916666666667
110.806412099861	0.497916666666667
110.822857599938	0.497916666666667
110.839892799966	0.497916666666667
110.856398699805	0.497916666666667
110.872855999973	0.497916666666667
110.889568899991	0.497916666666667
110.906395399943	0.497916666666667
110.922914499883	0.497916666666667
110.939988399856	0.490625
110.956308699911	0.490625
110.972857499961	0.490625
110.98952419986	0.490625
111.006425199797	0.490625
111.023093799828	0.490625
111.039742199937	0.490625
111.056235399796	0.490625
111.073259399971	0.490625
111.089887699811	0.490625
111.106238899985	0.490625
111.122934299987	0.490625
111.1398626999	0.482291666666667
111.156599999871	0.473958333333333
111.173230199842	0.464583333333333
111.193949299864	0.45625
111.206184400013	0.45625
111.223180699861	0.45625
111.23960239999	0.447916666666667
111.2563163999	0.447916666666667
111.27294569998	0.447916666666667
111.289540399797	0.447916666666667
111.306213499978	0.447916666666667
111.322896499885	0.447916666666667
111.339567299932	0.447916666666667
111.356347699882	0.447916666666667
111.373001599917	0.447916666666667
111.389850599924	0.447916666666667
111.406297100009	0.447916666666667
111.423460699851	0.447916666666667
111.440088799922	0.447916666666667
111.456640799996	0.447916666666667
111.472815499874	0.439583333333333
111.489880800014	0.439583333333333
111.506236099871	0.43125
111.523028399795	0.422916666666667
111.539641399868	0.422916666666667
111.556499999948	0.414583333333333
111.573259799974	0.405208333333333
111.590073899832	0.405208333333333
111.606267799856	0.405208333333333
111.623113499954	0.405208333333333
111.639699899824	0.405208333333333
111.656007099897	0.405208333333333
111.673192499904	0.405208333333333
111.689869399881	0.405208333333333
111.706051799934	0.405208333333333
111.72315789992	0.405208333333333
111.739356599981	0.405208333333333
111.756186399842	0.405208333333333
111.773122799816	0.405208333333333
111.789336699992	0.405208333333333
111.806491900003	0.405208333333333
111.823055199813	0.405208333333333
111.839722799836	0.405208333333333
111.856227200013	0.405208333333333
111.873234199826	0.405208333333333
111.889654999832	0.405208333333333
111.906592799816	0.405208333333333
111.922645899933	0.405208333333333
111.939638399985	0.405208333333333
111.956472399877	0.405208333333333
111.973271699855	0.405208333333333
111.989709799876	0.405208333333333
112.006507099839	0.405208333333333
112.02309589996	0.405208333333333
112.039812299889	0.405208333333333
112.056182999862	0.405208333333333
112.073132099817	0.405208333333333
112.08973259991	0.405208333333333
112.106608300004	0.405208333333333
112.123026999878	0.405208333333333
112.13937959983	0.405208333333333
112.156244199956	0.405208333333333
112.173430499854	0.405208333333333
112.189831799828	0.405208333333333
112.206414699787	0.4125
112.222945699934	0.4125
112.239572299877	0.4125
112.256444999948	0.4125
112.273400999838	0.4125
112.290035299957	0.4125
112.30593069992	0.4125
112.322788499994	0.4125
112.339915699791	0.4125
112.356301599881	0.4125
112.373307499802	0.4125
112.389598099981	0.4125
112.406651499914	0.4125
112.42266339995	0.4125
112.439228300005	0.4125
112.456256399862	0.4125
112.473168399883	0.4125
112.489861999871	0.4125
112.506226099795	0.4125
112.523012699792	0.4125
112.540027099894	0.4125
112.556216099998	0.4125
112.573172899894	0.4125
112.589844699949	0.4125
112.606619599974	0.4125
112.622952800011	0.4125
112.639445299981	0.4125
112.656121399952	0.4125
112.673169899965	0.4125
112.689864899963	0.4125
112.706869599875	0.4125
112.723134499975	0.4125
112.739448399981	0.4125
112.756261099828	0.420833333333333
112.773407599889	0.420833333333333
112.789659200003	0.420833333333333
112.806394099956	0.420833333333333
112.82308709994	0.420833333333333
112.839775	0.420833333333333
112.856028199894	0.420833333333333
112.872618299909	0.430208333333333
112.889330599923	0.430208333333333
112.905948299915	0.430208333333333
112.922913799994	0.430208333333333
112.939360899851	0.438541666666667
112.95632639993	0.438541666666667
112.972902699839	0.438541666666667
112.989750099834	0.446875
113.006151899928	0.446875
113.02369169984	0.446875
113.039834799943	0.446875
113.056022899924	0.446875
113.07289709989	0.446875
113.089497999987	0.446875
113.105783799896	0.446875
113.12298320001	0.446875
113.13978149998	0.446875
113.156276899856	0.455208333333333
113.172819399973	0.455208333333333
113.189987099962	0.463541666666667
113.206592299975	0.48125
113.223277899902	0.48125
113.240049599903	0.489583333333333
113.256093299948	0.497916666666667
113.273304599803	0.497916666666667
113.289470799966	0.497916666666667
113.306583900005	0.497916666666667
113.3228372999	0.497916666666667
113.339467499871	0.497916666666667
113.356158099836	0.497916666666667
113.372631300008	0.497916666666667
113.38971509994	0.497916666666667
113.405930399895	0.497916666666667
113.422954999842	0.497916666666667
113.439591599861	0.497916666666667
113.455961299827	0.497916666666667
113.473278699908	0.497916666666667
113.489628899843	0.497916666666667
113.506212899927	0.497916666666667
113.523283799877	0.497916666666667
113.539412199985	0.497916666666667
113.556251999922	0.497916666666667
113.573137599975	0.497916666666667
113.589785499964	0.497916666666667
113.606181700015	0.497916666666667
113.622923199786	0.497916666666667
113.63928569993	0.497916666666667
113.655773299979	0.497916666666667
113.673039299902	0.497916666666667
113.689445899799	0.497916666666667
113.70579999988	0.497916666666667
113.723060999997	0.497916666666667
113.739917699946	0.497916666666667
113.75586509984	0.497916666666667
113.773266399978	0.497916666666667
113.789562299848	0.497916666666667
113.805989699904	0.497916666666667
113.822944699787	0.497916666666667
113.839798399946	0.497916666666667
113.856191799976	0.497916666666667
113.873195399996	0.497916666666667
113.889582099859	0.497916666666667
113.906071899924	0.497916666666667
113.922995699802	0.497916666666667
113.939742899965	0.497916666666667
113.95620799996	0.497916666666667
113.972598399967	0.497916666666667
113.989787400002	0.497916666666667
114.005880799843	0.497916666666667
114.023076599929	0.497916666666667
114.039569499902	0.497916666666667
114.055990999797	0.497916666666667
114.073150799843	0.497916666666667
114.089277699823	0.497916666666667
114.10595599981	0.497916666666667
114.123231199803	0.497916666666667
114.139563899953	0.497916666666667
114.156093799975	0.497916666666667
114.172814899823	0.497916666666667
114.189456099877	0.497916666666667
114.206559899962	0.497916666666667
114.223070299951	0.497916666666667
114.239868199918	0.497916666666667
114.256179799791	0.497916666666667
114.272968899924	0.497916666666667
114.28981300001	0.497916666666667
114.30583279999	0.497916666666667
114.322733799927	0.497916666666667
114.339931999799	0.497916666666667
114.356126399944	0.497916666666667
114.373260799795	0.497916666666667
114.389719499974	0.497916666666667
114.405822899891	0.507291666666667
114.422929499997	0.507291666666667
114.439710599836	0.507291666666667
114.456034899922	0.507291666666667
114.472962799948	0.507291666666667
114.489757299889	0.507291666666667
114.505714799976	0.507291666666667
114.523381599924	0.507291666666667
114.539757199818	0.507291666666667
114.555874799844	0.507291666666667
114.572719199816	0.507291666666667
114.589805499883	0.507291666666667
114.605813399889	0.507291666666667
114.622993399855	0.507291666666667
114.639366999967	0.507291666666667
114.655999099836	0.507291666666667
114.672986399848	0.507291666666667
114.689207199961	0.507291666666667
114.705899499822	0.507291666666667
114.723250799812	0.507291666666667
114.739694599994	0.507291666666667
114.755767299794	0.507291666666667
114.773301600013	0.507291666666667
114.789193399949	0.507291666666667
114.806010699831	0.507291666666667
114.822704399936	0.507291666666667
114.839284699876	0.507291666666667
114.855761899846	0.507291666666667
114.872938599903	0.507291666666667
114.889432899887	0.507291666666667
114.905748099787	0.507291666666667
114.922656999901	0.507291666666667
114.939185899915	0.507291666666667
114.955792599823	0.507291666666667
114.972843799973	0.507291666666667
114.989620799897	0.507291666666667
115.006521999836	0.507291666666667
115.023057099897	0.507291666666667
115.038990699919	0.507291666666667
115.055901199812	0.507291666666667
115.073047399987	0.507291666666667
115.089615499834	0.507291666666667
115.105835299939	0.507291666666667
115.123116499977	0.507291666666667
115.139286499936	0.507291666666667
115.15621419996	0.507291666666667
115.173182799947	0.507291666666667
115.18940189993	0.507291666666667
115.205921299988	0.507291666666667
115.22288929997	0.507291666666667
115.239545899909	0.507291666666667
115.256222099997	0.507291666666667
115.273072900018	0.507291666666667
115.289827100001	0.507291666666667
115.305858799955	0.507291666666667
115.32279399992	0.507291666666667
115.339758599875	0.507291666666667
115.355949699879	0.507291666666667
115.372647499898	0.507291666666667
115.389460599981	0.507291666666667
115.405785799958	0.507291666666667
115.422614399809	0.507291666666667
115.439313999843	0.507291666666667
115.456331299851	0.507291666666667
115.473652799847	0.507291666666667
115.489390800009	0.507291666666667
115.506103399908	0.507291666666667
115.522929799976	0.507291666666667
115.539678699803	0.507291666666667
115.555980999954	0.507291666666667
115.572827299824	0.507291666666667
115.589542699978	0.507291666666667
115.60583669995	0.507291666666667
115.62245939998	0.507291666666667
115.639543499798	0.507291666666667
115.656002099859	0.507291666666667
115.672724699834	0.507291666666667
115.689701899886	0.507291666666667
115.706168399891	0.507291666666667
115.722706099972	0.507291666666667
115.740032899892	0.507291666666667
115.756017799955	0.507291666666667
115.773153199814	0.507291666666667
115.789528799942	0.507291666666667
115.805755999871	0.507291666666667
115.822606500005	0.507291666666667
115.839469699888	0.507291666666667
115.856088500004	0.507291666666667
115.872970299795	0.507291666666667
115.889526899904	0.507291666666667
115.905953999842	0.507291666666667
115.922683699988	0.507291666666667
115.939337699907	0.507291666666667
115.956121299881	0.507291666666667
115.9731093999	0.507291666666667
115.989689899841	0.507291666666667
116.005770899821	0.507291666666667
116.022886699997	0.507291666666667
116.039861499798	0.507291666666667
116.056163899833	0.507291666666667
116.072871899931	0.507291666666667
116.089428399922	0.507291666666667
116.106168499915	0.507291666666667
116.122950399993	0.507291666666667
116.139661599882	0.507291666666667
116.155933799921	0.507291666666667
116.172944599995	0.507291666666667
116.189385399921	0.507291666666667
116.206191599835	0.507291666666667
116.222961199936	0.507291666666667
116.239756699884	0.507291666666667
116.25620009983	0.507291666666667
116.272853099974	0.507291666666667
116.289674900007	0.507291666666667
116.306027799845	0.507291666666667
116.322887499817	0.507291666666667
116.339291599812	0.507291666666667
116.356149900006	0.507291666666667
116.372663299786	0.507291666666667
116.389548399951	0.507291666666667
116.406472599832	0.507291666666667
116.422563999891	0.507291666666667
116.439298499841	0.507291666666667
116.456588699948	0.507291666666667
116.473095799796	0.507291666666667
116.489751699846	0.507291666666667
116.506119199796	0.507291666666667
116.52245459985	0.507291666666667
116.540071399882	0.507291666666667
116.556100599933	0.507291666666667
116.572838999797	0.507291666666667
116.589550999925	0.507291666666667
116.605986899929	0.507291666666667
116.622638099827	0.507291666666667
116.639249699889	0.507291666666667
116.655699499883	0.507291666666667
116.672910599969	0.507291666666667
116.689119699877	0.507291666666667
116.706136299996	0.507291666666667
116.722619999899	0.507291666666667
116.739744399907	0.507291666666667
116.75597129995	0.507291666666667
116.77321429993	0.507291666666667
116.789741099812	0.507291666666667
116.8061594998	0.507291666666667
116.823172899894	0.507291666666667
116.839306499809	0.507291666666667
116.855925799813	0.507291666666667
116.872952800011	0.507291666666667
116.889462799998	0.507291666666667
116.906140899984	0.507291666666667
116.922961599892	0.507291666666667
116.939531299984	0.507291666666667
116.956064399797	0.507291666666667
116.972860399866	0.507291666666667
116.989382199943	0.507291666666667
117.005919599906	0.507291666666667
117.022995699896	0.507291666666667
117.0395101998	0.507291666666667
117.055882799905	0.507291666666667
117.072651800001	0.507291666666667
117.089529599994	0.507291666666667
117.105919399997	0.507291666666667
117.123050099937	0.507291666666667
117.13970189984	0.507291666666667
117.156169899972	0.507291666666667
117.173056199914	0.507291666666667
117.189477299806	0.507291666666667
117.20589789981	0.507291666666667
117.222878200002	0.507291666666667
117.239119799808	0.507291666666667
117.256064799847	0.507291666666667
117.273030499928	0.507291666666667
117.289641099982	0.507291666666667
117.306049600011	0.507291666666667
117.323085599812	0.507291666666667
117.340069799917	0.507291666666667
117.356128999963	0.507291666666667
117.373157499824	0.507291666666667
117.389555299887	0.507291666666667
117.406141299987	0.507291666666667
117.422602999955	0.507291666666667
117.439546999987	0.507291666666667
117.456387399929	0.507291666666667
117.472874199972	0.507291666666667
117.489246999845	0.507291666666667
117.50605509989	0.507291666666667
117.52254759986	0.507291666666667
117.539139	0.507291666666667
117.556099499809	0.507291666666667
117.57305789995	0.507291666666667
117.589516500011	0.507291666666667
117.605848499807	0.507291666666667
117.622696299804	0.507291666666667
117.639171099989	0.507291666666667
117.656174799893	0.507291666666667
117.672939299839	0.507291666666667
117.689508999931	0.507291666666667
117.706138199894	0.507291666666667
117.722862399882	0.507291666666667
117.739076199941	0.507291666666667
117.756090899929	0.507291666666667
117.772951799911	0.507291666666667
117.789390299935	0.507291666666667
117.806239799829	0.507291666666667
117.822552599944	0.507291666666667
117.8394692	0.507291666666667
117.856050399831	0.507291666666667
117.872583099874	0.507291666666667
117.889212599955	0.507291666666667
117.906076699961	0.507291666666667
117.922866899986	0.507291666666667
117.939765000017	0.507291666666667
117.95604249998	0.507291666666667
117.973013599869	0.507291666666667
117.989433499984	0.507291666666667
118.005851499969	0.507291666666667
118.022953599924	0.507291666666667
118.039471499855	0.507291666666667
118.055988200009	0.507291666666667
118.072524399962	0.507291666666667
118.089195000008	0.507291666666667
118.105823599966	0.507291666666667
118.122560999822	0.507291666666667
118.139434299897	0.507291666666667
118.155690299813	0.507291666666667
118.172807099996	0.507291666666667
118.189199599903	0.507291666666667
118.205896199914	0.507291666666667
118.222574599786	0.507291666666667
118.239576499909	0.507291666666667
118.256042299792	0.507291666666667
118.272716299864	0.507291666666667
118.28945159982	0.507291666666667
118.305894699879	0.507291666666667
118.322981199948	0.507291666666667
118.33951630001	0.507291666666667
118.3560310998	0.507291666666667
118.372627399862	0.507291666666667
118.389200699981	0.507291666666667
118.406120099826	0.507291666666667
118.422567899805	0.507291666666667
118.439194499981	0.507291666666667
118.456317799864	0.507291666666667
118.473053999944	0.507291666666667
118.489157299977	0.507291666666667
118.505835299846	0.507291666666667
118.522768999916	0.507291666666667
118.539635599824	0.507291666666667
118.556235699914	0.507291666666667
118.572815799853	0.507291666666667
118.589311299846	0.507291666666667
118.605982099893	0.507291666666667
118.622380099958	0.507291666666667
118.639392999932	0.507291666666667
118.655787099851	0.507291666666667
118.67250139988	0.507291666666667
118.689268699847	0.507291666666667
118.705738699995	0.507291666666667
118.72247519996	0.507291666666667
118.739352599951	0.507291666666667
118.755646399921	0.507291666666667
118.772617399925	0.507291666666667
118.788870099932	0.507291666666667
118.805857299827	0.507291666666667
118.822699300013	0.507291666666667
118.839410599787	0.507291666666667
118.856165699894	0.507291666666667
118.872485799948	0.507291666666667
118.88943329989	0.507291666666667
118.906063599978	0.507291666666667
118.923004899872	0.507291666666667
118.939403799828	0.507291666666667
118.956157599809	0.507291666666667
118.972730999812	0.507291666666667
118.989413199946	0.507291666666667
119.006084099878	0.507291666666667
119.022470599972	0.507291666666667
119.03940709983	0.507291666666667
119.055993899936	0.507291666666667
119.072752699954	0.507291666666667
119.089428799925	0.507291666666667
119.106015199795	0.507291666666667
119.122653299943	0.507291666666667
119.139207199914	0.507291666666667
119.155475499807	0.507291666666667
119.17251009983	0.507291666666667
119.189383299788	0.507291666666667
119.205900799949	0.507291666666667
119.222291099839	0.507291666666667
119.238763900008	0.507291666666667
119.255725499941	0.507291666666667
119.272426299984	0.507291666666667
119.289230599999	0.507291666666667
119.305947899818	0.507291666666667
119.322432199959	0.507291666666667
119.339508599835	0.507291666666667
119.355991199845	0.507291666666667
119.372433899902	0.507291666666667
119.389250899898	0.507291666666667
119.406398899853	0.507291666666667
119.422489799792	0.507291666666667
119.43911659997	0.507291666666667
119.456437199842	0.507291666666667
119.47288359981	0.507291666666667
119.489247799851	0.507291666666667
119.506120599806	0.507291666666667
119.522575399838	0.507291666666667
119.539294999791	0.507291666666667
119.556098099798	0.507291666666667
119.572993499925	0.507291666666667
119.589878199855	0.507291666666667
119.606004799949	0.507291666666667
119.622864499921	0.507291666666667
119.639088299824	0.507291666666667
119.656124199973	0.507291666666667
119.673031499842	0.507291666666667
119.689325099811	0.507291666666667
119.706098999828	0.507291666666667
119.723186000017	0.507291666666667
119.739613199839	0.507291666666667
119.756043999922	0.507291666666667
119.773196499795	0.507291666666667
119.789549499983	0.507291666666667
119.806326099904	0.507291666666667
119.822958200006	0.507291666666667
119.839471000014	0.507291666666667
119.856147399871	0.507291666666667
119.872935999883	0.507291666666667
119.889382599853	0.507291666666667
119.905771699967	0.507291666666667
119.922938499833	0.507291666666667
119.939448599936	0.507291666666667
119.956148699857	0.507291666666667
119.972440399928	0.507291666666667
119.989422299899	0.507291666666667
120.006053199992	0.507291666666667
120.022884299979	0.507291666666667
120.039285499835	0.507291666666667
120.056380499853	0.507291666666667
120.073047499871	0.507291666666667
120.08954429999	0.507291666666667
120.106010399992	0.507291666666667
120.122628799872	0.507291666666667
120.139156299876	0.507291666666667
120.156002999982	0.507291666666667
120.172513399972	0.507291666666667
120.189203099813	0.507291666666667
120.205670899944	0.507291666666667
120.222853299929	0.507291666666667
120.239520299947	0.507291666666667
120.256040900014	0.507291666666667
120.272703499999	0.507291666666667
120.289425399853	0.507291666666667
120.306053999811	0.507291666666667
120.322666099994	0.507291666666667
120.339629899943	0.507291666666667
120.356310499832	0.507291666666667
120.372848499799	0.507291666666667
120.389373899903	0.507291666666667
120.405989199877	0.507291666666667
120.422493699938	0.507291666666667
120.439228599891	0.507291666666667
120.455996699864	0.507291666666667
120.472530599916	0.507291666666667
120.489714699797	0.507291666666667
120.505948999897	0.507291666666667
120.522737999912	0.507291666666667
120.539523100015	0.507291666666667
120.556367599871	0.507291666666667
120.572602099972	0.507291666666667
120.58934820001	0.507291666666667
120.606030899798	0.507291666666667
120.622798899887	0.507291666666667
120.639580399962	0.507291666666667
120.656112399884	0.507291666666667
120.672825499903	0.507291666666667
120.689946899889	0.507291666666667
120.706019199919	0.507291666666667
120.722885399824	0.507291666666667
120.739521999843	0.507291666666667
120.756110499846	0.507291666666667
120.772440399975	0.507291666666667
120.789244999876	0.507291666666667
120.80610749987	0.507291666666667
120.822908999864	0.507291666666667
120.839267399861	0.507291666666667
120.855790299829	0.507291666666667
120.87268749997	0.507291666666667
120.889226399828	0.507291666666667
120.905890699942	0.507291666666667
120.92240179982	0.507291666666667
120.939430799801	0.507291666666667
120.955922699999	0.507291666666667
120.972842099844	0.507291666666667
120.989342299988	0.507291666666667
121.006117999787	0.507291666666667
121.022500399966	0.507291666666667
121.039473699871	0.507291666666667
121.05615999992	0.507291666666667
121.072425699793	0.507291666666667
121.089425100014	0.507291666666667
121.106012400007	0.507291666666667
121.122654799838	0.507291666666667
121.139535799855	0.507291666666667
121.156058999943	0.507291666666667
121.172753199935	0.507291666666667
121.189341699937	0.507291666666667
121.206227899995	0.507291666666667
121.222708799876	0.507291666666667
121.23941189982	0.507291666666667
121.255881299963	0.507291666666667
121.272705300013	0.507291666666667
121.289305799874	0.507291666666667
121.305691699963	0.507291666666667
121.322398299817	0.507291666666667
121.339387199841	0.507291666666667
121.356125699822	0.507291666666667
121.372868599836	0.507291666666667
121.389242099831	0.507291666666667
121.406104799826	0.507291666666667
121.42244419991	0.507291666666667
121.439169999911	0.507291666666667
121.455960899824	0.507291666666667
121.472830099985	0.507291666666667
121.489302999806	0.507291666666667
121.505737599917	0.507291666666667
121.52285479987	0.507291666666667
121.538878799882	0.507291666666667
121.556232699892	0.507291666666667
121.572573999874	0.507291666666667
121.588983399794	0.507291666666667
121.606334399898	0.507291666666667
121.622684999835	0.507291666666667
121.639339299873	0.507291666666667
121.655738299945	0.507291666666667
121.672767999815	0.507291666666667
121.689085299848	0.507291666666667
121.706021199934	0.507291666666667
121.722350399941	0.507291666666667
121.739217399852	0.507291666666667
121.75589619996	0.507291666666667
121.772613300011	0.507291666666667
121.789323000005	0.507291666666667
121.806259899866	0.507291666666667
121.822759700008	0.507291666666667
121.838945699856	0.507291666666667
121.856033599935	0.507291666666667
121.872730799951	0.507291666666667
121.888668	0.507291666666667
121.906054199906	0.507291666666667
121.922808300005	0.507291666666667
121.939012899995	0.507291666666667
121.955787099898	0.507291666666667
121.974139499944	0.507291666666667
121.991297199856	0.507291666666667
122.006517399801	0.507291666666667
122.022372299805	0.507291666666667
122.039275599876	0.507291666666667
122.055935599841	0.507291666666667
122.072569299955	0.507291666666667
122.089008799987	0.507291666666667
122.106012400007	0.507291666666667
122.122315799817	0.507291666666667
122.139327999903	0.507291666666667
122.156089999946	0.507291666666667
122.172765099909	0.507291666666667
122.188822399825	0.507291666666667
122.205712499795	0.507291666666667
122.222833399894	0.507291666666667
122.239588700002	0.507291666666667
122.256015599938	0.507291666666667
122.272785299923	0.507291666666667
122.289009299828	0.507291666666667
122.305752299959	0.507291666666667
122.32266119984	0.507291666666667
122.339402099838	0.507291666666667
122.355955399806	0.507291666666667
122.372850299813	0.507291666666667
122.389097600011	0.507291666666667
122.406366799958	0.507291666666667
122.422368299915	0.507291666666667
122.439292999916	0.507291666666667
122.456011299975	0.507291666666667
122.472556299996	0.507291666666667
122.489869799931	0.507291666666667
122.506137599936	0.507291666666667
122.523377599893	0.507291666666667
122.539242699975	0.507291666666667
122.556024899939	0.507291666666667
122.572642499814	0.507291666666667
122.589323599823	0.507291666666667
122.605597799877	0.507291666666667
122.622761799954	0.507291666666667
122.638907199958	0.507291666666667
122.655732200015	0.507291666666667
122.672426400008	0.507291666666667
122.689251299948	0.507291666666667
122.705923900008	0.507291666666667
122.722683199914	0.507291666666667
122.73918919987	0.507291666666667
122.755859399913	0.507291666666667
122.772708199918	0.507291666666667
122.789202699903	0.507291666666667
122.806037499802	0.507291666666667
122.82271839981	0.507291666666667
122.838894099928	0.507291666666667
122.855981299886	0.507291666666667
122.872340800008	0.507291666666667
122.889291299973	0.507291666666667
122.905784699833	0.507291666666667
122.922477199929	0.507291666666667
122.939372499939	0.507291666666667
122.955458299955	0.507291666666667
122.9725263	0.507291666666667
122.989261099836	0.507291666666667
123.006132799899	0.507291666666667
123.022236099932	0.507291666666667
123.039054299938	0.507291666666667
123.056028799852	0.507291666666667
123.072610699804	0.507291666666667
123.089085899992	0.507291666666667
123.105747999856	0.507291666666667
123.122555600014	0.507291666666667
123.139262299985	0.507291666666667
123.155715900008	0.507291666666667
123.172482199967	0.507291666666667
123.189363099867	0.507291666666667
123.206123999786	0.507291666666667
123.222850199789	0.507291666666667
123.239408999914	0.507291666666667
123.255968499929	0.507291666666667
123.272410499863	0.507291666666667
123.289159999928	0.507291666666667
123.306074499851	0.507291666666667
123.322409899905	0.507291666666667
123.33925379999	0.507291666666667
123.355918799993	0.507291666666667
123.372601300012	0.507291666666667
123.389248799998	0.507291666666667
123.406522399979	0.507291666666667
123.422706799814	0.507291666666667
123.439054899849	0.507291666666667
123.456119499868	0.507291666666667
123.472608199809	0.507291666666667
123.488790899981	0.507291666666667
123.505812199786	0.507291666666667
123.52234539995	0.507291666666667
123.538849100005	0.507291666666667
123.555795299821	0.507291666666667
123.572648899863	0.507291666666667
123.588789699832	0.507291666666667
123.605938199908	0.507291666666667
123.622644799994	0.507291666666667
123.639207699802	0.507291666666667
123.655906899832	0.507291666666667
123.672412899788	0.507291666666667
123.688733499963	0.507291666666667
123.706108599901	0.507291666666667
123.722810899839	0.507291666666667
123.739510999992	0.507291666666667
123.755870099878	0.507291666666667
123.772897399962	0.507291666666667
123.789931899868	0.507291666666667
123.806074199965	0.507291666666667
123.822454999899	0.507291666666667
123.838757799938	0.507291666666667
123.856070399983	0.507291666666667
123.872391999932	0.507291666666667
123.889148099814	0.507291666666667
123.905996899819	0.507291666666667
123.923016499961	0.507291666666667
123.938784899889	0.507291666666667
123.955622999929	0.507291666666667
123.972767699976	0.507291666666667
123.988918499788	0.507291666666667
124.005933000008	0.507291666666667
124.022698899964	0.507291666666667
124.039133999962	0.507291666666667
124.055876899976	0.507291666666667
124.072548299795	0.507291666666667
124.089137399802	0.507291666666667
124.105835099937	0.507291666666667
124.122340499889	0.507291666666667
124.139010799816	0.507291666666667
124.1556427998	0.507291666666667
124.172294099815	0.507291666666667
124.188895599917	0.507291666666667
124.205507799983	0.507291666666667
124.222905199975	0.507291666666667
124.238848199835	0.507291666666667
124.25548469997	0.507291666666667
124.27228509984	0.507291666666667
124.289048299892	0.507291666666667
124.305819199886	0.507291666666667
124.322941199876	0.507291666666667
124.338749599876	0.507291666666667
124.355936199892	0.507291666666667
124.372736599995	0.507291666666667
124.388815499842	0.507291666666667
124.406004599994	0.507291666666667
124.422729099868	0.507291666666667
124.4390178998	0.507291666666667
124.456147799967	0.507291666666667
124.47231699992	0.507291666666667
124.489150799811	0.507291666666667
124.505890999921	0.507291666666667
124.522639199859	0.507291666666667
124.539500899846	0.507291666666667
124.555799299851	0.507291666666667
124.57261059992	0.507291666666667
124.588814799907	0.507291666666667
124.605836199829	0.507291666666667
124.622727699811	0.507291666666667
124.639394399943	0.507291666666667
124.655765199801	0.507291666666667
124.672765299911	0.507291666666667
124.689140699804	0.507291666666667
124.705650799908	0.507291666666667
124.722352099838	0.507291666666667
124.738785599824	0.507291666666667
124.7557986998	0.507291666666667
124.772774399957	0.507291666666667
124.789186700014	0.507291666666667
124.805854499806	0.507291666666667
124.823105999967	0.507291666666667
124.839186099824	0.507291666666667
124.855808699969	0.507291666666667
124.872438699938	0.507291666666667
124.889196499949	0.507291666666667
124.905533899786	0.507291666666667
124.922520599794	0.507291666666667
124.939172399929	0.507291666666667
124.955723999999	0.507291666666667
124.972458799835	0.507291666666667
124.989002699964	0.507291666666667
125.005443499889	0.507291666666667
125.022856399883	0.507291666666667
125.039175099926	0.507291666666667
125.055823499803	0.507291666666667
125.072299899999	0.507291666666667
125.089152599918	0.507291666666667
125.106020599836	0.507291666666667
125.122533599846	0.507291666666667
125.139153599972	0.507291666666667
125.155249599833	0.507291666666667
125.172329999972	0.507291666666667
125.188889199868	0.507291666666667
125.205642299959	0.507291666666667
125.222295399988	0.507291666666667
125.238915999886	0.507291666666667
125.255673900014	0.507291666666667
125.27231219993	0.507291666666667
125.289020199794	0.507291666666667
125.305811099941	0.507291666666667
125.322272999911	0.507291666666667
125.339232499944	0.507291666666667
125.35560429981	0.507291666666667
125.372502599843	0.507291666666667
125.38924329984	0.507291666666667
125.406096199993	0.507291666666667
125.422666099854	0.507291666666667
125.439142699819	0.507291666666667
125.455765899969	0.507291666666667
125.472534299828	0.507291666666667
125.489164099796	0.507291666666667
125.505851699971	0.507291666666667
125.522311199922	0.507291666666667
125.539122099988	0.507291666666667
125.555953899864	0.507291666666667
125.572280699853	0.507291666666667
125.588930499973	0.507291666666667
125.605761299841	0.507291666666667
125.622533199843	0.507291666666667
125.639228899963	0.507291666666667
125.655329499859	0.507291666666667
125.672733999789	0.507291666666667
125.689329699846	0.507291666666667
125.705682699801	0.507291666666667
125.72248789994	0.507291666666667
125.739230999956	0.507291666666667
125.756123299943	0.507291666666667
125.772621399956	0.507291666666667
125.789300299948	0.507291666666667
125.805991499918	0.507291666666667
125.822437699884	0.507291666666667
125.839072200004	0.507291666666667
125.855824099854	0.507291666666667
125.872512999922	0.507291666666667
125.889071899932	0.507291666666667
125.905571899842	0.507291666666667
125.922645799816	0.507291666666667
125.938640999841	0.507291666666667
125.955916699953	0.507291666666667
125.972506799968	0.507291666666667
125.988926299848	0.507291666666667
126.005825199885	0.507291666666667
126.022442499874	0.507291666666667
126.039573399816	0.507291666666667
126.056151799858	0.507291666666667
126.072212799918	0.507291666666667
126.08917469997	0.507291666666667
126.1058739	0.507291666666667
126.122284999816	0.507291666666667
126.13951030001	0.507291666666667
126.15561129991	0.507291666666667
126.172676199814	0.507291666666667
126.188823799836	0.507291666666667
126.206023599952	0.507291666666667
126.222273499938	0.507291666666667
126.23884759983	0.507291666666667
126.255726999836	0.516666666666667
126.272556299809	0.516666666666667
126.289190599928	0.516666666666667
126.305748699931	0.516666666666667
126.322509799851	0.516666666666667
126.339172299951	0.516666666666667
126.355861999793	0.516666666666667
126.372568299994	0.516666666666667
126.389451299794	0.526041666666667
126.40564329992	0.526041666666667
126.422124899924	0.526041666666667
126.438910299912	0.526041666666667
126.456230599899	0.526041666666667
126.472441899823	0.526041666666667
126.489243499935	0.526041666666667
126.505755799823	0.526041666666667
126.522599899909	0.526041666666667
126.538414099952	0.526041666666667
126.556064199889	0.526041666666667
126.572563099908	0.526041666666667
126.589193599997	0.526041666666667
126.606069399975	0.526041666666667
126.622707600007	0.526041666666667
126.639262399869	0.526041666666667
126.655544699868	0.526041666666667
126.672217699932	0.526041666666667
126.689101099968	0.526041666666667
126.705799799878	0.526041666666667
126.722446599975	0.526041666666667
126.739327999996	0.535416666666667
126.75571139995	0.535416666666667
126.772394299973	0.535416666666667
126.788716999814	0.535416666666667
126.805892899865	0.535416666666667
126.822261199821	0.535416666666667
126.839403899852	0.535416666666667
126.855832499918	0.535416666666667
126.872256799834	0.535416666666667
126.889058199944	0.535416666666667
126.905813299818	0.535416666666667
126.922571799951	0.535416666666667
126.939175999956	0.535416666666667
126.955750099849	0.535416666666667
126.972429599846	0.535416666666667
126.988964499906	0.535416666666667
127.005476099905	0.535416666666667
127.022544199834	0.535416666666667
127.039095599903	0.535416666666667
127.055755399866	0.535416666666667
127.072318899911	0.535416666666667
127.089334699791	0.535416666666667
127.105922999792	0.535416666666667
127.122628299985	0.535416666666667
127.138697799994	0.535416666666667
127.155786699848	0.535416666666667
127.172521299915	0.535416666666667
127.188783399994	0.535416666666667
127.205773299793	0.535416666666667
127.22238429985	0.535416666666667
127.238763100002	0.535416666666667
127.255709399935	0.535416666666667
127.272334399866	0.535416666666667
127.289109899895	0.535416666666667
127.305681800004	0.535416666666667
127.322515599895	0.535416666666667
127.338971499819	0.535416666666667
127.355551199988	0.535416666666667
127.377480299911	0.535416666666667
127.388409700012	0.535416666666667
127.405743999872	0.535416666666667
127.422518299893	0.535416666666667
127.438513699919	0.535416666666667
127.455607699929	0.535416666666667
127.472529499792	0.535416666666667
127.489125199849	0.535416666666667
127.505529499846	0.535416666666667
127.522543499945	0.535416666666667
127.539195799967	0.535416666666667
127.556047099875	0.535416666666667
127.572138399817	0.535416666666667
127.589502599789	0.535416666666667
127.605649099918	0.535416666666667
127.622423999943	0.535416666666667
127.639100799803	0.535416666666667
127.655889099929	0.535416666666667
127.672360799974	0.535416666666667
127.68869069987	0.535416666666667
127.705831700005	0.535416666666667
127.722345599905	0.535416666666667
127.739006199874	0.535416666666667
127.755623499863	0.535416666666667
127.772468699841	0.535416666666667
127.789102899842	0.54375
127.805749199819	0.54375
127.822245499818	0.54375
127.83904939983	0.54375
127.855775699951	0.54375
127.872547099832	0.54375
127.889711699914	0.54375
127.905657699797	0.54375
127.922028899891	0.54375
127.938597099856	0.54375
127.955465599895	0.54375
127.972250899998	0.54375
127.989128699992	0.54375
128.005895499839	0.54375
128.022536899894	0.54375
128.039320299868	0.54375
128.055646499852	0.54375
128.072374399984	0.54375
128.089376499876	0.54375
128.105511399917	0.54375
128.122414299985	0.54375
128.138809699798	0.54375
128.155692499829	0.54375
128.172454999993	0.54375
128.189241199987	0.54375
128.205571899889	0.54375
128.222470499808	0.54375
128.23895189981	0.54375
128.255513999844	0.54375
128.272450499935	0.54375
128.289112499915	0.54375
128.30582499993	0.54375
128.322161599994	0.54375
128.339463899843	0.54375
128.355628199875	0.54375
128.372442199849	0.54375
128.388843899826	0.54375
128.405894099968	0.54375
128.422379900003	0.54375
128.439264499815	0.54375
128.455790299922	0.54375
128.472567099845	0.54375
128.489349599928	0.54375
128.505792299984	0.54375
128.522381599993	0.54375
128.539212799864	0.54375
128.555569699965	0.54375
128.572187899845	0.54375
128.589194699889	0.54375
128.605822899844	0.54375
128.622353799874	0.54375
128.639215999981	0.54375
128.655483299866	0.54375
128.672187199816	0.54375
128.689186099917	0.54375
128.705567899859	0.54375
128.722718399949	0.54375
128.739597399952	0.54375
128.755533999996	0.54375
128.772776399972	0.54375
128.789285899838	0.54375
128.805848599877	0.54375
128.822574299993	0.54375
128.83936299989	0.54375
128.855373099912	0.54375
128.872273599962	0.54375
128.889200399863	0.54375
128.905681299977	0.54375
128.922713699983	0.54375
128.939644199796	0.54375
128.955551999854	0.54375
128.972818200011	0.54375
128.989152299939	0.54375
129.005556799937	0.54375
129.022336799884	0.54375
129.039197899867	0.54375
129.055827799952	0.54375
129.072367799934	0.54375
129.08907039999	0.54375
129.105687499978	0.54375
129.122203700012	0.54375
129.139637299813	0.54375
129.155819299864	0.54375
129.172271099873	0.54375
129.188743799925	0.54375
129.205877200002	0.54375
129.222710900009	0.54375
129.239109799964	0.54375
129.255715499865	0.552083333333333
129.272323099896	0.552083333333333
129.288995399838	0.552083333333333
129.30542219989	0.552083333333333
129.322440699907	0.552083333333333
129.338884399971	0.552083333333333
129.355679199798	0.552083333333333
129.372266699793	0.552083333333333
129.389065699885	0.552083333333333
129.405734599801	0.552083333333333
129.422455299878	0.552083333333333
129.439017799916	0.552083333333333
129.455593899824	0.552083333333333
129.472289099824	0.552083333333333
129.48877159995	0.552083333333333
129.505479899934	0.552083333333333
129.522216399899	0.552083333333333
129.539177299943	0.552083333333333
129.555655599805	0.552083333333333
129.572495099856	0.552083333333333
129.588822199963	0.552083333333333
129.605704699876	0.552083333333333
129.622422999935	0.552083333333333
129.639308499871	0.552083333333333
129.655482199974	0.552083333333333
129.672359699849	0.552083333333333
129.689390199957	0.552083333333333
129.705613599857	0.552083333333333
129.722162999911	0.552083333333333
129.739181399811	0.552083333333333
129.755846099928	0.552083333333333
129.772385299904	0.552083333333333
129.789203599794	0.544791666666667
129.805397299817	0.544791666666667
129.821668099845	0.544791666666667
129.839025599882	0.544791666666667
129.855758799938	0.544791666666667
129.872205499792	0.544791666666667
129.889064399991	0.544791666666667
129.905746900011	0.544791666666667
129.922354599927	0.544791666666667
129.939009799855	0.544791666666667
129.955618100008	0.544791666666667
129.972244699951	0.544791666666667
129.989238600014	0.535416666666667
130.005672399886	0.535416666666667
130.022348499857	0.535416666666667
130.038835799787	0.527083333333333
130.05557239987	0.527083333333333
130.072414899943	0.527083333333333
130.089032899821	0.527083333333333
130.105484199943	0.527083333333333
130.12219379982	0.527083333333333
130.139337599976	0.527083333333333
130.155564499786	0.527083333333333
130.17223799997	0.527083333333333
130.189065299928	0.527083333333333
130.205819399795	0.527083333333333
130.222295999993	0.527083333333333
130.238688299898	0.527083333333333
130.255848999834	0.527083333333333
130.272183699999	0.527083333333333
130.289440699853	0.527083333333333
130.305771799991	0.527083333333333
130.322072800016	0.527083333333333
130.33912449982	0.527083333333333
130.355367699871	0.527083333333333
130.372280899901	0.527083333333333
130.38864699984	0.527083333333333
130.405644599814	0.527083333333333
130.422377999872	0.527083333333333
130.439032399794	0.527083333333333
130.456118399976	0.527083333333333
130.472122299951	0.527083333333333
130.48863999988	0.527083333333333
130.505784599809	0.527083333333333
130.522060099989	0.527083333333333
130.539236699929	0.527083333333333
130.555732899811	0.527083333333333
130.572411299916	0.527083333333333
130.588657899993	0.527083333333333
130.605868899962	0.527083333333333
130.622378899949	0.527083333333333
130.63909740001	0.527083333333333
130.655490999809	0.527083333333333
130.672036799835	0.527083333333333
130.689083999954	0.527083333333333
130.705808799947	0.527083333333333
130.722127099987	0.527083333333333
130.738673100015	0.527083333333333
130.755354399793	0.527083333333333
130.772328199819	0.527083333333333
130.788658699952	0.527083333333333
130.805838499917	0.527083333333333
130.822288199794	0.527083333333333
130.839122899808	0.527083333333333
130.855631699786	0.527083333333333
130.87242499995	0.527083333333333
130.889076499967	0.527083333333333
130.905581199797	0.527083333333333
130.922205499839	0.527083333333333
130.938940399792	0.527083333333333
130.955598799977	0.527083333333333
130.972099100007	0.527083333333333
130.988643199904	0.527083333333333
131.005429399898	0.527083333333333
131.022069099825	0.527083333333333
131.038706099847	0.527083333333333
131.055300700013	0.527083333333333
131.072139399825	0.527083333333333
131.089021999855	0.527083333333333
131.105475399876	0.527083333333333
131.122008199804	0.527083333333333
131.138822800014	0.527083333333333
131.15542179998	0.527083333333333
131.172209399985	0.527083333333333
131.18897339981	0.527083333333333
131.205355599988	0.527083333333333
131.222133199917	0.527083333333333
131.239211299922	0.527083333333333
131.255170399789	0.527083333333333
131.272284599952	0.527083333333333
131.288611399941	0.527083333333333
131.305735299829	0.527083333333333
131.322343499865	0.527083333333333
131.339288799791	0.527083333333333
131.355354999891	0.527083333333333
131.372214999981	0.527083333333333
131.388959599892	0.527083333333333
131.40578429983	0.527083333333333
131.421968499897	0.527083333333333
131.438833199907	0.527083333333333
131.455368199851	0.527083333333333
131.472567199962	0.527083333333333
131.489079399966	0.527083333333333
131.505563199986	0.527083333333333
131.521682099905	0.527083333333333
131.538767799968	0.527083333333333
131.555702899816	0.527083333333333
131.572196799796	0.527083333333333
131.588982200017	0.527083333333333
131.605978699867	0.527083333333333
131.6221431999	0.527083333333333
131.639261599863	0.527083333333333
131.655732999789	0.527083333333333
131.672367399791	0.527083333333333
131.688379899831	0.527083333333333
131.70534919994	0.527083333333333
131.722268000012	0.527083333333333
131.738690499915	0.527083333333333
131.755555299809	0.527083333333333
131.771906599868	0.527083333333333
131.789009099826	0.527083333333333
131.805443399819	0.527083333333333
131.822242999915	0.527083333333333
131.839041600004	0.527083333333333
131.85522129992	0.527083333333333
131.872298599919	0.527083333333333
131.8894826998	0.527083333333333
131.905641699908	0.527083333333333
131.921851299936	0.527083333333333
131.938679899788	0.527083333333333
131.955564199947	0.527083333333333
131.971676599933	0.527083333333333
131.989282099996	0.527083333333333
132.005547299981	0.527083333333333
132.021830599988	0.527083333333333
132.038856399944	0.527083333333333
132.0554672	0.527083333333333
132.071724799927	0.527083333333333
132.089131399989	0.527083333333333
132.105687799864	0.527083333333333
132.122279800009	0.527083333333333
132.139124199981	0.527083333333333
132.155572799966	0.527083333333333
132.17184999981	0.527083333333333
132.189137199894	0.527083333333333
132.205546399811	0.527083333333333
132.221701199887	0.527083333333333
132.239031899953	0.527083333333333
132.255673199892	0.527083333333333
132.271843299968	0.527083333333333
132.288900399813	0.527083333333333
132.305577799911	0.527083333333333
132.321872300003	0.527083333333333
132.339125799946	0.527083333333333
132.355546499835	0.527083333333333
132.372033699881	0.527083333333333
132.388937299838	0.527083333333333
132.405511499848	0.527083333333333
132.422075500013	0.527083333333333
132.438902399968	0.527083333333333
132.455216099974	0.527083333333333
132.471835499862	0.527083333333333
132.488952299813	0.527083333333333
132.505550799891	0.527083333333333
132.521762999939	0.527083333333333
132.539019399788	0.527083333333333
132.555414899951	0.527083333333333
132.571662299801	0.527083333333333
132.588875300018	0.527083333333333
132.605789799942	0.527083333333333
132.622205799911	0.527083333333333
132.638886499917	0.527083333333333
132.655732699903	0.527083333333333
132.672283799853	0.527083333333333
132.688684299821	0.527083333333333
132.705422799801	0.527083333333333
132.722367999842	0.527083333333333
132.73830899992	0.527083333333333
132.75498540001	0.527083333333333
132.771994199837	0.527083333333333
132.788301299792	0.527083333333333
132.805044099921	0.527083333333333
132.821958899964	0.527083333333333
132.838670799974	0.527083333333333
132.855452899821	0.527083333333333
132.872255699942	0.527083333333333
132.889311600011	0.527083333333333
132.90555409994	0.527083333333333
132.921820299933	0.527083333333333
132.938606799813	0.527083333333333
132.955670999829	0.527083333333333
132.971768599935	0.527083333333333
132.989029099932	0.527083333333333
133.005743699847	0.527083333333333
133.02208379982	0.527083333333333
133.039035799913	0.527083333333333
133.055678499863	0.527083333333333
133.072071299888	0.527083333333333
133.088700899854	0.527083333333333
133.105480799917	0.527083333333333
133.121811899822	0.527083333333333
133.139265799895	0.527083333333333
133.155617499957	0.527083333333333
133.171961099841	0.527083333333333
133.188627899857	0.527083333333333
133.20527759986	0.527083333333333
133.221736399923	0.527083333333333
133.238873399794	0.527083333333333
133.255217899801	0.527083333333333
133.27220389992	0.527083333333333
133.289015099872	0.527083333333333
133.305577099789	0.527083333333333
133.322179300012	0.527083333333333
133.33871299983	0.527083333333333
133.355686999857	0.527083333333333
133.372213299852	0.527083333333333
133.389209899819	0.527083333333333
133.405313799856	0.527083333333333
133.421787399799	0.527083333333333
133.438934599981	0.527083333333333
133.455569899874	0.527083333333333
133.471742699854	0.527083333333333
133.488840400008	0.527083333333333
133.505308699794	0.527083333333333
133.522080999799	0.51875
133.53903539991	0.51875
133.555520299822	0.51875
133.572103699902	0.51875
133.58890039986	0.51875
133.605405999813	0.51875
133.621878899867	0.51875
133.638936299831	0.51875
133.655878499849	0.51875
133.67193219997	0.51875
133.688628799981	0.51875
133.70513869985	0.51875
133.721893599955	0.51875
133.7390381	0.51875
133.75555669982	0.51875
133.771911599906	0.51875
133.788936599856	0.51875
133.805455199908	0.51875
133.821756199934	0.51875
133.839016699931	0.51875
133.855574899819	0.51875
133.872049799887	0.51875
133.888961899793	0.51875
133.905818099855	0.51875
133.922018999932	0.51875
133.938833499793	0.51875
133.955453299917	0.51875
133.972143299878	0.51875
133.988539099926	0.51875
134.005126099801	0.51875
134.022171099903	0.51875
134.038996199844	0.51875
134.055421799887	0.51875
134.072909599869	0.51875
134.088871699991	0.51875
134.105430299882	0.51875
134.121636099881	0.51875
134.13876799983	0.51875
134.15531349997	0.51875
134.172045199899	0.51875
134.188673399854	0.51875
134.20542829996	0.51875
134.222174499882	0.51875
134.238858799916	0.51875
134.255718099885	0.51875
134.271836999804	0.51875
134.288928499911	0.51875
134.305378999794	0.51875
134.321934599895	0.51875
134.338635499822	0.51875
134.355628199875	0.51875
134.372269299813	0.51875
134.388941599987	0.51875
134.405523399822	0.509375
134.422164499993	0.509375
134.439198199892	0.509375
134.455114800017	0.509375
134.471802199958	0.509375
134.489382499829	0.509375
134.505418899935	0.509375
134.521907099988	0.509375
134.538998999866	0.509375
134.55549209984	0.509375
134.572518499801	0.509375
134.588670499856	0.509375
134.605416700011	0.509375
134.622228099965	0.509375
134.639000199968	0.509375
134.655604399974	0.509375
134.672410500003	0.509375
134.688430999871	0.509375
134.705359400017	0.509375
134.721747200005	0.509375
134.738896599971	0.509375
134.755448099924	0.509375
134.771915099816	0.509375
134.78862789995	0.509375
134.805524499854	0.509375
134.821871399879	0.509375
134.838823099853	0.509375
134.855392299825	0.509375
134.872146399925	0.509375
134.888678799849	0.509375
134.905988599872	0.509375
134.922139499802	0.509375
134.939103299985	0.509375
134.95549610001	0.509375
134.97188899992	0.509375
134.989108899841	0.509375
135.005314899841	0.509375
135.022517099977	0.509375
135.038915399928	0.509375
135.055444999831	0.509375
135.071863099933	0.509375
135.088626599871	0.509375
135.105413299985	0.509375
135.122246099869	0.509375
135.138779699802	0.509375
135.155271299882	0.509375
135.172135199886	0.509375
135.188834999921	0.509375
135.205585499993	0.509375
135.222103999928	0.509375
135.238715999993	0.509375
135.255235799821	0.509375
135.27215019986	0.509375
135.288810999831	0.509375
135.305384699954	0.509375
135.321904899785	0.5
135.338890400017	0.5
135.355570599902	0.5
135.372493400006	0.5
135.388499599881	0.5
135.405124399811	0.5
135.421826199861	0.5
135.439164599869	0.491666666666667
135.455148399808	0.491666666666667
135.472118699923	0.491666666666667
135.488523399923	0.491666666666667
135.50539639988	0.491666666666667
135.522218999919	0.491666666666667
135.539033900015	0.491666666666667
135.555437099887	0.491666666666667
135.572342899861	0.491666666666667
135.58934109984	0.491666666666667
135.605420099804	0.491666666666667
135.621990699787	0.491666666666667
135.638763099909	0.491666666666667
135.655123399803	0.491666666666667
135.671831199899	0.491666666666667
135.688450599788	0.491666666666667
135.705078399973	0.491666666666667
135.721837299876	0.491666666666667
135.738763300003	0.491666666666667
135.755669999868	0.483333333333333
135.771944999928	0.483333333333333
135.788942599902	0.483333333333333
135.80538239982	0.483333333333333
135.821837399853	0.483333333333333
135.838622899959	0.483333333333333
135.855439999839	0.483333333333333
135.872139099985	0.483333333333333
135.888926899992	0.483333333333333
135.905141499825	0.483333333333333
135.92199339997	0.483333333333333
135.938574999804	0.483333333333333
135.955619599903	0.475
135.971877399832	0.475
135.988932600012	0.475
136.005355899921	0.475
136.021969499998	0.475
136.038762599928	0.475
136.055272299796	0.475
136.072170199826	0.475
136.088575999951	0.475
136.105494499905	0.465625
136.122327199904	0.457291666666667
136.138629699824	0.457291666666667
136.155190799851	0.457291666666667
136.171855799854	0.457291666666667
136.188538699877	0.457291666666667
136.205391299911	0.457291666666667
136.221811899915	0.457291666666667
136.238789999858	0.457291666666667
136.255318399984	0.457291666666667
136.272392599843	0.457291666666667
136.288514599903	0.457291666666667
136.305340799969	0.457291666666667
136.322022599867	0.457291666666667
136.339016399812	0.457291666666667
136.354944599792	0.457291666666667
136.372616499895	0.457291666666667
136.388603099855	0.457291666666667
136.405156399822	0.457291666666667
136.422351100016	0.457291666666667
136.438898899825	0.457291666666667
136.455197299831	0.457291666666667
136.472099799896	0.457291666666667
136.488857399905	0.440625
136.505634999834	0.43125
136.522241899977	0.422916666666667
136.538888199953	0.422916666666667
136.555424399907	0.414583333333333
136.572102000006	0.414583333333333
136.588936599903	0.40625
136.605410499964	0.40625
136.621698800009	0.40625
136.638730699895	0.40625
136.655310499948	0.40625
136.672158699948	0.40625
136.688752199989	0.40625
136.70524489996	0.40625
136.722208599793	0.40625
136.73880949989	0.40625
136.755520100007	0.40625
136.772372099804	0.40625
136.788781399839	0.40625
136.805443799822	0.40625
136.822109399829	0.40625
136.83871039981	0.40625
136.855175899807	0.40625
136.87214929983	0.40625
136.888884799788	0.40625
136.905358799966	0.40625
136.922279699938	0.40625
136.938938800013	0.40625
136.955191499786	0.40625
136.972413799958	0.40625
136.988795199897	0.40625
137.005213700002	0.40625
137.022225199966	0.40625
137.038715499919	0.40625
137.055357399862	0.40625
137.071849399945	0.40625
137.088729499839	0.40625
137.105333899846	0.40625
137.122330699814	0.40625
137.138579299906	0.40625
137.1553632	0.40625
137.172171999933	0.40625
137.188776999945	0.40625
137.205484199803	0.40625
137.221837999998	0.40625
137.239020399982	0.40625
137.255459999898	0.40625
137.272295299917	0.40625
137.288617899874	0.40625
137.305757900001	0.40625
137.322220899863	0.40625
137.338412999874	0.40625
137.355410899967	0.413541666666667
137.372065499891	0.413541666666667
137.388891199837	0.413541666666667
137.405480499845	0.413541666666667
137.422170999926	0.413541666666667
137.43887549988	0.413541666666667
137.455141699873	0.413541666666667
137.472379399929	0.413541666666667
137.488556999946	0.413541666666667
137.505388199817	0.413541666666667
137.522120299982	0.413541666666667
137.538568399847	0.421875
137.555272799917	0.421875
137.572125999955	0.421875
137.588565799873	0.421875
137.605595099973	0.421875
137.622152699856	0.421875
137.63880690001	0.430208333333333
137.65526189981	0.430208333333333
137.672124299919	0.430208333333333
137.688663600013	0.430208333333333
137.705348199932	0.430208333333333
137.722142599989	0.430208333333333
137.738766799914	0.430208333333333
137.755412299884	0.430208333333333
137.772126299795	0.430208333333333
137.788560699904	0.430208333333333
137.805341099855	0.430208333333333
137.822013299912	0.430208333333333
137.838814599905	0.430208333333333
137.855337899877	0.430208333333333
137.872224199818	0.430208333333333
137.888510799967	0.430208333333333
137.905264599947	0.430208333333333
137.921816000016	0.430208333333333
137.939041399863	0.430208333333333
137.955487499945	0.430208333333333
137.972202299861	0.430208333333333
137.988780499902	0.430208333333333
138.00534129981	0.430208333333333
138.021808699938	0.430208333333333
138.038569499971	0.430208333333333
138.055087100016	0.430208333333333
138.072277499828	0.430208333333333
138.088845699793	0.430208333333333
138.105204499792	0.430208333333333
138.122326700017	0.430208333333333
138.138676099945	0.430208333333333
138.155217999825	0.430208333333333
138.172009299975	0.430208333333333
138.188705199864	0.430208333333333
138.205246899975	0.430208333333333
138.222119599814	0.430208333333333
138.238733799895	0.430208333333333
138.255112399813	0.430208333333333
138.271772099892	0.430208333333333
138.288949399954	0.422916666666667
138.305111299967	0.422916666666667
138.32200509985	0.422916666666667
138.33890909981	0.422916666666667
138.35529989982	0.422916666666667
138.371857699938	0.422916666666667
138.388906199951	0.422916666666667
138.405136799905	0.422916666666667
138.421638799831	0.422916666666667
138.438783999998	0.422916666666667
138.455578799825	0.422916666666667
138.472238099901	0.422916666666667
138.488723599818	0.422916666666667
138.505207199836	0.422916666666667
138.52173869987	0.422916666666667
138.538165899925	0.422916666666667
138.555279599968	0.422916666666667
138.572119099787	0.422916666666667
138.588321899995	0.422916666666667
138.605154299876	0.422916666666667
138.622176199919	0.422916666666667
138.638849099865	0.422916666666667
138.655259399908	0.422916666666667
138.672119499883	0.422916666666667
138.688476999989	0.422916666666667
138.705151099944	0.422916666666667
138.722005399875	0.422916666666667
138.738407499855	0.422916666666667
138.75496699987	0.422916666666667
138.772019399796	0.422916666666667
138.788442799821	0.422916666666667
138.805166399805	0.422916666666667
138.821734699886	0.422916666666667
138.838844599901	0.422916666666667
138.855323299998	0.422916666666667
138.87247299985	0.422916666666667
138.88827929995	0.422916666666667
138.905270899879	0.422916666666667
138.921789099928	0.422916666666667
138.938361899927	0.422916666666667
138.955126799876	0.422916666666667
138.972095599864	0.422916666666667
138.988797299797	0.422916666666667
139.005298999837	0.422916666666667
139.021711899899	0.422916666666667
139.038669099798	0.422916666666667
139.055013899924	0.422916666666667
139.072120599914	0.422916666666667
139.089093999937	0.422916666666667
139.105284899939	0.422916666666667
139.122022499796	0.422916666666667
139.138472499792	0.422916666666667
139.155234099831	0.422916666666667
139.172101599863	0.422916666666667
139.188719599973	0.422916666666667
139.204800999956	0.422916666666667
139.222107999958	0.422916666666667
139.238772399956	0.422916666666667
139.25491899997	0.422916666666667
139.271870399825	0.422916666666667
139.288766599959	0.422916666666667
139.305377899902	0.422916666666667
139.322081199847	0.422916666666667
139.339132099878	0.422916666666667
139.355297799921	0.422916666666667
139.372055499814	0.422916666666667
139.388810499804	0.422916666666667
139.405638899887	0.422916666666667
139.421806399943	0.422916666666667
139.438630799996	0.422916666666667
139.454767299816	0.422916666666667
139.471705599921	0.422916666666667
139.488757499959	0.422916666666667
139.505121999886	0.422916666666667
139.522230400005	0.422916666666667
139.538792299805	0.422916666666667
139.555046399822	0.422916666666667
139.572047799826	0.422916666666667
139.588786099805	0.422916666666667
139.605206799926	0.422916666666667
139.622077599866	0.422916666666667
139.638714599889	0.422916666666667
139.65521389991	0.422916666666667
139.672194399871	0.422916666666667
139.688592699822	0.422916666666667
139.705165599938	0.422916666666667
139.721961099887	0.422916666666667
139.738170699915	0.422916666666667
139.755322099896	0.422916666666667
139.771971900016	0.422916666666667
139.788565499941	0.422916666666667
139.80512509984	0.422916666666667
139.822106899926	0.422916666666667
139.838819799945	0.422916666666667
139.855513599934	0.422916666666667
139.872041799827	0.422916666666667
139.888304499909	0.422916666666667
139.90521999984	0.422916666666667
139.922194599872	0.422916666666667
139.938644299982	0.422916666666667
139.954960200004	0.422916666666667
139.9722511	0.422916666666667
139.988637099974	0.422916666666667
140.005438499851	0.422916666666667
140.022315999959	0.422916666666667
140.038619299885	0.422916666666667
140.055208700011	0.422916666666667
140.07171459985	0.422916666666667
140.088618999813	0.422916666666667
140.105230399873	0.422916666666667
140.121991399908	0.422916666666667
140.138656399911	0.422916666666667
140.154982700013	0.422916666666667
140.171977999853	0.422916666666667
140.188304299954	0.422916666666667
140.204878499964	0.422916666666667
140.222333799815	0.422916666666667
140.238462499809	0.422916666666667
140.255307100015	0.422916666666667
140.272320099873	0.422916666666667
140.288679199992	0.422916666666667
140.305013999809	0.422916666666667
140.321979600005	0.422916666666667
140.338275099872	0.422916666666667
140.354899399914	0.422916666666667
140.371672699926	0.422916666666667
140.388749599922	0.422916666666667
140.405354399933	0.422916666666667
140.42201739992	0.422916666666667
140.438688199967	0.422916666666667
140.455051499885	0.422916666666667
140.471868599998	0.422916666666667
140.48840199993	0.422916666666667
140.504831699887	0.422916666666667
140.522017800016	0.422916666666667
140.538573999889	0.422916666666667
140.554738899926	0.422916666666667
140.572012799792	0.422916666666667
140.588734599994	0.422916666666667
140.605238099815	0.422916666666667
140.621935299831	0.422916666666667
140.638748899801	0.422916666666667
140.654935899889	0.422916666666667
140.671962099848	0.422916666666667
140.688364299946	0.422916666666667
140.705135899829	0.422916666666667
140.722097199876	0.422916666666667
140.738948899787	0.422916666666667
140.755154300015	0.422916666666667
140.771804199787	0.422916666666667
140.788362399908	0.422916666666667
140.805334199918	0.422916666666667
140.821837499971	0.422916666666667
140.838537799893	0.422916666666667
140.854976099916	0.422916666666667
140.871911199996	0.422916666666667
140.888318300014	0.422916666666667
140.904877599794	0.422916666666667
140.922161799856	0.422916666666667
140.938915599836	0.422916666666667
140.955235000001	0.422916666666667
140.972341399873	0.422916666666667
140.988541099941	0.422916666666667
141.0051676	0.422916666666667
141.022045899881	0.422916666666667
141.038661999861	0.422916666666667
141.054878599942	0.422916666666667
141.07184829982	0.422916666666667
141.088639899855	0.422916666666667
141.105046699988	0.422916666666667
141.12194360001	0.422916666666667
141.138900199905	0.422916666666667
141.154799999902	0.422916666666667
141.171788899926	0.422916666666667
141.188284699805	0.422916666666667
141.204848499969	0.422916666666667
141.221784899943	0.422916666666667
141.238490399905	0.422916666666667
141.254800499883	0.422916666666667
141.271900899941	0.422916666666667
141.288622899912	0.422916666666667
141.305136199808	0.422916666666667
141.322021199856	0.422916666666667
141.338371499907	0.422916666666667
141.35469800001	0.422916666666667
141.372085099807	0.422916666666667
141.388383499812	0.422916666666667
141.4051971999	0.422916666666667
141.422070499975	0.422916666666667
141.438576399814	0.422916666666667
141.455152899958	0.422916666666667
141.471883099992	0.422916666666667
141.488733999897	0.422916666666667
141.505068699829	0.422916666666667
141.521944699809	0.422916666666667
141.538758199895	0.422916666666667
141.555160499876	0.422916666666667
141.572001399938	0.422916666666667
141.588108999887	0.43125
141.605140500003	0.43125
141.622300599935	0.43125
141.638522799825	0.43125
141.654921700014	0.43125
141.671996499877	0.43125
141.688847099897	0.43125
141.705127299996	0.43125
141.721962299896	0.43125
141.738194999984	0.43125
141.754863499897	0.43125
141.771772000007	0.43125
141.788519199938	0.43125
141.805387699977	0.43125
141.822180299787	0.43125
141.838602899807	0.43125
141.854758600006	0.43125
141.872241899837	0.43125
141.888544799993	0.43125
141.904767199885	0.43125
141.922009499976	0.43125
141.93820409989	0.43125
141.954983199947	0.43125
141.971790299984	0.43125
141.98851950001	0.43125
142.004834599793	0.43125
142.021625399822	0.43125
142.038435399998	0.43125
142.054820499849	0.43125
142.072116299998	0.43125
142.08813599986	0.43125
142.104718199931	0.43125
142.121838499792	0.43125
142.13881299994	0.43125
142.154759499943	0.43125
142.172046199907	0.43125
142.188644899987	0.43125
142.204983999953	0.43125
142.222053899895	0.43125
142.238689699909	0.43125
142.254761199933	0.43125
142.271688099951	0.43125
142.288549199933	0.43125
142.304910599953	0.43125
142.321879799943	0.43125
142.338847799925	0.43125
142.354753299849	0.43125
142.372002599994	0.43125
142.388668800006	0.43125
142.40486619994	0.43125
142.421877299901	0.43125
142.438678999897	0.43125
142.454795599915	0.43125
142.471657899907	0.43125
142.488431599922	0.43125
142.504826399963	0.43125
142.52171939984	0.43125
142.538545299787	0.43125
142.554921399802	0.43125
142.572170599829	0.43125
142.588744299952	0.43125
142.604812299833	0.43125
142.62221309985	0.43125
142.638396399794	0.43125
142.65520329983	0.43125
142.671561699826	0.43125
142.688677300001	0.43125
142.704830999952	0.43125
142.721934499918	0.43125
142.738520199899	0.43125
142.756079499843	0.43125
142.772480799817	0.43125
142.788501599804	0.43125
142.805053399876	0.43125
142.822135799797	0.43125
142.838533999864	0.43125
142.854941800004	0.43125
142.871923399856	0.43125
142.888400399825	0.43125
142.905062799808	0.43125
142.921654499834	0.43125
142.938198199961	0.43125
142.95477569988	0.43125
142.971596399788	0.43125
142.988436399959	0.43125
143.004622899927	0.43125
143.022329099942	0.43125
143.038530199789	0.43125
143.055291199824	0.43125
143.071863799822	0.43125
143.088472499978	0.43125
143.105033499887	0.43125
143.122010999825	0.43125
143.138635599986	0.43125
143.154801599914	0.43125
143.171662400011	0.43125
143.192773199873	0.43125
143.205077699851	0.43125
143.221733799903	0.43125
143.238539999817	0.43125
143.254781899974	0.43125
143.271878900006	0.43125
143.288594799815	0.43125
143.304892999819	0.43125
143.321893199813	0.43125
143.338769299909	0.43125
143.354832099983	0.43125
143.371857099934	0.43125
143.388507399941	0.43125
143.404999899911	0.43125
143.4219229999	0.43125
143.438636699924	0.43125
143.454614799935	0.43125
143.471727899974	0.43125
143.488224899862	0.43125
143.505154899787	0.43125
143.521684399806	0.43125
143.538781299954	0.43125
143.555214199936	0.43125
143.572182499804	0.43125
143.588501899969	0.43125
143.605084899813	0.43125
143.621929599904	0.43125
143.638641299913	0.43125
143.654898799956	0.43125
143.671871399973	0.43125
143.688692800002	0.43125
143.704959399998	0.43125
143.721661499934	0.43125
143.738524099812	0.43125
143.755269399844	0.43125
143.772044099867	0.43125
143.78850549995	0.43125
143.805117399897	0.43125
143.821993399877	0.43125
143.838484699838	0.43125
143.855131799821	0.43125
143.871536499821	0.43125
143.887972299941	0.43125
143.904698599828	0.43125
143.921981899999	0.43125
143.938487299951	0.43125
143.955085699912	0.43125
143.971759799868	0.43125
143.988651799969	0.43125
144.005338599905	0.43125
144.021741099888	0.43125
144.038390999893	0.43125
144.054872700013	0.43125
144.071751599899	0.43125
144.088206499815	0.43125
144.104867399903	0.43125
144.121594799915	0.43125
144.138498599874	0.43125
144.155057899887	0.43125
144.171620999929	0.43125
144.188472399954	0.43125
144.205122899963	0.43125
144.221829799935	0.43125
144.238479099935	0.43125
144.254908799892	0.43125
144.27208689996	0.43125
144.288297899999	0.43125
144.304818599951	0.43125
144.321831999812	0.43125
144.338089899858	0.43125
144.35475609987	0.43125
144.371912600007	0.43125
144.388151399791	0.43125
144.405049899826	0.43125
144.421904899878	0.43125
144.438409799943	0.43125
144.45509069995	0.43125
144.471813499928	0.43125
144.488447499927	0.43125
144.505038499832	0.43125
144.521585499868	0.43125
144.53848239989	0.43125
144.555275799939	0.43125
144.571721100016	0.43125
144.588195199845	0.43125
144.604893899988	0.43125
144.621903099818	0.43125
144.638418799965	0.43125
144.654809799977	0.43125
144.67119179992	0.43125
144.68838489987	0.43125
144.705023199786	0.43125
144.721939099953	0.43125
144.738507499918	0.43125
144.755129999947	0.43125
144.771794099826	0.43125
144.792637499981	0.43125
144.804631699808	0.43125
144.821656599874	0.43125
144.838616299909	0.43125
144.85527589987	0.43125
144.871877999976	0.43125
144.88804599992	0.43125
144.905104500009	0.43125
144.92212659982	0.43125
144.938690499868	0.43125
144.95483289985	0.43125
144.971875199815	0.43125
144.98841209989	0.43125
145.005046000006	0.43125
145.022122099996	0.43125
145.038393699797	0.43125
145.054913399974	0.43125
145.072030399926	0.43125
145.088372299913	0.43125
145.104874999961	0.43125
145.121783099836	0.43125
145.138056899887	0.43125
145.15441399999	0.43125
145.172005799832	0.43125
145.188375099795	0.43125
145.205146899913	0.43125
145.221889599925	0.43125
145.238121399889	0.43125
145.25469929981	0.43125
145.271429899847	0.43125
145.288426799932	0.43125
145.30486309994	0.43125
145.321757399943	0.43125
145.338101699948	0.43125
145.355219499907	0.43125
145.371844599955	0.43125
145.38842689991	0.43125
145.404634399805	0.43125
145.421595399966	0.43125
145.438559699804	0.43125
145.455066499999	0.43125
145.471675899811	0.43125
145.488814299926	0.43125
145.505161799956	0.43125
145.52177659981	0.43125
145.538239399903	0.43125
145.555069099879	0.43125
145.57198719983	0.43125
145.588041199837	0.43125
145.604996299837	0.43125
145.621587599861	0.43125
145.638336999808	0.43125
145.655089299893	0.43125
145.671775999945	0.43125
145.688164099818	0.43125
145.704887799919	0.43125
145.721747000003	0.43125
145.738145199837	0.43125
145.754994199844	0.43125
145.771886699833	0.43125
145.788019099971	0.43125
145.804689399898	0.43125
145.821770899929	0.43125
145.838161999825	0.43125
145.855161399813	0.43125
145.871579899918	0.43125
145.88833649992	0.43125
145.90513479989	0.43125
145.921727299923	0.43125
145.938116399804	0.43125
145.954853500007	0.43125
145.971592699876	0.43125
145.988228499889	0.43125
146.005033299793	0.43125
146.022103099851	0.43125
146.038307699841	0.43125
146.054559499957	0.43125
146.071742999833	0.43125
146.088363399962	0.43125
146.10462150001	0.43125
146.121804999886	0.43125
146.138358499855	0.43125
146.154720599996	0.43125
146.171803899808	0.43125
146.188449800014	0.43125
146.204995399807	0.43125
146.221998099936	0.43125
146.238487599883	0.43125
146.255307699786	0.43125
146.271728699794	0.43125
146.288143999875	0.43125
146.305006999988	0.43125
146.321855699876	0.43125
146.338504499989	0.43125
146.355165999848	0.43125
146.372072999831	0.43125
146.388630699832	0.43125
146.405139299808	0.43125
146.421725999797	0.43125
146.438750099856	0.43125
146.455081099877	0.43125
146.471768099815	0.43125
146.488484799862	0.43125
146.505121399881	0.43125
146.52182959998	0.43125
146.53817139985	0.43125
146.554512699833	0.43125
146.571225199848	0.43125
146.588072599843	0.43125
146.605026699835	0.43125
146.62204409996	0.43125
146.638417499838	0.43125
146.655243399786	0.43125
146.67168099992	0.43125
146.688120099949	0.43125
146.705693499884	0.43125
146.721750199795	0.43125
146.738089699997	0.43125
146.755039199954	0.43125
146.771700899815	0.43125
146.788355699973	0.43125
146.805066599976	0.43125
146.82182429987	0.43125
146.838320199866	0.43125
146.854826499941	0.43125
146.871703899931	0.43125
146.888280299958	0.43125
146.904510099906	0.43125
146.921685299836	0.43125
146.938198099844	0.43125
146.954858099809	0.43125
146.971817799844	0.43125
146.988392199855	0.43125
147.00515839993	0.43125
147.021881199908	0.43125
147.038477799855	0.43125
147.054952499922	0.43125
147.071741199819	0.43125
147.08844439988	0.43125
147.104925699998	0.43125
147.121813699836	0.43125
147.138372399844	0.43125
147.155154599808	0.43125
147.171753899893	0.43125
147.188151399838	0.43125
147.205131099792	0.43125
147.221874899929	0.43125
147.23843919998	0.43125
147.25454629981	0.43125
147.271615399979	0.43125
147.288318899926	0.43125
147.305090999929	0.43125
147.322019199841	0.43125
147.338348599849	0.43125
147.354731499916	0.43125
147.372039099922	0.43125
147.388298299862	0.43125
147.405081099831	0.43125
147.421804299811	0.43125
147.438189599896	0.43125
147.455123599852	0.43125
147.471103499876	0.43125
147.488326799823	0.43125
147.504915299825	0.43125
147.521560599795	0.43125
147.538148699794	0.43125
147.555240100017	0.43125
147.571441899985	0.43125
147.588188299909	0.43125
147.60513039981	0.43125
147.621790200006	0.43125
147.638311599847	0.43125
147.655047099805	0.43125
147.672003999818	0.43125
147.68807959999	0.43125
147.705393099925	0.43125
147.722197899828	0.43125
147.738113899948	0.43125
147.755058699986	0.43125
147.771506199846	0.43125
147.788037899882	0.43125
147.805042899912	0.43125
147.822031399934	0.43125
147.838328899816	0.43125
147.855408499949	0.43125
147.871699499898	0.43125
147.888302800013	0.43125
147.905125399819	0.43125
147.921821799828	0.43125
147.93829589989	0.43125
147.954915900016	0.43125
147.971673199907	0.43125
147.988234399818	0.43125
148.005072899861	0.43125
148.021622999804	0.43125
148.03813989996	0.43125
148.055119299795	0.43125
148.071818399942	0.43125
148.088232799899	0.43125
148.105130299926	0.43125
148.121736699948	0.43125
148.138413599925	0.43125
148.15458179987	0.43125
148.171664199792	0.43125
148.188248799881	0.43125
148.205077099847	0.43125
148.221815699944	0.43125
148.238508999813	0.43125
148.254972399911	0.43125
148.271429699846	0.43125
148.28825919982	0.43125
148.305005699862	0.43125
148.321614899905	0.43125
148.338127799798	0.43125
148.354853899917	0.43125
148.371645099949	0.43125
148.387996699894	0.43125
148.404931799974	0.43125
148.421821899945	0.43125
148.438014199957	0.43125
148.454575999873	0.43125
148.471689199796	0.43125
148.487949199975	0.43125
148.504946199944	0.43125
148.521461699856	0.43125
148.538324899971	0.43125
148.555059999926	0.43125
148.571741999825	0.43125
148.588317699963	0.43125
148.604801599868	0.43125
148.621823199792	0.43125
148.637972499942	0.43125
148.654910899932	0.43125
148.671718799975	0.43125
148.687834399985	0.43125
148.704844599823	0.43125
148.721871399786	0.43125
148.738252299838	0.43125
148.755217399914	0.43125
148.772187399911	0.43125
148.788278299849	0.43125
148.80507539981	0.43125
148.821741099935	0.43125
148.838518299861	0.43125
148.854811499827	0.43125
148.872051599901	0.43125
148.888126499951	0.43125
148.904924599919	0.43125
148.921885799849	0.43125
148.938249399886	0.43125
148.954592199996	0.43125
148.971540099941	0.43125
148.988307299791	0.43125
149.00484079984	0.43125
149.021728399908	0.43125
149.03885149979	0.43125
149.054860999808	0.43125
149.071646399796	0.43125
149.088195899967	0.43125
149.104630099842	0.43125
149.121506499825	0.43125
149.137528499821	0.43125
149.15484079998	0.43125
149.171728599817	0.43125
149.188239499927	0.43125
149.204868299887	0.43125
149.221745899878	0.43125
149.238197299885	0.43125
149.2548312	0.43125
149.271599899977	0.43125
149.288112599868	0.43125
149.30454289983	0.43125
149.321418099804	0.43125
149.338063800009	0.43125
149.354738599854	0.43125
149.371099299984	0.43125
149.387977799866	0.43125
149.404723499902	0.43125
149.421599399997	0.43125
149.437984999968	0.43125
149.454399899812	0.43125
149.471494799946	0.43125
149.488046299899	0.43125
149.50499409996	0.43125
149.521742400015	0.43125
149.537882999983	0.43125
149.554835499963	0.43125
149.571425199974	0.43125
149.587942600017	0.43125
149.605003899895	0.43125
149.621840199921	0.43125
149.637694199802	0.43125
149.654909999808	0.43125
149.67182739987	0.43125
149.688289499842	0.43125
149.704949999927	0.43125
149.721695299959	0.43125
149.73838759982	0.43125
149.754929299932	0.43125
149.771789599909	0.43125
149.789356099907	0.43125
149.804769999813	0.43125
149.821119299857	0.43125
149.838011199841	0.43125
149.85468879994	0.43125
149.871458199807	0.43125
149.888092599809	0.43125
149.904380199965	0.43125
149.921621399932	0.43125
149.937904999824	0.43125
149.954709199956	0.43125
149.971890899818	0.43125
149.987971999915	0.43125
150.00474289991	0.43125
150.02144869999	0.43125
150.037705499912	0.43125
150.055014299927	0.43125
150.072089499794	0.43125
150.08798179985	0.43125
150.104946599808	0.43125
150.121647699969	0.43125
150.138016599929	0.43125
150.155059099896	0.43125
150.171404799912	0.43125
150.188230299857	0.43125
150.205083099892	0.43125
150.221686600009	0.43125
150.237664499786	0.43125
150.254645599984	0.43125
150.271650600014	0.43125
150.287926999852	0.43125
150.304897699971	0.43125
150.321744599845	0.43125
150.338138299994	0.43125
150.354989699787	0.43125
150.371306599816	0.43125
150.388023799984	0.43125
150.404933599988	0.43125
150.421659499872	0.43125
150.438058699947	0.43125
150.455036599888	0.43125
150.471576299984	0.43125
150.488098099828	0.43125
150.504892299883	0.43125
150.522351699881	0.43125
150.537917099893	0.43125
150.554799899925	0.43125
150.571707699914	0.43125
150.587888299953	0.43125
150.604860799853	0.43125
150.621669899905	0.43125
150.638035199838	0.43125
150.654506899882	0.43125
150.671326800017	0.43125
150.687720799819	0.43125
150.705154399853	0.43125
150.721705499804	0.43125
150.738056799863	0.43125
150.754683699924	0.43125
150.771495299879	0.43125
150.787829299923	0.43125
150.804660099791	0.43125
150.821750999894	0.43125
150.837465699995	0.43125
150.854791699909	0.43125
150.871758399997	0.43125
150.887973099947	0.43125
150.904757899931	0.43125
150.921480399789	0.43125
150.93798089982	0.43125
150.955038499786	0.43125
150.971811599797	0.43125
150.987848099787	0.43125
151.005241899984	0.43125
151.021351099946	0.43125
151.037986799842	0.43125
151.054954599822	0.43125
151.071678599808	0.43125
151.087585099973	0.43125
151.104820299894	0.43125
151.12184919999	0.43125
151.138049899833	0.43125
151.154613099992	0.43125
151.171461299993	0.43125
151.187701499788	0.43125
151.204847199842	0.43125
151.222072599921	0.43125
151.237776999827	0.43125
151.254973999923	0.43125
151.271589800017	0.43125
151.287803699961	0.43125
151.304944499861	0.43125
151.32161149988	0.43125
151.338000599993	0.43125
151.354868299793	0.43125
151.371638999786	0.43125
151.388089899905	0.43125
151.404991499847	0.43125
151.421551499981	0.43125
151.438028999837	0.43125
151.454469499877	0.43125
151.471330599859	0.43125
151.487942399923	0.43125
151.504605599912	0.43125
151.521257099928	0.43125
151.538329700008	0.43125
151.554622999858	0.43125
151.571463799803	0.43125
151.588254999835	0.43125
151.604711099993	0.43125
151.621559799882	0.43125
151.638174899854	0.43125
151.654797299998	0.43125
151.671352799982	0.43125
151.688081299886	0.43125
151.704625799786	0.43125
151.721654599998	0.43125
151.738455499988	0.43125
151.755089499988	0.43125
151.771802200004	0.43125
151.78769919998	0.43125
151.804833899951	0.43125
151.821536799893	0.43125
151.838054199936	0.43125
151.854852899909	0.43125
151.871866300004	0.43125
151.887870199978	0.43125
151.904612699989	0.43125
151.921954899793	0.43125
151.938121099956	0.43125
151.954900299897	0.43125
151.971795699792	0.43125
151.988063099794	0.43125
152.004770299885	0.43125
152.021693999879	0.43125
152.038142799865	0.43125
152.054653999861	0.43125
152.071609799983	0.43125
152.088248099899	0.43125
152.104801299982	0.43125
152.121507199947	0.43125
152.137768599903	0.43125
152.154942899942	0.43125
152.171867799945	0.43125
152.188010299811	0.43125
152.204741899855	0.43125
152.221560499864	0.43125
152.23796129995	0.43125
152.254905199865	0.43125
152.27178579988	0.43125
152.288090299815	0.43125
152.30449489993	0.43125
152.321574999951	0.43125
152.3381717999	0.43125
152.354654399911	0.43125
152.371863299981	0.43125
152.388213399798	0.43125
152.404887199868	0.43125
152.421943299938	0.43125
152.438105399953	0.43125
152.454908799846	0.43125
152.471621999983	0.43125
152.487891499884	0.43125
152.504798199981	0.43125
152.521691199858	0.43125
152.538365599932	0.43125
152.554539599922	0.43125
152.57166489982	0.43125
152.58808659995	0.43125
152.604771999875	0.43125
152.621240800014	0.43125
152.638108499814	0.43125
152.654973199824	0.43125
152.671625099843	0.43125
152.688035700005	0.43125
152.704649399966	0.43125
152.721138599794	0.43125
152.737530399812	0.43125
152.75459009991	0.43125
152.771563599817	0.43125
152.787769899936	0.43125
152.804735200014	0.43125
152.821528899949	0.43125
152.838296699803	0.43125
152.854790799785	0.43125
152.871428399812	0.43125
152.888405299978	0.43125
152.904698499944	0.43125
152.921419799794	0.43125
152.937735599931	0.43125
152.954971699975	0.43125
152.971200399799	0.43125
152.987772599794	0.43125
153.004800399998	0.43125
153.021473199828	0.43125
153.037840100005	0.43125
153.054663099814	0.43125
153.07148179994	0.43125
153.087888299953	0.43125
153.104808499804	0.43125
153.121527499985	0.43125
153.138108499814	0.43125
153.154551999876	0.43125
153.171276299981	0.43125
153.188125899993	0.43125
153.204870200017	0.43125
153.221511699958	0.43125
153.23769569979	0.43125
153.254747199826	0.43125
153.271486699814	0.43125
153.288116500014	0.43125
153.304783299798	0.43125
153.321449599927	0.43125
153.337818800006	0.43125
153.354868999915	0.43125
153.371253399877	0.43125
153.388614199823	0.43125
153.404907499906	0.43125
153.421224599937	0.43125
153.437783599831	0.43125
153.454473299906	0.43125
153.471471899888	0.43125
153.48819269985	0.43125
153.504809499951	0.43125
153.521351999836	0.43125
153.537718999898	0.43125
153.554655899992	0.43125
153.571172799915	0.43125
153.587871499825	0.43125
153.604574099882	0.43125
153.621133700013	0.43125
153.638118600007	0.43125
153.654693999793	0.43125
153.671371199889	0.43125
153.687600099947	0.43125
153.704783499939	0.43125
153.721471899888	0.43125
153.737773599802	0.43125
153.754562299931	0.43125
153.771678699879	0.43125
153.788097599987	0.43125
153.804959199857	0.43125
153.821789299836	0.43125
153.838472099975	0.43125
153.854807599913	0.43125
153.871532299789	0.43125
153.88787440001	0.43125
153.904705099994	0.43125
153.921098499792	0.43125
153.937926499872	0.43125
153.954440200003	0.43125
153.971353799803	0.43125
153.988470199984	0.43125
154.00472550001	0.43125
154.021394899813	0.43125
154.038189499872	0.43125
154.054917299887	0.43125
154.071533399867	0.43125
154.088622199837	0.43125
154.104914599797	0.43125
154.1215009999	0.43125
154.137979499996	0.43125
154.154730899958	0.43125
154.171064299997	0.43125
154.188191999914	0.43125
154.204722699942	0.43125
154.221486999886	0.43125
154.23816089984	0.43125
154.254823399941	0.43125
154.27146349987	0.43125
154.287869099993	0.43125
154.304680599831	0.43125
154.321056999965	0.43125
154.33804679988	0.43125
154.354769899976	0.43125
154.371069899993	0.43125
154.387990999967	0.43125
154.404514199821	0.43125
154.421244899975	0.43125
154.438065399881	0.43125
154.454899400007	0.43125
154.471397599904	0.43125
154.487973999931	0.43125
154.504659399856	0.43125
154.521209099796	0.43125
154.537996699801	0.43125
154.55465639988	0.43125
154.571308200015	0.43125
154.588604399934	0.43125
154.604579299921	0.43125
154.621452099876	0.43125
154.638015699806	0.43125
154.654721800005	0.43125
154.671496499795	0.43125
154.687689599814	0.43125
154.704811699921	0.43125
154.721544299973	0.43125
154.738146999851	0.43125
154.75500419992	0.43125
154.771423399914	0.43125
154.787933599902	0.43125
154.804820899852	0.43125
154.821708099917	0.43125
154.838059099857	0.43125
154.854325899854	0.43125
154.871009399882	0.43125
154.887525099795	0.43125
154.904706399888	0.43125
154.920988899888	0.43125
154.93761179992	0.43125
154.954612399917	0.43125
154.971376099857	0.43125
154.987973099807	0.43125
155.004594699945	0.43125
155.021273999941	0.43125
155.038125599967	0.43125
155.054558099946	0.43125
155.071180499857	0.43125
155.087723299861	0.43125
155.104789600009	0.43125
155.121418799972	0.43125
155.138331599999	0.43125
155.154699899955	0.43125
155.17155999993	0.43125
155.188433599891	0.43125
155.204506999813	0.43125
155.221151700011	0.43125
155.237659599865	0.43125
155.254760999931	0.43125
155.271668599918	0.43125
155.28795389994	0.43125
155.304613699904	0.43125
155.321450299816	0.43125
155.337731199805	0.43125
155.354328699876	0.43125
155.371412499808	0.43125
155.388125799829	0.43125
155.404799300013	0.43125
155.421711799921	0.43125
155.438188900007	0.43125
155.454706599936	0.43125
155.471329499967	0.43125
155.487980199978	0.43125
155.504587699892	0.43125
155.521564199822	0.43125
155.53796119988	0.43125
155.554703400005	0.43125
155.571112199919	0.43125
155.587684499798	0.43125
155.605052699801	0.43125
155.621485800017	0.43125
155.638140999945	0.43125
155.654976999853	0.43125
155.671556999907	0.43125
155.68800799991	0.43125
155.704636999872	0.43125
155.721287899883	0.43125
155.738080799812	0.43125
155.754782899981	0.43125
155.77168009989	0.43125
155.788393999916	0.43125
155.804463199805	0.43125
155.821341899922	0.43125
155.837726400001	0.43125
155.854717799928	0.43125
155.871704399819	0.43125
155.888132299995	0.43125
155.904291099869	0.43125
155.921383899869	0.43125
155.938340699999	0.43125
155.954509599833	0.43125
155.971373099834	0.43125
155.987811699975	0.43125
156.004678199999	0.43125
156.021407699911	0.43125
156.037876199931	0.43125
156.054596700007	0.43125
156.071185200009	0.43125
156.087631299859	0.43125
156.104556799866	0.43125
156.121488399804	0.43125
156.138158399845	0.43125
156.15493989992	0.43125
156.171493199887	0.43125
156.187899400014	0.43125
156.204824100016	0.43125
156.221580399899	0.43125
156.238145399839	0.43125
156.25453809998	0.43125
156.27138089994	0.43125
156.287578999996	0.43125
156.304713899968	0.43125
156.321813100018	0.43125
156.337833500002	0.43125
156.354604399996	0.43125
156.371167299803	0.43125
156.388222899986	0.43125
156.404545199824	0.43125
156.421452999813	0.43125
156.437906399835	0.43125
156.454778099898	0.43125
156.471196600003	0.43125
156.487644299865	0.43125
156.504663900007	0.43125
156.521458199946	0.43125
156.537772999844	0.43125
156.554467899958	0.43125
156.571399000008	0.43125
156.588116199942	0.43125
156.604828199837	0.43125
156.621384799946	0.43125
156.638031499926	0.43125
156.654540199786	0.43125
156.6713878999	0.43125
156.687731100013	0.43125
156.704686800018	0.43125
156.721384499921	0.43125
156.737953699892	0.43125
156.754688399844	0.43125
156.771117299795	0.43125
156.788139599841	0.43125
156.804779700004	0.43125
156.821218399797	0.43125
156.838184099877	0.43125
156.854757599998	0.43125
156.871478799963	0.43125
156.887932099868	0.43125
156.90469009988	0.43125
156.921199399978	0.43125
156.938404100016	0.43125
156.954783799825	0.43125
156.971264499938	0.43125
156.987990899943	0.43125
157.004286499927	0.43125
157.020981499925	0.43125
157.037754699821	0.43125
157.054384999909	0.43125
157.071031200001	0.43125
157.087968299864	0.43125
157.104455999797	0.43125
157.121136099799	0.43125
157.138049599947	0.43125
157.15467829979	0.43125
157.17125909985	0.43125
157.187883999897	0.43125
157.204345199978	0.43125
157.221408399986	0.43125
157.237898599822	0.43125
157.25461059995	0.43125
157.271197099937	0.43125
157.288021399872	0.43125
157.304286499973	0.43125
157.320927899797	0.43125
157.338027399965	0.43125
157.354311099974	0.43125
157.371318699792	0.43125
157.387923599919	0.43125
157.404462300008	0.43125
157.421059299959	0.43125
157.437818199862	0.43125
157.454514699988	0.43125
157.471051099943	0.43125
157.487957399804	0.43125
157.504377099918	0.43125
157.520642499905	0.43125
157.53787689982	0.43125
157.554351900006	0.43125
157.570941099897	0.43125
157.587765199831	0.43125
157.604374599876	0.43125
157.621397199808	0.43125
157.637936099898	0.43125
157.654404899804	0.43125
157.671306099975	0.43125
157.688096700003	0.43125
157.704608199885	0.43125
157.720874399878	0.43125
157.738005699823	0.43125
157.754696299788	0.43125
157.771026899805	0.43125
157.788201299962	0.43125
157.805178900016	0.43125
157.82114159991	0.43125
157.837983399862	0.43125
157.854420599993	0.43125
157.871254099999	0.43125
157.888017899822	0.43125
157.904283199925	0.43125
157.921304599848	0.43125
157.937630399829	0.43125
157.954495799961	0.43125
157.971342699835	0.43125
157.988005199935	0.43125
158.004607699811	0.43125
158.021279699868	0.43125
158.037845899817	0.43125
158.054733600002	0.43125
158.071175599936	0.43125
158.087486799806	0.43125
158.104245899944	0.43125
158.120770499809	0.43125
158.137817099923	0.43125
158.154388599796	0.43125
158.170931799803	0.43125
158.187743199989	0.43125
158.20466999989	0.43125
158.220725299791	0.43125
158.237635899801	0.43125
158.254318999825	0.43125
158.270703899907	0.43125
158.287301199976	0.43125
158.304251899943	0.43125
158.321301999968	0.43125
158.338211899856	0.43125
158.354698499897	0.43125
158.371350999922	0.43125
158.387607299956	0.43125
158.405104599893	0.43125
158.42160329991	0.43125
158.437965499936	0.43125
158.45435809996	0.43125
158.470875799889	0.43125
158.487703199964	0.43125
158.504203599878	0.43125
158.520806799876	0.43125
158.537828199798	0.43125
158.555039899889	0.43125
158.571208299836	0.43125
158.58801099984	0.43125
158.604604199994	0.43125
158.620907399803	0.43125
158.638075399911	0.43125
158.65422749985	0.43125
158.670957899885	0.43125
158.688170799986	0.43125
158.704565499909	0.43125
158.720880899811	0.43125
158.737593499944	0.43125
158.754344499903	0.43125
158.771008899901	0.43125
158.787965399912	0.43125
158.804495399818	0.43125
158.820862499997	0.43125
158.838259499986	0.43125
158.85455599986	0.43125
158.870854699984	0.43125
158.887962299865	0.43125
158.904513199814	0.43125
158.921205699909	0.43125
158.937718999805	0.43125
158.954609799897	0.43125
158.97073309985	0.43125
158.987687099958	0.43125
159.004772299901	0.43125
159.020851299865	0.43125
159.038072199794	0.43125
159.054738599807	0.43125
159.07110439986	0.43125
159.087712100009	0.43125
159.104736099951	0.43125
159.120836399961	0.43125
159.137963699875	0.43125
159.154514799826	0.43125
159.170879599871	0.43125
159.187759599881	0.43125
159.204978999915	0.43125
159.220630799886	0.43125
159.237930299947	0.43125
159.254553699866	0.43125
159.271372599993	0.43125
159.287881399971	0.43125
159.304488899885	0.43125
159.321050899802	0.43125
159.339523899835	0.43125
159.357752099866	0.43125
159.37123639998	0.43125
159.387577099958	0.43125
159.404346499825	0.43125
159.4215429998	0.43125
159.437826099806	0.43125
159.454318600008	0.43125
159.470891200006	0.43125
159.487693100004	0.43125
159.504471299937	0.43125
159.520759699866	0.43125
159.538091799943	0.43125
159.554355099797	0.43125
159.571136799874	0.43125
159.587863599882	0.43125
159.604406599887	0.43125
159.620827799896	0.43125
159.637983999914	0.43125
159.654339300003	0.43125
159.671279500006	0.43125
159.687892399961	0.43125
159.70448869979	0.43125
159.721184899798	0.43125
159.737491399981	0.43125
159.754800399998	0.43125
159.771408199798	0.43125
159.787616399815	0.43125
159.804666899843	0.43125
159.821069199825	0.43125
159.838089699857	0.43125
159.85478929989	0.43125
159.871069799876	0.43125
159.887501299847	0.43125
159.904225999955	0.43125
159.921176099917	0.43125
159.937537999824	0.43125
159.954493699828	0.43125
159.971188099822	0.43125
159.987860399997	0.43125
160.004527899902	0.43125
160.020862999838	0.43125
160.038032799959	0.43125
160.054553199792	0.43125
160.07080919994	0.43125
160.087891799863	0.43125
160.104684699792	0.43125
160.121032499941	0.43125
160.138352099806	0.43125
160.154615700012	0.43125
160.170812799828	0.43125
160.187922599958	0.43125
160.204626299907	0.43125
160.220772599801	0.43125
160.237713899929	0.43125
160.254730799934	0.43125
160.270760099869	0.43125
160.287545799976	0.43125
160.304356099805	0.43125
160.320867899805	0.43125
160.337679699995	0.43125
160.354553899961	0.43125
160.370816399809	0.43125
160.387872599997	0.43125
160.404508099891	0.43125
160.420567499939	0.43125
160.438022999791	0.43125
160.454243899789	0.43125
160.471089900006	0.43125
160.487992299953	0.43125
160.504309999989	0.43125
160.520899900002	0.43125
160.53798969998	0.43125
160.554117199965	0.43125
160.571242499864	0.43125
160.587662699865	0.43125
160.604081799975	0.43125
160.621148699895	0.43125
160.638084599981	0.43125
160.654346999945	0.43125
160.670753899962	0.43125
160.687514099991	0.43125
160.704490699805	0.43125
160.721111599822	0.43125
160.738192899851	0.43125
160.754622499924	0.43125
160.770973899867	0.43125
160.788050199859	0.43125
160.804112999933	0.43125
160.82091349992	0.43125
160.838061499875	0.43125
160.854309299961	0.43125
160.870845099911	0.43125
160.887824199861	0.43125
160.904498299817	0.43125
160.921055599814	0.43125
160.93792539998	0.43125
160.954336099792	0.43125
160.970620099921	0.43125
160.987670499831	0.43125
161.00468569994	0.43125
161.021213799948	0.43125
161.037994199898	0.43125
161.054586799815	0.43125
161.070998799987	0.43125
161.087950699963	0.43125
161.104448799975	0.43125
161.12146519986	0.43125
161.138093299931	0.43125
161.154483499937	0.43125
161.170782399829	0.43125
161.187899299897	0.43125
161.204683099873	0.43125
161.221029900014	0.43125
161.237850099802	0.43125
161.254441599827	0.43125
161.271010899916	0.43125
161.288007199997	0.43125
161.30446639983	0.43125
161.321489499882	0.43125
161.338149299845	0.43125
161.354478799971	0.43125
161.371143099852	0.43125
161.388203099836	0.43125
161.404469399946	0.43125
161.421377199935	0.43125
161.437748399796	0.43125
161.454254599987	0.43125
161.470388399903	0.43125
161.487682299921	0.43125
161.504201299977	0.43125
161.521174199879	0.43125
161.538064399967	0.43125
161.554080099799	0.43125
161.571196099976	0.43125
161.587772900006	0.43125
161.604589099996	0.43125
161.621317300014	0.43125
161.638082999969	0.43125
161.654158799909	0.43125
161.671129399911	0.43125
161.687906599836	0.43125
161.70420389995	0.43125
161.721086699981	0.43125
161.737745099934	0.43125
161.754382999847	0.43125
161.770935399923	0.43125
161.787985799834	0.43125
161.804289299995	0.43125
161.8209873999	0.43125
161.837873899844	0.43125
161.854959099786	0.43125
161.88755069999	0.43125
161.904233600013	0.43125
161.921127599897	0.43125
161.937953199958	0.43125
161.954388299957	0.43125
161.97110739979	0.43125
161.987793499837	0.43125
162.00445379992	0.43125
162.020852199988	0.43125
162.037532599876	0.43125
162.054395899875	0.43125
162.071050299797	0.43125
162.087953999871	0.43125
162.104486199794	0.43125
162.121035999851	0.43125
162.137914199848	0.43125
162.15420209989	0.43125
162.170996099943	0.43125
162.187607199885	0.43125
162.20454239985	0.43125
162.221426300006	0.43125
162.237909399904	0.43125
162.254417599877	0.43125
162.270949699916	0.43125
162.288040699903	0.43125
162.304400899913	0.43125
162.320868699811	0.43125
162.337677199859	0.43125
162.354155999841	0.43125
162.37058290001	0.43125
162.387474399991	0.43125
162.404487499967	0.43125
162.420899099903	0.43125
162.437469499884	0.43125
162.454460199922	0.43125
162.471305100014	0.43125
162.487881499808	0.43125
162.504259999841	0.43125
162.52111179987	0.43125
162.537733800011	0.43125
162.554399599787	0.43125
162.571083199931	0.43125
162.587819000008	0.43125
162.604098399868	0.43125
162.620810699882	0.43125
162.637715299847	0.43125
162.654028699966	0.43125
162.670564799802	0.43125
162.687746000011	0.43125
162.704320399789	0.43125
162.72105019982	0.43125
162.738011699868	0.43125
162.754713599803	0.43125
162.771231899969	0.43125
162.787802899955	0.43125
162.804441099986	0.43125
162.82104929979	0.43125
162.837930499809	0.43125
162.854379199911	0.43125
162.870771399932	0.43125
162.887527399929	0.43125
162.904515299946	0.43125
162.937528699869	0.43125
162.954737799941	0.43125
162.970906300005	0.43125
162.987769099884	0.43125
163.004767599981	0.43125
163.020766799804	0.43125
163.037804199848	0.43125
163.054189499933	0.43125
163.071569699794	0.43125
163.087719899835	0.43125
163.104190599872	0.43125
163.121074299794	0.43125
163.137700299965	0.43125
163.171051799785	0.43125
163.187729500001	0.43125
163.204501699889	0.43125
163.237791999942	0.43125
163.271025199909	0.43125
163.304672899889	0.43125
163.32124469988	0.43125
163.354516999796	0.43125
163.371106999926	0.43125
163.387795099989	0.43125
163.404162599938	0.43125
163.421057699947	0.43125
163.438463599887	0.43125
163.470648399787	0.43125
163.487729099812	0.43125
163.504263299983	0.43125
163.521025999915	0.43125
163.537775599863	0.43125
163.554287899984	0.43125
163.570559999906	0.43125
163.587918599835	0.43125
163.62097339984	0.43125
163.654356099898	0.43125
163.687590299873	0.43125
163.721453099977	0.440625
163.754809899954	0.448958333333333
163.787985399831	0.448958333333333
163.821472199867	0.448958333333333
163.854523199843	0.448958333333333
163.888070699992	0.448958333333333
163.921229099855	0.448958333333333
163.954304699786	0.448958333333333
163.987888099859	0.448958333333333
164.02126949979	0.457291666666667
164.054592999863	0.457291666666667
164.087746499805	0.457291666666667
164.121370999841	0.457291666666667
164.154863399919	0.457291666666667
164.187522699824	0.457291666666667
164.221269499976	0.457291666666667
164.254829699872	0.465625
164.287865699967	0.465625
164.320740199881	0.465625
164.354627299821	0.465625
164.387685499853	0.465625
164.421003900003	0.465625
164.45467259991	0.465625
164.487389599904	0.465625
164.52124859998	0.465625
164.554242999991	0.465625
164.587486699922	0.465625
164.621027200017	0.465625
164.654615799896	0.465625
164.687896699877	0.465625
164.720794099849	0.465625
164.75418519997	0.465625
164.787806099979	0.465625
164.821339999791	0.465625
164.854773500003	0.465625
164.887948299991	0.465625
164.920896499883	0.465625
164.954532000003	0.465625
164.987771400018	0.465625
165.020932899788	0.465625
165.054494299926	0.465625
165.087850299897	0.465625
165.120992699871	0.458333333333333
165.154715299839	0.458333333333333
165.18786299997	0.465625
165.220789999934	0.465625
165.254618400009	0.465625
165.287720199907	0.465625
165.32111969986	0.465625
165.354712900007	0.465625
165.38743929984	0.465625
165.421018899884	0.475
165.454594699899	0.483333333333333
165.487681499915	0.483333333333333
165.520909799961	0.483333333333333
165.554362299852	0.483333333333333
165.587752999971	0.483333333333333
165.621239499887	0.483333333333333
165.654046899872	0.483333333333333
165.687858099816	0.483333333333333
165.721051199827	0.483333333333333
165.754787100013	0.483333333333333
165.787682999857	0.483333333333333
165.82117169979	0.483333333333333
165.853998399805	0.483333333333333
165.887932499871	0.475
165.921402100008	0.466666666666667
165.95461749984	0.465625
165.98753049993	0.465625
166.020974199986	0.465625
166.05439999979	0.465625
166.087636099895	0.465625
166.121781999944	0.465625
166.154350599973	0.465625
166.187522499822	0.465625
166.220793199958	0.465625
166.25412920001	0.465625
166.287763899891	0.465625
166.320689599961	0.465625
166.354317699792	0.465625
166.387754699914	0.465625
166.421092299977	0.465625
166.454102499876	0.465625
166.487679999787	0.465625
166.520705599803	0.473958333333333
166.554154400015	0.483333333333333
166.586896899855	0.483333333333333
166.619700999931	0.483333333333333
166.65348359989	0.483333333333333
166.687126499834	0.491666666666667
166.720166999847	0.491666666666667
166.753625700017	0.491666666666667
166.786307099974	0.491666666666667
166.820029499941	0.491666666666667
166.852882699808	0.491666666666667
166.886485799914	0.501041666666667
166.920159299858	0.501041666666667
166.953346399823	0.501041666666667
166.986779799918	0.501041666666667
167.019741699798	0.501041666666667
167.052775199991	0.501041666666667
167.086671500001	0.501041666666667
167.11966989981	0.501041666666667
167.153278599959	0.501041666666667
167.186437599827	0.501041666666667
167.219968999969	0.501041666666667
167.252847499913	0.501041666666667
167.286797299981	0.501041666666667
167.319670399884	0.501041666666667
167.353140999796	0.501041666666667
167.386766299838	0.501041666666667
167.420060999924	0.501041666666667
167.452600199962	0.501041666666667
167.486669899896	0.501041666666667
167.5195847	0.501041666666667
167.553568999982	0.501041666666667
167.586340499809	0.501041666666667
167.620011599967	0.501041666666667
167.653337299824	0.501041666666667
167.686687399866	0.501041666666667
167.719573399983	0.501041666666667
167.753315399867	0.501041666666667
167.786188099999	0.501041666666667
167.819679799955	0.501041666666667
167.853240199853	0.501041666666667
167.886902499944	0.501041666666667
167.919576099841	0.501041666666667
167.95303059998	0.501041666666667
167.986671399791	0.501041666666667
168.01963149989	0.501041666666667
168.053081799997	0.501041666666667
168.086621199967	0.501041666666667
168.120247999905	0.501041666666667
168.153440199792	0.501041666666667
168.186539799906	0.501041666666667
168.219541499857	0.501041666666667
168.253285799874	0.501041666666667
168.286800300004	0.501041666666667
168.319480199832	0.501041666666667
168.353153900011	0.501041666666667
168.386246299837	0.501041666666667
168.420045299921	0.501041666666667
168.45316829998	0.501041666666667
168.486510399962	0.501041666666667
168.5205327	0.501041666666667
168.55335079995	0.501041666666667
168.586651299847	0.501041666666667
168.619547599927	0.501041666666667
168.653339399956	0.501041666666667
168.686512399931	0.501041666666667
168.71948989993	0.501041666666667
168.752845400013	0.501041666666667
168.786675199866	0.501041666666667
168.819496799959	0.501041666666667
168.853165499866	0.501041666666667
168.886621099897	0.501041666666667
168.919410999864	0.501041666666667
168.953182799974	0.501041666666667
168.986732099904	0.501041666666667
169.019493799889	0.501041666666667
169.053250199882	0.501041666666667
169.086593499873	0.501041666666667
169.119837199803	0.501041666666667
169.1526920998	0.501041666666667
169.186858499888	0.501041666666667
169.219925999874	0.501041666666667
169.254291699966	0.501041666666667
169.286670199828	0.501041666666667
169.319509999827	0.501041666666667
169.352856399957	0.501041666666667
169.386819799896	0.501041666666667
169.420213899808	0.501041666666667
169.453362699831	0.501041666666667
169.486418499844	0.501041666666667
169.519714599941	0.501041666666667
169.552870099898	0.501041666666667
169.586749499897	0.501041666666667
169.61968080001	0.501041666666667
169.653094699839	0.501041666666667
169.686660599895	0.501041666666667
169.720149599947	0.501041666666667
169.753311499953	0.501041666666667
169.787173099816	0.501041666666667
169.819423599867	0.501041666666667
169.853032999905	0.501041666666667
169.886833600001	0.501041666666667
169.919975799974	0.501041666666667
169.953108799877	0.501041666666667
169.986654999899	0.501041666666667
170.019732399844	0.501041666666667
170.053539299872	0.501041666666667
170.086571499938	0.501041666666667
170.120038199937	0.501041666666667
170.153214399936	0.501041666666667
170.186149099842	0.501041666666667
170.219672799809	0.501041666666667
170.25309829996	0.501041666666667
170.286352299852	0.501041666666667
170.320117399795	0.501041666666667
170.352642499842	0.501041666666667
170.386263399851	0.501041666666667
170.419764499879	0.501041666666667
170.453172100009	0.501041666666667
170.486649999861	0.501041666666667
170.519604899921	0.501041666666667
170.552772199968	0.501041666666667
170.586647899821	0.501041666666667
170.620026499964	0.501041666666667
170.653202599846	0.501041666666667
170.686450799927	0.501041666666667
170.720013599843	0.501041666666667
170.7529966	0.501041666666667
170.786533799954	0.501041666666667
170.819956799969	0.501041666666667
170.852709699888	0.501041666666667
170.886171999853	0.501041666666667
170.920014699921	0.501041666666667
170.953350499971	0.501041666666667
170.986331399996	0.501041666666667
171.01994649996	0.501041666666667
171.052944199881	0.501041666666667
171.086571399821	0.501041666666667
171.119625099935	0.501041666666667
171.152786199935	0.501041666666667
171.186009599827	0.501041666666667
171.220147799933	0.501041666666667
171.253317599883	0.501041666666667
171.28682199982	0.501041666666667
171.320142899873	0.501041666666667
171.352671899833	0.501041666666667
171.386282599997	0.501041666666667
171.419965199893	0.501041666666667
171.453415700002	0.501041666666667
171.486631999956	0.501041666666667
171.519425399834	0.501041666666667
171.553117799805	0.501041666666667
171.586510599824	0.501041666666667
171.619337099837	0.501041666666667
171.652963700006	0.501041666666667
171.686309600016	0.501041666666667
171.72014429979	0.501041666666667
171.752958599944	0.501041666666667
171.78599080001	0.501041666666667
171.819879799848	0.501041666666667
171.852834999794	0.501041666666667
171.886121099815	0.501041666666667
171.919706000015	0.501041666666667
171.952925099991	0.501041666666667
171.98670229991	0.501041666666667
172.019958299818	0.501041666666667
172.052866199985	0.501041666666667
172.086628499907	0.501041666666667
172.119424699806	0.501041666666667
172.153241499793	0.501041666666667
172.186796800001	0.501041666666667
172.220507399878	0.501041666666667
172.253176399972	0.501041666666667
172.286705099978	0.501041666666667
172.319930499885	0.501041666666667
172.353138299892	0.501041666666667
172.386472499929	0.501041666666667
172.419838299975	0.501041666666667
172.4527143999	0.501041666666667
172.486286900006	0.501041666666667
172.520208899863	0.501041666666667
172.553314099787	0.501041666666667
172.586195999989	0.501041666666667
172.61952489987	0.501041666666667
172.652836899972	0.501041666666667
172.686488299863	0.501041666666667
172.720007799799	0.501041666666667
172.75318	0.501041666666667
172.786598099861	0.501041666666667
172.819574999856	0.501041666666667
172.853265999816	0.501041666666667
172.886478599859	0.501041666666667
172.919467999833	0.501041666666667
172.953180299839	0.501041666666667
172.986045799917	0.501041666666667
173.019920299994	0.501041666666667
173.052834599977	0.501041666666667
173.086697299965	0.501041666666667
173.119609699817	0.501041666666667
173.153202799847	0.501041666666667
173.186570999911	0.501041666666667
173.219810199924	0.501041666666667
173.253299599979	0.501041666666667
173.286488799844	0.501041666666667
173.319909399841	0.501041666666667
173.352819699794	0.501041666666667
173.385917600011	0.501041666666667
173.419383199885	0.501041666666667
173.453082799911	0.501041666666667
173.486183099914	0.501041666666667
173.520130299963	0.501041666666667
173.553289599949	0.501041666666667
173.586331599858	0.501041666666667
173.619743499905	0.501041666666667
173.653491099831	0.501041666666667
173.686399099883	0.501041666666667
173.720027599949	0.501041666666667
173.753608600004	0.501041666666667
173.786498899804	0.501041666666667
173.8199761	0.501041666666667
173.853287799982	0.501041666666667
173.886323299957	0.501041666666667
173.92002249998	0.501041666666667
173.953409699956	0.501041666666667
173.986428299919	0.501041666666667
174.020240399987	0.501041666666667
174.053871399956	0.501041666666667
174.086484599859	0.501041666666667
174.11981449998	0.501041666666667
174.152957799844	0.501041666666667
174.18664469989	0.501041666666667
174.219939599978	0.501041666666667
174.253218699945	0.501041666666667
174.286700199824	0.501041666666667
174.319987199968	0.501041666666667
174.353084099945	0.501041666666667
174.386276699835	0.501041666666667
174.419981599785	0.501041666666667
174.453123999992	0.501041666666667
174.486538599944	0.501041666666667
174.519682699814	0.501041666666667
174.553150599822	0.501041666666667
174.586336599896	0.501041666666667
174.619883499807	0.501041666666667
174.653634599876	0.501041666666667
174.686297699809	0.501041666666667
174.719490099931	0.501041666666667
174.753452199977	0.501041666666667
174.7863717	0.501041666666667
174.819602499949	0.501041666666667
174.853013299871	0.501041666666667
174.886160699883	0.501041666666667
174.919839899987	0.501041666666667
174.95295029995	0.501041666666667
174.9867031998	0.501041666666667
175.019844499882	0.501041666666667
175.05310829985	0.501041666666667
175.086236099945	0.501041666666667
175.119847399881	0.501041666666667
175.152763099875	0.501041666666667
175.186327299802	0.501041666666667
175.219953499967	0.501041666666667
175.253248399822	0.501041666666667
175.286310999887	0.501041666666667
175.319948899793	0.501041666666667
175.353275399888	0.501041666666667
175.386164399795	0.501041666666667
175.419819599949	0.501041666666667
175.453405199805	0.501041666666667
175.486226100009	0.501041666666667
175.519503499847	0.501041666666667
175.553264199989	0.501041666666667
175.585946499836	0.501041666666667
175.619499199791	0.501041666666667
175.653182299808	0.501041666666667
175.686416300014	0.501041666666667
175.719999799971	0.501041666666667
175.75346389995	0.501041666666667
175.786270299926	0.501041666666667
175.819796299795	0.501041666666667
175.85376149998	0.501041666666667
175.886538599851	0.501041666666667
175.919452999951	0.501041666666667
175.952836700017	0.501041666666667
175.986189199844	0.501041666666667
176.019833799917	0.501041666666667
176.052852199879	0.501041666666667
176.086082599824	0.501041666666667
176.119858499849	0.501041666666667
176.153147999896	0.501041666666667
176.186218599789	0.501041666666667
176.219964399934	0.501041666666667
176.252929299837	0.501041666666667
176.286366999848	0.501041666666667
176.319504000014	0.501041666666667
176.353187199915	0.501041666666667
176.386211099802	0.501041666666667
176.419818199938	0.501041666666667
176.453174699796	0.501041666666667
176.486739999847	0.501041666666667
176.519746199949	0.501041666666667
176.553109899862	0.501041666666667
176.586217899807	0.501041666666667
176.61940739979	0.501041666666667
176.652887400007	0.501041666666667
176.686378599843	0.501041666666667
176.719781399937	0.501041666666667
176.753440500004	0.501041666666667
176.786302599823	0.501041666666667
176.819541199831	0.501041666666667
176.852820099797	0.501041666666667
176.886483900016	0.501041666666667
176.919767000014	0.501041666666667
176.953110199887	0.501041666666667
176.98638869985	0.501041666666667
177.01981749991	0.501041666666667
177.053270799806	0.501041666666667
177.086560099851	0.501041666666667
177.11937849992	0.501041666666667
177.152822999982	0.501041666666667
177.186206999933	0.501041666666667
177.219716899795	0.501041666666667
177.253287700005	0.501041666666667
177.285974799888	0.501041666666667
177.320177699905	0.501041666666667
177.353208499961	0.501041666666667
177.38628039998	0.501041666666667
177.419757699827	0.501041666666667
177.452826099936	0.501041666666667
177.485848599812	0.501041666666667
177.519402900012	0.501041666666667
177.55273749982	0.501041666666667
177.586182500003	0.501041666666667
177.619465499884	0.501041666666667
177.652999499813	0.501041666666667
177.686191099929	0.501041666666667
177.720172799891	0.501041666666667
177.752992199967	0.501041666666667
177.786069499794	0.501041666666667
177.819197899895	0.501041666666667
177.853310299804	0.501041666666667
177.886464199983	0.501041666666667
177.919887800002	0.501041666666667
177.953126000008	0.501041666666667
177.986090099905	0.501041666666667
178.019855199847	0.501041666666667
178.052747699898	0.501041666666667
178.086192299845	0.501041666666667
178.119883799925	0.501041666666667
178.153051699977	0.501041666666667
178.186131999828	0.501041666666667
178.219834399875	0.501041666666667
178.253435799852	0.501041666666667
178.286100399913	0.501041666666667
178.319922499824	0.501041666666667
178.353255299851	0.501041666666667
178.386117499787	0.501041666666667
178.419802699937	0.501041666666667
178.452875199961	0.49375
178.486371899955	0.49375
178.519885699963	0.485416666666667
178.552868499886	0.476041666666667
178.585882199928	0.476041666666667
178.620063300012	0.476041666666667
178.652892399812	0.476041666666667
178.685820899904	0.476041666666667
178.719939599978	0.476041666666667
178.752726799808	0.476041666666667
178.786159300013	0.476041666666667
178.819736999925	0.476041666666667
178.852672999958	0.476041666666667
178.885932399891	0.476041666666667
178.919788599946	0.476041666666667
178.953123199986	0.476041666666667
178.986485499889	0.476041666666667
179.019697599811	0.476041666666667
179.053243699949	0.476041666666667
179.086192499846	0.476041666666667
179.119300699793	0.476041666666667
179.1530894998	0.476041666666667
179.186138099991	0.476041666666667
179.219596199924	0.476041666666667
179.253072999883	0.476041666666667
179.286122099962	0.476041666666667
179.319862799952	0.483333333333333
179.353239499964	0.483333333333333
179.385982199805	0.483333333333333
179.419338699896	0.483333333333333
179.453068999806	0.483333333333333
179.486378500005	0.483333333333333
179.519632499898	0.483333333333333
179.552713899873	0.483333333333333
179.58629389992	0.483333333333333
179.619433299871	0.483333333333333
179.653093699832	0.483333333333333
179.686144499807	0.483333333333333
179.719941299874	0.483333333333333
179.753439099994	0.483333333333333
179.78603219986	0.483333333333333
179.819386699935	0.483333333333333
179.852622399805	0.483333333333333
179.88621919998	0.483333333333333
179.919685699977	0.483333333333333
179.952886099927	0.483333333333333
179.986123599811	0.483333333333333
180.019269999815	0.483333333333333
180.052624400007	0.483333333333333
180.085832999786	0.483333333333333
180.119658699958	0.483333333333333
180.152799599804	0.483333333333333
180.18625199981	0.483333333333333
180.219756099861	0.483333333333333
180.25266160001	0.483333333333333
180.28609079984	0.483333333333333
180.319636699976	0.483333333333333
180.353040899849	0.483333333333333
180.386029299814	0.483333333333333
180.419369800016	0.483333333333333
180.452928599901	0.483333333333333
180.486083699856	0.483333333333333
180.519651699811	0.483333333333333
180.552947499789	0.483333333333333
180.585916399956	0.483333333333333
180.61977469991	0.483333333333333
180.652582600014	0.483333333333333
180.685888799839	0.483333333333333
180.719654699787	0.483333333333333
180.752982599894	0.483333333333333
180.786207299912	0.483333333333333
180.819516299991	0.483333333333333
180.85299569997	0.483333333333333
180.886235799873	0.483333333333333
180.919331499841	0.483333333333333
180.952904999955	0.483333333333333
180.986217399826	0.483333333333333
181.019847899908	0.483333333333333
181.052569499938	0.483333333333333
181.085942499805	0.483333333333333
181.119504999835	0.483333333333333
181.152772099944	0.483333333333333
181.186184199993	0.483333333333333
181.219566199929	0.483333333333333
181.253010099987	0.483333333333333
181.286478599999	0.483333333333333
181.319288800005	0.483333333333333
181.353287599981	0.483333333333333
181.386086199898	0.483333333333333
181.419693299802	0.483333333333333
181.453002899885	0.483333333333333
181.485875000013	0.483333333333333
181.519434399903	0.483333333333333
181.553004599875	0.483333333333333
181.586293099914	0.483333333333333
181.61952139996	0.483333333333333
181.652689500013	0.483333333333333
181.686278299894	0.483333333333333
181.71956989984	0.483333333333333
181.753200399922	0.483333333333333
181.785942899995	0.483333333333333
181.819449999835	0.483333333333333
181.85297729983	0.483333333333333
181.886105999816	0.483333333333333
181.919627499999	0.483333333333333
181.952683300013	0.483333333333333
181.986121699912	0.483333333333333
182.019314099802	0.483333333333333
182.052860399941	0.483333333333333
182.086156599922	0.483333333333333
182.120127999922	0.483333333333333
182.153078899952	0.483333333333333
182.186143099796	0.483333333333333
182.219083099859	0.483333333333333
182.252639099956	0.483333333333333
182.286011099815	0.483333333333333
182.319415799808	0.483333333333333
182.352941399906	0.483333333333333
182.386135099921	0.483333333333333
182.419324199902	0.483333333333333
182.4530791	0.483333333333333
182.486092299921	0.483333333333333
182.519323899876	0.483333333333333
182.552981899818	0.483333333333333
182.586200199788	0.483333333333333
182.603037299821	0.483333333333333
182.636154399952	0.483333333333333
182.669508099789	0.483333333333333
182.702839999925	0.483333333333333
182.719598899828	0.483333333333333
182.736033099936	0.483333333333333
182.75304549979	0.483333333333333
182.78629259998	0.483333333333333
182.802749399794	0.483333333333333
182.835988499923	0.483333333333333
182.852762999944	0.483333333333333
182.869445299963	0.483333333333333
182.88630789984	0.483333333333333
182.902499499964	0.483333333333333
182.919551600004	0.483333333333333
182.93631579983	0.483333333333333
182.952507399954	0.483333333333333
182.987000799971	0.483333333333333
183.003855699906	0.483333333333333
183.036975499941	0.483333333333333
183.053827399854	0.483333333333333
183.070390899898	0.483333333333333
183.087157999864	0.483333333333333
183.103194799973	0.483333333333333
183.136667300016	0.483333333333333
183.153815699974	0.483333333333333
183.187183799921	0.483333333333333
183.203617799794	0.483333333333333
183.220523399999	0.483333333333333
183.23705869983	0.483333333333333
183.270228799898	0.483333333333333
183.287200699793	0.483333333333333
183.303596899845	0.483333333333333
183.319992099889	0.483333333333333
183.337330600014	0.483333333333333
183.353371999925	0.483333333333333
183.38670459995	0.483333333333333
183.403320599813	0.483333333333333
183.437050899956	0.483333333333333
183.453915499849	0.483333333333333
183.486908099847	0.483333333333333
183.503649099963	0.483333333333333
183.51989609981	0.483333333333333
183.537128599826	0.483333333333333
183.55325170001	0.483333333333333
183.587014399935	0.483333333333333
183.603620199952	0.483333333333333
183.620018799789	0.483333333333333
183.636685199803	0.483333333333333
183.653867799789	0.483333333333333
183.687089599902	0.483333333333333
183.703810499981	0.483333333333333
183.719993899809	0.483333333333333
183.737022199901	0.483333333333333
183.754060799954	0.483333333333333
183.787454799982	0.483333333333333
183.80361469998	0.483333333333333
183.820083800005	0.483333333333333
183.83672589995	0.483333333333333
183.853519599885	0.483333333333333
183.870318199974	0.483333333333333
183.886793499812	0.483333333333333
183.903703799937	0.483333333333333
183.919953299919	0.483333333333333
183.936654799851	0.483333333333333
183.953681099927	0.483333333333333
183.987201299984	0.483333333333333
184.003318399889	0.483333333333333
184.037001399789	0.483333333333333
184.053668599809	0.483333333333333
184.070139199961	0.483333333333333
184.086933699902	0.483333333333333
184.103857700014	0.483333333333333
184.120507499902	0.483333333333333
184.136962899938	0.483333333333333
184.153659899952	0.483333333333333
184.170356699964	0.483333333333333
184.187223899877	0.483333333333333
184.20332109998	0.483333333333333
184.220872899983	0.483333333333333
184.236538499827	0.483333333333333
184.253278199816	0.483333333333333
184.286808799952	0.483333333333333
184.303542299895	0.483333333333333
184.320259899832	0.483333333333333
184.33680849988	0.483333333333333
184.353257999988	0.483333333333333
184.370659099892	0.483333333333333
184.38728679996	0.483333333333333
184.403218899854	0.483333333333333
184.419947699877	0.483333333333333
184.436835899949	0.483333333333333
184.453733399976	0.483333333333333
184.470184599981	0.483333333333333
184.486692599952	0.483333333333333
184.503213499906	0.483333333333333
184.520104099996	0.483333333333333
184.537258099997	0.483333333333333
184.553479199996	0.483333333333333
184.570137499832	0.483333333333333
184.587070599897	0.483333333333333
184.603129199939	0.483333333333333
184.620130399941	0.483333333333333
184.636536999838	0.483333333333333
184.653795399936	0.483333333333333
184.670192599995	0.483333333333333
184.687037599972	0.483333333333333
184.703666299814	0.483333333333333
184.719708899967	0.483333333333333
184.737288599834	0.483333333333333
184.753157099942	0.483333333333333
184.769933399977	0.483333333333333
184.786622899817	0.483333333333333
184.803282399895	0.483333333333333
184.819562099874	0.483333333333333
184.83720469987	0.483333333333333
184.853736899793	0.483333333333333
184.870158099802	0.483333333333333
184.887194899842	0.483333333333333
184.903275399935	0.483333333333333
184.919634899823	0.483333333333333
184.936959999846	0.483333333333333
184.953483599937	0.483333333333333
184.96976649994	0.483333333333333
184.98698149994	0.483333333333333
185.00291699986	0.483333333333333
185.019562299829	0.483333333333333
185.036927299807	0.483333333333333
185.053510600002	0.483333333333333
185.069570999825	0.483333333333333
185.087375599891	0.483333333333333
185.103895399952	0.475
185.120231400011	0.475
185.136992099928	0.475
185.153585999971	0.475
185.170071499888	0.475
185.187149399891	0.475
185.203650199808	0.475
185.219748399919	0.475
185.236914899899	0.475
185.253621099982	0.475
185.27023559995	0.475
185.286995899864	0.475
185.303679399891	0.475
185.320277099963	0.475
185.337206199998	0.475
185.353606999852	0.475
185.370176699944	0.475
185.387007699814	0.475
185.403142799856	0.466666666666667
185.420067099854	0.466666666666667
185.437181499787	0.458333333333333
185.453212099848	0.458333333333333
185.469707999844	0.458333333333333
185.486794999801	0.458333333333333
185.503067599842	0.458333333333333
185.520255499985	0.458333333333333
185.536865199916	0.458333333333333
185.553043099819	0.458333333333333
185.570116499905	0.458333333333333
185.586500499863	0.458333333333333
185.603841699893	0.458333333333333
185.620024899952	0.458333333333333
185.637131499825	0.458333333333333
185.653254699893	0.458333333333333
185.66958039999	0.458333333333333
185.686835199827	0.458333333333333
185.703721599886	0.458333333333333
185.720220099902	0.458333333333333
185.73634539987	0.458333333333333
185.75289249979	0.458333333333333
185.769832299789	0.458333333333333
185.786407699808	0.458333333333333
185.803003699984	0.458333333333333
185.820245099952	0.458333333333333
185.836510099936	0.441666666666667
185.853420499945	0.441666666666667
185.870307999896	0.422916666666667
185.886979099829	0.422916666666667
185.902941399952	0.422916666666667
185.920044899918	0.422916666666667
185.93641139986	0.422916666666667
185.953559899935	0.422916666666667
185.969731599791	0.422916666666667
185.986829199828	0.422916666666667
186.00324469991	0.422916666666667
186.019638499944	0.422916666666667
186.036427799845	0.422916666666667
186.053181899944	0.422916666666667
186.070294199977	0.422916666666667
186.086461399915	0.422916666666667
186.103457299992	0.422916666666667
186.120006099809	0.422916666666667
186.136823599925	0.422916666666667
186.153440499911	0.422916666666667
186.170016799821	0.422916666666667
186.186404999811	0.422916666666667
186.203025599942	0.422916666666667
186.219802599866	0.422916666666667
186.236592300003	0.422916666666667
186.253209799994	0.422916666666667
186.27002679999	0.422916666666667
186.286513099913	0.422916666666667
186.303828799864	0.422916666666667
186.320038999896	0.422916666666667
186.336910499958	0.422916666666667
186.353413099889	0.422916666666667
186.369807399809	0.422916666666667
186.386775999796	0.422916666666667
186.403639099794	0.422916666666667
186.41962839989	0.422916666666667
186.436466399813	0.422916666666667
186.45342819998	0.422916666666667
186.470678799786	0.422916666666667
186.486519699916	0.422916666666667
186.502951700008	0.43125
186.520228300011	0.43125
186.536939600017	0.43125
186.553654499818	0.43125
186.569784699939	0.43125
186.586467199959	0.43125
186.603213799885	0.43125
186.619718699949	0.43125
186.636756099993	0.43125
186.653477799846	0.440625
186.669920400018	0.440625
186.686605499825	0.440625
186.702900999924	0.440625
186.720097799785	0.440625
186.74057039991	0.440625
186.753453599988	0.440625
186.77022429998	0.448958333333333
186.786860499997	0.448958333333333
186.803297899896	0.448958333333333
186.820156899979	0.448958333333333
186.836478599813	0.448958333333333
186.852897799807	0.448958333333333
186.869619099889	0.448958333333333
186.887124199886	0.448958333333333
186.903335599927	0.448958333333333
186.91988479998	0.448958333333333
186.936588999815	0.448958333333333
186.952896199888	0.448958333333333
186.969634599984	0.448958333333333
186.986719899811	0.448958333333333
187.003236699849	0.448958333333333
187.019552299986	0.448958333333333
187.036868799943	0.448958333333333
187.053328699898	0.448958333333333
187.070220599882	0.448958333333333
187.086785099935	0.448958333333333
187.103228899883	0.448958333333333
187.11968689994	0.448958333333333
187.136901299935	0.448958333333333
187.15329529997	0.448958333333333
187.17018749984	0.448958333333333
187.186706699897	0.448958333333333
187.20284459996	0.448958333333333
187.219634799985	0.457291666666667
187.236762599787	0.465625
187.253323799931	0.465625
187.269573599799	0.465625
187.286694200011	0.465625
187.30298919999	0.465625
187.319661799818	0.465625
187.336898499867	0.465625
187.353457099991	0.465625
187.372945899842	0.465625
187.386719999835	0.465625
187.403465399984	0.465625
187.420200999826	0.465625
187.436478899792	0.465625
187.453017599881	0.465625
187.469762299908	0.465625
187.486596499803	0.465625
187.503560399869	0.475
187.519797299989	0.475
187.536941899918	0.483333333333333
187.553359799786	0.483333333333333
187.569715499878	0.483333333333333
187.586352000013	0.483333333333333
187.603458099999	0.483333333333333
187.620122599881	0.483333333333333
187.636703099823	0.483333333333333
187.65336869983	0.483333333333333
187.670006499859	0.483333333333333
187.686338400003	0.483333333333333
187.703243799973	0.483333333333333
187.72013469995	0.483333333333333
187.736938499846	0.483333333333333
187.752916499972	0.483333333333333
187.76973369997	0.483333333333333
187.78677609982	0.483333333333333
187.803850299912	0.491666666666667
187.820116899908	0.491666666666667
187.836422699969	0.491666666666667
187.853542499943	0.491666666666667
187.869926400017	0.491666666666667
187.886833199998	0.491666666666667
187.902998799924	0.491666666666667
187.919970099814	0.491666666666667
187.936877699802	0.491666666666667
187.952812499832	0.491666666666667
187.970070599811	0.491666666666667
187.98653369979	0.491666666666667
188.002786099911	0.491666666666667
188.019513899926	0.491666666666667
188.036623499822	0.491666666666667
188.053359000012	0.491666666666667
188.06972229993	0.491666666666667
188.086681099841	0.491666666666667
188.103067999939	0.491666666666667
188.119573199889	0.491666666666667
188.136776799802	0.491666666666667
188.153155199951	0.491666666666667
188.170258999802	0.491666666666667
188.186687999871	0.491666666666667
188.202889799839	0.491666666666667
188.219941999996	0.491666666666667
188.236384899821	0.491666666666667
188.252851399826	0.491666666666667
188.269490899984	0.491666666666667
188.286479899893	0.491666666666667
188.303152599838	0.491666666666667
188.320105299819	0.491666666666667
188.340726899914	0.491666666666667
188.353148099966	0.491666666666667
188.369928099914	0.491666666666667
188.386798299849	0.491666666666667
188.402957599843	0.491666666666667
188.41963449982	0.491666666666667
188.436695099808	0.491666666666667
188.452987900004	0.491666666666667
188.470221499912	0.491666666666667
188.486683900002	0.491666666666667
188.502896799939	0.491666666666667
188.519711699802	0.491666666666667
188.536971299909	0.491666666666667
188.553436899791	0.491666666666667
188.570014799945	0.491666666666667
188.586758199846	0.491666666666667
188.60331679997	0.491666666666667
188.619578399928	0.491666666666667
188.637211299967	0.491666666666667
188.652967799921	0.491666666666667
188.670016299933	0.491666666666667
188.68677439983	0.491666666666667
188.70303409989	0.491666666666667
188.719721899834	0.491666666666667
188.736804199871	0.491666666666667
188.753328699851	0.491666666666667
188.770703499904	0.491666666666667
188.786446599988	0.491666666666667
188.803193799919	0.491666666666667
188.820199399954	0.491666666666667
188.836788099958	0.491666666666667
188.853263699915	0.491666666666667
188.869615999982	0.491666666666667
188.889098799787	0.491666666666667
188.903162299888	0.491666666666667
188.919874799903	0.491666666666667
188.941099799937	0.491666666666667
188.956539699808	0.491666666666667
188.969550399808	0.491666666666667
188.986289399909	0.491666666666667
189.003797399811	0.491666666666667
189.022491300013	0.491666666666667
189.036394499941	0.491666666666667
189.053089999827	0.491666666666667
189.070019899867	0.491666666666667
189.086709299823	0.491666666666667
189.103382400004	0.491666666666667
189.119604599895	0.491666666666667
189.136367199942	0.491666666666667
189.153127999976	0.491666666666667
189.16952669993	0.491666666666667
189.186723499792	0.491666666666667
189.203256499954	0.491666666666667
189.219686199911	0.491666666666667
189.236740799854	0.491666666666667
189.253406799864	0.491666666666667
189.269521499984	0.491666666666667
189.286755800014	0.491666666666667
189.30334769981	0.491666666666667
189.319493499817	0.491666666666667
189.336492499802	0.491666666666667
189.353427900001	0.491666666666667
189.369647499872	0.491666666666667
189.386817799881	0.491666666666667
189.40324559994	0.491666666666667
189.419916099869	0.491666666666667
189.436482599936	0.491666666666667
189.453517399961	0.491666666666667
189.470019300003	0.491666666666667
189.4865633999	0.491666666666667
189.502900699852	0.491666666666667
189.520200999919	0.491666666666667
189.536824299954	0.491666666666667
189.55338489986	0.491666666666667
189.569622499868	0.491666666666667
189.586459599901	0.491666666666667
189.602874299977	0.491666666666667
189.619636499789	0.491666666666667
189.637058399851	0.491666666666667
189.653528199997	0.491666666666667
189.6700424999	0.491666666666667
189.687043999787	0.491666666666667
189.703221599804	0.491666666666667
189.720111199887	0.491666666666667
189.736296599964	0.491666666666667
189.753489099909	0.491666666666667
189.770156699931	0.491666666666667
189.786530399928	0.491666666666667
189.803235600004	0.491666666666667
189.819592799991	0.491666666666667
189.836683299858	0.491666666666667
189.8529691	0.491666666666667
189.87001149985	0.491666666666667
189.886370199965	0.491666666666667
189.903436199995	0.491666666666667
189.91965289996	0.491666666666667
189.936409699963	0.491666666666667
189.953127699904	0.491666666666667
189.97004379984	0.491666666666667
189.986673799809	0.491666666666667
190.003364699893	0.491666666666667
190.019635999808	0.491666666666667
190.03669579979	0.491666666666667
190.052853199886	0.491666666666667
190.06959089986	0.491666666666667
190.08651279984	0.491666666666667
190.102841399843	0.491666666666667
190.119594199816	0.491666666666667
190.136875399854	0.491666666666667
190.152966299793	0.491666666666667
190.169732399983	0.491666666666667
190.186688999878	0.491666666666667
190.202853199793	0.491666666666667
190.220022299793	0.491666666666667
190.236617599847	0.491666666666667
190.253440599889	0.491666666666667
190.269592299825	0.491666666666667
190.286843699869	0.491666666666667
190.303174699889	0.491666666666667
190.319560399977	0.491666666666667
190.336244500009	0.491666666666667
190.352997499984	0.491666666666667
190.370030999882	0.491666666666667
190.386624899926	0.491666666666667
190.403401699848	0.491666666666667
190.419648399809	0.491666666666667
190.436521199998	0.491666666666667
190.452922499971	0.491666666666667
190.469886499923	0.491666666666667
190.486648999853	0.491666666666667
190.503156199818	0.491666666666667
190.519934699871	0.491666666666667
190.536663000006	0.491666666666667
190.552944299998	0.491666666666667
190.570235499879	0.491666666666667
190.586562599987	0.491666666666667
190.60276499996	0.491666666666667
190.619745999807	0.491666666666667
190.636619800003	0.491666666666667
190.653401199961	0.491666666666667
190.669645299902	0.491666666666667
190.686609899858	0.491666666666667
190.703264300013	0.491666666666667
190.720075099962	0.491666666666667
190.736903999932	0.491666666666667
190.753062799806	0.491666666666667
190.769483299926	0.491666666666667
190.786486699944	0.491666666666667
190.80301269982	0.491666666666667
190.819517199881	0.491666666666667
190.836332299979	0.491666666666667
190.853638299974	0.491666666666667
190.870154100005	0.491666666666667
190.886595299933	0.491666666666667
190.90335249994	0.491666666666667
190.919869699981	0.491666666666667
190.936936899787	0.491666666666667
190.95369939995	0.491666666666667
190.969549099915	0.491666666666667
190.987164699938	0.491666666666667
191.003071899991	0.491666666666667
191.019449699903	0.491666666666667
191.036491799867	0.491666666666667
191.053199299844	0.491666666666667
191.069529399974	0.491666666666667
191.086675999919	0.491666666666667
191.103119099978	0.491666666666667
191.119993299944	0.491666666666667
191.136327599874	0.491666666666667
191.153070499888	0.491666666666667
191.169803599827	0.491666666666667
191.186594399856	0.491666666666667
191.203137099976	0.491666666666667
191.219829299953	0.491666666666667
191.236487399787	0.491666666666667
191.253136999905	0.491666666666667
191.26968609984	0.491666666666667
191.286722099874	0.491666666666667
191.303171599982	0.491666666666667
191.3198386	0.491666666666667
191.337154099951	0.491666666666667
191.353063100018	0.491666666666667
191.369937499985	0.491666666666667
191.386723999865	0.491666666666667
191.402857000008	0.491666666666667
191.419568399899	0.491666666666667
191.436681199819	0.491666666666667
191.453193899943	0.491666666666667
191.470002999995	0.491666666666667
191.486467099981	0.491666666666667
191.503035699949	0.491666666666667
191.519875499886	0.491666666666667
191.536424999824	0.491666666666667
191.553187599871	0.491666666666667
191.569629599806	0.491666666666667
191.586634099949	0.491666666666667
191.603051899932	0.491666666666667
191.61996869999	0.491666666666667
191.636692099972	0.491666666666667
191.65275849984	0.491666666666667
191.670342799975	0.491666666666667
191.686188999796	0.491666666666667
191.703177499818	0.491666666666667
191.719906399958	0.491666666666667
191.7368997999	0.491666666666667
191.752937200014	0.491666666666667
191.769793699961	0.491666666666667
191.786299799802	0.491666666666667
191.803285799921	0.491666666666667
191.819840499898	0.491666666666667
191.836750899907	0.491666666666667
191.853416999802	0.491666666666667
191.869710499886	0.491666666666667
191.886190899881	0.491666666666667
191.903113299981	0.491666666666667
191.91982239997	0.491666666666667
191.936905199895	0.491666666666667
191.95277419989	0.491666666666667
191.969736299943	0.491666666666667
191.986139199929	0.491666666666667
192.003121799789	0.491666666666667
192.019780799979	0.491666666666667
192.03635729989	0.491666666666667
192.053125799866	0.491666666666667
192.069769799942	0.491666666666667
192.086549900007	0.491666666666667
192.103252599947	0.491666666666667
192.119939999888	0.491666666666667
192.136245099828	0.491666666666667
192.15307869995	0.491666666666667
192.169963599881	0.491666666666667
192.18622799986	0.491666666666667
192.202859799843	0.491666666666667
192.220282999799	0.491666666666667
192.236820299877	0.491666666666667
192.253167100018	0.491666666666667
192.270051299827	0.491666666666667
192.286490399856	0.491666666666667
192.303186699981	0.491666666666667
192.319831699831	0.491666666666667
192.336830599932	0.491666666666667
192.353149299975	0.491666666666667
192.369686099933	0.491666666666667
192.386310699861	0.491666666666667
192.403280299855	0.491666666666667
192.420088300016	0.491666666666667
192.436504099984	0.491666666666667
192.453701799968	0.491666666666667
192.470209199935	0.491666666666667
192.487016899977	0.491666666666667
192.502812299877	0.491666666666667
192.519932099851	0.491666666666667
192.536438699812	0.491666666666667
192.553609999828	0.491666666666667
192.570037199883	0.491666666666667
192.586969899945	0.491666666666667
192.602759599918	0.491666666666667
192.619646099862	0.491666666666667
192.636956000002	0.491666666666667
192.653236999875	0.491666666666667
192.669565699995	0.491666666666667
192.686379699968	0.491666666666667
192.703397399979	0.491666666666667
192.720109699992	0.491666666666667
192.736626899801	0.491666666666667
192.752976999851	0.491666666666667
192.769794099964	0.491666666666667
192.786874399986	0.491666666666667
192.802989399992	0.491666666666667
192.820175400004	0.491666666666667
192.836614299798	0.491666666666667
192.852985499892	0.491666666666667
192.869567899965	0.491666666666667
192.886548199924	0.491666666666667
192.902872900013	0.491666666666667
192.919561899966	0.491666666666667
192.936644800007	0.491666666666667
192.953011599835	0.491666666666667
192.970206199912	0.491666666666667
192.986527799862	0.491666666666667
193.003329899861	0.491666666666667
193.019724299898	0.491666666666667
193.036713899812	0.491666666666667
193.053317899816	0.491666666666667
193.070080699865	0.491666666666667
193.086589899845	0.491666666666667
193.103034199914	0.491666666666667
193.119901399827	0.491666666666667
193.136213399936	0.491666666666667
193.153235799866	0.491666666666667
193.170063599944	0.491666666666667
193.186310999794	0.491666666666667
193.202967599966	0.491666666666667
193.219738099957	0.491666666666667
193.236849299865	0.491666666666667
193.253474099794	0.491666666666667
193.270048899809	0.491666666666667
193.286682599923	0.491666666666667
193.30314949993	0.491666666666667
193.320338799851	0.491666666666667
193.336770399939	0.491666666666667
193.352856099838	0.491666666666667
193.369780599838	0.491666666666667
193.386233599856	0.491666666666667
193.403316899901	0.491666666666667
193.419530799845	0.491666666666667
193.436649099924	0.491666666666667
193.453539199894	0.491666666666667
193.470291599864	0.491666666666667
193.486854699906	0.491666666666667
193.503498799866	0.491666666666667
193.520057899877	0.491666666666667
193.536961199949	0.491666666666667
193.553027799819	0.491666666666667
193.570085699903	0.491666666666667
193.586625699885	0.491666666666667
193.602551799966	0.491666666666667
193.619302399922	0.491666666666667
193.635966399917	0.491666666666667
193.653158899862	0.491666666666667
193.6700751998	0.491666666666667
193.68629039987	0.491666666666667
193.703109799884	0.491666666666667
193.719939499861	0.491666666666667
193.736916499911	0.491666666666667
193.752912999829	0.491666666666667
193.769527199911	0.491666666666667
193.786734899972	0.491666666666667
193.803147499915	0.491666666666667
193.819463099819	0.491666666666667
193.836301499978	0.491666666666667
193.853498799959	0.491666666666667
193.869932699949	0.491666666666667
193.886922999984	0.491666666666667
193.903286799788	0.491666666666667
193.919750100002	0.491666666666667
193.936769699911	0.491666666666667
193.953477599891	0.491666666666667
193.969580399804	0.491666666666667
193.986706999829	0.491666666666667
194.002736999886	0.491666666666667
194.019913799828	0.491666666666667
194.036703999853	0.491666666666667
194.052939499961	0.491666666666667
194.069489399903	0.491666666666667
194.08709809999	0.491666666666667
194.103275300004	0.491666666666667
194.11980479979	0.491666666666667
194.136880100006	0.491666666666667
194.153175799875	0.491666666666667
194.169988499954	0.491666666666667
194.186561999843	0.491666666666667
194.202898999909	0.491666666666667
194.219973299885	0.491666666666667
194.236797699938	0.491666666666667
194.25341419992	0.491666666666667
194.2694666998	0.491666666666667
194.286867299816	0.491666666666667
194.302893699845	0.491666666666667
194.319592499873	0.491666666666667
194.336900099879	0.491666666666667
194.352893699892	0.491666666666667
194.369981599972	0.491666666666667
194.386368599953	0.491666666666667
194.402923699934	0.491666666666667
194.420160499867	0.491666666666667
194.436696599936	0.491666666666667
194.452939799987	0.491666666666667
194.470107899979	0.491666666666667
194.486457499908	0.491666666666667
194.503106199903	0.491666666666667
194.520162699977	0.491666666666667
194.536849799799	0.491666666666667
194.553284999914	0.491666666666667
194.570271899924	0.491666666666667
194.586450199829	0.491666666666667
194.603444400011	0.491666666666667
194.619806399802	0.491666666666667
194.636485099792	0.491666666666667
194.653252299875	0.491666666666667
194.66970749991	0.491666666666667
194.686330499826	0.491666666666667
194.702714899788	0.491666666666667
194.720029199962	0.491666666666667
194.736265999964	0.491666666666667
194.753347899998	0.491666666666667
194.770198100014	0.491666666666667
194.786517799832	0.491666666666667
194.803154599853	0.491666666666667
194.819782499922	0.491666666666667
194.836508099921	0.491666666666667
194.853335399879	0.491666666666667
194.869611699833	0.491666666666667
194.885965799913	0.491666666666667
194.902907099808	0.491666666666667
194.919716099976	0.491666666666667
194.936687999871	0.491666666666667
194.952830799855	0.491666666666667
194.97004429996	0.491666666666667
194.98634419986	0.491666666666667
195.002790599829	0.491666666666667
195.020514599979	0.491666666666667
195.036434799898	0.491666666666667
195.053204499884	0.491666666666667
195.069470799994	0.491666666666667
195.086665899958	0.491666666666667
195.103219499812	0.491666666666667
195.12000889983	0.491666666666667
195.136204099981	0.491666666666667
195.152932199882	0.491666666666667
195.169991499977	0.491666666666667
195.186092899879	0.491666666666667
195.202766599832	0.491666666666667
195.219583099941	0.491666666666667
195.236389699858	0.491666666666667
195.253333299886	0.491666666666667
195.270004099933	0.491666666666667
195.286189199891	0.491666666666667
195.303261099849	0.491666666666667
195.319872699911	0.491666666666667
195.336470999988	0.491666666666667
195.35302059981	0.491666666666667
195.369744899916	0.491666666666667
195.386644199956	0.491666666666667
195.402650199831	0.491666666666667
195.419763699872	0.491666666666667
195.436464399798	0.491666666666667
195.45276899985	0.491666666666667
195.46966289985	0.491666666666667
195.486944600008	0.491666666666667
195.502976699965	0.491666666666667
195.519732699962	0.491666666666667
195.536422199802	0.491666666666667
195.552957099862	0.491666666666667
195.569519799901	0.491666666666667
195.586542599835	0.491666666666667
195.602837399812	0.491666666666667
195.619434699882	0.491666666666667
195.636562899919	0.491666666666667
195.652985999826	0.491666666666667
195.669371699914	0.491666666666667
195.686238199938	0.491666666666667
195.702757599996	0.491666666666667
195.719598199939	0.491666666666667
195.736848399974	0.491666666666667
195.753123999806	0.491666666666667
195.770012599882	0.491666666666667
195.786773899803	0.491666666666667
195.802920199931	0.491666666666667
195.819530099863	0.491666666666667
195.836154599907	0.491666666666667
195.852564799832	0.491666666666667
195.869797099847	0.491666666666667
195.886195699917	0.491666666666667
195.902528399834	0.491666666666667
195.919732199982	0.491666666666667
195.936277499888	0.491666666666667
195.95293099992	0.491666666666667
195.969886699924	0.491666666666667
195.986869599903	0.491666666666667
196.002984599909	0.491666666666667
196.020012999885	0.491666666666667
196.036455699941	0.491666666666667
196.052986699855	0.491666666666667
196.070065099979	0.491666666666667
196.086610199884	0.491666666666667
196.102974099806	0.491666666666667
196.119882299798	0.491666666666667
196.136507299962	0.491666666666667
196.152775299968	0.491666666666667
196.169543099822	0.491666666666667
196.186255799839	0.491666666666667
196.202999899862	0.491666666666667
196.219560599886	0.491666666666667
196.236507699825	0.491666666666667
196.253199499799	0.491666666666667
196.269428599859	0.491666666666667
196.286426199833	0.491666666666667
196.303152699955	0.491666666666667
196.320011999924	0.491666666666667
196.3365970999	0.491666666666667
196.352783599868	0.491666666666667
196.369835199788	0.491666666666667
196.386202999856	0.491666666666667
196.402588599827	0.491666666666667
196.419478299795	0.491666666666667
196.43672849983	0.491666666666667
196.453188099898	0.491666666666667
196.469711599872	0.491666666666667
196.486444199923	0.491666666666667
196.503004099941	0.491666666666667
196.519837999949	0.491666666666667
196.536091399845	0.491666666666667
196.552979299799	0.491666666666667
196.56931829988	0.491666666666667
196.586135599995	0.491666666666667
196.602869899943	0.491666666666667
196.619599499973	0.491666666666667
196.636269199895	0.491666666666667
196.652564199874	0.491666666666667
196.670260099927	0.491666666666667
196.686684899963	0.491666666666667
196.703073699959	0.491666666666667
196.719689199934	0.491666666666667
196.736743399873	0.491666666666667
196.753239899874	0.491666666666667
196.770128799835	0.491666666666667
196.786406599917	0.491666666666667
196.802809699904	0.491666666666667
196.819412000012	0.491666666666667
196.836334299995	0.491666666666667
196.853078000015	0.491666666666667
196.869774099905	0.491666666666667
196.886452900013	0.491666666666667
196.90264269989	0.491666666666667
196.9199529998	0.491666666666667
196.936538599897	0.491666666666667
196.952871799935	0.491666666666667
196.969993799925	0.491666666666667
196.986949099926	0.491666666666667
197.003469799878	0.491666666666667
197.020070799859	0.491666666666667
197.036169399973	0.491666666666667
197.053115299903	0.491666666666667
197.069924399955	0.491666666666667
197.086579799885	0.491666666666667
197.102977099828	0.491666666666667
197.119855999947	0.491666666666667
197.136244299822	0.491666666666667
197.152662199922	0.491666666666667
197.169825699879	0.491666666666667
197.186755499803	0.491666666666667
197.202831999864	0.491666666666667
197.219963999931	0.491666666666667
197.236441399902	0.491666666666667
197.2532259	0.491666666666667
197.26967389998	0.491666666666667
197.286330499919	0.491666666666667
197.302837699885	0.491666666666667
197.31975949998	0.491666666666667
197.336056599859	0.491666666666667
197.352607099805	0.491666666666667
197.370184500003	0.491666666666667
197.386179199908	0.491666666666667
197.402619999833	0.491666666666667
197.419751700014	0.491666666666667
197.436707299901	0.491666666666667
197.452935599955	0.491666666666667
197.469784099841	0.491666666666667
197.486423899885	0.491666666666667
197.502889900003	0.491666666666667
197.519972099923	0.491666666666667
197.53653859999	0.491666666666667
197.552961299894	0.491666666666667
197.56953139999	0.491666666666667
197.585899399826	0.491666666666667
197.602896899916	0.491666666666667
197.619943999918	0.491666666666667
197.636154099833	0.491666666666667
197.652998999925	0.491666666666667
197.669929599855	0.491666666666667
197.686473899987	0.491666666666667
197.703442199854	0.491666666666667
197.71990489983	0.491666666666667
197.735992299858	0.491666666666667
197.752600200009	0.491666666666667
197.769327200018	0.491666666666667
197.786411199952	0.491666666666667
197.802592899883	0.491666666666667
197.820041999919	0.491666666666667
197.836313499836	0.491666666666667
197.8528467	0.491666666666667
197.86949689989	0.491666666666667
197.886259099934	0.491666666666667
197.902678999817	0.491666666666667
197.919764399994	0.491666666666667
197.93668659986	0.491666666666667
197.952601899859	0.491666666666667
197.970101599814	0.491666666666667
197.986629199935	0.491666666666667
198.002805699827	0.491666666666667
198.020035999827	0.491666666666667
198.036329599796	0.491666666666667
198.052759599872	0.491666666666667
198.069784099935	0.491666666666667
198.086312499829	0.491666666666667
198.103033299791	0.491666666666667
198.119498599786	0.491666666666667
198.136511599878	0.491666666666667
198.1529039999	0.491666666666667
198.169455099851	0.491666666666667
198.186458099866	0.491666666666667
198.20278739999	0.491666666666667
198.219464699971	0.491666666666667
198.236414299812	0.491666666666667
198.253043999895	0.491666666666667
198.269965399988	0.491666666666667
198.28624549997	0.491666666666667
198.302599999821	0.491666666666667
198.319444799796	0.491666666666667
198.336014499888	0.491666666666667
198.353132399963	0.491666666666667
198.369391100015	0.491666666666667
198.386010099901	0.491666666666667
198.402610399993	0.491666666666667
198.419589199824	0.491666666666667
198.435841499828	0.491666666666667
198.452803199878	0.491666666666667
198.470173599897	0.491666666666667
198.486109599937	0.491666666666667
198.503548699897	0.491666666666667
198.519960499834	0.491666666666667
198.536368899979	0.491666666666667
198.552668899996	0.491666666666667
198.569305500016	0.491666666666667
198.586168899899	0.491666666666667
198.6029405999	0.491666666666667
198.619839999825	0.491666666666667
198.636001399951	0.491666666666667
198.652866099961	0.491666666666667
198.669673499884	0.491666666666667
198.686573599931	0.491666666666667
198.702793099917	0.491666666666667
198.719516699901	0.491666666666667
198.736225900007	0.491666666666667
198.752875899896	0.491666666666667
198.769792099949	0.491666666666667
198.786361899925	0.491666666666667
198.802528399974	0.491666666666667
198.819209699985	0.491666666666667
198.836666899966	0.491666666666667
198.85340009979	0.491666666666667
198.86972359987	0.491666666666667
198.886687299935	0.491666666666667
198.903007699875	0.491666666666667
198.919707699912	0.491666666666667
198.936406699941	0.491666666666667
198.952961699804	0.491666666666667
198.969909299864	0.491666666666667
198.986497299979	0.491666666666667
199.003005199833	0.491666666666667
199.019492499996	0.491666666666667
199.036041099811	0.491666666666667
199.053142699879	0.491666666666667
199.069961200003	0.491666666666667
199.086449899944	0.491666666666667
199.102702899836	0.491666666666667
199.119973099791	0.491666666666667
199.136721699964	0.491666666666667
199.153093299828	0.491666666666667
199.169909999939	0.491666666666667
199.186504299985	0.491666666666667
199.202880600002	0.491666666666667
199.219793599797	0.491666666666667
199.2364105999	0.491666666666667
199.253112299833	0.491666666666667
199.269375999924	0.491666666666667
199.285914100008	0.491666666666667
199.302301799878	0.491666666666667
199.319475599797	0.491666666666667
199.336510099936	0.491666666666667
199.352529199794	0.491666666666667
199.369648399996	0.491666666666667
199.38661279995	0.491666666666667
199.402750199893	0.491666666666667
199.419651199831	0.491666666666667
199.436339800013	0.491666666666667
199.452522499952	0.491666666666667
199.469820800005	0.491666666666667
199.486536699813	0.491666666666667
199.502986999927	0.491666666666667
199.519497399917	0.491666666666667
199.535849099979	0.491666666666667
199.552605399862	0.491666666666667
199.569799999939	0.491666666666667
199.586322000017	0.491666666666667
199.602555499878	0.491666666666667
199.619353599846	0.491666666666667
199.636342999991	0.491666666666667
199.652765800012	0.491666666666667
199.669966799906	0.491666666666667
199.686329499818	0.491666666666667
199.702776499791	0.491666666666667
199.719844799954	0.491666666666667
199.736012100009	0.491666666666667
199.752864599926	0.491666666666667
199.769868499832	0.491666666666667
199.786452199798	0.491666666666667
199.802814299939	0.491666666666667
199.820023899898	0.491666666666667
199.836352400016	0.491666666666667
199.852781399852	0.491666666666667
199.869642899837	0.491666666666667
199.886371599976	0.491666666666667
199.903320299927	0.491666666666667
199.919620899949	0.491666666666667
199.936354500009	0.491666666666667
199.95359369996	0.491666666666667
199.96961089992	0.491666666666667
199.986115299864	0.491666666666667
200.002676799893	0.491666666666667
200.01970399986	0.491666666666667
200.03626029985	0.491666666666667
200.052568699932	0.491666666666667
200.069314399967	0.491666666666667
200.086312099826	0.491666666666667
200.102965699974	0.491666666666667
200.119714299915	0.491666666666667
200.136401899857	0.491666666666667
200.152812399901	0.491666666666667
200.169332099846	0.491666666666667
200.186089699855	0.491666666666667
200.20313509996	0.491666666666667
200.219329299871	0.491666666666667
200.236486800015	0.491666666666667
200.252929799957	0.491666666666667
200.269887099974	0.491666666666667
200.286280900007	0.491666666666667
200.303166199941	0.491666666666667
200.319998599822	0.491666666666667
200.336560499854	0.491666666666667
200.353242199868	0.491666666666667
200.369367699837	0.491666666666667
200.386345899897	0.491666666666667
200.404082099907	0.491666666666667
200.420018999837	0.491666666666667
200.437830899842	0.491666666666667
200.453639699845	0.491666666666667
200.469476599945	0.491666666666667
200.486289799912	0.491666666666667
200.502561699832	0.491666666666667
200.519605999812	0.491666666666667
200.53586149984	0.491666666666667
200.552984999958	0.491666666666667
200.569653399987	0.491666666666667
200.586475199787	0.491666666666667
200.603154500015	0.491666666666667
200.619671499822	0.491666666666667
200.636101999786	0.491666666666667
200.65305019985	0.491666666666667
200.669890799792	0.491666666666667
200.685804100009	0.491666666666667
200.702750799945	0.491666666666667
200.719711499987	0.491666666666667
200.736399399815	0.491666666666667
200.752884999849	0.491666666666667
200.769221899798	0.491666666666667
200.786001199856	0.491666666666667
200.802812099922	0.491666666666667
200.819794100011	0.491666666666667
200.836265799822	0.491666666666667
200.852718799841	0.491666666666667
200.869663899997	0.491666666666667
200.885924899951	0.491666666666667
200.902847799938	0.491666666666667
200.919657799881	0.491666666666667
200.935937899863	0.491666666666667
200.952561100014	0.491666666666667
200.969661899842	0.491666666666667
200.986049199942	0.491666666666667
201.002702199854	0.491666666666667
201.019349199953	0.491666666666667
201.035993599799	0.491666666666667
201.0526430998	0.491666666666667
201.069494799944	0.491666666666667
201.08615499991	0.491666666666667
201.102695799898	0.491666666666667
201.119264199864	0.491666666666667
201.135931900004	0.491666666666667
201.152538599912	0.491666666666667
201.169856799999	0.491666666666667
201.186076299986	0.491666666666667
201.202449799981	0.491666666666667
201.219767099945	0.491666666666667
201.23596849991	0.491666666666667
201.252655999968	0.491666666666667
201.269336799858	0.491666666666667
201.286102199927	0.491666666666667
201.303028899943	0.491666666666667
201.3199018999	0.491666666666667
201.336029999889	0.491666666666667
201.353306300007	0.491666666666667
201.369801699882	0.491666666666667
201.386557799997	0.491666666666667
201.402888499899	0.491666666666667
201.41974849999	0.491666666666667
201.435873599956	0.491666666666667
201.452524199849	0.491666666666667
201.469527699985	0.491666666666667
201.48633149988	0.491666666666667
201.502517899964	0.491666666666667
201.51930379984	0.491666666666667
201.536250799894	0.491666666666667
201.552996899933	0.491666666666667
201.569520199904	0.491666666666667
201.585994599853	0.491666666666667
201.603396899998	0.491666666666667
201.619492899859	0.491666666666667
201.636292499956	0.491666666666667
201.65306549985	0.491666666666667
201.669373799814	0.491666666666667
201.685880600009	0.491666666666667
201.703056699829	0.491666666666667
201.719752299832	0.491666666666667
201.736464599846	0.491666666666667
201.753068199847	0.491666666666667
201.769374499796	0.491666666666667
201.786694099894	0.491666666666667
201.80295409984	0.491666666666667
201.819759799866	0.491666666666667
201.836283499841	0.491666666666667
201.852470299928	0.491666666666667
201.86945150001	0.491666666666667
201.885774799855	0.491666666666667
201.902464099927	0.491666666666667
201.919676699908	0.491666666666667
201.936012999853	0.491666666666667
201.953065099893	0.491666666666667
201.969576499891	0.491666666666667
201.98641529982	0.491666666666667
202.002546299947	0.491666666666667
202.019339899998	0.491666666666667
202.036062399857	0.491666666666667
202.053152199835	0.491666666666667
202.069748400012	0.491666666666667
202.085827299859	0.491666666666667
202.102637899807	0.491666666666667
202.119695799891	0.491666666666667
202.136214799946	0.491666666666667
202.152523599798	0.491666666666667
202.169238899834	0.491666666666667
202.186423499836	0.491666666666667
202.202611599816	0.491666666666667
202.219303299906	0.491666666666667
202.236362399999	0.491666666666667
202.252552199876	0.491666666666667
202.269563299837	0.491666666666667
202.286335199839	0.491666666666667
202.302954299841	0.491666666666667
202.319661299931	0.491666666666667
202.336134799989	0.491666666666667
202.353226499865	0.491666666666667
202.369480699999	0.491666666666667
202.386158499867	0.491666666666667
202.402974599972	0.491666666666667
202.419395999983	0.491666666666667
202.436185800005	0.491666666666667
202.453218800016	0.491666666666667
202.469648999861	0.491666666666667
202.486336399801	0.491666666666667
202.502576899948	0.491666666666667
202.519881899934	0.491666666666667
202.536079899874	0.491666666666667
202.553040899802	0.491666666666667
202.569707099814	0.491666666666667
202.586197099881	0.491666666666667
202.602887799963	0.491666666666667
202.619557899889	0.491666666666667
202.636124099838	0.491666666666667
202.652729099849	0.491666666666667
202.669514499838	0.491666666666667
202.685912200017	0.491666666666667
202.70293849986	0.491666666666667
202.719450999983	0.491666666666667
202.735998499906	0.491666666666667
202.752448200015	0.491666666666667
202.769210999832	0.491666666666667
202.786178399809	0.491666666666667
202.802833699854	0.491666666666667
202.819660199806	0.491666666666667
202.836390799843	0.491666666666667
202.852861899883	0.491666666666667
202.869442799827	0.491666666666667
202.886321299942	0.491666666666667
202.90298779984	0.491666666666667
202.919649899937	0.491666666666667
202.936284599826	0.491666666666667
202.952842199942	0.491666666666667
202.969282399863	0.491666666666667
202.986120999791	0.491666666666667
203.002777899848	0.491666666666667
203.019235599786	0.491666666666667
203.036107099848	0.491666666666667
203.053567899857	0.491666666666667
203.069274599897	0.491666666666667
203.086339099798	0.491666666666667
203.102583399974	0.491666666666667
203.119210999925	0.491666666666667
203.13618339994	0.491666666666667
203.152891199803	0.491666666666667
203.169196699979	0.491666666666667
203.18585439981	0.491666666666667
203.203064899892	0.491666666666667
203.219515499892	0.491666666666667
203.236238299869	0.491666666666667
203.252473799977	0.491666666666667
203.269207499921	0.491666666666667
203.286228399957	0.491666666666667
203.302609300008	0.491666666666667
203.319716899889	0.491666666666667
203.33622399997	0.491666666666667
203.352600799873	0.491666666666667
203.369535099948	0.491666666666667
203.386483399896	0.491666666666667
203.40312929987	0.491666666666667
203.419524499914	0.491666666666667
203.43616159982	0.491666666666667
203.452679099981	0.491666666666667
203.469464299968	0.491666666666667
203.486255399883	0.491666666666667
203.50291959988	0.491666666666667
203.519736199873	0.491666666666667
203.536258599954	0.491666666666667
203.552704999922	0.491666666666667
203.569487599889	0.491666666666667
203.586281899828	0.491666666666667
203.602463699877	0.491666666666667
203.619236199884	0.491666666666667
203.63587899995	0.491666666666667
203.652494799811	0.491666666666667
203.669560099952	0.491666666666667
203.686115999939	0.491666666666667
203.702409599908	0.491666666666667
203.719486099901	0.491666666666667
203.736291799927	0.491666666666667
203.752861899789	0.491666666666667
203.769361199811	0.491666666666667
203.786192599917	0.491666666666667
203.802802399965	0.491666666666667
203.819508699933	0.491666666666667
203.835882699816	0.491666666666667
203.852620499907	0.491666666666667
203.869400799973	0.491666666666667
203.885886899894	0.491666666666667
203.902771099936	0.491666666666667
203.919500299962	0.491666666666667
203.935993099818	0.491666666666667
203.952966299839	0.491666666666667
203.969554099953	0.491666666666667
203.986095799832	0.491666666666667
204.002994699869	0.491666666666667
204.019663099898	0.491666666666667
204.035693199839	0.491666666666667
204.052757499972	0.491666666666667
204.069545099977	0.491666666666667
204.085687299957	0.491666666666667
204.10260039987	0.491666666666667
204.119221800007	0.491666666666667
204.135718399892	0.491666666666667
204.153090499807	0.491666666666667
204.169598199893	0.491666666666667
204.185919999843	0.491666666666667
204.202387699857	0.491666666666667
204.219535999931	0.491666666666667
204.236074699787	0.491666666666667
204.252973199822	0.491666666666667
204.2696612	0.491666666666667
204.28621699987	0.491666666666667
204.302767899819	0.491666666666667
204.31949649984	0.491666666666667
204.336091399891	0.491666666666667
204.353020199807	0.491666666666667
204.369415099965	0.491666666666667
204.385637799976	0.491666666666667
204.403162899893	0.491666666666667
204.419288099976	0.491666666666667
204.436148599954	0.491666666666667
204.453251799801	0.491666666666667
204.469504999928	0.491666666666667
204.485659099882	0.491666666666667
204.503078799928	0.491666666666667
204.519728599815	0.491666666666667
204.535845399834	0.491666666666667
204.552455999888	0.491666666666667
204.569102299865	0.491666666666667
204.585585499881	0.491666666666667
204.602792199934	0.491666666666667
204.619195699925	0.491666666666667
204.635625999887	0.491666666666667
204.652481499827	0.491666666666667
204.669231300009	0.491666666666667
204.68576849997	0.491666666666667
204.702700299909	0.491666666666667
204.71967419982	0.491666666666667
204.735587799922	0.491666666666667
204.752884599846	0.491666666666667
204.769478099886	0.491666666666667
204.786132299807	0.491666666666667
204.802571299952	0.491666666666667
204.819242500002	0.491666666666667
204.836012999993	0.491666666666667
204.852586099878	0.491666666666667
204.869251899887	0.491666666666667
204.885592999868	0.491666666666667
204.902900999878	0.491666666666667
204.919032000005	0.491666666666667
204.936116699828	0.491666666666667
204.952548499918	0.491666666666667
204.969491799828	0.491666666666667
204.986289399909	0.491666666666667
205.002565899864	0.491666666666667
205.019082899904	0.491666666666667
205.035558999982	0.491666666666667
205.052780799801	0.491666666666667
205.069559799973	0.491666666666667
205.085880499799	0.491666666666667
205.102450700011	0.491666666666667
205.119089099811	0.491666666666667
205.136341899866	0.491666666666667
205.152714299969	0.491666666666667
205.169642299879	0.491666666666667
205.185846799985	0.491666666666667
205.202487099916	0.491666666666667
205.219664299861	0.491666666666667
205.23608289985	0.491666666666667
205.252922799904	0.491666666666667
205.269494500011	0.491666666666667
205.285886299796	0.491666666666667
205.302678299835	0.491666666666667
205.319206899963	0.491666666666667
205.336411199998	0.491666666666667
205.352385099977	0.491666666666667
205.369454199914	0.491666666666667
205.385870500002	0.491666666666667
205.402671899879	0.491666666666667
205.419271099847	0.491666666666667
205.435741799884	0.491666666666667
205.453040999826	0.491666666666667
205.470382099971	0.491666666666667
205.486026800005	0.491666666666667
205.502459799871	0.491666666666667
205.519731499953	0.491666666666667
205.535597399808	0.491666666666667
205.552757399855	0.491666666666667
205.569537899923	0.491666666666667
205.586072899867	0.491666666666667
205.602377799805	0.491666666666667
205.619125699857	0.491666666666667
205.63609649986	0.491666666666667
205.652819899842	0.491666666666667
205.66969169979	0.491666666666667
205.686015999876	0.491666666666667
205.702793899924	0.491666666666667
205.719392899889	0.491666666666667
205.73594659986	0.491666666666667
205.752617399907	0.491666666666667
205.769200299866	0.491666666666667
205.785847499967	0.491666666666667
205.8026083	0.491666666666667
205.819230899913	0.491666666666667
205.836177099962	0.491666666666667
205.852823499823	0.491666666666667
205.8697602998	0.491666666666667
205.885937299812	0.491666666666667
205.902878699824	0.491666666666667
205.919748299988	0.491666666666667
205.935962299816	0.491666666666667
205.95229419996	0.491666666666667
205.969409999903	0.491666666666667
205.985523399897	0.491666666666667
206.002704499988	0.491666666666667
206.018975999905	0.491666666666667
206.036233999999	0.491666666666667
206.052534399787	0.491666666666667
206.069537599804	0.491666666666667
206.086152700009	0.491666666666667
206.102913299808	0.491666666666667
206.119626099942	0.491666666666667
206.136221199995	0.491666666666667
206.152430699905	0.491666666666667
206.169456999982	0.491666666666667
206.185876899865	0.491666666666667
206.202785699861	0.491666666666667
206.219552399823	0.491666666666667
206.236076999921	0.491666666666667
206.252707399894	0.491666666666667
206.269047999987	0.491666666666667
206.285977999913	0.491666666666667
206.302496999968	0.491666666666667
206.318973899819	0.491666666666667
206.336033199914	0.491666666666667
206.352693099994	0.491666666666667
206.369405099889	0.491666666666667
206.385822299868	0.491666666666667
206.402459699893	0.491666666666667
206.419104899978	0.491666666666667
206.435868699802	0.491666666666667
206.452319599921	0.491666666666667
206.469561399892	0.491666666666667
206.48617639998	0.491666666666667
206.502601400018	0.491666666666667
206.519182399847	0.491666666666667
206.535952599952	0.491666666666667
206.55241080001	0.491666666666667
206.569506299915	0.491666666666667
206.585999900009	0.491666666666667
206.602705299854	0.491666666666667
206.619725999888	0.491666666666667
206.635617999826	0.491666666666667
206.652345599839	0.491666666666667
206.669457799988	0.491666666666667
206.685853799805	0.491666666666667
206.702639399795	0.491666666666667
206.719074599911	0.491666666666667
206.735881999834	0.491666666666667
206.753371999832	0.491666666666667
206.769168699859	0.491666666666667
206.786320999963	0.491666666666667
206.8029620999	0.491666666666667
206.818978299852	0.491666666666667
206.836239499971	0.491666666666667
206.853023999836	0.491666666666667
206.86901639984	0.491666666666667
206.886180599919	0.491666666666667
206.902204899816	0.491666666666667
206.9192801998	0.491666666666667
206.935847399989	0.491666666666667
206.952367399819	0.491666666666667
206.968983399915	0.491666666666667
206.986142799957	0.491666666666667
207.002618799917	0.491666666666667
207.019449899904	0.491666666666667
207.035859599942	0.491666666666667
207.052425199887	0.491666666666667
207.069309499813	0.491666666666667
207.085839799838	0.491666666666667
207.102635099785	0.491666666666667
207.119315499905	0.491666666666667
207.135525099933	0.491666666666667
207.152951799799	0.491666666666667
207.169590699952	0.491666666666667
207.185863199877	0.491666666666667
207.202667200007	0.491666666666667
207.219437799882	0.491666666666667
207.235547999851	0.491666666666667
207.252786899917	0.491666666666667
207.269516499946	0.491666666666667
207.28557269997	0.491666666666667
207.302670599893	0.491666666666667
207.319456900004	0.491666666666667
207.336029599886	0.491666666666667
207.3522373999	0.491666666666667
207.369465899887	0.491666666666667
207.385638699867	0.491666666666667
207.402563399868	0.491666666666667
207.419277800014	0.491666666666667
207.435949699953	0.491666666666667
207.452255999902	0.491666666666667
207.469161099987	0.491666666666667
207.485953499796	0.491666666666667
207.502563499846	0.491666666666667
207.519683799939	0.491666666666667
207.535866199993	0.491666666666667
207.552753799828	0.491666666666667
207.569272999885	0.491666666666667
207.585773999803	0.491666666666667
207.602547799936	0.491666666666667
207.619510499993	0.491666666666667
207.635634599952	0.491666666666667
207.652734600008	0.491666666666667
207.668771999888	0.491666666666667
207.686169199878	0.491666666666667
207.702646299964	0.491666666666667
207.718944199849	0.491666666666667
207.735980099998	0.491666666666667
207.752391899936	0.491666666666667
207.76904129982	0.491666666666667
207.786178699927	0.491666666666667
207.802371799946	0.491666666666667
207.81888889987	0.491666666666667
207.83613449987	0.491666666666667
207.852618000004	0.491666666666667
207.869315699907	0.491666666666667
207.88562639989	0.491666666666667
207.902753299801	0.491666666666667
207.918983199866	0.491666666666667
207.93569459999	0.491666666666667
207.952763799811	0.491666666666667
207.969468700001	0.491666666666667
207.986043700017	0.491666666666667
208.002539499896	0.491666666666667
208.019559499808	0.491666666666667
208.035601199837	0.491666666666667
208.052606599871	0.491666666666667
208.069544499973	0.491666666666667
208.086805399973	0.491666666666667
208.102890899871	0.491666666666667
208.119517799933	0.491666666666667
208.135673099896	0.491666666666667
208.152645799797	0.491666666666667
208.168894999893	0.491666666666667
208.185779599939	0.491666666666667
208.202204699861	0.491666666666667
208.219507299829	0.491666666666667
208.236124099931	0.491666666666667
208.252870199969	0.491666666666667
208.269059599843	0.491666666666667
208.286525999894	0.491666666666667
208.302377499873	0.491666666666667
208.319708699826	0.491666666666667
208.336042099865	0.491666666666667
208.352078499971	0.491666666666667
208.369371999986	0.491666666666667
208.385848199949	0.491666666666667
208.402957499959	0.491666666666667
208.419514799956	0.491666666666667
208.436017900007	0.491666666666667
208.452721099835	0.491666666666667
208.469611999812	0.491666666666667
208.485481499927	0.491666666666667
208.502410799963	0.491666666666667
208.518937999848	0.491666666666667
208.535510599846	0.491666666666667
208.552420999855	0.491666666666667
208.568986399798	0.491666666666667
208.586060300004	0.491666666666667
208.602752499981	0.491666666666667
208.619436800014	0.491666666666667
208.635984999826	0.491666666666667
208.652564499993	0.491666666666667
208.669284499949	0.491666666666667
208.685966199962	0.491666666666667
208.70272619999	0.491666666666667
208.719292799942	0.491666666666667
208.736309199827	0.491666666666667
208.752525599906	0.491666666666667
208.768935099943	0.491666666666667
208.78556699981	0.491666666666667
208.802850699984	0.491666666666667
208.819525299827	0.491666666666667
208.835903199855	0.491666666666667
208.852260099957	0.491666666666667
208.869473399827	0.491666666666667
208.885876299813	0.491666666666667
208.902661699802	0.491666666666667
208.9193872998	0.491666666666667
208.936052699806	0.491666666666667
208.95306119998	0.491666666666667
208.969300600002	0.491666666666667
208.986072500004	0.491666666666667
209.002708699787	0.491666666666667
209.019168699859	0.491666666666667
209.035345099866	0.491666666666667
209.052095999941	0.491666666666667
209.069471199997	0.491666666666667
209.085647800006	0.491666666666667
209.102181699825	0.491666666666667
209.1195266	0.491666666666667
209.13610829995	0.491666666666667
209.152227699989	0.491666666666667
209.169463499915	0.491666666666667
209.186270499835	0.491666666666667
209.202168299817	0.491666666666667
209.218752000015	0.491666666666667
209.236099199858	0.491666666666667
209.253059499897	0.491666666666667
209.269036899786	0.491666666666667
209.286228699842	0.491666666666667
209.30279519991	0.491666666666667
209.31905229995	0.491666666666667
209.335949399974	0.491666666666667
209.352379099932	0.491666666666667
209.368903399911	0.491666666666667
209.385956499958	0.491666666666667
209.402618799824	0.491666666666667
209.419557699934	0.491666666666667
209.436173499795	0.491666666666667
209.452550499933	0.491666666666667
209.469109199941	0.491666666666667
209.485862899804	0.491666666666667
209.502244099975	0.491666666666667
209.51959739998	0.491666666666667
209.53604229982	0.491666666666667
209.5523525998	0.491666666666667
209.56959209987	0.491666666666667
209.585566499969	0.491666666666667
209.602688699961	0.491666666666667
209.619070599787	0.491666666666667
209.635946800001	0.491666666666667
209.652194299968	0.491666666666667
209.669271699851	0.491666666666667
209.686272299848	0.491666666666667
209.702440499794	0.491666666666667
209.719629999949	0.491666666666667
209.736252599861	0.491666666666667
209.752087599831	0.491666666666667
209.769317399943	0.491666666666667
209.786006799899	0.491666666666667
209.804102099966	0.491666666666667
209.820523199858	0.491666666666667
209.835927899927	0.491666666666667
209.852151899831	0.491666666666667
209.869226999814	0.491666666666667
209.886238399893	0.491666666666667
209.9024584	0.491666666666667
209.919371799799	0.491666666666667
209.935762999812	0.491666666666667
209.952549899928	0.491666666666667
209.96947809984	0.491666666666667
209.985874699894	0.491666666666667
210.002252399921	0.491666666666667
210.018929099897	0.491666666666667
210.036197199952	0.491666666666667
210.05232649995	0.491666666666667
210.069455299992	0.491666666666667
210.085683399811	0.491666666666667
210.102580699837	0.491666666666667
210.119370999979	0.491666666666667
210.13558589993	0.491666666666667
210.152523399796	0.491666666666667
210.168873699848	0.491666666666667
210.186046899995	0.491666666666667
210.202137099812	0.491666666666667
210.219480999978	0.491666666666667
210.235906599788	0.491666666666667
210.252540699905	0.491666666666667
210.269499799935	0.491666666666667
210.285952099832	0.491666666666667
210.302447599825	0.491666666666667
210.319465799956	0.491666666666667
210.335721499985	0.491666666666667
210.352558200015	0.491666666666667
210.368850999977	0.491666666666667
210.385828499915	0.491666666666667
210.402524599805	0.491666666666667
210.41919239983	0.491666666666667
210.435662399977	0.491666666666667
210.452555699972	0.491666666666667
210.469546299893	0.491666666666667
210.486289399909	0.491666666666667
210.50218979991	0.491666666666667
210.518968199845	0.491666666666667
210.536037500016	0.491666666666667
210.552548300009	0.491666666666667
210.568784500007	0.491666666666667
210.58610299998	0.491666666666667
210.602273599943	0.491666666666667
210.619366199942	0.491666666666667
210.635697399965	0.491666666666667
210.652229900006	0.491666666666667
210.669117199956	0.491666666666667
210.685551099945	0.491666666666667
210.702478099847	0.491666666666667
210.71890629991	0.491666666666667
210.736209499883	0.491666666666667
210.752436399926	0.491666666666667
210.769589999923	0.491666666666667
210.786164799938	0.491666666666667
210.802793500014	0.491666666666667
210.819555199938	0.491666666666667
210.836261999793	0.491666666666667
210.852710000006	0.491666666666667
210.869099200005	0.491666666666667
210.885453499854	0.491666666666667
210.902071399847	0.491666666666667
210.919199399883	0.491666666666667
210.935866899788	0.491666666666667
210.952572699869	0.491666666666667
210.96920549986	0.491666666666667
210.986057800008	0.491666666666667
211.002556199906	0.491666666666667
211.019206999801	0.491666666666667
211.036625999957	0.491666666666667
211.052719499916	0.491666666666667
211.069524399936	0.484375
211.086207699962	0.484375
211.102129400009	0.484375
211.119012199808	0.475
211.135928099975	0.475
211.15230109985	0.475
211.169179699849	0.475
211.18577979994	0.475
211.202192099998	0.475
211.219194300007	0.475
211.236255099997	0.457291666666667
211.252468099818	0.457291666666667
211.268996399827	0.457291666666667
211.286066100001	0.448958333333333
211.303005799884	0.448958333333333
211.319541299948	0.439583333333333
211.335877999896	0.439583333333333
211.352004199987	0.439583333333333
211.369130000006	0.439583333333333
211.385679699946	0.439583333333333
211.402417299803	0.439583333333333
211.419051999925	0.439583333333333
211.435263299849	0.439583333333333
211.452104599914	0.439583333333333
211.469078799943	0.439583333333333
211.48584089987	0.439583333333333
211.502434799913	0.439583333333333
211.519197499845	0.439583333333333
211.535911499988	0.439583333333333
211.552525699837	0.439583333333333
211.569188399939	0.439583333333333
211.586021599825	0.439583333333333
211.602264299989	0.439583333333333
211.618957499973	0.439583333333333
211.636463699862	0.439583333333333
211.652131699957	0.439583333333333
211.669492899906	0.439583333333333
211.686051999917	0.439583333333333
211.70260469988	0.439583333333333
211.719674799824	0.439583333333333
211.736167499796	0.439583333333333
211.752194599947	0.439583333333333
211.769431299996	0.439583333333333
211.786057099933	0.439583333333333
211.802363700001	0.439583333333333
211.819301399868	0.439583333333333
211.835887499852	0.439583333333333
211.85230589984	0.439583333333333
211.869051799877	0.439583333333333
211.885292899795	0.439583333333333
211.902546299854	0.43125
211.919046799885	0.422916666666667
211.936062299879	0.396875
211.95251689991	0.396875
211.969245899934	0.396875
211.985749199986	0.388541666666667
212.002978799865	0.388541666666667
212.018960200017	0.388541666666667
212.036270999815	0.388541666666667
212.052548700012	0.388541666666667
212.069202699931	0.388541666666667
212.085914699826	0.388541666666667
212.102527200012	0.388541666666667
212.11911079986	0.388541666666667
212.135439399863	0.388541666666667
212.152558699949	0.388541666666667
212.169421699829	0.388541666666667
212.185832699994	0.388541666666667
212.202532899799	0.388541666666667
212.219301299891	0.388541666666667
212.235767300008	0.388541666666667
212.252433699789	0.388541666666667
212.26924709999	0.388541666666667
212.286390599795	0.388541666666667
212.302210900001	0.388541666666667
212.319596899906	0.388541666666667
212.335987199796	0.388541666666667
212.352682399796	0.388541666666667
212.369230999844	0.388541666666667
212.385739099933	0.388541666666667
212.402029699879	0.388541666666667
212.419043399859	0.388541666666667
212.435668299906	0.395833333333333
212.452993899817	0.395833333333333
212.469203999965	0.395833333333333
212.486161699984	0.395833333333333
212.502279799897	0.395833333333333
212.519245799864	0.395833333333333
212.536142299883	0.395833333333333
212.552518700017	0.395833333333333
212.56906969985	0.395833333333333
212.585992699955	0.395833333333333
212.602468299912	0.395833333333333
212.618727899855	0.395833333333333
212.636347599793	0.395833333333333
212.652491399786	0.395833333333333
212.668823299929	0.395833333333333
212.686237299815	0.395833333333333
212.702173799975	0.395833333333333
212.718888199888	0.395833333333333
212.735661400016	0.395833333333333
212.752051699907	0.395833333333333
212.768940699985	0.395833333333333
212.786275099963	0.395833333333333
212.802493299823	0.395833333333333
212.819273900008	0.395833333333333
212.835444999859	0.395833333333333
212.852307099849	0.395833333333333
212.869003899861	0.395833333333333
212.886002999963	0.395833333333333
212.902095699916	0.395833333333333
212.918976799818	0.395833333333333
212.936172299786	0.395833333333333
212.952228799928	0.395833333333333
212.96906139981	0.395833333333333
212.985451399814	0.395833333333333
213.002107699867	0.395833333333333
213.019238099921	0.395833333333333
213.035947099794	0.395833333333333
213.052635399858	0.395833333333333
213.068984000012	0.395833333333333
213.085753199877	0.395833333333333
213.102255799808	0.395833333333333
213.118799599819	0.395833333333333
213.135794299887	0.395833333333333
213.152119699866	0.395833333333333
213.168799099978	0.395833333333333
213.186075999867	0.395833333333333
213.202624499798	0.395833333333333
213.218567600008	0.395833333333333
213.23594189994	0.395833333333333
213.252603999805	0.395833333333333
213.268594099907	0.395833333333333
213.285843999824	0.395833333333333
213.302488300018	0.395833333333333
213.318546899827	0.395833333333333
213.335380099947	0.395833333333333
213.352028999943	0.395833333333333
213.369181199931	0.395833333333333
213.385451499838	0.395833333333333
213.402018599911	0.395833333333333
213.418924500002	0.395833333333333
213.43584309984	0.395833333333333
213.452700599795	0.395833333333333
213.469218599843	0.395833333333333
213.485434399918	0.395833333333333
213.502445099875	0.395833333333333
213.519191099796	0.395833333333333
213.535458799917	0.395833333333333
213.552180399885	0.395833333333333
213.568762799958	0.395833333333333
213.58564789989	0.395833333333333
213.602392199915	0.395833333333333
213.618684599875	0.395833333333333
213.635451399954	0.395833333333333
213.652218899922	0.395833333333333
213.668720599962	0.395833333333333
213.686128299916	0.395833333333333
213.702342999866	0.395833333333333
213.718835299835	0.395833333333333
213.735686599975	0.395833333333333
213.752376899822	0.395833333333333
213.76852409984	0.395833333333333
213.78602959984	0.395833333333333
213.802122599911	0.395833333333333
213.818541599903	0.395833333333333
213.835411199834	0.395833333333333
213.852449099999	0.395833333333333
213.868783899816	0.395833333333333
213.886067199986	0.395833333333333
213.902080399916	0.395833333333333
213.918624199927	0.395833333333333
213.935903599951	0.395833333333333
213.952583799837	0.395833333333333
213.968724899925	0.395833333333333
213.985901499866	0.395833333333333
214.00214739982	0.395833333333333
214.019063499989	0.395833333333333
214.036035500001	0.395833333333333
214.052138399798	0.395833333333333
214.068563899957	0.395833333333333
214.085782899987	0.395833333333333
214.101852599997	0.395833333333333
214.118805399863	0.405208333333333
214.136026399909	0.405208333333333
214.152157099918	0.405208333333333
214.168547499925	0.405208333333333
214.18557309988	0.405208333333333
214.202445399947	0.405208333333333
214.219050499843	0.405208333333333
214.235429799883	0.405208333333333
214.252638699953	0.405208333333333
214.268944999902	0.405208333333333
214.285995199811	0.405208333333333
214.302334999898	0.405208333333333
214.31903439993	0.405208333333333
214.33554130001	0.405208333333333
214.352338999975	0.405208333333333
214.368627399905	0.405208333333333
214.385560999857	0.405208333333333
214.402392699849	0.405208333333333
214.419026599964	0.405208333333333
214.436066499911	0.405208333333333
214.452470899792	0.405208333333333
214.469227299793	0.405208333333333
214.486453499878	0.405208333333333
214.502494899789	0.405208333333333
214.518481199862	0.405208333333333
214.535540499957	0.405208333333333
214.552077999804	0.405208333333333
214.568529099924	0.405208333333333
214.585971799912	0.405208333333333
214.602050799876	0.405208333333333
214.618966999929	0.405208333333333
214.635659799911	0.405208333333333
214.652324199909	0.405208333333333
214.668936599977	0.405208333333333
214.686279299902	0.405208333333333
214.702266799984	0.405208333333333
214.719084699871	0.413541666666667
214.73602919979	0.413541666666667
214.752127199899	0.413541666666667
214.769082000013	0.413541666666667
214.785720499931	0.413541666666667
214.802158499835	0.413541666666667
214.819063199917	0.413541666666667
214.83566789981	0.413541666666667
214.851906399941	0.413541666666667
214.86894389987	0.413541666666667
214.885419599945	0.413541666666667
214.902541299816	0.413541666666667
214.919364399975	0.413541666666667
214.935927500017	0.413541666666667
214.952411599923	0.413541666666667
214.968512699939	0.413541666666667
214.985868799966	0.413541666666667
215.002332399832	0.413541666666667
215.018926299876	0.413541666666667
215.035372699844	0.413541666666667
215.052230499918	0.413541666666667
215.068550099852	0.413541666666667
215.085715299938	0.413541666666667
215.102386799874	0.413541666666667
215.11857479997	0.413541666666667
215.135919199791	0.413541666666667
215.152542799944	0.413541666666667
215.169194299961	0.413541666666667
215.185945999809	0.413541666666667
215.202219199855	0.413541666666667
215.218767300015	0.413541666666667
215.235865199938	0.413541666666667
215.252500399947	0.413541666666667
215.268999299966	0.413541666666667
215.28566659987	0.413541666666667
215.302413299913	0.413541666666667
215.318626799854	0.413541666666667
215.335490599973	0.413541666666667
215.352288299939	0.413541666666667
215.368817599956	0.413541666666667
215.385975599987	0.413541666666667
215.402882199967	0.413541666666667
215.418738699984	0.413541666666667
215.4355014998	0.413541666666667
215.452251399867	0.413541666666667
215.46905879979	0.413541666666667
215.485670599854	0.413541666666667
215.502516499953	0.413541666666667
215.518907499965	0.413541666666667
215.53537399997	0.413541666666667
215.552194099873	0.413541666666667
215.568595399847	0.413541666666667
215.585289999843	0.413541666666667
215.602122399956	0.413541666666667
215.618915400002	0.413541666666667
215.635656099999	0.413541666666667
215.652365699876	0.413541666666667
215.668997799978	0.413541666666667
215.68588809995	0.413541666666667
215.702278499957	0.413541666666667
215.719220699975	0.413541666666667
215.735831899801	0.413541666666667
215.752419999801	0.413541666666667
215.768680299865	0.413541666666667
215.785450199852	0.413541666666667
215.802169399802	0.413541666666667
215.818871199852	0.413541666666667
215.835778599838	0.413541666666667
215.851986399852	0.413541666666667
215.868951199809	0.413541666666667
215.886068899883	0.413541666666667
215.902604699833	0.413541666666667
215.918817899888	0.413541666666667
215.935764399823	0.413541666666667
215.952175099868	0.413541666666667
215.968963599997	0.413541666666667
215.985892599914	0.413541666666667
216.002309500007	0.413541666666667
216.01893959986	0.413541666666667
216.035485999892	0.413541666666667
216.052240699995	0.413541666666667
216.068520999979	0.413541666666667
216.085713399807	0.413541666666667
216.102235900005	0.413541666666667
216.118921199813	0.413541666666667
216.135266799945	0.413541666666667
216.152287799865	0.413541666666667
216.168610799825	0.413541666666667
216.185548699927	0.413541666666667
216.202346599894	0.413541666666667
216.218829999911	0.413541666666667
216.235837799963	0.413541666666667
216.252460499993	0.413541666666667
216.269180599833	0.413541666666667
216.285577300005	0.413541666666667
216.302218699828	0.413541666666667
216.319215799915	0.413541666666667
216.335739299888	0.413541666666667
216.352213699836	0.413541666666667
216.369154699845	0.413541666666667
216.385278199799	0.413541666666667
216.401824999833	0.413541666666667
216.418611599831	0.413541666666667
216.435616999865	0.413541666666667
216.452525299974	0.413541666666667
216.469071599888	0.413541666666667
216.485860499786	0.413541666666667
216.502870299853	0.413541666666667
216.518545599887	0.413541666666667
216.535710799973	0.413541666666667
216.552518199896	0.413541666666667
216.5692007998	0.413541666666667
216.58545699995	0.413541666666667
216.602247499861	0.413541666666667
216.619259099942	0.413541666666667
216.635740199825	0.413541666666667
216.652336800005	0.413541666666667
216.669094299898	0.413541666666667
216.685978899943	0.413541666666667
216.702178299893	0.413541666666667
216.719419899862	0.413541666666667
216.735686599975	0.413541666666667
216.752079499885	0.413541666666667
216.769025499932	0.413541666666667
216.786012299825	0.413541666666667
216.801738699898	0.413541666666667
216.818481899798	0.413541666666667
216.835710200015	0.413541666666667
216.852327700006	0.413541666666667
216.86853989982	0.413541666666667
216.885425499873	0.413541666666667
216.902407199843	0.413541666666667
216.918863799889	0.413541666666667
216.936015399871	0.413541666666667
216.952143799979	0.413541666666667
216.968685899861	0.413541666666667
216.985933999997	0.413541666666667
217.002423499944	0.413541666666667
217.019375599921	0.413541666666667
217.035680299858	0.413541666666667
217.051925799809	0.413541666666667
217.068829099881	0.413541666666667
217.085534599843	0.413541666666667
217.102342899889	0.413541666666667
217.118534900015	0.413541666666667
217.135628499789	0.413541666666667
217.151881399797	0.413541666666667
217.1687888999	0.413541666666667
217.185899399919	0.413541666666667
217.202209099894	0.413541666666667
217.219047599938	0.413541666666667
217.236110099824	0.413541666666667
217.2524462	0.413541666666667
217.268485500012	0.413541666666667
217.285557299852	0.413541666666667
217.302320499904	0.413541666666667
217.318988299929	0.413541666666667
217.335450500017	0.413541666666667
217.351895299973	0.413541666666667
217.369125599973	0.413541666666667
217.385693399934	0.413541666666667
217.402424799977	0.413541666666667
217.418906499865	0.413541666666667
217.435829799855	0.413541666666667
217.452416299842	0.413541666666667
217.468742799945	0.413541666666667
217.485843200004	0.413541666666667
217.50221379986	0.413541666666667
217.519337899983	0.413541666666667
217.535763899796	0.413541666666667
217.552269399865	0.413541666666667
217.569096699823	0.413541666666667
217.585400299868	0.413541666666667
217.60192809999	0.413541666666667
217.619000899838	0.413541666666667
217.63593270001	0.413541666666667
217.65229759994	0.413541666666667
217.668749299832	0.413541666666667
217.6855736	0.413541666666667
217.702366899932	0.413541666666667
217.719098299975	0.413541666666667
217.735762999859	0.413541666666667
217.752204199787	0.413541666666667
217.769148199819	0.413541666666667
217.78550719982	0.413541666666667
217.802127599949	0.413541666666667
217.818505799863	0.413541666666667
217.835585099878	0.413541666666667
217.852443999844	0.413541666666667
217.869292599848	0.413541666666667
217.885416799923	0.413541666666667
217.902136699995	0.413541666666667
217.918692499865	0.413541666666667
217.935539299855	0.413541666666667
217.952136999927	0.413541666666667
217.968984299805	0.413541666666667
217.985238299938	0.413541666666667
218.002196399961	0.413541666666667
218.018827199936	0.413541666666667
218.035606999882	0.413541666666667
218.052010099869	0.413541666666667
218.068644999992	0.413541666666667
218.085914999945	0.413541666666667
218.102167999838	0.413541666666667
218.119220399996	0.413541666666667
218.135903899791	0.413541666666667
218.151938399998	0.413541666666667
218.169328799937	0.413541666666667
218.185295099858	0.413541666666667
218.202216299949	0.413541666666667
218.21943619987	0.413541666666667
218.235680899816	0.413541666666667
218.252190099796	0.413541666666667
218.269157599891	0.413541666666667
218.285617799964	0.413541666666667
218.301838299958	0.413541666666667
218.318830499891	0.413541666666667
218.336041999981	0.413541666666667
218.351798699936	0.413541666666667
218.369105599821	0.413541666666667
218.385916699888	0.413541666666667
218.401823999826	0.413541666666667
218.418933499837	0.413541666666667
218.435634199996	0.413541666666667
218.45211409987	0.413541666666667
218.468996400014	0.413541666666667
218.485480799805	0.413541666666667
218.501862499863	0.413541666666667
218.51914959983	0.413541666666667
218.535344199976	0.413541666666667
218.551904899999	0.413541666666667
218.569304399891	0.413541666666667
218.585866199806	0.413541666666667
218.602078399854	0.413541666666667
218.61909599998	0.413541666666667
218.635407899972	0.413541666666667
218.652488699881	0.413541666666667
218.668870399939	0.413541666666667
218.685243499931	0.413541666666667
218.70189399994	0.413541666666667
218.718970199814	0.413541666666667
218.735401700018	0.413541666666667
218.752243399853	0.413541666666667
218.768975100014	0.413541666666667
218.785813999828	0.413541666666667
218.802106199786	0.413541666666667
218.819119199878	0.413541666666667
218.835369699867	0.413541666666667
218.852258399827	0.413541666666667
218.868907899829	0.413541666666667
218.885507599916	0.413541666666667
218.901761999819	0.413541666666667
218.918548599817	0.413541666666667
218.935569699854	0.413541666666667
218.951913999859	0.413541666666667
218.96866169991	0.413541666666667
218.985545099946	0.413541666666667
219.001912599895	0.413541666666667
219.01876609982	0.413541666666667
219.035638399888	0.413541666666667
219.051892399788	0.413541666666667
219.069060500013	0.413541666666667
219.085926099913	0.413541666666667
219.10241469997	0.413541666666667
219.11938339984	0.413541666666667
219.135279899929	0.413541666666667
219.151781599969	0.413541666666667
219.168613199843	0.413541666666667
219.185204199981	0.413541666666667
219.202179599786	0.413541666666667
219.218654099852	0.413541666666667
219.235771399923	0.413541666666667
219.251856099814	0.413541666666667
219.268868099898	0.413541666666667
219.285759999882	0.413541666666667
219.302438599989	0.413541666666667
219.318733699853	0.413541666666667
219.33560859994	0.413541666666667
219.352205100004	0.413541666666667
219.36889019981	0.413541666666667
219.385578699876	0.413541666666667
219.401918699965	0.413541666666667
219.418985399883	0.413541666666667
219.435708999867	0.413541666666667
219.451592399972	0.413541666666667
219.468769099796	0.413541666666667
219.485231400002	0.413541666666667
219.501751299948	0.413541666666667
219.518598999828	0.413541666666667
219.535405199975	0.413541666666667
219.552137399791	0.413541666666667
219.568592099939	0.413541666666667
219.585484399926	0.413541666666667
219.601827699924	0.413541666666667
219.61892199982	0.413541666666667
219.635166999884	0.413541666666667
219.652554799803	0.413541666666667
219.6689110999	0.413541666666667
219.685335899936	0.413541666666667
219.702334299916	0.413541666666667
219.718866499839	0.413541666666667
219.735412999988	0.413541666666667
219.752015599981	0.413541666666667
219.768882999895	0.413541666666667
219.785249599954	0.413541666666667
219.801857499871	0.413541666666667
219.818451499799	0.413541666666667
219.835563399829	0.413541666666667
219.852191600017	0.413541666666667
219.868826799793	0.413541666666667
219.88521979982	0.413541666666667
219.902375499951	0.413541666666667
219.919237599941	0.413541666666667
219.935824899934	0.413541666666667
219.951917399885	0.413541666666667
219.968956399942	0.413541666666667
219.985608299961	0.413541666666667
220.002464099787	0.413541666666667
220.018790300004	0.413541666666667
220.035295599839	0.413541666666667
220.05184249999	0.413541666666667
220.068891000003	0.413541666666667
220.085527499905	0.413541666666667
220.101863499964	0.413541666666667
220.119228799827	0.413541666666667
220.135842899792	0.413541666666667
220.151688499842	0.413541666666667
220.16921339999	0.413541666666667
220.185692699859	0.413541666666667
220.20169529994	0.413541666666667
220.218889300013	0.413541666666667
220.235713899834	0.413541666666667
220.251805299893	0.413541666666667
220.268504599808	0.413541666666667
220.28530239989	0.413541666666667
220.301667699823	0.413541666666667
220.318456399953	0.413541666666667
220.339188799961	0.413541666666667
220.352073599817	0.413541666666667
220.369580099825	0.413541666666667
220.385187999811	0.413541666666667
220.402198799886	0.413541666666667
220.419001000002	0.413541666666667
220.435486899922	0.413541666666667
220.452293499839	0.413541666666667
220.468995800009	0.413541666666667
220.484840299934	0.413541666666667
220.501978899818	0.413541666666667
220.518488499802	0.413541666666667
220.535720499931	0.413541666666667
220.552066399949	0.413541666666667
220.568793499842	0.413541666666667
220.585491799982	0.413541666666667
220.60224869987	0.413541666666667
220.61902350001	0.413541666666667
220.635764600011	0.413541666666667
220.652247599792	0.413541666666667
220.668936099857	0.413541666666667
220.685641999822	0.413541666666667
220.70212209993	0.413541666666667
220.718873699894	0.413541666666667
220.735558499815	0.413541666666667
220.751850100001	0.413541666666667
220.768916399917	0.413541666666667
220.785619299859	0.413541666666667
220.802133699879	0.413541666666667
220.818887299858	0.413541666666667
220.835409499938	0.413541666666667
220.852098200005	0.413541666666667
220.868648299947	0.413541666666667
220.885416099802	0.413541666666667
220.902012199862	0.413541666666667
220.919142399915	0.413541666666667
220.935514999786	0.413541666666667
220.95216049999	0.413541666666667
220.969017799944	0.413541666666667
220.985147399828	0.413541666666667
221.002087399829	0.413541666666667
221.019042999949	0.413541666666667
221.035149500007	0.413541666666667
221.051674299873	0.413541666666667
221.069048399804	0.413541666666667
221.085859999992	0.413541666666667
221.101955199847	0.413541666666667
221.118966699811	0.413541666666667
221.135672200006	0.413541666666667
221.151910699904	0.413541666666667
221.168857699959	0.413541666666667
221.184992399998	0.413541666666667
221.201753399801	0.413541666666667
221.218825399876	0.413541666666667
221.235543799819	0.413541666666667
221.252084899927	0.413541666666667
221.26827859995	0.413541666666667
221.285673599923	0.413541666666667
221.302161799977	0.413541666666667
221.318913599942	0.413541666666667
221.336017199792	0.413541666666667
221.351858199807	0.413541666666667
221.368922399823	0.413541666666667
221.385245799785	0.413541666666667
221.401650499785	0.413541666666667
221.419072399847	0.413541666666667
221.435161199886	0.413541666666667
221.451921899803	0.413541666666667
221.469129799865	0.413541666666667
221.484966999851	0.413541666666667
221.502077399986	0.413541666666667
221.518923199968	0.413541666666667
221.535925799981	0.413541666666667
221.552111499943	0.413541666666667
221.568906900007	0.413541666666667
221.585493399994	0.413541666666667
221.602126499871	0.413541666666667
221.618504500017	0.413541666666667
221.635633999947	0.413541666666667
221.65185899986	0.413541666666667
221.668903599959	0.413541666666667
221.685510299867	0.413541666666667
221.70212729997	0.413541666666667
221.718556599924	0.413541666666667
221.735642599873	0.413541666666667
221.751966399839	0.413541666666667
221.768605299992	0.413541666666667
221.785676999949	0.413541666666667
221.801959699951	0.413541666666667
221.818978099851	0.413541666666667
221.835629699985	0.413541666666667
221.852240099804	0.413541666666667
221.868551299907	0.413541666666667
221.885476599913	0.413541666666667
221.901835799916	0.413541666666667
221.91914129979	0.413541666666667
221.940164799802	0.413541666666667
221.951719600009	0.413541666666667
221.968995899893	0.413541666666667
221.98552899994	0.413541666666667
222.001947099809	0.413541666666667
222.018816299969	0.413541666666667
222.035718899919	0.413541666666667
222.052038699854	0.413541666666667
222.068591499934	0.413541666666667
222.085451699793	0.413541666666667
222.102064499864	0.413541666666667
222.118987099966	0.413541666666667
222.135282299947	0.413541666666667
222.151693799999	0.413541666666667
222.168592399918	0.413541666666667
222.185103899799	0.413541666666667
222.201883499976	0.413541666666667
222.218871399993	0.413541666666667
222.235605799826	0.413541666666667
222.251938699977	0.413541666666667
222.268974300008	0.413541666666667
222.285315399989	0.413541666666667
222.301918299869	0.413541666666667
222.318907700013	0.413541666666667
222.335206099786	0.413541666666667
222.351827599807	0.413541666666667
222.368516999995	0.413541666666667
222.385201499797	0.413541666666667
222.401576599805	0.413541666666667
222.418884299928	0.413541666666667
222.435158599867	0.413541666666667
222.451936899917	0.413541666666667
222.468889500014	0.413541666666667
222.485116599826	0.413541666666667
222.501770699862	0.413541666666667
222.518541199854	0.413541666666667
222.53539189999	0.413541666666667
222.552329399856	0.413541666666667
222.568774399813	0.413541666666667
222.58528140001	0.413541666666667
222.602124699857	0.413541666666667
222.618895699969	0.413541666666667
222.635163599858	0.413541666666667
222.651789599797	0.413541666666667
222.668839099817	0.413541666666667
222.685465699993	0.413541666666667
222.702006399864	0.413541666666667
222.718772599939	0.413541666666667
222.735498199938	0.413541666666667
222.752116599819	0.413541666666667
222.769213299965	0.413541666666667
222.785612499807	0.413541666666667
222.801721700002	0.413541666666667
222.818885199958	0.413541666666667
222.835238099797	0.413541666666667
222.852405200014	0.413541666666667
222.868779199896	0.413541666666667
222.885365599999	0.413541666666667
222.901627399959	0.413541666666667
222.918586599873	0.413541666666667
222.935413999949	0.413541666666667
222.951725099934	0.413541666666667
222.96882339986	0.413541666666667
222.985578799853	0.413541666666667
223.002036599908	0.413541666666667
223.018940999871	0.413541666666667
223.03563339985	0.413541666666667
223.052054199856	0.413541666666667
223.068625699962	0.413541666666667
223.086202099919	0.413541666666667
223.10201069992	0.413541666666667
223.118897599867	0.413541666666667
223.135328299832	0.413541666666667
223.151696000015	0.413541666666667
223.168616399867	0.413541666666667
223.185087699909	0.413541666666667
223.202034599846	0.413541666666667
223.218471199973	0.413541666666667
223.235505199991	0.413541666666667
223.251685099909	0.413541666666667
223.268989000004	0.413541666666667
223.285269699991	0.413541666666667
223.301721099997	0.413541666666667
223.318802899914	0.413541666666667
223.335501099937	0.413541666666667
223.351661799941	0.413541666666667
223.368846499827	0.413541666666667
223.385234599933	0.413541666666667
223.401865499793	0.413541666666667
223.418534699827	0.413541666666667
223.434824799886	0.413541666666667
223.45163809997	0.413541666666667
223.469085299876	0.413541666666667
223.485411099857	0.413541666666667
223.501772299875	0.413541666666667
223.518918499816	0.413541666666667
223.535396099789	0.413541666666667
223.551984299906	0.413541666666667
223.568906999892	0.413541666666667
223.585558899911	0.413541666666667
223.601715299999	0.413541666666667
223.618857399793	0.413541666666667
223.63543169992	0.413541666666667
223.651605299907	0.413541666666667
223.668886399828	0.413541666666667
223.685563299805	0.413541666666667
223.702007499989	0.413541666666667
223.718862299807	0.413541666666667
223.735518899979	0.413541666666667
223.751934899949	0.413541666666667
223.769161299802	0.413541666666667
223.785348800011	0.413541666666667
223.801848699804	0.413541666666667
223.818436899921	0.413541666666667
223.835131899919	0.413541666666667
223.851876699831	0.413541666666667
223.868482599966	0.413541666666667
223.885291100014	0.413541666666667
223.901851599803	0.413541666666667
223.918429499958	0.413541666666667
223.935475099832	0.413541666666667
223.951708599925	0.413541666666667
223.968761199852	0.413541666666667
223.985023899935	0.413541666666667
224.001717199804	0.413541666666667
224.018262799829	0.413541666666667
224.035606099991	0.413541666666667
224.052178699989	0.413541666666667
224.068782199873	0.413541666666667
224.085227899952	0.413541666666667
224.102089399938	0.413541666666667
224.118401999818	0.413541666666667
224.135545699857	0.413541666666667
224.151852699928	0.413541666666667
224.168627099833	0.413541666666667
224.185307699954	0.413541666666667
224.201935099903	0.413541666666667
224.218268499942	0.413541666666667
224.235421799822	0.413541666666667
224.251844899962	0.413541666666667
224.2689427	0.413541666666667
224.285263899947	0.413541666666667
224.301677800016	0.413541666666667
224.318651499925	0.413541666666667
224.335542899789	0.413541666666667
224.351624599891	0.413541666666667
224.368605199968	0.413541666666667
224.384920199867	0.413541666666667
224.401634899899	0.413541666666667
224.418810799951	0.413541666666667
224.435304199811	0.413541666666667
224.452007099986	0.413541666666667
224.469012199901	0.413541666666667
224.485101299826	0.413541666666667
224.501673399936	0.413541666666667
224.518622400006	0.413541666666667
224.535593400011	0.413541666666667
224.551889599999	0.413541666666667
224.568865099922	0.413541666666667
224.585225699935	0.413541666666667
224.602403199999	0.413541666666667
224.618445099797	0.413541666666667
224.635125099914	0.413541666666667
224.65212499979	0.413541666666667
224.668817899888	0.413541666666667
224.685395699926	0.413541666666667
224.701874399791	0.413541666666667
224.718497899827	0.413541666666667
224.735581399873	0.413541666666667
224.751843399834	0.413541666666667
224.768471899908	0.413541666666667
224.78512539994	0.413541666666667
224.801873399876	0.413541666666667
224.818618299905	0.413541666666667
224.83524819999	0.413541666666667
224.851947699906	0.413541666666667
224.868636699859	0.413541666666667
224.885154699907	0.413541666666667
224.902038999833	0.413541666666667
224.918745699804	0.413541666666667
224.935082699871	0.413541666666667
224.951702499995	0.413541666666667
224.968862999929	0.413541666666667
224.985377999954	0.413541666666667
225.001648199977	0.413541666666667
225.018385099946	0.413541666666667
225.035370699828	0.413541666666667
225.051455299836	0.413541666666667
225.068684099941	0.413541666666667
225.085357799893	0.413541666666667
225.101836599875	0.413541666666667
225.118740499951	0.413541666666667
225.135129699949	0.413541666666667
225.151912699919	0.413541666666667
225.168833999895	0.413541666666667
225.185274299933	0.413541666666667
225.201691899914	0.413541666666667
225.218582999893	0.413541666666667
225.235380599974	0.413541666666667
225.251744800014	0.413541666666667
225.268667099997	0.413541666666667
225.285240900004	0.413541666666667
225.301543199923	0.413541666666667
225.318483599927	0.413541666666667
225.335344899911	0.413541666666667
225.351949599804	0.413541666666667
225.368965999922	0.413541666666667
225.385439299978	0.413541666666667
225.40190279996	0.413541666666667
225.418567799963	0.413541666666667
225.435078999959	0.413541666666667
225.452160899993	0.413541666666667
225.468956599943	0.413541666666667
225.485318899853	0.413541666666667
225.501710399985	0.413541666666667
225.518901899923	0.413541666666667
225.535393900005	0.413541666666667
225.551834799815	0.413541666666667
225.568879799917	0.413541666666667
225.585027299821	0.413541666666667
225.601531499997	0.413541666666667
225.618490999797	0.413541666666667
225.635149699869	0.413541666666667
225.651902199956	0.413541666666667
225.668810999952	0.413541666666667
225.685283199884	0.413541666666667
225.701840899885	0.413541666666667
225.719256399898	0.413541666666667
225.735330899945	0.413541666666667
225.751834800001	0.413541666666667
225.768693099963	0.413541666666667
225.785813599825	0.413541666666667
225.801919999998	0.413541666666667
225.8187092999	0.413541666666667
225.835267999908	0.413541666666667
225.851625700016	0.413541666666667
225.868704299908	0.413541666666667
225.885235799942	0.413541666666667
225.902119499864	0.413541666666667
225.918425599812	0.413541666666667
225.935110699851	0.413541666666667
225.95155639993	0.413541666666667
225.968769399915	0.413541666666667
225.985029499978	0.413541666666667
226.001985199982	0.413541666666667
226.018665799871	0.413541666666667
226.035225499887	0.413541666666667
226.05170709989	0.413541666666667
226.068773799809	0.413541666666667
226.084773299983	0.413541666666667
226.101755399955	0.413541666666667
226.118775099982	0.413541666666667
226.135295499815	0.413541666666667
226.151973799802	0.413541666666667
226.168565399945	0.413541666666667
226.184932699893	0.413541666666667
226.202236699872	0.413541666666667
226.218607199844	0.413541666666667
226.234960499918	0.413541666666667
226.251919199945	0.413541666666667
226.268730700016	0.413541666666667
226.285033499822	0.413541666666667
226.301930399844	0.413541666666667
226.318321499974	0.413541666666667
226.335067200009	0.413541666666667
226.351512399968	0.413541666666667
226.36872729985	0.413541666666667
226.38549359981	0.413541666666667
226.40184509987	0.413541666666667
226.418533199932	0.413541666666667
226.43560109986	0.413541666666667
226.451982399914	0.413541666666667
226.468758899951	0.413541666666667
226.485096199904	0.413541666666667
226.502216099994	0.413541666666667
226.518804599997	0.413541666666667
226.535307399929	0.413541666666667
226.551473699976	0.413541666666667
226.568544599926	0.413541666666667
226.58502969984	0.413541666666667
226.601934699807	0.413541666666667
226.618645199807	0.413541666666667
226.635290399892	0.413541666666667
226.652249499923	0.413541666666667
226.668912199792	0.413541666666667
226.685140699847	0.413541666666667
226.702168499818	0.413541666666667
226.718406799948	0.413541666666667
226.735532599967	0.413541666666667
226.751899599796	0.413541666666667
226.76862109988	0.413541666666667
226.785036799964	0.413541666666667
226.802279399941	0.413541666666667
226.818718999857	0.413541666666667
226.835187799996	0.413541666666667
226.851642399793	0.413541666666667
226.868682999862	0.413541666666667
226.885306899901	0.413541666666667
226.902014399879	0.413541666666667
226.918739699991	0.413541666666667
226.935074099805	0.413541666666667
226.95197309996	0.413541666666667
226.968839699868	0.413541666666667
226.985210299958	0.413541666666667
227.001652099891	0.413541666666667
227.018695399864	0.413541666666667
227.035155099817	0.413541666666667
227.051965199877	0.413541666666667
227.06867399998	0.413541666666667
227.085279599996	0.413541666666667
227.101934799924	0.413541666666667
227.118408099981	0.413541666666667
227.135402399814	0.413541666666667
227.15186909982	0.413541666666667
227.168766499963	0.413541666666667
227.18525079987	0.413541666666667
227.20195119991	0.413541666666667
227.218652899843	0.413541666666667
227.235280499794	0.413541666666667
227.251508799847	0.413541666666667
227.268862099852	0.413541666666667
227.284859699896	0.413541666666667
227.301800200017	0.413541666666667
227.318588599795	0.413541666666667
227.335276699858	0.413541666666667
227.35198529996	0.413541666666667
227.368666399969	0.413541666666667
227.385301999981	0.413541666666667
227.402572499821	0.413541666666667
227.418940299889	0.413541666666667
227.435242899926	0.413541666666667
227.452029399807	0.413541666666667
227.468599899905	0.413541666666667
227.484870899934	0.413541666666667
227.501830099849	0.413541666666667
227.518533199793	0.413541666666667
227.535189799964	0.413541666666667
227.551910399925	0.413541666666667
227.568718699971	0.413541666666667
227.585091499845	0.413541666666667
227.601895199856	0.413541666666667
227.618652199861	0.413541666666667
227.635263499804	0.413541666666667
227.651948099956	0.413541666666667
227.66886609979	0.413541666666667
227.685280899983	0.413541666666667
227.702080399962	0.413541666666667
227.718375299824	0.413541666666667
227.734922399977	0.413541666666667
227.751900299918	0.413541666666667
227.768553899834	0.413541666666667
227.785092399921	0.413541666666667
227.801927299937	0.413541666666667
227.818372600013	0.413541666666667
227.835360299796	0.413541666666667
227.851702899905	0.413541666666667
227.86858179979	0.413541666666667
227.885401199805	0.413541666666667
227.901810899843	0.413541666666667
227.918547099922	0.413541666666667
227.935252999887	0.413541666666667
227.952086499892	0.413541666666667
227.968805099837	0.413541666666667
227.985178899951	0.413541666666667
228.002236799803	0.413541666666667
228.018586499849	0.413541666666667
228.035413899925	0.413541666666667
228.051897899946	0.413541666666667
228.068744199816	0.413541666666667
228.085317799821	0.413541666666667
228.101793000009	0.413541666666667
228.11872989987	0.413541666666667
228.135146499844	0.413541666666667
228.15192069998	0.413541666666667
228.168630599976	0.413541666666667
228.185299699893	0.413541666666667
228.201875399798	0.413541666666667
228.218403699808	0.413541666666667
228.234883699799	0.413541666666667
228.251600799849	0.413541666666667
228.268647799967	0.413541666666667
228.28563910001	0.413541666666667
228.301858699881	0.413541666666667
228.318011499941	0.413541666666667
228.335538399871	0.413541666666667
228.352006000001	0.413541666666667
228.368774799863	0.413541666666667
228.385404899949	0.413541666666667
228.401830899995	0.413541666666667
228.418535799952	0.413541666666667
228.435154599836	0.413541666666667
228.451891099801	0.413541666666667
228.468245099997	0.413541666666667
228.484958599787	0.413541666666667
228.501599999843	0.413541666666667
228.518343399977	0.413541666666667
228.534744399833	0.413541666666667
228.551288699964	0.413541666666667
228.568550999975	0.413541666666667
228.585016599856	0.413541666666667
228.601859899936	0.413541666666667
228.61882289988	0.413541666666667
228.634980799863	0.413541666666667
228.651937799994	0.413541666666667
228.668533899821	0.413541666666667
228.684983699815	0.413541666666667
228.701581399888	0.413541666666667
228.718466399936	0.413541666666667
228.734711699886	0.413541666666667
228.751909399871	0.413541666666667
228.768544099992	0.413541666666667
228.784845999908	0.413541666666667
228.802159699844	0.413541666666667
228.818750099977	0.413541666666667
228.835433899891	0.413541666666667
228.852149499813	0.413541666666667
228.868547899881	0.413541666666667
228.885376999853	0.413541666666667
228.901896399911	0.413541666666667
228.918774699792	0.413541666666667
228.935258899815	0.413541666666667
228.952115799999	0.413541666666667
228.968836399959	0.413541666666667
228.985231800005	0.413541666666667
229.001813999843	0.413541666666667
229.018382899929	0.413541666666667
229.035084199859	0.413541666666667
229.051924399799	0.413541666666667
229.068764599971	0.413541666666667
229.085053100018	0.413541666666667
229.101880799979	0.413541666666667
229.118248799816	0.413541666666667
229.135111499811	0.413541666666667
229.151729499921	0.413541666666667
229.168688499834	0.413541666666667
229.184863099828	0.413541666666667
229.202028799802	0.413541666666667
229.218364399858	0.413541666666667
229.234785699984	0.413541666666667
229.252030499978	0.413541666666667
229.26838919986	0.413541666666667
229.285085199866	0.413541666666667
229.301859099884	0.413541666666667
229.318515999941	0.413541666666667
229.335193599807	0.413541666666667
229.351962399902	0.413541666666667
229.368501499994	0.413541666666667
229.385102899978	0.413541666666667
229.40192279988	0.413541666666667
229.418669799808	0.413541666666667
229.434655099874	0.413541666666667
229.451833899831	0.413541666666667
229.468714399962	0.413541666666667
229.484669699799	0.413541666666667
229.501679699868	0.413541666666667
229.51868749992	0.413541666666667
229.534955699928	0.413541666666667
229.551866899943	0.413541666666667
229.568756799912	0.413541666666667
229.585087599931	0.413541666666667
229.601904099807	0.413541666666667
229.618568999926	0.413541666666667
229.634867299814	0.413541666666667
229.651710300008	0.413541666666667
229.668516399805	0.413541666666667
229.684785799822	0.413541666666667
229.70122659998	0.413541666666667
229.71840789984	0.413541666666667
229.735242399853	0.413541666666667
229.751761999913	0.413541666666667
229.76852459996	0.413541666666667
229.785203399835	0.413541666666667
229.801596899983	0.413541666666667
229.818410899956	0.413541666666667
229.834906799952	0.413541666666667
229.851604699856	0.413541666666667
229.868854400003	0.413541666666667
229.885340099921	0.413541666666667
229.901913299924	0.413541666666667
229.918493199861	0.413541666666667
229.935203599976	0.413541666666667
229.951466499828	0.413541666666667
229.968486899976	0.413541666666667
229.985319799976	0.413541666666667
230.001603799872	0.413541666666667
230.018562200014	0.413541666666667
230.035167799797	0.413541666666667
230.051820299821	0.413541666666667
230.068720199866	0.413541666666667
230.085172899999	0.413541666666667
230.101941299858	0.413541666666667
230.119296999881	0.413541666666667
230.135172599927	0.413541666666667
230.151961999945	0.413541666666667
230.168932699831	0.413541666666667
230.185139999958	0.413541666666667
230.202260399936	0.413541666666667
230.218461799901	0.413541666666667
230.235149799846	0.413541666666667
230.251324199839	0.413541666666667
230.268354199827	0.413541666666667
230.28485769988	0.413541666666667
230.301864699926	0.413541666666667
230.318342499901	0.413541666666667
230.334875099827	0.413541666666667
230.351437599864	0.413541666666667
230.368086999981	0.413541666666667
230.384415999986	0.413541666666667
230.401422699913	0.413541666666667
230.418108499842	0.413541666666667
230.435525299981	0.413541666666667
230.451896999963	0.413541666666667
230.46868099994	0.413541666666667
230.484966299962	0.413541666666667
230.501867000014	0.413541666666667
230.518588699866	0.413541666666667
230.5351028	0.413541666666667
230.55173159996	0.413541666666667
230.568460999988	0.413541666666667
230.584865499986	0.413541666666667
230.601565799909	0.413541666666667
230.61841799994	0.413541666666667
230.635055399965	0.413541666666667
230.651907599997	0.413541666666667
230.668638099916	0.413541666666667
230.684814699925	0.413541666666667
230.701790299965	0.413541666666667
230.718837099848	0.413541666666667
230.735068299808	0.413541666666667
230.751729999902	0.413541666666667
230.768682599999	0.413541666666667
230.784811299993	0.413541666666667
230.801916099852	0.413541666666667
230.818731899839	0.413541666666667
230.835099399788	0.413541666666667
230.851931899786	0.413541666666667
230.868745999876	0.413541666666667
230.88494369993	0.413541666666667
230.901405100012	0.413541666666667
230.918148499914	0.413541666666667
230.935253100004	0.413541666666667
230.951590999961	0.413541666666667
230.968386399793	0.413541666666667
230.984548199922	0.413541666666667
231.001966299955	0.413541666666667
231.018507199828	0.413541666666667
231.035197199788	0.413541666666667
231.052161699859	0.413541666666667
231.068001199979	0.413541666666667
231.08484679996	0.413541666666667
231.101854299894	0.413541666666667
231.118457200006	0.413541666666667
231.134899299825	0.413541666666667
231.151848299894	0.413541666666667
231.169149099849	0.413541666666667
231.185085600009	0.413541666666667
231.201885699993	0.413541666666667
231.218428399879	0.413541666666667
231.235050299903	0.413541666666667
231.251683200011	0.413541666666667
231.268349699909	0.413541666666667
231.284883899847	0.413541666666667
231.30171179981	0.413541666666667
231.318315199809	0.413541666666667
231.334834599867	0.413541666666667
231.351631599944	0.413541666666667
231.368223499972	0.413541666666667
231.384823699947	0.413541666666667
231.401218799874	0.413541666666667
231.418319899822	0.413541666666667
231.434887300013	0.413541666666667
231.451692299917	0.413541666666667
231.468431199901	0.413541666666667
231.484755799873	0.413541666666667
231.501852699788	0.413541666666667
231.518367899815	0.413541666666667
231.535088900011	0.413541666666667
231.551931499969	0.413541666666667
231.568703699857	0.413541666666667
231.584740699967	0.413541666666667
231.60156859993	0.413541666666667
231.618617499946	0.413541666666667
231.634790199809	0.413541666666667
231.651690999977	0.413541666666667
231.66853159992	0.413541666666667
231.684789999854	0.413541666666667
231.701642999891	0.413541666666667
231.718527099816	0.413541666666667
231.734722099965	0.413541666666667
231.751927000005	0.413541666666667
231.768495599972	0.413541666666667
231.784511399921	0.413541666666667
231.80156419985	0.413541666666667
231.81853509997	0.413541666666667
231.834836499998	0.413541666666667
231.851457299897	0.413541666666667
231.868538699811	0.413541666666667
231.884668599814	0.413541666666667
231.901844599983	0.413541666666667
231.918594699819	0.413541666666667
231.935081699863	0.413541666666667
231.951956999954	0.413541666666667
231.968254499836	0.413541666666667
231.984557999996	0.413541666666667
232.001933299936	0.413541666666667
232.018786299974	0.413541666666667
232.034685399849	0.413541666666667
232.052019299939	0.413541666666667
232.067901399918	0.413541666666667
232.08485809993	0.413541666666667
232.101876199944	0.413541666666667
232.11845989991	0.413541666666667
232.134838599944	0.413541666666667
232.15183849982	0.413541666666667
232.168164899806	0.413541666666667
232.18469689996	0.413541666666667
232.201781299897	0.413541666666667
232.218565699877	0.413541666666667
232.234860099852	0.413541666666667
232.251647899859	0.413541666666667
232.268499199999	0.413541666666667
232.284741199808	0.413541666666667
232.3016034998	0.413541666666667
232.318355799885	0.413541666666667
232.33509609988	0.413541666666667
232.351470499998	0.413541666666667
232.36852889997	0.413541666666667
232.384525100002	0.413541666666667
232.4018817998	0.413541666666667
232.41833809996	0.413541666666667
232.434838899877	0.413541666666667
232.451760999858	0.413541666666667
232.468995000003	0.413541666666667
232.48487029993	0.413541666666667
232.501350099919	0.413541666666667
232.518405899871	0.413541666666667
232.535210700007	0.413541666666667
232.55166729982	0.413541666666667
232.568301699823	0.413541666666667
232.584552799817	0.413541666666667
232.601515699876	0.413541666666667
232.618486099876	0.413541666666667
232.634775699815	0.413541666666667
232.651854399825	0.413541666666667
232.668382199947	0.413541666666667
232.684930799995	0.413541666666667
232.701686199987	0.413541666666667
232.718518999871	0.413541666666667
232.734840099933	0.413541666666667
232.751773699885	0.413541666666667
232.768388099968	0.413541666666667
232.785348899895	0.413541666666667
232.801764599979	0.413541666666667
232.818365699844	0.413541666666667
232.834816099843	0.413541666666667
232.852035899879	0.413541666666667
232.868471199879	0.413541666666667
232.884845499881	0.413541666666667
232.901862900006	0.413541666666667
232.918429199839	0.413541666666667
232.935169499833	0.413541666666667
232.951635599835	0.413541666666667
232.968563799979	0.413541666666667
232.984620400006	0.413541666666667
233.001522699837	0.413541666666667
233.018316099886	0.413541666666667
233.035747899907	0.413541666666667
233.051720599877	0.413541666666667
233.068752099993	0.413541666666667
233.084963999921	0.413541666666667
233.101561299991	0.413541666666667
233.118360099848	0.413541666666667
233.134594699834	0.413541666666667
233.151645599864	0.413541666666667
233.168415699853	0.413541666666667
233.188940299908	0.413541666666667
233.201134499861	0.413541666666667
233.218252499821	0.413541666666667
233.234659599839	0.413541666666667
233.251713899896	0.413541666666667
233.268514900003	0.413541666666667
233.284993199864	0.413541666666667
233.301776499953	0.413541666666667
233.318396799965	0.413541666666667
233.335299799917	0.413541666666667
233.351842799922	0.413541666666667
233.368530599866	0.413541666666667
233.384489899967	0.413541666666667
233.401437499793	0.413541666666667
233.418399299961	0.413541666666667
233.434857499786	0.413541666666667
233.451725999825	0.413541666666667
233.469009099994	0.413541666666667
233.48514499981	0.421875
233.501964599825	0.421875
233.51840359997	0.421875
233.534639599966	0.421875
233.551614699885	0.421875
233.568373599788	0.430208333333333
233.585030999966	0.430208333333333
233.601497799857	0.430208333333333
233.618455399992	0.430208333333333
233.6344943	0.430208333333333
233.651542200008	0.438541666666667
233.668440299807	0.438541666666667
233.685202199966	0.446875
233.701617999934	0.446875
233.718358599814	0.446875
233.734922499862	0.446875
233.751818399876	0.446875
233.768252499867	0.446875
233.784752799897	0.446875
233.801804299932	0.446875
233.818406299921	0.446875
233.835303199943	0.455208333333333
233.852186999982	0.464583333333333
233.86864559981	0.464583333333333
233.884990199935	0.464583333333333
233.901810199954	0.472916666666667
233.918374999892	0.48125
233.934711299837	0.48125
233.952193500008	0.48125
233.968022699933	0.48125
233.984937399859	0.48125
234.001701399917	0.48125
234.018248699838	0.48125
234.034967999905	0.48125
234.051535699982	0.489583333333333
234.06809649989	0.489583333333333
234.085148299811	0.489583333333333
234.101646499941	0.489583333333333
234.118508699816	0.489583333333333
234.13453969988	0.489583333333333
234.151422999799	0.489583333333333
234.16836679983	0.489583333333333
234.185105999932	0.489583333333333
234.201598599786	0.489583333333333
234.218326899922	0.489583333333333
234.235014899867	0.489583333333333
234.251587999985	0.489583333333333
234.268126899842	0.489583333333333
234.284769099904	0.489583333333333
234.301784599898	0.489583333333333
234.318048899993	0.489583333333333
234.334706599824	0.489583333333333
234.351701699896	0.489583333333333
234.367970899912	0.489583333333333
234.384618700016	0.489583333333333
234.401724899886	0.489583333333333
234.417952499818	0.489583333333333
234.43499559979	0.489583333333333
234.451458999887	0.489583333333333
234.468390199821	0.489583333333333
234.484956200002	0.489583333333333
234.501601899974	0.489583333333333
234.518125399947	0.489583333333333
234.534759399947	0.489583333333333
234.551751699997	0.489583333333333
234.56856169994	0.489583333333333
234.584788399981	0.489583333333333
234.601667499868	0.489583333333333
234.618368099909	0.489583333333333
234.634948099963	0.489583333333333
234.651501499815	0.489583333333333
234.668290499831	0.489583333333333
234.685368999839	0.489583333333333
234.701770999935	0.489583333333333
234.718725099927	0.489583333333333
234.734960199799	0.489583333333333
234.751836699899	0.489583333333333
234.768611699808	0.489583333333333
234.785020899959	0.489583333333333
234.801409799838	0.489583333333333
234.817787599983	0.489583333333333
234.834972299868	0.489583333333333
234.85155419982	0.489583333333333
234.868277099915	0.489583333333333
234.884372999892	0.489583333333333
234.901713099796	0.489583333333333
234.918314399896	0.489583333333333
234.934514799854	0.489583333333333
234.951695399825	0.489583333333333
234.967889699852	0.489583333333333
234.984607499791	0.489583333333333
235.001805600012	0.489583333333333
235.01806459995	0.489583333333333
235.03469130001	0.489583333333333
235.051764399977	0.489583333333333
235.068285499932	0.489583333333333
235.085150599945	0.489583333333333
235.101460499922	0.489583333333333
235.118396899896	0.489583333333333
235.135257099988	0.489583333333333
235.151493499987	0.489583333333333
235.168282300001	0.489583333333333
235.184870199999	0.489583333333333
235.201541699935	0.489583333333333
235.218050299911	0.489583333333333
235.234953199979	0.489583333333333
235.251678099856	0.489583333333333
235.268127499847	0.489583333333333
235.284961899975	0.489583333333333
235.301462800009	0.489583333333333
235.318336199969	0.489583333333333
235.335017899983	0.489583333333333
235.351586799836	0.489583333333333
235.368236599956	0.489583333333333
235.384874899872	0.489583333333333
235.401492799865	0.489583333333333
235.418128499994	0.489583333333333
235.434985199943	0.489583333333333
235.451817899942	0.489583333333333
235.468071399955	0.489583333333333
235.484954999993	0.489583333333333
235.501796299824	0.489583333333333
235.518456999911	0.489583333333333
235.534977499861	0.489583333333333
235.551542599918	0.489583333333333
235.568101799814	0.489583333333333
235.584966199938	0.489583333333333
235.601802799851	0.482291666666667
235.618316899985	0.482291666666667
235.635453699855	0.473958333333333
235.651619700016	0.473958333333333
235.668226199923	0.473958333333333
235.684934099903	0.473958333333333
235.701617499813	0.473958333333333
235.718062399887	0.473958333333333
235.734981699847	0.473958333333333
235.751295899972	0.473958333333333
235.768544699997	0.473958333333333
235.784579999978	0.473958333333333
235.801620099926	0.473958333333333
235.818412799854	0.473958333333333
235.834959500004	0.473958333333333
235.85173549992	0.473958333333333
235.868013700005	0.473958333333333
235.884908000007	0.473958333333333
235.902013399871	0.465625
235.918474999955	0.465625
235.934853499988	0.465625
235.951544299955	0.465625
235.968297199812	0.465625
235.984962499933	0.465625
236.001473899931	0.465625
236.018268699991	0.465625
236.034748399863	0.465625
236.051693999907	0.465625
236.068189699901	0.465625
236.084419299848	0.465625
236.101573299849	0.465625
236.11835679994	0.465625
236.134935499867	0.465625
236.15151009988	0.465625
236.168402599869	0.465625
236.184512799839	0.465625
236.201584499795	0.465625
236.21834809985	0.465625
236.234927299898	0.465625
236.251444999827	0.465625
236.268302599899	0.465625
236.284782999894	0.465625
236.3015269998	0.465625
236.318439499941	0.465625
236.334922999842	0.465625
236.351448799949	0.465625
236.368292599916	0.465625
236.384902099846	0.465625
236.401156399865	0.465625
236.418631099863	0.465625
236.434904799797	0.465625
236.452093499945	0.465625
236.468303599861	0.465625
236.484973899787	0.465625
236.501627499936	0.465625
236.518135899911	0.465625
236.534921099897	0.465625
236.551779999863	0.465625
236.568666199921	0.465625
236.585258599836	0.465625
236.601476499811	0.465625
236.618034299929	0.465625
236.634479499888	0.465625
236.6515126999	0.465625
236.668014099821	0.465625
236.685052899877	0.465625
236.701613399899	0.465625
236.718316499842	0.465625
236.735341399908	0.465625
236.751799499849	0.465625
236.768078499939	0.465625
236.784353799885	0.465625
236.801763599971	0.465625
236.818480499787	0.465625
236.835109699983	0.465625
236.851706699934	0.465625
236.86852579983	0.465625
236.884922500001	0.465625
236.901202399982	0.465625
236.918290099828	0.465625
236.935001499951	0.465625
236.951794699999	0.465625
236.968240299961	0.465625
236.984649299877	0.465625
237.001566499937	0.465625
237.018424500013	0.465625
237.034934299998	0.465625
237.051527199801	0.465625
237.068239199929	0.465625
237.084911999991	0.465625
237.101644799812	0.465625
237.118491899921	0.465625
237.134983999887	0.465625
237.151203499874	0.465625
237.168305899948	0.465625
237.184976499993	0.465625
237.201382600004	0.465625
237.217937899986	0.465625
237.235078800004	0.465625
237.25170319993	0.465625
237.268104899907	0.465625
237.285042600008	0.465625
237.301678399788	0.465625
237.318227299955	0.465625
237.334939099848	0.465625
237.351373699959	0.465625
237.368295599939	0.465625
237.384946599836	0.465625
237.401259299833	0.465625
237.418361899909	0.465625
237.434639999876	0.465625
237.45137769985	0.465625
237.468359499937	0.465625
237.485252999933	0.465625
237.501609399915	0.465625
237.518183799926	0.465625
237.534997399896	0.465625
237.551638199948	0.465625
237.568229599856	0.465625
237.584925799863	0.465625
237.601304800017	0.465625
237.618459099904	0.465625
237.634965299862	0.465625
237.651490999851	0.465625
237.668383199954	0.465625
237.684962299885	0.465625
237.701475499896	0.465625
237.718457899988	0.465625
237.734898899915	0.465625
237.751561699901	0.465625
237.768133499892	0.465625
237.78533509979	0.465625
237.801380599849	0.465625
237.818219200009	0.465625
237.834557699971	0.465625
237.851661299821	0.465625
237.868225899991	0.465625
237.884952299995	0.465625
237.901367999846	0.465625
237.918165799929	0.465625
237.934818399837	0.465625
237.951440399978	0.465625
237.968030699994	0.465625
237.984702599933	0.465625
238.001151199918	0.465625
238.017727199942	0.465625
238.034511599923	0.465625
238.051358699799	0.465625
238.068170299986	0.465625
238.085581199965	0.465625
238.101356399944	0.465625
238.118162099971	0.465625
238.13491659984	0.465625
238.151112899883	0.465625
238.168158399872	0.465625
238.185125099961	0.465625
238.201442299876	0.465625
238.218176399823	0.465625
238.234839999815	0.465625
238.251149799908	0.465625
238.268063499825	0.465625
238.284724799916	0.465625
238.301593599841	0.465625
238.318145399913	0.465625
238.335199999856	0.465625
238.351743099978	0.465625
238.367706999881	0.465625
238.384850399802	0.465625
238.402008899953	0.465625
238.418240999803	0.465625
238.434853599872	0.465625
238.451672499999	0.465625
238.468023299938	0.465625
238.484899299918	0.465625
238.501404899871	0.465625
238.518160399981	0.465625
238.534932999872	0.465625
238.551254599821	0.465625
238.567889999831	0.465625
238.585146199912	0.465625
238.601506899809	0.465625
238.61817549984	0.465625
238.634966399986	0.465625
238.651398799848	0.465625
238.668081299867	0.465625
238.684622299857	0.465625
238.701410499867	0.465625
238.718081399798	0.465625
238.734919099836	0.465625
238.751468699891	0.465625
238.767989099957	0.465625
238.784307099879	0.465625
238.80138079985	0.465625
238.818127299892	0.465625
238.834703299915	0.465625
238.851309599821	0.465625
238.868017099798	0.465625
238.884792599827	0.465625
238.901264399989	0.465625
238.917683899868	0.465625
238.934613699792	0.465625
238.951189699816	0.465625
238.967637599912	0.465625
238.984846199863	0.465625
239.001286400016	0.465625
239.018156299833	0.465625
239.034460699884	0.465625
239.051572299795	0.465625
239.067982799839	0.465625
239.084675199818	0.465625
239.101492499933	0.465625
239.118166199885	0.465625
239.134753999999	0.465625
239.151326899882	0.465625
239.168242099928	0.465625
239.184921299806	0.465625
239.201689600013	0.465625
239.217859699856	0.465625
239.235224899836	0.465625
239.251270999899	0.465625
239.268075099913	0.465625
239.284865299938	0.465625
239.301553299883	0.465625
239.318198299967	0.465625
239.33497509989	0.465625
239.351151400013	0.465625
239.368383899797	0.465625
239.385275899898	0.465625
239.401419400005	0.465625
239.418130999897	0.465625
239.434893099824	0.465625
239.45196999982	0.465625
239.468211699976	0.465625
239.484764899826	0.465625
239.501431399956	0.465625
239.518210199894	0.465625
239.534582199994	0.465625
239.551286199829	0.465625
239.568133799825	0.465625
239.584657299798	0.465625
239.601222699974	0.465625
239.618292199913	0.465625
239.634947399842	0.465625
239.651167799952	0.465625
239.668204999994	0.465625
239.684784499928	0.465625
239.701411299873	0.465625
239.717844399856	0.465625
239.734999199864	0.465625
239.75163189997	0.465625
239.768122499809	0.465625
239.785094199935	0.465625
239.801163799828	0.465625
239.818125399994	0.465625
239.834975499893	0.465625
239.851664699847	0.465625
239.867832899792	0.465625
239.88483799994	0.465625
239.901274499949	0.465625
239.917896199971	0.465625
239.934869799996	0.465625
239.951379499864	0.465625
239.967504899949	0.465625
239.984636500012	0.465625
240.001576199895	0.465625
240.018087999895	0.465625
240.034921999788	0.465625
240.051525699906	0.465625
240.068144699791	0.465625
240.084487799788	0.465625
240.101183199789	0.465625
240.118144199951	0.465625
240.134603899904	0.465625
240.151416599983	0.465625
240.168192399899	0.465625
240.184615899809	0.465625
240.201452299953	0.465625
240.218044099864	0.465625
240.235183899989	0.465625
240.251531399786	0.465625
240.268087999895	0.465625
240.284833799815	0.465625
240.301621999824	0.465625
240.318243699847	0.465625
240.334796599811	0.465625
240.351719599916	0.465625
240.368183899904	0.465625
240.384953500004	0.465625
240.401553899981	0.465625
240.418069999898	0.465625
240.434767999919	0.465625
240.451352000004	0.465625
240.468281799927	0.465625
240.484509299975	0.465625
240.50155159994	0.465625
240.517729999963	0.465625
240.534657299984	0.465625
240.551149599953	0.465625
240.567541699857	0.465625
240.584903399926	0.465625
240.601381599903	0.465625
240.617703599855	0.465625
240.635202099802	0.465625
240.651380399941	0.465625
240.66770809982	0.465625
240.684714399977	0.465625
240.701452299953	0.465625
240.71808469994	0.465625
240.734929399798	0.465625
240.751687499927	0.465625
240.767599100014	0.465625
240.784709299915	0.465625
240.801013099961	0.465625
240.818146999925	0.465625
240.835053799907	0.465625
240.851398899918	0.465625
240.867732099956	0.465625
240.884597199969	0.465625
240.901604600018	0.465625
240.917927799979	0.465625
240.934583999915	0.465625
240.951422099955	0.465625
240.967610699823	0.465625
240.984931099927	0.465625
241.001351599814	0.465625
241.018137699924	0.465625
241.034896599827	0.465625
241.05160609982	0.465625
241.06774359988	0.465625
241.084740999853	0.465625
241.101516399998	0.465625
241.117861999897	0.465625
241.134774699807	0.465625
241.151426399825	0.465625
241.167995599797	0.465625
241.184567099903	0.465625
241.201207799837	0.465625
241.218116399832	0.465625
241.234767799964	0.465625
241.251443599816	0.465625
241.267628399888	0.465625
241.284515399951	0.465625
241.301468199817	0.465625
241.317767399829	0.465625
241.335099899909	0.465625
241.351668899879	0.465625
241.367741999915	0.465625
241.385114199948	0.465625
241.401443899842	0.465625
241.417550300015	0.465625
241.434477599803	0.465625
241.450865999795	0.465625
241.468163899845	0.465625
241.484623799799	0.465625
241.501362300012	0.465625
241.51794309984	0.465625
241.534787399927	0.465625
241.551429199986	0.465625
241.568290599855	0.465625
241.58483099984	0.465625
241.601405899972	0.465625
241.617847299902	0.465625
241.634702099953	0.465625
241.651386999991	0.465625
241.667760299984	0.465625
241.684775299858	0.465625
241.70110299997	0.465625
241.717411299935	0.465625
241.734731799923	0.465625
241.751381799811	0.465625
241.768418699969	0.465625
241.784810099984	0.465625
241.801590399817	0.465625
241.817975899903	0.465625
241.834843999939	0.465625
241.851385599934	0.465625
241.86820609984	0.465625
241.884889299981	0.465625
241.901443799958	0.465625
241.917689299909	0.465625
241.934793499997	0.465625
241.951109299902	0.465625
241.96799949999	0.465625
241.984353499953	0.465625
242.001350899925	0.465625
242.017606899841	0.465625
242.034765799996	0.465625
242.051188200014	0.465625
242.068167299964	0.465625
242.085027899826	0.465625
242.101402399829	0.465625
242.117507399991	0.465625
242.134802799905	0.465625
242.151033199858	0.465625
242.168022499885	0.465625
242.18503189995	0.465625
242.201454699971	0.465625
242.217821499798	0.465625
242.234657399822	0.465625
242.251274199924	0.465625
242.267985299928	0.465625
242.284796699882	0.465625
242.301322099986	0.465625
242.318335299846	0.465625
242.334689399926	0.465625
242.351106100017	0.465625
242.367610499961	0.465625
242.384696199792	0.465625
242.401142099872	0.465625
242.417632899946	0.465625
242.434674299788	0.465625
242.451350899879	0.465625
242.467562799808	0.465625
242.484696799889	0.465625
242.501442699926	0.465625
242.517663799925	0.465625
242.534989699954	0.465625
242.551727199927	0.465625
242.567716699792	0.465625
242.5844893998	0.465625
242.601370499935	0.465625
242.617840099847	0.465625
242.634926999919	0.465625
242.651402499992	0.465625
242.668007500004	0.465625
242.684662699932	0.465625
242.701239199843	0.465625
242.717660099966	0.465625
242.734922999982	0.465625
242.751247599954	0.465625
242.767972399946	0.465625
242.784375899937	0.465625
242.801230399869	0.465625
242.817784499843	0.465625
242.834631799953	0.465625
242.851052399958	0.465625
242.867933699861	0.465625
242.884630699875	0.465625
242.901256699814	0.465625
242.917693899944	0.465625
242.934329799842	0.465625
242.951075799996	0.465625
242.968013399979	0.465625
242.984716499923	0.465625
243.001637500012	0.465625
243.018217099831	0.465625
243.034806799842	0.465625
243.051501499955	0.465625
243.068112700013	0.465625
243.084488699911	0.465625
243.101388699841	0.465625
243.118043799885	0.465625
243.134942099918	0.465625
243.150925699854	0.465625
243.168012899812	0.465625
243.184701799881	0.465625
243.201003799913	0.465625
243.21800959995	0.465625
243.234830899863	0.465625
243.251302099787	0.465625
243.268237699987	0.465625
243.284844300011	0.465625
243.301291699987	0.465625
243.317863499979	0.465625
243.334475699812	0.465625
243.351235099835	0.465625
243.367989399936	0.465625
243.384906399995	0.465625
243.401253399905	0.465625
243.417601999827	0.465625
243.434653899865	0.465625
243.451239699963	0.465625
243.468003499787	0.465625
243.484898199793	0.465625
243.501031199936	0.465625
243.518064799951	0.465625
243.534949099878	0.465625
243.551784199895	0.465625
243.568037399789	0.465625
243.584742399864	0.465625
243.600979999872	0.465625
243.617954799905	0.465625
243.634668899933	0.465625
243.651102699805	0.465625
243.668070300017	0.465625
243.684313699836	0.465625
243.701484899968	0.465625
243.718156499788	0.465625
243.734623599797	0.465625
243.750956999836	0.465625
243.768131299876	0.465625
243.784419899806	0.465625
243.801230599871	0.465625
243.817968199961	0.465625
243.834924299968	0.465625
243.851218999829	0.465625
243.867822899949	0.465625
243.884051800007	0.465625
243.900868899887	0.465625
243.91793619981	0.465625
243.934260099893	0.465625
243.950868199812	0.465625
243.967858799966	0.465625
243.984815399861	0.465625
244.001284699887	0.465625
244.018181399908	0.465625
244.034491800005	0.465625
244.051151699852	0.465625
244.068019700004	0.465625
244.084594699787	0.465625
244.101006299956	0.465625
244.117527799914	0.465625
244.134555299999	0.465625
244.150838000001	0.465625
244.167552699801	0.465625
244.184551699786	0.465625
244.201126899803	0.465625
244.218181399861	0.465625
244.2347308998	0.465625
244.251555999974	0.465625
244.267924199812	0.465625
244.284817199921	0.465625
244.301160499919	0.465625
244.317215899937	0.465625
244.334754399955	0.465625
244.351144499844	0.465625
244.368084499845	0.465625
244.38478600001	0.465625
244.401023099897	0.465625
244.417689699912	0.465625
244.435394099914	0.465625
244.451141499914	0.465625
244.467927799793	0.465625
244.484536099946	0.465625
244.501153199933	0.465625
244.518046599813	0.465625
244.534713999834	0.465625
244.551235199906	0.465625
244.567680999869	0.465625
244.584689199924	0.465625
244.601232899819	0.465625
244.617980599869	0.465625
244.634660399985	0.465625
244.651499199914	0.465625
244.668238600018	0.465625
244.684660099912	0.465625
244.700871499954	0.465625
244.71757969982	0.465625
244.734691099962	0.465625
244.751018499956	0.465625
244.767918499885	0.465625
244.784607999958	0.465625
244.801249000011	0.465625
244.817978899926	0.465625
244.834720699815	0.465625
244.851281099953	0.465625
244.867899999954	0.465625
244.884739799891	0.465625
244.901035599876	0.465625
244.917602099944	0.465625
244.934356599813	0.465625
244.951069099829	0.465625
244.967760099797	0.465625
244.984645199962	0.465625
245.000824699877	0.465625
245.017949200002	0.465625
245.034900899976	0.465625
245.0507910999	0.465625
245.067971799988	0.465625
245.084587999852	0.465625
245.100892100018	0.465625
245.118104599882	0.465625
245.134578599827	0.465625
245.151170599973	0.465625
245.167674199911	0.465625
245.184368799906	0.465625
245.201172699919	0.465625
245.217855799943	0.465625
245.234633299988	0.465625
245.251110499958	0.465625
245.26773169986	0.465625
245.284223899944	0.465625
245.301281199791	0.465625
245.317953399848	0.465625
245.334681799868	0.465625
245.351001799805	0.465625
245.36800739984	0.465625
245.384802399902	0.465625
245.401612399844	0.465625
245.418063099962	0.465625
245.434935199795	0.465625
245.450983899878	0.465625
245.467988899909	0.465625
245.484617199982	0.465625
245.50132749998	0.465625
245.517533599865	0.465625
245.534186499892	0.465625
245.551577599952	0.465625
245.568051700015	0.465625
245.584358199965	0.465625
245.601037999848	0.465625
245.618029499892	0.465625
245.634532999946	0.465625
245.651036499999	0.465625
245.667902000016	0.465625
245.684769799933	0.465625
245.700979699846	0.465625
245.717988399789	0.465625
245.734727199888	0.465625
245.751118399901	0.465625
245.767955899937	0.465625
245.784533899976	0.465625
245.801374299917	0.465625
245.818159899907	0.465625
245.834218299948	0.465625
245.851230999921	0.465625
245.868049899815	0.465625
245.884504599962	0.465625
245.900999099948	0.465625
245.917889899807	0.465625
245.934765700018	0.465625
245.951262899907	0.465625
245.96802839986	0.465625
245.984419099987	0.465625
246.001294199843	0.465625
246.018004199956	0.465625
246.034387399908	0.465625
246.051105299965	0.465625
246.067448699847	0.465625
246.084567899816	0.465625
246.101124999812	0.465625
246.118007799843	0.465625
246.134794799844	0.465625
246.150899499888	0.465625
246.167762099998	0.465625
246.184447199805	0.465625
246.20106230001	0.465625
246.217882399913	0.465625
246.234479099978	0.465625
246.251173499972	0.465625
246.267737999791	0.465625
246.284556899918	0.465625
246.300874699838	0.465625
246.31772689987	0.465625
246.334479099838	0.465625
246.351119200001	0.465625
246.368091999786	0.465625
246.384762799833	0.465625
246.401180699933	0.465625
246.418030399829	0.465625
246.434683499858	0.465625
246.451172099914	0.465625
246.467931899941	0.465625
246.484218899859	0.465625
246.501047499944	0.465625
246.517961199861	0.465625
246.534554299898	0.465625
246.55127679999	0.465625
246.567669800017	0.465625
246.584546899889	0.465625
246.601182999788	0.465625
246.618050599936	0.465625
246.634537499864	0.465625
246.650936399819	0.465625
246.667993099894	0.465625
246.684741399949	0.465625
246.701067399932	0.465625
246.717325199861	0.465625
246.734754699981	0.465625
246.751094399951	0.465625
246.767878299812	0.465625
246.784558199812	0.465625
246.801226299955	0.465625
246.818052999908	0.465625
246.834489799803	0.465625
246.851294699823	0.465625
246.868097199826	0.465625
246.884407099802	0.465625
246.901092099957	0.465625
246.917847699951	0.465625
246.934721299913	0.465625
246.950859799981	0.465625
246.968042899854	0.465625
246.984523799969	0.465625
247.001014999812	0.465625
247.017978499876	0.465625
247.0347205	0.465625
247.050905299839	0.465625
247.068214799976	0.465625
247.084715300007	0.465625
247.100849099923	0.465625
247.118021599948	0.465625
247.134642999852	0.465625
247.151110199979	0.465625
247.167950899806	0.465625
247.184447199805	0.465625
247.201088499976	0.465625
247.217901399825	0.465625
247.234591899905	0.465625
247.251109799836	0.465625
247.267935599899	0.465625
247.284676899901	0.465625
247.30097539979	0.465625
247.318086299812	0.465625
247.334106999915	0.465625
247.350962899858	0.465625
247.37023559981	0.465625
247.384553199867	0.465625
247.400710299844	0.465625
247.417640900007	0.465625
247.434705499792	0.465625
247.451098399935	0.465625
247.468011099845	0.465625
247.484463599976	0.465625
247.501357399859	0.465625
247.518003999954	0.465625
247.534688699991	0.465625
247.551061799983	0.465625
247.567909299862	0.465625
247.585022100015	0.465625
247.601257500006	0.465625
247.617898099823	0.465625
247.63431909983	0.465625
247.651115899906	0.465625
247.667758199852	0.465625
247.684142799815	0.465625
247.700841099955	0.465625
247.717966799857	0.465625
247.734837899916	0.465625
247.751074199798	0.465625
247.768110899953	0.465625
247.784546899842	0.465625
247.801175699802	0.465625
247.817958199885	0.465625
247.8345199998	0.465625
247.851072699996	0.465625
247.867659799987	0.465625
247.884389200015	0.465625
247.900590399979	0.465625
247.917965699919	0.465625
247.934475899907	0.465625
247.950946699828	0.465625
247.967850699788	0.465625
247.984208900016	0.465625
248.000814499799	0.465625
248.018536099931	0.465625
248.034533699974	0.465625
248.051205999916	0.465625
248.068195499945	0.465625
248.084628999932	0.465625
248.101243499899	0.465625
248.117535099853	0.465625
248.134616299998	0.465625
248.150955199962	0.465625
248.167926299851	0.465625
248.184339699801	0.465625
248.201127499808	0.465625
248.217619899893	0.465625
248.234587999992	0.465625
248.251114799874	0.465625
248.267905999906	0.465625
248.284649599809	0.465625
248.300894399872	0.465625
248.317579099908	0.465625
248.334505799925	0.465625
248.350946999853	0.465625
248.36773129995	0.465625
248.384505799972	0.465625
248.400904799812	0.465625
248.417910999851	0.465625
248.434248399921	0.465625
248.4509999	0.465625
248.467796199955	0.465625
248.484329700004	0.465625
248.500961999875	0.465625
248.518030299805	0.465625
248.53460559994	0.465625
248.551046499982	0.465625
248.567976499908	0.465625
248.584430499934	0.465625
248.600715799956	0.465625
248.617953900015	0.465625
248.633971599862	0.465625
248.651168199955	0.465625
248.667977300007	0.465625
248.684635499958	0.465625
248.701270199846	0.465625
248.717892199988	0.465625
248.734507599846	0.465625
248.751223699888	0.465625
248.768132800004	0.465625
248.784120899858	0.465625
248.801082399907	0.465625
248.817758999998	0.465625
248.834420199972	0.465625
248.851012199884	0.465625
248.867710499791	0.465625
248.884257399943	0.465625
248.900773699861	0.465625
248.917852599872	0.465625
248.934401099803	0.465625
248.951106499881	0.465625
248.967902399832	0.465625
248.984371699858	0.465625
249.001032799948	0.465625
249.017957199831	0.465625
249.034464699915	0.465625
249.051136099966	0.465625
249.068101099925	0.465625
249.084610799793	0.465625
249.100870299852	0.465625
249.11758109997	0.465625
249.134652499808	0.465625
249.151063299971	0.465625
249.168141099857	0.465625
249.184675599914	0.465625
249.200847500004	0.465625
249.217868599808	0.465625
249.234630799852	0.465625
249.250885699876	0.465625
249.268004999962	0.465625
249.284417899791	0.465625
249.300556799863	0.465625
249.317475199932	0.465625
249.334216499934	0.465625
249.350610899972	0.465625
249.36789419991	0.465625
249.384431899991	0.465625
249.400696799858	0.465625
249.4181752	0.465625
249.434430799913	0.465625
249.451275700005	0.465625
249.467729599914	0.465625
249.484436299885	0.465625
249.501120399917	0.465625
249.517734399997	0.465625
249.5340499999	0.465625
249.550642299931	0.465625
249.567779799923	0.465625
249.584579899907	0.465625
249.601058400003	0.465625
249.617453399813	0.465625
249.634315899806	0.465625
249.650716099888	0.465625
249.66786799999	0.465625
249.684201299911	0.465625
249.700860199984	0.465625
249.717668999918	0.465625
249.734545500018	0.465625
249.750977299875	0.465625
249.767914799973	0.465625
249.784375199815	0.465625
249.801092499867	0.465625
249.817539099837	0.465625
249.834550899919	0.465625
249.850914699957	0.465625
249.867866499815	0.465625
249.884499399923	0.465625
249.900599099929	0.465625
249.917800299823	0.465625
249.935702199815	0.465625
249.950563499937	0.465625
249.96786929993	0.465625
249.984180799918	0.465625
250.000676399795	0.465625
250.017844399903	0.465625
250.03445229982	0.465625
250.050806500018	0.465625
250.067542199977	0.465625
250.084384999936	0.465625
250.101019699825	0.465625
250.117889999878	0.465625
250.134224999929	0.465625
250.150977899786	0.465625
250.167699599871	0.465625
250.184235499939	0.465625
250.200801499886	0.465625
250.21762819984	0.465625
250.234350199811	0.465625
250.250812999904	0.465625
250.267262700014	0.465625
250.284361199941	0.465625
250.300822099904	0.465625
250.317569699837	0.465625
250.334462399827	0.465625
250.351104199886	0.465625
250.367815499892	0.465625
250.38828539988	0.465625
250.403444099938	0.465625
250.418045699829	0.465625
250.434369599912	0.465625
250.451334799873	0.465625
250.46771909995	0.465625
250.484151699813	0.465625
250.500678299926	0.465625
250.517888899893	0.465625
250.534558099927	0.465625
250.550671399804	0.465625
250.567705299938	0.465625
250.584423199994	0.465625
250.600898699835	0.465625
250.6175433998	0.465625
250.634063999867	0.465625
250.651031799847	0.465625
250.667529599974	0.465625
250.684451299952	0.465625
250.700633999892	0.465625
250.718107199995	0.465625
250.734460399952	0.465625
250.750672499882	0.465625
250.767868299969	0.465625
250.784487999976	0.465625
250.800491499947	0.465625
250.817429299932	0.465625
250.834388299845	0.465625
250.850883599836	0.465625
250.867738500005	0.465625
250.884869599948	0.465625
250.900978699792	0.465625
250.91794659989	0.465625
250.934368199902	0.465625
250.950664300006	0.465625
250.968466899823	0.465625
250.984587499872	0.465625
251.000661499798	0.465625
251.017455499852	0.465625
251.034013199853	0.465625
251.050590599887	0.465625
251.067672899924	0.465625
251.08399879979	0.465625
251.100646100007	0.465625
251.117922300007	0.465625
251.134420899907	0.465625
251.150651799981	0.465625
251.167756399838	0.465625
251.184398700017	0.465625
251.200966299977	0.465625
251.218102399958	0.465625
251.234301399905	0.465625
251.250611199997	0.465625
251.267497799825	0.465625
251.284885699861	0.465625
251.300617699977	0.465625
251.317674599821	0.465625
251.334522499936	0.465625
251.351070299977	0.465625
251.369544399902	0.465625
251.384456399828	0.465625
251.400800099829	0.465625
251.417710199952	0.465625
251.434406799963	0.465625
251.450719599845	0.465625
251.467669499805	0.465625
251.484428999946	0.465625
251.501018399838	0.465625
251.517337899888	0.465625
251.534022099804	0.465625
251.55086219986	0.465625
251.567796599818	0.465625
251.584540199954	0.465625
251.600679499796	0.465625
251.617559999926	0.465625
251.634272499941	0.465625
251.650772199966	0.465625
251.667743099853	0.465625
251.684340299806	0.465625
251.700668399921	0.465625
251.717982399976	0.465625
251.734348599799	0.465625
251.750678699929	0.465625
251.767710499931	0.465625
251.784474499989	0.465625
251.800851699896	0.465625
251.817469900008	0.465625
251.834351199912	0.465625
251.85090239998	0.465625
251.867520099971	0.465625
251.884330199799	0.465625
251.901017699856	0.465625
251.918001899961	0.465625
251.934564199997	0.465625
251.951110699913	0.465625
251.967740099877	0.465625
251.984285000013	0.465625
252.000823299866	0.465625
252.018040399998	0.465625
252.033979699947	0.465625
252.051009999821	0.465625
252.067851099884	0.465625
252.084277399816	0.465625
252.100717099849	0.465625
252.118012499996	0.465625
252.134494799888	0.465625
252.150775999995	0.465625
252.167632699944	0.465625
252.18409019988	0.465625
252.201150799869	0.465625
252.217475599842	0.465625
252.234152799938	0.465625
252.250713999849	0.465625
252.267729499843	0.465625
252.284327499801	0.465625
252.30054509989	0.465625
252.317867900012	0.465625
252.334188199835	0.465625
252.350879599806	0.465625
252.367963099852	0.465625
252.383828099817	0.465625
252.400677699829	0.465625
252.417629999807	0.465625
252.434290899895	0.465625
252.451182499994	0.465625
252.467956200009	0.465625
252.484344099881	0.465625
252.500986899948	0.465625
252.517386099789	0.465625
252.534363699844	0.465625
252.55064729997	0.465625
252.567461499944	0.465625
252.5844281998	0.465625
252.601275199791	0.465625
252.617785800016	0.465625
252.63429419999	0.465625
252.650861399947	0.465625
252.667663199827	0.465625
252.684448799817	0.465625
252.700924200006	0.465625
252.717829899862	0.465625
252.734275599942	0.465625
252.750599199906	0.465625
252.76744729979	0.465625
252.784192099934	0.465625
252.800813999958	0.465625
252.817593999906	0.465625
252.834269799991	0.465625
252.850938999793	0.465625
252.867677799892	0.465625
252.884592499817	0.465625
252.900725299958	0.465625
252.917886700016	0.465625
252.934642599896	0.465625
252.950868599815	0.465625
252.96768539981	0.465625
252.984255899908	0.465625
253.000743599841	0.465625
253.017458599992	0.465625
253.033780699829	0.465625
253.050606200006	0.465625
253.067797699943	0.465625
253.084216899937	0.465625
253.100851699943	0.465625
253.117987399921	0.465625
253.134336299961	0.465625
253.150943299988	0.465625
253.167534000007	0.465625
253.184061399894	0.465625
253.200566799846	0.465625
253.21754699992	0.465625
253.233744599856	0.465625
253.250940599944	0.465625
253.267057099845	0.465625
253.283767599845	0.465625
253.300557899987	0.465625
253.317589099985	0.465625
253.334324799944	0.465625
253.350739100017	0.465625
253.3676198998	0.465625
253.384351199958	0.465625
253.400808800012	0.465625
253.417466399958	0.465625
253.43430819991	0.465625
253.451080699917	0.465625
253.46778149996	0.465625
253.483989999862	0.465625
253.501112199854	0.465625
253.517829899909	0.465625
253.533980399836	0.465625
253.550932499813	0.465625
253.567523199832	0.465625
253.584271	0.465625
253.600942399818	0.465625
253.617961399956	0.465625
253.63406699989	0.465625
253.650599499932	0.465625
253.667728599859	0.465625
253.684217599919	0.465625
253.700752599863	0.465625
253.717615899863	0.465625
253.733933300013	0.465625
253.751028899802	0.465625
253.767607899848	0.465625
253.784258699976	0.465625
253.8005944998	0.465625
253.817696599988	0.465625
253.834155999823	0.465625
253.850916099967	0.465625
253.867521199863	0.465625
253.884346499806	0.465625
253.90091379988	0.465625
253.917586899828	0.465625
253.938420999795	0.465625
253.950891899876	0.465625
253.967931899941	0.465625
253.9838705	0.465625
254.000404699938	0.465625
254.017731899861	0.465625
254.03425529995	0.465625
254.050913699903	0.465625
254.067549699917	0.465625
254.084660499822	0.465625
254.101150800008	0.465625
254.117390099913	0.465625
254.134394299937	0.465625
254.150798399933	0.465625
254.167706099804	0.465625
254.184233099921	0.465625
254.201088199858	0.465625
254.217720599845	0.465625
254.234173999866	0.465625
254.250559799839	0.465625
254.267469899962	0.465625
254.283950599842	0.465625
254.30094479979	0.465625
254.317919699941	0.465625
254.334336799802	0.465625
254.351011099992	0.465625
254.367738199886	0.465625
254.384123299969	0.465625
254.400954999961	0.465625
254.417714499868	0.465625
254.433735799976	0.465625
254.450878799893	0.465625
254.467424299801	0.465625
254.484574999893	0.465625
254.500492899911	0.465625
254.517620299943	0.465625
254.534314499935	0.465625
254.550892199855	0.465625
254.567895999877	0.465625
254.584067899967	0.465625
254.600902699865	0.465625
254.6173709	0.465625
254.634388800012	0.465625
254.651147399796	0.465625
254.667632899946	0.465625
254.684124099789	0.465625
254.700868299929	0.465625
254.718167099869	0.465625
254.734063799959	0.465625
254.750543199945	0.465625
254.767760099843	0.465625
254.784436199814	0.465625
254.800922099967	0.465625
254.817661499837	0.465625
254.83419019985	0.465625
254.850676799892	0.465625
254.867603999795	0.465625
254.884380699834	0.465625
254.90067699994	0.465625
254.917575099971	0.465625
254.933989299927	0.465625
254.950512199895	0.465625
254.967868799809	0.465625
254.984022899996	0.465625
255.000917199999	0.465625
255.017685499974	0.465625
255.034200900001	0.465625
255.050810799934	0.465625
255.067905199947	0.465625
255.083822899964	0.465625
255.100870499853	0.465625
255.11758059985	0.465625
255.135108499788	0.465625
255.150890099816	0.465625
255.167614699807	0.465625
255.184213999892	0.465625
255.200526899891	0.465625
255.217213399941	0.465625
255.23420549999	0.465625
255.250950899906	0.465625
255.26748099993	0.465625
255.284400200006	0.465625
255.300864299992	0.465625
255.317403599853	0.465625
255.33456499991	0.465625
255.35072509991	0.465625
255.367723400006	0.465625
255.384172899881	0.465625
255.400992200011	0.465625
255.417530699866	0.465625
255.434160999954	0.465625
255.450845899992	0.465625
255.467354899971	0.465625
255.484137999825	0.465625
255.500818599947	0.465625
255.517544899834	0.465625
255.538397699827	0.465625
255.5506972	0.465625
255.567646299955	0.465625
255.584012599895	0.465625
255.600825499976	0.465625
255.618055399973	0.465625
255.633941899985	0.465625
255.651710900012	0.465625
255.667746699881	0.465625
255.68422509986	0.465625
255.70084429998	0.465625
255.717608199921	0.465625
255.734220199985	0.465625
255.750908899819	0.465625
255.767544499831	0.465625
255.784233599901	0.465625
255.800749899819	0.465625
255.817539399955	0.465625
255.834176499862	0.465625
255.850872399984	0.465625
255.867417299887	0.465625
255.883847699966	0.465625
255.900662799831	0.465625
255.917735299794	0.465625
255.934040599968	0.465625
255.95088359993	0.465625
255.967722799862	0.465625
255.984295099974	0.465625
256.000876799924	0.465625
256.017495699925	0.465625
256.034188699909	0.465625
256.051081999904	0.465625
256.067806399893	0.465625
256.084376299987	0.465625
256.100767700002	0.465625
256.117519099964	0.465625
256.134250999894	0.465625
256.15036079986	0.465625
256.167307099793	0.465625
256.184008599957	0.465625
256.200843399856	0.465625
256.217904099962	0.465625
256.233841399895	0.465625
256.2509347999	0.465625
256.267702599987	0.465625
256.283636200009	0.465625
256.30064559984	0.465625
256.317662299844	0.465625
256.333967400016	0.465625
256.350512599805	0.465625
256.367309299996	0.465625
256.384035499999	0.465625
256.400590499863	0.465625
256.417544999858	0.465625
256.434083999833	0.465625
256.450939799892	0.465625
256.467474699952	0.465625
256.48434129986	0.465625
256.500904499786	0.465625
256.517406699946	0.465625
256.534455699846	0.465625
256.550664799986	0.465625
256.567413199926	0.465625
256.58409629995	0.465625
256.600587299792	0.465625
256.617652699817	0.465625
256.634085999802	0.465625
256.650751699926	0.465625
256.667466199957	0.465625
256.684304900002	0.465625
256.700788299786	0.465625
256.717398199951	0.465625
256.734252199996	0.465625
256.750545599964	0.465625
256.767428099876	0.465625
256.783891999861	0.465625
256.801057999954	0.465625
256.817671699915	0.465625
256.834015199915	0.465625
256.851023799973	0.465625
256.867697399808	0.465625
256.883849799866	0.465625
256.900451899972	0.465625
256.917233199812	0.465625
256.934130899841	0.465625
256.950827399967	0.465625
256.967599999858	0.465625
256.984530599788	0.465625
257.000896499958	0.465625
257.017606899841	0.465625
257.034028299851	0.465625
257.050848599989	0.465625
257.067193999887	0.465625
257.084712399868	0.465625
257.100850499934	0.465625
257.11730329995	0.465625
257.133768599946	0.465625
257.150531599997	0.465625
257.167297799839	0.465625
257.184028899996	0.465625
257.200531099923	0.465625
257.217468299903	0.465625
257.234129199991	0.465625
257.250901099993	0.465625
257.267749699997	0.465625
257.284227599856	0.465625
257.300784399966	0.465625
257.317587199854	0.465625
257.3337402998	0.465625
257.350500299828	0.465625
257.367074099835	0.465625
257.383593800012	0.465625
257.400894899853	0.465625
257.417247699806	0.465625
257.434114299947	0.465625
257.450861199992	0.465625
257.467228699941	0.465625
257.483886600006	0.465625
257.500871599885	0.465625
257.517723199911	0.465625
257.534195399843	0.465625
257.550585599849	0.465625
257.567483999999	0.465625
257.583785999799	0.465625
257.600306899985	0.465625
257.61764039984	0.465625
257.63395259995	0.465625
257.650809000013	0.465625
257.667516199872	0.465625
257.684136199998	0.465625
257.701067799935	0.465625
257.717185499845	0.465625
257.734346499899	0.465625
257.751226899913	0.465625
257.767835699953	0.465625
257.784036899917	0.465625
257.80058439984	0.465625
257.817160899984	0.465625
257.834118699888	0.465625
257.850818899926	0.465625
257.867542099906	0.465625
257.883961200016	0.465625
257.900472299894	0.465625
257.917541599832	0.465625
257.933866599808	0.465625
257.950872799847	0.465625
257.967467499897	0.465625
257.984049899969	0.465625
258.000862799818	0.465625
258.017662899802	0.465625
258.034056899836	0.465625
258.050421899883	0.465625
258.067275299923	0.465625
258.083893499803	0.465625
258.100477	0.465625
258.116909499979	0.465625
258.133991499897	0.465625
258.150216199923	0.465625
258.167299799854	0.465625
258.18389929994	0.465625
258.200414899969	0.465625
258.217291199835	0.465625
258.233592099976	0.465625
258.250573999947	0.465625
258.267313399818	0.465625
258.283514099894	0.465625
258.300527299987	0.465625
258.317496099975	0.465625
258.333515899954	0.465625
258.350844400004	0.465625
258.367533199955	0.465625
258.383769499836	0.465625
258.400907999836	0.465625
258.417748499895	0.465625
258.433594999835	0.465625
258.450663799886	0.465625
258.467387499986	0.465625
258.483967699809	0.465625
258.500704699894	0.465625
258.517517799977	0.465625
258.534121999983	0.465625
258.550398999825	0.465625
258.567624199903	0.465625
258.584124999819	0.465625
258.600394899957	0.465625
258.617603399791	0.465625
258.634381899843	0.465625
258.650850099977	0.465625
258.667175899958	0.465625
258.684145699954	0.465625
258.700735099846	0.465625
258.717611599946	0.465625
258.733550499892	0.465625
258.750821299851	0.465625
258.767305599991	0.465625
258.783503899816	0.465625
258.800461999839	0.465625
258.817524499958	0.465625
258.833511799807	0.465625
258.850891300011	0.465625
258.867728799814	0.465625
258.883603399852	0.465625
258.900685699889	0.465625
258.917661199812	0.465625
258.933996599866	0.465625
258.950424599927	0.465625
258.967885599937	0.465625
258.984107499942	0.465625
259.000551899895	0.465625
259.016924999887	0.465625
259.033866999904	0.465625
259.050844099838	0.465625
259.067455899902	0.465625
259.083698599832	0.465625
259.100753800012	0.465625
259.117481699912	0.465625
259.133650699863	0.465625
259.150731199887	0.465625
259.167372499825	0.465625
259.183741299901	0.465625
259.200687999837	0.465625
259.21744129993	0.465625
259.233599399915	0.465625
259.2508103	0.465625
259.26739579998	0.465625
259.28383859992	0.465625
259.300669999793	0.465625
259.3175342998	0.465625
259.333526699804	0.465625
259.350414799992	0.465625
259.367358199786	0.465625
259.384093699977	0.465625
259.400611599907	0.465625
259.417429399909	0.465625
259.433440799825	0.465625
259.450831499882	0.465625
259.467487899819	0.465625
259.483470199862	0.465625
259.500445999904	0.465625
259.517446100013	0.465625
259.534064899897	0.465625
259.550631799968	0.465625
259.567995399935	0.465625
259.583485899959	0.465625
259.600877699908	0.465625
259.617597499862	0.465625
259.633609100012	0.465625
259.651001299964	0.465625
259.667662499938	0.465625
259.68359349994	0.465625
259.700298900018	0.465625
259.717486499809	0.465625
259.733504500007	0.465625
259.750351499999	0.465625
259.767458899878	0.465625
259.783470499795	0.465625
259.800732799806	0.465625
259.817197499797	0.465625
259.83347029984	0.465625
259.850988599937	0.465625
259.867191799916	0.465625
259.883979799924	0.465625
259.901021299884	0.465625
259.917664199835	0.465625
259.933618800016	0.465625
259.950590999797	0.465625
259.967485199915	0.465625
259.983715999871	0.465625
260.000714899972	0.465625
260.017279599793	0.465625
260.033978399821	0.465625
260.050424799789	0.465625
260.067619399866	0.465625
260.083455599844	0.465625
260.100830399897	0.465625
260.117427199846	0.465625
260.133723799838	0.465625
260.150944999885	0.465625
260.167546699988	0.465625
260.183853499824	0.465625
260.200774699915	0.465625
260.217328399885	0.465625
260.233856299892	0.465625
260.25080769998	0.465625
260.267571299803	0.465625
260.28415219998	0.465625
260.300790699897	0.465625
260.316883999854	0.465625
260.333424199838	0.465625
260.350564599968	0.465625
260.367449200014	0.465625
260.383817899972	0.465625
260.4006085	0.465625
260.417081999825	0.465625
260.433541999897	0.465625
260.451312399935	0.465625
260.466951999813	0.465625
260.483846799936	0.465625
260.500403099926	0.465625
260.517486499855	0.465625
260.534039799822	0.465625
260.55079020001	0.465625
260.56748279999	0.465625
260.583994899876	0.465625
260.600590799935	0.465625
260.617206599796	0.465625
260.63380189985	0.465625
260.65036739991	0.465625
260.667208899977	0.465625
260.68373589986	0.465625
260.700247799978	0.465625
260.717454799917	0.465625
260.733955499949	0.465625
260.750574199948	0.465625
260.767343999818	0.465625
260.784147099825	0.465625
260.80081419996	0.465625
260.817567699822	0.465625
260.833616699791	0.465625
260.850524300011	0.465625
260.867628099862	0.465625
260.883983499836	0.465625
260.900821099989	0.465625
260.917684499873	0.465625
260.933419799898	0.465625
260.950534799835	0.465625
260.967199499952	0.465625
260.983617699938	0.465625
261.000587299932	0.465625
261.017567700008	0.465625
261.033934099833	0.465625
261.050865199883	0.465625
261.067335799802	0.465625
261.083716099849	0.465625
261.10031709983	0.465625
261.116781199817	0.465625
261.133345399983	0.465625
261.15080860001	0.465625
261.167055299971	0.465625
261.183936799876	0.465625
261.200384199852	0.465625
261.217528899899	0.465625
261.233972399961	0.465625
261.250443900004	0.465625
261.267464099918	0.465625
261.283964899834	0.465625
261.300785099855	0.465625
261.317443299806	0.465625
261.334037099965	0.465625
261.350633399794	0.465625
261.367391799809	0.465625
261.383386599831	0.465625
261.400411299895	0.465625
261.416951499879	0.465625
261.434119299985	0.465625
261.451033899793	0.465625
261.467220099876	0.465625
261.483656199882	0.465625
261.500626799883	0.465625
261.517471299972	0.465625
261.533762399806	0.465625
261.5505595	0.465625
261.567325399956	0.465625
261.583650799934	0.465625
261.60059279995	0.465625
261.617351699853	0.465625
261.633966099937	0.465625
261.650467199972	0.465625
261.667093299795	0.465625
261.683920499869	0.465625
261.700547299813	0.465625
261.717211699812	0.465625
261.733969699824	0.465625
261.750510799931	0.465625
261.76732019987	0.465625
261.784273499856	0.465625
261.800378999906	0.465625
261.817183199804	0.465625
261.833653099835	0.465625
261.850725699915	0.465625
261.866866199998	0.465625
261.883494999958	0.465625
261.900527099846	0.465625
261.917267299956	0.465625
261.933858099859	0.465625
261.950716299936	0.465625
261.966953999829	0.465625
261.983551799785	0.465625
262.000821499852	0.465625
262.017303799978	0.465625
262.034705099883	0.465625
262.050348699791	0.465625
262.067578699905	0.465625
262.084001099924	0.465625
262.100791899953	0.465625
262.116937799845	0.465625
262.134023099905	0.465625
262.15070899995	0.465625
262.167073399993	0.465625
262.183995899977	0.465625
262.200341899879	0.465625
262.217230599839	0.465625
262.233316799859	0.465625
262.250507199904	0.465625
262.267228999874	0.465625
262.283750399947	0.465625
262.300243099919	0.465625
262.317262399942	0.465625
262.333952799905	0.465625
262.350651099812	0.465625
262.36751159979	0.465625
262.38357169996	0.465625
262.40029439982	0.465625
262.417467799969	0.465625
262.433963799849	0.465625
262.450566799846	0.465625
262.467297499999	0.465625
262.483895199839	0.465625
262.500197299989	0.465625
262.517270599958	0.465625
262.533742900006	0.465625
262.550542699872	0.465625
262.56739709992	0.465625
262.583357099909	0.465625
262.600342699792	0.465625
262.617258299841	0.465625
262.634010499809	0.465625
262.650686299894	0.465625
262.667324199807	0.465625
262.684111699928	0.465625
262.700506899972	0.465625
262.717256999807	0.465625
262.733890599804	0.465625
262.750362899853	0.465625
262.767356399912	0.465625
262.783818399999	0.465625
262.800405199872	0.465625
262.817206699867	0.465625
262.833939099917	0.465625
262.850472799968	0.465625
262.867018699879	0.465625
262.883913799888	0.465625
262.900631499942	0.465625
262.917221299838	0.465625
262.933916499838	0.465625
262.950747999828	0.465625
262.966985599836	0.465625
262.983896099962	0.465625
263.000597900013	0.465625
263.016960799927	0.465625
263.033734499943	0.465625
263.050425199792	0.465625
263.067100299988	0.465625
263.084435899975	0.465625
263.10072459979	0.465625
263.117361599812	0.465625
263.133891299833	0.465625
263.150325999828	0.465625
263.167304900009	0.465625
263.183901599841	0.465625
263.200180599932	0.465625
263.217186999973	0.465625
263.233544099843	0.465625
263.250925499946	0.465625
263.267081499798	0.465625
263.283890999854	0.465625
263.300801299978	0.465625
263.317211000016	0.465625
263.335758199915	0.465625
263.350404799916	0.465625
263.367067300016	0.465625
263.383732799906	0.465625
263.400622699875	0.465625
263.417048699921	0.465625
263.433659099974	0.465625
263.450517499819	0.465625
263.467209199909	0.465625
263.483313299948	0.465625
263.500490499893	0.465625
263.516843899852	0.465625
263.533808099804	0.465625
263.550259399926	0.465625
263.567020999966	0.465625
263.584089200012	0.465625
263.600758599816	0.465625
263.617412699852	0.465625
263.633705999935	0.465625
263.650502000004	0.465625
263.666899099946	0.465625
263.684072799981	0.465625
263.700677599991	0.465625
263.716748700012	0.465625
263.733519800007	0.465625
263.750784599921	0.465625
263.767244599992	0.465625
263.784000799991	0.465625
263.800461499952	0.465625
263.817302699899	0.465625
263.834055699874	0.465625
263.850793899968	0.465625
263.867216499988	0.465625
263.883649099851	0.465625
263.900278499816	0.465625
263.917536599794	0.465625
263.933847900014	0.465625
263.950155199971	0.465625
263.966935799923	0.465625
263.983878599945	0.465625
264.000472399872	0.465625
264.01738139987	0.465625
264.033917399822	0.465625
264.05061099981	0.465625
264.067439300008	0.465625
264.08339779987	0.465625
264.100396799855	0.465625
264.117060599849	0.465625
264.133257400012	0.465625
264.150516399881	0.465625
264.167196499882	0.465625
264.183749499964	0.465625
264.200315499911	0.465625
264.217131000012	0.465625
264.233845199924	0.465625
264.250270199962	0.465625
264.267144099809	0.465625
264.283890199848	0.465625
264.300201299833	0.465625
264.317106699804	0.465625
264.333819999825	0.465625
264.350291599985	0.465625
264.367744999938	0.465625
264.383234899957	0.465625
264.400255399989	0.465625
264.417090399889	0.465625
264.433694399893	0.465625
264.450251099886	0.465625
264.467189799994	0.465625
264.483617599821	0.465625
264.500170699786	0.465625
264.517039699946	0.465625
264.533759799786	0.465625
264.550605800003	0.465625
264.567174899857	0.465625
264.583451699931	0.465625
264.600445099873	0.465625
264.617265400011	0.465625
264.633839899907	0.465625
264.650062799919	0.465625
264.667002099799	0.465625
264.683546099812	0.465625
264.700488999952	0.465625
264.717233099975	0.465625
264.734013299923	0.465625
264.750510399928	0.465625
264.767536900006	0.465625
264.783774399897	0.465625
264.800334199797	0.465625
264.817426199792	0.465625
264.834002399817	0.465625
264.850460999878	0.465625
264.867265299894	0.465625
264.883962699911	0.465625
264.900760999881	0.465625
264.917197200004	0.465625
264.93417799985	0.465625
264.950421799906	0.465625
264.966988699976	0.465625
264.983861099929	0.465625
265.00049929996	0.465625
265.017064099899	0.465625
265.033490999835	0.465625
265.050680599874	0.465625
265.06725559989	0.465625
265.084150800016	0.465625
265.100197099848	0.465625
265.117202599999	0.465625
265.133816999849	0.465625
265.150408199988	0.465625
265.167087499984	0.465625
265.183417599881	0.465625
265.200660699978	0.465625
265.217252699891	0.465625
265.234034699854	0.465625
265.250687499996	0.465625
265.26714599994	0.465625
265.283831599867	0.465625
265.300515099894	0.465625
265.317177299876	0.465625
265.333546199836	0.465625
265.35049839993	0.465625
265.367060199846	0.465625
265.383540099952	0.465625
265.400339299813	0.465625
265.417120700004	0.465625
265.433968799887	0.465625
265.450301799923	0.465625
265.467117799912	0.465625
265.484427799936	0.465625
265.500445100013	0.465625
265.517214599997	0.465625
265.534086199943	0.465625
265.550439899787	0.465625
265.567114399979	0.465625
265.583435599925	0.465625
265.600199699868	0.465625
265.61714459979	0.465625
265.634358699899	0.465625
265.650305799907	0.465625
265.667191599961	0.465625
265.683798899874	0.465625
265.700293299975	0.465625
265.717130800011	0.465625
265.733970899833	0.465625
265.750208199956	0.465625
265.767152299872	0.465625
265.784017500002	0.465625
265.800615599845	0.465625
265.817358499859	0.465625
265.834162799874	0.465625
265.850724199787	0.465625
265.867210399825	0.465625
265.883781999815	0.465625
265.900292099919	0.465625
265.917192399967	0.465625
265.933938900009	0.465625
265.950556800002	0.465625
265.967110499972	0.465625
265.983742599841	0.465625
266.000477499794	0.465625
266.017149099847	0.465625
266.033925099997	0.465625
266.050507699838	0.465625
266.067162399879	0.465625
266.083534499863	0.465625
266.100383099867	0.465625
266.117118399823	0.465625
266.133856299799	0.465625
266.15035329992	0.465625
266.166675499873	0.465625
266.183924000012	0.465625
266.200318699935	0.465625
266.216845999938	0.465625
266.234027899802	0.465625
266.250368400011	0.465625
266.267127499916	0.465625
266.284055299824	0.465625
266.300583599834	0.465625
266.317094599828	0.465625
266.333921399899	0.465625
266.350356400013	0.465625
266.367107499857	0.465625
266.383409899892	0.465625
266.400404699845	0.465625
266.417096599936	0.465625
266.433450799901	0.465625
266.450803699903	0.465625
266.466806499986	0.465625
266.484268199885	0.465625
266.50044679991	0.465625
266.517041299958	0.465625
266.533853599802	0.465625
266.550183099927	0.465625
266.566712299827	0.465625
266.58344279998	0.465625
266.599907599855	0.465625
266.616736499825	0.465625
266.633654000005	0.465625
266.650426900014	0.465625
266.667067999952	0.465625
266.683860299876	0.465625
266.700122299837	0.465625
266.717020999873	0.465625
266.733876299812	0.465625
266.750423399964	0.465625
266.766847699881	0.465625
266.783846899867	0.465625
266.800574199995	0.465625
266.817064999836	0.465625
266.833939099917	0.465625
266.850529099815	0.465625
266.867105699843	0.465625
266.88406489999	0.465625
266.900059399894	0.465625
266.916964299977	0.465625
266.933887699852	0.465625
266.95035199984	0.465625
266.96691229986	0.465625
266.98350179987	0.465625
267.000480499817	0.465625
267.017059399979	0.465625
267.033520199824	0.465625
267.050588699989	0.465625
267.066640899982	0.465625
267.084086899878	0.465625
267.100580299972	0.465625
267.117091899971	0.465625
267.133941799868	0.465625
267.150503000012	0.465625
267.166771099903	0.465625
267.183815900004	0.465625
267.200319499942	0.465625
267.217184599955	0.465625
267.233380699996	0.465625
267.250024099834	0.465625
267.266817899887	0.465625
267.283856599825	0.465625
267.300071799895	0.465625
267.316749199992	0.465625
267.33347429987	0.465625
267.350540000014	0.465625
267.366995799821	0.465625
267.383940499974	0.465625
267.400500799995	0.465625
267.416658599861	0.465625
267.434150199872	0.465625
267.450409099925	0.465625
267.466948299902	0.465625
267.483360199956	0.465625
267.500481599942	0.465625
267.517058799975	0.465625
267.533720499836	0.465625
267.550232399954	0.465625
267.566710699815	0.465625
267.583916399861	0.465625
267.600412399974	0.465625
267.617080299882	0.465625
267.63373459992	0.465625
267.650382499909	0.465625
267.666710699908	0.465625
267.683634799905	0.465625
267.700506899972	0.465625
267.716688799905	0.465625
267.733329399955	0.465625
267.750289899996	0.465625
267.767054499825	0.465625
267.783788299887	0.465625
267.800222199876	0.465625
267.817095399834	0.465625
267.833689099876	0.465625
267.850129999919	0.465625
267.866936199833	0.465625
267.883883500006	0.465625
267.900241399882	0.465625
267.916491799988	0.465625
267.934101599967	0.465625
267.950144199887	0.465625
267.966845299816	0.465625
267.983771999832	0.465625
268.000111599918	0.465625
268.016661199974	0.465625
268.033763499931	0.465625
268.050369299948	0.465625
268.066645999905	0.465625
268.083912699949	0.465625
268.100263699889	0.465625
268.116605599876	0.465625
268.133883799892	0.465625
268.150227699894	0.465625
268.166568599874	0.465625
268.183488099836	0.465625
268.199907999951	0.465625
268.216847399948	0.465625
268.23339519999	0.465625
268.25006419979	0.465625
268.267045099987	0.465625
268.283701499924	0.465625
268.300158699974	0.465625
268.316983799916	0.465625
268.333973899949	0.465625
268.350139899878	0.465625
268.366619399982	0.465625
268.383784299949	0.465625
268.400013800012	0.465625
268.417143499944	0.465625
268.433801099891	0.465625
268.450655599823	0.465625
268.466577799991	0.465625
268.483763199998	0.465625
268.50078839995	0.465625
268.516823399812	0.465625
268.533505999949	0.465625
268.550323099829	0.465625
268.566838699859	0.465625
268.583896699827	0.465625
268.600313299801	0.465625
268.616964099929	0.465625
268.633844699943	0.465625
268.650249799946	0.465625
268.666620799806	0.465625
268.683722299989	0.465625
268.699877599953	0.465625
268.716865999857	0.465625
268.733577899868	0.465625
268.750646799803	0.465625
268.76665070001	0.465625
268.78343929979	0.465625
268.800250099972	0.465625
268.816717699869	0.465625
268.833538899897	0.465625
268.850358599797	0.465625
268.866859099828	0.465625
268.884017999982	0.465625
268.899978099857	0.465625
268.916639099829	0.465625
268.933802799787	0.465625
268.950408099918	0.465625
268.966597599909	0.465625
268.983799399808	0.465625
269.000346399844	0.465625
269.016996699851	0.465625
269.033942200011	0.465625
269.050394699909	0.465625
269.066969899926	0.465625
269.08359439997	0.465625
269.100070599932	0.465625
269.116759299999	0.465625
269.133269499987	0.465625
269.149971999926	0.465625
269.166972199921	0.465625
269.183629499981	0.465625
269.199965099804	0.465625
269.217047899961	0.465625
269.233687500004	0.465625
269.250461399788	0.465625
269.266787400004	0.465625
269.283540099859	0.465625
269.299875799799	0.465625
269.317222999875	0.465625
269.333857199876	0.465625
269.349924299866	0.465625
269.366966299945	0.465625
269.38382449979	0.465625
269.399993999861	0.465625
269.417043699883	0.465625
269.433756999904	0.465625
269.450343600009	0.465625
269.467093699845	0.465625
269.483162899967	0.465625
269.499888999853	0.465625
269.516990999924	0.465625
269.533680199878	0.465625
269.550355299842	0.465625
269.567082199967	0.465625
269.583742999937	0.465625
269.600016299868	0.465625
269.616945299786	0.465625
269.633660899941	0.465625
269.649934199871	0.465625
269.666976699838	0.465625
269.683907799888	0.465625
269.700277099852	0.465625
269.716884199996	0.465625
269.733810799895	0.465625
269.750103499973	0.465625
269.766959099798	0.465625
269.783328699879	0.465625
269.800001499942	0.465625
269.816668699961	0.465625
269.835914699826	0.465625
269.850391499931	0.465625
269.866992499912	0.465625
269.883648199961	0.465625
269.899882599944	0.465625
269.917124799918	0.465625
269.933106599841	0.465625
269.95114699984	0.465625
269.966665099841	0.465625
269.983741299948	0.465625
270.000198599882	0.465625
270.016929799924	0.465625
270.033395399805	0.465625
270.05011569988	0.465625
270.066955099814	0.465625
270.083406799939	0.465625
270.100220799912	0.465625
270.117067199899	0.465625
270.133672499796	0.465625
270.150151300011	0.465625
270.166992599843	0.465625
270.184006599942	0.465625
270.200171499979	0.465625
270.216949399794	0.465625
270.233407699969	0.465625
270.250321700005	0.465625
270.266507499851	0.465625
270.283663799986	0.465625
270.300215499941	0.465625
270.316937099909	0.465625
270.333439199952	0.465625
270.34989689989	0.465625
270.366816299967	0.465625
270.383840399794	0.465625
270.399879699806	0.465625
270.416739899898	0.465625
270.43361139996	0.465625
270.450180999935	0.465625
270.466910999967	0.465625
270.483417899814	0.465625
270.50026809983	0.465625
270.517090099864	0.465625
270.533278899966	0.465625
270.549892899813	0.465625
270.567234399961	0.465625
270.583738799905	0.465625
270.600399199873	0.465625
270.616898299893	0.465625
270.63369529997	0.465625
270.650492599932	0.465625
270.666633100016	0.465625
270.684115099953	0.465625
270.700163799804	0.465625
270.717314699898	0.465625
270.733746099984	0.465625
270.750242799986	0.465625
270.766793599818	0.465625
270.783279299969	0.465625
270.800085800001	0.465625
270.816939699929	0.465625
270.833596199984	0.465625
270.849791999906	0.465625
270.867014599964	0.465625
270.883819699986	0.465625
270.899853199953	0.465625
270.916848699795	0.465625
270.933633100009	0.465625
270.950141599867	0.465625
270.966719299788	0.465625
270.98363149981	0.465625
271.000251099933	0.465625
271.016896599904	0.465625
271.033821799792	0.465625
271.050111399963	0.465625
271.06692669983	0.465625
271.083808699856	0.465625
271.100011499831	0.465625
271.117190199904	0.465625
271.133806299884	0.465625
271.150182100013	0.465625
271.166870999848	0.465625
271.183251299895	0.465625
271.200364499819	0.465625
271.216765299905	0.465625
271.233587099938	0.465625
271.249899199931	0.465625
271.266911299899	0.465625
271.283148299903	0.465625
271.300030099927	0.465625
271.316957799951	0.465625
271.33357339981	0.465625
271.349801099859	0.465625
271.367199099855	0.465625
271.383832699852	0.465625
271.39986060001	0.465625
271.416881899815	0.465625
271.433811199851	0.465625
271.450213799952	0.465625
271.466963199899	0.465625
271.48340999987	0.465625
271.499799599871	0.465625
271.517038099933	0.465625
271.533872199943	0.465625
271.550208499888	0.465625
271.567184299929	0.465625
271.583319799975	0.465625
271.599812099943	0.465625
271.616917699808	0.465625
271.633701799903	0.465625
271.649865599815	0.465625
271.666975699831	0.465625
271.68359699985	0.465625
271.699812599923	0.465625
271.717006499879	0.465625
271.733377899975	0.465625
271.750131599838	0.465625
271.766223100014	0.465625
271.783358799992	0.465625
271.799958599964	0.465625
271.816907699918	0.465625
271.833841299871	0.465625
271.850065300008	0.465625
271.866696099984	0.465625
271.883653099881	0.465625
271.900146999862	0.465625
271.916524499888	0.465625
271.933651999803	0.465625
271.949686100008	0.465625
271.966382500017	0.465625
271.983619699953	0.465625
271.999642099952	0.465625
272.01686419989	0.465625
272.032879099948	0.465625
272.050111599965	0.465625
272.067023299867	0.465625
272.083688499872	0.465625
272.099826699821	0.465625
272.117042599944	0.465625
272.133770199958	0.465625
272.149953499902	0.465625
272.166797599988	0.465625
272.183569899993	0.465625
272.199787799967	0.465625
272.216938599944	0.465625
272.233573999954	0.465625
272.249859299976	0.465625
272.266949999845	0.465625
272.283546199789	0.465625
272.299786899937	0.465625
272.316598899895	0.465625
272.333422199823	0.465625
272.349704099819	0.465625
272.366700199898	0.465625
272.38361569983	0.465625
272.399842999876	0.465625
272.417023199843	0.465625
272.433955400018	0.465625
272.449813599931	0.465625
272.467234799871	0.465625
272.483167399885	0.465625
272.499968199991	0.465625
272.516982999863	0.465625
272.533953099977	0.465625
272.549792999867	0.465625
272.566937699914	0.465625
272.583806299837	0.465625
272.599738599965	0.465625
272.61691839993	0.465625
272.634029199835	0.465625
272.649916499853	0.465625
272.666407799814	0.465625
272.683749399846	0.465625
272.700133799808	0.465625
272.716466599843	0.465625
272.733758599963	0.465625
272.75023489981	0.465625
272.766726899892	0.465625
272.783542499878	0.465625
272.800081499852	0.465625
272.81660039979	0.465625
272.833582699997	0.465625
272.849830799969	0.465625
272.866703799926	0.465625
272.883200499928	0.465625
272.899858299876	0.465625
272.917015000014	0.465625
272.933148899814	0.465625
272.949778500013	0.465625
272.966969399946	0.465625
272.983802599832	0.465625
272.999971899902	0.465625
273.016884899931	0.465625
273.033724899869	0.465625
273.0499369998	0.465625
273.066956499824	0.465625
273.083422899945	0.465625
273.100061099976	0.465625
273.116974900011	0.465625
273.133542699972	0.465625
273.149567399872	0.465625
273.166931399843	0.465625
273.183612899855	0.465625
273.199924199842	0.465625
273.216855800012	0.465625
273.233366699889	0.465625
273.250019899802	0.465625
273.266731099924	0.465625
273.283531599911	0.465625
273.300077599939	0.465625
273.316966899903	0.465625
273.33355549979	0.465625
273.350347999949	0.465625
273.36691579991	0.465625
273.383078299928	0.465625
273.399632599903	0.465625
273.417015599785	0.465625
273.43342749984	0.465625
273.449717199896	0.465625
273.466934599914	0.465625
273.483549499884	0.465625
273.50024149986	0.465625
273.517038699938	0.465625
273.533420199994	0.465625
273.550119799795	0.465625
273.567080299836	0.465625
273.583471499849	0.465625
273.600160699803	0.465625
273.616952099837	0.465625
273.633627399802	0.465625
273.649899599841	0.465625
273.667104099877	0.465625
273.683542300016	0.465625
273.700096799992	0.465625
273.716448599938	0.465625
273.73353239987	0.465625
273.750048499787	0.465625
273.766968099866	0.465625
273.783699599793	0.465625
273.800052899867	0.465625
273.817000599811	0.465625
273.833533599973	0.465625
273.850874600001	0.465625
273.866967899958	0.465625
273.883684499888	0.465625
273.900116699981	0.465625
273.916942199925	0.465625
273.933581199963	0.465625
273.949978399789	0.465625
273.967059199931	0.465625
273.983569699805	0.465625
274.000241299858	0.465625
274.016904199962	0.465625
274.033474799944	0.465625
274.050121899927	0.465625
274.066721200012	0.465625
274.083166899858	0.465625
274.100230799988	0.465625
274.116889899829	0.465625
274.133467199979	0.465625
274.150102899875	0.465625
274.166665699799	0.465625
274.183492399985	0.465625
274.199949599802	0.465625
274.217077499954	0.465625
274.233270599972	0.465625
274.249794599833	0.465625
274.26683410001	0.465625
274.28409709991	0.465625
274.300054499879	0.465625
274.316836099839	0.465625
274.333792199846	0.465625
274.349918999942	0.465625
274.366477999836	0.465625
274.383513399865	0.465625
274.40010259999	0.465625
274.416991099948	0.465625
274.433491199976	0.465625
274.449761600001	0.465625
274.467142299982	0.465625
274.483842599904	0.465625
274.500320299994	0.465625
274.516826499952	0.465625
274.533355599968	0.465625
274.5498869	0.465625
274.566876399796	0.465625
274.583641499979	0.465625
274.599992199801	0.465625
274.616913700011	0.465625
274.63334449986	0.465625
274.650144999847	0.465625
274.666565299965	0.465625
274.683316899929	0.465625
274.699961599894	0.465625
274.716835599858	0.465625
274.73359129997	0.465625
274.749727399787	0.465625
274.766948999837	0.465625
274.783371199854	0.465625
274.800028299913	0.465625
274.816344099818	0.465625
274.833479199791	0.465625
274.849665999878	0.465625
274.866973799886	0.465625
274.883702799911	0.465625
274.899917599978	0.465625
274.916777499951	0.465625
274.933611499844	0.465625
274.94980559987	0.465625
274.966929399874	0.465625
274.983438099967	0.465625
275.000104199862	0.465625
275.017011599848	0.465625
275.033195899799	0.465625
275.050005199853	0.465625
275.066788999829	0.465625
275.083290599985	0.465625
275.099930699915	0.465625
275.116793899797	0.465625
275.133275099797	0.465625
275.149855499854	0.465625
275.166669899831	0.465625
275.183217899874	0.465625
275.200304599945	0.465625
275.216671899892	0.465625
275.233173299814	0.465625
275.250216000015	0.465625
275.266785199987	0.465625
275.283137599938	0.465625
275.299873999786	0.465625
275.316252399934	0.465625
275.333172299899	0.465625
275.349600499962	0.465625
275.366783999838	0.465625
275.383205099963	0.465625
275.399782799883	0.465625
275.416222299915	0.465625
275.433187899878	0.465625
275.449815899832	0.465625
275.466792899882	0.465625
275.482954199892	0.465625
275.499653899809	0.465625
275.516545599792	0.465625
275.533338599838	0.465625
275.550108199939	0.465625
275.566807999974	0.465625
275.583553399891	0.465625
275.600084199803	0.465625
275.616639799904	0.465625
275.633376899874	0.465625
275.650064699817	0.465625
275.666883499827	0.465625
275.683634999907	0.465625
275.699825899908	0.465625
275.71650739992	0.465625
275.733466799837	0.465625
275.749611499952	0.465625
275.766655199928	0.465625
275.783513000002	0.465625
275.7997645	0.465625
275.816921299789	0.465625
275.83305269992	0.465625
275.850104999961	0.465625
275.866482299985	0.465625
275.88343279995	0.465625
275.899992199847	0.465625
275.916815999895	0.465625
275.933479399886	0.465625
275.949501499999	0.465625
275.966603299836	0.465625
275.98361879983	0.465625
275.999881499913	0.465625
276.016807799926	0.465625
276.033426999813	0.465625
276.049606199842	0.465625
276.066928599961	0.465625
276.08308729995	0.465625
276.100065900013	0.465625
276.116664699977	0.465625
276.133605199866	0.465625
276.149584099883	0.465625
276.16716949991	0.465625
276.183228399837	0.465625
276.199527099961	0.465625
276.216402599821	0.465625
276.233166299993	0.465625
276.250067199813	0.465625
276.266744699795	0.465625
276.283458699938	0.465625
276.2999981998	0.465625
276.316933099879	0.465625
276.332978199935	0.465625
276.349973900011	0.465625
276.366743799997	0.465625
276.383406599984	0.465625
276.399845599895	0.465625
276.416394599946	0.465625
276.433377599809	0.465625
276.449686799897	0.465625
276.466485699872	0.465625
276.483660499798	0.465625
276.499937399989	0.465625
276.516913399799	0.465625
276.53365639993	0.465625
276.550010300009	0.465625
276.567213899922	0.465625
276.583463499788	0.465625
276.600004700013	0.465625
276.616794399917	0.465625
276.632894799812	0.465625
276.650038499851	0.465625
276.666725399904	0.465625
276.683353399858	0.465625
276.699985099956	0.465625
276.716428699903	0.465625
276.733208799968	0.465625
276.749757999787	0.465625
276.766745399917	0.465625
276.783339399844	0.465625
276.799399300013	0.465625
276.816540699918	0.465625
276.833338700002	0.465625
276.849944199901	0.465625
276.8669755999	0.465625
276.883062999928	0.465625
276.900052699959	0.465625
276.916848999914	0.465625
276.933184799971	0.465625
276.949914299883	0.465625
276.966752399923	0.465625
276.983512999956	0.465625
277.000033899909	0.465625
277.016828499967	0.465625
277.033889899962	0.465625
277.049760999857	0.465625
277.06670309999	0.465625
277.083786899922	0.465625
277.099831999978	0.465625
277.116704599932	0.465625
277.133129199967	0.465625
277.150122899795	0.465625
277.166596799856	0.465625
277.183145100018	0.465625
277.19978159992	0.465625
277.216454599984	0.465625
277.233400899917	0.465625
277.250024599954	0.465625
277.266624399927	0.465625
277.283509399975	0.465625
277.299994099885	0.465625
277.316750099882	0.465625
277.333135099849	0.465625
277.349809799809	0.465625
277.366600099951	0.465625
277.383353399811	0.465625
277.399901499972	0.465625
277.416828099871	0.465625
277.433121499838	0.465625
277.45006549987	0.465625
277.466440299992	0.465625
277.482917999849	0.465625
277.499983599875	0.465625
277.516439299798	0.465625
277.532964600017	0.465625
277.549979700008	0.465625
277.566494499799	0.465625
277.58297709981	0.465625
277.599926299881	0.465625
277.616595299914	0.465625
277.633564099902	0.465625
277.649569599889	0.465625
277.666418399895	0.465625
277.683525099885	0.465625
277.700065699872	0.465625
277.71640899987	0.465625
277.733397299889	0.465625
277.750158699928	0.465625
277.766969999997	0.465625
277.783009199891	0.465625
277.79976799991	0.465625
277.816508699907	0.465625
277.832939399872	0.465625
277.849479099968	0.465625
277.866733299801	0.465625
277.883534799796	0.465625
277.899822999956	0.465625
277.916854199953	0.465625
277.933043799829	0.465625
277.949952199822	0.465625
277.966687399894	0.465625
277.984553699847	0.465625
278.002733299974	0.465625
278.017442499986	0.465625
278.03627209994	0.465625
278.052083799848	0.465625
278.069701199885	0.465625
278.086055799853	0.465625
278.103494399926	0.465625
278.119128599996	0.465625
278.137357499916	0.465625
278.151196899824	0.465625
278.167099899845	0.465625
278.185519699939	0.465625
278.204367099795	0.465625
278.217553199967	0.465625
278.233119299868	0.465625
278.249672899954	0.465625
278.26634490001	0.465625
278.283071100013	0.465625
278.299912199844	0.465625
278.316687899875	0.465625
278.333471999969	0.465625
278.349740299862	0.465625
278.366680899868	0.465625
278.383050599834	0.465625
278.399813900003	0.465625
278.416856599972	0.465625
278.43314410001	0.465625
278.449897599872	0.465625
278.466846099822	0.465625
278.483472299995	0.465625
278.499860199867	0.465625
278.516709499992	0.465625
278.533366499934	0.465625
278.549588599941	0.465625
278.56653919979	0.465625
278.583138999995	0.465625
278.599450799869	0.465625
278.616640799912	0.465625
278.633071099874	0.465625
278.64982219995	0.465625
278.666818599915	0.465625
278.683390899794	0.465625
278.699679299956	0.465625
278.716974199982	0.465625
278.733206199948	0.465625
278.74994579982	0.465625
278.766772100003	0.465625
278.7836044	0.465625
278.799824199872	0.465625
278.816481299931	0.465625
278.833297199802	0.465625
278.849795099813	0.465625
278.866767299827	0.465625
278.883515699999	0.465625
278.899663699791	0.465625
278.916513999924	0.465625
278.933336599963	0.465625
278.949738899944	0.465625
278.96654789988	0.465625
278.983262999915	0.465625
278.999768199865	0.465625
279.01692799991	0.465625
279.033193199895	0.465625
279.049712199951	0.465625
279.066635899944	0.465625
279.083273699973	0.465625
279.099767599953	0.465625
279.11667849985	0.465625
279.133201399818	0.465625
279.149912899826	0.465625
279.166622999823	0.465625
279.183623999823	0.465625
279.201062199892	0.465625
279.216812199913	0.465625
279.233298399951	0.465625
279.24956139992	0.465625
279.26668339991	0.465625
279.28334539989	0.465625
279.29987109988	0.465625
279.316613999894	0.465625
279.33308989997	0.465625
279.349967099959	0.465625
279.367452599807	0.465625
279.383300499991	0.465625
279.399939399911	0.465625
279.41656849999	0.465625
279.433184699854	0.465625
279.44986189995	0.465625
279.466442399891	0.465625
279.483298699837	0.465625
279.499680399895	0.465625
279.51671139989	0.465625
279.533249599859	0.465625
279.549569599796	0.465625
279.566192599945	0.465625
279.583140400006	0.465625
279.599853099789	0.465625
279.616850199876	0.465625
279.632921299897	0.465625
279.649548899848	0.465625
279.666443099966	0.465625
279.683226499939	0.465625
279.699955499964	0.465625
279.716501699993	0.465625
279.733052499825	0.465625
279.749683799921	0.465625
279.766589799896	0.465625
279.783238499891	0.465625
279.800052699866	0.465625
279.816769399913	0.465625
279.832819700008	0.465625
279.849789599888	0.465625
279.866623899899	0.465625
279.883155099815	0.465625
279.899884599959	0.465625
279.916778299958	0.465625
279.933310399996	0.465625
279.9498226	0.465625
279.966494899942	0.465625
279.983003799804	0.465625
279.999670999823	0.465625
280.016589300008	0.465625
280.032958999975	0.465625
280.049685099861	0.465625
280.06658769981	0.465625
280.083185999887	0.465625
280.099800099852	0.465625
280.116501299897	0.465625
280.133234499954	0.465625
280.149591199821	0.465625
280.166790199932	0.465625
280.183381099952	0.465625
280.199867799878	0.465625
280.217122999951	0.465625
280.23387609981	0.465625
280.249895599904	0.465625
280.266578499926	0.465625
280.282857599901	0.465625
280.299743399955	0.465625
280.316444199998	0.465625
280.333335199859	0.465625
280.349922299851	0.465625
280.36704149982	0.465625
280.383183899801	0.465625
280.399663499789	0.465625
280.416646400001	0.465625
280.432948399801	0.465625
280.449618299957	0.465625
280.466549400007	0.465625
280.483119699871	0.465625
280.499444799963	0.465625
280.516627599951	0.465625
280.532920799917	0.465625
280.549532499863	0.465625
280.566661199788	0.465625
280.583174499916	0.465625
280.599866099888	0.465625
280.616627999814	0.465625
280.633122899802	0.465625
280.649841799866	0.465625
280.6664628	0.465625
280.683296100004	0.465625
280.699672999792	0.465625
280.71692619985	0.465625
280.733292699791	0.465625
280.750081999926	0.465625
280.766912399791	0.465625
280.783209499903	0.465625
280.799641599879	0.465625
280.816329199821	0.465625
280.833209099947	0.465625
280.849896	0.465625
280.866588399978	0.465625
280.883142099949	0.465625
280.899743699934	0.465625
280.91688559996	0.465625
280.93336629984	0.465625
280.95015379996	0.465625
280.966508299811	0.465625
280.982980199857	0.465625
280.99997639982	0.465625
281.016694099875	0.465625
281.033003899967	0.465625
281.049800399924	0.465625
281.066410599975	0.465625
281.083577499958	0.465625
281.099876899971	0.465625
281.116746899905	0.465625
281.133358399849	0.465625
281.149795899866	0.465625
281.166689899983	0.465625
281.1831317998	0.465625
281.199617199833	0.465625
281.216393299866	0.465625
281.233366800006	0.465625
281.249977899948	0.465625
281.266635200009	0.465625
281.283014299814	0.465625
281.299863399938	0.465625
281.316256299848	0.465625
281.333239899948	0.465625
281.350020000013	0.465625
281.366589599987	0.465625
281.383239899995	0.465625
281.400232399814	0.465625
281.416540399892	0.465625
281.433232399868	0.465625
281.449668499874	0.465625
281.466715699993	0.465625
281.483172099805	0.465625
281.499777799938	0.465625
281.516138699837	0.465625
281.532823599875	0.465625
281.549475000007	0.465625
281.566486599855	0.465625
281.582936299965	0.465625
281.599845899967	0.465625
281.616707299836	0.465625
281.6337625999	0.465625
281.649971499806	0.465625
281.666521099862	0.465625
281.683456999948	0.465625
281.699607199989	0.465625
281.716783199925	0.465625
281.732887499966	0.465625
281.749885499943	0.465625
281.766622799914	0.465625
281.782920699799	0.465625
281.7999960999	0.465625
281.816716299858	0.465625
281.833236499922	0.465625
281.849662299966	0.465625
281.866700799903	0.465625
281.883289199788	0.465625
281.899628499988	0.465625
281.916843599873	0.465625
281.933400999987	0.465625
281.950290999841	0.465625
281.966430599801	0.465625
281.982946099946	0.465625
281.999768499983	0.465625
282.016223599901	0.465625
282.03308549989	0.465625
282.049861299805	0.465625
282.066743299831	0.465625
282.08329559979	0.465625
282.100056199823	0.465625
282.116701999912	0.465625
282.133552899817	0.465625
282.149834299926	0.465625
282.166488099843	0.465625
282.183065099875	0.465625
282.19917089981	0.465625
282.216231199913	0.465625
282.233073299984	0.465625
282.249314799905	0.465625
282.266498199897	0.465625
282.283132799901	0.465625
282.299851299962	0.465625
282.31674709986	0.465625
282.333241799846	0.465625
282.349768999964	0.465625
282.366597099928	0.465625
282.383090499789	0.465625
282.399826699868	0.465625
282.416351199849	0.465625
282.433136399835	0.465625
282.449483599979	0.465625
282.466137100011	0.465625
282.4831561998	0.465625
282.499719799962	0.465625
282.516484399792	0.465625
282.533344399882	0.465625
282.549888900016	0.465625
282.567099599866	0.465625
282.583227699855	0.465625
282.5998085998	0.465625
282.617057499941	0.465625
282.633070899872	0.465625
282.649742199806	0.465625
282.6667270998	0.465625
282.682797199814	0.465625
282.699717500014	0.465625
282.716421099845	0.465625
282.733165499987	0.465625
282.749740599887	0.465625
282.766198299825	0.465625
282.782613599906	0.465625
282.799766500015	0.465625
282.816241199849	0.465625
282.832775999792	0.465625
282.849767999956	0.465625
282.866485700011	0.465625
282.882879899815	0.465625
282.899545499822	0.465625
282.916386700002	0.465625
282.933168999851	0.465625
282.949423599988	0.465625
282.966552699916	0.465625
282.983077199897	0.465625
282.999826399842	0.465625
283.016127899988	0.465625
283.033170099836	0.465625
283.049849599833	0.465625
283.066383099882	0.465625
283.083378299838	0.465625
283.099772699876	0.465625
283.116841599811	0.465625
283.13312959997	0.465625
283.1497217	0.465625
283.166175599908	0.465625
283.183092699852	0.465625
283.199724699836	0.465625
283.216749300016	0.465625
283.233101199847	0.465625
283.249818800017	0.465625
283.26678299997	0.465625
283.283111999976	0.465625
283.300042899791	0.465625
283.316654199967	0.465625
283.333050499903	0.465625
283.349803399993	0.465625
283.366594599793	0.465625
283.383072199998	0.465625
283.399535799865	0.465625
283.416763099842	0.465625
283.433079199865	0.465625
283.449989999877	0.465625
283.466347599868	0.465625
283.483103999868	0.465625
283.499754399993	0.465625
283.516540599987	0.465625
283.533457899932	0.465625
283.54977719998	0.465625
283.566411199979	0.465625
283.583025099942	0.465625
283.599613599945	0.465625
283.616612399928	0.465625
283.632903299993	0.465625
283.649808399845	0.465625
283.666207699804	0.465625
283.682992199901	0.465625
283.699914699886	0.465625
283.716348699993	0.465625
283.732893799897	0.465625
283.749814799987	0.465625
283.766739799874	0.465625
283.783105599927	0.465625
283.799796599895	0.465625
283.816372899804	0.465625
283.833436599933	0.465625
283.849731999915	0.465625
283.866812799824	0.465625
283.883060699794	0.465625
283.899493200006	0.465625
283.916200499982	0.465625
283.932585799834	0.465625
283.949788999977	0.465625
283.966494599823	0.465625
283.983008999843	0.465625
283.999952799873	0.465625
284.016430999851	0.465625
284.033034199849	0.465625
284.049766399898	0.465625
284.066612599883	0.465625
284.083097599912	0.465625
284.099689399824	0.465625
284.116628499934	0.465625
284.133076199796	0.465625
284.149525299901	0.465625
284.166553799994	0.465625
284.182972599985	0.465625
284.199624199886	0.465625
284.216501599876	0.465625
284.232976099942	0.465625
284.249875299865	0.465625
284.266748999944	0.465625
284.282998999814	0.465625
284.299510599812	0.465625
284.316335799871	0.465625
284.333106599981	0.465625
284.349260899937	0.465625
284.36641859985	0.465625
284.382967899786	0.465625
284.39994719997	0.465625
284.41635139985	0.465625
284.433071299922	0.465625
284.449982199818	0.465625
284.466247799806	0.465625
284.482879899908	0.465625
284.499686199939	0.465625
284.516694599995	0.465625
284.53307939996	0.465625
284.5498736999	0.465625
284.56626799982	0.465625
284.583048899891	0.465625
284.599781599827	0.465625
284.616598399822	0.465625
284.632803399814	0.465625
284.64983349992	0.465625
284.666679599788	0.465625
284.682810199913	0.465625
284.699576399988	0.465625
284.716477699811	0.465625
284.732436099788	0.465625
284.74946179986	0.465625
284.766800499987	0.465625
284.783076999942	0.465625
284.799844199792	0.465625
284.816372699803	0.465625
284.832758999895	0.465625
284.849799499847	0.465625
284.866255800007	0.465625
284.883092199918	0.465625
284.899442499969	0.465625
284.916424999945	0.465625
284.932576699881	0.465625
284.949662799947	0.465625
284.966293699807	0.465625
284.982449000003	0.465625
284.999908199999	0.465625
285.016086699907	0.465625
285.032849899959	0.465625
285.049702899996	0.465625
285.066682399949	0.465625
285.082539599854	0.465625
285.099932899931	0.465625
285.116245399928	0.465625
285.133013200015	0.465625
285.149904099992	0.465625
285.166552699869	0.465625
285.182842299808	0.465625
285.1997963998	0.465625
285.216140699806	0.465625
285.232354899868	0.465625
285.249812899856	0.465625
285.2664965	0.465625
285.282461099792	0.465625
285.299903699895	0.465625
285.316448099911	0.465625
285.332922599977	0.465625
285.349711399991	0.465625
285.366676899837	0.465625
285.382588099921	0.465625
285.39973179996	0.465625
285.416728199925	0.465625
285.433018099982	0.465625
285.449656399898	0.465625
285.466171299806	0.465625
285.482735599857	0.465625
285.499818099895	0.465625
285.516235699877	0.465625
285.532603099942	0.465625
285.549725199817	0.465625
285.566187899793	0.465625
285.58247829997	0.465625
285.599747299915	0.465625
285.61710319994	0.465625
285.632692799903	0.465625
285.649590699933	0.465625
285.666542699793	0.465625
285.682634499855	0.465625
285.699531099992	0.465625
285.716498599853	0.465625
285.733087599976	0.465625
285.749747499824	0.465625
285.766401699977	0.465625
285.782422299962	0.465625
285.799591299845	0.465625
285.816220399924	0.465625
285.832799199969	0.465625
285.849462399958	0.465625
285.866582499817	0.465625
285.882870299974	0.465625
285.899462499889	0.465625
285.916204900015	0.465625
285.933004499879	0.465625
285.949422199978	0.465625
285.966488200007	0.465625
285.982594399946	0.465625
285.999332599808	0.465625
286.016548799817	0.465625
286.032429999905	0.465625
286.049936299911	0.465625
286.06659079995	0.465625
286.083016799996	0.465625
286.100017099874	0.465625
286.116358699976	0.465625
286.132683999836	0.465625
286.149719199864	0.465625
286.166256799828	0.465625
286.182786499849	0.465625
286.199772999855	0.465625
286.215951599879	0.465625
286.232651399914	0.465625
286.249508899869	0.465625
286.266060799826	0.465625
286.282453199849	0.465625
286.299937899923	0.465625
286.316514099948	0.465625
286.332751999842	0.465625
286.34948939993	0.465625
286.366319399793	0.465625
286.383008799981	0.465625
286.399693799904	0.465625
286.416200399864	0.465625
286.4327626999	0.465625
286.449634899851	0.465625
286.466339699924	0.465625
286.482988799922	0.465625
286.499723199988	0.465625
286.51629589987	0.465625
286.533175499877	0.465625
286.549654899864	0.465625
286.566622899845	0.465625
286.582797399955	0.465625
286.599888099823	0.465625
286.616675799945	0.465625
286.632833599811	0.465625
286.649757799925	0.465625
286.66655059997	0.465625
286.682545999996	0.465625
286.699855099898	0.465625
286.716341099935	0.465625
286.732429499971	0.465625
286.749563799938	0.465625
286.766626099823	0.465625
286.78255649982	0.465625
286.799744199961	0.465625
286.816272099968	0.465625
286.832900499925	0.465625
286.849538899958	0.465625
286.866390999872	0.465625
286.882784999907	0.465625
286.899738299893	0.465625
286.916394699831	0.465625
286.932450399967	0.465625
286.949438399868	0.465625
286.96622559987	0.465625
286.98253729986	0.465625
286.999588900013	0.465625
287.016410899814	0.465625
287.032470799983	0.465625
287.049279499799	0.465625
287.066405799938	0.465625
287.082310299855	0.465625
287.099570099963	0.465625
287.116361499997	0.465625
287.133100099862	0.465625
287.149791299831	0.465625
287.166356399888	0.465625
287.182507799938	0.465625
287.199818599969	0.465625
287.216198300011	0.465625
287.232817299897	0.465625
287.24962729984	0.465625
287.266423599795	0.465625
287.282923899824	0.465625
287.299794299994	0.465625
287.316042199964	0.465625
287.332809099928	0.465625
287.349177099997	0.465625
287.366510199849	0.465625
287.382507100003	0.465625
287.399631100008	0.465625
287.416370399995	0.465625
287.432845899835	0.465625
287.449927399866	0.465625
287.466154299909	0.465625
287.483089899877	0.465625
287.499900499824	0.465625
287.516390200006	0.465625
287.536749599967	0.465625
287.549659200013	0.465625
287.565915899817	0.465625
287.582878199872	0.465625
287.599738099845	0.465625
287.616452899994	0.465625
287.632823399967	0.465625
287.649261999875	0.465625
287.666136099957	0.465625
287.682877999963	0.465625
287.699626299785	0.465625
287.716337599792	0.465625
287.732527899789	0.465625
287.749584399862	0.465625
287.766470899805	0.465625
287.782777199987	0.465625
287.799609699985	0.465625
287.816347699845	0.465625
287.832706599962	0.465625
287.849696699996	0.465625
287.866541099967	0.465625
287.882279899903	0.465625
287.899619999807	0.465625
287.916754599893	0.465625
287.932940299856	0.465625
287.949814899825	0.465625
287.966280399822	0.465625
287.982789399801	0.465625
287.999610699946	0.465625
288.016057999805	0.465625
288.03244819981	0.465625
288.049470399972	0.465625
288.066241399851	0.465625
288.083103899844	0.465625
288.099615999963	0.465625
288.116212099791	0.465625
288.133117399877	0.465625
288.149811499985	0.465625
288.166792899836	0.465625
288.182929799892	0.465625
288.19981689984	0.465625
288.216225799872	0.465625
288.232491199858	0.465625
288.249781099847	0.465625
288.266440599924	0.465625
288.282938299933	0.465625
288.299121299991	0.465625
288.315911100013	0.465625
288.33292649989	0.465625
288.349340699846	0.465625
288.366112999851	0.465625
288.382849899819	0.465625
288.399792899843	0.465625
288.415707799839	0.465625
288.433148199925	0.465625
288.449782499811	0.465625
288.466310699936	0.465625
288.482909200015	0.465625
288.499651999911	0.465625
288.516285499791	0.465625
288.532493299805	0.465625
288.549783199793	0.465625
288.566703799879	0.465625
288.582922399975	0.465625
288.59972479986	0.465625
288.616020599846	0.465625
288.632695699809	0.465625
288.649631100008	0.465625
288.666280099889	0.465625
288.682461699937	0.465625
288.69971119985	0.465625
288.715975599829	0.465625
288.732764199842	0.465625
288.749482000014	0.465625
288.766205299878	0.465625
288.782626899891	0.465625
288.799651299836	0.465625
288.816404299811	0.465625
288.832909499994	0.465625
288.849686099915	0.465625
288.866286600009	0.465625
288.882598099997	0.465625
288.899638699833	0.465625
288.916263699997	0.465625
288.93291899981	0.465625
288.949385199929	0.465625
288.96611729986	0.465625
288.982916399837	0.465625
288.999750999967	0.465625
289.016305299941	0.465625
289.032916399883	0.465625
289.05000649998	0.465625
289.066361099947	0.465625
289.082853099797	0.465625
289.099336899817	0.465625
289.116404199973	0.465625
289.137658199994	0.465625
289.148953099968	0.465625
289.166190699907	0.465625
289.183058299823	0.465625
289.199637299869	0.465625
289.216332999989	0.465625
289.232786099892	0.465625
289.249498399906	0.465625
289.266347499797	0.465625
289.282892799936	0.465625
289.299673500005	0.465625
289.316349199973	0.465625
289.332814299967	0.465625
289.349437600002	0.465625
289.36629549996	0.465625
289.382342299912	0.465625
289.399739499902	0.465625
289.416053899797	0.465625
289.432973799994	0.465625
289.449726399966	0.465625
289.46644829982	0.465625
289.483033599798	0.465625
289.499529899796	0.465625
289.516077499837	0.465625
289.532479499932	0.465625
289.549315199954	0.465625
289.565901199821	0.465625
289.58285259991	0.465625
289.599186999956	0.465625
289.615955899935	0.465625
289.632649399806	0.465625
289.649516099831	0.465625
289.666053699795	0.465625
289.683020500001	0.465625
289.699977400014	0.465625
289.716110899812	0.465625
289.732907199999	0.465625
289.749476899859	0.465625
289.766221199883	0.465625
289.783005699981	0.465625
289.799555299804	0.465625
289.816216199892	0.465625
289.832552299835	0.465625
289.849453100003	0.465625
289.866216799943	0.465625
289.882678299909	0.465625
289.900077899918	0.465625
289.916618999792	0.465625
289.93314969982	0.465625
289.949726399966	0.465625
289.96629199991	0.465625
289.982921899995	0.465625
289.999686199939	0.465625
290.016259399941	0.465625
290.032842099899	0.465625
290.049135499867	0.465625
290.066219599918	0.465625
290.082908299984	0.465625
290.099536599824	0.465625
290.1158747999	0.465625
290.132338399999	0.465625
290.149342299905	0.465625
290.165989500005	0.465625
290.182816999964	0.465625
290.199525699951	0.465625
290.216273499886	0.465625
290.232596999966	0.465625
290.249519699952	0.465625
290.266215299955	0.465625
290.282500399975	0.465625
290.299153300002	0.465625
290.315938699991	0.465625
290.333259699866	0.465625
290.349722499959	0.465625
290.366316800006	0.465625
290.382964399876	0.465625
290.399609099841	0.465625
290.416220200015	0.465625
290.432885399787	0.465625
290.449538599933	0.465625
290.466226399876	0.465625
290.483298999956	0.465625
290.499738299986	0.465625
290.516388499876	0.465625
290.532760099974	0.465625
290.548984399997	0.465625
290.566186700016	0.465625
290.582902999828	0.465625
290.59915819997	0.465625
290.616181899793	0.465625
290.632980599999	0.465625
290.64963569981	0.465625
290.666295399889	0.465625
290.683003999991	0.465625
290.699646899942	0.465625
290.715891399886	0.465625
290.732697799802	0.465625
290.749569799984	0.465625
290.766312299995	0.465625
290.782316099852	0.465625
290.799226099858	0.465625
290.816205299925	0.465625
290.832903099945	0.465625
290.849608599907	0.465625
290.866460399935	0.465625
290.882830000017	0.465625
290.899406299926	0.465625
290.916219899897	0.465625
290.932833499974	0.465625
290.949476199923	0.465625
290.966311699944	0.465625
290.982610699954	0.465625
290.999568399973	0.465625
291.016226599924	0.465625
291.032880999846	0.465625
291.049140499905	0.465625
291.066281699808	0.465625
291.083401900018	0.465625
291.099748199806	0.465625
291.1159971999	0.465625
291.132904700004	0.465625
291.149726899806	0.465625
291.16615840001	0.465625
291.182792099891	0.465625
291.199562199879	0.465625
291.216348899994	0.465625
291.232854499947	0.465625
291.249426899944	0.465625
291.266057699919	0.465625
291.282808599994	0.465625
291.299505299889	0.465625
291.315925400006	0.465625
291.332956400001	0.465625
291.349138799822	0.465625
291.366121399915	0.465625
291.382754099788	0.465625
291.399623099947	0.465625
291.415882800007	0.465625
291.432376099983	0.465625
291.449497299967	0.465625
291.466149799991	0.465625
291.482947699958	0.465625
291.499183799839	0.465625
291.516173399985	0.465625
291.532856599893	0.465625
291.549331399845	0.465625
291.566070299828	0.465625
291.582865099888	0.465625
291.599488399923	0.465625
291.616173599847	0.465625
291.632731799968	0.465625
291.649462800007	0.465625
291.666198699968	0.465625
291.682785499841	0.465625
291.699231699808	0.465625
291.715698099928	0.465625
291.732872699853	0.465625
291.749467699789	0.465625
291.765903399792	0.465625
291.782645699801	0.465625
291.799569999799	0.465625
291.816348599968	0.465625
291.832633199869	0.465625
291.849102699896	0.465625
291.866227999795	0.465625
291.882417899789	0.465625
291.899552599993	0.465625
291.916412999853	0.465625
291.93255649996	0.465625
291.949631399941	0.465625
291.966253199847	0.465625
291.982782499865	0.465625
291.999377099797	0.465625
292.016464399872	0.465625
292.032635899959	0.465625
292.049360699952	0.465625
292.066103799967	0.465625
292.082822399912	0.465625
292.099409299903	0.465625
292.115836799843	0.465625
292.132566499989	0.465625
292.149415699998	0.465625
292.166049799882	0.465625
292.182762400014	0.465625
292.199002699926	0.465625
292.216122299898	0.465625
292.232815199997	0.465625
292.249257299816	0.465625
292.266163299792	0.465625
292.28277969989	0.465625
292.299259399995	0.465625
292.316088999854	0.465625
292.332853599917	0.465625
292.349449799862	0.465625
292.366138599813	0.465625
292.382540599909	0.465625
292.399409799837	0.465625
292.416145099793	0.465625
292.432849399978	0.465625
292.449419699842	0.465625
292.466089499881	0.465625
292.483439799864	0.465625
292.499410799937	0.465625
292.515964999795	0.465625
292.533151699929	0.465625
292.549207999837	0.465625
292.56630029995	0.465625
292.582897899905	0.465625
292.599401299842	0.465625
292.616168499924	0.465625
292.63277529995	0.465625
292.649330099812	0.465625
292.666101799812	0.465625
292.683147999924	0.465625
292.69944519992	0.465625
292.716007799841	0.465625
292.732967999997	0.465625
292.749366399832	0.465625
292.76638679998	0.465625
292.782760999864	0.465625
292.799463699805	0.465625
292.81607049983	0.465625
292.832579299808	0.465625
292.849365799921	0.465625
292.865835599834	0.465625
292.882372899912	0.465625
292.899398199981	0.465625
292.915992699796	0.465625
292.932725399965	0.465625
292.949342699954	0.465625
292.965891500004	0.465625
292.982753999997	0.465625
292.999304699944	0.465625
293.01583729987	0.465625
293.03286539996	0.465625
293.049076399999	0.465625
293.065628699958	0.465625
293.082945799921	0.465625
293.099155799951	0.465625
293.116074999794	0.465625
293.133278899826	0.465625
293.149359999923	0.465625
293.165912699886	0.465625
293.183083900018	0.465625
293.199506799923	0.465625
293.216188099934	0.465625
293.233226699987	0.465625
293.249416999985	0.465625
293.265983899822	0.465625
293.282933400013	0.465625
293.299040599959	0.465625
293.316010099836	0.465625
293.332749199821	0.465625
293.349404799985	0.465625
293.366120099789	0.465625
293.382653999841	0.465625
293.399214199977	0.465625
293.415914299898	0.465625
293.432605699869	0.465625
293.44934209995	0.465625
293.466469899984	0.465625
293.482587300008	0.465625
293.499098900007	0.465625
293.515808699885	0.465625
293.532193599967	0.465625
293.54914769996	0.465625
293.565768499859	0.465625
293.58234029985	0.465625
293.599370899843	0.465625
293.615400600014	0.465625
293.632420399925	0.465625
293.649396999972	0.465625
293.666212699842	0.465625
293.682590899989	0.465625
293.699275799794	0.465625
293.715931799961	0.465625
293.732771399897	0.465625
293.749187399866	0.465625
293.765780999791	0.465625
293.782823399873	0.465625
293.799492199905	0.465625
293.815954999998	0.465625
293.832658399828	0.465625
293.849210899789	0.465625
293.866064999951	0.465625
293.882569799898	0.465625
293.899535599863	0.465625
293.915948399808	0.465625
293.932611199794	0.465625
293.949172299821	0.465625
293.966061400017	0.465625
293.982639699942	0.465625
293.999112499878	0.465625
294.015780200018	0.465625
294.032397999894	0.465625
294.049063799903	0.465625
294.065475799842	0.465625
294.082683399785	0.465625
294.099179799901	0.465625
294.115921399789	0.465625
294.132385599893	0.465625
294.148861899972	0.465625
294.165901799919	0.465625
294.182748699794	0.465625
294.198960299836	0.465625
294.21566909994	0.465625
294.232907899888	0.465625
294.249011999927	0.465625
294.265659699915	0.465625
294.283021299867	0.465625
294.299353200011	0.465625
294.316045999993	0.465625
294.332881799899	0.465625
294.349356199848	0.465625
294.365952399792	0.465625
294.382771599805	0.465625
294.399280400015	0.465625
294.415968299843	0.465625
294.43252419983	0.465625
294.449572499841	0.465625
294.4658605	0.465625
294.482440499822	0.465625
294.499112899881	0.465625
294.515867199982	0.465625
294.533049299847	0.465625
294.549352200003	0.465625
294.565760299796	0.465625
294.582462099846	0.465625
294.599300100002	0.465625
294.615934500005	0.465625
294.632790199947	0.465625
294.649368599989	0.465625
294.665609000018	0.465625
294.682540099835	0.465625
294.699114499846	0.465625
294.71580749983	0.465625
294.732788699912	0.465625
294.749351999955	0.465625
294.765618199948	0.465625
294.782860699808	0.465625
294.799325899919	0.465625
294.816208499949	0.465625
294.8328054999	0.465625
294.849372099852	0.465625
294.865718099987	0.465625
294.883032999933	0.465625
294.89946789993	0.465625
294.915913000004	0.465625
294.93273299979	0.465625
294.94938749983	0.465625
294.965909899911	0.465625
294.982683299808	0.465625
294.999279699987	0.465625
295.015746499877	0.465625
295.032660299912	0.465625
295.049412199995	0.465625
295.065500199795	0.465625
295.082771099871	0.465625
295.099344599992	0.465625
295.115781900007	0.465625
295.132586099906	0.465625
295.14906999981	0.465625
295.165798599832	0.465625
295.18235069979	0.465625
295.198956599925	0.465625
295.215499999933	0.465625
295.232880699914	0.465625
295.250206599943	0.465625
295.265891799936	0.465625
295.28286399995	0.465625
295.29934519995	0.465625
295.315641199937	0.465625
295.332789199892	0.465625
295.349332700018	0.465625
295.366257299902	0.465625
295.382884799968	0.465625
295.399166499963	0.465625
295.415639499901	0.465625
295.432887599804	0.465625
295.449327399954	0.465625
295.465828999877	0.465625
295.48299379996	0.465625
295.499309299979	0.465625
295.515800699824	0.465625
295.532990099862	0.465625
295.549220899818	0.465625
295.565410299925	0.465625
295.582787899999	0.465625
295.599275099812	0.465625
295.616011400009	0.465625
295.632684999844	0.465625
295.648956899997	0.465625
295.665662799962	0.465625
295.682844499825	0.465625
295.699328499846	0.465625
295.715714199934	0.465625
295.732839999953	0.465625
295.749386299867	0.465625
295.765985599952	0.465625
295.782704700017	0.465625
295.799270999851	0.465625
295.815979099832	0.465625
295.832715499913	0.465625
295.848862799816	0.465625
295.865958599839	0.465625
295.88247909979	0.465625
295.89923599991	0.465625
295.915622399887	0.465625
295.932473799912	0.465625
295.949355599936	0.465625
295.965802199906	0.465625
295.982596999966	0.465625
295.999260399956	0.465625
296.015505699906	0.465625
296.032441399992	0.465625
296.049306999892	0.465625
296.065449299989	0.465625
296.082682800014	0.465625
296.099484399892	0.465625
296.115748099983	0.465625
296.132319899974	0.465625
296.149204199901	0.465625
296.165729600005	0.465625
296.182596799918	0.465625
296.19919449999	0.465625
296.215665299911	0.465625
296.232562699821	0.465625
296.249024599791	0.465625
296.266050299862	0.465625
296.282432699809	0.465625
296.299115199829	0.465625
296.315563699929	0.465625
296.3327116	0.465625
296.349300999893	0.465625
296.365958399838	0.465625
296.382469499949	0.465625
296.399333199952	0.465625
296.415993399918	0.465625
296.43231539987	0.465625
296.449379199883	0.465625
296.465441399952	0.465625
296.482701299945	0.465625
296.499256799929	0.465625
296.515574999852	0.465625
296.533042699797	0.465625
296.549068199936	0.465625
296.565904299961	0.465625
296.582839599811	0.465625
296.599007799989	0.465625
296.615804199828	0.465625
296.632402399788	0.465625
296.649289499968	0.465625
296.665509899845	0.465625
296.682542899856	0.465625
296.699535799911	0.465625
296.716111899819	0.465625
296.732674899977	0.465625
296.749320899835	0.465625
296.765798299806	0.465625
296.782806599978	0.465625
296.799140799791	0.465625
296.815845699981	0.465625
296.832752899965	0.465625
296.849372799974	0.465625
296.865920200013	0.465625
296.882482299814	0.465625
296.899443499977	0.465625
296.915756799979	0.465625
296.932629799936	0.465625
296.949258999899	0.465625
296.965522499988	0.465625
296.982673099963	0.465625
296.998780899914	0.465625
297.015699499985	0.465625
297.032891899813	0.465625
297.049374199938	0.465625
297.06589749991	0.465625
297.0829452998	0.465625
297.099043399794	0.465625
297.115860199789	0.465625
297.132485099835	0.465625
297.149787199916	0.465625
297.166381499963	0.465625
297.18280369998	0.465625
297.199378499994	0.465625
297.215855099959	0.465625
297.232611899963	0.465625
297.249112099875	0.465625
297.265895199962	0.465625
297.283036399866	0.465625
297.299202799797	0.465625
297.316151399864	0.465625
297.332576499786	0.465625
297.3491336999	0.465625
297.365944799967	0.465625
297.383011099882	0.465625
297.399032799993	0.465625
297.415640599793	0.465625
297.432629099814	0.465625
297.449164299993	0.465625
297.46582679986	0.465625
297.482653999934	0.465625
297.499205299886	0.465625
297.515511899954	0.465625
297.532398900017	0.465625
297.549018299906	0.465625
297.565981999971	0.465625
297.582608699799	0.465625
297.599470599787	0.465625
297.615633299807	0.465625
297.632702299859	0.465625
297.649232299998	0.465625
297.66583329998	0.465625
297.682646699948	0.465625
297.699263099814	0.465625
297.715767199872	0.465625
297.732632400002	0.465625
297.749196199933	0.465625
297.76578529994	0.465625
297.782471699873	0.465625
297.798996699974	0.465625
297.815797999967	0.465625
297.832185299834	0.465625
297.848864399828	0.465625
297.865932099987	0.465625
297.882543999935	0.465625
297.899341200013	0.465625
297.915790600004	0.465625
297.932161399862	0.465625
297.949455800001	0.465625
297.965635999804	0.465625
297.982632099884	0.465625
297.998992600013	0.465625
298.015558299841	0.465625
298.032398700016	0.465625
298.049290499883	0.465625
298.065986600006	0.465625
298.082559800008	0.465625
298.098977299873	0.465625
298.115820599953	0.465625
298.132564199856	0.465625
298.149091099855	0.465625
298.165411499795	0.465625
298.182818599977	0.465625
298.199413999915	0.465625
298.216038499959	0.465625
298.232314099791	0.465625
298.249167199945	0.465625
298.265885100001	0.465625
298.282550500007	0.465625
298.299478699919	0.465625
298.315992899938	0.465625
298.332336199936	0.465625
298.34916689992	0.465625
298.366166399792	0.465625
298.382357599912	0.465625
298.398743399885	0.465625
298.415804699995	0.465625
298.43230669992	0.465625
298.449098499957	0.465625
298.465549099958	0.465625
298.482855899958	0.465625
298.499007700011	0.465625
298.515884199878	0.465625
298.532465699827	0.465625
298.54889999982	0.465625
298.565575699788	0.465625
298.582343499875	0.465625
298.598828999791	0.465625
298.6155516	0.465625
298.632604899816	0.465625
298.649195099948	0.465625
298.66570969997	0.465625
298.682850299869	0.465625
298.699253899977	0.465625
298.715767299989	0.465625
298.732485099928	0.465625
298.74897869979	0.465625
298.765681099845	0.465625
298.782687400002	0.465625
298.798897799803	0.465625
298.81579839997	0.465625
298.83256000001	0.465625
298.849135199795	0.465625
298.865493299905	0.465625
298.882598799886	0.465625
298.899195899954	0.465625
298.915754099842	0.465625
298.932555599837	0.465625
298.949211800005	0.465625
298.966304299887	0.465625
298.982710999902	0.465625
298.999102499802	0.465625
299.015672900015	0.465625
299.032543699956	0.465625
299.049174299929	0.465625
299.065772299888	0.465625
299.082534299931	0.465625
299.098769699922	0.465625
299.115615899907	0.465625
299.132345499936	0.465625
299.148955099983	0.465625
299.16615439998	0.465625
299.182518299902	0.465625
299.199145099847	0.465625
299.215807399945	0.465625
299.232363299932	0.465625
299.249024199788	0.465625
299.2660420998	0.465625
299.28260239982	0.465625
299.299167999998	0.465625
299.315408499911	0.465625
299.332813199842	0.465625
299.349266599864	0.465625
299.365663699806	0.465625
299.382260899991	0.465625
299.398832199862	0.465625
299.415577099891	0.465625
299.432355699828	0.465625
299.449035399826	0.465625
299.466189999832	0.465625
299.482763499953	0.465625
299.499209699919	0.465625
299.5159175999	0.465625
299.53256779979	0.465625
299.549147599842	0.465625
299.566341099795	0.465625
299.582417799858	0.465625
299.598977199988	0.465625
299.615581199992	0.465625
299.63233549986	0.465625
299.649006599793	0.465625
299.665871499805	0.465625
299.681888199877	0.465625
299.699249899946	0.465625
299.715839899844	0.465625
299.732644099975	0.465625
299.749251399888	0.465625
299.766073599923	0.465625
299.782277499791	0.465625
299.799141299911	0.465625
299.815568999853	0.465625
299.832009800011	0.465625
299.848765000002	0.465625
299.866602199851	0.465625
299.882328599924	0.465625
299.899162199814	0.465625
299.91606489988	0.465625
299.932640899904	0.465625
299.948801699793	0.465625
299.965901299845	0.465625
299.982387299882	0.465625
299.999034799868	0.465625
300.015873699915	0.465625
300.032532199984	0.465625
300.049452199833	0.465625
300.065878799884	0.465625
300.082615599968	0.465625
300.098927299958	0.465625
300.115629900014	0.465625
300.132804699941	0.465625
300.149317599833	0.465625
300.165519899921	0.465625
300.182964999927	0.465625
300.199139999924	0.465625
300.215808699839	0.465625
300.23241940001	0.465625
300.248762300005	0.465625
300.265925599961	0.465625
300.282582799904	0.465625
300.299094799906	0.465625
300.315630899975	0.465625
300.332606300013	0.465625
300.349163899897	0.465625
300.365700499853	0.465625
300.382468499942	0.465625
300.39919009991	0.465625
300.415715900017	0.465625
300.432809599908	0.465625
300.449133399874	0.465625
300.465902299853	0.465625
300.4821887	0.465625
300.499010299798	0.465625
300.515788599849	0.465625
300.532459199894	0.465625
300.548942699796	0.465625
300.565488399938	0.465625
300.58252159995	0.465625
300.599481299985	0.465625
300.615782399895	0.465625
300.632459799992	0.465625
300.649046899984	0.465625
300.665821000002	0.465625
300.682437599869	0.465625
300.699137299787	0.465625
300.715633599786	0.465625
300.732001799857	0.465625
300.748825499788	0.465625
300.765947100008	0.465625
300.782527599949	0.465625
300.798712000018	0.465625
300.815896699904	0.465625
300.832579599926	0.465625
300.849113399861	0.465625
300.86568789999	0.465625
300.882394599961	0.465625
300.899321399862	0.465625
300.91578219994	0.465625
300.931984799914	0.465625
300.948715699837	0.465625
300.965854899958	0.465625
300.982405199902	0.465625
300.998911099974	0.465625
301.0157821998	0.465625
301.032737399917	0.465625
301.048773599789	0.465625
301.065827299841	0.465625
301.082484599901	0.465625
301.099043799797	0.465625
301.115515999962	0.465625
301.132380599855	0.465625
301.150007099845	0.465625
301.165934199933	0.465625
301.182074300013	0.465625
301.19862969988	0.465625
301.21553539997	0.465625
301.232436099788	0.465625
301.249362499919	0.465625
301.265721799806	0.465625
301.282846799819	0.465625
301.299472499872	0.465625
301.316127399914	0.465625
301.332660899963	0.465625
301.348732699873	0.465625
301.365665199934	0.465625
301.38284169999	0.465625
301.399095299887	0.465625
301.415426099906	0.465625
301.432231199928	0.465625
301.449169099797	0.465625
301.465952199884	0.465625
301.482328899903	0.465625
301.499094299972	0.465625
301.515715299873	0.465625
301.532082599821	0.465625
301.549016499892	0.465625
301.566059599863	0.465625
301.582897099899	0.465625
301.599191199988	0.465625
301.615932899993	0.465625
301.632120499853	0.465625
301.649038999807	0.465625
301.665682899999	0.465625
301.682422599988	0.465625
301.698859299999	0.465625
301.71586349979	0.465625
301.732412899844	0.465625
301.748710699845	0.465625
301.7659655998	0.465625
301.782390999841	0.465625
301.799082599813	0.465625
301.815773400012	0.465625
301.832301299786	0.465625
301.84876339999	0.465625
301.865871899994	0.465625
301.882280099904	0.465625
301.898734699935	0.465625
301.91580009996	0.465625
301.932323899819	0.465625
301.948872999987	0.465625
301.965820899932	0.465625
301.983065999812	0.465625
301.999114699895	0.465625
302.015109199798	0.465625
302.032543599838	0.465625
302.048868299928	0.465625
302.065885799937	0.465625
302.082468000008	0.465625
302.098951299908	0.465625
302.11591980001	0.465625
302.132037999807	0.465625
302.148982099956	0.465625
302.165471399901	0.465625
302.182384299813	0.465625
302.198862199904	0.465625
302.215695199789	0.465625
302.232503899839	0.465625
302.248973599868	0.465625
302.265791599872	0.465625
302.282368999906	0.465625
302.299330999842	0.465625
302.316025699954	0.465625
302.332174399868	0.465625
302.348594499985	0.465625
302.365941699827	0.465625
302.382532799849	0.465625
302.398849399993	0.465625
302.416094199987	0.465625
302.432587799849	0.465625
302.449056899874	0.465625
302.466092499904	0.465625
302.482613599859	0.465625
302.499235399999	0.465625
302.515830399934	0.465625
302.532582699787	0.465625
302.548535099952	0.465625
302.565900399815	0.465625
302.582071499899	0.465625
302.598904599901	0.465625
302.615817799931	0.465625
302.632365399972	0.465625
302.648876099847	0.465625
302.665883800015	0.465625
302.682309399825	0.465625
302.698895099806	0.465625
302.715545399813	0.465625
302.732382799964	0.465625
302.749034099979	0.465625
302.765945899999	0.465625
302.782148699975	0.465625
302.799187599914	0.465625
302.81569359987	0.465625
302.832524299854	0.465625
302.849174699979	0.465625
302.865359899821	0.465625
302.882513599936	0.465625
302.899021899793	0.465625
302.915837599896	0.465625
302.932363299886	0.465625
302.948945799842	0.465625
302.965377299814	0.465625
302.982291399967	0.465625
302.998951799935	0.465625
303.01582979993	0.465625
303.032282599946	0.465625
303.048605299788	0.465625
303.065480999881	0.465625
303.081885599997	0.465625
303.09863269981	0.465625
303.115873799892	0.465625
303.132004499901	0.465625
303.148731699912	0.465625
303.16549779987	0.465625
303.182523899944	0.465625
303.198968299897	0.465625
303.215882199816	0.465625
303.232374199899	0.465625
303.248967099935	0.465625
303.265895999968	0.465625
303.282414299902	0.465625
303.299150899984	0.465625
303.31584689999	0.465625
303.332358899992	0.465625
303.348783199908	0.465625
303.365906399908	0.465625
303.382381899981	0.465625
303.398829999845	0.465625
303.415478499839	0.465625
303.432441799901	0.465625
303.448635999812	0.465625
303.465984399896	0.465625
303.482522699982	0.465625
303.498858599924	0.465625
303.515635399846	0.465625
303.532414200017	0.465625
303.548448499991	0.465625
303.565659599844	0.465625
303.582567999838	0.465625
303.598627900006	0.465625
303.615327799926	0.465625
303.63235339988	0.465625
303.648603099864	0.465625
303.665676899953	0.465625
303.682382399915	0.465625
303.69879259984	0.465625
303.716202799929	0.465625
303.732587799896	0.465625
303.748926999979	0.465625
303.765957999974	0.465625
303.782491599908	0.465625
303.798920699861	0.465625
303.815748199821	0.465625
303.832607899792	0.465625
303.848563099978	0.465625
303.865725299809	0.465625
303.882389699807	0.465625
303.898600599961	0.465625
303.91552319983	0.465625
303.932391799986	0.465625
303.948642399861	0.465625
303.965523499995	0.465625
303.982406499796	0.465625
303.998707999941	0.465625
304.015472299885	0.465625
304.032385199796	0.465625
304.048886199947	0.465625
304.065682799788	0.465625
304.082268500002	0.465625
304.09882009984	0.465625
304.115662199911	0.465625
304.132375599816	0.465625
304.148899799911	0.465625
304.165819599992	0.465625
304.182020399952	0.465625
304.198822799837	0.465625
304.215668299934	0.465625
304.232163399924	0.465625
304.248711199965	0.465625
304.265668399865	0.465625
304.282394699985	0.465625
304.298643599963	0.465625
304.315809099935	0.465625
304.332391799893	0.465625
304.348852599971	0.465625
304.365369499894	0.465625
304.382046299987	0.465625
304.398913699901	0.465625
304.415650999872	0.465625
304.432548999786	0.465625
304.449013300007	0.465625
304.465664199786	0.465625
304.482456899947	0.465625
304.499043999938	0.465625
304.51589189982	0.465625
304.532544899965	0.465625
304.548896899913	0.465625
304.565735199954	0.465625
304.582301499788	0.465625
304.598708399804	0.465625
304.615691999905	0.465625
304.632517199963	0.465625
304.649004699895	0.465625
304.665699699894	0.465625
304.682295799954	0.465625
304.699137599906	0.465625
304.716013900004	0.465625
304.732432599878	0.465625
304.748764399905	0.465625
304.765448999824	0.465625
304.782482499955	0.465625
304.798720099963	0.465625
304.815962399822	0.465625
304.83244599984	0.465625
304.848669999978	0.465625
304.865518099861	0.465625
304.882154699881	0.465625
304.898623300018	0.465625
304.915884499904	0.465625
304.932329699863	0.465625
304.948530499823	0.465625
304.965780999977	0.465625
304.982199199963	0.465625
304.998812699923	0.465625
305.015908599831	0.465625
305.032458999893	0.465625
305.04859869997	0.465625
305.065274999943	0.465625
305.082028699806	0.465625
305.098605799954	0.465625
305.115747999866	0.465625
305.132526299916	0.465625
305.148586199852	0.465625
305.165619099978	0.465625
305.182238799985	0.465625
305.198509899899	0.465625
305.215384499868	0.465625
305.232322699856	0.465625
305.248793799896	0.465625
305.265744199976	0.465625
305.282240799861	0.465625
305.298552899854	0.465625
305.315639599925	0.465625
305.332447499968	0.465625
305.348541799933	0.465625
305.365703499876	0.465625
305.382273599971	0.465625
305.398513799999	0.465625
305.415577699896	0.465625
305.43204330001	0.465625
305.448529299814	0.465625
305.465294199996	0.465625
305.482482399791	0.465625
305.498484499985	0.465625
305.515514599858	0.465625
305.532391999848	0.465625
305.548813999863	0.465625
305.565952699864	0.465625
305.582267399877	0.465625
305.598817799939	0.465625
305.615870299982	0.465625
305.631889099954	0.465625
305.648689399939	0.465625
305.665424800012	0.465625
305.682479499839	0.465625
305.698401300004	0.465625
305.715885899961	0.465625
305.732064499985	0.465625
305.748785699951	0.465625
305.765566099901	0.465625
305.782176899957	0.465625
305.798680200009	0.465625
305.81576119992	0.465625
305.832440699916	0.465625
305.848837299971	0.465625
305.865683299955	0.465625
305.882304999977	0.465625
305.898452899884	0.465625
305.915339299943	0.465625
305.931694199797	0.465625
305.948361999821	0.465625
305.965698899934	0.465625
305.982254999923	0.465625
305.998709499836	0.465625
306.016100700013	0.465625
306.032367599895	0.465625
306.048676799983	0.465625
306.065569899976	0.465625
306.082367799943	0.465625
306.098807199858	0.465625
306.115571199916	0.465625
306.132252599811	0.465625
306.148542599985	0.465625
306.165623599896	0.465625
306.181945499964	0.465625
306.198517699959	0.465625
306.21572579979	0.465625
306.232247799868	0.465625
306.248668599874	0.465625
306.265417899936	0.465625
306.282279699808	0.465625
306.299126799917	0.465625
306.315558899892	0.465625
306.332474599825	0.465625
306.348796000006	0.465625
306.365620399825	0.465625
306.38222839986	0.465625
306.39876469993	0.465625
306.415571199963	0.465625
306.432236199966	0.465625
306.448788699927	0.465625
306.465767499991	0.465625
306.482397799846	0.465625
306.49872049992	0.465625
306.515916199889	0.465625
306.532067199936	0.465625
306.548551499844	0.465625
306.565718099941	0.465625
306.581855199998	0.465625
306.598889899906	0.465625
306.615772199817	0.465625
306.632375099929	0.465625
306.648632799974	0.465625
306.665920699947	0.465625
306.682252499973	0.465625
306.698664599797	0.465625
306.715820099926	0.465625
306.732395699946	0.465625
306.748792599887	0.465625
306.765558999963	0.465625
306.782251699828	0.465625
306.79850379983	0.465625
306.81549519999	0.465625
306.832228599815	0.465625
306.848770799814	0.465625
306.865392999956	0.465625
306.881952399854	0.465625
306.898800899973	0.465625
306.915485000005	0.465625
306.932246499928	0.465625
306.948786999797	0.465625
306.965714099817	0.465625
306.982152699959	0.465625
306.998504199786	0.465625
307.015626099892	0.465625
307.032296799822	0.465625
307.048682599794	0.465625
307.065416299971	0.465625
307.082083799876	0.465625
307.098533799872	0.465625
307.115195199847	0.465625
307.13148189988	0.465625
307.148334199795	0.465625
307.165228999918	0.465625
307.181865799939	0.465625
307.198557799915	0.465625
307.215817199787	0.465625
307.232427699957	0.465625
307.248457199894	0.465625
307.265603899956	0.465625
307.281919199973	0.465625
307.298776599811	0.465625
307.315612399951	0.465625
307.332266099984	0.465625
307.34837849997	0.465625
307.365528199822	0.465625
307.385289399885	0.465625
307.399019100005	0.465625
307.415550999809	0.465625
307.43255999987	0.465625
307.448651199928	0.465625
307.465451299911	0.465625
307.482531699818	0.465625
307.498413399793	0.465625
307.515654899878	0.465625
307.532200200018	0.465625
307.54871969996	0.465625
307.565829199972	0.465625
307.582351799821	0.465625
307.598749999888	0.465625
307.615346199833	0.465625
307.632124499884	0.465625
307.649095200002	0.465625
307.665729899891	0.465625
307.682752099819	0.465625
307.698656099848	0.465625
307.715482499916	0.465625
307.732293699868	0.465625
307.749150399817	0.465625
307.765725799836	0.465625
307.781887099845	0.465625
307.798507599859	0.465625
307.815596499946	0.465625
307.832139999839	0.465625
307.848340599798	0.465625
307.86573640001	0.465625
307.882108199876	0.465625
307.898926499998	0.465625
307.915521699935	0.465625
307.932189299958	0.465625
307.948825899977	0.465625
307.965658699861	0.465625
307.98189509986	0.465625
307.998809000012	0.465625
308.015556599945	0.465625
308.032387099927	0.465625
308.048753099982	0.465625
308.065496899886	0.465625
308.082056500018	0.465625
308.098476300016	0.465625
308.115558399819	0.465625
308.132004899904	0.465625
308.14859989984	0.465625
308.165561900008	0.465625
308.181940499926	0.465625
308.199372099945	0.465625
308.215273399837	0.465625
308.232453099918	0.465625
308.248744199984	0.465625
308.265294099925	0.465625
308.281842499971	0.465625
308.298918899847	0.465625
308.316193299834	0.465625
308.332329500001	0.465625
308.348838799866	0.465625
308.365831799805	0.465625
308.382170099998	0.465625
308.398882499896	0.465625
308.415677499957	0.465625
308.431982799899	0.465625
308.448534699855	0.465625
308.465410499834	0.465625
308.482645799872	0.465625
308.498779299902	0.465625
308.515279699815	0.465625
308.532209799858	0.465625
308.548814499984	0.465625
308.565653699916	0.465625
308.581914699869	0.465625
308.59880269994	0.465625
308.615913199959	0.465625
308.632151699858	0.465625
308.648934099823	0.465625
308.665473299799	0.465625
308.682155699935	0.465625
308.698774899822	0.465625
308.715467999922	0.465625
308.732115499908	0.465625
308.748814299935	0.465625
308.765481599839	0.465625
308.782129099825	0.465625
308.798710200004	0.465625
308.815630899975	0.465625
308.832109099953	0.465625
308.84870480001	0.465625
308.865191699937	0.465625
308.881804199889	0.465625
308.899207799928	0.465625
308.915116599994	0.465625
308.931957999943	0.465625
308.948644799879	0.465625
308.965548399836	0.465625
308.982167899841	0.465625
308.998614499811	0.465625
309.016080199974	0.465625
309.034832799807	0.465625
309.048356399871	0.465625
309.065649800003	0.465625
309.082153299823	0.465625
309.098600499798	0.465625
309.115720700007	0.465625
309.131754599977	0.465625
309.148292099824	0.465625
309.165597299812	0.465625
309.182159199845	0.465625
309.198788899928	0.465625
309.215317499824	0.465625
309.231838600012	0.465625
309.248670399887	0.465625
309.265259499894	0.465625
309.282163999975	0.465625
309.29902809998	0.465625
309.315508699976	0.465625
309.33212799998	0.465625
309.348564699991	0.465625
309.365629300009	0.465625
309.382103199838	0.465625
309.399008199805	0.465625
309.415681799874	0.465625
309.431932199979	0.465625
309.448837899836	0.465625
309.465539499884	0.465625
309.482169599971	0.465625
309.498923499836	0.465625
309.515351400012	0.465625
309.531827199971	0.465625
309.54864669987	0.465625
309.565427899826	0.465625
309.5818880999	0.465625
309.598724399926	0.465625
309.615130999824	0.465625
309.631916399812	0.465625
309.648862099973	0.465625
309.665708599845	0.465625
309.682024599984	0.465625
309.698768399889	0.465625
309.715573099907	0.465625
309.73223199998	0.465625
309.748803299852	0.465625
309.765589699848	0.465625
309.782140699914	0.465625
309.798825899838	0.465625
309.815251899883	0.465625
309.832054099999	0.465625
309.848772399826	0.465625
309.865602899808	0.465625
309.881588799879	0.465625
309.898326999974	0.465625
309.91576829995	0.465625
309.932235299842	0.465625
309.948844600003	0.465625
309.965531299822	0.465625
309.981655200012	0.465625
309.998643299798	0.465625
310.015514399856	0.465625
310.03214549995	0.465625
310.048777899938	0.465625
310.065505899955	0.465625
310.081757899839	0.465625
310.098439399851	0.465625
310.11516149994	0.465625
310.131769699976	0.465625
310.14837459987	0.465625
310.165702699916	0.465625
310.182295099832	0.465625
310.199008199852	0.465625
310.215531099821	0.465625
310.232304999838	0.465625
310.248364300001	0.465625
310.265444199787	0.465625
310.282097999938	0.465625
310.298761699814	0.465625
310.315657899948	0.465625
310.331942999968	0.465625
310.3485353	0.465625
310.365580599988	0.465625
310.381551699946	0.465625
310.398564999923	0.465625
310.4154558999	0.465625
310.43188199983	0.465625
310.44887779979	0.465625
310.466051399941	0.465625
310.482409999939	0.465625
310.498729399871	0.465625
310.515573999844	0.465625
310.531940399902	0.465625
310.548736899858	0.465625
310.565455499804	0.465625
310.581829599803	0.465625
310.598866799846	0.465625
310.615604099818	0.465625
310.632231599884	0.465625
310.648686299799	0.465625
310.665458899923	0.465625
310.682209199993	0.465625
310.698786899913	0.465625
310.715493799886	0.465625
310.732135399943	0.465625
310.74878429994	0.465625
310.765640599886	0.465625
310.782251799945	0.465625
310.798639699817	0.465625
310.815302199917	0.465625
310.832124799956	0.465625
310.848398000002	0.465625
310.865421499824	0.465625
310.882072399836	0.465625
310.89870959986	0.465625
310.915341699962	0.465625
310.932153999805	0.465625
310.949187199818	0.465625
310.965150999837	0.465625
310.982962299837	0.465625
310.998669599881	0.465625
311.015133499866	0.465625
311.031553699868	0.465625
311.049374899827	0.465625
311.064962900011	0.465625
311.082289799815	0.465625
311.098746599862	0.465625
311.115479299799	0.465625
311.132157599786	0.465625
311.148643499939	0.465625
311.165574099869	0.465625
311.181970399804	0.465625
311.198774799937	0.465625
311.215249100002	0.465625
311.232100799913	0.465625
311.24849639996	0.465625
311.265489100013	0.465625
311.282052999828	0.465625
311.298245099839	0.465625
311.315315000014	0.465625
311.3319319	0.465625
311.348717099987	0.465625
311.365405699937	0.465625
311.382916099858	0.465625
311.398349699797	0.465625
311.417340299813	0.465625
311.432931499789	0.465625
311.44845759985	0.465625
311.465405099792	0.465625
311.482689199969	0.465625
311.498710199958	0.465625
311.514865499921	0.465625
311.531476399861	0.465625
311.548611699836	0.465625
311.565001799958	0.465625
311.582228999818	0.465625
311.598713799845	0.465625
311.615582499886	0.465625
311.631958199898	0.465625
311.648732299916	0.465625
311.665372299962	0.465625
311.68503189995	0.465625
311.700074999826	0.465625
311.715363599826	0.465625
311.731537799817	0.465625
311.748519100016	0.465625
311.767013299977	0.465625
311.781519799959	0.465625
311.798696999904	0.465625
311.815639199922	0.465625
311.831762299873	0.465625
311.84851739998	0.465625
311.86574459984	0.465625
311.882169399876	0.465625
311.898823399795	0.465625
311.91539209988	0.465625
311.932035499951	0.465625
311.948418799788	0.465625
311.965276299976	0.465625
311.981829399941	0.465625
311.99900179985	0.465625
312.015481499955	0.465625
312.032065199921	0.465625
312.049078800017	0.465625
312.06534449989	0.465625
312.081781300018	0.465625
312.09872709983	0.465625
312.115622799844	0.465625
312.132090199972	0.465625
312.148368399823	0.465625
312.16525109997	0.465625
312.18175019999	0.465625
312.198766799876	0.465625
312.215419499902	0.465625
312.231948599918	0.465625
312.248726399848	0.465625
312.265319600003	0.465625
312.282124199905	0.465625
312.298426699825	0.465625
312.315301299794	0.465625
312.332072499907	0.465625
312.348758099834	0.465625
312.365453499835	0.465625
312.381490499945	0.465625
312.398924299981	0.465625
312.415342799854	0.465625
312.433696899796	0.465625
312.452212699922	0.465625
312.468291699886	0.465625
312.484134099912	0.465625
312.499005199876	0.465625
312.515150199877	0.465625
312.532029499998	0.465625
312.548488199944	0.465625
312.565036199987	0.465625
312.581760599976	0.465625
312.5986903999	0.465625
312.615016799886	0.465625
312.63176109991	0.465625
312.648344299989	0.465625
312.664925399935	0.465625
312.681847799802	0.465625
312.698802799918	0.465625
312.715091299964	0.465625
312.732127799885	0.465625
312.748568699928	0.465625
312.765119499993	0.465625
312.781924800016	0.465625
312.79845839995	0.465625
312.816024899948	0.465625
312.832004999975	0.465625
312.84849029989	0.465625
312.865306799999	0.465625
312.8818229998	0.465625
312.898734999821	0.465625
312.915410299785	0.465625
312.932169199921	0.465625
312.948752899887	0.465625
312.965631200001	0.465625
312.98161989986	0.465625
312.998315899866	0.465625
313.015036899829	0.465625
313.031991399825	0.465625
313.04864409985	0.465625
313.065323599847	0.465625
313.082686899928	0.465625
313.098639599979	0.465625
313.115047599887	0.465625
313.131496999878	0.465625
313.148704599822	0.465625
313.165515499888	0.465625
313.181742299814	0.465625
313.198290399974	0.465625
313.215310799889	0.465625
313.232114099897	0.465625
313.248663899954	0.465625
313.265422999859	0.465625
313.281435600016	0.465625
313.298612299841	0.465625
313.31529389997	0.465625
313.331626799889	0.465625
313.348604399944	0.465625
313.364989499794	0.465625
313.381567899836	0.465625
313.398781399941	0.465625
313.415579299908	0.465625
313.431625799974	0.465625
313.44880439993	0.465625
313.465460499981	0.465625
313.481665699976	0.465625
313.498399999924	0.465625
313.515366999898	0.465625
313.531768399989	0.465625
313.54851439991	0.465625
313.56517639989	0.465625
313.581721699797	0.465625
313.598569999915	0.465625
313.615665899822	0.465625
313.631874899846	0.465625
313.648590199882	0.465625
313.665681899991	0.465625
313.68204279989	0.48125
313.698754400015	0.48125
313.71559089981	0.48125
313.731592299882	0.489583333333333
313.748807499884	0.489583333333333
313.764958499931	0.489583333333333
313.782154300017	0.489583333333333
313.798647899879	0.489583333333333
313.815304299816	0.489583333333333
313.832071499899	0.489583333333333
313.848621999845	0.497916666666667
313.865248099901	0.497916666666667
313.881552499952	0.497916666666667
313.898706499953	0.497916666666667
313.915375699988	0.497916666666667
313.931952300016	0.497916666666667
313.948629399994	0.497916666666667
313.965161599917	0.497916666666667
313.981748699909	0.497916666666667
313.998783299932	0.497916666666667
314.015033399919	0.497916666666667
314.031913399929	0.497916666666667
314.048700099811	0.497916666666667
314.065464699874	0.497916666666667
314.081703499891	0.497916666666667
314.098608999979	0.497916666666667
314.115405499935	0.497916666666667
314.131956700003	0.497916666666667
314.148312099976	0.497916666666667
314.165360699873	0.497916666666667
314.182122299913	0.497916666666667
314.198597999988	0.497916666666667
314.215284799924	0.497916666666667
314.231622499879	0.497916666666667
314.248628099915	0.497916666666667
314.265297199832	0.497916666666667
314.281658499967	0.497916666666667
314.298499299912	0.497916666666667
314.315131899901	0.497916666666667
314.331996199908	0.497916666666667
314.348615099909	0.497916666666667
314.365068899933	0.497916666666667
314.381762799807	0.497916666666667
314.398537399946	0.497916666666667
314.414882299956	0.497916666666667
314.432122399798	0.50625
314.448696999811	0.50625
314.465324199991	0.50625
314.482300399803	0.50625
314.49849519995	0.50625
314.515311099822	0.50625
314.531638499815	0.50625
314.548557299888	0.50625
314.565822599921	0.50625
314.581821499858	0.50625
314.598591099959	0.50625
314.615223599831	0.50625
314.631897100015	0.50625
314.64857989992	0.50625
314.665281799855	0.50625
314.681570399785	0.50625
314.698471799958	0.50625
314.715190100018	0.50625
314.731833699858	0.50625
314.748447299935	0.50625
314.765454899985	0.50625
314.781747599831	0.50625
314.798725500004	0.50625
314.815434699878	0.50625
314.831494399812	0.50625
314.848697099835	0.50625
314.865347799845	0.50625
314.881810699822	0.50625
314.898652999895	0.50625
314.915449599968	0.50625
314.931571999798	0.50625
314.948700499954	0.50625
314.965163399931	0.50625
314.981808200013	0.50625
314.998568199808	0.50625
315.015079999808	0.50625
315.031806699932	0.50625
315.048479199875	0.50625
315.065468399785	0.50625
315.08184099989	0.50625
315.098103699973	0.50625
315.115292500006	0.50625
315.13207069994	0.50625
315.148592100013	0.50625
315.165260799928	0.50625
315.181723999791	0.50625
315.198109599994	0.50625
315.214867000002	0.50625
315.231920899823	0.50625
315.248512399849	0.50625
315.265214699786	0.50625
315.281882999931	0.50625
315.298651399789	0.50625
315.315082999878	0.50625
315.331965899793	0.50625
315.348692099797	0.50625
315.365316899959	0.50625
315.381875299849	0.50625
315.398599299835	0.50625
315.414886399871	0.50625
315.431812499883	0.50625
315.448438399937	0.50625
315.46520129987	0.50625
315.482335899957	0.50625
315.498616799945	0.50625
315.515591399977	0.50625
315.532039599959	0.50625
315.548699999927	0.50625
315.564970799955	0.50625
315.582319399808	0.50625
315.598697499838	0.50625
315.614739699988	0.50625
315.631771799875	0.50625
315.648529799888	0.50625
315.665213499917	0.50625
315.682296499843	0.50625
315.698486699956	0.50625
315.71502259979	0.50625
315.731818299973	0.50625
315.748414399801	0.50625
315.764887299854	0.50625
315.781693500001	0.50625
315.798362499801	0.50625
315.814934599912	0.50625
315.831631499808	0.50625
315.848382700002	0.50625
315.865238299826	0.50625
315.881466399878	0.50625
315.898611599812	0.50625
315.915345099987	0.50625
315.931918199873	0.50625
315.9486628999	0.50625
315.965087799821	0.50625
315.981870699907	0.50625
315.998380699893	0.50625
316.015180199873	0.50625
316.031450300012	0.50625
316.048476999858	0.50625
316.064844799927	0.50625
316.081769999815	0.50625
316.098533999873	0.50625
316.115420299815	0.50625
316.131886399817	0.50625
316.148333599791	0.50625
316.165037499974	0.50625
316.181509200018	0.50625
316.198711299803	0.50625
316.21525899996	0.50625
316.231644599931	0.50625
316.248307899805	0.50625
316.265094099799	0.50625
316.281829499872	0.50625
316.298170899972	0.50625
316.315334899817	0.50625
316.332074099919	0.50625
316.348525999812	0.50625
316.365221399814	0.50625
316.381893599872	0.50625
316.398512499873	0.50625
316.415071299998	0.498958333333333
316.431893099798	0.498958333333333
316.448787299916	0.490625
316.465201799991	0.490625
316.481948599918	0.482291666666667
316.49875979987	0.473958333333333
316.515218599932	0.473958333333333
316.53202449996	0.464583333333333
316.548509299988	0.464583333333333
316.565280999988	0.464583333333333
316.58194669988	0.45625
316.598498799838	0.45625
316.614745299798	0.45625
316.632013399852	0.45625
316.648740399862	0.45625
316.665394200012	0.45625
316.681514499942	0.45625
316.698486399837	0.45625
316.715216999874	0.45625
316.732110699872	0.45625
316.748857899802	0.45625
316.7650287	0.45625
316.781577099813	0.447916666666667
316.79843529989	0.447916666666667
316.814975199988	0.447916666666667
316.83164749993	0.447916666666667
316.848514699843	0.439583333333333
316.864819400012	0.439583333333333
316.881873999955	0.439583333333333
316.898288699798	0.439583333333333
316.915254699998	0.439583333333333
316.932159599848	0.439583333333333
316.948521699989	0.439583333333333
316.965194499819	0.439583333333333
316.981886899797	0.439583333333333
316.998384199804	0.439583333333333
317.015133299865	0.439583333333333
317.031843599863	0.439583333333333
317.048506199848	0.439583333333333
317.064881099854	0.439583333333333
317.081128199818	0.439583333333333
317.098192399833	0.439583333333333
317.115391499829	0.439583333333333
317.131972699892	0.439583333333333
317.148407399887	0.439583333333333
317.165027200012	0.439583333333333
317.181844000006	0.439583333333333
317.198982399888	0.439583333333333
317.215313999914	0.439583333333333
317.231824499788	0.439583333333333
317.248333900003	0.439583333333333
317.265175299952	0.439583333333333
317.28163179988	0.439583333333333
317.298453899799	0.439583333333333
317.315180199919	0.439583333333333
317.331287899986	0.439583333333333
317.348406599835	0.439583333333333
317.364947299939	0.439583333333333
317.381900499808	0.439583333333333
317.398417199962	0.439583333333333
317.414848099928	0.439583333333333
317.431646300014	0.439583333333333
317.448538299883	0.439583333333333
317.465087399818	0.439583333333333
317.481839400018	0.439583333333333
317.498422999866	0.439583333333333
317.515254299855	0.439583333333333
317.531619000016	0.439583333333333
317.548193999799	0.439583333333333
317.564896999858	0.439583333333333
317.581400399795	0.439583333333333
317.598377599847	0.439583333333333
317.614828399848	0.439583333333333
317.631294299848	0.439583333333333
317.648483800003	0.439583333333333
317.665240600007	0.439583333333333
317.681527199922	0.439583333333333
317.69822739996	0.439583333333333
317.71521519986	0.439583333333333
317.731502600014	0.439583333333333
317.748624800006	0.439583333333333
317.765293699922	0.439583333333333
317.781776899938	0.439583333333333
317.797995299799	0.439583333333333
317.815180299804	0.439583333333333
317.831288199872	0.439583333333333
317.848242399981	0.439583333333333
317.865156899905	0.439583333333333
317.881889799843	0.439583333333333
317.898421399994	0.439583333333333
317.915098199854	0.439583333333333
317.931966699893	0.439583333333333
317.948265200015	0.439583333333333
317.964748299913	0.439583333333333
317.981788899982	0.439583333333333
317.998550399905	0.439583333333333
318.01515979995	0.439583333333333
318.031844999874	0.439583333333333
318.048287499929	0.439583333333333
318.065076699946	0.439583333333333
318.081778999884	0.439583333333333
318.098232699791	0.439583333333333
318.114681999898	0.439583333333333
318.131721999962	0.439583333333333
318.148182399804	0.439583333333333
318.165333400015	0.439583333333333
318.181783600012	0.439583333333333
318.19828199991	0.439583333333333
318.214967799839	0.439583333333333
318.231387899956	0.439583333333333
318.248082799837	0.439583333333333
318.264841099968	0.439583333333333
318.2815711	0.439583333333333
318.298054599902	0.439583333333333
318.315160899889	0.439583333333333
318.33194319997	0.439583333333333
318.348360999953	0.439583333333333
318.36480859993	0.439583333333333
318.381666400004	0.439583333333333
318.398637899896	0.439583333333333
318.41511829989	0.439583333333333
318.431885799859	0.439583333333333
318.448039599927	0.439583333333333
318.464950899826	0.439583333333333
318.481814999832	0.439583333333333
318.497903399868	0.439583333333333
318.514989199815	0.439583333333333
318.531665899791	0.439583333333333
318.548433999997	0.439583333333333
318.564852199983	0.439583333333333
318.581455899868	0.439583333333333
318.598224999849	0.439583333333333
318.614862599876	0.439583333333333
318.631431999849	0.439583333333333
318.647949399892	0.439583333333333
318.664576199837	0.439583333333333
318.681827699998	0.439583333333333
318.698077099863	0.439583333333333
318.715372199891	0.439583333333333
318.731964499922	0.439583333333333
318.748373799957	0.439583333333333
318.765064499807	0.439583333333333
318.781866499921	0.439583333333333
318.798330199905	0.439583333333333
318.815282899886	0.439583333333333
318.831872500014	0.439583333333333
318.848489499884	0.439583333333333
318.865219099913	0.439583333333333
318.881530100014	0.439583333333333
318.898260399932	0.439583333333333
318.91534409998	0.439583333333333
318.93173750001	0.439583333333333
318.948308999883	0.439583333333333
318.965161599917	0.439583333333333
318.982060499955	0.439583333333333
318.998515299987	0.439583333333333
319.01512349979	0.439583333333333
319.031808699947	0.439583333333333
319.048594199819	0.439583333333333
319.06509469985	0.439583333333333
319.081841799896	0.439583333333333
319.098181299865	0.439583333333333
319.11506799981	0.439583333333333
319.131987700006	0.439583333333333
319.148300800007	0.439583333333333
319.165053899866	0.439583333333333
319.181558699813	0.439583333333333
319.197880399879	0.439583333333333
319.21493479982	0.439583333333333
319.231394300004	0.439583333333333
319.248326899949	0.439583333333333
319.265114299953	0.446875
319.281865499914	0.446875
319.298418099992	0.446875
319.315325299976	0.446875
319.331775399856	0.446875
319.348374299938	0.446875
319.365140500013	0.446875
319.38143129996	0.446875
319.398412099807	0.446875
319.415261499817	0.446875
319.431738799904	0.446875
319.448420699919	0.446875
319.464990499895	0.446875
319.482111099875	0.446875
319.498546099989	0.446875
319.51546419994	0.446875
319.532255099854	0.446875
319.54821069981	0.446875
319.565373999998	0.446875
319.581861699931	0.446875
319.59866239992	0.446875
319.615067499923	0.446875
319.631783799967	0.446875
319.648127199849	0.446875
319.664945999859	0.446875
319.681753499899	0.446875
319.698290999979	0.446875
319.714958600001	0.446875
319.732016199967	0.446875
319.748390099965	0.446875
319.765057699988	0.446875
319.781707499875	0.446875
319.798296999885	0.446875
319.814910999965	0.446875
319.831522399792	0.446875
319.84814519994	0.446875
319.865234599914	0.446875
319.881771099987	0.446875
319.898416299839	0.446875
319.914836399956	0.446875
319.931958899833	0.446875
319.948512399802	0.446875
319.964883500012	0.446875
319.982026999816	0.446875
319.998711699853	0.446875
320.014960799832	0.446875
320.031575699802	0.446875
320.048420999898	0.446875
320.065041599795	0.446875
320.081827000016	0.446875
320.098400000017	0.446875
320.115088899853	0.446875
320.131507699843	0.446875
320.147914799862	0.446875
320.165160299977	0.446875
320.181772099808	0.446875
320.198294299887	0.446875
320.214999599848	0.446875
320.231498799985	0.446875
320.248399799922	0.446875
320.265087899985	0.446875
320.281917999964	0.446875
320.298399999971	0.446875
320.31512389984	0.446875
320.331646599807	0.446875
320.348490000004	0.446875
320.365072199842	0.446875
320.381619099993	0.446875
320.398407199886	0.446875
320.415051099844	0.446875
320.431357499911	0.446875
320.4482063998	0.446875
320.465059499955	0.446875
320.481665499974	0.446875
320.498373599956	0.446875
320.515383599792	0.446875
320.53142299992	0.446875
320.548513399903	0.446875
320.564623599872	0.446875
320.581409899984	0.446875
320.598308399785	0.446875
320.614773100009	0.446875
320.631717199925	0.446875
320.647999699926	0.446875
320.665000299923	0.446875
320.681822799845	0.446875
320.698389299912	0.446875
320.715444399975	0.446875
320.731991400011	0.446875
320.748087699991	0.446875
320.765070699854	0.446875
320.781455999939	0.446875
320.798455499811	0.446875
320.814932599897	0.446875
320.83175409981	0.446875
320.848152499879	0.446875
320.864791699918	0.446875
320.881867899792	0.446875
320.898195599904	0.446875
320.915150200017	0.446875
320.931887799874	0.446875
320.9488615999	0.446875
320.965021099895	0.446875
320.981835599989	0.446875
320.998503499897	0.446875
321.015153999906	0.446875
321.031586499885	0.446875
321.048400299856	0.446875
321.064543699846	0.446875
321.081759199966	0.446875
321.098398600006	0.446875
321.115058699856	0.446875
321.136147300014	0.446875
321.148086600006	0.446875
321.164766399888	0.446875
321.181787599809	0.446875
321.198450399796	0.446875
321.215026299935	0.446875
321.231680799974	0.446875
321.248435099842	0.446875
321.264432199998	0.446875
321.281900599832	0.446875
321.298326899996	0.446875
321.314980299911	0.446875
321.331877799938	0.446875
321.347965199966	0.446875
321.364963199943	0.446875
321.381680299994	0.446875
321.398070499999	0.446875
321.415020499844	0.446875
321.431548799854	0.446875
321.448150499957	0.446875
321.464982899837	0.446875
321.481517799897	0.446875
321.498111999827	0.446875
321.514982099878	0.446875
321.531874099979	0.446875
321.548357199878	0.446875
321.56523099984	0.446875
321.582014499931	0.446875
321.598142999923	0.446875
321.615020099794	0.446875
321.632011399837	0.446875
321.648213699926	0.446875
321.664853499969	0.446875
321.681831099791	0.446875
321.698423799826	0.446875
321.71500899992	0.446875
321.731703299796	0.446875
321.748620999977	0.446875
321.764986599796	0.446875
321.7820623999	0.446875
321.798371799989	0.446875
321.814979299903	0.446875
321.83090880001	0.446875
321.848328399938	0.446875
321.864598099841	0.446875
321.881799699971	0.446875
321.897970499936	0.446875
321.914672799874	0.446875
321.931736099999	0.446875
321.948264299892	0.446875
321.96478109993	0.446875
321.981372799957	0.446875
321.998618099838	0.446875
322.014647699893	0.446875
322.031740000006	0.446875
322.048414899968	0.446875
322.06483129994	0.446875
322.081304399995	0.446875
322.098334199982	0.446875
322.114961999934	0.446875
322.132149099838	0.446875
322.147983799921	0.446875
322.164976199856	0.446875
322.181812399998	0.446875
322.198405899806	0.446875
322.214752199827	0.446875
322.231652799994	0.446875
322.248138099909	0.446875
322.264868499944	0.446875
322.280997399939	0.446875
322.298127299873	0.446875
322.314813299803	0.446875
322.331837299978	0.446875
322.34802299994	0.446875
322.364705599844	0.446875
322.381382199936	0.446875
322.398399199825	0.446875
322.414369199891	0.446875
322.431962899864	0.446875
322.448214599863	0.446875
322.464442599798	0.446875
322.481678399956	0.446875
322.49828849989	0.446875
322.514783699997	0.446875
322.531313899904	0.446875
322.549150699982	0.446875
322.564681599848	0.446875
322.581648299936	0.446875
322.598815199919	0.446875
322.614680700004	0.446875
322.631329099881	0.446875
322.648254700005	0.446875
322.664581499994	0.446875
322.681639099959	0.446875
322.698120399844	0.446875
322.71482210001	0.446875
322.736111699836	0.446875
322.747952200007	0.446875
322.76484879991	0.446875
322.781657399843	0.446875
322.79834839981	0.446875
322.814981099917	0.446875
322.831626900006	0.446875
322.848282599822	0.446875
322.864756199997	0.446875
322.881443799939	0.446875
322.898021499859	0.446875
322.914436699823	0.446875
322.931989999954	0.446875
322.948275599862	0.446875
322.964966199826	0.446875
322.981688199798	0.446875
322.998082199832	0.446875
323.014670299832	0.446875
323.032041199971	0.446875
323.048149399925	0.446875
323.064504599897	0.446875
323.083398499992	0.446875
323.098319299985	0.446875
323.114581699949	0.446875
323.131346799899	0.446875
323.148014999926	0.446875
323.164481399814	0.446875
323.181596399983	0.446875
323.198644899996	0.446875
323.214574499987	0.446875
323.231462099822	0.446875
323.248365199892	0.446875
323.264583199983	0.446875
323.281557699898	0.446875
323.298023900017	0.446875
323.314747599885	0.446875
323.331723899813	0.446875
323.348544499837	0.446875
323.364795599831	0.446875
323.381613599835	0.446875
323.398264099844	0.446875
323.414543499937	0.446875
323.431174999801	0.446875
323.448247199878	0.446875
323.464794899803	0.446875
323.481606999878	0.446875
323.498281299835	0.446875
323.514616200002	0.446875
323.53203059989	0.446875
323.548147599911	0.446875
323.564922999823	0.446875
323.581745599862	0.446875
323.598708099918	0.446875
323.614505199948	0.446875
323.63118009991	0.446875
323.648131099995	0.446875
323.66500339983	0.446875
323.681609499967	0.446875
323.698243799852	0.446875
323.714643499814	0.446875
323.731633299962	0.446875
323.748134499881	0.446875
323.76496579987	0.446875
323.781878799899	0.446875
323.798959699925	0.446875
323.81452949997	0.446875
323.831776099978	0.446875
323.848197399871	0.446875
323.864280799869	0.446875
323.881572999991	0.446875
323.898211099906	0.446875
323.914645500015	0.446875
323.931829599896	0.446875
323.94817229989	0.446875
323.965152199846	0.446875
323.981583899818	0.446875
323.998196600005	0.446875
324.014814099995	0.446875
324.031114399899	0.446875
324.047943899874	0.446875
324.064510299824	0.446875
324.081355299801	0.446875
324.098413300002	0.446875
324.114466300001	0.446875
324.131676399847	0.446875
324.14810859994	0.446875
324.164874299895	0.446875
324.181679499801	0.446875
324.19807009981	0.446875
324.21509209997	0.446875
324.231632199837	0.446875
324.247864899924	0.446875
324.264541500015	0.446875
324.281017499976	0.446875
324.298033399973	0.446875
324.315031899838	0.446875
324.331089799991	0.446875
324.348367499886	0.446875
324.364857299952	0.446875
324.381763299927	0.446875
324.398052399978	0.446875
324.414649999933	0.446875
324.43141069985	0.446875
324.448134799954	0.446875
324.465038499795	0.446875
324.481428799918	0.446875
324.497804999817	0.446875
324.51489419979	0.446875
324.53114029998	0.446875
324.547936699819	0.446875
324.564957399853	0.446875
324.581531199859	0.446875
324.598110999912	0.446875
324.614557099994	0.446875
324.631626599934	0.446875
324.648101300001	0.446875
324.66487369989	0.446875
324.681559999939	0.446875
324.698110899888	0.446875
324.714711699868	0.446875
324.731429599924	0.446875
324.747972199926	0.446875
324.764541300014	0.446875
324.781493299874	0.446875
324.798015199834	0.446875
324.814840700012	0.446875
324.831022699829	0.446875
324.848053299822	0.446875
324.8644398998	0.446875
324.881146699889	0.446875
324.898233999964	0.446875
324.915005799849	0.446875
324.931660600007	0.446875
324.948176799808	0.446875
324.964409699896	0.446875
324.98156269989	0.446875
324.998032399919	0.446875
325.014609299833	0.446875
325.031614099862	0.446875
325.047735099914	0.446875
325.064226499991	0.446875
325.081448799931	0.446875
325.097867799923	0.446875
325.114929799922	0.446875
325.131631599972	0.446875
325.148007299984	0.446875
325.164626299869	0.446875
325.18092059996	0.446875
325.197970799869	0.446875
325.214835099876	0.446875
325.231724999845	0.446875
325.248008199967	0.446875
325.264482499799	0.446875
325.281106599839	0.446875
325.297849799972	0.446875
325.31422719988	0.446875
325.331135599874	0.446875
325.348104599863	0.446875
325.364553599851	0.446875
325.381815599976	0.446875
325.398021299858	0.446875
325.414836699842	0.446875
325.431656999979	0.446875
325.448085099924	0.446875
325.464887699811	0.446875
325.481482499978	0.446875
325.498661799822	0.446875
325.514973199926	0.446875
325.531830799999	0.446875
325.54798709997	0.446875
325.56473169988	0.446875
325.581182399997	0.446875
325.597840499831	0.446875
325.615019399906	0.446875
325.631526699988	0.446875
325.647727599833	0.446875
325.664698999841	0.446875
325.681574899936	0.446875
325.698076099856	0.446875
325.714665399864	0.446875
325.731692699948	0.446875
325.747796099866	0.446875
325.764952099882	0.446875
325.781650699908	0.446875
325.798542900011	0.446875
325.814880799968	0.446875
325.831720799906	0.446875
325.848627599888	0.446875
325.864595299819	0.446875
325.881543299882	0.446875
325.897942399839	0.446875
325.91494219983	0.446875
325.931517699966	0.446875
325.947775400011	0.446875
325.964351999806	0.446875
325.981583899818	0.446875
325.997797099873	0.446875
326.01493519987	0.446875
326.031764399959	0.446875
326.04791409988	0.446875
326.065031899838	0.446875
326.081326099811	0.446875
326.098010499962	0.446875
326.114893899998	0.446875
326.131419299869	0.446875
326.148143299855	0.446875
326.164855599869	0.446875
326.181487999856	0.446875
326.197849699995	0.446875
326.214555999963	0.446875
326.231593899895	0.446875
326.24786829995	0.446875
326.264841399854	0.446875
326.281599299982	0.446875
326.298137299949	0.446875
326.314851099858	0.446875
326.331277499907	0.446875
326.347865999909	0.446875
326.3648484	0.446875
326.381452800008	0.446875
326.398040199885	0.446875
326.414863199927	0.446875
326.431147599826	0.446875
326.447876399849	0.446875
326.464471200015	0.446875
326.481560499873	0.446875
326.497782399878	0.446875
326.514477999881	0.446875
326.531306999968	0.446875
326.548046299955	0.446875
326.564927399857	0.446875
326.581143499818	0.446875
326.598106199875	0.446875
326.614859299967	0.446875
326.631481999997	0.446875
326.647900999989	0.446875
326.664562199963	0.446875
326.681339700008	0.446875
326.698086199816	0.446875
326.715338899987	0.446875
326.731457799906	0.446875
326.748141199816	0.446875
326.765028499998	0.446875
326.781644599978	0.446875
326.798270399915	0.446875
326.814758999972	0.446875
326.831169399898	0.446875
326.848334099865	0.446875
326.864945399808	0.446875
326.881393099902	0.446875
326.898059199797	0.446875
326.914928299841	0.446875
326.931550399866	0.446875
326.947938299971	0.446875
326.964530099882	0.446875
326.981705799932	0.446875
326.998052299954	0.446875
327.014801200014	0.446875
327.031589099905	0.446875
327.048106199829	0.446875
327.0647801999	0.446875
327.081060099881	0.446875
327.098051599925	0.446875
327.115032299887	0.446875
327.130881699966	0.446875
327.148145199986	0.446875
327.164558999939	0.446875
327.181245699991	0.446875
327.197990000015	0.446875
327.2146679	0.446875
327.231451599859	0.446875
327.248171899933	0.446875
327.26448839996	0.446875
327.281501799822	0.446875
327.297967899824	0.446875
327.314982099924	0.446875
327.331180299865	0.446875
327.348000600003	0.446875
327.36475259997	0.446875
327.3815456999	0.446875
327.39786609984	0.446875
327.414770799922	0.446875
327.431401399896	0.446875
327.447983199963	0.446875
327.465220399899	0.446875
327.481423299992	0.446875
327.498231699923	0.446875
327.51497099991	0.446875
327.531528299907	0.446875
327.548078699969	0.446875
327.564409399871	0.446875
327.581316599855	0.446875
327.5980940999	0.446875
327.61487849988	0.446875
327.631359499879	0.446875
327.648364599794	0.446875
327.664860599907	0.446875
327.680868599797	0.446875
327.69789049984	0.446875
327.715125199873	0.446875
327.731417999836	0.446875
327.747992099961	0.446875
327.765012099873	0.446875
327.781163799809	0.446875
327.797984899953	0.446875
327.815088799922	0.446875
327.83122729999	0.446875
327.84831559984	0.446875
327.864879600005	0.446875
327.88139759982	0.446875
327.898025299888	0.446875
327.914754699916	0.446875
327.931517199846	0.446875
327.948169499869	0.446875
327.964682599995	0.446875
327.981355799828	0.446875
327.998205999844	0.446875
328.014858099865	0.446875
328.031007999787	0.446875
328.047973399982	0.446875
328.06483999989	0.446875
328.081485399976	0.446875
328.098219599808	0.446875
328.114947599825	0.446875
328.13151159999	0.446875
328.147889699787	0.446875
328.164932899876	0.446875
328.181351899868	0.446875
328.197707799962	0.446875
328.215062899981	0.446875
328.231418799842	0.446875
328.248027499998	0.446875
328.264338499866	0.446875
328.281545599923	0.446875
328.29786699987	0.446875
328.314687599894	0.446875
328.331375499954	0.446875
328.347845899872	0.446875
328.364721199963	0.446875
328.381354099838	0.446875
328.397961399984	0.446875
328.414967399789	0.446875
328.431281799916	0.446875
328.447941099992	0.446875
328.464501699898	0.446875
328.481649499852	0.446875
328.497683099937	0.446875
328.514320299961	0.446875
328.5313265	0.446875
328.547856099904	0.446875
328.564750099787	0.446875
328.581508499803	0.446875
328.597970000003	0.446875
328.614803100005	0.446875
328.631282499991	0.446875
328.648027799791	0.446875
328.664915999863	0.446875
328.685714899795	0.446875
328.697947299806	0.446875
328.714686499909	0.446875
328.731526399963	0.446875
328.747775599826	0.446875
328.764723399887	0.446875
328.781382799847	0.446875
328.797897999873	0.446875
328.81495439983	0.446875
328.831641099881	0.446875
328.847947599832	0.446875
328.864932999946	0.446875
328.881442399928	0.446875
328.897843099898	0.446875
328.914642799878	0.446875
328.931081599789	0.446875
328.947900499916	0.446875
328.964790900005	0.446875
328.981364900013	0.446875
328.99789839983	0.446875
329.014709499897	0.446875
329.031425899826	0.446875
329.047888699919	0.446875
329.064765299903	0.446875
329.081210799981	0.446875
329.09797100001	0.446875
329.114671899937	0.446875
329.131143799983	0.446875
329.148145299871	0.446875
329.164752999786	0.446875
329.181248500012	0.446875
329.197937099962	0.446875
329.214584899833	0.446875
329.231151499785	0.446875
329.247685999842	0.446875
329.264745999826	0.446875
329.281068000011	0.446875
329.297659399919	0.446875
329.314728599973	0.446875
329.331342499936	0.446875
329.347849299898	0.446875
329.364536099834	0.446875
329.381121199811	0.446875
329.397930999985	0.446875
329.414712399943	0.446875
329.431346999947	0.446875
329.447964499937	0.446875
329.464761700016	0.446875
329.481687099906	0.446875
329.49790849979	0.446875
329.514680499909	0.446875
329.53156849998	0.446875
329.547795599792	0.446875
329.564784999937	0.446875
329.581062299898	0.446875
329.598002600018	0.446875
329.614218799863	0.446875
329.631015899824	0.446875
329.647826100001	0.446875
329.664884299971	0.446875
329.681326799793	0.446875
329.69788179989	0.446875
329.714812399819	0.446875
329.731992399786	0.446875
329.747762999963	0.446875
329.76491379994	0.446875
329.781150099821	0.446875
329.797897099983	0.446875
329.814806199865	0.446875
329.83137489995	0.446875
329.847863399889	0.446875
329.865815599915	0.446875
329.881092099939	0.446875
329.897668699967	0.446875
329.914999499917	0.446875
329.931285699829	0.446875
329.947815999854	0.446875
329.965534599964	0.446875
329.981711999979	0.446875
329.998094399925	0.446875
330.014849499799	0.446875
330.031349899946	0.446875
330.047805199865	0.446875
330.064539899817	0.446875
330.081111499807	0.446875
330.097121199826	0.446875
330.114175299881	0.446875
330.131252499996	0.446875
330.148075499805	0.446875
330.164638899965	0.446875
330.181432899786	0.446875
330.198002499994	0.446875
330.214887699811	0.446875
330.231373099843	0.446875
330.247965699993	0.446875
330.264742099913	0.446875
330.281487299828	0.446875
330.297725799959	0.446875
330.314983899938	0.446875
330.331031099893	0.446875
330.347601499874	0.446875
330.364782699849	0.446875
330.381315700011	0.446875
330.39809849998	0.446875
330.414753099903	0.446875
330.431496199919	0.446875
330.448120999848	0.446875
330.4648556998	0.446875
330.481503099902	0.446875
330.497713199817	0.446875
330.514764699852	0.446875
330.53120969981	0.446875
330.547886799788	0.446875
330.564207799966	0.446875
330.581322199898	0.446875
330.597609499935	0.446875
330.614815499866	0.446875
330.631526799873	0.446875
330.64760359982	0.446875
330.66472989996	0.446875
330.681138699874	0.446875
330.697566299932	0.446875
330.714427799918	0.446875
330.731479099952	0.446875
330.747571499785	0.446875
330.76481769979	0.446875
330.780970099848	0.446875
330.797848999966	0.446875
330.814717700006	0.446875
330.831305299886	0.446875
330.847966799978	0.446875
330.864631199976	0.446875
330.881336499937	0.446875
330.897688899888	0.446875
330.914751000004	0.446875
330.931412599981	0.446875
330.947670699796	0.446875
330.964795199921	0.446875
330.980942999944	0.446875
330.997418899788	0.446875
331.014452699805	0.446875
331.031561199808	0.446875
331.047736499924	0.446875
331.064660899807	0.446875
331.081101899967	0.446875
331.097688099835	0.446875
331.114626599941	0.446875
331.131384099834	0.446875
331.147568699904	0.446875
331.164284599945	0.446875
331.181489899987	0.446875
331.197682800004	0.446875
331.214727799874	0.446875
331.231300999876	0.446875
331.24748479994	0.446875
331.264036600012	0.446875
331.281303699827	0.446875
331.297962999903	0.446875
331.314894899959	0.446875
331.33122019982	0.446875
331.347692599986	0.446875
331.364709799876	0.446875
331.381406500004	0.446875
331.397841299884	0.446875
331.414755999809	0.446875
331.430846799864	0.446875
331.447885399917	0.446875
331.464665999869	0.446875
331.481044099899	0.446875
331.497712499928	0.446875
331.514647400007	0.446875
331.531339799985	0.446875
331.547983499942	0.446875
331.56432889984	0.446875
331.581367600011	0.446875
331.597590599908	0.446875
331.614851799794	0.446875
331.63148589991	0.446875
331.647567499895	0.446875
331.664759099949	0.446875
331.680896000005	0.446875
331.697683800012	0.446875
331.714569899952	0.446875
331.730760499835	0.446875
331.747684799833	0.446875
331.764806799823	0.446875
331.780792000005	0.446875
331.797729199985	0.446875
331.814364099875	0.446875
331.831266499823	0.446875
331.847817400005	0.446875
331.864843999967	0.446875
331.880935399793	0.446875
331.897743399953	0.446875
331.914839499863	0.446875
331.931264499901	0.446875
331.947852300014	0.446875
331.964672199916	0.446875
331.981385099934	0.446875
331.997674399987	0.446875
332.014442599844	0.446875
332.031392799923	0.446875
332.047558299964	0.446875
332.064860299928	0.446875
332.081250299932	0.446875
332.097633099882	0.446875
332.114666499896	0.446875
332.131276199827	0.446875
332.147554899799	0.446875
332.164652299834	0.446875
332.180857099826	0.446875
332.197847199859	0.446875
332.214858999941	0.446875
332.231266399845	0.446875
332.247733799974	0.446875
332.26477020001	0.446875
332.281739299884	0.446875
332.298049899982	0.446875
332.314978499897	0.446875
332.331188699929	0.446875
332.347473099828	0.446875
332.364667499904	0.446875
332.381264899857	0.446875
332.397741699824	0.446875
332.4145996999	0.446875
332.431072399952	0.446875
332.447684999788	0.446875
332.464663399849	0.446875
332.480990799842	0.446875
332.49756509997	0.446875
332.514874599874	0.446875
332.531193299918	0.446875
332.5477332999	0.446875
332.564397400012	0.446875
332.58100219979	0.446875
332.597511400003	0.446875
332.614570799982	0.446875
332.631338299951	0.446875
332.647446999792	0.446875
332.664661499904	0.446875
332.68098999979	0.446875
332.697737599956	0.446875
332.714740099851	0.446875
332.731637899997	0.446875
332.747453399934	0.446875
332.764746299945	0.446875
332.780996099813	0.446875
332.797456600005	0.446875
332.814819399966	0.446875
332.83145349985	0.446875
332.847769599874	0.446875
332.864801299991	0.446875
332.881703299936	0.446875
332.897864799947	0.446875
332.914272199851	0.446875
332.930934699951	0.446875
332.947935899952	0.446875
332.964593200013	0.446875
332.981396999909	0.446875
332.99786829995	0.446875
333.014785100007	0.446875
333.031227199826	0.446875
333.047885699896	0.446875
333.064404999837	0.446875
333.081604099832	0.446875
333.097550499951	0.446875
333.114860999864	0.446875
333.131205899874	0.446875
333.147486399859	0.446875
333.164996600011	0.446875
333.181240699952	0.446875
333.197895999998	0.446875
333.21472649998	0.446875
333.231281999964	0.446875
333.247531399829	0.446875
333.2646507998	0.446875
333.281293799868	0.446875
333.29779799981	0.446875
333.314592999872	0.446875
333.330962599954	0.446875
333.34753899998	0.446875
333.364438899793	0.446875
333.381093799835	0.446875
333.397402399918	0.446875
333.414535599994	0.446875
333.430984599981	0.446875
333.447797099827	0.446875
333.464591800002	0.446875
333.481524499832	0.446875
333.497539500007	0.446875
333.514677600004	0.446875
333.53111319989	0.446875
333.547794299899	0.446875
333.564706999809	0.446875
333.58131249994	0.446875
333.597867799923	0.446875
333.614444399951	0.446875
333.631234899862	0.446875
333.647756799823	0.446875
333.664415800013	0.446875
333.681140200002	0.446875
333.697873299941	0.446875
333.714517100016	0.446875
333.731241700007	0.446875
333.747419699794	0.446875
333.764538399875	0.446875
333.78101359983	0.446875
333.797873999923	0.446875
333.814625799889	0.446875
333.831013699993	0.446875
333.84793379996	0.446875
333.864676299971	0.446875
333.881091299932	0.446875
333.897489299998	0.446875
333.914542799816	0.446875
333.931212099968	0.446875
333.947367299814	0.446875
333.964101599995	0.446875
333.981138699921	0.446875
333.997462600004	0.446875
334.014569399878	0.446875
334.031203699997	0.446875
334.047844899818	0.446875
334.064616099931	0.446875
334.08157239994	0.446875
334.098555499921	0.446875
334.114608199801	0.446875
334.131134899799	0.446875
334.1476731	0.446875
334.164605099941	0.446875
334.181197799975	0.446875
334.197639099788	0.446875
334.214587399969	0.446875
334.231390199857	0.446875
334.247686499963	0.446875
334.264489799971	0.446875
334.280949299922	0.446875
334.29795079981	0.446875
334.314649599837	0.446875
334.331105199875	0.446875
334.347574200016	0.446875
334.364616899984	0.446875
334.381165799918	0.446875
334.39762199996	0.446875
334.414336399874	0.446875
334.431139599998	0.446875
334.447820999892	0.446875
334.464427599916	0.446875
334.481064599939	0.446875
334.497763799969	0.446875
334.514771299902	0.446875
334.531224499922	0.446875
334.547604799969	0.446875
334.564539899817	0.446875
334.58115949994	0.446875
334.597734499956	0.446875
334.614235099871	0.446875
334.630934499903	0.446875
334.647460900014	0.446875
334.664700999856	0.446875
334.681094999891	0.446875
334.698110299883	0.446875
334.714497299865	0.446875
334.730955899926	0.446875
334.747620899929	0.446875
334.764621699927	0.446875
334.781015199842	0.446875
334.797607699875	0.446875
334.814560099971	0.446875
334.831284899963	0.446875
334.847748199943	0.446875
334.864166599931	0.446875
334.880842200015	0.446875
334.897795900004	0.446875
334.914144299924	0.446875
334.931109699886	0.446875
334.94783469988	0.446875
334.964505799813	0.446875
334.981214899803	0.446875
334.998008699855	0.446875
335.014272199944	0.446875
335.0312673999	0.446875
335.047938299831	0.446875
335.064652499976	0.446875
335.080836199922	0.446875
335.09777649981	0.446875
335.114915899932	0.446875
335.130908699939	0.446875
335.147893499816	0.446875
335.165267099859	0.446875
335.18112419988	0.446875
335.197808899917	0.446875
335.214519399917	0.446875
335.231287200004	0.446875
335.247911299812	0.446875
335.264838499948	0.446875
335.28074099985	0.446875
335.298005799996	0.446875
335.314606499858	0.446875
335.330741300015	0.446875
335.347428899957	0.446875
335.364464899991	0.446875
335.380951099796	0.446875
335.397559499834	0.446875
335.414622299839	0.446875
335.431004300015	0.446875
335.447698700009	0.446875
335.46458099992	0.446875
335.481293799821	0.446875
335.497688599862	0.446875
335.51452369988	0.446875
335.530804399867	0.446875
335.547548800008	0.446875
335.564517699881	0.446875
335.580931799952	0.446875
335.597783699865	0.446875
335.614519399824	0.446875
335.631116499892	0.446875
335.647829799913	0.446875
335.664765099995	0.446875
335.681186500005	0.446875
335.697901899926	0.446875
335.714529599994	0.446875
335.73084939993	0.446875
335.747778099962	0.446875
335.764381699963	0.446875
335.781149799936	0.446875
335.797494299943	0.446875
335.814575199969	0.446875
335.830993399955	0.446875
335.847800099989	0.446875
335.864770499989	0.446875
335.881007699994	0.446875
335.897740299813	0.446875
335.913977399934	0.446875
335.931292199995	0.446875
335.948123999871	0.446875
335.964544499991	0.446875
335.981314699864	0.446875
335.997717999853	0.446875
336.014511499787	0.446875
336.031131499913	0.446875
336.047926899977	0.446875
336.064237899845	0.446875
336.080809499836	0.446875
336.097574400017	0.446875
336.114682300016	0.446875
336.131297499873	0.446875
336.147667099955	0.446875
336.164393899962	0.446875
336.181029499974	0.446875
336.197386799846	0.446875
336.214664399857	0.446875
336.230962999864	0.446875
336.247352099977	0.446875
336.264234500006	0.446875
336.280745399883	0.446875
336.297387599945	0.446875
336.314486099873	0.446875
336.330808299826	0.446875
336.347587999888	0.446875
336.364164999919	0.446875
336.380870499881	0.446875
336.397421999834	0.446875
336.414300199831	0.446875
336.430934499949	0.446875
336.447674599942	0.446875
336.46459019999	0.446875
336.481259699911	0.446875
336.497535599861	0.446875
336.51451030001	0.446875
336.530852699885	0.446875
336.547807499999	0.446875
336.564444499789	0.446875
336.580784199992	0.446875
336.597831399878	0.446875
336.614378499798	0.446875
336.631078399951	0.446875
336.647844999796	0.446875
336.66418089997	0.446875
336.680911799893	0.446875
336.697847399861	0.446875
336.714230299927	0.446875
336.730811499991	0.446875
336.747734199977	0.446875
336.764480500016	0.446875
336.780975400005	0.446875
336.797618599841	0.446875
336.814385999925	0.446875
336.831398000009	0.446875
336.847439099802	0.446875
336.864386599977	0.446875
336.881207299884	0.446875
336.89774419996	0.446875
336.914460300002	0.446875
336.930985499872	0.446875
336.947730899788	0.446875
336.964661799837	0.446875
336.981042800006	0.446875
336.997523099883	0.446875
337.014441699954	0.446875
337.031093999976	0.446875
337.04795479984	0.446875
337.064539599931	0.446875
337.080989499809	0.446875
337.098353599897	0.446875
337.114482200006	0.446875
337.130931699881	0.446875
337.147865299834	0.446875
337.164517399855	0.446875
337.181037699804	0.446875
337.197605199879	0.446875
337.214487299789	0.446875
337.230972899823	0.446875
337.247343599796	0.446875
337.264057899825	0.446875
337.280915200012	0.446875
337.297656399896	0.446875
337.314003999811	0.446875
337.330996799981	0.446875
337.347710100003	0.446875
337.36428879993	0.446875
337.381030799821	0.446875
337.397716499865	0.446875
337.414486399852	0.446875
337.430662399856	0.446875
337.447906099958	0.446875
337.464520899812	0.446875
337.480948799988	0.446875
337.497525499901	0.446875
337.514419199899	0.446875
337.530647299951	0.446875
337.547687199898	0.446875
337.564335600007	0.446875
337.581033199793	0.446875
337.597733599832	0.446875
337.614370299969	0.446875
337.630875499919	0.446875
337.647554999916	0.446875
337.664601899916	0.446875
337.680946299806	0.446875
337.698089099955	0.446875
337.714395999908	0.446875
337.731110899942	0.446875
337.747415999882	0.446875
337.764431699878	0.446875
337.780794199789	0.446875
337.797675299924	0.446875
337.814458499895	0.446875
337.831345899962	0.446875
337.84736289992	0.446875
337.864217599854	0.446875
337.880868899869	0.446875
337.897349299863	0.446875
337.914145299932	0.446875
337.930683499901	0.446875
337.947597999824	0.446875
337.964157799957	0.446875
337.980807399843	0.446875
337.997415199876	0.446875
338.014106499963	0.446875
338.030485899886	0.446875
338.047692199936	0.446875
338.064122800017	0.446875
338.080709799891	0.446875
338.097655799938	0.446875
338.114136999939	0.446875
338.130565499887	0.446875
338.147603199817	0.446875
338.163694099989	0.446875
338.180820900016	0.446875
338.197250599973	0.446875
338.213975099847	0.446875
338.230978399981	0.446875
338.247683899943	0.446875
338.26446789992	0.446875
338.280800699955	0.446875
338.298160899896	0.446875
338.314268699847	0.446875
338.330914699938	0.446875
338.347806199919	0.446875
338.364408599911	0.446875
338.380826399894	0.446875
338.397810699884	0.446875
338.414107199991	0.446875
338.430821799906	0.446875
338.447720599826	0.446875
338.464500800008	0.446875
338.480525099905	0.446875
338.497433099896	0.446875
338.51457829983	0.446875
338.530882199993	0.446875
338.547751399921	0.446875
338.564488400007	0.446875
338.580831999891	0.446875
338.597556199878	0.446875
338.614549899939	0.446875
338.630968799815	0.446875
338.647548299981	0.446875
338.664366999874	0.446875
338.681107399985	0.446875
338.69742179988	0.446875
338.714236399857	0.446875
338.731277899817	0.446875
338.747743799817	0.446875
338.764504099963	0.446875
338.78092109994	0.446875
338.797680699965	0.446875
338.814622699982	0.446875
338.830985399894	0.446875
338.847756000003	0.446875
338.86459409981	0.446875
338.880909299944	0.446875
338.898183599813	0.446875
338.914551299997	0.446875
338.93099309993	0.446875
338.947365899803	0.446875
338.964058899786	0.446875
338.980460199993	0.446875
338.997567599872	0.446875
339.014208399924	0.446875
339.030815899838	0.446875
339.047532999888	0.446875
339.064218299929	0.446875
339.080729899928	0.446875
339.097645799862	0.446875
339.114414599957	0.446875
339.130965099903	0.446875
339.147831299808	0.446875
339.164415200008	0.446875
339.180965099949	0.446875
339.197758900002	0.446875
339.214191599982	0.446875
339.230741799809	0.446875
339.247303199954	0.446875
339.264226099942	0.446875
339.280584599823	0.446875
339.297243000008	0.446875
339.314143799944	0.446875
339.331031899899	0.446875
339.347394099925	0.446875
339.364296999993	0.446875
339.380916299997	0.446875
339.397519999882	0.446875
339.414067999925	0.446875
339.430368699832	0.446875
339.447647499852	0.446875
339.464331199881	0.446875
339.481084299972	0.446875
339.497754399898	0.446875
339.51435159985	0.446875
339.530946200015	0.446875
339.547650599852	0.446875
339.564237299841	0.446875
339.580407899804	0.446875
339.5979106999	0.446875
339.614008399891	0.446875
339.630766100017	0.446875
339.647946799872	0.446875
339.664010699838	0.446875
339.680974799907	0.446875
339.697571899975	0.446875
339.714469099883	0.446875
339.730673999991	0.446875
339.747424299829	0.446875
339.7643887999	0.446875
339.780882699881	0.446875
339.797750299796	0.446875
339.814371599816	0.446875
339.830712299794	0.446875
339.847559999907	0.446875
339.864361799788	0.446875
339.880948300008	0.446875
339.897343799938	0.446875
339.914148199838	0.446875
339.930873599835	0.446875
339.947514700005	0.446875
339.96417039982	0.446875
339.980854699854	0.446875
339.997600900009	0.446875
340.014259799849	0.446875
340.031129200011	0.446875
340.047653099988	0.446875
340.064135099994	0.446875
340.080930099823	0.446875
340.097575299907	0.446875
340.114323399961	0.446875
340.130997099914	0.446875
340.147722399794	0.446875
340.164385899901	0.446875
340.180944799911	0.446875
340.197672299808	0.446875
340.214507299941	0.446875
340.230936999898	0.446875
340.247498499928	0.446875
340.264279399998	0.446875
340.280959999887	0.446875
340.297565799905	0.446875
340.313762999838	0.446875
340.330555999884	0.446875
340.347524399869	0.446875
340.364271999802	0.446875
340.380849299952	0.446875
340.397645899793	0.446875
340.414306199877	0.446875
340.430897200014	0.446875
340.44779399992	0.446875
340.463979799999	0.446875
340.481232999824	0.446875
340.497532999841	0.446875
340.514242299832	0.446875
340.530616199831	0.446875
340.547256099992	0.446875
340.564062699908	0.446875
340.580563599942	0.446875
340.597579399822	0.446875
340.614246299956	0.446875
340.630310499808	0.446875
340.647430100013	0.446875
340.664174799807	0.446875
340.680631099967	0.446875
340.69756559981	0.446875
340.714343499858	0.446875
340.730911499821	0.446875
340.747665799921	0.446875
340.764130399795	0.446875
340.780325399945	0.446875
340.797490599798	0.446875
340.81381429988	0.446875
340.830518799834	0.446875
340.847646199865	0.446875
340.864503299817	0.446875
340.880916499998	0.446875
340.897761899978	0.446875
340.914072899846	0.446875
340.930812499952	0.446875
340.947221999988	0.446875
340.964043099899	0.446875
340.980827399995	0.446875
340.997593299951	0.446875
341.013885999797	0.446875
341.03079869994	0.446875
341.047145499848	0.446875
341.063881099923	0.446875
341.080533399945	0.446875
341.097494499991	0.446875
341.114340499975	0.446875
341.130849399837	0.446875
341.147333399858	0.446875
341.164222699823	0.446875
341.180758700008	0.446875
341.197532599792	0.446875
341.214060299797	0.446875
341.230732899858	0.446875
341.247256899951	0.446875
341.264114399906	0.446875
341.280558799859	0.446875
341.297633899841	0.446875
341.313742299797	0.446875
341.330650499789	0.446875
341.347525199875	0.446875
341.364352299832	0.446875
341.380531699862	0.446875
341.397739299806	0.446875
341.414448099909	0.446875
341.430813999847	0.446875
341.447557899868	0.446875
341.464304299792	0.446875
341.480963399867	0.446875
341.497120799962	0.446875
341.514323999872	0.446875
341.531025699805	0.446875
341.547608899884	0.446875
341.563913699938	0.446875
341.58052619989	0.446875
341.597742999904	0.446875
341.614258499816	0.446875
341.630592299858	0.446875
341.647376099834	0.446875
341.664225299843	0.446875
341.680900699925	0.446875
341.697278599953	0.446875
341.714239199879	0.446875
341.730590099934	0.446875
341.747253499925	0.446875
341.764156299876	0.446875
341.780891399831	0.446875
341.797454099869	0.446875
341.814085299848	0.446875
341.830816600006	0.446875
341.847331299912	0.446875
341.864229199942	0.446875
341.880753599806	0.446875
341.897341899807	0.446875
341.914196699858	0.446875
341.930761399912	0.446875
341.947533099912	0.446875
341.964236199856	0.446875
341.980686099967	0.446875
341.997731299838	0.446875
342.013802499976	0.446875
342.030511799967	0.446875
342.047550599789	0.446875
342.064042099984	0.446875
342.080754399998	0.446875
342.097482299898	0.446875
342.114223899785	0.446875
342.130360699957	0.446875
342.147252999945	0.446875
342.164220699808	0.446875
342.180788799888	0.446875
342.19752889988	0.446875
342.213683199836	0.446875
342.230988499941	0.446875
342.247583799995	0.446875
342.264193699928	0.446875
342.280644899933	0.446875
342.297598899808	0.446875
342.313752599992	0.446875
342.330515099922	0.446875
342.347423299914	0.446875
342.364484499907	0.446875
342.380474200007	0.446875
342.397286399966	0.446875
342.414085899945	0.446875
342.430317899911	0.446875
342.447428499814	0.446875
342.464100799989	0.446875
342.480505999876	0.446875
342.497483999934	0.446875
342.514244699851	0.446875
342.530768899946	0.446875
342.547479399946	0.446875
342.564255499979	0.446875
342.580516399816	0.446875
342.597667099908	0.446875
342.613970799837	0.446875
342.630369999912	0.446875
342.64719259995	0.446875
342.664424399845	0.446875
342.680956699885	0.446875
342.697299699998	0.446875
342.71442019986	0.446875
342.730906399898	0.446875
342.747457099846	0.446875
342.764179399936	0.446875
342.780701499898	0.446875
342.797616599826	0.446875
342.814345299965	0.446875
342.830455499934	0.446875
342.847408999922	0.446875
342.864173999988	0.446875
342.880265499931	0.446875
342.897514699958	0.446875
342.913901799824	0.446875
342.930400199955	0.446875
342.947557799984	0.446875
342.964368699817	0.446875
342.980393599952	0.446875
342.997478100006	0.446875
343.014354999876	0.446875
343.030435899971	0.446875
343.047628299799	0.446875
343.064128699945	0.446875
343.080680100014	0.446875
343.097246599849	0.446875
343.114202599972	0.446875
343.130431099795	0.446875
343.147412499879	0.446875
343.164196699858	0.446875
343.180776299909	0.446875
343.197527199984	0.446875
343.213732999982	0.446875
343.230492099887	0.446875
343.24758179998	0.446875
343.26419269992	0.446875
343.280831599841	0.446875
343.297294199932	0.446875
343.314059099881	0.446875
343.330577499932	0.446875
343.347375799902	0.446875
343.364366599824	0.446875
343.381631799974	0.446875
343.397263999796	0.446875
343.414127199911	0.446875
343.430517799919	0.446875
343.447314099874	0.446875
343.464177799877	0.446875
343.480657299981	0.446875
343.497370499885	0.446875
343.513989599887	0.446875
343.530847799964	0.446875
343.547478899825	0.446875
343.564078099793	0.446875
343.580316799926	0.446875
343.597437699791	0.446875
343.614139099838	0.446875
343.630856500007	0.446875
343.647511199815	0.446875
343.663897099905	0.446875
343.680190399988	0.446875
343.697260099929	0.446875
343.71413420001	0.446875
343.730808299966	0.446875
343.747591999825	0.446875
343.764232599875	0.446875
343.780751299812	0.446875
343.797403099947	0.446875
343.814132399857	0.446875
343.830779199954	0.446875
343.847225699807	0.446875
343.864089299925	0.446875
343.880766999908	0.446875
343.897476899903	0.446875
343.913963599829	0.446875
343.930423799902	0.446875
343.94760449999	0.446875
343.964138999814	0.446875
343.980776499957	0.446875
343.997545099817	0.446875
344.014174300013	0.446875
344.03039679979	0.446875
344.04738559993	0.446875
344.064065099927	0.446875
344.080899999943	0.446875
344.09710649983	0.446875
344.114096799865	0.446875
344.130088399863	0.446875
344.1474458999	0.446875
344.16411189991	0.446875
344.180805600015	0.446875
344.197206899989	0.446875
344.214128499851	0.446875
344.230819599936	0.446875
344.247373899911	0.446875
344.264013499953	0.446875
344.28078479995	0.446875
344.297292799922	0.446875
344.314223099966	0.446875
344.330788399791	0.446875
344.3473296999	0.446875
344.364127499983	0.446875
344.380644799909	0.446875
344.397498899838	0.446875
344.413813799853	0.446875
344.43060959992	0.446875
344.447388699977	0.446875
344.464322299929	0.446875
344.48095649993	0.446875
344.497549899854	0.446875
344.514111500001	0.446875
344.530768699944	0.446875
344.547338699922	0.446875
344.564116399968	0.446875
344.580850999802	0.446875
344.597668599803	0.446875
344.614117599791	0.446875
344.630615699803	0.446875
344.64706099988	0.446875
344.663852399914	0.446875
344.68054929981	0.446875
344.696939699817	0.446875
344.713771499926	0.446875
344.73063399992	0.446875
344.747528899927	0.446875
344.764158200007	0.446875
344.780744599877	0.446875
344.79836749984	0.446875
344.830956699792	0.446875
344.847070399905	0.446875
344.864048599964	0.446875
344.880484799854	0.446875
344.897286099847	0.446875
344.913977399934	0.446875
344.930657499935	0.446875
344.947788499994	0.446875
344.964052999858	0.446875
344.981009899871	0.446875
344.997432600008	0.446875
345.013871699804	0.446875
345.030795099912	0.446875
345.0474866	0.446875
345.064072199864	0.446875
345.080736099975	0.446875
345.097479599994	0.446875
345.114209099906	0.446875
345.130694599822	0.446875
345.147319899872	0.446875
345.164176599821	0.446875
345.180781499948	0.446875
345.197590199998	0.446875
345.213894899935	0.446875
345.230732899858	0.446875
345.2472327	0.446875
345.264059099834	0.446875
345.280784699833	0.446875
345.297565699788	0.446875
345.314379399875	0.446875
345.330615499988	0.446875
345.347201899858	0.446875
345.363715899875	0.446875
345.380817499943	0.446875
345.397747599985	0.446875
345.430895499885	0.446875
345.464489699807	0.446875
345.49739389983	0.446875
345.530545599991	0.446875
345.564002499916	0.446875
345.580730499933	0.446875
345.597549499944	0.446875
345.630934799789	0.446875
345.647210199852	0.446875
345.66400879994	0.446875
345.680801199982	0.446875
345.69727819995	0.446875
345.714047299931	0.446875
345.730695999926	0.446875
345.74723759992	0.446875
345.764031799976	0.446875
345.780367999803	0.446875
345.79715579981	0.446875
345.814035999821	0.446875
345.830609299941	0.446875
345.847148799803	0.446875
345.864068700001	0.446875
345.88060309994	0.446875
345.897367199883	0.446875
345.914045899874	0.446875
345.930806799792	0.446875
345.947392399888	0.446875
345.963974099839	0.446875
345.980693899794	0.446875
345.997195499949	0.446875
346.013466099976	0.446875
346.030814799946	0.446875
346.047058299882	0.446875
346.063890399877	0.446875
346.080454999814	0.446875
346.097210899927	0.446875
346.113878499949	0.446875
346.13054799987	0.446875
346.147103299852	0.446875
346.163792099804	0.446875
346.180132800015	0.446875
346.197746099904	0.446875
346.213896599831	0.446875
346.230843199883	0.446875
346.247407699935	0.446875
346.26396199991	0.446875
346.280720199924	0.446875
346.297479699831	0.446875
346.313699099934	0.446875
346.330723899882	0.446875
346.363884299994	0.446875
346.397369300015	0.446875
346.431731199846	0.446875
346.463907199912	0.446875
346.497694099788	0.446875
346.531051199883	0.446875
346.563789999811	0.446875
346.58050829987	0.446875
346.61436599982	0.446875
346.647673900006	0.446875
346.680886199931	0.446875
346.714117399883	0.446875
346.747655099956	0.446875
346.780634199968	0.446875
346.813723200001	0.446875
346.830506699858	0.446875
346.863785699941	0.446875
346.897736300016	0.446875
346.930949799949	0.446875
346.964334399905	0.446875
346.99755069986	0.446875
347.030756099848	0.446875
347.06377239991	0.446875
347.097190399887	0.446875
347.131047699833	0.446875
347.164360099938	0.446875
347.197193400003	0.446875
347.230821199948	0.446875
347.264147399925	0.446875
347.297416999936	0.446875
347.33044759999	0.446875
347.364226599922	0.446875
347.39752759994	0.446875
347.430787699996	0.446875
347.463863799814	0.446875
347.497437199811	0.446875
347.531021399889	0.446875
347.563957499806	0.446875
347.597249999875	0.446875
347.630147999851	0.446875
347.663839799818	0.446875
347.697744000005	0.446875
347.730457699858	0.446875
347.764067899901	0.446875
347.797257199883	0.446875
347.830827499973	0.446875
347.863910899963	0.446875
347.897778899875	0.446875
347.931124999886	0.446875
347.964087399887	0.446875
347.997163799824	0.446875
348.030391299864	0.446875
348.06381169986	0.446875
348.09758870001	0.446875
348.13049429981	0.446875
348.163985499879	0.446875
348.197466999991	0.446875
348.230832899921	0.446875
348.264036800014	0.446875
348.297313199844	0.446875
348.330597199965	0.446875
348.364066499984	0.446875
348.397215999896	0.446875
348.430422999896	0.446875
348.463850599946	0.446875
348.49763499992	0.446875
348.530786999967	0.446875
348.564041099977	0.446875
348.59729999979	0.446875
348.630420099944	0.446875
348.663962099934	0.446875
348.697472699918	0.446875
348.730982899899	0.446875
348.76392879989	0.446875
348.797897799872	0.446875
348.830669399817	0.446875
348.86401219992	0.446875
348.897347099846	0.446875
348.930804200005	0.446875
348.963608799968	0.446875
348.997434999794	0.446875
349.030350300018	0.446875
349.063936899882	0.446875
349.097042399924	0.446875
349.130542299943	0.446875
349.163894400001	0.446875
349.197518899804	0.446875
349.230736600002	0.446875
349.263887099922	0.446875
349.297547699884	0.446875
349.330723299878	0.446875
349.363624599995	0.446875
349.397392899962	0.446875
349.430438800016	0.446875
349.463850799948	0.446875
349.497403499903	0.446875
349.531067499891	0.446875
349.563869999954	0.446875
349.597281900002	0.446875
349.630403299816	0.446875
349.663572999882	0.446875
349.697168399813	0.446875
349.731354499934	0.446875
349.76375409984	0.446875
349.797027199995	0.446875
349.831010099966	0.446875
349.863664299948	0.446875
349.897358399816	0.446875
349.93072539987	0.446875
349.963839999866	0.446875
349.997086099815	0.446875
350.030597899808	0.446875
350.063686799956	0.446875
350.097538799979	0.446875
350.130343899829	0.446875
350.163793699816	0.446875
350.197309499839	0.446875
350.23045719997	0.446875
350.263929700013	0.446875
350.297601199942	0.446875
350.330827799859	0.446875
350.363575899974	0.446875
350.397033999907	0.446875
350.430317299906	0.446875
350.463773599826	0.446875
350.497662300011	0.446875
350.530907099834	0.446875
350.563807199942	0.446875
350.597540899878	0.446875
350.630224899855	0.446875
350.663742899895	0.446875
350.697371899849	0.446875
350.730807899963	0.446875
350.76409309986	0.446875
350.797752799932	0.446875
350.830524599878	0.446875
350.863471499877	0.446875
350.897372699808	0.446875
350.930377000012	0.446875
350.963695699815	0.446875
350.997406099923	0.446875
351.030867999885	0.446875
351.063831500011	0.446875
351.097521399846	0.446875
351.130506299902	0.446875
351.163909599883	0.446875
351.196902399883	0.446875
351.230156099889	0.446875
351.263562399894	0.446875
351.297535999911	0.446875
351.330406799912	0.446875
351.363448299933	0.446875
351.397033100016	0.446875
351.429670599988	0.446875
351.462624399923	0.446875
351.496320499806	0.446875
351.529135099845	0.446875
351.562740199966	0.446875
351.595858599991	0.446875
351.629213399952	0.446875
351.662806899985	0.446875
351.696207699832	0.446875
351.730371699901	0.446875
351.762858100003	0.446875
351.796657099854	0.446875
351.829403799959	0.446875
351.862733399961	0.446875
351.896420599893	0.446875
351.929123699898	0.446875
351.962947099935	0.446875
351.996305299923	0.446875
352.029240799835	0.446875
352.062780299922	0.446875
352.095867199823	0.446875
352.12919739983	0.446875
352.162361999974	0.446875
352.196197799873	0.446875
352.229302099906	0.446875
352.263091599802	0.446875
352.296095199883	0.446875
352.329649299849	0.446875
352.362765799975	0.446875
352.396469399799	0.446875
352.429140799912	0.446875
352.462383599952	0.446875
352.496543899877	0.446875
352.529368099989	0.446875
352.562712099869	0.446875
352.595714899944	0.446875
352.629406599794	0.446875
352.662245599786	0.446875
352.695926300017	0.446875
352.729736999841	0.446875
352.762659	0.446875
352.796371999895	0.446875
352.829101499869	0.446875
352.862667999929	0.446875
352.896104799816	0.446875
352.929632599931	0.446875
352.962767499965	0.446875
352.996467499994	0.446875
353.029455499956	0.446875
353.062804999994	0.446875
353.095733399969	0.446875
353.129745299928	0.446875
353.162651899969	0.446875
353.195679799886	0.446875
353.229019399965	0.446875
353.263025299879	0.446875
353.295857599936	0.446875
353.329718099907	0.446875
353.36284639989	0.446875
353.396000299836	0.446875
353.429613000015	0.446875
353.463062699884	0.446875
353.496331899893	0.446875
353.52971319994	0.446875
353.562942199875	0.446875
353.595799099887	0.446875
353.629367499845	0.446875
353.662844599923	0.446875
353.696350999875	0.446875
353.729157599853	0.446875
353.762402299792	0.446875
353.795673099812	0.446875
353.829362599878	0.446875
353.862482799916	0.446875
353.89595239982	0.446875
353.929275600007	0.446875
353.962583599845	0.446875
353.996246699942	0.446875
354.029000899987	0.446875
354.062432699837	0.446875
354.096168299904	0.446875
354.129054699792	0.446875
354.162825200008	0.446875
354.196264499798	0.446875
354.229350499809	0.446875
354.262859199895	0.446875
354.295927200001	0.446875
354.330087899929	0.446875
354.362708800007	0.446875
354.396289599827	0.446875
354.429415099788	0.446875
354.462756599998	0.446875
354.496386199957	0.446875
354.528929099906	0.446875
354.562867800007	0.446875
354.596236199839	0.446875
354.629074599827	0.446875
354.662810799899	0.446875
354.696111599915	0.446875
354.729916699929	0.446875
354.762897299835	0.446875
354.796462500002	0.446875
354.829363099998	0.446875
354.862750699976	0.446875
354.896004999988	0.446875
354.929048399907	0.446875
354.962446899852	0.446875
354.995658600004	0.446875
355.029518399853	0.446875
355.062954199966	0.446875
355.096129199956	0.446875
355.129503499949	0.446875
355.162866299972	0.446875
355.196282799821	0.446875
355.229414999951	0.446875
355.262985399924	0.446875
355.295664899983	0.446875
355.329484899994	0.446875
355.362328899791	0.446875
355.395683299983	0.446875
355.428903599968	0.446875
355.462198199937	0.446875
355.496073699789	0.446875
355.529009899823	0.446875
355.562724699965	0.446875
355.595799899893	0.446875
355.629352499964	0.446875
355.662641099887	0.446875
355.696128199808	0.446875
355.728975699982	0.446875
355.762724499917	0.446875
355.795582999941	0.446875
355.829136799788	0.446875
355.862957599806	0.446875
355.89565979992	0.446875
355.929616599809	0.446875
355.962889399845	0.446875
355.995527099818	0.446875
356.029846999794	0.446875
356.062789899996	0.446875
356.096018499928	0.446875
356.129729199922	0.446875
356.162486099871	0.446875
356.196044099983	0.446875
356.229690299835	0.446875
356.262672199868	0.446875
356.295988099882	0.446875
356.329692999832	0.446875
356.36302109994	0.446875
356.395949499914	0.446875
356.428778299829	0.446875
356.462708199862	0.446875
356.496268899878	0.446875
356.529709199909	0.446875
356.562799899839	0.446875
356.595967999892	0.446875
356.629496000009	0.446875
356.662591199856	0.446875
356.695630399976	0.446875
356.728944499977	0.446875
356.762714899844	0.446875
356.796362199821	0.446875
356.829607199878	0.446875
356.862831800012	0.446875
356.896193299908	0.446875
356.92885929998	0.446875
356.962641499937	0.446875
356.996051799972	0.446875
357.029670699965	0.446875
357.062853300013	0.446875
357.096337999916	0.446875
357.129918199964	0.446875
357.1624156998	0.446875
357.195914699929	0.446875
357.229403399862	0.446875
357.262777999975	0.446875
357.29576189979	0.446875
357.329161699861	0.446875
357.362851199927	0.446875
357.395938599948	0.446875
357.42923709983	0.446875
357.462475799955	0.446875
357.495735100005	0.446875
357.529080600012	0.446875
357.562719399808	0.446875
357.595947999973	0.446875
357.62945589982	0.446875
357.662652499974	0.446875
357.695702199824	0.446875
357.729824699927	0.446875
357.76278209989	0.446875
357.796186299995	0.446875
357.829054099973	0.446875
357.862833099905	0.446875
357.89618879999	0.446875
357.928845699877	0.446875
357.962455699919	0.446875
357.996539299842	0.446875
358.029334699968	0.446875
358.063040999928	0.446875
358.096009199973	0.446875
358.129040199798	0.446875
358.162615499925	0.446875
358.195625299821	0.446875
358.229681900004	0.446875
358.262449799804	0.446875
358.295590499882	0.446875
358.328985299915	0.446875
358.362836999819	0.446875
358.395609400002	0.446875
358.429195599863	0.446875
358.462821899913	0.446875
358.496052999981	0.446875
358.529057699954	0.446875
358.56249599997	0.446875
358.595643299865	0.446875
358.62943239999	0.446875
358.662739699939	0.446875
358.695906599984	0.446875
358.729041300016	0.446875
358.762691999786	0.446875
358.796165399952	0.446875
358.829046799801	0.446875
358.8622951	0.446875
358.895982199814	0.446875
358.929812799906	0.446875
358.962667899905	0.446875
358.996028199792	0.446875
359.029039899819	0.446875
359.062778499909	0.446875
359.095960999839	0.446875
359.129437899916	0.446875
359.162241699873	0.446875
359.19582569995	0.446875
359.229546899907	0.446875
359.262449299917	0.446875
359.295967499958	0.446875
359.329120700015	0.446875
359.36229339987	0.446875
359.39581659995	0.446875
359.433609199943	0.446875
359.462951999856	0.446875
359.496155799832	0.446875
359.529188399902	0.446875
359.562524399953	0.446875
359.595958299935	0.446875
359.628974699881	0.446875
359.663023900008	0.446875
359.695863900008	0.446875
359.72915889998	0.446875
359.762746499851	0.446875
359.796019899892	0.446875
359.829637499992	0.446875
359.86293329997	0.446875
359.896229499951	0.446875
359.929434999824	0.446875
359.962641199818	0.446875
359.995673099998	0.446875
360.029533899855	0.446875
360.062267399859	0.446875
360.095784599893	0.446875
360.129344299901	0.446875
360.162499299971	0.446875
360.196074499981	0.446875
360.229526499985	0.446875
360.262379699852	0.446875
360.296004199889	0.446875
360.329123999923	0.446875
360.362443099963	0.446875
360.396043499932	0.446875
360.429353599902	0.446875
360.462241299916	0.446875
360.495758299949	0.446875
360.52898149984	0.446875
360.5624541	0.446875
360.596227400005	0.446875
360.62935679988	0.446875
360.662683999864	0.446875
360.695672299946	0.446875
360.729414799949	0.446875
360.762914599851	0.446875
360.796219199896	0.446875
360.829550599912	0.446875
360.862445099978	0.446875
360.896089899819	0.446875
360.929148199968	0.446875
360.962724599987	0.446875
360.99566359981	0.446875
361.029030599864	0.446875
361.062265199842	0.446875
361.095639399951	0.446875
361.12951309979	0.446875
361.162821599981	0.446875
361.195876499871	0.446875
361.229535899824	0.446875
361.262658599997	0.446875
361.29600089998	0.446875
361.329028900014	0.446875
361.362709899899	0.446875
361.396052599885	0.446875
361.429353199899	0.446875
361.462637999794	0.446875
361.495657899883	0.446875
361.529141200008	0.446875
361.56257459987	0.446875
361.595622799825	0.446875
361.629083799897	0.446875
361.662627300015	0.446875
361.695831599878	0.446875
361.729534399929	0.446875
361.762483699946	0.446875
361.795709599974	0.446875
361.829366699792	0.446875
361.862531999825	0.446875
361.896115300013	0.446875
361.929014299996	0.446875
361.962552599842	0.446875
361.995911399834	0.446875
362.028913799906	0.446875
362.062295599841	0.446875
362.096364999888	0.446875
362.129423799925	0.446875
362.162621499971	0.446875
362.196119299857	0.446875
362.229003999848	0.446875
362.262262200005	0.446875
362.295937499963	0.446875
362.329474299913	0.446875
362.362622799817	0.446875
362.395570099819	0.446875
362.429308899911	0.446875
362.462273599813	0.446875
362.495926099829	0.446875
362.528914899798	0.446875
362.562590799993	0.446875
362.595973299816	0.446875
362.629232399864	0.446875
362.662340299925	0.446875
362.695492099971	0.446875
362.728919300018	0.446875
362.762539799791	0.446875
362.796271399828	0.446875
362.829217799939	0.446875
362.862580699846	0.446875
362.895990299992	0.446875
362.928933599964	0.446875
362.962317499798	0.446875
362.996015599929	0.446875
363.029448899906	0.446875
363.062460899819	0.446875
363.095517599955	0.446875
363.128846899839	0.446875
363.162656300003	0.446875
363.195864100009	0.446875
363.228945399867	0.446875
363.262912599836	0.446875
363.296114199795	0.446875
363.339883500012	0.446875
363.362268499797	0.446875
363.39564449992	0.446875
363.428890999872	0.446875
363.462202199968	0.446875
363.495951599907	0.446875
363.529311999911	0.446875
363.562439200003	0.446875
363.596220299834	0.446875
363.628838399891	0.446875
363.662640800001	0.446875
363.695899899816	0.446875
363.729042599909	0.446875
363.762444199994	0.446875
363.796010799939	0.446875
363.829501699889	0.446875
363.862549199956	0.446875
363.896141199861	0.446875
363.929154099897	0.446875
363.962619799888	0.446875
363.995564199984	0.446875
364.029018899892	0.446875
364.062672699802	0.446875
364.095707400003	0.446875
364.128786899848	0.446875
364.162441199878	0.446875
364.195630399976	0.446875
364.22888979991	0.446875
364.262289699866	0.446875
364.296011799946	0.446875
364.3293196999	0.446875
364.362507499987	0.446875
364.396224299911	0.446875
364.428838499822	0.446875
364.462767199846	0.446875
364.495804499835	0.446875
364.528888199944	0.446875
364.562392399879	0.446875
364.595855899854	0.446875
364.62956299982	0.446875
364.662088099867	0.446875
364.695953599876	0.446875
364.728802799946	0.446875
364.762571099913	0.446875
364.796276599867	0.446875
364.828819199931	0.446875
364.862399399979	0.446875
364.879080199869	0.446875
364.895587199833	0.446875
364.928628399968	0.446875
364.962488799822	0.446875
364.979177499888	0.446875
364.995351499878	0.446875
365.029070399934	0.446875
365.045519699808	0.446875
365.0620455998	0.446875
365.096142799826	0.446875
365.112586699892	0.446875
365.128982199822	0.446875
365.162244800013	0.446875
365.195970099885	0.446875
365.2122260998	0.446875
365.245902699884	0.446875
365.262442099862	0.446875
365.295465099858	0.446875
365.312589699868	0.446875
365.345597499982	0.446875
365.36273149983	0.446875
365.395399099914	0.446875
365.412689199904	0.446875
365.428639599821	0.446875
365.445924300002	0.446875
365.479061499937	0.446875
365.4960270999	0.446875
365.512357299915	0.446875
365.545814499957	0.446875
365.578621799825	0.446875
365.595899299951	0.446875
365.612439999823	0.446875
365.645515699871	0.446875
365.662366499892	0.446875
365.695704299957	0.446875
365.712185599841	0.446875
365.7455052	0.446875
365.76247680001	0.446875
365.796311100014	0.446875
365.812346299877	0.446875
365.845591999823	0.446875
365.862215499859	0.446875
365.895672000013	0.446875
365.912347299978	0.446875
365.945620699786	0.446875
365.962406700011	0.446875
365.995525799925	0.446875
366.012360599823	0.446875
366.045967099955	0.446875
366.072619699873	0.446875
366.095419999911	0.446875
366.112327300012	0.446875
366.129232199863	0.446875
366.146159499884	0.446875
366.162474500015	0.446875
366.195555499988	0.446875
366.212324599968	0.446875
366.2285368999	0.446875
366.245439699851	0.446875
366.278947599931	0.446875
366.295643099817	0.446875
366.312266899971	0.446875
366.328650499927	0.446875
366.345872999867	0.446875
366.362298999913	0.446875
366.379011099925	0.446875
366.395407299977	0.446875
366.412123599788	0.446875
366.428396399831	0.446875
366.445434699999	0.446875
366.480050799903	0.446875
366.496584899956	0.446875
366.513032499934	0.446875
366.529443799984	0.446875
366.546303699957	0.446875
366.562988799997	0.446875
366.579585799947	0.446875
366.596798399929	0.446875
366.613471699879	0.446875
366.63023609994	0.446875
366.646687299944	0.446875
366.663419199875	0.446875
366.679946299875	0.446875
366.696704299888	0.446875
366.713501399849	0.446875
366.746758099878	0.446875
366.763154799817	0.446875
366.779933199985	0.446875
366.796742899809	0.446875
366.813360999804	0.446875
366.829370699823	0.446875
366.846930499887	0.446875
366.86334079993	0.446875
366.879554099869	0.446875
366.896578799933	0.446875
366.913595199818	0.446875
366.929408999858	0.446875
366.946504899999	0.446875
366.962940199999	0.446875
366.979343899991	0.446875
366.996651699999	0.446875
367.012942799833	0.446875
367.029326000018	0.446875
367.046648299787	0.446875
367.062986799981	0.446875
367.079851399874	0.446875
367.096212300006	0.446875
367.112956999801	0.446875
367.129890399985	0.446875
367.146647199988	0.446875
367.162848499836	0.446875
367.179302399978	0.446875
367.19620659994	0.446875
367.21331329993	0.446875
367.229875399964	0.446875
367.246565899812	0.446875
367.262797300005	0.446875
367.27937039989	0.446875
367.296461199876	0.446875
367.312915599905	0.446875
367.329574699979	0.446875
367.346712599974	0.446875
367.363152100006	0.446875
367.382644299883	0.446875
367.397107800003	0.446875
367.413306699833	0.446875
367.429726899834	0.446875
367.446449899813	0.446875
367.463108900003	0.446875
367.479271199787	0.446875
367.496498199878	0.446875
367.512888599886	0.446875
367.529961699853	0.446875
367.546698699938	0.446875
367.56292019994	0.446875
367.579647999955	0.446875
367.596704299795	0.446875
367.613183500012	0.446875
367.629902099958	0.446875
367.646610899828	0.446875
367.662780899787	0.446875
367.679379199864	0.446875
367.696472899988	0.446875
367.712775999913	0.446875
367.729515999788	0.446875
367.745969199808	0.446875
367.763180800015	0.446875
367.779929299839	0.446875
367.79687849991	0.446875
367.813203199999	0.446875
367.830056399805	0.446875
367.84624939994	0.446875
367.863145499956	0.446875
367.8797896998	0.446875
367.896137899952	0.446875
367.913003699854	0.446875
367.929783799918	0.446875
367.946417699801	0.446875
367.962785199983	0.446875
367.979440399911	0.446875
367.996535899816	0.446875
368.012790499954	0.446875
368.029810899869	0.446875
368.046474499861	0.446875
368.062737399945	0.446875
368.079919299809	0.446875
368.097687999951	0.446875
368.113234899938	0.446875
368.129530899925	0.446875
368.146121399943	0.446875
368.163293699967	0.446875
368.179434599821	0.446875
368.196478599915	0.446875
368.213459199993	0.446875
368.229367899941	0.446875
368.246404399863	0.446875
368.263070999878	0.446875
368.279394099955	0.446875
368.296226199949	0.446875
368.312820899999	0.446875
368.329866299871	0.446875
368.346064399928	0.446875
368.363105099881	0.446875
368.379334699828	0.446875
368.396589999786	0.446875
368.412982999813	0.446875
368.429775199853	0.446875
368.446725399932	0.446875
368.462803799892	0.446875
368.479953699978	0.446875
368.496701699914	0.446875
368.513006399851	0.446875
368.529738399899	0.446875
368.546515899943	0.446875
368.56292419997	0.446875
368.579895899864	0.446875
368.596543499967	0.446875
368.613349699881	0.446875
368.629569199868	0.446875
368.646436099894	0.446875
368.662994799903	0.446875
368.679752299795	0.446875
368.696405699942	0.446875
368.712907299865	0.446875
368.729464599863	0.446875
368.746805199888	0.446875
368.762730299961	0.446875
368.779490999877	0.446875
368.796619799919	0.446875
368.812935199821	0.446875
368.829890499823	0.446875
368.846251399955	0.446875
368.862550199963	0.446875
368.879371499876	0.446875
368.896633900004	0.446875
368.912913299864	0.446875
368.929951999802	0.446875
368.946389099816	0.446875
368.963182399981	0.446875
368.979862799868	0.446875
368.996647599852	0.446875
369.013148699887	0.446875
369.029398399871	0.446875
369.046347899828	0.446875
369.062576399883	0.446875
369.079255199991	0.446875
369.096456599887	0.446875
369.112659699982	0.446875
369.129394899821	0.446875
369.145914499881	0.446875
369.16299789981	0.446875
369.179309499916	0.446875
369.19643679983	0.446875
369.212744199904	0.446875
369.229377500014	0.446875
369.246384399943	0.446875
369.263356199954	0.446875
369.279379899846	0.446875
369.296072099824	0.446875
369.312594399787	0.446875
369.329358299961	0.446875
369.345950999996	0.446875
369.362998099998	0.446875
369.379394699819	0.446875
369.396845899988	0.446875
369.412700799992	0.446875
369.429832399823	0.446875
369.446064099902	0.446875
369.462654199917	0.446875
369.479902099818	0.446875
369.496534399921	0.446875
369.513067099964	0.446875
369.529759199824	0.446875
369.545969999861	0.446875
369.562791999895	0.446875
369.579623199999	0.446875
369.596332599875	0.446875
369.61269390001	0.446875
369.629313400015	0.446875
369.64640019997	0.446875
369.662848799955	0.446875
369.679491000017	0.446875
369.696451099822	0.446875
369.712882799795	0.446875
369.729735999834	0.446875
369.746053999988	0.446875
369.762933799997	0.446875
369.779847299913	0.446875
369.795960299904	0.446875
369.813024599804	0.446875
369.829333300004	0.446875
369.84647699981	0.446875
369.862904999871	0.446875
369.879696199903	0.446875
369.896601399872	0.446875
369.913072199794	0.446875
369.929321700009	0.446875
369.946099899942	0.446875
369.962977599818	0.446875
369.98052099999	0.446875
369.99590609991	0.446875
370.012652699836	0.446875
370.029246399878	0.446875
370.045901699923	0.446875
370.062659299932	0.446875
370.079295799835	0.446875
370.096456399886	0.446875
370.113034899812	0.446875
370.129473299952	0.446875
370.146705899853	0.446875
370.163102999795	0.446875
370.179863399826	0.446875
370.196560599841	0.446875
370.213221299928	0.446875
370.229875399964	0.446875
370.245979799889	0.446875
370.262932599988	0.446875
370.279839599971	0.446875
370.296457099961	0.446875
370.313093299977	0.446875
370.329361799872	0.446875
370.346836399985	0.446875
370.362678000005	0.446875
370.379771299893	0.446875
370.396585399983	0.446875
370.413206999889	0.446875
370.429381999886	0.446875
370.446091399994	0.446875
370.46285329992	0.446875
370.479679899989	0.446875
370.496058499906	0.446875
370.512746399967	0.446875
370.529405999929	0.446875
370.545984099852	0.446875
370.562919499818	0.446875
370.579749699915	0.446875
370.596520799911	0.446875
370.612525600009	0.446875
370.629681999795	0.446875
370.646420100005	0.446875
370.66308009997	0.446875
370.679862399818	0.446875
370.69667669991	0.446875
370.712780699832	0.446875
370.7292553999	0.446875
370.746300400002	0.446875
370.762790599838	0.446875
370.77937249979	0.446875
370.796422599815	0.446875
370.812869399786	0.446875
370.82975259982	0.446875
370.846144699957	0.446875
370.862617200008	0.446875
370.879945199937	0.446875
370.896468299907	0.446875
370.913017299958	0.446875
370.930100499885	0.446875
370.946149299853	0.446875
370.962584999856	0.446875
370.979840999935	0.446875
370.996394299902	0.446875
371.012837899849	0.446875
371.029685799964	0.446875
371.046628899872	0.446875
371.062758899992	0.446875
371.080095999874	0.446875
371.09647089988	0.446875
371.112726899795	0.446875
371.129569999874	0.446875
371.146640899824	0.446875
371.163069000002	0.446875
371.179801099934	0.446875
371.196184200002	0.446875
371.212421499891	0.446875
371.22971679992	0.446875
371.245988499839	0.446875
371.262479499914	0.446875
371.279894499807	0.446875
371.296319199959	0.446875
371.312752599828	0.446875
371.329479699954	0.446875
371.34656440001	0.446875
371.362454399932	0.446875
371.380975199863	0.446875
371.396800499875	0.446875
371.412511199946	0.446875
371.429769799812	0.446875
371.446518699871	0.446875
371.462894700002	0.446875
371.479288899805	0.446875
371.496077599935	0.446875
371.512759299949	0.446875
371.529112799792	0.446875
371.546552499989	0.446875
371.562695799861	0.446875
371.5793043999	0.446875
371.596562999999	0.446875
371.612499399809	0.446875
371.629729499808	0.446875
371.646280799992	0.446875
371.662807899993	0.446875
371.680164199788	0.446875
371.696287899977	0.446875
371.712481699884	0.446875
371.729676899966	0.446875
371.746399399824	0.446875
371.762692399789	0.446875
371.779481599806	0.446875
371.79571440001	0.446875
371.813024399802	0.446875
371.829101399984	0.446875
371.846727699973	0.446875
371.86250219983	0.446875
371.879176299786	0.446875
371.8963144999	0.446875
371.912902700016	0.446875
371.930205299985	0.446875
371.946538699791	0.446875
371.962890199851	0.446875
371.979168899823	0.446875
371.996358599979	0.446875
372.012505299877	0.446875
372.029577699956	0.446875
372.046425199835	0.446875
372.062674999936	0.446875
372.079459899804	0.446875
372.096380899893	0.446875
372.112773499917	0.446875
372.129711799789	0.446875
372.146021099994	0.446875
372.162569299806	0.446875
372.179726599948	0.446875
372.196021099808	0.446875
372.212454299908	0.446875
372.229520799825	0.446875
372.246228699805	0.446875
372.262586299796	0.446875
372.27952370001	0.446875
372.295769199962	0.446875
372.313010899816	0.446875
372.3292584999	0.446875
372.34638100001	0.446875
372.362741599791	0.446875
372.379618099891	0.446875
372.396627399838	0.446875
372.412983299932	0.446875
372.429134199861	0.446875
372.445990799926	0.446875
372.462769399863	0.446875
372.479246599833	0.446875
372.49591879989	0.446875
372.512685399968	0.446875
372.52914319979	0.446875
372.54664119985	0.446875
372.562509999843	0.446875
372.579860399943	0.446875
372.596544999862	0.446875
372.612806099933	0.446875
372.629761799937	0.446875
372.646375200013	0.446875
372.662774199853	0.446875
372.679419499822	0.446875
372.69629439991	0.446875
372.712741700001	0.446875
372.729567399947	0.446875
372.746002899949	0.446875
372.763078099815	0.446875
372.779545499943	0.446875
372.79653599998	0.446875
372.812549199909	0.446875
372.829370499821	0.446875
372.846286399988	0.446875
372.862927999813	0.446875
372.879264399875	0.446875
372.896785499994	0.446875
372.912493599812	0.446875
372.929690399906	0.446875
372.946392899845	0.446875
372.962458199821	0.446875
372.979740199866	0.446875
372.996166999917	0.446875
373.01299399999	0.446875
373.02945729997	0.446875
373.045905099949	0.446875
373.062646399951	0.446875
373.08013919997	0.446875
373.096230899915	0.446875
373.112876300002	0.446875
373.129294099985	0.446875
373.146617299877	0.446875
373.162686799886	0.446875
373.179087299854	0.446875
373.195951299975	0.446875
373.212518899934	0.446875
373.229189599864	0.446875
373.246118499897	0.446875
373.262942299945	0.446875
373.279712799937	0.446875
373.296137099853	0.446875
373.313073099824	0.446875
373.329562499886	0.446875
373.346411499893	0.446875
373.362518099835	0.446875
373.379675699864	0.446875
373.396651999792	0.446875
373.412553599803	0.446875
373.429258199874	0.446875
373.446145299822	0.446875
373.462926799897	0.446875
373.47907809983	0.446875
373.496650699992	0.446875
373.513087699888	0.446875
373.529525299789	0.446875
373.546045699855	0.446875
373.563046899857	0.446875
373.579527699854	0.446875
373.59639229998	0.446875
373.612826099852	0.446875
373.629441199824	0.446875
373.646493699867	0.446875
373.662634299835	0.446875
373.679170299787	0.446875
373.696449399926	0.446875
373.712886699941	0.446875
373.729561699787	0.446875
373.746724699857	0.446875
373.762495399918	0.446875
373.779085499933	0.446875
373.79621179984	0.446875
373.812832599971	0.446875
373.829215999926	0.446875
373.84629269992	0.446875
373.862592999823	0.446875
373.87955289986	0.446875
373.896281699883	0.446875
373.912621799856	0.446875
373.9291983	0.446875
373.946289799875	0.446875
373.962456999812	0.446875
373.979145199992	0.446875
373.995984099805	0.446875
374.012532599969	0.446875
374.029336399864	0.446875
374.046237399802	0.446875
374.062733099796	0.446875
374.079692699946	0.446875
374.096773499856	0.446875
374.112861000001	0.446875
374.129568899982	0.446875
374.145888499916	0.446875
374.162887400016	0.446875
374.179510499816	0.446875
374.196101599839	0.446875
374.212759099901	0.446875
374.229475099826	0.446875
374.246363999788	0.446875
374.262613500003	0.446875
374.27929389989	0.446875
374.296160399914	0.446875
374.312780699925	0.446875
374.329770099837	0.446875
374.346467999974	0.446875
374.362714999821	0.446875
374.379546899814	0.446875
374.395923099946	0.446875
374.412744999863	0.446875
374.429468899965	0.446875
374.445911999792	0.446875
374.462928199908	0.446875
374.4794716998	0.446875
374.495863399934	0.446875
374.512781600002	0.446875
374.529348699842	0.446875
374.545833599987	0.446875
374.562960400013	0.446875
374.579769899836	0.446875
374.596636599861	0.446875
374.612966799876	0.446875
374.629687599838	0.446875
374.64623730001	0.446875
374.662514699856	0.446875
374.679254299961	0.446875
374.696498399833	0.446875
374.712879099883	0.446875
374.729720299831	0.446875
374.746588599868	0.446875
374.762963899877	0.446875
374.779971699929	0.446875
374.796480799792	0.446875
374.812643899815	0.446875
374.829468999989	0.446875
374.84578470001	0.446875
374.862733799964	0.446875
374.879758399911	0.446875
374.89597029984	0.446875
374.91288349987	0.446875
374.929872399895	0.446875
374.946431499906	0.446875
374.962671499932	0.446875
374.979548499919	0.446875
374.996573399985	0.446875
375.012864599936	0.446875
375.029727099929	0.446875
375.046456799842	0.446875
375.06245969981	0.446875
375.079732300015	0.446875
375.096333199879	0.446875
375.112789999926	0.446875
375.129636499798	0.446875
375.146476899972	0.446875
375.162783599924	0.446875
375.17937999987	0.446875
375.196149999974	0.446875
375.21276899986	0.446875
375.229457699927	0.446875
375.246249999851	0.446875
375.263170599937	0.446875
375.279445699882	0.446875
375.296232599998	0.446875
375.312508799834	0.446875
375.329114699969	0.446875
375.345833999803	0.446875
375.362515799934	0.446875
375.379552099854	0.446875
375.396604300011	0.446875
375.412796399789	0.446875
375.429572199937	0.446875
375.446614099899	0.446875
375.462754999986	0.446875
375.479607699905	0.446875
375.495980900014	0.446875
375.512986299815	0.446875
375.529967800016	0.446875
375.546002999879	0.446875
375.562703499803	0.446875
375.579154799925	0.446875
375.595842599869	0.446875
375.612722099992	0.446875
375.629523999989	0.446875
375.646192599786	0.446875
375.662530499976	0.446875
375.679427399999	0.446875
375.696186299901	0.446875
375.712764399825	0.446875
375.729778999928	0.446875
375.745992699871	0.446875
375.762681699824	0.446875
375.779319099849	0.446875
375.796191699803	0.446875
375.812858799938	0.446875
375.829485099996	0.446875
375.845914199948	0.446875
375.862699599937	0.446875
375.879311800003	0.446875
375.896146699786	0.446875
375.912877999945	0.446875
375.92930399999	0.446875
375.946502499981	0.446875
375.962943799794	0.446875
375.979899499798	0.446875
375.996079999954	0.446875
376.012555499794	0.446875
376.029521699995	0.446875
376.046243599849	0.446875
376.062650799984	0.446875
376.079421099974	0.446875
376.096201699926	0.446875
376.113153799903	0.446875
376.129826299846	0.446875
376.146447699983	0.446875
376.162656900007	0.446875
376.17928869999	0.446875
376.196281199809	0.446875
376.21285329992	0.446875
376.229602399981	0.446875
376.246258299798	0.446875
376.262836399954	0.446875
376.279749099864	0.446875
376.296431599883	0.446875
376.312638999894	0.446875
376.329483699985	0.446875
376.346388799837	0.446875
376.362853399944	0.446875
376.379352999851	0.446875
376.396323099965	0.446875
376.412769799819	0.446875
376.429706499912	0.446875
376.446437699953	0.446875
376.462193599902	0.446875
376.479691299843	0.446875
376.496325599961	0.446875
376.512873699889	0.446875
376.5294654998	0.446875
376.546015499858	0.446875
376.562814599834	0.446875
376.579538499936	0.446875
376.596359499963	0.446875
376.61287559988	0.446875
376.629713599803	0.446875
376.64636129979	0.446875
376.662588399835	0.446875
376.679682999849	0.446875
376.696130699944	0.446875
376.712454099907	0.446875
376.729207299883	0.446875
376.746458699927	0.446875
376.762556099799	0.446875
376.779349499848	0.446875
376.796568499878	0.446875
376.812643999932	0.446875
376.829470199998	0.446875
376.846254699863	0.446875
376.862827499863	0.446875
376.879502899945	0.446875
376.895901100012	0.446875
376.912490499904	0.446875
376.929306299891	0.446875
376.94620659994	0.446875
376.962613799842	0.446875
376.979862299981	0.446875
376.996308499947	0.446875
377.012604099931	0.446875
377.02953189984	0.446875
377.046233099885	0.446875
377.062756199855	0.446875
377.080322699854	0.446875
377.096199599793	0.446875
377.112777599832	0.446875
377.129708199995	0.446875
377.146326199872	0.446875
377.162763499888	0.446875
377.17988969991	0.446875
377.196283299942	0.446875
377.212694699876	0.446875
377.229507199954	0.446875
377.246290299809	0.446875
377.262488699984	0.446875
377.279370599892	0.446875
377.296513899928	0.446875
377.312762399903	0.446875
377.32988189999	0.446875
377.346302699996	0.446875
377.362601399887	0.446875
377.379866099916	0.446875
377.396192499902	0.446875
377.412776599871	0.446875
377.429068999831	0.446875
377.44602979999	0.446875
377.46277769981	0.446875
377.479657799937	0.446875
377.496114099864	0.446875
377.51289789984	0.446875
377.529891899787	0.446875
377.545828499831	0.446875
377.562741599977	0.446875
377.579156999942	0.446875
377.596243500011	0.446875
377.612667499809	0.446875
377.629642399959	0.446875
377.6461943998	0.446875
377.6628895998	0.446875
377.679638899863	0.446875
377.69592269999	0.446875
377.712626399938	0.446875
377.729860699968	0.446875
377.74634159985	0.446875
377.762821499957	0.446875
377.779074599966	0.446875
377.796236099908	0.446875
377.813190100016	0.446875
377.829299199861	0.446875
377.846290000016	0.446875
377.862712399801	0.446875
377.879835999804	0.446875
377.895822499879	0.446875
377.912556999829	0.446875
377.929677099921	0.446875
377.94588429993	0.446875
377.96256159991	0.446875
377.979219699977	0.446875
377.99580699997	0.446875
378.012625999982	0.446875
378.029137499863	0.446875
378.04585679993	0.446875
378.062637999887	0.446875
378.079517399892	0.446875
378.0962615998	0.446875
378.112531099934	0.446875
378.129447799874	0.446875
378.14650589996	0.446875
378.162671400001	0.446875
378.178947999841	0.446875
378.195917599835	0.446875
378.212645699969	0.446875
378.2301421999	0.446875
378.245924099814	0.446875
378.262364999857	0.446875
378.279425199842	0.446875
378.296054899925	0.446875
378.31262969994	0.446875
378.329106599791	0.446875
378.346057599876	0.446875
378.362497599795	0.446875
378.379825599957	0.446875
378.395892899949	0.446875
378.412144699832	0.446875
378.429452599958	0.446875
378.445972000016	0.446875
378.462569699856	0.446875
378.479103599908	0.446875
378.496177399997	0.446875
378.512718599988	0.446875
378.52916019992	0.446875
378.546291699866	0.446875
378.562603499973	0.446875
378.579146799864	0.446875
378.596192599973	0.446875
378.612639399944	0.446875
378.629427599953	0.446875
378.645791699877	0.446875
378.662205399945	0.446875
378.679101999849	0.446875
378.696133199846	0.446875
378.712534199934	0.446875
378.729103299789	0.446875
378.745773499832	0.446875
378.762435999932	0.446875
378.779165199958	0.446875
378.796313599916	0.446875
378.812621599995	0.446875
378.829320299905	0.446875
378.846081699943	0.446875
378.862528099911	0.446875
378.879505599849	0.446875
378.896157999989	0.446875
378.912260199897	0.446875
378.9290322999	0.446875
378.946209399961	0.446875
378.962628299836	0.446875
378.979152799817	0.446875
378.99612009991	0.446875
379.012647699798	0.446875
379.029420599807	0.446875
379.046292399988	0.446875
379.062508599833	0.446875
379.079477199819	0.446875
379.096130999969	0.446875
379.112284299918	0.446875
379.129572100006	0.446875
379.146050199866	0.446875
379.162845899817	0.446875
379.179606599966	0.446875
379.196430099895	0.446875
379.21280569979	0.446875
379.229205599986	0.446875
379.245736500015	0.446875
379.262522500008	0.446875
379.279492999893	0.446875
379.295851700008	0.446875
379.312586999964	0.446875
379.329746200005	0.446875
379.346266199835	0.446875
379.362764199963	0.446875
379.379530199803	0.446875
379.396510099992	0.446875
379.412488000002	0.446875
379.429223199841	0.446875
379.446174399927	0.446875
379.462513000006	0.446875
379.479575899895	0.446875
379.496131199878	0.446875
379.512510299915	0.446875
379.529552399879	0.446875
379.545788799878	0.446875
379.562519599916	0.446875
379.578860499896	0.446875
379.595508599887	0.446875
379.61202949984	0.446875
379.629595199833	0.446875
379.645925899968	0.446875
379.66283239983	0.446875
379.679344499949	0.446875
379.696239099838	0.446875
379.712594899815	0.446875
379.729073399911	0.446875
379.746235499857	0.446875
379.762553999899	0.446875
379.779090499971	0.446875
379.796473999973	0.446875
379.812555899844	0.446875
379.829120500013	0.446875
379.846176799852	0.446875
379.863147199852	0.446875
379.87959269993	0.446875
379.896353199845	0.446875
379.912847599946	0.446875
379.929563199868	0.446875
379.946169300005	0.446875
379.962634399999	0.446875
379.979585299967	0.446875
379.99620929989	0.446875
380.012856599875	0.446875
380.029070199933	0.446875
380.046140199993	0.446875
380.062689699931	0.446875
380.079554499825	0.446875
380.09633459989	0.446875
380.112380199833	0.446875
380.129911799915	0.446875
380.146453299792	0.446875
380.162831299938	0.446875
380.179534700001	0.446875
380.196096299915	0.446875
380.212353099836	0.446875
380.228942799848	0.446875
380.24576199986	0.446875
380.262886299985	0.446875
380.278936499963	0.446875
380.296238999814	0.446875
380.312745000003	0.446875
380.329121799907	0.446875
380.346178799868	0.446875
380.362818499794	0.446875
380.37949219998	0.446875
380.395860999823	0.446875
380.412612099899	0.446875
380.429381299997	0.446875
380.445688599953	0.446875
380.462725999998	0.446875
380.479663899867	0.446875
380.496276099933	0.446875
380.512924099807	0.446875
380.529033199884	0.446875
380.54586899979	0.446875
380.562803299865	0.446875
380.579542699968	0.446875
380.59616649989	0.446875
380.612807899946	0.446875
380.62915459997	0.446875
380.64606069983	0.446875
380.662702400004	0.446875
380.678963799961	0.446875
380.696057699854	0.446875
380.712851399789	0.446875
380.729378999909	0.446875
380.746216299944	0.446875
380.762677699793	0.446875
380.779550699983	0.446875
380.795893299859	0.446875
380.812728399877	0.446875
380.829360599862	0.446875
380.845880899811	0.446875
380.862599499989	0.446875
380.879262299975	0.446875
380.895788699854	0.446875
380.912014900008	0.446875
380.929452299839	0.446875
380.945693599992	0.446875
380.962689899839	0.446875
380.979498100001	0.446875
380.996024599997	0.446875
381.012837499846	0.446875
381.029249799903	0.446875
381.046491699992	0.446875
381.062571199844	0.446875
381.07957699988	0.446875
381.096052399836	0.446875
381.112361099804	0.446875
381.129302599933	0.446875
381.146093799965	0.446875
381.162260999903	0.446875
381.179362899857	0.446875
381.19567239983	0.446875
381.212641799822	0.446875
381.22943969979	0.446875
381.24602099997	0.446875
381.262512399815	0.446875
381.279534399975	0.446875
381.296042299829	0.446875
381.312436099863	0.446875
381.32953629992	0.446875
381.345725199906	0.446875
381.362373099895	0.446875
381.378954699961	0.446875
381.395786099834	0.446875
381.41233359999	0.446875
381.42897769995	0.446875
381.446197599871	0.446875
381.462605299894	0.446875
381.479133399902	0.446875
381.496018899838	0.446875
381.512255899841	0.446875
381.529450599803	0.446875
381.546006599907	0.446875
381.562845699955	0.446875
381.579497499857	0.446875
381.59600479994	0.446875
381.612415499985	0.446875
381.628952599829	0.446875
381.645755499834	0.446875
381.662238099845	0.446875
381.67900029989	0.446875
381.695771799888	0.446875
381.712321399944	0.446875
381.729336499935	0.446875
381.74599179998	0.446875
381.762571899919	0.446875
381.779478999786	0.446875
381.796024499927	0.446875
381.812588399975	0.446875
381.829359799856	0.446875
381.845972699812	0.446875
381.86279039993	0.446875
381.879444999853	0.446875
381.896187999984	0.446875
381.912702099886	0.446875
381.929476399906	0.446875
381.946034799796	0.446875
381.962905999972	0.446875
381.979102300014	0.446875
381.995624099858	0.446875
382.012582799885	0.446875
382.029679499799	0.446875
382.046028799843	0.446875
382.062546500005	0.446875
382.078776599839	0.446875
382.095902999863	0.446875
382.112362099811	0.446875
382.128960100003	0.446875
382.145986699965	0.446875
382.162548299879	0.446875
382.180070600007	0.446875
382.196330499835	0.446875
382.212675399845	0.446875
382.229452099884	0.446875
382.246162799885	0.446875
382.262544299942	0.446875
382.279419099912	0.446875
382.295524599962	0.446875
382.312432199949	0.446875
382.328755399911	0.446875
382.345961499959	0.446875
382.362697799923	0.446875
382.379262599861	0.446875
382.396085100016	0.446875
382.412299199961	0.446875
382.429661899805	0.446875
382.446181199979	0.446875
382.462556599872	0.446875
382.479314399883	0.446875
382.496270800009	0.446875
382.512769999914	0.446875
382.529525199905	0.446875
382.546094699996	0.446875
382.563132899813	0.446875
382.579569199821	0.446875
382.595658699982	0.446875
382.612554499879	0.446875
382.629397299839	0.446875
382.645755799953	0.446875
382.662800199818	0.446875
382.679392699851	0.446875
382.695971499896	0.446875
382.712633299874	0.446875
382.72949219984	0.446875
382.745998499915	0.446875
382.762202099897	0.446875
382.778852299787	0.446875
382.796000599861	0.446875
382.812387599843	0.446875
382.829451799858	0.446875
382.84599699988	0.446875
382.862339999992	0.446875
382.879343800014	0.446875
382.896072799806	0.446875
382.912427800009	0.446875
382.929266599938	0.446875
382.946260099998	0.446875
382.962462199852	0.446875
382.979307199828	0.446875
382.99566809996	0.446875
383.012465399923	0.446875
383.02915149997	0.446875
383.0456061	0.446875
383.062060799915	0.446875
383.078902799869	0.446875
383.095924799796	0.446875
383.112267199904	0.446875
383.129117999924	0.446875
383.145885000005	0.446875
383.162534199888	0.446875
383.179077799898	0.446875
383.19632239989	0.446875
383.212731999811	0.446875
383.229019299848	0.446875
383.245952099795	0.446875
383.262245999882	0.446875
383.278898799792	0.446875
383.29578689998	0.446875
383.312693599844	0.446875
383.329514799872	0.446875
383.345717899967	0.446875
383.362235799897	0.446875
383.379463299876	0.446875
383.396368599962	0.446875
383.41266289982	0.446875
383.429378199857	0.446875
383.446299099829	0.446875
383.462636299897	0.446875
383.479410399916	0.446875
383.495951699791	0.446875
383.512681399938	0.446875
383.529220399912	0.446875
383.545782699948	0.446875
383.562330799876	0.446875
383.579372999957	0.446875
383.59629789996	0.446875
383.612240999937	0.446875
383.629136999836	0.446875
383.645757599967	0.446875
383.662763099885	0.446875
383.679470899981	0.446875
383.695813099854	0.446875
383.712566899834	0.446875
383.729335499927	0.446875
383.74557369994	0.446875
383.762714799959	0.446875
383.779036399908	0.446875
383.795755899977	0.446875
383.813080699882	0.446875
383.829172499944	0.446875
383.845862099901	0.446875
383.862805799814	0.446875
383.879580999957	0.446875
383.897082999814	0.446875
383.911973299924	0.446875
383.928939000005	0.446875
383.945904499851	0.446875
383.962502499809	0.446875
383.979043299798	0.446875
383.995494399918	0.446875
384.012298699934	0.446875
384.029775499832	0.446875
384.045862199971	0.446875
384.062010599999	0.446875
384.079310099827	0.446875
384.095888999989	0.446875
384.112355899997	0.446875
384.129480300006	0.446875
384.145838299999	0.446875
384.162389399949	0.446875
384.179160999833	0.446875
384.195926499786	0.446875
384.212291299831	0.446875
384.229306499939	0.446875
384.246005499968	0.446875
384.262754599797	0.446875
384.279616799904	0.446875
384.296069899807	0.446875
384.312751199817	0.446875
384.329472999787	0.446875
384.345891400008	0.446875
384.362291599857	0.446875
384.379399499856	0.446875
384.396357899997	0.446875
384.412237699842	0.446875
384.429292300018	0.446875
384.445989899803	0.446875
384.462074799929	0.446875
384.478983299807	0.446875
384.495912999846	0.446875
384.512734799879	0.446875
384.529530799948	0.446875
384.546056999825	0.446875
384.562652099878	0.446875
384.579150100006	0.446875
384.595856599975	0.446875
384.612599799875	0.446875
384.629248799989	0.446875
384.645539099816	0.446875
384.662209899863	0.446875
384.67943109991	0.446875
384.695794299943	0.446875
384.712099999888	0.446875
384.729560799897	0.446875
384.745623799972	0.446875
384.762365999864	0.446875
384.779533099849	0.446875
384.795871399809	0.446875
384.812681399984	0.446875
384.829530299874	0.446875
384.845794699853	0.446875
384.8624348999	0.446875
384.879452099791	0.446875
384.895925099961	0.446875
384.912490199786	0.446875
384.929373699939	0.446875
384.945946599822	0.446875
384.962422000011	0.446875
384.978830799926	0.446875
384.996366399806	0.446875
385.012580699986	0.446875
385.029349599965	0.446875
385.045250199968	0.446875
385.062570299953	0.446875
385.079276499804	0.446875
385.09529550001	0.446875
385.112277799984	0.446875
385.129203299992	0.446875
385.14543779986	0.446875
385.162206499837	0.446875
385.178717099829	0.446875
385.195409799926	0.446875
385.212572199991	0.446875
385.229285500012	0.446875
385.245752099901	0.446875
385.262322399998	0.446875
385.27931699995	0.446875
385.295305799926	0.446875
385.31249029981	0.446875
385.328828400001	0.446875
385.345310699893	0.446875
385.362253299914	0.446875
385.379385299981	0.446875
385.395679599838	0.446875
385.412771999836	0.446875
385.429469799856	0.446875
385.445690899855	0.446875
385.462833500002	0.446875
385.479069099994	0.446875
385.495507799787	0.446875
385.512433499796	0.446875
385.530176399974	0.446875
385.545346099883	0.446875
385.562632199842	0.446875
385.579210900003	0.446875
385.595357899787	0.446875
385.612214999972	0.446875
385.628832299961	0.446875
385.645633499837	0.446875
385.662424399983	0.446875
385.67883219989	0.446875
385.695799199864	0.446875
385.712221299997	0.446875
385.729168699821	0.446875
385.745465799933	0.446875
385.762174599804	0.446875
385.779486099957	0.446875
385.795327599859	0.446875
385.812121699797	0.446875
385.82935949997	0.446875
385.845324299997	0.446875
385.862079599872	0.446875
385.879250600003	0.446875
385.895528999856	0.446875
385.912156599807	0.446875
385.929267099826	0.446875
385.945404700004	0.446875
385.962303599808	0.446875
385.979359199991	0.446875
385.995379299857	0.446875
386.012744299835	0.446875
386.028955299873	0.446875
386.045365899801	0.446875
386.062032699818	0.446875
386.079348200001	0.446875
386.095606799936	0.446875
386.112201199867	0.446875
386.129361399915	0.446875
386.145465099951	0.446875
386.162457800005	0.446875
386.179081799928	0.446875
386.195903699845	0.446875
386.212258999934	0.446875
386.229570799973	0.446875
386.245307100005	0.446875
386.262124199886	0.446875
386.279161899816	0.446875
386.295542999869	0.446875
386.312195899896	0.446875
386.328902899986	0.446875
386.345336299855	0.446875
386.362892299891	0.446875
386.378997899825	0.446875
386.39597740001	0.446875
386.412056699861	0.446875
386.429226299981	0.446875
386.445946099935	0.446875
386.462492999854	0.446875
386.478982399916	0.446875
386.495552500011	0.446875
386.512681099819	0.446875
386.528802599991	0.446875
386.545879199868	0.446875
386.562622600002	0.446875
386.57934419997	0.446875
386.595629699994	0.446875
386.612722099992	0.446875
386.629250800004	0.446875
386.646006399998	0.446875
386.662500299979	0.446875
386.678717399947	0.446875
386.695787699893	0.446875
386.712572799996	0.446875
386.728723099921	0.446875
386.745727099944	0.446875
386.762506400002	0.446875
386.779406999936	0.446875
386.79601309984	0.446875
386.812491299817	0.446875
386.829359699972	0.446875
386.845821099821	0.446875
386.862676499877	0.446875
386.879325199872	0.446875
386.896200299961	0.446875
386.912729099859	0.446875
386.929294099798	0.446875
386.945654199924	0.446875
386.962147600017	0.446875
386.979158399859	0.446875
386.995561199961	0.446875
387.012298699934	0.446875
387.029359599808	0.446875
387.045948399929	0.446875
387.062437199987	0.446875
387.079188799951	0.446875
387.095750299981	0.446875
387.112726099789	0.446875
387.129215199966	0.446875
387.145600399934	0.446875
387.162300799973	0.446875
387.178874699865	0.446875
387.195403199876	0.446875
387.212251599878	0.446875
387.228765199892	0.446875
387.245605499949	0.446875
387.26245109993	0.446875
387.279359299922	0.446875
387.295841599815	0.446875
387.312832199968	0.446875
387.329154699808	0.446875
387.345870599849	0.446875
387.362593599828	0.446875
387.379502499942	0.446875
387.396012999816	0.446875
387.412618699949	0.446875
387.428677599877	0.446875
387.445871899836	0.446875
387.462234299863	0.446875
387.478989899857	0.446875
387.495640899986	0.446875
387.512715599965	0.446875
387.529253499815	0.446875
387.545542999869	0.446875
387.562344499864	0.446875
387.57911039982	0.446875
387.595428299857	0.446875
387.61183599988	0.446875
387.62920919992	0.446875
387.645366600016	0.446875
387.662007999839	0.446875
387.679079599911	0.446875
387.69578469987	0.446875
387.712145800004	0.446875
387.72911389987	0.446875
387.745949999895	0.446875
387.762267799815	0.446875
387.779251299798	0.446875
387.795838299906	0.446875
387.812545699999	0.446875
387.829398599919	0.446875
387.845822099829	0.446875
387.862427999964	0.446875
387.879083700012	0.446875
387.895792399999	0.446875
387.912333699875	0.446875
387.928892299999	0.446875
387.945122899953	0.446875
387.962176499888	0.446875
387.979013899807	0.446875
387.995474499883	0.446875
388.012118099956	0.446875
388.028732499806	0.446875
388.045105499914	0.446875
388.062335699797	0.446875
388.078832199797	0.446875
388.095910699805	0.446875
388.111960700015	0.446875
388.1288854999	0.446875
388.145242800005	0.446875
388.162375699962	0.446875
388.179311499931	0.446875
388.195711199893	0.446875
388.212503599934	0.446875
388.22930219979	0.446875
388.245466199936	0.446875
388.262317699846	0.446875
388.278727199882	0.446875
388.295324199833	0.446875
388.312035999959	0.446875
388.329171899939	0.446875
388.345356900012	0.446875
388.362835099921	0.446875
388.378665099852	0.446875
388.395795099903	0.446875
388.4122473998	0.446875
388.428766499972	0.446875
388.445971899899	0.446875
388.462376199896	0.446875
388.479245299939	0.446875
388.496024799999	0.446875
388.512417099904	0.446875
388.52867189981	0.446875
388.545356299961	0.446875
388.562259599799	0.446875
388.579046999803	0.446875
388.595361799933	0.446875
388.612118599936	0.446875
388.62862419989	0.446875
388.645615799818	0.446875
388.662314999849	0.446875
388.679419199936	0.446875
388.695752099855	0.446875
388.712381199934	0.446875
388.728711199947	0.446875
388.745686599985	0.446875
388.762236899929	0.446875
388.778649699874	0.446875
388.7956846999	0.446875
388.812059399905	0.446875
388.828615400009	0.446875
388.845667299815	0.446875
388.862152499845	0.446875
388.878782099811	0.446875
388.895401899936	0.446875
388.912313499954	0.446875
388.929348599864	0.446875
388.94540239987	0.446875
388.962359800003	0.446875
388.978672199883	0.446875
388.995292899897	0.446875
389.012210999848	0.446875
389.028618399985	0.446875
389.04600649979	0.446875
389.062152199913	0.446875
389.079361899989	0.446875
389.095651199808	0.446875
389.1123257	0.446875
389.129174199887	0.446875
389.145791399991	0.446875
389.162306400016	0.446875
389.178927499801	0.446875
389.195324299857	0.446875
389.212386599975	0.446875
389.229289399926	0.446875
389.245624499861	0.446875
389.262123699998	0.446875
389.279441399965	0.446875
389.295761100017	0.446875
389.312507399824	0.446875
389.328766499879	0.446875
389.34540469991	0.446875
389.362098999787	0.446875
389.37891469989	0.446875
389.396121999947	0.446875
389.412293499801	0.446875
389.4286785	0.446875
389.445255399914	0.446875
389.462671699934	0.446875
389.479233099846	0.446875
389.495847599814	0.446875
389.51229079999	0.446875
389.528621899895	0.446875
389.545687099919	0.446875
389.562493899837	0.446875
389.579232199816	0.446875
389.595948599977	0.446875
389.612339499872	0.446875
389.628558599856	0.446875
389.645599199925	0.446875
389.66171889985	0.446875
389.679238599958	0.446875
389.69533739984	0.446875
389.712287699804	0.446875
389.729432699969	0.446875
389.745373299811	0.446875
389.762360499939	0.446875
389.778661499964	0.446875
389.796001899987	0.446875
389.812470099889	0.446875
389.828863299917	0.446875
389.845984999789	0.446875
389.862366899848	0.446875
389.87902649981	0.446875
389.896075799828	0.446875
389.912010099972	0.446875
389.928670799825	0.446875
389.945326999994	0.446875
389.961991799995	0.446875
389.979238099884	0.446875
389.995617599925	0.446875
390.012257499853	0.446875
390.029050099896	0.446875
390.045751399826	0.446875
390.062450799858	0.446875
390.079336999916	0.446875
390.09548499994	0.446875
390.112238999922	0.446875
390.129253499908	0.446875
390.145109999925	0.446875
390.162348999875	0.446875
390.178968899883	0.446875
390.195328299887	0.446875
390.212510699872	0.446875
390.228527999949	0.446875
390.245475899894	0.446875
390.262026499957	0.446875
390.278724899981	0.446875
390.295555099845	0.446875
390.312233299948	0.446875
390.328718499979	0.446875
390.345963399857	0.446875
390.362564799841	0.446875
390.378625999903	0.446875
390.395934299799	0.446875
390.412901799893	0.446875
390.429162099957	0.446875
390.445333799813	0.446875
390.46217009984	0.446875
390.479160499992	0.446875
390.495673199883	0.446875
390.512012399966	0.446875
390.528773800004	0.446875
390.545623799786	0.446875
390.562542899977	0.446875
390.579196499893	0.446875
390.595747999847	0.446875
390.612164499937	0.446875
390.62911219988	0.446875
390.645497399848	0.446875
390.662303799996	0.446875
390.679235599935	0.446875
390.69583579991	0.446875
390.712228299817	0.446875
390.729226999916	0.446875
390.745757199824	0.446875
390.762303399853	0.446875
390.778783699963	0.446875
390.796001199866	0.446875
390.812485999893	0.446875
390.828764299862	0.446875
390.845642899862	0.446875
390.862333699828	0.446875
390.878561099991	0.446875
390.895816299831	0.446875
390.911888699979	0.446875
390.928911099909	0.446875
390.945402699988	0.446875
390.962150199804	0.446875
390.978999099927	0.446875
390.995342799928	0.446875
391.01236539986	0.446875
391.028487499803	0.446875
391.045914699789	0.446875
391.062044199789	0.446875
391.079178699991	0.446875
391.095778799849	0.446875
391.112501499942	0.446875
391.128413899802	0.446875
391.145702299895	0.446875
391.162573599955	0.446875
391.178902999964	0.446875
391.195668599801	0.446875
391.212044299813	0.446875
391.228723999811	0.446875
391.245393399848	0.446875
391.262086299947	0.446875
391.278647099854	0.446875
391.295893099857	0.446875
391.312469699886	0.446875
391.32937429985	0.446875
391.345929999836	0.446875
391.362314899918	0.446875
391.378882699879	0.446875
391.395541899838	0.446875
391.411887199851	0.446875
391.428464799887	0.446875
391.445657299832	0.446875
391.462072199909	0.446875
391.478989699855	0.446875
391.495561399963	0.446875
391.511990799801	0.446875
391.528855199926	0.446875
391.545799799962	0.446875
391.562265899964	0.446875
391.578553800005	0.446875
391.595583299873	0.446875
391.611969899852	0.446875
391.629023499787	0.446875
391.645613599801	0.446875
391.662148099858	0.446875
391.678559999913	0.446875
391.695610299939	0.446875
391.712212599814	0.446875
391.728711699834	0.446875
391.746002099942	0.446875
391.762507600011	0.446875
391.778838399798	0.446875
391.796035799896	0.446875
391.812476799823	0.446875
391.828882899834	0.446875
391.84585719998	0.446875
391.861937499838	0.446875
391.87884569983	0.446875
391.895370199811	0.446875
391.912253099959	0.446875
391.928542699898	0.446875
391.945476699853	0.446875
391.962366799824	0.446875
391.978927799966	0.446875
391.995758099947	0.446875
392.012175699929	0.446875
392.028589599999	0.446875
392.045795999933	0.446875
392.062293499941	0.446875
392.078995399876	0.446875
392.096116099972	0.446875
392.112111499999	0.446875
392.128574599978	0.446875
392.145366800018	0.446875
392.16189099988	0.446875
392.178871399956	0.446875
392.195687099826	0.446875
392.212253100006	0.446875
392.229197099805	0.446875
392.245823899982	0.446875
392.262213199865	0.446875
392.278906299965	0.446875
392.29538809997	0.446875
392.311851399951	0.446875
392.328591999831	0.446875
392.345004899893	0.446875
392.3622798	0.446875
392.378817199962	0.446875
392.395795099903	0.446875
392.412234199932	0.446875
392.428628299851	0.446875
392.445398299955	0.446875
392.462128299987	0.446875
392.478984699817	0.446875
392.495573299937	0.446875
392.512597899884	0.446875
392.529100999935	0.446875
392.545572299976	0.446875
392.562228499912	0.446875
392.579118299996	0.446875
392.595191599801	0.446875
392.612224899931	0.446875
392.628788099857	0.446875
392.645225599874	0.446875
392.661872299854	0.446875
392.679223499959	0.446875
392.695814199978	0.446875
392.712138199946	0.446875
392.728629399789	0.446875
392.745353400009	0.446875
392.76215919992	0.446875
392.778333799914	0.446875
392.795305799926	0.446875
392.812315799994	0.446875
392.829140499933	0.446875
392.845556000015	0.446875
392.861854199786	0.446875
392.878688699799	0.446875
392.89599079988	0.446875
392.912218899932	0.446875
392.929031499894	0.446875
392.945536899846	0.446875
392.962003999855	0.446875
392.978777699871	0.446875
392.99511769996	0.446875
393.012343199924	0.446875
393.028729799902	0.446875
393.045239900006	0.446875
393.062398599926	0.446875
393.07916149986	0.446875
393.095547199948	0.446875
393.112116599921	0.446875
393.128867899999	0.446875
393.145093799802	0.446875
393.161831900012	0.446875
393.17862339993	0.446875
393.195852999808	0.446875
393.212162300013	0.446875
393.229126099963	0.446875
393.245731299976	0.446875
393.262230599998	0.446875
393.278913199902	0.446875
393.295807599789	0.446875
393.312408299884	0.446875
393.329104899894	0.446875
393.345438599819	0.446875
393.362156399991	0.446875
393.378924499964	0.446875
393.395947899902	0.446875
393.412276499905	0.446875
393.428528699791	0.446875
393.445859699976	0.446875
393.46223529987	0.446875
393.478677299805	0.446875
393.495750200003	0.446875
393.51186699979	0.446875
393.528539199848	0.446875
393.545702199917	0.446875
393.562221799977	0.446875
393.578872199869	0.446875
393.595592799829	0.446875
393.611985599855	0.446875
393.628903799923	0.446875
393.645865799859	0.446875
393.661845800001	0.446875
393.678648100002	0.446875
393.69549889979	0.446875
393.712120799813	0.446875
393.728912999853	0.446875
393.745696599828	0.446875
393.761915699812	0.446875
393.779099099804	0.446875
393.79551729979	0.446875
393.81190979993	0.446875
393.828905399889	0.446875
393.845690599876	0.446875
393.861973799998	0.446875
393.879258999834	0.446875
393.895288799889	0.446875
393.911757999798	0.446875
393.928734199842	0.446875
393.945271799807	0.446875
393.961919699796	0.446875
393.978565600002	0.446875
393.995254799956	0.446875
394.011963899946	0.446875
394.028483999893	0.446875
394.045122899814	0.446875
394.061826099874	0.446875
394.078254899941	0.446875
394.095471899956	0.446875
394.111969599966	0.446875
394.128605899867	0.446875
394.145084099844	0.446875
394.161832199898	0.446875
394.178939299891	0.446875
394.195702599827	0.446875
394.212099599885	0.446875
394.228447799804	0.446875
394.245206299936	0.446875
394.262112999801	0.446875
394.278327099979	0.446875
394.295105199795	0.446875
394.311854599975	0.446875
394.328560799826	0.446875
394.345370399999	0.446875
394.3619783998	0.446875
394.378563799895	0.446875
394.395895399852	0.446875
394.412201199913	0.446875
394.428324399982	0.446875
394.445973499911	0.446875
394.462276399834	0.446875
394.478311799932	0.446875
394.495880099945	0.446875
394.51212129998	0.446875
394.528297899989	0.446875
394.545674999943	0.446875
394.562165800016	0.446875
394.578521899879	0.446875
394.595732299844	0.446875
394.61199629982	0.446875
394.628374599852	0.446875
394.64577679988	0.446875
394.662341899937	0.446875
394.678452699911	0.446875
394.695636499906	0.446875
394.712616699981	0.446875
394.728271599859	0.446875
394.745261000004	0.446875
394.761738599977	0.446875
394.778324399842	0.446875
394.795494899852	0.446875
394.811523800017	0.446875
394.828493499896	0.446875
394.845682099927	0.446875
394.862292699981	0.446875
394.878492499935	0.446875
394.895794499898	0.446875
394.912063899916	0.446875
394.928381799953	0.446875
394.945688499836	0.446875
394.962133799912	0.446875
394.978303999873	0.446875
394.995603199815	0.446875
395.011862699874	0.446875
395.028641999932	0.446875
395.045727199875	0.446875
395.061867799843	0.446875
395.078523600008	0.446875
395.095481599914	0.446875
395.112305399962	0.446875
395.128404399846	0.446875
395.145800299942	0.446875
395.161991899833	0.446875
395.178359200014	0.446875
395.195629799971	0.446875
395.212134499801	0.446875
395.228248199914	0.446875
395.245742299827	0.446875
395.261862999992	0.446875
395.278563099913	0.446875
395.29586199997	0.446875
395.312162499875	0.446875
395.328279600013	0.446875
395.345613799989	0.446875
395.361613199813	0.446875
395.378331699874	0.446875
395.395213099895	0.446875
395.411769300001	0.446875
395.428376399912	0.446875
395.44550079992	0.446875
395.462292799959	0.446875
395.478800999932	0.446875
395.495580599876	0.446875
395.512377899839	0.446875
395.528687299928	0.446875
395.545268099988	0.446875
395.562269899994	0.446875
395.57832459989	0.446875
395.59562529996	0.446875
395.612052300014	0.446875
395.628979599802	0.446875
395.645369699923	0.446875
395.661792999832	0.446875
395.678817600012	0.446875
395.695520899957	0.446875
395.712139499839	0.446875
395.728468799964	0.446875
395.745266799815	0.446875
395.762327799806	0.446875
395.778236799873	0.446875
395.795450199861	0.446875
395.812187799951	0.446875
395.828649899922	0.446875
395.846036699833	0.446875
395.861985099968	0.446875
395.878373399843	0.446875
395.895245899912	0.446875
395.91220949986	0.446875
395.928742999909	0.446875
395.945269999793	0.446875
395.96196009987	0.446875
395.978645899799	0.446875
395.995535099879	0.446875
396.011897699907	0.446875
396.028315600008	0.446875
396.04524259991	0.446875
396.061664299807	0.446875
396.078467699932	0.446875
396.095657199854	0.446875
396.111903599929	0.446875
396.12845609989	0.446875
396.145621799864	0.446875
396.16216969979	0.446875
396.178897699807	0.446875
396.195378599921	0.446875
396.211977500003	0.446875
396.228794399882	0.446875
396.245525999926	0.446875
396.262266799808	0.446875
396.278826699825	0.446875
396.29484639992	0.446875
396.311854799977	0.446875
396.328253999818	0.446875
396.345095499884	0.446875
396.361981799826	0.446875
396.378574999981	0.446875
396.395305899903	0.446875
396.41185259982	0.446875
396.428524399875	0.446875
396.44574539992	0.446875
396.462123199832	0.446875
396.478409399977	0.446875
396.495729099959	0.446875
396.511708999984	0.446875
396.528508199845	0.446875
396.54535439983	0.446875
396.561625299975	0.446875
396.578328799922	0.446875
396.595317999832	0.446875
396.611564399907	0.446875
396.628256799886	0.446875
396.645871499786	0.446875
396.66185169993	0.446875
396.678608599817	0.446875
396.695809799945	0.446875
396.711937099928	0.446875
396.728531999979	0.446875
396.745590199949	0.446875
396.761716599809	0.446875
396.778300799895	0.446875
396.795384699944	0.446875
396.811677799793	0.446875
396.82876269985	0.446875
396.84556619986	0.446875
396.862107399851	0.446875
396.878680099966	0.446875
396.896150499815	0.446875
396.911945099942	0.446875
396.928799899993	0.446875
396.945497999899	0.446875
396.962110199966	0.446875
396.978864199948	0.446875
396.995654799975	0.446875
397.011582299834	0.446875
397.028716299916	0.446875
397.045530099887	0.446875
397.062220899854	0.446875
397.078662899788	0.446875
397.095387399895	0.446875
397.111834699987	0.446875
397.128538199933	0.446875
397.145267799962	0.446875
397.161766299978	0.446875
397.178471999941	0.446875
397.195652899798	0.446875
397.211754499935	0.446875
397.22865129984	0.446875
397.245378499851	0.446875
397.262005199911	0.446875
397.278320399811	0.446875
397.295423999894	0.446875
397.31191639998	0.446875
397.328314199811	0.446875
397.345394299831	0.446875
397.36163900001	0.446875
397.379142699996	0.446875
397.395254699979	0.446875
397.412282599835	0.446875
397.428901299834	0.446875
397.445588900009	0.446875
397.462150999811	0.446875
397.478701499989	0.446875
397.495590199949	0.446875
397.51202379982	0.446875
397.528723799856	0.446875
397.54514469998	0.446875
397.562279499834	0.446875
397.578480099794	0.446875
397.59518579999	0.446875
397.612150799949	0.446875
397.629581799963	0.446875
397.645308799809	0.446875
397.661632899893	0.446875
397.679152699886	0.446875
397.695399699965	0.446875
397.712217699969	0.446875
397.728464699816	0.446875
397.745608099969	0.446875
397.76199719985	0.446875
397.778260099934	0.446875
397.795411499916	0.446875
397.812063599937	0.446875
397.828782399883	0.446875
397.845148999942	0.446875
397.861990300007	0.446875
397.878912199987	0.446875
397.895562899997	0.446875
397.911597699858	0.446875
397.92885219981	0.446875
397.945681100013	0.446875
397.961787299952	0.446875
397.978878399823	0.446875
397.99516309984	0.446875
398.011943599908	0.446875
398.028639599914	0.446875
398.045094799949	0.446875
398.061604799936	0.446875
398.078491199994	0.446875
398.095235499786	0.446875
398.111686599907	0.446875
398.128515099874	0.446875
398.149300199933	0.446875
398.161586799892	0.446875
398.178342599887	0.446875
398.195595099824	0.446875
398.211595899891	0.446875
398.228287499864	0.446875
398.245365199866	0.446875
398.261942700017	0.446875
398.279068899807	0.446875
398.295639499789	0.446875
398.31196439988	0.446875
398.328908999916	0.446875
398.345824199961	0.446875
398.361747499788	0.446875
398.378263399936	0.446875
398.39575939998	0.446875
398.411937600002	0.446875
398.428645599866	0.446875
398.444998599822	0.446875
398.461927899858	0.446875
398.478956399951	0.446875
398.49559419998	0.446875
398.511861599982	0.446875
398.528970899992	0.446875
398.545375299873	0.446875
398.561982699903	0.446875
398.57863509981	0.446875
398.595862999791	0.446875
398.611890099943	0.446875
398.628680399852	0.446875
398.645091699902	0.446875
398.661910799798	0.446875
398.678337399848	0.446875
398.695459399838	0.446875
398.711595099885	0.446875
398.728897499852	0.446875
398.745530799963	0.446875
398.762014299864	0.446875
398.778344799997	0.446875
398.795020799851	0.446875
398.811853699852	0.446875
398.828880699817	0.446875
398.845545999939	0.446875
398.862134899944	0.446875
398.879028899828	0.446875
398.894991399953	0.446875
398.911522099981	0.446875
398.928663099883	0.446875
398.945050599985	0.446875
398.962011899799	0.446875
398.97880339995	0.446875
398.995692899916	0.446875
399.011668099789	0.446875
399.028692199849	0.446875
399.045105599798	0.446875
399.061952199787	0.446875
399.078635899816	0.446875
399.09534609993	0.446875
399.112002199981	0.446875
399.12884309981	0.446875
399.14521979983	0.446875
399.161690199981	0.446875
399.178452499909	0.446875
399.19529059995	0.446875
399.21169009991	0.446875
399.228491199901	0.446875
399.245562199969	0.446875
399.262074799975	0.446875
399.278773800004	0.446875
399.295490199933	0.446875
399.311869199853	0.446875
399.328906599898	0.446875
399.345318499953	0.446875
399.361775799887	0.446875
399.389134799829	0.446875
399.39962039981	0.446875
399.41184649989	0.446875
399.428450200008	0.446875
399.445373399882	0.446875
399.461843699915	0.446875
399.478573799832	0.446875
399.495685599977	0.446875
399.511591299903	0.446875
399.528380199801	0.446875
399.545195000013	0.446875
399.561850199942	0.446875
399.578327699797	0.446875
399.595472699963	0.446875
399.611484399997	0.446875
399.628229199909	0.446875
399.645325099817	0.446875
399.661873499863	0.446875
399.678785099881	0.446875
399.695099500008	0.446875
399.711766199907	0.446875
399.728656099876	0.446875
399.749298400013	0.446875
399.761395299807	0.446875
399.778868799796	0.446875
399.795255699893	0.446875
399.811909499811	0.446875
399.828332599951	0.446875
399.845388799906	0.446875
399.861557999859	0.446875
399.87842759979	0.446875
399.895498799859	0.446875
399.911727899918	0.446875
399.928461899981	0.446875
399.945691899862	0.446875
399.961873699911	0.446875
399.978694299934	0.446875
399.995339499786	0.446875
400.011535799829	0.446875
400.028782499954	0.455208333333333
400.045120199909	0.455208333333333
400.061593499966	0.455208333333333
400.078553299885	0.463541666666667
400.09543789993	0.463541666666667
400.111860199831	0.463541666666667
400.128275899915	0.463541666666667
400.144926599925	0.463541666666667
400.161956499796	0.463541666666667
400.178512000013	0.472916666666667
400.195230099838	0.48125
400.211980999913	0.498958333333333
400.228942099959	0.498958333333333
400.245387399802	0.498958333333333
400.262215700001	0.498958333333333
400.278556699865	0.498958333333333
400.295097299851	0.498958333333333
400.311737899901	0.498958333333333
400.328440799844	0.498958333333333
400.344865699997	0.498958333333333
400.361607400002	0.498958333333333
400.378683899995	0.498958333333333
400.395128899952	0.498958333333333
400.411968299886	0.498958333333333
400.42863609991	0.498958333333333
400.445398699958	0.498958333333333
400.462107499829	0.498958333333333
400.478839699877	0.498958333333333
400.495520199882	0.498958333333333
400.512012199964	0.498958333333333
400.528653000016	0.498958333333333
400.545159599977	0.498958333333333
400.561936899787	0.498958333333333
400.578254899941	0.498958333333333
400.595150299836	0.498958333333333
400.612076899968	0.498958333333333
400.629029999953	0.498958333333333
400.645379900001	0.498958333333333
400.662158799823	0.498958333333333
400.678951499984	0.498958333333333
400.695785299875	0.498958333333333
400.711770299822	0.498958333333333
400.728800099809	0.498958333333333
400.745257699862	0.498958333333333
400.761580699822	0.498958333333333
400.778501899913	0.498958333333333
400.795016399818	0.498958333333333
400.811774599832	0.498958333333333
400.828747799853	0.498958333333333
400.844967299839	0.498958333333333
400.861974699888	0.498958333333333
400.878417499829	0.498958333333333
400.89516399987	0.498958333333333
400.911727799801	0.498958333333333
400.928349599941	0.498958333333333
400.945463399868	0.498958333333333
400.961949899793	0.498958333333333
400.978164199973	0.498958333333333
400.994946599938	0.498958333333333
401.011937799864	0.498958333333333
401.028768499848	0.498958333333333
401.044957499951	0.498958333333333
401.061507399892	0.498958333333333
401.078744499944	0.498958333333333
401.095312999794	0.498958333333333
401.111798599828	0.498958333333333
401.128768299939	0.498958333333333
401.145112599945	0.498958333333333
401.161765799858	0.498958333333333
401.178346499801	0.498958333333333
401.195521199843	0.498958333333333
401.211771899834	0.498958333333333
401.228068299824	0.498958333333333
401.24535969994	0.498958333333333
401.261528400006	0.498958333333333
401.278209599899	0.498958333333333
401.294819899835	0.498958333333333
401.311746599851	0.498958333333333
401.328358799918	0.498958333333333
401.345270199934	0.498958333333333
401.362032299861	0.498958333333333
401.379231999861	0.498958333333333
401.395264799939	0.498958333333333
401.411834499799	0.498958333333333
401.428825099953	0.498958333333333
401.444886899786	0.498958333333333
401.461540299933	0.498958333333333
401.478124499787	0.498958333333333
401.495519199874	0.498958333333333
401.511961199809	0.498958333333333
401.528710099868	0.498958333333333
401.545668999897	0.498958333333333
401.561621699948	0.498958333333333
401.578489999985	0.498958333333333
401.595587399788	0.498958333333333
401.611692299834	0.498958333333333
401.628687599907	0.498958333333333
401.64522029995	0.498958333333333
401.661959799938	0.498958333333333
401.678885799833	0.508333333333333
401.695011199918	0.508333333333333
401.711742799962	0.508333333333333
401.728820999851	0.508333333333333
401.745307999896	0.508333333333333
401.761907899985	0.508333333333333
401.778626699932	0.508333333333333
401.795303899795	0.508333333333333
401.811700499849	0.508333333333333
401.828240899835	0.508333333333333
401.845272199949	0.508333333333333
401.861585899955	0.508333333333333
401.878889199812	0.508333333333333
401.895175599959	0.508333333333333
401.912046700018	0.508333333333333
401.928304999834	0.508333333333333
401.945181899937	0.508333333333333
401.961998999817	0.508333333333333
401.978753399802	0.508333333333333
401.995243499987	0.508333333333333
402.011906899977	0.508333333333333
402.028656899929	0.508333333333333
402.045352799818	0.508333333333333
402.061362499837	0.508333333333333
402.078214799985	0.508333333333333
402.095121799968	0.508333333333333
402.11195699987	0.508333333333333
402.12860679999	0.508333333333333
402.14537399984	0.508333333333333
402.16224440001	0.508333333333333
402.178549299948	0.508333333333333
402.194967599818	0.508333333333333
402.21181509993	0.508333333333333
402.228530999972	0.508333333333333
402.2449242	0.508333333333333
402.261309999973	0.508333333333333
402.278645699844	0.508333333333333
402.295273399912	0.508333333333333
402.311982000014	0.508333333333333
402.328892999794	0.508333333333333
402.345710799797	0.508333333333333
402.361479399959	0.508333333333333
402.378705599811	0.508333333333333
402.395563900005	0.508333333333333
402.411931799958	0.508333333333333
402.428623899817	0.508333333333333
402.445282900007	0.508333333333333
402.461613799911	0.508333333333333
402.478732799878	0.508333333333333
402.495200800011	0.508333333333333
402.511631799862	0.508333333333333
402.528303699801	0.508333333333333
402.545392300002	0.508333333333333
402.562009799993	0.508333333333333
402.578552099876	0.508333333333333
402.59514479991	0.508333333333333
402.611743399873	0.508333333333333
402.628735599807	0.508333333333333
402.645289100008	0.508333333333333
402.661588999908	0.508333333333333
402.678292899858	0.508333333333333
402.69532209984	0.508333333333333
402.711683899863	0.508333333333333
402.728538099909	0.508333333333333
402.745177799836	0.508333333333333
402.76126249996	0.508333333333333
402.778721799841	0.508333333333333
402.795491099823	0.508333333333333
402.811695099808	0.508333333333333
402.828762199963	0.508333333333333
402.84521729988	0.508333333333333
402.861771899974	0.508333333333333
402.87858489994	0.508333333333333
402.894795999862	0.508333333333333
402.911992299836	0.508333333333333
402.928804599913	0.508333333333333
402.944896199973	0.508333333333333
402.961458700011	0.508333333333333
402.978547999868	0.508333333333333
402.994886599947	0.508333333333333
403.011240699794	0.508333333333333
403.028169199824	0.508333333333333
403.045140599832	0.508333333333333
403.06129350001	0.508333333333333
403.078721399885	0.508333333333333
403.0952198999	0.508333333333333
403.111718599917	0.508333333333333
403.12855259981	0.508333333333333
403.145176499849	0.508333333333333
403.16157789994	0.508333333333333
403.178136899834	0.508333333333333
403.195194199914	0.508333333333333
403.211359499954	0.508333333333333
403.228406299837	0.508333333333333
403.245208299952	0.508333333333333
403.261617899872	0.508333333333333
403.278338999953	0.508333333333333
403.2951669998	0.508333333333333
403.311562299961	0.508333333333333
403.328616499901	0.508333333333333
403.345317999832	0.508333333333333
403.361486600013	0.508333333333333
403.378100099973	0.508333333333333
403.394898999948	0.508333333333333
403.41185169993	0.508333333333333
403.428141199984	0.508333333333333
403.445188799873	0.508333333333333
403.461652899859	0.508333333333333
403.478424199857	0.508333333333333
403.495213599876	0.508333333333333
403.511306699831	0.508333333333333
403.528754599858	0.508333333333333
403.54519460001	0.508333333333333
403.561321599875	0.508333333333333
403.578863299917	0.508333333333333
403.594960699789	0.508333333333333
403.61122630001	0.508333333333333
403.628657699795	0.508333333333333
403.645483799977	0.508333333333333
403.661641599843	0.508333333333333
403.677956399973	0.508333333333333
403.695163499797	0.508333333333333
403.711285799975	0.508333333333333
403.728511199821	0.508333333333333
403.744895099895	0.508333333333333
403.761237300001	0.508333333333333
403.778275599936	0.508333333333333
403.795234799851	0.508333333333333
403.811247299891	0.508333333333333
403.828244699864	0.508333333333333
403.845161599806	0.508333333333333
403.862324199872	0.508333333333333
403.878546399996	0.508333333333333
403.895391799975	0.508333333333333
403.911916799843	0.508333333333333
403.928521599853	0.508333333333333
403.94527929998	0.508333333333333
403.96194739989	0.508333333333333
403.978006699821	0.508333333333333
403.994960999815	0.508333333333333
404.011133099906	0.508333333333333
404.028521299828	0.508333333333333
404.04498219979	0.508333333333333
404.061723999912	0.508333333333333
404.07846959983	0.508333333333333
404.095076099969	0.508333333333333
404.111832899973	0.508333333333333
404.128505099798	0.508333333333333
404.144947599852	0.508333333333333
404.161786999786	0.508333333333333
404.17838349985	0.508333333333333
404.195062699961	0.508333333333333
404.211937399814	0.508333333333333
404.22858190001	0.508333333333333
404.245092799887	0.508333333333333
404.261505199829	0.508333333333333
404.278770999983	0.508333333333333
404.295298499987	0.508333333333333
404.311676899903	0.508333333333333
404.328684199834	0.508333333333333
404.345187699888	0.508333333333333
404.362084499793	0.508333333333333
404.378528999863	0.508333333333333
404.394774599932	0.508333333333333
404.411384199979	0.508333333333333
404.428439599928	0.508333333333333
404.445344199892	0.508333333333333
404.46135509992	0.508333333333333
404.478490700014	0.508333333333333
404.495330599835	0.508333333333333
404.511449499987	0.508333333333333
404.528544399887	0.508333333333333
404.545162599999	0.508333333333333
404.561709299916	0.508333333333333
404.57851719996	0.508333333333333
404.595295399893	0.508333333333333
404.611605099868	0.508333333333333
404.628406399861	0.508333333333333
404.645174999954	0.508333333333333
404.66143899993	0.508333333333333
404.678565999959	0.508333333333333
404.695039799903	0.508333333333333
404.711481199833	0.508333333333333
404.728323899908	0.508333333333333
404.74477209989	0.508333333333333
404.761464099865	0.508333333333333
404.778427699814	0.508333333333333
404.795161299873	0.508333333333333
404.811591099948	0.508333333333333
404.82854259992	0.508333333333333
404.845028599957	0.508333333333333
404.861815899843	0.508333333333333
404.878552399809	0.508333333333333
404.895137799904	0.508333333333333
404.911588599905	0.508333333333333
404.928820099914	0.508333333333333
404.944581399905	0.508333333333333
404.961658599786	0.508333333333333
404.978833199944	0.508333333333333
404.99538579979	0.508333333333333
405.011441699928	0.508333333333333
405.028498499887	0.508333333333333
405.045045399806	0.508333333333333
405.061518599978	0.508333333333333
405.078535799868	0.508333333333333
405.09506569989	0.508333333333333
405.111346399877	0.508333333333333
405.128230999922	0.508333333333333
405.145182499895	0.508333333333333
405.161709199892	0.508333333333333
405.178221799899	0.508333333333333
405.195175000001	0.508333333333333
405.211628799792	0.508333333333333
405.228271299973	0.508333333333333
405.245236799819	0.508333333333333
405.261447199853	0.508333333333333
405.278507299954	0.508333333333333
405.295072499895	0.508333333333333
405.311625499977	0.508333333333333
405.328189099906	0.508333333333333
405.345084799919	0.508333333333333
405.361500500003	0.508333333333333
405.378503899788	0.508333333333333
405.395172399934	0.508333333333333
405.411546199815	0.508333333333333
405.428508099867	0.508333333333333
405.445129700005	0.508333333333333
405.461398199899	0.508333333333333
405.478152099997	0.508333333333333
405.495154599892	0.508333333333333
405.511716999812	0.508333333333333
405.528365699807	0.508333333333333
405.545216999948	0.508333333333333
405.561859699897	0.508333333333333
405.578494200017	0.508333333333333
405.595214799978	0.508333333333333
405.611660599941	0.508333333333333
405.628319399897	0.508333333333333
405.644992799964	0.508333333333333
405.661724699894	0.508333333333333
405.678205699893	0.508333333333333
405.694995399797	0.508333333333333
405.711638299981	0.508333333333333
405.728512699949	0.508333333333333
405.745142199798	0.508333333333333
405.761765599949	0.508333333333333
405.778525799979	0.508333333333333
405.795036099851	0.508333333333333
405.811297199922	0.508333333333333
405.828476799885	0.508333333333333
405.845313199796	0.508333333333333
405.861468599876	0.508333333333333
405.8782891999	0.508333333333333
405.894669699948	0.508333333333333
405.911721299868	0.508333333333333
405.928445499856	0.508333333333333
405.945010399912	0.508333333333333
405.961575899972	0.508333333333333
405.97840929986	0.508333333333333
405.994752399856	0.508333333333333
406.011651299894	0.508333333333333
406.02848569979	0.508333333333333
406.044914199971	0.508333333333333
406.061694899807	0.508333333333333
406.078695099801	0.508333333333333
406.094895599876	0.508333333333333
406.11158529995	0.508333333333333
406.128477099817	0.508333333333333
406.145145899849	0.508333333333333
406.161883599823	0.508333333333333
406.178246899974	0.508333333333333
406.194996599806	0.508333333333333
406.211521899793	0.508333333333333
406.228362399852	0.508333333333333
406.245053099934	0.508333333333333
406.261857099831	0.508333333333333
406.278645499842	0.508333333333333
406.295012399787	0.508333333333333
406.311743099941	0.508333333333333
406.328589099925	0.508333333333333
406.34510359983	0.508333333333333
406.361764599802	0.508333333333333
406.378030999796	0.508333333333333
406.394984999904	0.508333333333333
406.411209299928	0.508333333333333
406.428359099897	0.508333333333333
406.444544699974	0.508333333333333
406.461461499799	0.508333333333333
406.478299399838	0.508333333333333
406.495260600001	0.508333333333333
406.511897399789	0.508333333333333
406.528236899991	0.508333333333333
406.545051099965	0.508333333333333
406.561754599912	0.508333333333333
406.578286599834	0.508333333333333
406.59470479982	0.508333333333333
406.611635599984	0.508333333333333
406.628267399967	0.508333333333333
406.644761499949	0.508333333333333
406.661738999886	0.508333333333333
406.678732999833	0.508333333333333
406.694943899987	0.508333333333333
406.711538099917	0.508333333333333
406.728593099862	0.508333333333333
406.745502599981	0.508333333333333
406.762822299963	0.508333333333333
406.778254099889	0.508333333333333
406.795138799818	0.508333333333333
406.811975699849	0.508333333333333
406.828216399997	0.508333333333333
406.845107799862	0.508333333333333
406.861579699907	0.508333333333333
406.878539599944	0.508333333333333
406.894873899873	0.508333333333333
406.911403300008	0.508333333333333
406.928373799892	0.508333333333333
406.945044199936	0.508333333333333
406.961460199906	0.508333333333333
406.978464099811	0.508333333333333
406.995396799874	0.508333333333333
407.011682499899	0.508333333333333
407.028286000015	0.508333333333333
407.04498929996	0.508333333333333
407.061617699917	0.508333333333333
407.078479599906	0.508333333333333
407.095311999787	0.508333333333333
407.111350399908	0.508333333333333
407.127738399897	0.508333333333333
407.145002099918	0.508333333333333
407.161414799979	0.508333333333333
407.178425099934	0.508333333333333
407.195215999847	0.508333333333333
407.211653599981	0.508333333333333
407.228241499979	0.508333333333333
407.244881699793	0.508333333333333
407.261626799824	0.508333333333333
407.278381199809	0.508333333333333
407.294995599892	0.508333333333333
407.311688899994	0.508333333333333
407.328185599996	0.508333333333333
407.345269399928	0.508333333333333
407.361367599806	0.508333333333333
407.378403299954	0.508333333333333
407.394968699897	0.508333333333333
407.411664499901	0.508333333333333
407.428554599872	0.508333333333333
407.444872299908	0.508333333333333
407.461258199997	0.508333333333333
407.478218899807	0.508333333333333
407.495291200001	0.508333333333333
407.511655699927	0.508333333333333
407.528485499788	0.508333333333333
407.545025399886	0.508333333333333
407.56128429994	0.508333333333333
407.578535699984	0.508333333333333
407.595137499971	0.508333333333333
407.611652399879	0.508333333333333
407.628376399865	0.508333333333333
407.64506349992	0.508333333333333
407.661650799913	0.508333333333333
407.678770099999	0.508333333333333
407.695188799873	0.508333333333333
407.711475399788	0.508333333333333
407.728856700007	0.508333333333333
407.744997899979	0.508333333333333
407.761899499921	0.508333333333333
407.77866179985	0.508333333333333
407.794948699884	0.508333333333333
407.811585399788	0.508333333333333
407.82824289985	0.508333333333333
407.844908799976	0.508333333333333
407.8613820998	0.508333333333333
407.878444099799	0.508333333333333
407.894994999981	0.508333333333333
407.911744799931	0.508333333333333
407.928625899833	0.508333333333333
407.945022299886	0.508333333333333
407.961708199931	0.508333333333333
407.978388699936	0.508333333333333
407.994787100004	0.508333333333333
408.011376000009	0.508333333333333
408.02836349979	0.508333333333333
408.045015999814	0.508333333333333
408.061611699872	0.508333333333333
408.078439899953	0.508333333333333
408.095030399971	0.508333333333333
408.111423299881	0.508333333333333
408.128343899967	0.508333333333333
408.144939499907	0.508333333333333
408.161933099851	0.508333333333333
408.178614599863	0.508333333333333
408.194745599991	0.508333333333333
408.211310299812	0.508333333333333
408.228350299876	0.508333333333333
408.244818300009	0.508333333333333
408.261679399991	0.508333333333333
408.278306799941	0.508333333333333
408.294999899808	0.508333333333333
408.311496999813	0.508333333333333
408.328513299813	0.508333333333333
408.344951099949	0.508333333333333
408.361524399836	0.508333333333333
408.378025999991	0.508333333333333
408.395027099876	0.508333333333333
408.411558899796	0.508333333333333
408.428497699788	0.508333333333333
408.444632099941	0.508333333333333
408.461689199787	0.508333333333333
408.478378999978	0.508333333333333
408.495641499991	0.508333333333333
408.511623699917	0.508333333333333
408.528262299951	0.508333333333333
408.544873999897	0.508333333333333
408.561566599878	0.508333333333333
408.578443199862	0.508333333333333
408.594954099972	0.508333333333333
408.611933399923	0.508333333333333
408.628354799934	0.508333333333333
408.644919199869	0.508333333333333
408.661720499862	0.508333333333333
408.678248399869	0.508333333333333
408.695122599835	0.508333333333333
408.711562899873	0.508333333333333
408.728177999845	0.508333333333333
408.744861299871	0.508333333333333
408.761293399846	0.508333333333333
408.778274599928	0.508333333333333
408.794957899954	0.508333333333333
408.811589699937	0.508333333333333
408.828408599831	0.508333333333333
408.844936599955	0.508333333333333
408.861610499909	0.508333333333333
408.878384499811	0.508333333333333
408.894873599987	0.508333333333333
408.911622099811	0.508333333333333
408.928281399887	0.508333333333333
408.944942699978	0.508333333333333
408.961920699803	0.508333333333333
408.978514399845	0.508333333333333
408.995025299955	0.508333333333333
409.011242999928	0.508333333333333
409.028054999886	0.508333333333333
409.045128099853	0.508333333333333
409.061746999854	0.508333333333333
409.078403599793	0.508333333333333
409.094981799833	0.508333333333333
409.11164249992	0.508333333333333
409.127937699901	0.508333333333333
409.144788899925	0.508333333333333
409.161795699969	0.508333333333333
409.178185699973	0.508333333333333
409.195096899988	0.508333333333333
409.211173699936	0.508333333333333
409.228269399842	0.508333333333333
409.244819899788	0.508333333333333
409.26171799982	0.508333333333333
409.278546299785	0.508333333333333
409.294920599787	0.508333333333333
409.311752399895	0.508333333333333
409.328286699951	0.508333333333333
409.345092999982	0.508333333333333
409.361383899814	0.508333333333333
409.378474699799	0.508333333333333
409.395029800013	0.508333333333333
409.411445599981	0.508333333333333
409.428252199898	0.508333333333333
409.444914399879	0.508333333333333
409.461190699833	0.508333333333333
409.478265999816	0.508333333333333
409.495169699891	0.508333333333333
409.511529299896	0.508333333333333
409.528210699791	0.508333333333333
409.544883799972	0.508333333333333
409.561392799951	0.508333333333333
409.578455999959	0.508333333333333
409.59486909979	0.508333333333333
409.611553099938	0.508333333333333
409.628017199924	0.508333333333333
409.645022699842	0.508333333333333
409.661586199887	0.508333333333333
409.678161099786	0.508333333333333
409.694748800015	0.508333333333333
409.711709499825	0.508333333333333
409.728203599807	0.508333333333333
409.744904199848	0.508333333333333
409.76124929986	0.508333333333333
409.777886399999	0.508333333333333
409.795154599939	0.508333333333333
409.811667099828	0.508333333333333
409.828175199917	0.508333333333333
409.844676699955	0.508333333333333
409.861235299846	0.508333333333333
409.877981500002	0.508333333333333
409.894847499905	0.508333333333333
409.911464300007	0.508333333333333
409.928043899825	0.508333333333333
409.944728599861	0.508333333333333
409.961412099889	0.508333333333333
409.977844399866	0.508333333333333
409.995253699832	0.508333333333333
410.011559400009	0.508333333333333
410.028314199997	0.508333333333333
410.044761599973	0.508333333333333
410.061234699795	0.508333333333333
410.078398999991	0.508333333333333
410.094982299954	0.508333333333333
410.111263199942	0.508333333333333
410.128301599994	0.516666666666667
410.144917899976	0.525
410.161871299846	0.533333333333333
410.178530899808	0.533333333333333
410.194824199891	0.533333333333333
410.211797699798	0.533333333333333
410.228243499994	0.533333333333333
410.244917699834	0.533333333333333
410.261496599996	0.533333333333333
410.278277799953	0.533333333333333
410.294913499849	0.533333333333333
410.311182499863	0.533333333333333
410.328355500009	0.533333333333333
410.344721799949	0.533333333333333
410.361658499809	0.533333333333333
410.378206799971	0.533333333333333
410.394917499973	0.533333333333333
410.411505799973	0.533333333333333
410.427993999794	0.533333333333333
410.444717699895	0.533333333333333
410.461483099964	0.533333333333333
410.478401199915	0.533333333333333
410.494975599926	0.533333333333333
410.511148299789	0.533333333333333
410.527866999852	0.533333333333333
410.544727699831	0.533333333333333
410.561182999983	0.533333333333333
410.578299399931	0.533333333333333
410.594798099948	0.533333333333333
410.611685599899	0.533333333333333
410.628577699885	0.533333333333333
410.644889499992	0.533333333333333
410.661612799857	0.533333333333333
410.678233199986	0.533333333333333
410.694717299892	0.533333333333333
410.711514299968	0.533333333333333
410.727960899938	0.533333333333333
410.744119399926	0.533333333333333
410.761096999981	0.533333333333333
410.777630999917	0.533333333333333
410.794875299791	0.533333333333333
410.811461200006	0.533333333333333
410.828215799993	0.533333333333333
410.844656999921	0.533333333333333
410.861617499962	0.533333333333333
410.878165300004	0.533333333333333
410.894901799969	0.533333333333333
410.91142979986	0.533333333333333
410.928607799811	0.533333333333333
410.944912999868	0.533333333333333
410.961754699936	0.533333333333333
410.978461699793	0.533333333333333
410.994762299815	0.533333333333333
411.010838499991	0.533333333333333
411.028071899898	0.533333333333333
411.04444969981	0.533333333333333
411.061604299815	0.533333333333333
411.07830980001	0.533333333333333
411.094823399791	0.533333333333333
411.111559299985	0.533333333333333
411.128508399939	0.533333333333333
411.14513079985	0.533333333333333
411.161443199962	0.533333333333333
411.178365799831	0.533333333333333
411.194706799928	0.533333333333333
411.211504499894	0.533333333333333
411.228212799877	0.533333333333333
411.244668899802	0.533333333333333
411.261401799973	0.533333333333333
411.278283399995	0.533333333333333
411.294826800004	0.533333333333333
411.311199399875	0.533333333333333
411.328139199875	0.533333333333333
411.344970699865	0.533333333333333
411.361471799901	0.533333333333333
411.3781537998	0.533333333333333
411.394809999969	0.533333333333333
411.411665399792	0.533333333333333
411.428310399875	0.533333333333333
411.444192499854	0.533333333333333
411.461061500013	0.533333333333333
411.478218499804	0.533333333333333
411.494860799983	0.533333333333333
411.511447999859	0.533333333333333
411.528135999804	0.533333333333333
411.544812500011	0.533333333333333
411.561518399976	0.533333333333333
411.578299499815	0.533333333333333
411.594607000006	0.533333333333333
411.61126249982	0.533333333333333
411.628135799896	0.533333333333333
411.644844699884	0.533333333333333
411.661456999835	0.533333333333333
411.678087999811	0.533333333333333
411.694663299946	0.533333333333333
411.71127689979	0.533333333333333
411.727966899984	0.533333333333333
411.744267100003	0.533333333333333
411.761313299881	0.533333333333333
411.778119799914	0.533333333333333
411.794423999963	0.533333333333333
411.811190499924	0.533333333333333
411.827972600004	0.533333333333333
411.844906199956	0.533333333333333
411.861452299869	0.533333333333333
411.878180600004	0.533333333333333
411.894415999996	0.533333333333333
411.911426699953	0.533333333333333
411.92807249981	0.533333333333333
411.944330699975	0.533333333333333
411.961818899959	0.533333333333333
411.978228599997	0.533333333333333
411.994537999853	0.533333333333333
412.011544700013	0.533333333333333
412.028326099971	0.533333333333333
412.044825999998	0.533333333333333
412.061638799962	0.533333333333333
412.077904099831	0.533333333333333
412.094893699978	0.533333333333333
412.111619099975	0.533333333333333
412.128166900016	0.533333333333333
412.144390599802	0.533333333333333
412.161586700007	0.533333333333333
412.178221300012	0.533333333333333
412.194913599873	0.533333333333333
412.211429999908	0.533333333333333
412.228276700014	0.533333333333333
412.244637999916	0.533333333333333
412.261534699937	0.533333333333333
412.27818439994	0.533333333333333
412.294471099973	0.533333333333333
412.311684199842	0.533333333333333
412.328023699811	0.533333333333333
412.344461599831	0.533333333333333
412.361734499922	0.533333333333333
412.378638800001	0.533333333333333
412.394407999935	0.533333333333333
412.411669199821	0.533333333333333
412.428231999977	0.533333333333333
412.44447300001	0.533333333333333
412.461199799785	0.533333333333333
412.477799999993	0.533333333333333
412.49476689985	0.533333333333333
412.51164599997	0.533333333333333
412.528342299862	0.533333333333333
412.544346699957	0.533333333333333
412.561534399865	0.533333333333333
412.578127399785	0.533333333333333
412.594656899804	0.533333333333333
412.611502399901	0.533333333333333
412.628161499975	0.533333333333333
412.644460999873	0.533333333333333
412.66164379986	0.533333333333333
412.678307999857	0.533333333333333
412.694759399863	0.533333333333333
412.71168089984	0.533333333333333
412.728210499976	0.533333333333333
412.744474699954	0.533333333333333
412.761687999824	0.533333333333333
412.778274099808	0.533333333333333
412.794432699913	0.533333333333333
412.811199399875	0.533333333333333
412.82879849989	0.533333333333333
412.844316100003	0.533333333333333
412.861535399919	0.533333333333333
412.877890100004	0.533333333333333
412.8946306	0.533333333333333
412.91146209999	0.533333333333333
412.928227999946	0.533333333333333
412.944803199964	0.533333333333333
412.96113919979	0.533333333333333
412.977683399804	0.533333333333333
412.994780199835	0.533333333333333
413.011415299959	0.533333333333333
413.028333299793	0.533333333333333
413.044615099905	0.533333333333333
413.061680299928	0.533333333333333
413.077985799871	0.533333333333333
413.095382099971	0.533333333333333
413.111289899796	0.533333333333333
413.128156499937	0.533333333333333
413.144634199794	0.533333333333333
413.161293899873	0.533333333333333
413.177860199939	0.533333333333333
413.194612999912	0.533333333333333
413.211271699984	0.533333333333333
413.22810749989	0.533333333333333
413.244167899946	0.533333333333333
413.261734499829	0.533333333333333
413.278225499904	0.533333333333333
413.294593499973	0.533333333333333
413.311482099816	0.533333333333333
413.32816689997	0.533333333333333
413.344288499793	0.533333333333333
413.361213899916	0.533333333333333
413.37837959989	0.533333333333333
413.394892799901	0.533333333333333
413.411555599887	0.533333333333333
413.428079299862	0.533333333333333
413.444236699957	0.533333333333333
413.461313499836	0.533333333333333
413.477858699858	0.533333333333333
413.495556699811	0.533333333333333
413.511836299906	0.533333333333333
413.528001799947	0.533333333333333
413.544414700009	0.533333333333333
413.561196299968	0.533333333333333
413.577847099863	0.533333333333333
413.594390599988	0.533333333333333
413.611622700002	0.533333333333333
413.627730799839	0.533333333333333
413.644329099916	0.533333333333333
413.661387400003	0.533333333333333
413.678006900009	0.533333333333333
413.694786299951	0.533333333333333
413.711226099869	0.533333333333333
413.728272199864	0.533333333333333
413.744574900018	0.533333333333333
413.761639699806	0.533333333333333
413.777878399938	0.533333333333333
413.794022299815	0.533333333333333
413.811371499905	0.533333333333333
413.828140599886	0.533333333333333
413.844474199926	0.533333333333333
413.8614258999	0.533333333333333
413.877861100016	0.533333333333333
413.894301599823	0.533333333333333
413.911496499786	0.533333333333333
413.927859499818	0.533333333333333
413.944338499801	0.533333333333333
413.96161099989	0.533333333333333
413.977894400014	0.533333333333333
413.995385200018	0.533333333333333
414.011374899885	0.533333333333333
414.028786399867	0.533333333333333
414.044527699938	0.533333333333333
414.061585399788	0.533333333333333
414.078333899844	0.533333333333333
414.094669099897	0.533333333333333
414.111846999964	0.533333333333333
414.128127499949	0.533333333333333
414.144735299982	0.533333333333333
414.161556999898	0.533333333333333
414.177871899912	0.533333333333333
414.194710799959	0.533333333333333
414.211248399923	0.533333333333333
414.228435699828	0.533333333333333
414.244697699789	0.533333333333333
414.261323999846	0.533333333333333
414.277891199803	0.533333333333333
414.294693399919	0.533333333333333
414.311108999886	0.533333333333333
414.328006799798	0.533333333333333
414.344582099933	0.533333333333333
414.361543699866	0.533333333333333
414.37831319985	0.533333333333333
414.394467099803	0.533333333333333
414.411061899969	0.533333333333333
414.428166399943	0.533333333333333
414.444482899969	0.533333333333333
414.461591999978	0.533333333333333
414.478235899936	0.533333333333333
414.494926000014	0.533333333333333
414.511357199866	0.533333333333333
414.528361399891	0.533333333333333
414.544609899865	0.533333333333333
414.562284699874	0.533333333333333
414.578008299926	0.533333333333333
414.594206599984	0.533333333333333
414.611339999828	0.533333333333333
414.628249499947	0.533333333333333
414.644987499807	0.533333333333333
414.661437999923	0.533333333333333
414.678080399986	0.533333333333333
414.694589199964	0.533333333333333
414.711083899951	0.533333333333333
414.728080299916	0.533333333333333
414.744306999957	0.533333333333333
414.761124399956	0.533333333333333
414.778235699981	0.533333333333333
414.794614000013	0.533333333333333
414.811387899797	0.533333333333333
414.828148199944	0.533333333333333
414.844692699844	0.533333333333333
414.861316999886	0.533333333333333
414.878095099935	0.533333333333333
414.894668099936	0.533333333333333
414.911066900007	0.533333333333333
414.928283599904	0.533333333333333
414.944686000003	0.533333333333333
414.961013599997	0.533333333333333
414.978212599875	0.533333333333333
414.994720299961	0.533333333333333
415.01140139997	0.533333333333333
415.027894699946	0.533333333333333
415.044744999846	0.533333333333333
415.061198199866	0.533333333333333
415.077997199958	0.533333333333333
415.094926299993	0.533333333333333
415.11141579994	0.533333333333333
415.128111999948	0.533333333333333
415.144359999802	0.533333333333333
415.161575899925	0.533333333333333
415.177890999941	0.533333333333333
415.194409599993	0.533333333333333
415.210873099975	0.533333333333333
415.228032199899	0.533333333333333
415.244737999979	0.533333333333333
415.261315299897	0.533333333333333
415.277929399861	0.533333333333333
415.294677699916	0.533333333333333
415.311587799806	0.533333333333333
415.327886299929	0.533333333333333
415.345150899841	0.533333333333333
415.361568099819	0.533333333333333
415.378022199962	0.533333333333333
415.395237199962	0.533333333333333
415.411148599815	0.533333333333333
415.428002499975	0.533333333333333
415.444644699804	0.533333333333333
415.460888099857	0.533333333333333
415.477647399995	0.533333333333333
415.494620999787	0.533333333333333
415.511156199966	0.533333333333333
415.527707999805	0.533333333333333
415.544416899793	0.533333333333333
415.561512199929	0.533333333333333
415.578061999986	0.533333333333333
415.594552399823	0.533333333333333
415.611184399808	0.533333333333333
415.627843199996	0.533333333333333
415.644561799942	0.533333333333333
415.661395399831	0.533333333333333
415.678236099891	0.533333333333333
415.694791399874	0.533333333333333
415.711393799866	0.533333333333333
415.727973999921	0.533333333333333
415.744717699941	0.533333333333333
415.76136819995	0.533333333333333
415.778176299995	0.533333333333333
415.794469199842	0.533333333333333
415.811367899878	0.533333333333333
415.828214799985	0.533333333333333
415.844642499927	0.533333333333333
415.861319099786	0.533333333333333
415.877945399843	0.533333333333333
415.8948030998	0.533333333333333
415.911312199896	0.533333333333333
415.927649899852	0.533333333333333
415.944635799853	0.533333333333333
415.961718499893	0.533333333333333
415.977780399844	0.533333333333333
415.994305099826	0.533333333333333
416.011595999822	0.533333333333333
416.028147999896	0.533333333333333
416.04478349979	0.533333333333333
416.061497499933	0.533333333333333
416.077957599889	0.533333333333333
416.094750899822	0.533333333333333
416.111073500011	0.533333333333333
416.128007599851	0.533333333333333
416.144683799939	0.533333333333333
416.161794599844	0.533333333333333
416.178070199909	0.533333333333333
416.19468700001	0.533333333333333
416.211370999925	0.533333333333333
416.227882299805	0.533333333333333
416.244329100009	0.533333333333333
416.261344800005	0.533333333333333
416.27812319994	0.533333333333333
416.294816799928	0.533333333333333
416.311494099908	0.533333333333333
416.327892499976	0.533333333333333
416.344725199975	0.533333333333333
416.361198899802	0.533333333333333
416.377809599973	0.533333333333333
416.394716799958	0.533333333333333
416.41113319993	0.533333333333333
416.427734499797	0.533333333333333
416.444826099789	0.533333333333333
416.46105189994	0.533333333333333
416.477867999813	0.533333333333333
416.495094899787	0.533333333333333
416.51153109991	0.533333333333333
416.527632599929	0.533333333333333
416.544728599954	0.533333333333333
416.561434799805	0.533333333333333
416.578067099908	0.533333333333333
416.594670199789	0.533333333333333
416.611273299903	0.533333333333333
416.627977799857	0.533333333333333
416.644114399794	0.533333333333333
416.661346599925	0.533333333333333
416.678016799968	0.533333333333333
416.694686400006	0.533333333333333
416.711318799993	0.533333333333333
416.728271299973	0.533333333333333
416.74416799983	0.533333333333333
416.761261899956	0.533333333333333
416.778085399885	0.533333333333333
416.794560099952	0.533333333333333
416.811111199902	0.533333333333333
416.828032599995	0.533333333333333
416.844714599894	0.533333333333333
416.861373799853	0.533333333333333
416.878324699821	0.533333333333333
416.894671099959	0.533333333333333
416.911081099883	0.533333333333333
416.927968099946	0.533333333333333
416.944612299791	0.533333333333333
416.961192299845	0.533333333333333
416.977963199839	0.533333333333333
416.994768199977	0.533333333333333
417.011497200001	0.533333333333333
417.028001199942	0.533333333333333
417.044494299917	0.533333333333333
417.061318599852	0.533333333333333
417.078026499832	0.533333333333333
417.09429779998	0.533333333333333
417.111167599913	0.533333333333333
417.127691000002	0.533333333333333
417.144345399924	0.533333333333333
417.161262699869	0.533333333333333
417.178031899966	0.533333333333333
417.194465999957	0.533333333333333
417.211198099889	0.533333333333333
417.22823369992	0.533333333333333
417.245052699931	0.533333333333333
417.261109199841	0.533333333333333
417.278028399916	0.533333333333333
417.294585499913	0.533333333333333
417.311410699971	0.533333333333333
417.327971199993	0.533333333333333
417.344649999868	0.533333333333333
417.361104300013	0.533333333333333
417.377822699957	0.533333333333333
417.394776199944	0.533333333333333
417.411069099791	0.533333333333333
417.428256699815	0.533333333333333
417.444419299951	0.533333333333333
417.461311499821	0.533333333333333
417.477874899982	0.533333333333333
417.494782399852	0.533333333333333
417.511484699789	0.533333333333333
417.5280567999	0.533333333333333
417.544549699873	0.533333333333333
417.561582499882	0.533333333333333
417.577856499935	0.533333333333333
417.5946562998	0.533333333333333
417.611164799891	0.533333333333333
417.627714499831	0.533333333333333
417.6442658999	0.533333333333333
417.661222599912	0.533333333333333
417.678005199879	0.533333333333333
417.694741799962	0.533333333333333
417.71134899999	0.533333333333333
417.727718699956	0.533333333333333
417.744555099867	0.533333333333333
417.761573199881	0.533333333333333
417.7780720999	0.533333333333333
417.794804899953	0.533333333333333
417.811222599819	0.533333333333333
417.827797199832	0.533333333333333
417.844471799908	0.533333333333333
417.861235799966	0.533333333333333
417.877934399992	0.533333333333333
417.894641399849	0.533333333333333
417.911131299799	0.533333333333333
417.927942099981	0.533333333333333
417.944632999832	0.533333333333333
417.961486699991	0.533333333333333
417.977965199854	0.533333333333333
417.994668499799	0.533333333333333
418.011152499821	0.533333333333333
418.027835299959	0.533333333333333
418.044383399887	0.533333333333333
418.061169499997	0.533333333333333
418.077768499963	0.533333333333333
418.094127599848	0.533333333333333
418.11110999994	0.533333333333333
418.128001399804	0.533333333333333
418.144679699792	0.533333333333333
418.161435599905	0.533333333333333
418.177972299978	0.533333333333333
418.194670900004	0.533333333333333
418.211442099884	0.533333333333333
418.227725900011	0.533333333333333
418.24444229994	0.533333333333333
418.261210599914	0.533333333333333
418.277732199989	0.533333333333333
418.294805299956	0.533333333333333
418.310927100014	0.533333333333333
418.32795810001	0.533333333333333
418.344607800012	0.533333333333333
418.361285899999	0.533333333333333
418.378043100005	0.533333333333333
418.394684299827	0.533333333333333
418.411369199865	0.533333333333333
418.428111199988	0.533333333333333
418.444531199988	0.533333333333333
418.461423299974	0.533333333333333
418.478014099877	0.533333333333333
418.494732499821	0.533333333333333
418.511204499984	0.533333333333333
418.527917200001	0.533333333333333
418.544251899933	0.533333333333333
418.561255599838	0.533333333333333
418.577775399899	0.533333333333333
418.594304199796	0.533333333333333
418.611106599914	0.533333333333333
418.628097599838	0.533333333333333
418.644706399878	0.533333333333333
418.661378099816	0.533333333333333
418.678144699894	0.533333333333333
418.694669299992	0.533333333333333
418.711341799935	0.533333333333333
418.728374699829	0.533333333333333
418.744749999838	0.533333333333333
418.761234199861	0.533333333333333
418.777964399895	0.533333333333333
418.794194899965	0.533333333333333
418.811287099961	0.533333333333333
418.828107699985	0.533333333333333
418.844245599816	0.533333333333333
418.861076099798	0.533333333333333
418.878125599818	0.533333333333333
418.895300299861	0.533333333333333
418.91119299992	0.533333333333333
418.927796699805	0.533333333333333
418.944497899851	0.533333333333333
418.961458500009	0.533333333333333
418.977911699796	0.533333333333333
418.994637699798	0.533333333333333
419.010889399797	0.533333333333333
419.027413100004	0.533333333333333
419.044611299876	0.533333333333333
419.061082099797	0.533333333333333
419.077855499927	0.533333333333333
419.094683300005	0.533333333333333
419.111146499868	0.533333333333333
419.127981500002	0.533333333333333
419.144581999863	0.533333333333333
419.161427999847	0.533333333333333
419.177692699945	0.533333333333333
419.194567399798	0.533333333333333
419.210954499897	0.533333333333333
419.227648800006	0.533333333333333
419.244601899991	0.533333333333333
419.261080999859	0.533333333333333
419.27764320001	0.533333333333333
419.294420899823	0.533333333333333
419.311167099979	0.533333333333333
419.327915899921	0.533333333333333
419.344883099897	0.533333333333333
419.361412999919	0.533333333333333
419.377924299799	0.533333333333333
419.394346299814	0.533333333333333
419.411178199807	0.533333333333333
419.427619799972	0.533333333333333
419.444555799942	0.533333333333333
419.46117549995	0.533333333333333
419.478443299886	0.533333333333333
419.494969799882	0.533333333333333
419.511203799862	0.533333333333333
419.527698599966	0.533333333333333
419.544665999943	0.533333333333333
419.56115759979	0.533333333333333
419.577933999943	0.533333333333333
419.594698299887	0.533333333333333
419.611265799962	0.533333333333333
419.627855199855	0.533333333333333
419.644841699861	0.533333333333333
419.661094299983	0.533333333333333
419.677620999981	0.533333333333333
419.694466199959	0.533333333333333
419.711266499944	0.533333333333333
419.727879300015	0.533333333333333
419.744977799943	0.533333333333333
419.761194999795	0.533333333333333
419.777885099873	0.533333333333333
419.794915499864	0.533333333333333
419.810962799937	0.533333333333333
419.828061799984	0.533333333333333
419.844645399833	0.533333333333333
419.861159899971	0.533333333333333
419.877875899896	0.533333333333333
419.894513499923	0.533333333333333
419.911981199868	0.533333333333333
419.927619299851	0.533333333333333
419.94423309993	0.533333333333333
419.961065999931	0.533333333333333
419.977889899863	0.533333333333333
419.994699199917	0.533333333333333
420.011059699813	0.533333333333333
420.027885899879	0.533333333333333
420.044548499864	0.533333333333333
420.060986700002	0.533333333333333
420.077945699915	0.533333333333333
420.094763899921	0.533333333333333
420.111697799992	0.533333333333333
420.127819599817	0.533333333333333
420.144676399883	0.533333333333333
420.161272899946	0.533333333333333
420.17806029995	0.533333333333333
420.194365100004	0.533333333333333
420.211212999886	0.533333333333333
420.228083399823	0.533333333333333
420.244619499892	0.533333333333333
420.261184399948	0.533333333333333
420.277837899979	0.533333333333333
420.294538799906	0.533333333333333
420.311126099899	0.533333333333333
420.327687599929	0.533333333333333
420.34452399984	0.533333333333333
420.361076099798	0.533333333333333
420.377868399955	0.533333333333333
420.394948499976	0.533333333333333
420.411143400008	0.533333333333333
420.427635999862	0.533333333333333
420.444310499821	0.533333333333333
420.460931099951	0.533333333333333
420.4774972999	0.533333333333333
420.494797699852	0.533333333333333
420.511476599844	0.533333333333333
420.527952599805	0.533333333333333
420.544515199959	0.533333333333333
420.561543599935	0.533333333333333
420.577565999934	0.533333333333333
420.594635699876	0.533333333333333
420.611285899999	0.533333333333333
420.627541499911	0.533333333333333
420.6442985998	0.533333333333333
420.660823899787	0.533333333333333
420.677814099938	0.533333333333333
420.694631799823	0.533333333333333
420.711020899937	0.533333333333333
420.727776399814	0.533333333333333
420.744625599822	0.533333333333333
420.761477299966	0.533333333333333
420.777555499924	0.533333333333333
420.794557899935	0.533333333333333
420.810885599814	0.533333333333333
420.827459299937	0.533333333333333
420.844552799826	0.533333333333333
420.861337399809	0.533333333333333
420.877614799887	0.533333333333333
420.894849599805	0.533333333333333
420.910989099881	0.533333333333333
420.92751999991	0.533333333333333
420.944239099976	0.533333333333333
420.961249499815	0.533333333333333
420.9772373999	0.533333333333333
420.994641099824	0.533333333333333
421.011416299967	0.533333333333333
421.02742259996	0.533333333333333
421.044821099844	0.533333333333333
421.061278499896	0.533333333333333
421.077382499818	0.533333333333333
421.09451789991	0.533333333333333
421.111344999867	0.533333333333333
421.127261299873	0.533333333333333
421.144318299834	0.533333333333333
421.161032799864	0.533333333333333
421.177808299894	0.533333333333333
421.19457679987	0.533333333333333
421.211448699934	0.533333333333333
421.227734199958	0.533333333333333
421.244298599893	0.533333333333333
421.260973799974	0.533333333333333
421.277505700011	0.533333333333333
421.294729099842	0.533333333333333
421.311476900009	0.533333333333333
421.327729800018	0.533333333333333
421.344633199973	0.533333333333333
421.361164100002	0.533333333333333
421.377542999806	0.533333333333333
421.394223699812	0.533333333333333
421.411204600008	0.533333333333333
421.427503799787	0.533333333333333
421.444497899851	0.533333333333333
421.461178899975	0.533333333333333
421.477738499874	0.533333333333333
421.494575699791	0.533333333333333
421.51115939999	0.533333333333333
421.527932099998	0.533333333333333
421.54451749986	0.533333333333333
421.561192999827	0.533333333333333
421.577555499971	0.533333333333333
421.594114099862	0.533333333333333
421.61095529981	0.533333333333333
421.627787599806	0.533333333333333
421.644531199941	0.533333333333333
421.660787699977	0.533333333333333
421.677792700008	0.533333333333333
421.694397999905	0.533333333333333
421.711174699944	0.533333333333333
421.727697299793	0.533333333333333
421.744777899934	0.533333333333333
421.761150999926	0.533333333333333
421.777819899842	0.533333333333333
421.794448499801	0.533333333333333
421.811062499881	0.533333333333333
421.827557999874	0.533333333333333
421.84386389982	0.533333333333333
421.861108699813	0.533333333333333
421.877659899881	0.533333333333333
421.894420999801	0.533333333333333
421.911094299983	0.533333333333333
421.927739299834	0.533333333333333
421.944657899905	0.533333333333333
421.960878100013	0.533333333333333
421.977895999793	0.533333333333333
421.994530199794	0.533333333333333
422.011296899989	0.533333333333333
422.027554699918	0.533333333333333
422.044537199894	0.533333333333333
422.060888299951	0.533333333333333
422.077816199977	0.533333333333333
422.0944991	0.533333333333333
422.111265499843	0.533333333333333
422.127425499959	0.533333333333333
422.144653599942	0.533333333333333
422.161188199883	0.533333333333333
422.177719099913	0.533333333333333
422.194495999953	0.533333333333333
422.2110946998	0.533333333333333
422.227849499788	0.533333333333333
422.244401799981	0.533333333333333
422.260892299935	0.533333333333333
422.277419699822	0.533333333333333
422.294349799864	0.533333333333333
422.310808499809	0.533333333333333
422.327440299792	0.533333333333333
422.344455099897	0.533333333333333
422.361088899896	0.533333333333333
422.377924899803	0.533333333333333
422.39494339982	0.533333333333333
422.411139699863	0.533333333333333
422.42752779997	0.533333333333333
422.44463139982	0.533333333333333
422.461127399933	0.533333333333333
422.477725799894	0.533333333333333
422.494618899887	0.533333333333333
422.510987399844	0.533333333333333
422.527906899806	0.533333333333333
422.544525099918	0.533333333333333
422.560866799904	0.533333333333333
422.577423699899	0.533333333333333
422.594617999857	0.533333333333333
422.611080999952	0.533333333333333
422.627760899952	0.533333333333333
422.64434619993	0.533333333333333
422.660950899823	0.533333333333333
422.677712799981	0.533333333333333
422.694345599972	0.533333333333333
422.711218099808	0.533333333333333
422.72739939997	0.533333333333333
422.744629499968	0.533333333333333
422.760715899989	0.533333333333333
422.777748699998	0.533333333333333
422.79425099981	0.533333333333333
422.810562199913	0.533333333333333
422.827208200004	0.533333333333333
422.843667299952	0.533333333333333
422.860966800014	0.533333333333333
422.877481799806	0.533333333333333
422.8944951999	0.533333333333333
422.911109599983	0.533333333333333
422.927574999863	0.533333333333333
422.944324599812	0.533333333333333
422.961157899816	0.533333333333333
422.977208399912	0.533333333333333
422.994375600014	0.533333333333333
423.01131099998	0.533333333333333
423.027645499911	0.533333333333333
423.044303499861	0.533333333333333
423.060960299801	0.533333333333333
423.077642299933	0.533333333333333
423.094626699807	0.533333333333333
423.110946299974	0.533333333333333
423.12740379991	0.533333333333333
423.144708700012	0.533333333333333
423.161136999959	0.533333333333333
423.177814099938	0.533333333333333
423.19608959998	0.533333333333333
423.210728299804	0.533333333333333
423.227385999868	0.533333333333333
423.244030399946	0.533333333333333
423.261006999994	0.533333333333333
423.277535199886	0.533333333333333
423.294445300009	0.533333333333333
423.311116099823	0.533333333333333
423.327834299998	0.533333333333333
423.344576299889	0.533333333333333
423.361145299859	0.533333333333333
423.377518299967	0.533333333333333
423.394447400002	0.533333333333333
423.411082600011	0.533333333333333
423.427543499973	0.533333333333333
423.444211599883	0.533333333333333
423.461114999838	0.533333333333333
423.478529499844	0.533333333333333
423.494598299963	0.533333333333333
423.510696999962	0.533333333333333
423.527759099845	0.533333333333333
423.544534099987	0.533333333333333
423.561014399864	0.533333333333333
423.577746599913	0.533333333333333
423.594817499863	0.533333333333333
423.611276099924	0.533333333333333
423.627963299863	0.533333333333333
423.644099199912	0.533333333333333
423.661227999954	0.533333333333333
423.677331999876	0.533333333333333
423.694463899825	0.533333333333333
423.710666799918	0.533333333333333
423.727761099814	0.533333333333333
423.744324399857	0.533333333333333
423.76116809994	0.533333333333333
423.777497799834	0.533333333333333
423.79415659979	0.533333333333333
423.811100999825	0.533333333333333
423.827753599966	0.533333333333333
423.844582299935	0.533333333333333
423.861049999949	0.533333333333333
423.877808999969	0.533333333333333
423.894486199832	0.533333333333333
423.910538399825	0.533333333333333
423.927744599991	0.533333333333333
423.94443529984	0.533333333333333
423.960760399932	0.533333333333333
423.977738599991	0.533333333333333
423.994207500014	0.533333333333333
424.010810100008	0.533333333333333
424.027730099857	0.533333333333333
424.044628799893	0.533333333333333
424.060669799801	0.533333333333333
424.077820699895	0.533333333333333
424.094500100007	0.533333333333333
424.111029599793	0.533333333333333
424.127440699842	0.533333333333333
424.144668099936	0.533333333333333
424.160996799823	0.533333333333333
424.177738199942	0.533333333333333
424.194075499894	0.533333333333333
424.211079799803	0.533333333333333
424.22776069981	0.533333333333333
424.244576099794	0.533333333333333
424.260744899977	0.533333333333333
424.278037799988	0.533333333333333
424.294591999846	0.533333333333333
424.31111619994	0.533333333333333
424.327688399935	0.533333333333333
424.34441879997	0.533333333333333
424.361220299965	0.533333333333333
424.377341500018	0.533333333333333
424.394390199799	0.533333333333333
424.411059899954	0.533333333333333
424.427403299836	0.533333333333333
424.444128699834	0.533333333333333
424.460975099821	0.533333333333333
424.477408499923	0.533333333333333
424.494778299937	0.533333333333333
424.51104969997	0.533333333333333
424.527558099944	0.533333333333333
424.544609799981	0.533333333333333
424.561038599815	0.533333333333333
424.577679599868	0.533333333333333
424.594381499803	0.533333333333333
424.610969399801	0.533333333333333
424.627711599926	0.533333333333333
424.644119099947	0.533333333333333
424.661081099883	0.533333333333333
424.677708499832	0.533333333333333
424.694291499909	0.533333333333333
424.711528199958	0.533333333333333
424.72847099998	0.533333333333333
424.744097099872	0.533333333333333
424.760930499993	0.533333333333333
424.777489200002	0.533333333333333
424.794368699891	0.533333333333333
424.811091499869	0.533333333333333
424.82766589988	0.533333333333333
424.844626699807	0.533333333333333
424.860991699854	0.533333333333333
424.877739399904	0.533333333333333
424.894475599984	0.533333333333333
424.910857099807	0.533333333333333
424.927668299992	0.533333333333333
424.944164199987	0.533333333333333
424.960825699847	0.533333333333333
424.977935999865	0.533333333333333
424.994631699985	0.533333333333333
425.010725799948	0.533333333333333
425.027700599981	0.533333333333333
425.044554299908	0.533333333333333
425.060928099789	0.533333333333333
425.07771089999	0.533333333333333
425.09446069994	0.533333333333333
425.110872199992	0.533333333333333
425.127572699916	0.533333333333333
425.144361999817	0.533333333333333
425.160847599851	0.533333333333333
425.177463399945	0.533333333333333
425.194378699875	0.533333333333333
425.211229899898	0.533333333333333
425.227797399973	0.533333333333333
425.244126399979	0.533333333333333
425.26070029987	0.533333333333333
425.277705499902	0.533333333333333
425.294405799825	0.533333333333333
425.310794299934	0.533333333333333
425.327748399926	0.533333333333333
425.344022199977	0.533333333333333
425.360960099846	0.533333333333333
425.377601699904	0.533333333333333
425.394346899819	0.533333333333333
425.411018999992	0.533333333333333
425.427445699926	0.533333333333333
425.44461659994	0.533333333333333
425.460859499872	0.533333333333333
425.477579899831	0.533333333333333
425.494365199935	0.533333333333333
425.510780999903	0.533333333333333
425.527717399877	0.533333333333333
425.544371399796	0.533333333333333
425.560942899901	0.533333333333333
425.578088899842	0.533333333333333
425.594279999845	0.533333333333333
425.610996200005	0.533333333333333
425.627727299929	0.533333333333333
425.644261699868	0.533333333333333
425.660747200018	0.533333333333333
425.677311899839	0.533333333333333
425.694325399818	0.533333333333333
425.710718399845	0.533333333333333
425.727523799986	0.533333333333333
425.743976400001	0.533333333333333
425.76081259991	0.533333333333333
425.777298399946	0.533333333333333
425.79452669993	0.533333333333333
425.810748199932	0.533333333333333
425.827828199835	0.533333333333333
425.844032099936	0.533333333333333
425.860958199948	0.533333333333333
425.87731339992	0.533333333333333
425.894486799836	0.533333333333333
425.910854499787	0.533333333333333
425.927699899999	0.533333333333333
425.944193099858	0.533333333333333
425.960703599965	0.533333333333333
425.978242799873	0.533333333333333
425.994312499883	0.533333333333333
426.010596100008	0.533333333333333
426.027574099833	0.533333333333333
426.044496699935	0.533333333333333
426.060824799817	0.533333333333333
426.077863699989	0.533333333333333
426.094410299789	0.533333333333333
426.110529399943	0.533333333333333
426.127463999903	0.533333333333333
426.144593599951	0.533333333333333
426.161049099872	0.533333333333333
426.178158999886	0.533333333333333
426.194536399795	0.533333333333333
426.210621699924	0.533333333333333
426.22766679991	0.533333333333333
426.244513500016	0.533333333333333
426.260981099913	0.533333333333333
426.277314799838	0.533333333333333
426.293940200005	0.533333333333333
426.311007499928	0.533333333333333
426.327647399856	0.533333333333333
426.344301699894	0.533333333333333
426.360999999801	0.533333333333333
426.377747399965	0.533333333333333
426.394492799882	0.533333333333333
426.410803299863	0.533333333333333
426.427171499934	0.533333333333333
426.44424529979	0.533333333333333
426.460862099892	0.533333333333333
426.477741699899	0.533333333333333
426.494417599868	0.533333333333333
426.510910199955	0.533333333333333
426.527438799851	0.533333333333333
426.543920899974	0.533333333333333
426.560724499868	0.533333333333333
426.577736699954	0.533333333333333
426.594230599934	0.533333333333333
426.610974899959	0.533333333333333
426.627420999808	0.533333333333333
426.644664099906	0.533333333333333
426.661060999846	0.533333333333333
426.677762199892	0.533333333333333
426.694513299968	0.533333333333333
426.710956899915	0.533333333333333
426.727564499946	0.533333333333333
426.744583799969	0.533333333333333
426.760935099795	0.533333333333333
426.77758549992	0.533333333333333
426.794231100008	0.533333333333333
426.810853599804	0.533333333333333
426.827714999905	0.533333333333333
426.844188299961	0.533333333333333
426.860808699857	0.533333333333333
426.87752390001	0.533333333333333
426.894234499894	0.533333333333333
426.911271899939	0.533333333333333
426.927695399849	0.533333333333333
426.944344999967	0.533333333333333
426.960867899936	0.533333333333333
426.977608299814	0.533333333333333
426.994094099849	0.533333333333333
427.010942799971	0.533333333333333
427.027622099966	0.533333333333333
427.044466699939	0.533333333333333
427.061019699788	0.533333333333333
427.077521399828	0.533333333333333
427.094128499972	0.533333333333333
427.110817499924	0.533333333333333
427.12752999994	0.533333333333333
427.143993899925	0.533333333333333
427.160604899982	0.533333333333333
427.177540899953	0.533333333333333
427.194329899969	0.533333333333333
427.21076279995	0.533333333333333
427.227609499823	0.533333333333333
427.244276699843	0.533333333333333
427.260603099829	0.533333333333333
427.277478999924	0.533333333333333
427.294300899841	0.533333333333333
427.310784099856	0.533333333333333
427.327757299878	0.533333333333333
427.344124599826	0.533333333333333
427.360818399815	0.533333333333333
427.379513399908	0.533333333333333
427.39497169992	0.533333333333333
427.410612999927	0.533333333333333
427.427478999831	0.533333333333333
427.444389799843	0.533333333333333
427.460800800007	0.533333333333333
427.477610699832	0.533333333333333
427.49439469981	0.533333333333333
427.510810500011	0.533333333333333
427.527425699867	0.533333333333333
427.544329899829	0.533333333333333
427.560685199918	0.533333333333333
427.577494099969	0.533333333333333
427.593853499973	0.533333333333333
427.610649399925	0.533333333333333
427.627575999824	0.533333333333333
427.644004500005	0.533333333333333
427.660516700009	0.533333333333333
427.677696899977	0.533333333333333
427.6943382998	0.533333333333333
427.710555699887	0.533333333333333
427.7277571999	0.533333333333333
427.744182999944	0.533333333333333
427.760595199885	0.533333333333333
427.777297199937	0.533333333333333
427.794102999847	0.533333333333333
427.810649999883	0.533333333333333
427.827763699926	0.533333333333333
427.844367599813	0.533333333333333
427.861077199923	0.533333333333333
427.87748899986	0.533333333333333
427.894366799854	0.533333333333333
427.911059499951	0.533333333333333
427.928180999821	0.533333333333333
427.944307099795	0.533333333333333
427.96094969986	0.533333333333333
427.977699299809	0.533333333333333
427.994253899902	0.533333333333333
428.010844799923	0.533333333333333
428.027589299949	0.533333333333333
428.044106699992	0.533333333333333
428.060520399828	0.533333333333333
428.077432999853	0.533333333333333
428.094138599932	0.533333333333333
428.110550699988	0.533333333333333
428.127425499959	0.533333333333333
428.144395499956	0.533333333333333
428.160848099971	0.533333333333333
428.17749149981	0.533333333333333
428.194153199904	0.533333333333333
428.210642399965	0.533333333333333
428.22729459987	0.533333333333333
428.243679299951	0.533333333333333
428.26069889986	0.533333333333333
428.276953299996	0.533333333333333
428.294336099876	0.533333333333333
428.310787699884	0.533333333333333
428.327567199944	0.533333333333333
428.344228799921	0.533333333333333
428.360883699963	0.533333333333333
428.377548099961	0.533333333333333
428.393871199805	0.533333333333333
428.410727099981	0.533333333333333
428.427653999999	0.533333333333333
428.444303599885	0.533333333333333
428.46064389986	0.533333333333333
428.477696100017	0.533333333333333
428.494448699988	0.533333333333333
428.510649499949	0.533333333333333
428.527968399925	0.533333333333333
428.544246400008	0.533333333333333
428.560893999878	0.533333333333333
428.577690999955	0.533333333333333
428.594717599917	0.533333333333333
428.610781699885	0.533333333333333
428.627519799862	0.533333333333333
428.644073999953	0.533333333333333
428.660526699852	0.533333333333333
428.6773331	0.533333333333333
428.694244100014	0.533333333333333
428.710559699917	0.533333333333333
428.727334699826	0.533333333333333
428.744014099939	0.533333333333333
428.760516799986	0.533333333333333
428.777566500008	0.533333333333333
428.793848299887	0.533333333333333
428.810783899855	0.533333333333333
428.8274238999	0.533333333333333
428.844378500013	0.533333333333333
428.86051459983	0.533333333333333
428.877541599795	0.533333333333333
428.894221099792	0.533333333333333
428.91057409998	0.533333333333333
428.928097199881	0.533333333333333
428.944107799791	0.533333333333333
428.96079599997	0.533333333333333
428.977144599892	0.533333333333333
428.994365299819	0.533333333333333
429.011061399942	0.533333333333333
429.028691399843	0.533333333333333
429.045611299807	0.533333333333333
429.060403899988	0.533333333333333
429.077378599904	0.533333333333333
429.094426599797	0.533333333333333
429.110760699958	0.533333333333333
429.127902799984	0.533333333333333
429.144227299839	0.533333333333333
429.160881799879	0.533333333333333
429.17780649988	0.533333333333333
429.194278799929	0.533333333333333
429.210529299919	0.533333333333333
429.227468599798	0.533333333333333
429.24427769985	0.533333333333333
429.260909599951	0.533333333333333
429.27768509998	0.533333333333333
429.294122899882	0.533333333333333
429.310714799911	0.533333333333333
429.327751499834	0.533333333333333
429.343827199889	0.533333333333333
429.360553199891	0.533333333333333
429.377721099881	0.533333333333333
429.394179599825	0.533333333333333
429.410565199796	0.533333333333333
429.427273300011	0.533333333333333
429.444248199929	0.533333333333333
429.460859999992	0.533333333333333
429.477721799864	0.533333333333333
429.494368899846	0.533333333333333
429.510753899813	0.533333333333333
429.527650799835	0.533333333333333
429.544316799846	0.533333333333333
429.560893999878	0.533333333333333
429.577701799804	0.533333333333333
429.594292899827	0.533333333333333
429.610524099786	0.533333333333333
429.627726499923	0.533333333333333
429.644166999962	0.533333333333333
429.6607338998	0.533333333333333
429.677830799948	0.533333333333333
429.694207399851	0.533333333333333
429.710618299898	0.533333333333333
429.72731909994	0.533333333333333
429.744217399973	0.533333333333333
429.761016899953	0.533333333333333
429.777652099961	0.533333333333333
429.794171999907	0.533333333333333
429.810941000003	0.533333333333333
429.827180999797	0.533333333333333
429.844096599845	0.533333333333333
429.86091129994	0.533333333333333
429.877167299856	0.533333333333333
429.894257699838	0.533333333333333
429.910695599858	0.533333333333333
429.927542699967	0.533333333333333
429.944352999795	0.533333333333333
429.960745399818	0.533333333333333
429.977750299964	0.533333333333333
429.994099899894	0.533333333333333
430.011750699952	0.533333333333333
430.027593299979	0.533333333333333
430.044339400018	0.533333333333333
430.060835100012	0.533333333333333
430.0773912	0.533333333333333
430.094140099827	0.533333333333333
430.110795399873	0.533333333333333
430.127831699792	0.533333333333333
430.144094099989	0.533333333333333
430.160722799832	0.533333333333333
430.1776562999	0.533333333333333
430.194174299948	0.533333333333333
430.210501699941	0.533333333333333
430.227625199826	0.533333333333333
430.243726799963	0.533333333333333
430.260754099814	0.533333333333333
430.277489099884	0.533333333333333
430.293898499804	0.533333333333333
430.310750599951	0.533333333333333
430.327045999933	0.533333333333333
430.344257099787	0.533333333333333
430.3607051	0.533333333333333
430.376986299874	0.533333333333333
430.394421199802	0.533333333333333
430.410820699995	0.533333333333333
430.427498999983	0.533333333333333
430.444123199908	0.533333333333333
430.460661299992	0.533333333333333
430.477520899847	0.533333333333333
430.494137599831	0.533333333333333
430.510672899894	0.533333333333333
430.527735699899	0.533333333333333
430.544319899986	0.533333333333333
430.560609999811	0.533333333333333
430.577597599942	0.533333333333333
430.593821199844	0.533333333333333
430.610976099968	0.533333333333333
430.627319099847	0.533333333333333
430.644310100004	0.533333333333333
430.660390899982	0.533333333333333
430.677639300004	0.533333333333333
430.694187699817	0.533333333333333
430.71043159999	0.533333333333333
430.727585799992	0.533333333333333
430.744198899949	0.533333333333333
430.760552299907	0.533333333333333
430.777763999999	0.533333333333333
430.793943899916	0.533333333333333
430.81029929989	0.533333333333333
430.827699999791	0.533333333333333
430.84415749996	0.533333333333333
430.860731399851	0.533333333333333
430.877814800013	0.533333333333333
430.894395299954	0.533333333333333
430.910742299864	0.533333333333333
430.927360599861	0.533333333333333
430.944618799957	0.533333333333333
430.960617200006	0.533333333333333
430.978167899884	0.533333333333333
430.994094899856	0.533333333333333
431.010801599827	0.533333333333333
431.027551899897	0.533333333333333
431.044283799827	0.533333333333333
431.060777699808	0.533333333333333
431.07746229996	0.533333333333333
431.094126699958	0.533333333333333
431.110526899807	0.533333333333333
431.126821399899	0.533333333333333
431.143513699993	0.533333333333333
431.16082479991	0.533333333333333
431.177539099939	0.533333333333333
431.194022299955	0.533333333333333
431.210595799843	0.533333333333333
431.227552399971	0.533333333333333
431.244078799849	0.533333333333333
431.260256999871	0.533333333333333
431.276920799864	0.533333333333333
431.293897699798	0.533333333333333
431.3107919998	0.533333333333333
431.327514200006	0.533333333333333
431.343752299901	0.533333333333333
431.360304299975	0.533333333333333
431.381215999834	0.533333333333333
431.394318099832	0.533333333333333
431.410612199921	0.533333333333333
431.427266999846	0.533333333333333
431.444233499933	0.533333333333333
431.460614499869	0.533333333333333
431.477640999947	0.533333333333333
431.494322399842	0.533333333333333
431.510642299894	0.533333333333333
431.527365999995	0.533333333333333
431.544160899939	0.533333333333333
431.560604800005	0.533333333333333
431.57758159982	0.533333333333333
431.593817599816	0.533333333333333
431.610841299873	0.533333333333333
431.627277499996	0.533333333333333
431.644275999861	0.533333333333333
431.660618199967	0.533333333333333
431.677492499817	0.533333333333333
431.694020699942	0.533333333333333
431.710655399831	0.533333333333333
431.728073499864	0.533333333333333
431.748278499814	0.533333333333333
431.760540499818	0.533333333333333
431.77744139987	0.533333333333333
431.793803799897	0.533333333333333
431.810437999899	0.533333333333333
431.827601899859	0.533333333333333
431.843951999908	0.533333333333333
431.860667599831	0.533333333333333
431.877424199833	0.533333333333333
431.89392079995	0.533333333333333
431.910510599846	0.533333333333333
431.927446499933	0.533333333333333
431.944022599841	0.533333333333333
431.960365299834	0.533333333333333
431.97798999981	0.533333333333333
431.994132999796	0.533333333333333
432.010622599861	0.533333333333333
432.027558099944	0.533333333333333
432.043764499947	0.533333333333333
432.060564299813	0.533333333333333
432.076945299981	0.533333333333333
432.09408939979	0.533333333333333
432.110678699799	0.533333333333333
432.127315099817	0.533333333333333
432.144846499898	0.533333333333333
432.160552399931	0.533333333333333
432.177656899905	0.533333333333333
432.194257499883	0.533333333333333
432.210329599911	0.533333333333333
432.227597899968	0.533333333333333
432.24421249982	0.533333333333333
432.260348399868	0.533333333333333
432.27762389998	0.533333333333333
432.293688499834	0.533333333333333
432.310323899845	0.533333333333333
432.327227999922	0.533333333333333
432.344168399926	0.533333333333333
432.36042069993	0.533333333333333
432.377554399893	0.533333333333333
432.394283199916	0.533333333333333
432.410904499935	0.533333333333333
432.427523199935	0.533333333333333
432.444149899995	0.533333333333333
432.460494800005	0.533333333333333
432.477369099855	0.533333333333333
432.494287399808	0.533333333333333
432.510873099789	0.533333333333333
432.527461999794	0.533333333333333
432.544268399943	0.533333333333333
432.560954199871	0.533333333333333
432.577419599984	0.533333333333333
432.594000399811	0.533333333333333
432.610821599839	0.533333333333333
432.627333999844	0.533333333333333
432.643849799875	0.533333333333333
432.660288699903	0.533333333333333
432.677478799829	0.533333333333333
432.694391099969	0.533333333333333
432.710413299967	0.533333333333333
432.727450300008	0.533333333333333
432.743673999794	0.533333333333333
432.760512299836	0.533333333333333
432.777238599956	0.533333333333333
432.794076899998	0.533333333333333
432.8105277	0.533333333333333
432.827400799841	0.533333333333333
432.8441343999	0.533333333333333
432.860685099848	0.533333333333333
432.877727999818	0.533333333333333
432.893989000004	0.533333333333333
432.910362900002	0.533333333333333
432.927520499798	0.533333333333333
432.944065199932	0.533333333333333
432.960244799964	0.533333333333333
432.977884899825	0.533333333333333
432.993491499918	0.533333333333333
433.010767399799	0.533333333333333
433.027478299802	0.533333333333333
433.044209199958	0.533333333333333
433.060737499967	0.533333333333333
433.077717599925	0.533333333333333
433.094252199866	0.533333333333333
433.110451799817	0.533333333333333
433.127433499787	0.533333333333333
433.143989499891	0.533333333333333
433.160325999837	0.533333333333333
433.17720759986	0.533333333333333
433.193799800007	0.533333333333333
433.210258999839	0.533333333333333
433.227510599885	0.533333333333333
433.244108999847	0.533333333333333
433.260402099928	0.533333333333333
433.277582099894	0.533333333333333
433.294064599788	0.533333333333333
433.310187399853	0.533333333333333
433.327368599828	0.533333333333333
433.348947299877	0.533333333333333
433.360627199989	0.533333333333333
433.377227299847	0.533333333333333
433.394366399851	0.533333333333333
433.410601699958	0.533333333333333
433.427535499912	0.533333333333333
433.444377899868	0.533333333333333
433.46027479996	0.533333333333333
433.477488199947	0.533333333333333
433.494425499812	0.533333333333333
433.510325399926	0.533333333333333
433.527174999937	0.533333333333333
433.544016500004	0.533333333333333
433.560311799869	0.533333333333333
433.577216699952	0.533333333333333
433.593580799876	0.533333333333333
433.610358799808	0.533333333333333
433.627550499979	0.533333333333333
433.644019600004	0.533333333333333
433.660321399802	0.533333333333333
433.677341699833	0.533333333333333
433.693648299901	0.533333333333333
433.710611899849	0.533333333333333
433.727463899879	0.533333333333333
433.744004499866	0.533333333333333
433.760619899957	0.533333333333333
433.77741129999	0.533333333333333
433.793950099964	0.533333333333333
433.81032849988	0.533333333333333
433.827551199822	0.533333333333333
433.843548999866	0.533333333333333
433.860442699865	0.533333333333333
433.87727879989	0.533333333333333
433.894129999913	0.533333333333333
433.910625099903	0.533333333333333
433.927495399956	0.533333333333333
433.943980499869	0.533333333333333
433.960589999799	0.533333333333333
433.977473899955	0.533333333333333
433.993794299895	0.533333333333333
434.010044599883	0.533333333333333
434.027221199824	0.533333333333333
434.043991799932	0.533333333333333
434.060637399787	0.533333333333333
434.077319599921	0.533333333333333
434.093947399873	0.533333333333333
434.110670399852	0.533333333333333
434.127467799932	0.533333333333333
434.144012599951	0.533333333333333
434.160660699941	0.533333333333333
434.177595399786	0.533333333333333
434.194146299968	0.533333333333333
434.210326700006	0.533333333333333
434.227432699874	0.533333333333333
434.243998099817	0.533333333333333
434.260762499878	0.533333333333333
434.277469299966	0.533333333333333
434.293768699979	0.533333333333333
434.310351799941	0.533333333333333
434.327198999934	0.533333333333333
434.343649799936	0.533333333333333
434.360860599903	0.533333333333333
434.377610199852	0.533333333333333
434.393788399873	0.533333333333333
434.410750299925	0.533333333333333
434.427366199903	0.533333333333333
434.443961599842	0.533333333333333
434.460583499866	0.533333333333333
434.477332299808	0.533333333333333
434.494148599915	0.533333333333333
434.510646899929	0.533333333333333
434.527629199903	0.533333333333333
434.543758599786	0.533333333333333
434.560315799899	0.533333333333333
434.577427699929	0.533333333333333
434.593670699978	0.533333333333333
434.610289399978	0.533333333333333
434.627261699876	0.533333333333333
434.643758499995	0.533333333333333
434.660646899836	0.533333333333333
434.67745879991	0.533333333333333
434.69393129996	0.533333333333333
434.710516599938	0.533333333333333
434.727191200014	0.533333333333333
434.743881799979	0.533333333333333
434.760376299964	0.533333333333333
434.777319999877	0.533333333333333
434.793886299944	0.533333333333333
434.8106501	0.533333333333333
434.827121999813	0.533333333333333
434.844135799911	0.533333333333333
434.860384800006	0.533333333333333
434.87743699993	0.533333333333333
434.894131799927	0.533333333333333
434.910734699806	0.533333333333333
434.927421799861	0.533333333333333
434.943679899909	0.533333333333333
434.960371399997	0.533333333333333
434.977490999969	0.533333333333333
434.993980999803	0.533333333333333
435.010649599833	0.533333333333333
435.02718879981	0.533333333333333
435.043969999999	0.533333333333333
435.060675999848	0.533333333333333
435.077448599972	0.533333333333333
435.093879299937	0.533333333333333
435.110354400007	0.533333333333333
435.127498999937	0.533333333333333
435.144099999918	0.533333333333333
435.160679899855	0.533333333333333
435.17704869993	0.533333333333333
435.193660299992	0.533333333333333
435.210406999802	0.533333333333333
435.227511100005	0.533333333333333
435.243798099924	0.533333333333333
435.260634999955	0.533333333333333
435.277386699803	0.533333333333333
435.293969599996	0.533333333333333
435.310687599937	0.533333333333333
435.3273953998	0.533333333333333
435.343799099792	0.533333333333333
435.360649799928	0.533333333333333
435.377555799903	0.533333333333333
435.39404039993	0.533333333333333
435.410880099982	0.533333333333333
435.427351299906	0.533333333333333
435.443943299819	0.533333333333333
435.460069399793	0.533333333333333
435.477271999931	0.533333333333333
435.494076599833	0.533333333333333
435.510409199866	0.533333333333333
435.52744659991	0.533333333333333
435.543980099959	0.533333333333333
435.56045609992	0.533333333333333
435.577614399837	0.533333333333333
435.593910799827	0.533333333333333
435.610810399987	0.533333333333333
435.627424199833	0.533333333333333
435.643717199797	0.533333333333333
435.660432799952	0.533333333333333
435.677104800008	0.533333333333333
435.693444999866	0.533333333333333
435.710555199999	0.533333333333333
435.727401299868	0.533333333333333
435.743795899907	0.533333333333333
435.760728799971	0.533333333333333
435.777471299982	0.533333333333333
435.793878499884	0.533333333333333
435.810637399787	0.533333333333333
435.82715339982	0.533333333333333
435.844038399868	0.533333333333333
435.861113399966	0.533333333333333
435.877037199913	0.533333333333333
435.893905299949	0.533333333333333
435.910702099791	0.533333333333333
435.927054099971	0.533333333333333
435.943923999788	0.533333333333333
435.960649200017	0.533333333333333
435.977013599826	0.533333333333333
435.993974399986	0.533333333333333
436.010100199841	0.533333333333333
436.027705799788	0.533333333333333
436.043732999824	0.533333333333333
436.060617399868	0.533333333333333
436.077240000013	0.533333333333333
436.093975599855	0.533333333333333
436.110413499875	0.533333333333333
436.127423199825	0.533333333333333
436.14378049993	0.533333333333333
436.1607491998	0.533333333333333
436.177667999873	0.533333333333333
436.194383099908	0.533333333333333
436.210349299945	0.533333333333333
436.227626399836	0.533333333333333
436.24395309994	0.533333333333333
436.260658599902	0.533333333333333
436.277420299826	0.533333333333333
436.293915599817	0.533333333333333
436.310705499956	0.533333333333333
436.327416699845	0.533333333333333
436.343661099905	0.533333333333333
436.360582499998	0.533333333333333
436.377322799992	0.533333333333333
436.393860799959	0.533333333333333
436.410269999877	0.533333333333333
436.427279399941	0.533333333333333
436.444292599801	0.533333333333333
436.46040329989	0.533333333333333
436.477261999855	0.533333333333333
436.49419769994	0.533333333333333
436.510403999826	0.533333333333333
436.527165699983	0.533333333333333
436.543925599894	0.533333333333333
436.560576199787	0.533333333333333
436.577064599842	0.533333333333333
436.593601699919	0.533333333333333
436.610543399816	0.533333333333333
436.627392199822	0.533333333333333
436.643689199816	0.533333333333333
436.660538099939	0.533333333333333
436.677588699851	0.533333333333333
436.693823899841	0.533333333333333
436.71070109983	0.533333333333333
436.727313299896	0.533333333333333
436.744040999794	0.533333333333333
436.760601499816	0.533333333333333
436.77725919988	0.533333333333333
436.793688999955	0.533333333333333
436.810435799882	0.533333333333333
436.827320399927	0.533333333333333
436.843388999812	0.533333333333333
436.86012099986	0.533333333333333
436.877330399817	0.533333333333333
436.893744600005	0.533333333333333
436.910346399993	0.533333333333333
436.926983899903	0.533333333333333
436.943903199863	0.533333333333333
436.960651299916	0.533333333333333
436.977519199951	0.533333333333333
436.993682399858	0.533333333333333
437.010549899889	0.533333333333333
437.027375699952	0.533333333333333
437.043880800018	0.533333333333333
437.060470999917	0.533333333333333
437.077023399994	0.533333333333333
437.093904299894	0.533333333333333
437.110529399943	0.533333333333333
437.126854199916	0.533333333333333
437.143850799883	0.533333333333333
437.160830999957	0.533333333333333
437.177539199824	0.533333333333333
437.194010599982	0.533333333333333
437.210481999908	0.533333333333333
437.227312200004	0.533333333333333
437.24378709984	0.533333333333333
437.260531399865	0.533333333333333
437.277372199809	0.533333333333333
437.293590300018	0.533333333333333
437.31046529999	0.533333333333333
437.327264899854	0.533333333333333
437.343894699821	0.533333333333333
437.360049800016	0.533333333333333
437.377223599935	0.533333333333333
437.393890799955	0.533333333333333
437.410504899919	0.533333333333333
437.427435399964	0.533333333333333
437.443970299792	0.533333333333333
437.460661099991	0.533333333333333
437.477054100018	0.533333333333333
437.493865499971	0.533333333333333
437.510611800011	0.533333333333333
437.52738019987	0.533333333333333
437.543630099855	0.533333333333333
437.560231199954	0.533333333333333
437.577279599849	0.533333333333333
437.593424199848	0.533333333333333
437.610456999857	0.533333333333333
437.627224099822	0.533333333333333
437.644272899954	0.533333333333333
437.660585599951	0.533333333333333
437.677345399978	0.533333333333333
437.693961999845	0.533333333333333
437.710513499798	0.533333333333333
437.727041499922	0.533333333333333
437.743775199866	0.533333333333333
437.760314799845	0.533333333333333
437.777349999873	0.533333333333333
437.793712199898	0.533333333333333
437.810287199914	0.533333333333333
437.827300000004	0.533333333333333
437.843917499995	0.533333333333333
437.860308599891	0.533333333333333
437.877204699907	0.533333333333333
437.893809499918	0.533333333333333
437.910352399806	0.533333333333333
437.927236799849	0.533333333333333
437.943841699976	0.533333333333333
437.960536999861	0.533333333333333
437.977540699998	0.533333333333333
437.993823199999	0.533333333333333
438.010089299874	0.533333333333333
438.027286499972	0.533333333333333
438.044196099974	0.533333333333333
438.060408699792	0.533333333333333
438.077029299922	0.533333333333333
438.093940799823	0.533333333333333
438.110402199905	0.533333333333333
438.127416099887	0.533333333333333
438.143504699925	0.533333333333333
438.160471200012	0.533333333333333
438.177448399831	0.533333333333333
438.193693500012	0.533333333333333
438.210902899969	0.533333333333333
438.227451500017	0.533333333333333
438.243795499904	0.533333333333333
438.260637499858	0.533333333333333
438.277290599886	0.533333333333333
438.293733499944	0.533333333333333
438.310497399885	0.533333333333333
438.327416899847	0.533333333333333
438.343393499963	0.533333333333333
438.360654499847	0.533333333333333
438.377251199912	0.533333333333333
438.393810399808	0.533333333333333
438.410513899988	0.533333333333333
438.426937100012	0.533333333333333
438.443811899982	0.533333333333333
438.460398599971	0.533333333333333
438.477372699883	0.533333333333333
438.493757899851	0.533333333333333
438.510317499982	0.533333333333333
438.526939699892	0.533333333333333
438.543259199942	0.533333333333333
438.560478099855	0.533333333333333
438.57717579999	0.533333333333333
438.593912499957	0.533333333333333
438.610410599969	0.533333333333333
438.627277999884	0.533333333333333
438.643993699923	0.533333333333333
438.660664999858	0.533333333333333
438.677397699794	0.533333333333333
438.693443099968	0.533333333333333
438.710473399842	0.533333333333333
438.726939799963	0.533333333333333
438.743237799965	0.533333333333333
438.760212599998	0.533333333333333
438.777342699934	0.533333333333333
438.793683899799	0.533333333333333
438.810372599866	0.533333333333333
438.827039999887	0.533333333333333
438.843598200008	0.533333333333333
438.860091699986	0.533333333333333
438.87701679999	0.533333333333333
438.893967699958	0.533333333333333
438.910416299943	0.533333333333333
438.927197299898	0.533333333333333
438.943263599882	0.533333333333333
438.96039719996	0.533333333333333
438.976964999922	0.533333333333333
438.993804699974	0.533333333333333
439.010410799878	0.533333333333333
439.027249299921	0.533333333333333
439.043764599832	0.533333333333333
439.060453699902	0.533333333333333
439.077256899793	0.533333333333333
439.093341899803	0.533333333333333
439.110174599802	0.533333333333333
439.1271557	0.533333333333333
439.143320599804	0.533333333333333
439.160211799899	0.533333333333333
439.177383999806	0.533333333333333
439.193336099852	0.533333333333333
439.209956399864	0.533333333333333
439.226573899854	0.533333333333333
439.243815899827	0.533333333333333
439.260386899812	0.533333333333333
439.277401899919	0.533333333333333
439.293583199847	0.533333333333333
439.310516899917	0.533333333333333
439.327185299946	0.533333333333333
439.343446600018	0.533333333333333
439.360189799918	0.533333333333333
439.376977299806	0.533333333333333
439.393587199971	0.533333333333333
439.410514699994	0.533333333333333
439.427366699791	0.533333333333333
439.443381999852	0.533333333333333
439.46049279999	0.533333333333333
439.477263899986	0.533333333333333
439.493907999946	0.533333333333333
439.509955499787	0.533333333333333
439.527362699853	0.533333333333333
439.543275699951	0.533333333333333
439.560343299992	0.533333333333333
439.577044199919	0.533333333333333
439.593410399975	0.533333333333333
439.610425599851	0.533333333333333
439.627138599986	0.533333333333333
439.643426799914	0.533333333333333
439.660099299857	0.533333333333333
439.677333799889	0.533333333333333
439.693229499971	0.533333333333333
439.710491599981	0.533333333333333
439.727233699989	0.533333333333333
439.743609199999	0.533333333333333
439.760536999907	0.533333333333333
439.777165899985	0.533333333333333
439.79349229997	0.533333333333333
439.810746399919	0.533333333333333
439.827226799913	0.533333333333333
439.843802199932	0.533333333333333
439.8602791999	0.533333333333333
439.877050600015	0.533333333333333
439.893599099945	0.533333333333333
439.910417099949	0.533333333333333
439.927435399964	0.533333333333333
439.943229799857	0.533333333333333
439.960245399969	0.533333333333333
439.977362199919	0.533333333333333
439.993719599908	0.533333333333333
440.010006699944	0.533333333333333
440.027270199964	0.533333333333333
440.0435616998	0.533333333333333
440.060146099888	0.533333333333333
440.076907299925	0.533333333333333
440.093753099907	0.533333333333333
440.110216100002	0.533333333333333
440.127164099831	0.533333333333333
440.143242999911	0.533333333333333
440.160248599946	0.533333333333333
440.177242300007	0.533333333333333
440.193715099944	0.533333333333333
440.210524699884	0.533333333333333
440.227361999918	0.533333333333333
440.24369929987	0.533333333333333
440.260279299924	0.533333333333333
440.277140699793	0.533333333333333
440.293769699987	0.533333333333333
440.310102899792	0.533333333333333
440.326885799877	0.533333333333333
440.343487699982	0.533333333333333
440.36021449999	0.533333333333333
440.376772099873	0.533333333333333
440.39348879992	0.533333333333333
440.410447099945	0.533333333333333
440.42713299999	0.533333333333333
440.443780399859	0.533333333333333
440.459974899888	0.533333333333333
440.477023899788	0.533333333333333
440.493578399997	0.533333333333333
440.510251999833	0.533333333333333
440.527482099831	0.533333333333333
440.543329899898	0.533333333333333
440.55987160001	0.533333333333333
440.577196599916	0.533333333333333
440.593182499986	0.533333333333333
440.61025779997	0.533333333333333
440.627179399831	0.533333333333333
440.643767099828	0.533333333333333
440.659797400003	0.533333333333333
440.677209899994	0.533333333333333
440.693519199966	0.533333333333333
440.710215599975	0.533333333333333
440.727208199911	0.533333333333333
440.743771299953	0.533333333333333
440.759988999926	0.533333333333333
440.777201799909	0.533333333333333
440.793834100012	0.533333333333333
440.810056000017	0.533333333333333
440.82723509986	0.533333333333333
440.844094799832	0.533333333333333
440.860101499828	0.533333333333333
440.87714389991	0.533333333333333
440.89379269979	0.533333333333333
440.910140299937	0.533333333333333
440.927117599873	0.533333333333333
440.943811299978	0.533333333333333
440.960006299894	0.533333333333333
440.977534499951	0.533333333333333
440.993393699871	0.533333333333333
441.010228500003	0.533333333333333
441.026825199835	0.533333333333333
441.043150399812	0.533333333333333
441.060118099907	0.533333333333333
441.077116800006	0.533333333333333
441.093621199951	0.533333333333333
441.110042599961	0.533333333333333
441.127217199886	0.533333333333333
441.143519099802	0.533333333333333
441.160313499859	0.533333333333333
441.176826899871	0.533333333333333
441.193352999864	0.533333333333333
441.209926899988	0.533333333333333
441.227080499986	0.533333333333333
441.243550599786	0.533333333333333
441.260036099935	0.533333333333333
441.277434199816	0.533333333333333
441.293855199823	0.533333333333333
441.310044299811	0.533333333333333
441.327428099932	0.533333333333333
441.343568600016	0.533333333333333
441.360118799843	0.533333333333333
441.377226999961	0.533333333333333
441.393492699834	0.533333333333333
441.410401099827	0.533333333333333
441.427201199811	0.533333333333333
441.44364289986	0.533333333333333
441.460183699848	0.533333333333333
441.477050099988	0.533333333333333
441.493804699974	0.533333333333333
441.509928099811	0.533333333333333
441.527031800011	0.533333333333333
441.543319599936	0.533333333333333
441.560470999917	0.533333333333333
441.577182299923	0.533333333333333
441.593690899899	0.533333333333333
441.610028399853	0.533333333333333
441.626645399956	0.533333333333333
441.643660099944	0.533333333333333
441.660462499829	0.533333333333333
441.677074800013	0.533333333333333
441.693531499943	0.533333333333333
441.710353499977	0.533333333333333
441.727265999885	0.533333333333333
441.743627699791	0.533333333333333
441.760360499844	0.533333333333333
441.777244299883	0.533333333333333
441.793362599798	0.533333333333333
441.809839499881	0.533333333333333
441.827197599923	0.533333333333333
441.843695199816	0.533333333333333
441.859974199906	0.533333333333333
441.877072899835	0.533333333333333
441.893675799947	0.533333333333333
441.910004099831	0.533333333333333
441.927265899954	0.533333333333333
441.943516799947	0.533333333333333
441.960004799999	0.533333333333333
441.977126399986	0.533333333333333
441.993777199881	0.533333333333333
442.010277099907	0.533333333333333
442.02722199983	0.533333333333333
442.043782099849	0.533333333333333
442.060173399979	0.533333333333333
442.076541899936	0.533333333333333
442.093125899788	0.533333333333333
442.110270199832	0.533333333333333
442.126928400015	0.533333333333333
442.143323899945	0.533333333333333
442.159960099962	0.533333333333333
442.177065699827	0.533333333333333
442.193708899897	0.533333333333333
442.210440799827	0.533333333333333
442.227416499984	0.533333333333333
442.243687599897	0.533333333333333
442.260217199801	0.533333333333333
442.277225699974	0.533333333333333
442.293666099897	0.533333333333333
442.310079099843	0.533333333333333
442.326952999923	0.533333333333333
442.34323629993	0.533333333333333
442.360164399957	0.533333333333333
442.377153199865	0.533333333333333
442.393691799836	0.533333333333333
442.410316599999	0.533333333333333
442.426897299942	0.533333333333333
442.443796199979	0.533333333333333
442.460393399931	0.533333333333333
442.477257199818	0.533333333333333
442.4935066998	0.533333333333333
442.509943999816	0.533333333333333
442.526609999826	0.533333333333333
442.543227499817	0.533333333333333
442.560186199844	0.533333333333333
442.577042799909	0.533333333333333
442.593668199843	0.533333333333333
442.609928199789	0.533333333333333
442.627081200015	0.533333333333333
442.643798599951	0.533333333333333
442.660189899849	0.533333333333333
442.677100199973	0.533333333333333
442.693941799924	0.533333333333333
442.710184899857	0.533333333333333
442.727118299808	0.533333333333333
442.743522899924	0.533333333333333
442.760364899877	0.533333333333333
442.776939299889	0.533333333333333
442.793712699786	0.533333333333333
442.809941899963	0.533333333333333
442.826742599951	0.533333333333333
442.843753299909	0.533333333333333
442.859903799836	0.533333333333333
442.877199199982	0.533333333333333
442.893692399841	0.533333333333333
442.91024639993	0.533333333333333
442.926741299918	0.533333333333333
442.943461499875	0.533333333333333
442.960126399994	0.533333333333333
442.976849499857	0.533333333333333
442.994055099785	0.533333333333333
443.010124599794	0.533333333333333
443.02718059998	0.533333333333333
443.043676199857	0.533333333333333
443.060140299844	0.533333333333333
443.07717840001	0.533333333333333
443.094551899936	0.533333333333333
443.109954299871	0.533333333333333
443.126559699886	0.533333333333333
443.143255899893	0.533333333333333
443.160033599939	0.533333333333333
443.177063399926	0.533333333333333
443.193668899825	0.533333333333333
443.210129000014	0.533333333333333
443.226714699995	0.533333333333333
443.243195199873	0.533333333333333
443.260147899855	0.533333333333333
443.276665299898	0.533333333333333
443.293711900013	0.533333333333333
443.31023149984	0.533333333333333
443.326786799822	0.533333333333333
443.343354099896	0.533333333333333
443.359948099824	0.533333333333333
443.376996599836	0.533333333333333
443.393700999906	0.533333333333333
443.409845100017	0.533333333333333
443.426930799847	0.533333333333333
443.44366879994	0.533333333333333
443.460294399876	0.533333333333333
443.476735899923	0.533333333333333
443.493979599793	0.533333333333333
443.510052799946	0.533333333333333
443.527210299857	0.533333333333333
443.543321999954	0.533333333333333
443.560348899802	0.533333333333333
443.577315999893	0.533333333333333
443.59365559998	0.533333333333333
443.610490199877	0.533333333333333
443.626608999912	0.533333333333333
443.643588899868	0.533333333333333
443.66022239998	0.533333333333333
443.677040999988	0.533333333333333
443.693701399956	0.533333333333333
443.710205599898	0.533333333333333
443.727169699967	0.533333333333333
443.743357299827	0.533333333333333
443.760050599929	0.533333333333333
443.776783599984	0.533333333333333
443.793644199846	0.533333333333333
443.809796699788	0.533333333333333
443.827120099915	0.533333333333333
443.843563099857	0.533333333333333
443.859804499894	0.533333333333333
443.876991599798	0.533333333333333
443.893645899836	0.533333333333333
443.910136999795	0.533333333333333
443.927097899839	0.533333333333333
443.943710399792	0.533333333333333
443.95978819998	0.533333333333333
443.977512799902	0.533333333333333
443.993676999817	0.533333333333333
444.009949199855	0.533333333333333
444.027298199944	0.533333333333333
444.043437699787	0.533333333333333
444.060026899911	0.533333333333333
444.077092799824	0.533333333333333
444.09379449999	0.533333333333333
444.110262600007	0.533333333333333
444.127051799791	0.533333333333333
444.143377400003	0.533333333333333
444.160399599932	0.533333333333333
444.177596699912	0.533333333333333
444.193908300018	0.533333333333333
444.209991100011	0.533333333333333
444.226862099953	0.533333333333333
444.243703899905	0.533333333333333
444.259824399836	0.533333333333333
444.276957599912	0.533333333333333
444.293054899899	0.533333333333333
444.310279299971	0.533333333333333
444.327006599866	0.533333333333333
444.343268299941	0.533333333333333
444.360125100007	0.533333333333333
444.37713989988	0.533333333333333
444.393591499887	0.533333333333333
444.409773199819	0.533333333333333
444.426855899859	0.533333333333333
444.443751799874	0.533333333333333
444.459793899907	0.533333333333333
444.47721809987	0.533333333333333
444.493906199932	0.533333333333333
444.510086199967	0.533333333333333
444.527352999896	0.533333333333333
444.543892899994	0.533333333333333
444.559691599803	0.533333333333333
444.57699049986	0.533333333333333
444.593371099792	0.533333333333333
444.609807499917	0.533333333333333
444.627053099917	0.533333333333333
444.643701699795	0.533333333333333
444.660063699819	0.533333333333333
444.676948399981	0.533333333333333
444.693647299893	0.533333333333333
444.710171799874	0.533333333333333
444.726725899847	0.533333333333333
444.743241099874	0.533333333333333
444.759826399852	0.533333333333333
444.77666689991	0.533333333333333
444.793576799799	0.533333333333333
444.809831799939	0.533333333333333
444.827044799924	0.533333333333333
444.843595399987	0.533333333333333
444.860088599846	0.533333333333333
444.876841099933	0.533333333333333
444.893465799978	0.533333333333333
444.910192399984	0.533333333333333
444.926999099785	0.533333333333333
444.94348349981	0.533333333333333
444.959678999847	0.533333333333333
444.977449999889	0.533333333333333
444.993741099956	0.533333333333333
445.009982399875	0.533333333333333
445.026990399929	0.533333333333333
445.043450899888	0.533333333333333
445.059890599921	0.533333333333333
445.076716499869	0.533333333333333
445.093657599995	0.533333333333333
445.110003900016	0.533333333333333
445.126843599835	0.533333333333333
445.143762099789	0.533333333333333
445.159909199923	0.533333333333333
445.176865699934	0.533333333333333
445.193661799887	0.533333333333333
445.210054499796	0.533333333333333
445.226990599884	0.533333333333333
445.243769999826	0.533333333333333
445.259966099868	0.533333333333333
445.276934799971	0.533333333333333
445.293697699904	0.533333333333333
445.309840400005	0.533333333333333
445.326988299843	0.533333333333333
445.343327499926	0.533333333333333
445.360225799959	0.533333333333333
445.377040499821	0.533333333333333
445.394062599866	0.533333333333333
445.409881099826	0.533333333333333
445.426914199954	0.533333333333333
445.443867099937	0.533333333333333
445.46000309987	0.533333333333333
445.477019199869	0.533333333333333
445.494034699863	0.533333333333333
445.510404299945	0.533333333333333
445.527135199867	0.533333333333333
445.543318499811	0.533333333333333
445.560209599789	0.533333333333333
445.577370899962	0.533333333333333
445.593654499855	0.533333333333333
445.609967499971	0.533333333333333
445.626658399822	0.533333333333333
445.64367619995	0.533333333333333
445.660211799899	0.533333333333333
445.677047099918	0.533333333333333
445.693743799813	0.533333333333333
445.709981299937	0.533333333333333
445.726908499841	0.533333333333333
445.743318599882	0.533333333333333
445.760271499865	0.533333333333333
445.776699899929	0.533333333333333
445.793634000001	0.533333333333333
445.80989649985	0.533333333333333
445.826631699922	0.533333333333333
445.843386199791	0.533333333333333
445.859966599848	0.533333333333333
445.876968999859	0.533333333333333
445.893702699803	0.533333333333333
445.909832799807	0.533333333333333
445.926896799821	0.533333333333333
445.943662799895	0.533333333333333
445.960030799964	0.533333333333333
445.976893199841	0.533333333333333
445.993915400002	0.533333333333333
446.010266699828	0.533333333333333
446.026710599894	0.533333333333333
446.04389929981	0.533333333333333
446.060176600004	0.533333333333333
446.076739399927	0.533333333333333
446.093492100015	0.533333333333333
446.109823899809	0.533333333333333
446.126987899886	0.533333333333333
446.143552699825	0.533333333333333
446.159859200008	0.533333333333333
446.177294099936	0.533333333333333
446.193707099883	0.533333333333333
446.209804299986	0.533333333333333
446.226935999934	0.533333333333333
446.243564100005	0.533333333333333
446.260262799915	0.533333333333333
446.276552399853	0.533333333333333
446.29327689996	0.533333333333333
446.309856900014	0.533333333333333
446.327203699853	0.533333333333333
446.343275799882	0.533333333333333
446.360023599816	0.533333333333333
446.376934899949	0.533333333333333
446.393659999827	0.533333333333333
446.410121199908	0.533333333333333
446.426705199992	0.533333333333333
446.443569900002	0.533333333333333
446.45991269988	0.533333333333333
446.477403699886	0.533333333333333
446.493904999923	0.533333333333333
446.510036299936	0.533333333333333
446.527224699967	0.533333333333333
446.543739099987	0.533333333333333
446.559819299961	0.533333333333333
446.576980799902	0.533333333333333
446.59367039986	0.533333333333333
446.610294299899	0.533333333333333
446.626795899821	0.533333333333333
446.643684699899	0.533333333333333
446.660007399973	0.533333333333333
446.676970099797	0.533333333333333
446.693446899997	0.533333333333333
446.709703599801	0.533333333333333
446.726904099807	0.533333333333333
446.743093199795	0.533333333333333
446.75963929994	0.533333333333333
446.777459600009	0.533333333333333
446.793616499985	0.533333333333333
446.8099357998	0.533333333333333
446.826861799927	0.533333333333333
446.843722499907	0.533333333333333
446.860228199977	0.533333333333333
446.876788199879	0.533333333333333
446.893765499815	0.533333333333333
446.909830499906	0.533333333333333
446.927025699988	0.533333333333333
446.943140499992	0.533333333333333
446.960182199953	0.533333333333333
446.976889099926	0.533333333333333
446.992914699949	0.533333333333333
447.00989519991	0.533333333333333
447.026793299941	0.533333333333333
447.043646099977	0.533333333333333
447.060212099925	0.533333333333333
447.076871400001	0.533333333333333
447.093481699936	0.533333333333333
447.109958399786	0.533333333333333
447.1267756999	0.533333333333333
447.143333499786	0.533333333333333
447.15991349984	0.533333333333333
447.176323699998	0.533333333333333
447.193420599913	0.533333333333333
447.210220699897	0.533333333333333
447.226843499811	0.533333333333333
447.243825099897	0.533333333333333
447.260150199989	0.533333333333333
447.276849200018	0.533333333333333
447.293607899919	0.533333333333333
447.309764599893	0.533333333333333
447.326855899999	0.533333333333333
447.342862599995	0.533333333333333
447.360465399921	0.533333333333333
447.376809999812	0.533333333333333
447.393164699897	0.533333333333333
447.410195200006	0.533333333333333
447.426663699793	0.533333333333333
447.443215499865	0.533333333333333
447.459903299809	0.533333333333333
447.476919299923	0.533333333333333
447.49372329982	0.533333333333333
447.510645599803	0.533333333333333
447.526865199907	0.533333333333333
447.543535799952	0.533333333333333
447.559963899897	0.533333333333333
447.576908199815	0.533333333333333
447.593412299873	0.533333333333333
447.610020499909	0.533333333333333
447.626592099899	0.533333333333333
447.643333899789	0.533333333333333
447.660147799877	0.533333333333333
447.677008299856	0.533333333333333
447.693515999941	0.533333333333333
447.710108699976	0.533333333333333
447.726482299855	0.533333333333333
447.743768599816	0.533333333333333
447.759972699918	0.533333333333333
447.776877699886	0.533333333333333
447.793686299818	0.533333333333333
447.81026209984	0.533333333333333
447.826734100003	0.533333333333333
447.844073300017	0.533333333333333
447.859903999837	0.533333333333333
447.876609399915	0.533333333333333
447.893630699953	0.533333333333333
447.909928199835	0.533333333333333
447.926804699935	0.533333333333333
447.943665299797	0.533333333333333
447.959794799797	0.533333333333333
447.976701000007	0.533333333333333
447.993636599975	0.533333333333333
448.009881699923	0.533333333333333
448.026536899852	0.533333333333333
448.043657899834	0.533333333333333
448.059908899944	0.533333333333333
448.07743049995	0.533333333333333
448.093668899965	0.533333333333333
448.11010569986	0.533333333333333
448.126263299957	0.533333333333333
448.143186399946	0.533333333333333
448.160240399884	0.533333333333333
448.176413499983	0.533333333333333
448.193611599971	0.533333333333333
448.210280800005	0.533333333333333
448.226423499873	0.533333333333333
448.243587199831	0.533333333333333
448.259783699876	0.533333333333333
448.276761999819	0.533333333333333
448.293620199896	0.533333333333333
448.309915299993	0.533333333333333
448.326526299817	0.533333333333333
448.343399900012	0.533333333333333
448.360138999997	0.533333333333333
448.376332799904	0.533333333333333
448.393587699858	0.533333333333333
448.410018899944	0.533333333333333
448.426897699945	0.533333333333333
448.443462899886	0.533333333333333
448.460159699898	0.533333333333333
448.476401999826	0.533333333333333
448.493183200015	0.533333333333333
448.509859499987	0.533333333333333
448.526664600009	0.533333333333333
448.543232299853	0.533333333333333
448.559757799841	0.533333333333333
448.576205399819	0.533333333333333
448.593803199939	0.533333333333333
448.610140600009	0.533333333333333
448.626813499955	0.533333333333333
448.643426999915	0.533333333333333
448.659891199786	0.533333333333333
448.676838999847	0.533333333333333
448.692862299969	0.533333333333333
448.710013299948	0.533333333333333
448.726282299962	0.533333333333333
448.743171099806	0.533333333333333
448.759882199811	0.533333333333333
448.776796199847	0.533333333333333
448.793397299945	0.533333333333333
448.810242699925	0.533333333333333
448.826625199988	0.533333333333333
448.843513399828	0.533333333333333
448.860011599958	0.533333333333333
448.876375899883	0.533333333333333
448.893718799809	0.533333333333333
448.909799599787	0.533333333333333
448.926754599903	0.533333333333333
448.943517299835	0.533333333333333
448.960241399938	0.533333333333333
448.976926499978	0.533333333333333
448.993536099792	0.533333333333333
449.009765899973	0.533333333333333
449.026412699837	0.533333333333333
449.043459899956	0.533333333333333
449.060415199958	0.533333333333333
449.076965699904	0.533333333333333
449.093444899889	0.533333333333333
449.110317199957	0.533333333333333
449.126413699938	0.533333333333333
449.143418799853	0.533333333333333
449.160027500009	0.533333333333333
449.176453599939	0.533333333333333
449.193377099931	0.533333333333333
449.210107499966	0.533333333333333
449.226324399933	0.533333333333333
449.243495399831	0.533333333333333
449.259704899974	0.533333333333333
449.276840699837	0.533333333333333
449.29311749991	0.533333333333333
449.309746199986	0.533333333333333
449.327179000014	0.533333333333333
449.343174199807	0.533333333333333
449.359885799931	0.533333333333333
449.37637289986	0.533333333333333
449.393484700006	0.533333333333333
449.409818599932	0.533333333333333
449.426405599806	0.533333333333333
449.443369499873	0.533333333333333
449.459722399944	0.533333333333333
449.476813799934	0.533333333333333
449.493631099816	0.533333333333333
449.509990499821	0.533333333333333
449.526915299939	0.533333333333333
449.543623099802	0.533333333333333
449.55987859983	0.533333333333333
449.576356799807	0.533333333333333
449.59360399982	0.533333333333333
449.609829599969	0.533333333333333
449.626360999886	0.533333333333333
449.643380099908	0.533333333333333
449.659716899972	0.533333333333333
449.676543399924	0.533333333333333
449.693061399972	0.533333333333333
449.709834199864	0.533333333333333
449.726680699969	0.533333333333333
449.743416899815	0.533333333333333
449.760206399951	0.533333333333333
449.776687099831	0.533333333333333
449.793583199847	0.533333333333333
449.810138699831	0.533333333333333
449.826620399952	0.533333333333333
449.84324849979	0.533333333333333
449.860038599931	0.533333333333333
449.87664809986	0.533333333333333
449.893397399923	0.533333333333333
449.910614999942	0.533333333333333
449.926528799813	0.533333333333333
449.943036299897	0.533333333333333
449.959664199967	0.533333333333333
449.976539899828	0.533333333333333
449.993516299874	0.533333333333333
450.011112499982	0.533333333333333
450.02679709997	0.533333333333333
450.043478099862	0.533333333333333
450.06009569997	0.533333333333333
450.076871600002	0.533333333333333
450.093898799969	0.533333333333333
450.109852699796	0.533333333333333
450.126451599877	0.533333333333333
450.143011899898	0.533333333333333
450.160137799801	0.533333333333333
450.176678899908	0.533333333333333
450.193470999831	0.533333333333333
450.2099458999	0.533333333333333
450.226378099993	0.533333333333333
450.243416099809	0.533333333333333
450.25981139997	0.533333333333333
450.276463799877	0.533333333333333
450.293279599864	0.533333333333333
450.309860799927	0.533333333333333
450.32670189999	0.533333333333333
450.343144299928	0.533333333333333
450.360025299946	0.533333333333333
450.376974899787	0.533333333333333
450.393496299861	0.533333333333333
450.410400199937	0.533333333333333
450.426663499791	0.533333333333333
450.443428099854	0.533333333333333
450.460079499986	0.533333333333333
450.47659259988	0.533333333333333
450.493211199995	0.533333333333333
450.50995899993	0.533333333333333
450.52679569996	0.533333333333333
450.543132899795	0.533333333333333
450.559932099888	0.533333333333333
450.576660999795	0.533333333333333
450.593391999835	0.533333333333333
450.609900199808	0.533333333333333
450.626710899873	0.533333333333333
450.643446199829	0.533333333333333
450.659659599885	0.533333333333333
450.676701599965	0.533333333333333
450.693356799893	0.533333333333333
450.709674999816	0.533333333333333
450.726644199807	0.533333333333333
450.743091299897	0.533333333333333
450.759843099862	0.533333333333333
450.776747799944	0.533333333333333
450.793433799874	0.533333333333333
450.80973569979	0.533333333333333
450.826700699981	0.533333333333333
450.843352800002	0.533333333333333
450.859692699974	0.533333333333333
450.876143699978	0.533333333333333
450.893495699856	0.533333333333333
450.91027389979	0.533333333333333
450.926633599913	0.533333333333333
450.943065400003	0.533333333333333
450.959963399917	0.533333333333333
450.976463899948	0.533333333333333
450.993125499925	0.533333333333333
451.009766899981	0.533333333333333
451.026440299815	0.533333333333333
451.043422499904	0.533333333333333
451.059727099957	0.533333333333333
451.076725299936	0.533333333333333
451.092971500009	0.533333333333333
451.110088799847	0.533333333333333
451.126343599986	0.533333333333333
451.143498599995	0.533333333333333
451.159764499869	0.533333333333333
451.177071899874	0.533333333333333
451.193628899986	0.533333333333333
451.209864899982	0.533333333333333
451.226705999812	0.533333333333333
451.243387199938	0.533333333333333
451.260029099882	0.533333333333333
451.2767552	0.533333333333333
451.293397299945	0.533333333333333
451.309920599917	0.533333333333333
451.32634759997	0.533333333333333
451.343273799866	0.533333333333333
451.359980799956	0.533333333333333
451.376828299835	0.533333333333333
451.393385099946	0.533333333333333
451.409677299904	0.533333333333333
451.426505099982	0.533333333333333
451.44341099984	0.533333333333333
451.460021100007	0.533333333333333
451.476469799876	0.533333333333333
451.493696799967	0.533333333333333
451.509715399938	0.533333333333333
451.526752299862	0.533333333333333
451.543494699989	0.533333333333333
451.560122199822	0.533333333333333
451.576809299877	0.533333333333333
451.593100099824	0.533333333333333
451.609311899869	0.533333333333333
451.6267450999	0.533333333333333
451.64324889984	0.533333333333333
451.65963879996	0.533333333333333
451.676717699971	0.533333333333333
451.693479100009	0.533333333333333
451.710001899861	0.533333333333333
451.726771899965	0.533333333333333
451.743576299865	0.533333333333333
451.759763199836	0.533333333333333
451.776406399906	0.533333333333333
451.793370499974	0.533333333333333
451.810157299973	0.533333333333333
451.826812400017	0.533333333333333
451.843597499887	0.533333333333333
451.860001699999	0.533333333333333
451.876192499883	0.533333333333333
451.89353939984	0.533333333333333
451.909552299883	0.533333333333333
451.926666299812	0.533333333333333
451.943378999829	0.533333333333333
451.959650499979	0.533333333333333
451.976851199986	0.533333333333333
451.993686999893	0.533333333333333
452.009972399799	0.533333333333333
452.0269123998	0.533333333333333
452.043446899857	0.533333333333333
452.05997559987	0.533333333333333
452.076664999826	0.533333333333333
452.093184199883	0.533333333333333
452.109903299948	0.533333333333333
452.12668039999	0.533333333333333
452.142964199884	0.533333333333333
452.159870999865	0.533333333333333
452.176775399828	0.533333333333333
452.193225799827	0.533333333333333
452.209985099966	0.533333333333333
452.226470900001	0.533333333333333
452.243447399931	0.533333333333333
452.25985069992	0.533333333333333
452.276705799857	0.533333333333333
452.293511199998	0.533333333333333
452.309966299916	0.533333333333333
452.326395399868	0.533333333333333
452.343415200012	0.533333333333333
452.359914099798	0.533333333333333
452.376141899964	0.533333333333333
452.392799399793	0.533333333333333
452.409567999886	0.533333333333333
452.426253599813	0.533333333333333
452.443315099925	0.533333333333333
452.459935099818	0.533333333333333
452.476269099861	0.533333333333333
452.493601599941	0.533333333333333
452.50972049986	0.533333333333333
452.526764899958	0.533333333333333
452.543448199984	0.533333333333333
452.559616399929	0.533333333333333
452.576318799984	0.533333333333333
452.59336079983	0.533333333333333
452.610047399998	0.533333333333333
452.626628199825	0.533333333333333
452.643278299831	0.533333333333333
452.659946299857	0.533333333333333
452.676707200008	0.533333333333333
452.6932353999	0.533333333333333
452.709786199965	0.533333333333333
452.726259499788	0.533333333333333
452.743473799899	0.533333333333333
452.760123699903	0.533333333333333
452.776384199969	0.533333333333333
452.792941299966	0.533333333333333
452.809905099915	0.533333333333333
452.826228299877	0.533333333333333
452.843314799946	0.533333333333333
452.85949809989	0.533333333333333
452.876581299817	0.533333333333333
452.89356389991	0.533333333333333
452.909958699951	0.533333333333333
452.926765499869	0.533333333333333
452.943248499883	0.533333333333333
452.95981359994	0.533333333333333
452.976470399881	0.533333333333333
452.99321479979	0.533333333333333
453.009262199979	0.533333333333333
453.025988399982	0.533333333333333
453.042713499861	0.533333333333333
453.059889499797	0.533333333333333
453.076372499811	0.533333333333333
453.093417599797	0.533333333333333
453.109790799906	0.533333333333333
453.126874599839	0.533333333333333
453.143252999987	0.533333333333333
453.159942999948	0.533333333333333
453.176749799866	0.533333333333333
453.193581999978	0.533333333333333
453.209549999796	0.533333333333333
453.226467399858	0.533333333333333
453.243435299955	0.533333333333333
453.259837599937	0.533333333333333
453.276205499889	0.533333333333333
453.293132999912	0.533333333333333
453.309929299867	0.533333333333333
453.326409699861	0.533333333333333
453.34364430001	0.533333333333333
453.35985239991	0.533333333333333
453.376878699986	0.533333333333333
453.393412899924	0.533333333333333
453.410119799897	0.533333333333333
453.426800000016	0.533333333333333
453.443420099793	0.533333333333333
453.460135099944	0.533333333333333
453.476468199864	0.533333333333333
453.493510299828	0.533333333333333
453.509694699896	0.533333333333333
453.526615699986	0.533333333333333
453.543048399966	0.533333333333333
453.55977689987	0.533333333333333
453.578043399844	0.533333333333333
453.592737399973	0.533333333333333
453.610038799932	0.533333333333333
453.626873299945	0.533333333333333
453.643456799909	0.533333333333333
453.659812199883	0.533333333333333
453.676983999787	0.533333333333333
453.693197099958	0.533333333333333
453.70993409981	0.533333333333333
453.726925999857	0.533333333333333
453.743371099932	0.533333333333333
453.759871399961	0.533333333333333
453.776444499847	0.533333333333333
453.793237499893	0.533333333333333
453.809728499968	0.533333333333333
453.826490300009	0.533333333333333
453.843628600007	0.533333333333333
453.859560899902	0.533333333333333
453.876610799925	0.533333333333333
453.893386199838	0.533333333333333
453.910047399811	0.533333333333333
453.926328199916	0.533333333333333
453.943306499859	0.533333333333333
453.960158499889	0.533333333333333
453.976697299862	0.533333333333333
453.993117199978	0.533333333333333
454.009624799946	0.533333333333333
454.026233699871	0.533333333333333
454.043378299801	0.533333333333333
454.059709999943	0.533333333333333
454.076608999865	0.533333333333333
454.093794999877	0.533333333333333
454.10990349995	0.533333333333333
454.126648699865	0.533333333333333
454.143338999944	0.533333333333333
454.1597837999	0.533333333333333
454.176581499865	0.533333333333333
454.192945199786	0.533333333333333
454.209888299927	0.533333333333333
454.226366099901	0.533333333333333
454.242931199959	0.533333333333333
454.259840899846	0.533333333333333
454.276598799974	0.533333333333333
454.293029299937	0.533333333333333
454.309884099988	0.533333333333333
454.32654889999	0.533333333333333
454.343222399941	0.533333333333333
454.360074999975	0.533333333333333
454.376204999862	0.533333333333333
454.393564699916	0.533333333333333
454.409931599861	0.533333333333333
454.426410199841	0.533333333333333
454.443053299794	0.533333333333333
454.459533999907	0.533333333333333
454.476713199867	0.533333333333333
454.493598599918	0.533333333333333
454.509826999856	0.533333333333333
454.526922899997	0.533333333333333
454.543337199837	0.533333333333333
454.559736399911	0.533333333333333
454.576613399899	0.533333333333333
454.592896599788	0.533333333333333
454.609709699871	0.533333333333333
454.626633999869	0.533333333333333
454.642865799833	0.533333333333333
454.660063299816	0.533333333333333
454.676685899962	0.533333333333333
454.69318029983	0.533333333333333
454.71001229994	0.533333333333333
454.726728399983	0.533333333333333
454.743046299787	0.533333333333333
454.760100099957	0.533333333333333
454.776636399794	0.533333333333333
454.793220199877	0.533333333333333
454.809971499955	0.533333333333333
454.82602909999	0.533333333333333
454.843220699811	0.533333333333333
454.859960799804	0.533333333333333
454.876311199972	0.533333333333333
454.893271700013	0.526041666666667
454.909601199906	0.526041666666667
454.926437499933	0.526041666666667
454.94295930001	0.526041666666667
454.959632099839	0.517708333333333
454.976894599851	0.509375
454.993343999842	0.5
455.010214600014	0.5
455.026606399799	0.5
455.043223799905	0.5
455.059697399847	0.5
455.0765370999	0.5
455.093508599792	0.5
455.109818099998	0.5
455.126784499967	0.5
455.143208199879	0.5
455.159853999969	0.5
455.17650039983	0.5
455.193054499803	0.5
455.20983149996	0.5
455.226538099814	0.5
455.242907299893	0.5
455.259263999993	0.5
455.276299399789	0.5
455.292943399865	0.5
455.309661899926	0.5
455.326550900005	0.5
455.342823499814	0.5
455.359680899885	0.5
455.376469400013	0.491666666666667
455.393198799808	0.491666666666667
455.409566499991	0.491666666666667
455.426346299937	0.491666666666667
455.44279679982	0.491666666666667
455.459807599895	0.491666666666667
455.476484199986	0.491666666666667
455.493585299933	0.491666666666667
455.510035699932	0.483333333333333
455.526272399817	0.483333333333333
455.54325899994	0.483333333333333
455.559768399922	0.483333333333333
455.576669399859	0.483333333333333
455.593426199863	0.473958333333333
455.609715799801	0.473958333333333
455.62666339986	0.473958333333333
455.643168399809	0.473958333333333
455.659842799883	0.473958333333333
455.676806399832	0.473958333333333
455.693288699957	0.473958333333333
455.710104999831	0.473958333333333
455.726363499882	0.473958333333333
455.743229500018	0.473958333333333
455.759767299984	0.473958333333333
455.776281900005	0.473958333333333
455.793276799843	0.473958333333333
455.809774699854	0.473958333333333
455.826550700003	0.473958333333333
455.842948299833	0.473958333333333
455.859809299931	0.473958333333333
455.876873399829	0.473958333333333
455.89301299979	0.473958333333333
455.909462499898	0.473958333333333
455.925920599839	0.473958333333333
455.942947599804	0.473958333333333
455.959765899926	0.473958333333333
455.976467899978	0.473958333333333
455.993034599815	0.473958333333333
456.009440699825	0.465625
456.026320799952	0.465625
456.042833199957	0.465625
456.059659799794	0.457291666666667
456.076366599882	0.457291666666667
456.09295099997	0.457291666666667
456.10956849996	0.457291666666667
456.126303299796	0.457291666666667
456.143203299958	0.457291666666667
456.159624799853	0.457291666666667
456.176251599798	0.457291666666667
456.193044999847	0.457291666666667
456.209798699943	0.457291666666667
456.226752699818	0.457291666666667
456.242981599877	0.457291666666667
456.259369099978	0.457291666666667
456.276307199849	0.457291666666667
456.292749899905	0.457291666666667
456.309889699798	0.457291666666667
456.326568699908	0.457291666666667
456.343152599875	0.457291666666667
456.359865800012	0.457291666666667
456.376321099931	0.457291666666667
456.392626799876	0.457291666666667
456.409825899871	0.457291666666667
456.426091699861	0.457291666666667
456.443313199794	0.457291666666667
456.45980439987	0.457291666666667
456.476147299865	0.457291666666667
456.493968299823	0.457291666666667
456.509740700014	0.457291666666667
456.526355999988	0.457291666666667
456.543244399829	0.457291666666667
456.5595972999	0.457291666666667
456.575916099828	0.457291666666667
456.593244399875	0.464583333333333
456.609811299946	0.464583333333333
456.626954499865	0.464583333333333
456.643455799902	0.464583333333333
456.659746799851	0.464583333333333
456.676285999827	0.464583333333333
456.692677499959	0.464583333333333
456.709796699928	0.464583333333333
456.726541399956	0.464583333333333
456.742779199965	0.464583333333333
456.759268099908	0.464583333333333
456.776528799906	0.464583333333333
456.792962800013	0.464583333333333
456.809857799904	0.464583333333333
456.826542799827	0.464583333333333
456.843074899865	0.464583333333333
456.85976549983	0.464583333333333
456.876212799922	0.464583333333333
456.893171299947	0.464583333333333
456.909713099943	0.464583333333333
456.926616999786	0.464583333333333
456.943164299941	0.464583333333333
456.959677999839	0.464583333333333
456.976260599913	0.464583333333333
456.992559099803	0.464583333333333
457.009361399803	0.464583333333333
457.026563499821	0.464583333333333
457.043181399815	0.464583333333333
457.059666199842	0.464583333333333
457.076891299803	0.464583333333333
457.093461599899	0.464583333333333
457.109454399906	0.464583333333333
457.126671899809	0.464583333333333
457.142858000007	0.464583333333333
457.15972190001	0.464583333333333
457.176690699998	0.464583333333333
457.193377099931	0.464583333333333
457.209203899838	0.464583333333333
457.226196700009	0.464583333333333
457.243236599956	0.464583333333333
457.259259899845	0.464583333333333
457.276594099822	0.464583333333333
457.2931793998	0.464583333333333
457.309758899966	0.464583333333333
457.326567800017	0.464583333333333
457.342941399897	0.464583333333333
457.359604999889	0.464583333333333
457.376396799926	0.464583333333333
457.393205399858	0.464583333333333
457.409554999787	0.464583333333333
457.426585499896	0.464583333333333
457.443055599928	0.464583333333333
457.459616599837	0.464583333333333
457.476510999957	0.464583333333333
457.493339099921	0.464583333333333
457.509371199878	0.464583333333333
457.526659199968	0.464583333333333
457.542717499891	0.457291666666667
457.559509699931	0.457291666666667
457.576291899895	0.448958333333333
457.593394699972	0.448958333333333
457.60975189996	0.440625
457.626575700007	0.440625
457.643146599876	0.440625
457.65951869986	0.440625
457.676402499899	0.440625
457.693308299873	0.440625
457.709475999931	0.440625
457.726221599849	0.440625
457.74276709999	0.440625
457.760672899894	0.440625
457.776639599819	0.440625
457.793172899866	0.440625
457.809919099789	0.440625
457.826610199874	0.440625
457.843318399973	0.440625
457.859767099842	0.440625
457.876508199843	0.440625
457.893082399853	0.440625
457.909333999967	0.440625
457.926636299817	0.440625
457.9433292998	0.440625
457.959182499908	0.440625
457.976454499876	0.440625
457.99324849993	0.440625
458.009370399872	0.440625
458.026446099859	0.440625
458.043508999981	0.43125
458.059923899826	0.422916666666667
458.076689899899	0.422916666666667
458.09313059994	0.422916666666667
458.109662799863	0.422916666666667
458.126825199928	0.422916666666667
458.143129199976	0.422916666666667
458.1599082998	0.414583333333333
458.176656999858	0.414583333333333
458.193063899875	0.414583333333333
458.209534199908	0.414583333333333
458.226052599959	0.414583333333333
458.243244899902	0.414583333333333
458.259585799882	0.414583333333333
458.276581399841	0.414583333333333
458.293542299885	0.414583333333333
458.309787199832	0.414583333333333
458.32666819985	0.414583333333333
458.342841499951	0.414583333333333
458.359763899818	0.414583333333333
458.376170399832	0.414583333333333
458.393132299883	0.414583333333333
458.409757299814	0.414583333333333
458.42660399992	0.414583333333333
458.44312049984	0.421875
458.459753499832	0.421875
458.476148499874	0.421875
458.493202999933	0.421875
458.509383299854	0.421875
458.526572299888	0.421875
458.543116399786	0.421875
458.559703599894	0.421875
458.576201199787	0.421875
458.592974099796	0.421875
458.609461199958	0.421875
458.626408099895	0.421875
458.64248449984	0.421875
458.659351399867	0.421875
458.676483199932	0.421875
458.693087099819	0.421875
458.709469399881	0.421875
458.726545499871	0.421875
458.74311829987	0.421875
458.759667099919	0.421875
458.776451400016	0.421875
458.792765499791	0.421875
458.809875299921	0.43125
458.826348399976	0.43125
458.842847399879	0.43125
458.859740199987	0.43125
458.876357099973	0.43125
458.893077899935	0.43125
458.909823999973	0.43125
458.925791799789	0.43125
458.945514299907	0.43125
458.960244599963	0.43125
458.976261899807	0.43125
458.998029799899	0.43125
459.013996399939	0.43125
459.026026699925	0.43125
459.04307509982	0.43125
459.059638999868	0.43125
459.076671699993	0.43125
459.093146299943	0.43125
459.109733799938	0.43125
459.126410899917	0.43125
459.142955099931	0.43125
459.159721500007	0.43125
459.176783300005	0.43125
459.193432400003	0.43125
459.209817199968	0.43125
459.226455600001	0.43125
459.243375499966	0.43125
459.259725000011	0.43125
459.276397599839	0.43125
459.29297770001	0.43125
459.30936399987	0.43125
459.326606599847	0.43125
459.343122899998	0.43125
459.359304499812	0.43125
459.376569599845	0.43125
459.393206599867	0.43125
459.409828400007	0.43125
459.426548099844	0.43125
459.443097200012	0.43125
459.459580499912	0.43125
459.476560599869	0.43125
459.493383699795	0.43125
459.510580699891	0.43125
459.526505099842	0.43125
459.542890599929	0.43125
459.55967849982	0.43125
459.576393199852	0.43125
459.592938299989	0.43125
459.609316699905	0.43125
459.626114599872	0.43125
459.643037099857	0.43125
459.659387399908	0.43125
459.67673629988	0.43125
459.693016899982	0.43125
459.709324599942	0.43125
459.72611209983	0.43125
459.743130599847	0.43125
459.760073599871	0.43125
459.776544099906	0.43125
459.793160100002	0.43125
459.809675099794	0.43125
459.826189499814	0.43125
459.843008699827	0.43125
459.859447799856	0.43125
459.876512699993	0.43125
459.893153999932	0.43125
459.90982880001	0.43125
459.926299399929	0.43125
459.942780399928	0.43125
459.959489199799	0.43125
459.976480999961	0.43125
459.992970999796	0.43125
460.009697099915	0.43125
460.026530699804	0.43125
460.042775599984	0.43125
460.059241599869	0.43125
460.076211599866	0.43125
460.093156499788	0.43125
460.109187899856	0.43125
460.126623699907	0.43125
460.143136999803	0.43125
460.159527599812	0.43125
460.17656819988	0.43125
460.193389899796	0.43125
460.209627199918	0.43125
460.22641529981	0.43125
460.242528799921	0.43125
460.25960869994	0.43125
460.276122399839	0.43125
460.293080099858	0.43125
460.309562899871	0.43125
460.326499599963	0.43125
460.342814699979	0.43125
460.359585299855	0.43125
460.376219799975	0.43125
460.392927299952	0.43125
460.409527199809	0.43125
460.426852299832	0.43125
460.442776399897	0.43125
460.459663799964	0.43125
460.476428899914	0.43125
460.493123499909	0.43125
460.509586399887	0.43125
460.526311499998	0.43125
460.543166999938	0.43125
460.559726399835	0.43125
460.576215199893	0.43125
460.592773800017	0.43125
460.609712099889	0.43125
460.626407400006	0.43125
460.642922799801	0.43125
460.65930329985	0.43125
460.676450099796	0.43125
460.692898399895	0.43125
460.709306699922	0.43125
460.72610079986	0.43125
460.742932899855	0.43125
460.75958730001	0.43125
460.776612699963	0.43125
460.792603399837	0.43125
460.809211099986	0.43125
460.826175399823	0.43125
460.842929599807	0.43125
460.859588599997	0.43125
460.87630909984	0.43125
460.892933900002	0.43125
460.909613600001	0.43125
460.926334099844	0.43125
460.942756999983	0.43125
460.959408799885	0.43125
460.976385599934	0.43125
460.992475999985	0.43125
461.009145899909	0.43125
461.025937199825	0.43125
461.042814399814	0.43125
461.059420899954	0.43125
461.076540499926	0.43125
461.09275179985	0.43125
461.109822499799	0.43125
461.126562799793	0.43125
461.142670499859	0.43125
461.159648099914	0.43125
461.176404899918	0.43125
461.192969899857	0.43125
461.209651799873	0.43125
461.226372799836	0.43125
461.242628099862	0.43125
461.259496599901	0.43125
461.276240399806	0.43125
461.292646599934	0.43125
461.309537299909	0.43125
461.326266699936	0.43125
461.343298099935	0.43125
461.359548999928	0.43125
461.376108899945	0.43125
461.393136799801	0.43125
461.409221499925	0.43125
461.42628949997	0.43125
461.442678599851	0.43125
461.459489599802	0.43125
461.476071099984	0.43125
461.493033199804	0.43125
461.509524799883	0.43125
461.526290399954	0.43125
461.542957899859	0.43125
461.559476999799	0.43125
461.576177299954	0.43125
461.592933599837	0.43125
461.609258999815	0.43125
461.626065699849	0.43125
461.642743999837	0.43125
461.659558999818	0.43125
461.676026399946	0.43125
461.692667699885	0.43125
461.709627099801	0.43125
461.726491099922	0.43125
461.742600499885	0.43125
461.759670599829	0.43125
461.776339999866	0.43125
461.79280909989	0.43125
461.809894699836	0.43125
461.826302799862	0.43125
461.842846799875	0.43125
461.859842999838	0.43125
461.876286099898	0.43125
461.893164099893	0.43125
461.9095718998	0.43125
461.926328899805	0.43125
461.942556599854	0.43125
461.959576699883	0.43125
461.976180299884	0.43125
461.992876600008	0.43125
462.009420399787	0.43125
462.026418699883	0.43125
462.043312900001	0.43125
462.059405999957	0.43125
462.076306399889	0.43125
462.093117099954	0.43125
462.109340999974	0.43125
462.126004799968	0.43125
462.142929399852	0.43125
462.159035399789	0.43125
462.176422499819	0.43125
462.192862799857	0.43125
462.209171099821	0.43125
462.225711699808	0.43125
462.242735699983	0.43125
462.259432499995	0.43125
462.276379999937	0.43125
462.293267000001	0.43125
462.309593899874	0.43125
462.326200099895	0.43125
462.342945399927	0.43125
462.359415699961	0.43125
462.376009800006	0.43125
462.392894499935	0.43125
462.409464399796	0.43125
462.426430399995	0.43125
462.442926899996	0.43125
462.459649099968	0.43125
462.475984399905	0.43125
462.492611099966	0.43125
462.509642299963	0.43125
462.526500099804	0.43125
462.543162999908	0.43125
462.560249299975	0.43125
462.576155499788	0.43125
462.592887699837	0.43125
462.609673399944	0.43125
462.626269999892	0.43125
462.642652299954	0.43125
462.659377999837	0.43125
462.676382599864	0.43125
462.694066799944	0.43125
462.709824799793	0.43125
462.726204099832	0.43125
462.742966399994	0.43125
462.759519099956	0.43125
462.776544299908	0.43125
462.793057499919	0.43125
462.809297999833	0.43125
462.826419999823	0.43125
462.842971599894	0.43125
462.859591299901	0.43125
462.876256899908	0.43125
462.892873599892	0.43125
462.909559199819	0.43125
462.926586299902	0.43125
462.942762899911	0.43125
462.959580899915	0.43125
462.976566499798	0.43125
462.9925739998	0.43125
463.009525599889	0.43125
463.026128700003	0.43125
463.042605199851	0.43125
463.059372899821	0.43125
463.0759866999	0.43125
463.092512999894	0.43125
463.109627999831	0.43125
463.126224000007	0.43125
463.142867199844	0.43125
463.159995499998	0.43125
463.176222499926	0.43125
463.193151399959	0.43125
463.209151899908	0.43125
463.226633199956	0.43125
463.243105300004	0.43125
463.259285699809	0.43125
463.276376199909	0.43125
463.292958799982	0.43125
463.309616499813	0.43125
463.325971699785	0.43125
463.342650699895	0.43125
463.359581999946	0.43125
463.376120999921	0.43125
463.393005499849	0.43125
463.409545399947	0.43125
463.42622919986	0.43125
463.4428989999	0.43125
463.459567799931	0.43125
463.476368899923	0.43125
463.492640099954	0.43125
463.509450999787	0.43125
463.525881199865	0.43125
463.542814099928	0.43125
463.559446099913	0.43125
463.575823499821	0.43125
463.593045099871	0.43125
463.60925609991	0.43125
463.62579799979	0.43125
463.643069199985	0.43125
463.659642099869	0.43125
463.676170099992	0.43125
463.692937399959	0.43125
463.709636099869	0.43125
463.726257900009	0.43125
463.742987899808	0.43125
463.759910299908	0.43125
463.776248699985	0.43125
463.793287999928	0.43125
463.809688299894	0.43125
463.82639559987	0.43125
463.843079400016	0.43125
463.85949689988	0.43125
463.876328999875	0.43125
463.892775699962	0.43125
463.909440799849	0.43125
463.926296099788	0.43125
463.94282999984	0.43125
463.959374699974	0.43125
463.976350999903	0.43125
463.992873999989	0.43125
464.009691799991	0.43125
464.026371999877	0.43125
464.042361199856	0.43125
464.059524899814	0.43125
464.07623479981	0.43125
464.092694399878	0.43125
464.10914869979	0.43125
464.125877699815	0.43125
464.142888600007	0.43125
464.159395999974	0.43125
464.176224299939	0.43125
464.192761400016	0.43125
464.209655500017	0.43125
464.226147799985	0.43125
464.242786899908	0.43125
464.259252399905	0.43125
464.276258199941	0.43125
464.292490499793	0.43125
464.309176099952	0.43125
464.326434399933	0.43125
464.342856099829	0.43125
464.359900599811	0.43125
464.376103999792	0.43125
464.392894799821	0.43125
464.409402099904	0.43125
464.426543999929	0.43125
464.442963199923	0.43125
464.459264599951	0.43125
464.476707299938	0.43125
464.492824399844	0.43125
464.509540400002	0.43125
464.526046199957	0.43125
464.542905799812	0.43125
464.559503699886	0.43125
464.576194499852	0.43125
464.59239939996	0.43125
464.609559899895	0.43125
464.62643319997	0.43125
464.642936199903	0.43125
464.659599799896	0.43125
464.676078499993	0.43125
464.692916699918	0.43125
464.709262199933	0.43125
464.72656549979	0.43125
464.742603599792	0.43125
464.759265499888	0.43125
464.776421499904	0.43125
464.792510899948	0.43125
464.809299299959	0.43125
464.826435299823	0.43125
464.842509599868	0.43125
464.859358899994	0.43125
464.876290399814	0.43125
464.892835699953	0.43125
464.90938550001	0.43125
464.926360499812	0.43125
464.942852699896	0.43125
464.959631599952	0.43125
464.976491699927	0.43125
464.993128499947	0.43125
465.00894249999	0.43125
465.026154199848	0.43125
465.042595200008	0.43125
465.059384799795	0.43125
465.075830299873	0.43125
465.092692599865	0.43125
465.109557599993	0.43125
465.126317200018	0.43125
465.14246919984	0.43125
465.159684299957	0.43125
465.176269299816	0.43125
465.192815499846	0.43125
465.209387799958	0.43125
465.226161999861	0.43125
465.242703099968	0.43125
465.259343899786	0.43125
465.276199399959	0.43125
465.292351099895	0.43125
465.309471599991	0.43125
465.326171199791	0.43125
465.346950399922	0.43125
465.359005499864	0.43125
465.376468299888	0.43125
465.392963599879	0.43125
465.409632499795	0.43125
465.426309099887	0.43125
465.44277019985	0.43125
465.45946709998	0.43125
465.475832099793	0.43125
465.492793599842	0.43125
465.509367299965	0.43125
465.526179399807	0.43125
465.542744799983	0.43125
465.559687400004	0.43125
465.576361099957	0.43125
465.592998999869	0.43125
465.609491499839	0.43125
465.625994799891	0.43125
465.643025399884	0.43125
465.659352999879	0.43125
465.676351999864	0.43125
465.692868199898	0.43125
465.709402399836	0.43125
465.725566399982	0.43125
465.742119899951	0.43125
465.759432199877	0.43125
465.776076799957	0.43125
465.79275799985	0.43125
465.809325799812	0.43125
465.826226299861	0.43125
465.843045499874	0.43125
465.859492699848	0.43125
465.876137099927	0.43125
465.892717999872	0.43125
465.909284999827	0.43125
465.926172399893	0.43125
465.943058299832	0.43125
465.959008399863	0.43125
465.976171199931	0.43125
465.992243899964	0.43125
466.009222899796	0.43125
466.026101499796	0.43125
466.042236999841	0.43125
466.059438099852	0.43125
466.075987399789	0.43125
466.092685999814	0.43125
466.109385199845	0.43125
466.126137699932	0.43125
466.142593699973	0.43125
466.159472199855	0.43125
466.175854299916	0.43125
466.19291689992	0.43125
466.20940419985	0.43125
466.22551229992	0.43125
466.24273739988	0.43125
466.259493999882	0.43125
466.276103599928	0.43125
466.292791499989	0.43125
466.309288099874	0.43125
466.325920499861	0.43125
466.342858299846	0.43125
466.359438699903	0.43125
466.376305699814	0.43125
466.392703199992	0.43125
466.409013599856	0.43125
466.425891799852	0.43125
466.442468900001	0.43125
466.45925869979	0.43125
466.475888999877	0.43125
466.492295499891	0.43125
466.509220300009	0.43125
466.525626599789	0.43125
466.542216899805	0.43125
466.559662799817	0.43125
466.576042999979	0.43125
466.592869999819	0.43125
466.609574300004	0.43125
466.6259500999	0.43125
466.642297299812	0.43125
466.658881600015	0.43125
466.676104999846	0.43125
466.692644999828	0.43125
466.709099599859	0.43125
466.726098199841	0.43125
466.742371300003	0.43125
466.759184799856	0.43125
466.776165199932	0.43125
466.792860999936	0.43125
466.809451199835	0.43125
466.826016600011	0.43125
466.842234499985	0.43125
466.859384099953	0.43125
466.876100899884	0.43125
466.892655799864	0.43125
466.909421099816	0.43125
466.925969599979	0.43125
466.947507699952	0.43125
466.959167599911	0.43125
466.97569399979	0.43125
466.992881699931	0.43125
467.009413899854	0.43125
467.025726099964	0.43125
467.042271399871	0.43125
467.059529799968	0.43125
467.076106499881	0.43125
467.09217269998	0.43125
467.109194499906	0.43125
467.126224800013	0.43125
467.142749499995	0.43125
467.159444899997	0.43125
467.176119399955	0.43125
467.192394899903	0.43125
467.20940209995	0.43125
467.2258134	0.43125
467.242304799845	0.43125
467.259469899815	0.43125
467.275782199809	0.43125
467.292497299844	0.43125
467.309373499826	0.43125
467.326082099928	0.43125
467.342794999946	0.43125
467.359436400002	0.43125
467.375947199995	0.43125
467.392730699852	0.43125
467.409164499957	0.43125
467.426103099948	0.43125
467.442504499806	0.43125
467.459060199792	0.43125
467.476566099795	0.43125
467.49264959991	0.43125
467.509239499923	0.43125
467.526087799808	0.43125
467.542159199947	0.43125
467.55915519991	0.43125
467.575871599838	0.43125
467.592569999862	0.43125
467.60908539989	0.43125
467.625840599881	0.43125
467.642397299875	0.43125
467.65905259992	0.43125
467.6758237998	0.43125
467.692609199788	0.43125
467.709185399814	0.43125
467.725794199854	0.43125
467.742468399927	0.43125
467.759215599857	0.43125
467.775881499983	0.43125
467.792514899978	0.43125
467.808912399923	0.43125
467.825928899925	0.43125
467.842664900003	0.43125
467.859478799859	0.43125
467.876039499883	0.43125
467.892383700004	0.43125
467.908770899987	0.43125
467.925798599841	0.43125
467.94245829992	0.43125
467.958992999978	0.43125
467.975777899846	0.43125
467.992621799931	0.43125
468.0092385998	0.43125
468.026093499968	0.43125
468.04241899983	0.43125
468.059466399951	0.43125
468.076097199926	0.43125
468.092591899913	0.43125
468.109330399893	0.43125
468.125884299865	0.43125
468.142435799818	0.43125
468.159385700012	0.43125
468.175939499866	0.43125
468.192217099946	0.43125
468.209331999999	0.43125
468.226085199974	0.43125
468.242499999935	0.43125
468.259143600008	0.43125
468.276105399942	0.43125
468.292360599851	0.43125
468.309345399961	0.43125
468.325969900005	0.43125
468.342149999924	0.43125
468.359549099812	0.43125
468.376119699795	0.43125
468.393060299801	0.43125
468.40930119995	0.43125
468.426044699969	0.43125
468.442346599884	0.43125
468.45918009989	0.43125
468.475945299957	0.43125
468.492551899981	0.43125
468.50929019996	0.43125
468.525697599864	0.43125
468.542658099905	0.43125
468.55933479988	0.43125
468.575765899848	0.43125
468.592860699864	0.43125
468.609371299855	0.43125
468.626211699797	0.43125
468.642630499788	0.43125
468.659487099852	0.43125
468.676191199804	0.43125
468.692819899879	0.43125
468.709223199869	0.43125
468.726077799918	0.43125
468.742834599921	0.43125
468.759281799896	0.43125
468.77577959979	0.43125
468.792608299991	0.43125
468.809127699817	0.43125
468.82583649992	0.43125
468.842473399825	0.43125
468.858938099816	0.43125
468.875805599848	0.43125
468.892337499885	0.43125
468.909304699861	0.43125
468.926347899949	0.43125
468.94246179983	0.43125
468.959286700003	0.43125
468.975763799855	0.43125
468.992618099786	0.43125
469.009569999995	0.43125
469.026331699919	0.43125
469.042124899803	0.43125
469.058952399995	0.43125
469.075873799855	0.43125
469.092659099959	0.43125
469.109236399876	0.43125
469.126659099944	0.43125
469.142599100014	0.43125
469.159237899818	0.43125
469.17600420001	0.43125
469.192811299814	0.43125
469.209261299809	0.43125
469.225602999795	0.43125
469.242581899976	0.43125
469.25932339998	0.43125
469.276021499885	0.43125
469.292626000009	0.43125
469.309423999861	0.43125
469.326031100005	0.43125
469.342278699856	0.43125
469.35891760001	0.43125
469.376539499965	0.43125
469.39263349981	0.43125
469.409294999903	0.43125
469.426026299829	0.43125
469.442651899997	0.43125
469.459081599955	0.43125
469.475861199899	0.43125
469.492360199802	0.43125
469.509092599852	0.43125
469.525652599987	0.43125
469.542123599909	0.43125
469.559486599872	0.43125
469.576191799948	0.43125
469.592370799975	0.43125
469.609301299788	0.43125
469.626038899878	0.43125
469.642375699943	0.43125
469.659121299861	0.43125
469.675893199863	0.43125
469.692508999957	0.43125
469.708913499955	0.43125
469.725942899939	0.43125
469.742426599842	0.43125
469.758984499844	0.43125
469.775899200002	0.43125
469.793037599884	0.43125
469.809239199851	0.43125
469.826381299878	0.43125
469.842547199922	0.43125
469.859098299872	0.43125
469.876004199963	0.43125
469.892607799964	0.43125
469.909155499889	0.43125
469.92616589996	0.43125
469.942730800016	0.43125
469.959019499831	0.43125
469.975960699841	0.43125
469.992625399958	0.43125
470.00893939985	0.43125
470.026011299808	0.43125
470.042600999819	0.43125
470.059307299787	0.43125
470.075888999971	0.43125
470.092573799891	0.43125
470.109143899987	0.43125
470.125673200004	0.43125
470.142350499984	0.43125
470.159510999918	0.43125
470.175882699899	0.43125
470.192630599951	0.43125
470.208908199798	0.43125
470.226143799955	0.43125
470.242153999861	0.43125
470.259062399855	0.43125
470.275876499945	0.43125
470.292933499906	0.43125
470.309620799962	0.43125
470.325764499838	0.43125
470.342448299984	0.43125
470.3594209	0.43125
470.375965100015	0.43125
470.392912499839	0.43125
470.409038299927	0.43125
470.425965599949	0.43125
470.442313099978	0.43125
470.459023199975	0.43125
470.475335399853	0.43125
470.492617700016	0.43125
470.509258199949	0.43125
470.525828899816	0.43125
470.542796299793	0.43125
470.559393599862	0.43125
470.575520899845	0.43125
470.592762999935	0.43125
470.609523799969	0.43125
470.625866099959	0.43125
470.642571999924	0.43125
470.659190199804	0.43125
470.675635399995	0.43125
470.692002799828	0.43125
470.709354099818	0.43125
470.725720599992	0.43125
470.74240499991	0.43125
470.759231999982	0.43125
470.776136299828	0.43125
470.793210399803	0.43125
470.809367599897	0.43125
470.826062599896	0.43125
470.842678399989	0.43125
470.859426299809	0.43125
470.875802599825	0.43125
470.89263659995	0.43125
470.909246499883	0.43125
470.926123099867	0.43125
470.942133700009	0.43125
470.958833999932	0.43125
470.975764199859	0.43125
470.99259849987	0.43125
471.009272199823	0.43125
471.026243999833	0.43125
471.042404499836	0.43125
471.05947369989	0.43125
471.076104599983	0.43125
471.092591999797	0.43125
471.109056100016	0.43125
471.125915699871	0.43125
471.142621399835	0.43125
471.159610199975	0.43125
471.175689399941	0.43125
471.192816199968	0.43125
471.209695899859	0.43125
471.225663099904	0.43125
471.242711999919	0.43125
471.259337299969	0.43125
471.275737099815	0.43125
471.292947599897	0.43125
471.309408599976	0.43125
471.326113899937	0.43125
471.342410599813	0.43125
471.359101699898	0.43125
471.375674299896	0.43125
471.392867399845	0.43125
471.409525899915	0.43125
471.425667099888	0.43125
471.442654699786	0.43125
471.458793499973	0.43125
471.475993499858	0.43125
471.492513899924	0.43125
471.509222499793	0.43125
471.525944599882	0.43125
471.542189599946	0.43125
471.559262399795	0.43125
471.575774199795	0.43125
471.592706899857	0.43125
471.609020799864	0.43125
471.625899399864	0.43125
471.642572099809	0.43125
471.659214999992	0.43125
471.675267999992	0.43125
471.691999399802	0.43125
471.70935359993	0.43125
471.725618799916	0.43125
471.742777399952	0.43125
471.759145699907	0.43125
471.775991099887	0.43125
471.792160399957	0.43125
471.809157399926	0.43125
471.825647999998	0.43125
471.842767399969	0.43125
471.859307599952	0.43125
471.875713399844	0.43125
471.892211499857	0.43125
471.90902289981	0.43125
471.925546400016	0.43125
471.942620899994	0.43125
471.958957799943	0.43125
471.975827899994	0.43125
471.992258699844	0.43125
472.00923739979	0.43125
472.025913699996	0.43125
472.042762900004	0.43125
472.059341699816	0.43125
472.076227699872	0.43125
472.092611599946	0.43125
472.109158499865	0.43125
472.12613749993	0.43125
472.142485899851	0.43125
472.158999199979	0.43125
472.175881200004	0.43125
472.19222499989	0.43125
472.20917489985	0.43125
472.225950299995	0.43125
472.242259899853	0.43125
472.259199599968	0.43125
472.275991899893	0.43125
472.292526099831	0.43125
472.30911989999	0.43125
472.326266299933	0.43125
472.3424678999	0.43125
472.359225099906	0.43125
472.37572459993	0.43125
472.392878999934	0.43125
472.408879099879	0.43125
472.425882800017	0.43125
472.442882800009	0.43125
472.45931289997	0.43125
472.475690699881	0.43125
472.492555900011	0.43125
472.509244499961	0.43125
472.52568449988	0.43125
472.542295499938	0.43125
472.559002599912	0.43125
472.57588969986	0.43125
472.593041099841	0.43125
472.609316599788	0.43125
472.625669299858	0.43125
472.642662599916	0.43125
472.658948799828	0.43125
472.675763499923	0.43125
472.692233899841	0.43125
472.709404999856	0.43125
472.725843399996	0.43125
472.742898599943	0.43125
472.759181199828	0.43125
472.776148799807	0.43125
472.792614899809	0.43125
472.808941999916	0.43125
472.825855799951	0.43125
472.842999099987	0.43125
472.859228199814	0.43125
472.875926899957	0.43125
472.892626599874	0.43125
472.908875399968	0.43125
472.925869799918	0.43125
472.942117600003	0.43125
472.95906049991	0.43125
472.975862899795	0.43125
472.992910999805	0.43125
473.00931419991	0.43125
473.026011799928	0.43125
473.042154299794	0.43125
473.059390999842	0.43125
473.075927199796	0.43125
473.092571699992	0.43125
473.109084599884	0.43125
473.125445399899	0.43125
473.142415500013	0.43125
473.159181499854	0.43125
473.17559759994	0.43125
473.192226799903	0.43125
473.209382999921	0.43125
473.225574999815	0.43125
473.242603799794	0.43125
473.259203499882	0.43125
473.275936299935	0.43125
473.29261249979	0.43125
473.309203399811	0.43125
473.325813499978	0.43125
473.342583199963	0.43125
473.359369699843	0.43125
473.375651599839	0.43125
473.392186400015	0.43125
473.408695299877	0.43125
473.4257757999	0.43125
473.442988599883	0.43125
473.459118099883	0.43125
473.475843099877	0.43125
473.492627799977	0.43125
473.509221799904	0.43125
473.525833999971	0.43125
473.542513499968	0.43125
473.558880999917	0.43125
473.575728099793	0.43125
473.592651699902	0.43125
473.609186399961	0.43125
473.625822199974	0.43125
473.642191599822	0.43125
473.658714399906	0.43125
473.675851299893	0.43125
473.692492199829	0.43125
473.709088699892	0.43125
473.726298899855	0.43125
473.742216799874	0.43125
473.759180499939	0.43125
473.775854399893	0.43125
473.792554999935	0.43125
473.808950699866	0.43125
473.825859899865	0.43125
473.842482599895	0.43125
473.859158999985	0.43125
473.875310599804	0.43125
473.89255089988	0.43125
473.909206399927	0.43125
473.925837899791	0.43125
473.942456499906	0.43125
473.958890799899	0.43125
473.975787799805	0.43125
473.992602799786	0.43125
474.009772099787	0.43125
474.02552939998	0.43125
474.042416499928	0.43125
474.059566000011	0.43125
474.075846499996	0.43125
474.092560699908	0.43125
474.109076899942	0.43125
474.125809999881	0.43125
474.142018300015	0.43125
474.158801799873	0.43125
474.175506199943	0.43125
474.192595099797	0.43125
474.209145199973	0.43125
474.225687799975	0.43125
474.242655199952	0.43125
474.259124899982	0.43125
474.275748400018	0.43125
474.29224599991	0.43125
474.309092999902	0.43125
474.325880099786	0.43125
474.348151099868	0.43125
474.359803699888	0.43125
474.376008599997	0.43125
474.391965099843	0.43125
474.40883459989	0.43125
474.425812299829	0.43125
474.442454099888	0.43125
474.458987799939	0.43125
474.475718599977	0.43125
474.492465899792	0.43125
474.509136599954	0.43125
474.525784399826	0.43125
474.542468799977	0.43125
474.559068399947	0.43125
474.575820899801	0.43125
474.592271599919	0.43125
474.609055500012	0.43125
474.625332799973	0.43125
474.642161199823	0.43125
474.658712799894	0.43125
474.675221999874	0.43125
474.692345899995	0.43125
474.708948899992	0.43125
474.725797499996	0.43125
474.742288999958	0.43125
474.759121299954	0.43125
474.775814999826	0.43125
474.79226649995	0.43125
474.809182099998	0.43125
474.825639699819	0.43125
474.842859299853	0.43125
474.85893029999	0.43125
474.875625299988	0.43125
474.892835399834	0.423958333333333
474.909175599925	0.423958333333333
474.925461999839	0.423958333333333
474.942431799835	0.423958333333333
474.959288500017	0.423958333333333
474.975764999865	0.423958333333333
474.992500499822	0.423958333333333
475.009231599979	0.423958333333333
475.02561459993	0.423958333333333
475.042536299909	0.423958333333333
475.059112499934	0.423958333333333
475.076028699987	0.423958333333333
475.0923281	0.423958333333333
475.10893989983	0.423958333333333
475.125399099896	0.423958333333333
475.14242729987	0.423958333333333
475.158876399975	0.423958333333333
475.1754087999	0.423958333333333
475.19228829979	0.423958333333333
475.20933569991	0.415625
475.225518999854	0.415625
475.241749499924	0.415625
475.25912819989	0.415625
475.27556609991	0.415625
475.292462399928	0.415625
475.309106099885	0.415625
475.32588499994	0.40625
475.342300199904	0.40625
475.358691399917	0.40625
475.375747799873	0.40625
475.392536399886	0.40625
475.4092180999	0.40625
475.425607699901	0.40625
475.442538999952	0.40625
475.459238399984	0.40625
475.475837299833	0.40625
475.492363399826	0.40625
475.509152899962	0.40625
475.525401299819	0.40625
475.54256099998	0.40625
475.559021299938	0.40625
475.575330799911	0.40625
475.592715199804	0.40625
475.608809599886	0.40625
475.625367899891	0.40625
475.642332999967	0.40625
475.659324399894	0.40625
475.675189699978	0.40625
475.692358499859	0.40625
475.709051399957	0.40625
475.725365699967	0.40625
475.742329599801	0.40625
475.759404199896	0.40625
475.775836699875	0.40625
475.792886700016	0.40625
475.809187299805	0.40625
475.825237999903	0.40625
475.842225999804	0.40625
475.858986799838	0.40625
475.875563399866	0.40625
475.892183799995	0.40625
475.90919149993	0.40625
475.925189499976	0.40625
475.94224899984	0.40625
475.959242299898	0.40625
475.975652999943	0.40625
475.992105499841	0.40625
476.009242999833	0.40625
476.025448799832	0.40625
476.042327999836	0.40625
476.059429999907	0.40625
476.0754995998	0.40625
476.092364899814	0.40625
476.108704099897	0.40625
476.125278399792	0.40625
476.142551499885	0.40625
476.158733599819	0.40625
476.175550399814	0.40625
476.192476399941	0.40625
476.208824999863	0.40625
476.225630200002	0.40625
476.242234400008	0.40625
476.259028799832	0.40625
476.275804399978	0.40625
476.292282599956	0.40625
476.30910459999	0.40625
476.325393199921	0.40625
476.342139299959	0.40625
476.358910299838	0.40625
476.375886199996	0.40625
476.392341199797	0.40625
476.409145399928	0.40625
476.425282199867	0.40625
476.44244299992	0.40625
476.458657599986	0.40625
476.475556899793	0.40625
476.492384699872	0.40625
476.509297400014	0.40625
476.525539999828	0.40625
476.542561699869	0.40625
476.558731299825	0.40625
476.575622199802	0.40625
476.592035599984	0.40625
476.60894649988	0.40625
476.625572499819	0.40625
476.642434899928	0.40625
476.658858099952	0.40625
476.67581249983	0.40625
476.692257599905	0.40625
476.708758899942	0.40625
476.725826399866	0.40625
476.742207099916	0.40625
476.758672499796	0.40625
476.775521399919	0.40625
476.792398499791	0.40625
476.808822399937	0.40625
476.825892199995	0.40625
476.842466099886	0.40625
476.858828599798	0.40625
476.87531969999	0.40625
476.892638999969	0.40625
476.909057299839	0.40625
476.925332499901	0.40625
476.942567299819	0.40625
476.959056199994	0.40625
476.975286799949	0.40625
476.992744799936	0.40625
477.009201699868	0.40625
477.025307199918	0.40625
477.042262899922	0.40625
477.059145699954	0.40625
477.075288899941	0.40625
477.092111099977	0.40625
477.108864399837	0.40625
477.12531849998	0.40625
477.142213799991	0.40625
477.159078500001	0.40625
477.175746499794	0.40625
477.192237199983	0.40625
477.208990699844	0.40625
477.225270299939	0.40625
477.242854299955	0.40625
477.25920329988	0.40625
477.275649999967	0.40625
477.292371999938	0.40625
477.308810899965	0.40625
477.325342499884	0.40625
477.342118499801	0.40625
477.359052799875	0.40625
477.375355999917	0.40625
477.392108599888	0.40625
477.409370699897	0.40625
477.425364599796	0.40625
477.442340899957	0.40625
477.459014199907	0.40625
477.475508899894	0.40625
477.4928317999	0.40625
477.508960899897	0.40625
477.525586199947	0.40625
477.542361599859	0.40625
477.558760899818	0.40625
477.575104199816	0.40625
477.592203099979	0.40625
477.609125699848	0.40625
477.625324999914	0.40625
477.642367199995	0.40625
477.659019300016	0.40625
477.675691599958	0.40625
477.692354799947	0.40625
477.709419799969	0.40625
477.725205199793	0.40625
477.742297199788	0.40625
477.759095199872	0.40625
477.775240899995	0.40625
477.792046000017	0.40625
477.809132699855	0.40625
477.825343099888	0.40625
477.842137299944	0.40625
477.858897399856	0.40625
477.875611899886	0.40625
477.892266699811	0.40625
477.908952399855	0.40625
477.92536429991	0.40625
477.942344799871	0.40625
477.959006799851	0.40625
477.975983500015	0.40625
477.992306799861	0.40625
478.00878569996	0.40625
478.025195599999	0.40625
478.041824599961	0.40625
478.058966299985	0.40625
478.0758185999	0.40625
478.092380299931	0.40625
478.108967199922	0.40625
478.125967699802	0.40625
478.142321299994	0.40625
478.158640399808	0.40625
478.175591900013	0.40625
478.192531100009	0.40625
478.20903249993	0.40625
478.225550299976	0.40625
478.24219359993	0.40625
478.259010799928	0.40625
478.275317299878	0.40625
478.292004999937	0.40625
478.30896259984	0.40625
478.325246999972	0.40625
478.34197780001	0.40625
478.358840500005	0.40625
478.375651299953	0.40625
478.392402499914	0.40625
478.409083099803	0.40625
478.425730099902	0.40625
478.442641799804	0.40625
478.458900299855	0.40625
478.475210099947	0.40625
478.492102799937	0.40625
478.508595299907	0.40625
478.525817499962	0.40625
478.542148299981	0.40625
478.559041099856	0.40625
478.575539799873	0.40625
478.592325699981	0.40625
478.608842299785	0.40625
478.625825399999	0.40625
478.642450099811	0.40625
478.658813599963	0.40625
478.675668099895	0.40625
478.692289599916	0.40625
478.709089000011	0.40625
478.725595599972	0.40625
478.743060200009	0.40625
478.758926299866	0.40625
478.775590999983	0.40625
478.792343299836	0.40625
478.808916899841	0.40625
478.825306299841	0.40625
478.841639799997	0.40625
478.858699299861	0.40625
478.875222799834	0.40625
478.892310899915	0.40625
478.908890599851	0.40625
478.925174599979	0.40625
478.942595599918	0.40625
478.958888199879	0.40625
478.975741199916	0.40625
478.992322099861	0.40625
479.008919599932	0.40625
479.025313199963	0.40625
479.042313599959	0.40625
479.058800400002	0.40625
479.075521199964	0.40625
479.092520699836	0.40625
479.108768599806	0.40625
479.125509799924	0.40625
479.142263699789	0.40625
479.158849400003	0.40625
479.175689199939	0.40625
479.192662499845	0.40625
479.208879299928	0.40625
479.225693400018	0.40625
479.242377999937	0.40625
479.259060999844	0.40625
479.275635399856	0.40625
479.292305599898	0.40625
479.308634300018	0.40625
479.325215999968	0.40625
479.342727599898	0.40625
479.358600999927	0.40625
479.375309699913	0.40625
479.392266199924	0.40625
479.408830599859	0.40625
479.4255748	0.40625
479.442609099904	0.40625
479.458498199936	0.40625
479.47538399999	0.40625
479.492497599917	0.40625
479.508748099906	0.40625
479.525282499846	0.40625
479.542487700004	0.40625
479.558878199896	0.40625
479.575820599915	0.40625
479.592241099803	0.40625
479.608760599978	0.40625
479.625633299816	0.40625
479.642265299801	0.40625
479.658884999808	0.40625
479.675396699924	0.40625
479.692309599835	0.40625
479.708893799921	0.40625
479.725571699906	0.40625
479.742157599889	0.40625
479.758908599848	0.40625
479.77558399993	0.40625
479.792214599904	0.40625
479.809045099886	0.40625
479.825673999963	0.40625
479.842034699861	0.40625
479.858655399876	0.40625
479.875205099816	0.40625
479.892259199871	0.40625
479.908829199849	0.40625
479.92540359986	0.40625
479.942547899904	0.40625
479.958761699963	0.40625
479.975339999888	0.40625
479.9925280998	0.40625
480.008768799948	0.40625
480.025336599909	0.40625
480.042050399818	0.40625
480.058903899975	0.40625
480.075715199811	0.40625
480.092108599842	0.40625
480.108778799884	0.40625
480.125804299954	0.40625
480.1421122998	0.40625
480.158683999907	0.40625
480.17563339998	0.40625
480.191984499805	0.40625
480.208479199791	0.40625
480.225589099806	0.40625
480.242249599891	0.40625
480.258682299871	0.40625
480.275665999856	0.40625
480.292534600012	0.40625
480.308933199849	0.40625
480.325585899875	0.40625
480.342447299976	0.40625
480.359417699976	0.40625
480.375949000008	0.40625
480.392514599953	0.40625
480.408845099853	0.40625
480.425607600017	0.40625
480.441936699906	0.40625
480.458689299878	0.40625
480.47531969985	0.40625
480.492211399833	0.40625
480.508649099851	0.40625
480.525323199807	0.40625
480.542642300017	0.40625
480.559006699827	0.40625
480.575725399889	0.40625
480.592782299966	0.40625
480.608877499821	0.40625
480.625409699976	0.40625
480.642207899829	0.40625
480.658689799951	0.40625
480.675543599995	0.40625
480.692410299787	0.40625
480.708586799912	0.40625
480.725541899912	0.40625
480.74238189985	0.40625
480.758890199941	0.40625
480.775642399909	0.40625
480.792413799791	0.40625
480.80887790001	0.40625
480.825580999954	0.40625
480.842104999814	0.40625
480.85874549998	0.40625
480.875386599917	0.40625
480.892245899886	0.40625
480.908817699878	0.40625
480.92557359999	0.40625
480.942064499948	0.40625
480.958729399834	0.40625
480.975591099821	0.40625
480.992286799941	0.40625
481.008672699798	0.40625
481.025364900008	0.40625
481.042149799876	0.40625
481.058575199917	0.40625
481.075485999929	0.40625
481.092240599915	0.40625
481.108721099794	0.40625
481.125370799797	0.40625
481.142339699902	0.40625
481.158642099937	0.40625
481.175552499946	0.40625
481.192089799792	0.40625
481.208871099865	0.40625
481.225569299888	0.40625
481.242506799987	0.40625
481.258801199961	0.40625
481.275517999893	0.40625
481.292711999966	0.40625
481.308836699929	0.40625
481.325608899817	0.40625
481.342357999878	0.40625
481.359097899869	0.40625
481.37572599994	0.40625
481.39197859983	0.40625
481.408594099805	0.40625
481.425312699983	0.40625
481.44197379984	0.40625
481.458964799996	0.40625
481.475427099969	0.40625
481.492240099935	0.40625
481.508703599917	0.40625
481.525315499865	0.40625
481.542591399979	0.40625
481.559052399825	0.40625
481.576029299991	0.40625
481.591820099857	0.40625
481.60857169982	0.40625
481.625571099808	0.40625
481.642190799816	0.40625
481.658633799991	0.40625
481.675565199926	0.40625
481.692349299788	0.40625
481.70871139993	0.40625
481.725344399922	0.40625
481.742341300007	0.40625
481.758895599982	0.40625
481.775575399864	0.40625
481.792151199887	0.40625
481.808851299807	0.40625
481.825659599854	0.40625
481.842253200011	0.40625
481.858560199849	0.40625
481.875546299852	0.40625
481.891862599878	0.40625
481.908725199988	0.40625
481.925704999827	0.40625
481.942453299882	0.40625
481.959306599805	0.40625
481.975578999845	0.40625
481.992541400017	0.40625
482.008922499837	0.40625
482.025673699798	0.40625
482.042138599791	0.40625
482.058862400008	0.40625
482.075315799797	0.40625
482.092147299787	0.40625
482.108500499977	0.40625
482.125870799879	0.40625
482.142309399787	0.40625
482.158804700011	0.40625
482.175536499824	0.40625
482.19253079989	0.40625
482.208730999846	0.40625
482.225487699965	0.40625
482.242452099919	0.40625
482.25863099983	0.40625
482.275780199794	0.40625
482.291858899873	0.40625
482.308424099814	0.40625
482.325546399923	0.40625
482.342391399899	0.40625
482.35864419979	0.40625
482.375660999911	0.40625
482.392365599982	0.40625
482.408760799794	0.40625
482.425596999936	0.40625
482.442407799885	0.40625
482.458592899842	0.40625
482.476127699949	0.40625
482.492059399839	0.40625
482.508906299947	0.40625
482.525249299826	0.40625
482.542589899851	0.40625
482.5587410999	0.40625
482.575436599785	0.40625
482.592283800012	0.40625
482.608826299896	0.40625
482.625881799962	0.40625
482.642305099871	0.40625
482.658820200013	0.40625
482.675327899866	0.40625
482.692322699819	0.40625
482.708641199861	0.40625
482.725450899918	0.40625
482.742286499823	0.40625
482.758626099909	0.40625
482.775383599801	0.40625
482.792049999814	0.40625
482.80881409999	0.40625
482.825516499812	0.40625
482.842161200009	0.40625
482.858493299922	0.40625
482.875261900015	0.40625
482.891926599899	0.40625
482.908355499851	0.40625
482.925251499983	0.40625
482.942019999959	0.40625
482.958439999959	0.40625
482.975273899967	0.40625
482.992193399929	0.40625
483.00843749987	0.40625
483.025305899791	0.40625
483.041896999814	0.40625
483.058810799848	0.40625
483.075446599862	0.40625
483.092511700001	0.40625
483.108701199992	0.40625
483.125749500003	0.40625
483.142250799807	0.40625
483.158687399933	0.40625
483.175413199933	0.40625
483.192111599958	0.40625
483.208561599953	0.40625
483.22538259998	0.40625
483.242289099842	0.40625
483.258566399803	0.40625
483.275598699925	0.40625
483.292124099797	0.40625
483.308902199846	0.40625
483.325597199844	0.40625
483.342117799912	0.40625
483.358668299858	0.40625
483.375532799866	0.40625
483.392204399919	0.40625
483.40870749997	0.40625
483.425546600018	0.40625
483.441803999944	0.40625
483.458526199916	0.40625
483.475129899802	0.40625
483.491865499876	0.40625
483.508811699925	0.40625
483.525507099926	0.40625
483.54232369992	0.40625
483.558913499815	0.40625
483.575602099998	0.40625
483.592653299915	0.40625
483.608528499957	0.40625
483.625495099928	0.40625
483.642284099944	0.40625
483.658655399922	0.40625
483.675301800016	0.40625
483.692031699931	0.40625
483.708772899816	0.40625
483.725172000006	0.40625
483.741536299931	0.40625
483.758588199969	0.40625
483.775258699898	0.40625
483.792713599978	0.40625
483.808525200002	0.40625
483.825502399821	0.40625
483.842208199902	0.40625
483.858569899807	0.40625
483.875523399794	0.40625
483.892091299873	0.40625
483.908376599895	0.40625
483.925078899832	0.40625
483.942179800011	0.40625
483.958620799938	0.40625
483.975506499875	0.40625
483.992223099805	0.40625
484.008581899805	0.40625
484.025236999849	0.40625
484.042153599905	0.40625
484.058754099999	0.40625
484.075302899815	0.40625
484.092275699833	0.40625
484.108655899996	0.40625
484.125661099795	0.40625
484.14224039996	0.40625
484.158593599917	0.40625
484.175517799798	0.40625
484.192493799841	0.40625
484.208390999818	0.40625
484.225509099895	0.40625
484.242307499982	0.40625
484.258311999962	0.40625
484.27600209997	0.40625
484.292193899862	0.40625
484.308527399786	0.40625
484.325427999953	0.40625
484.342436200008	0.40625
484.3583813	0.40625
484.375636099838	0.40625
484.39183969982	0.40625
484.408277099952	0.40625
484.425496399868	0.40625
484.442250099964	0.40625
484.458286599955	0.40625
484.475779999979	0.40625
484.492491499986	0.40625
484.508870999794	0.40625
484.525454899995	0.40625
484.542140399804	0.40625
484.558374499902	0.40625
484.575518699829	0.40625
484.591700499877	0.40625
484.608355999924	0.40625
484.625584999798	0.40625
484.642108900007	0.40625
484.658298299881	0.40625
484.675230299821	0.40625
484.692044699797	0.40625
484.708314699819	0.40625
484.725394499954	0.40625
484.742341399891	0.40625
484.758326999843	0.40625
484.77517389995	0.40625
484.791995499982	0.40625
484.80829639989	0.40625
484.825495699886	0.40625
484.841740699951	0.40625
484.858270299854	0.40625
484.875551600009	0.40625
484.891908299876	0.40625
484.908620500006	0.40625
484.925593699794	0.40625
484.942165899789	0.40625
484.958724899916	0.40625
484.975558099803	0.40625
484.992188599892	0.40625
485.008509099949	0.40625
485.025395500008	0.40625
485.04226079979	0.40625
485.058302199934	0.40625
485.075759299798	0.40625
485.092158999993	0.40625
485.108353199903	0.40625
485.125260199886	0.40625
485.141954399878	0.40625
485.158593899803	0.40625
485.175279699964	0.40625
485.192229099805	0.40625
485.208712199936	0.40625
485.225239699939	0.40625
485.241968399845	0.40625
485.258318800014	0.40625
485.275457199896	0.40625
485.29206519993	0.40625
485.30833759997	0.40625
485.325186799979	0.40625
485.341817599954	0.40625
485.358285699971	0.40625
485.375116899842	0.40625
485.391893199878	0.40625
485.40832139994	0.40625
485.42559709982	0.40625
485.442100999877	0.40625
485.458355099894	0.40625
485.475560499821	0.40625
485.492183999857	0.40625
485.508464199957	0.40625
485.525565299904	0.40625
485.542483599856	0.40625
485.558618400013	0.40625
485.574884800008	0.40625
485.591656700009	0.40625
485.608396800002	0.40625
485.625403799815	0.40625
485.642224699957	0.40625
485.658656999934	0.40625
485.675182899926	0.40625
485.691859999904	0.40625
485.708481799811	0.40625
485.725535699865	0.40625
485.742116099922	0.40625
485.758228799794	0.40625
485.775294999825	0.40625
485.791738200001	0.40625
485.808267399902	0.40625
485.825143299997	0.40625
485.842213399941	0.40625
485.858207099838	0.40625
485.875681499951	0.40625
485.89211629983	0.40625
485.90867379983	0.40625
485.925714999903	0.40625
485.942036699969	0.40625
485.958480599802	0.40625
485.975211799843	0.40625
485.991883999901	0.40625
486.008280599955	0.40625
486.025431199931	0.40625
486.042180599878	0.40625
486.058241399936	0.40625
486.075478299987	0.40625
486.09163099993	0.40625
486.108636499848	0.40625
486.125554999802	0.40625
486.142157799797	0.40625
486.158257899806	0.40625
486.17548269988	0.40625
486.191836099839	0.40625
486.208216399886	0.40625
486.225429799873	0.40625
486.242003699997	0.40625
486.2582601998	0.40625
486.275472000008	0.40625
486.292127799941	0.40625
486.308235799894	0.40625
486.325134899933	0.40625
486.342361399904	0.40625
486.358309399802	0.40625
486.375271599973	0.40625
486.391899899812	0.40625
486.408455499914	0.40625
486.425576899899	0.40625
486.442174699856	0.40625
486.45822169981	0.40625
486.475257499842	0.40625
486.492157599889	0.40625
486.508651299868	0.40625
486.525479599833	0.40625
486.542151799891	0.40625
486.558490699856	0.40625
486.575327099999	0.40625
486.59180049994	0.40625
486.608369099908	0.40625
486.625394199975	0.40625
486.642044099979	0.40625
486.658548999811	0.40625
486.675379999913	0.40625
486.692182999803	0.40625
486.708236499922	0.40625
486.724956399994	0.40625
486.742258799961	0.40625
486.75878309994	0.40625
486.775467699859	0.40625
486.792033599922	0.40625
486.808650599793	0.40625
486.825730899815	0.40625
486.842224499909	0.40625
486.858205999946	0.40625
486.875182999996	0.40625
486.892144199926	0.40625
486.908495799871	0.40625
486.925482299877	0.40625
486.942077699816	0.40625
486.958562799962	0.40625
486.975404799916	0.40625
486.992015099851	0.40625
487.008494799957	0.40625
487.025560699869	0.40625
487.042114199838	0.40625
487.058587600011	0.40625
487.075453599915	0.40625
487.091749999905	0.40625
487.108279999811	0.40625
487.125444100006	0.40625
487.142160599818	0.40625
487.158425299916	0.40625
487.175520899938	0.40625
487.191529399948	0.40625
487.208309199894	0.40625
487.225297899917	0.40625
487.241872699931	0.40625
487.258248599945	0.40625
487.27539309999	0.40625
487.29165889998	0.40625
487.3082365999	0.40625
487.325285399798	0.40625
487.34198739985	0.40625
487.359027399914	0.40625
487.378831499955	0.40625
487.391815599985	0.40625
487.408156799851	0.40625
487.425461199833	0.40625
487.44164450001	0.40625
487.458239999833	0.40625
487.474864999996	0.40625
487.492073299829	0.40625
487.508805399993	0.40625
487.525413299911	0.40625
487.541994699975	0.40625
487.558540199883	0.40625
487.575119099813	0.40625
487.59175549983	0.40625
487.60858819983	0.40625
487.625295799924	0.40625
487.641905499855	0.40625
487.658612799831	0.40625
487.675307399826	0.40625
487.692018799949	0.40625
487.708601999795	0.40625
487.725821199827	0.40625
487.742221299792	0.40625
487.758393799886	0.40625
487.775376199977	0.40625
487.791658799862	0.40625
487.80874859984	0.40625
487.825261799851	0.40625
487.841690899804	0.40625
487.858386499807	0.40625
487.875314699952	0.40625
487.8917411	0.40625
487.90861399984	0.40625
487.925164799904	0.40625
487.941906699911	0.40625
487.958184199873	0.40625
487.975113099907	0.40625
487.991937899962	0.40625
488.008655999787	0.40625
488.025012699887	0.40625
488.041855799966	0.40625
488.058273899835	0.40625
488.075304999948	0.40625
488.09187249979	0.40625
488.108250899939	0.40625
488.125470699975	0.40625
488.141878899885	0.40625
488.158610299928	0.40625
488.175278499955	0.40625
488.191869299859	0.40625
488.208625199972	0.40625
488.225321899867	0.40625
488.241790500004	0.40625
488.258784199832	0.40625
488.275452599861	0.40625
488.291629599873	0.40625
488.308354799869	0.40625
488.325473099947	0.40625
488.342217299854	0.40625
488.358861499932	0.40625
488.375142299803	0.40625
488.391361599788	0.40625
488.408037099987	0.40625
488.424857700011	0.40625
488.441521900008	0.40625
488.458362699952	0.40625
488.475266799796	0.40625
488.491920599947	0.40625
488.508556299843	0.40625
488.525371499825	0.40625
488.541746499948	0.40625
488.558583499864	0.40625
488.574885400012	0.40625
488.592135999817	0.40625
488.608620699961	0.40625
488.625288199866	0.40625
488.641695299884	0.40625
488.658185899956	0.40625
488.675348899793	0.40625
488.691748699872	0.40625
488.708508400014	0.40625
488.725414799992	0.40625
488.741877799854	0.40625
488.758590899874	0.40625
488.775326099945	0.40625
488.792067199945	0.40625
488.808150599943	0.40625
488.825223499909	0.40625
488.84169079992	0.40625
488.858219499933	0.40625
488.875246200012	0.40625
488.891731499927	0.40625
488.908284399891	0.40625
488.925486899912	0.40625
488.941909299931	0.40625
488.958518699976	0.40625
488.9754790999	0.40625
488.991610399913	0.40625
489.008393700002	0.40625
489.02538389992	0.40625
489.04189829994	0.40625
489.058297599899	0.40625
489.075031899847	0.40625
489.091902499786	0.40625
489.108373099938	0.40625
489.125016300008	0.40625
489.141914999811	0.40625
489.158464299981	0.40625
489.175525199855	0.40625
489.191902399994	0.40625
489.208688699873	0.40625
489.225285199936	0.40625
489.242011799943	0.40625
489.258363599889	0.40625
489.275405399967	0.40625
489.291625499958	0.40625
489.308562999824	0.40625
489.325206100009	0.40625
489.34212419996	0.40625
489.358557899948	0.40625
489.375554599799	0.40625
489.391598699847	0.40625
489.408352899831	0.40625
489.425383699825	0.40625
489.44178429991	0.40625
489.458526599919	0.40625
489.475274799857	0.40625
489.491829699837	0.40625
489.508312799968	0.40625
489.524865899934	0.40625
489.541693399893	0.40625
489.55880140001	0.40625
489.575222000014	0.40625
489.591528999852	0.40625
489.608239799971	0.40625
489.625328999944	0.40625
489.642128799809	0.40625
489.658779899823	0.40625
489.675209299894	0.40625
489.691841899883	0.40625
489.708402099786	0.40625
489.725093799876	0.40625
489.741850499995	0.40625
489.758421099978	0.40625
489.775114899967	0.40625
489.791528299917	0.40625
489.808367099846	0.40625
489.825304299826	0.40625
489.841627599904	0.40625
489.858190099942	0.40625
489.875539999921	0.40625
489.891972099897	0.40625
489.908544800011	0.40625
489.925175799988	0.40625
489.941881099949	0.40625
489.958602799801	0.40625
489.975032399874	0.40625
489.991847299971	0.40625
490.00847559981	0.40625
490.025403699838	0.40625
490.042052799836	0.40625
490.058633500012	0.40625
490.075306899846	0.40625
490.09187559993	0.40625
490.108156999806	0.40625
490.125253799837	0.40625
490.141658099834	0.40625
490.158322699834	0.40625
490.1749369998	0.40625
490.191635799827	0.40625
490.208157399902	0.40625
490.225202600006	0.40625
490.242039899807	0.40625
490.258563499898	0.40625
490.275374599965	0.40625
490.291867099935	0.40625
490.308431699872	0.40625
490.325206399895	0.40625
490.34171009995	0.40625
490.358093699906	0.40625
490.375160399824	0.40625
490.391937099863	0.40625
490.408167699818	0.40625
490.425260299817	0.40625
490.441867099842	0.40625
490.458568499889	0.40625
490.475485899951	0.40625
490.491964899935	0.40625
490.508292399812	0.40625
490.525254499866	0.40625
490.541736799991	0.40625
490.558485799935	0.40625
490.575198599836	0.40625
490.5918083	0.40625
490.608299999963	0.40625
490.625144099817	0.40625
490.641099599889	0.40625
490.658418299863	0.40625
490.675262499833	0.40625
490.691842	0.40625
490.708263800014	0.40625
490.72496989998	0.40625
490.741668599891	0.40625
490.758215099806	0.40625
490.775100299856	0.40625
490.792194099864	0.40625
490.8084811999	0.40625
490.8251916999	0.40625
490.841809799895	0.40625
490.858462899923	0.40625
490.875256699976	0.40625
490.891393599799	0.40625
490.908228599932	0.40625
490.924892799929	0.40625
490.941716399975	0.40625
490.958257199964	0.40625
490.974911700003	0.40625
490.991979299812	0.40625
491.00855379994	0.40625
491.025613399921	0.40625
491.041842099978	0.40625
491.058649200015	0.40625
491.075188199989	0.40625
491.091836599866	0.40625
491.108225899981	0.40625
491.125154099893	0.40625
491.141974299913	0.40625
491.158283299999	0.40625
491.175118699903	0.40625
491.191821999848	0.40625
491.208357199794	0.40625
491.224917099811	0.40625
491.241827299818	0.40625
491.258298899978	0.40625
491.274882499827	0.40625
491.291808199836	0.40625
491.308182199951	0.40625
491.324867099989	0.40625
491.341508099809	0.40625
491.358221099945	0.40625
491.374778999947	0.40625
491.392955699936	0.40625
491.408778699813	0.40625
491.425397899933	0.40625
491.441481699934	0.40625
491.458818599815	0.40625
491.474855399923	0.40625
491.491712999996	0.40625
491.508279599948	0.40625
491.525340799941	0.40625
491.541492999997	0.40625
491.558415999869	0.40625
491.575128199998	0.40625
491.591801099945	0.40625
491.608236599946	0.40625
491.62542019994	0.40625
491.641879200004	0.40625
491.658624999924	0.40625
491.675098399865	0.40625
491.691687899875	0.40625
491.708477600012	0.40625
491.725551899988	0.40625
491.741913999896	0.40625
491.758514399873	0.40625
491.775239699986	0.40625
491.791735299863	0.40625
491.808522899868	0.40625
491.825253399787	0.40625
491.841871799901	0.40625
491.858406899963	0.40625
491.875404599821	0.40625
491.891609899933	0.40625
491.908088399796	0.40625
491.92502129986	0.40625
491.941770399921	0.40625
491.958242199849	0.40625
491.975068299798	0.40625
491.991131399991	0.40625
492.007816399913	0.40625
492.024703699863	0.40625
492.041727499804	0.40625
492.058395799948	0.40625
492.074988199864	0.40625
492.091695799958	0.40625
492.109367999947	0.40625
492.125129499938	0.40625
492.142534399871	0.40625
492.158646099968	0.40625
492.174647799926	0.40625
492.191771499813	0.40625
492.208102299832	0.40625
492.224927600008	0.40625
492.241495299852	0.40625
492.258644899819	0.40625
492.274922000011	0.40625
492.291533099953	0.40625
492.308579499833	0.40625
492.325375699904	0.40625
492.341951899929	0.40625
492.358456799993	0.40625
492.375118199969	0.40625
492.391710999887	0.40625
492.408491799841	0.40625
492.425382399932	0.40625
492.441803299822	0.40625
492.458570599789	0.40625
492.47490559984	0.40625
492.491896199994	0.40625
492.508442799794	0.40625
492.525320699904	0.40625
492.541812199866	0.40625
492.55858689989	0.40625
492.575607499806	0.40625
492.591583099915	0.40625
492.608402599813	0.40625
492.62501219986	0.40625
492.641747699818	0.40625
492.658527999884	0.40625
492.675013099797	0.40625
492.691920999903	0.40625
492.708423399832	0.40625
492.725328499917	0.40625
492.741605499992	0.40625
492.758104899898	0.40625
492.774899499957	0.40625
492.791695399908	0.40625
492.808548299829	0.40625
492.825078899972	0.40625
492.841589499963	0.40625
492.858360799961	0.40625
492.875538399909	0.40625
492.891506699845	0.40625
492.908289499814	0.40625
492.924986699829	0.40625
492.941845899913	0.40625
492.957992499927	0.40625
492.9750816999	0.40625
492.991691399831	0.40625
493.008381399792	0.40625
493.024977499852	0.40625
493.041752099991	0.40625
493.058237199904	0.40625
493.076521500014	0.40625
493.091810999904	0.40625
493.108119599987	0.40625
493.125268699834	0.40625
493.141470199917	0.40625
493.157864399953	0.40625
493.175375899998	0.40625
493.191692099907	0.40625
493.208395799855	0.40625
493.225407199934	0.40625
493.241750999819	0.40625
493.258545699995	0.40625
493.275089799892	0.40625
493.2912029	0.40625
493.308381899958	0.40625
493.32484089979	0.40625
493.341571899829	0.40625
493.358191899955	0.40625
493.375267199939	0.40625
493.391189999878	0.40625
493.408712100005	0.40625
493.425406999886	0.40625
493.441751000006	0.40625
493.458491399884	0.40625
493.475065599894	0.40625
493.491581899812	0.40625
493.508544899989	0.40625
493.525002299808	0.40625
493.541524400003	0.40625
493.55854329979	0.40625
493.574764499906	0.40625
493.591279999819	0.40625
493.608399499906	0.40625
493.625277599785	0.40625
493.641584499972	0.40625
493.658031299943	0.40625
493.675170699833	0.40625
493.691730499966	0.40625
493.708522199886	0.40625
493.72479639994	0.40625
493.741762299789	0.40625
493.758390299976	0.40625
493.774969699793	0.40625
493.791502199834	0.40625
493.808649499901	0.40625
493.825057299808	0.40625
493.842017399846	0.40625
493.858378899982	0.40625
493.875100399833	0.40625
493.891580199823	0.40625
493.90830819984	0.40625
493.925065699965	0.40625
493.941758199828	0.40625
493.95865109982	0.40625
493.97484229994	0.40625
493.991462899838	0.40625
494.008384499932	0.40625
494.025120100006	0.40625
494.041198799852	0.40625
494.058401499875	0.40625
494.075243299827	0.40625
494.091467399849	0.40625
494.108147799969	0.40625
494.1251265998	0.40625
494.141560699791	0.40625
494.158870199928	0.40625
494.175254500005	0.40625
494.191352399997	0.40625
494.208720499882	0.40625
494.225050499896	0.40625
494.241345299874	0.40625
494.258435499854	0.40625
494.275023699971	0.40625
494.291557499906	0.40625
494.308301999932	0.40625
494.325136499945	0.40625
494.341111599933	0.40625
494.358164399862	0.40625
494.375166099984	0.40625
494.39145409991	0.40625
494.408265199978	0.40625
494.425181499915	0.40625
494.441640999867	0.40625
494.458464299794	0.40625
494.475044399966	0.40625
494.49125969992	0.40625
494.508159499848	0.40625
494.525149799883	0.40625
494.541173900012	0.40625
494.55852099997	0.40625
494.574737699935	0.40625
494.5918389	0.40625
494.608257599873	0.40625
494.625319499988	0.40625
494.641354999971	0.40625
494.65847819997	0.40625
494.675299899885	0.40625
494.691880899947	0.40625
494.708374899812	0.40625
494.724928000011	0.40625
494.741597199813	0.40625
494.758428399917	0.40625
494.775889599929	0.40625
494.791754599893	0.40625
494.808128699893	0.40625
494.825047399849	0.40625
494.841333799995	0.40625
494.858512899838	0.40625
494.875245400006	0.40625
494.891802900005	0.40625
494.908473499818	0.40625
494.925138899824	0.40625
494.941620999947	0.40625
494.958573099924	0.40625
494.975031399867	0.40625
494.991428899812	0.40625
495.008116399869	0.40625
495.024746899959	0.40625
495.041669799946	0.40625
495.058208299801	0.40625
495.075366299832	0.40625
495.091069999849	0.40625
495.10867039999	0.40625
495.1250173999	0.40625
495.141714099795	0.40625
495.158332599793	0.40625
495.174674300011	0.40625
495.191588399932	0.40625
495.208410799969	0.40625
495.225126399891	0.40625
495.24130419991	0.40625
495.258475199807	0.40625
495.27502699988	0.40625
495.291824499844	0.40625
495.308220600011	0.40625
495.325003499864	0.40625
495.341889999807	0.40625
495.358091499889	0.40625
495.374980799854	0.40625
495.391266899882	0.40625
495.408411499811	0.40625
495.425099899992	0.40625
495.441512099933	0.40625
495.458459199872	0.40625
495.474735599943	0.40625
495.491592699895	0.40625
495.508405499859	0.40625
495.525164799998	0.40625
495.541426399956	0.40625
495.558363199933	0.40625
495.575055899797	0.40625
495.591642200015	0.40625
495.608292799909	0.40625
495.625178499846	0.40625
495.641395999817	0.40625
495.658443499822	0.40625
495.675739399856	0.40625
495.691289699869	0.40625
495.708329999819	0.40625
495.724861699855	0.40625
495.741515799891	0.40625
495.758254899876	0.40625
495.774874999886	0.40625
495.791582999984	0.40625
495.808419199893	0.40625
495.82519569993	0.40625
495.841511499835	0.40625
495.858273199992	0.40625
495.87471039989	0.40625
495.892012099968	0.40625
495.908127299976	0.40625
495.92497419985	0.40625
495.941273399862	0.40625
495.958312399918	0.40625
495.975131599931	0.40625
495.991236499976	0.40625
496.008312599966	0.40625
496.024996699998	0.40625
496.041510100011	0.40625
496.058316699928	0.40625
496.07522889995	0.40625
496.091614699923	0.40625
496.108267099829	0.40625
496.12502919999	0.40625
496.141436300008	0.40625
496.158316100016	0.40625
496.175036299974	0.40625
496.191623699851	0.40625
496.208294800017	0.40625
496.224599099951	0.40625
496.24133999995	0.40625
496.258328099968	0.40625
496.274670399958	0.40625
496.291196499951	0.40625
496.308372299885	0.40625
496.325048799859	0.40625
496.341615999816	0.40625
496.358072499977	0.40625
496.374925399898	0.40625
496.391590699786	0.40625
496.408391400008	0.40625
496.42497469997	0.40625
496.441379199969	0.40625
496.458502699854	0.40625
496.474527599989	0.40625
496.492033099988	0.40625
496.508278399939	0.40625
496.524998100009	0.40625
496.541622399818	0.40625
496.558087899815	0.40625
496.575011199806	0.40625
496.591683399864	0.40625
496.608049099799	0.40625
496.625352599891	0.40625
496.641577499919	0.40625
496.658291299827	0.40625
496.674979999894	0.40625
496.691685099853	0.40625
496.70814449992	0.40625
496.724984399974	0.40625
496.741230399814	0.40625
496.758277299814	0.40625
496.774671699852	0.40625
496.791644799989	0.40625
496.808535999851	0.40625
496.824952399824	0.40625
496.841539599933	0.40625
496.858373399824	0.40625
496.875008099945	0.40625
496.891522299964	0.40625
496.908257399919	0.40625
496.925020399969	0.40625
496.941552199889	0.40625
496.958499899833	0.40625
496.974875699962	0.40625
496.991450899979	0.40625
497.008225800004	0.40625
497.024688299978	0.40625
497.041062499862	0.40625
497.057997899828	0.40625
497.07449459983	0.40625
497.091481199954	0.40625
497.107958399924	0.40625
497.124532699818	0.40625
497.141524899984	0.40625
497.158186499961	0.40625
497.17515029991	0.40625
497.19160609995	0.40625
497.207966799848	0.40625
497.224908599863	0.40625
497.241568299942	0.40625
497.258248999948	0.40625
497.274808799848	0.40625
497.291726699797	0.40625
497.308417599881	0.40625
497.324827799806	0.40625
497.341527499957	0.40625
497.358062999789	0.40625
497.374975799816	0.40625
497.391519699944	0.40625
497.408027699916	0.40625
497.424876599805	0.40625
497.441616699798	0.40625
497.458923599916	0.40625
497.475112799788	0.40625
497.491376899881	0.40625
497.508203599835	0.40625
497.524839699967	0.40625
497.541436399799	0.40625
497.558072799817	0.40625
497.575100699905	0.40625
497.591602199944	0.40625
497.608480799943	0.40625
497.624918899965	0.40625
497.641505999956	0.40625
497.65792119992	0.40625
497.674726399826	0.40625
497.691551599884	0.40625
497.708137299865	0.40625
497.725128999911	0.40625
497.740928499959	0.40625
497.758331399877	0.40625
497.774812599877	0.40625
497.791094799992	0.40625
497.808200099971	0.40625
497.824863399845	0.40625
497.841580899898	0.40625
497.858145599952	0.40625
497.874707399867	0.40625
497.891493299976	0.40625
497.908160399878	0.40625
497.924899199978	0.40625
497.941536099883	0.40625
497.95789989992	0.40625
497.974867899902	0.40625
497.991593299899	0.40625
498.008590699872	0.40625
498.024676499888	0.40625
498.041321799858	0.40625
498.058007599786	0.40625
498.074800199829	0.40625
498.090986999916	0.40625
498.108389199944	0.40625
498.124820099911	0.40625
498.141334199812	0.40625
498.157987999963	0.40625
498.174898599973	0.40625
498.191653499845	0.40625
498.208051099908	0.40625
498.224872599822	0.40625
498.241553099826	0.40625
498.258176299976	0.40625
498.274871399859	0.40625
498.29155009985	0.40625
498.3085882999	0.40625
498.324701299891	0.40625
498.341253999854	0.40625
498.357956299791	0.40625
498.374581999844	0.40625
498.391332499916	0.40625
498.407914899988	0.40625
498.4246617998	0.40625
498.441510499921	0.40625
498.457866800018	0.40625
498.47463349998	0.40625
498.491243399912	0.40625
498.508043699898	0.40625
498.524751499994	0.40625
498.541333899833	0.40625
498.557926299982	0.40625
498.574700499885	0.40625
498.591498999856	0.40625
498.608352700016	0.40625
498.624946499942	0.40625
498.641543400008	0.40625
498.657891699811	0.40625
498.674893499818	0.40625
498.691586599918	0.40625
498.708106099861	0.40625
498.724928299896	0.40625
498.741470699897	0.40625
498.758235599846	0.40625
498.774680999806	0.40625
498.791733799968	0.40625
498.808226599824	0.40625
498.824631399941	0.40625
498.84094779985	0.40625
498.857884799829	0.40625
498.874866299797	0.40625
498.891584699973	0.40625
498.908333699917	0.40625
498.924720699899	0.40625
498.946010599844	0.40625
498.958273799857	0.40625
498.974990399787	0.40625
498.991381499916	0.40625
499.008060899796	0.40625
499.024924299913	0.40625
499.041709499899	0.40625
499.058002399979	0.40625
499.074584299931	0.40625
499.091671699891	0.40625
499.108219199814	0.40625
499.124706099974	0.40625
499.141681599896	0.40625
499.158037899993	0.40625
499.174965799786	0.40625
499.191668899963	0.40625
499.208269299939	0.40625
499.224656099919	0.40625
499.241522899829	0.40625
499.258326899959	0.40625
499.274849599926	0.40625
499.291392599931	0.40625
499.307908299845	0.40625
499.324845999945	0.40625
499.341540799942	0.40625
499.358205899829	0.40625
499.374710599892	0.40625
499.391433299985	0.40625
499.408169699833	0.40625
499.424972199835	0.40625
499.44167859992	0.40625
499.45796629996	0.40625
499.474917299813	0.40625
499.492033599876	0.40625
499.507997500012	0.40625
499.525090100011	0.40625
499.541615899885	0.40625
499.558225999819	0.40625
499.575070999796	0.40625
499.591510999948	0.40625
499.608075199882	0.40625
499.624808999943	0.40625
499.641878299881	0.40625
499.658246499952	0.40625
499.674854499986	0.40625
499.691493499791	0.40625
499.708258199971	0.40625
499.725321399979	0.40625
499.741074299905	0.40625
499.758177699987	0.40625
499.774800699903	0.40625
499.791076399852	0.40625
499.808120599948	0.40625
499.824948799796	0.40625
499.841582199791	0.40625
499.858263499802	0.40625
499.874830299988	0.40625
499.891434699995	0.40625
499.908200599952	0.40625
499.924847899936	0.40625
499.941480799811	0.40625
499.957785599865	0.40625
499.974576399894	0.40625
499.991200399818	0.40625
500.008160699857	0.40625
500.024950499879	0.40625
500.041410999838	0.40625
500.058218599996	0.40625
500.074835699983	0.40625
500.091289100004	0.40625
500.108268199954	0.40625
500.125552400015	0.40625
500.141132399905	0.40625
500.158143099863	0.40625
500.174805399962	0.40625
500.191281099804	0.40625
500.208146399818	0.40625
500.224744200008	0.40625
500.241297699977	0.40625
500.258082399843	0.40625
500.274513099808	0.40625
500.291477699997	0.40625
500.30826059985	0.40625
500.324710099958	0.40625
500.341753899818	0.40625
500.357762499945	0.40625
500.374812799972	0.40625
500.391679199878	0.40625
500.408329800004	0.40625
500.424778899876	0.40625
500.441684299847	0.40625
500.457774499897	0.40625
500.476251899963	0.40625
500.492652899818	0.40625
500.508803399978	0.40625
500.524771299912	0.40625
500.546089299954	0.40625
500.558218899881	0.40625
500.574726599967	0.40625
500.592018999858	0.40625
500.608202899806	0.40625
500.624872899847	0.40625
500.641989899799	0.40625
500.658321999945	0.40625
500.674900699873	0.40625
500.691526899813	0.40625
500.708025199827	0.40625
500.725083599798	0.40625
500.740853599971	0.40625
500.758066299837	0.40625
500.774760299828	0.40625
500.791317399824	0.40625
500.807927699992	0.40625
500.824763200013	0.40625
500.841217899928	0.40625
500.858346099965	0.40625
500.874726299895	0.40625
500.891577299917	0.40625
500.908036499983	0.40625
500.924787499942	0.40625
500.941609399859	0.40625
500.95813789987	0.40625
500.974767099833	0.40625
500.991233999841	0.40625
501.008026799886	0.40625
501.024789799936	0.40625
501.041378199821	0.40625
501.058253999799	0.40625
501.074908499839	0.40625
501.091620699968	0.40625
501.107877299888	0.40625
501.124743399909	0.40625
501.141524699982	0.40625
501.157970799832	0.40625
501.174645499792	0.40625
501.191294899909	0.40625
501.207698799903	0.40625
501.224742499879	0.40625
501.24129149993	0.40625
501.257850599941	0.40625
501.274743199814	0.40625
501.291237999918	0.40625
501.30802779994	0.40625
501.325093199965	0.40625
501.341516299872	0.40625
501.358162399847	0.40625
501.374834499788	0.40625
501.391485699918	0.40625
501.407854299992	0.40625
501.424727499951	0.40625
501.441276999889	0.40625
501.458091199864	0.40625
501.474256299902	0.40625
501.491568599828	0.40625
501.508275899803	0.40625
501.524886199972	0.40625
501.541571799899	0.40625
501.558181699831	0.40625
501.574855899904	0.40625
501.591634599958	0.40625
501.608154299902	0.40625
501.624814399984	0.40625
501.641568099847	0.40625
501.658171699848	0.40625
501.674678599928	0.40625
501.691591399955	0.40625
501.707884999923	0.40625
501.724663799861	0.40625
501.741396799916	0.40625
501.757772099925	0.40625
501.77473789989	0.40625
501.791563799838	0.40625
501.808173399884	0.40625
501.824693099828	0.40625
501.841591999866	0.40625
501.858001899906	0.40625
501.874754199991	0.40625
501.891568599967	0.40625
501.908018699847	0.40625
501.924944299972	0.40625
501.940909199882	0.40625
501.957896200009	0.40625
501.974532799795	0.40625
501.991463999962	0.40625
502.008002799936	0.40625
502.024383499986	0.40625
502.041686699959	0.40625
502.058060399955	0.40625
502.074454999994	0.40625
502.090878899908	0.40625
502.108244699892	0.40625
502.12440199987	0.40625
502.141102699796	0.40625
502.157981799915	0.40625
502.174500499852	0.40625
502.191018699901	0.40625
502.208080000011	0.40625
502.224646999966	0.40625
502.241470600013	0.40625
502.258103699889	0.40625
502.274703199975	0.40625
502.2915393	0.40625
502.308089999948	0.40625
502.324729799991	0.40625
502.341300599976	0.40625
502.357671099948	0.40625
502.374387099873	0.40625
502.39138159994	0.40625
502.40779239987	0.40625
502.424941099947	0.40625
502.441580399871	0.40625
502.458082199795	0.40625
502.474692699965	0.40625
502.491669399897	0.40625
502.507974399952	0.40625
502.524715799838	0.40625
502.542034499813	0.40625
502.55786439986	0.40625
502.574240299873	0.40625
502.591584399808	0.40625
502.607985999901	0.40625
502.624480899889	0.40625
502.641499599908	0.40625
502.65801299992	0.40625
502.674345999956	0.40625
502.69111809996	0.40625
502.707859599963	0.40625
502.724648199975	0.40625
502.741594999796	0.40625
502.758169499924	0.40625
502.774464399787	0.40625
502.791499399813	0.40625
502.807678799843	0.40625
502.824180399999	0.40625
502.841340699932	0.40625
502.857838299824	0.40625
502.874317299807	0.40625
502.891109099844	0.40625
502.907641500002	0.40625
502.924657299882	0.40625
502.941164199961	0.40625
502.958015299868	0.40625
502.974179300014	0.40625
502.991539699957	0.40625
503.008075199788	0.40625
503.024672399973	0.40625
503.041608399944	0.40625
503.058025999926	0.40625
503.074344999855	0.40625
503.091370899929	0.40625
503.108152600005	0.40625
503.12476099981	0.40625
503.141081199981	0.40625
503.158061299939	0.40625
503.174213899998	0.40625
503.191099599935	0.40625
503.20831919997	0.40625
503.22420930001	0.40625
503.241521599935	0.40625
503.258199799806	0.40625
503.274512599921	0.40625
503.29132339987	0.40625
503.308283599792	0.40625
503.324384799926	0.40625
503.3415680998	0.40625
503.358365399996	0.40625
503.37422639993	0.40625
503.391468799906	0.40625
503.407886700006	0.40625
503.424283499829	0.40625
503.441510099918	0.40625
503.457822599914	0.40625
503.474341199966	0.40625
503.491632999852	0.40625
503.50808059983	0.40625
503.524330299813	0.40625
503.541501399828	0.40625
503.558163099922	0.40625
503.574294399936	0.40625
503.591242199996	0.40625
503.607913799817	0.40625
503.6243162998	0.40625
503.641012099804	0.40625
503.657787299948	0.40625
503.674500899855	0.40625
503.691489899997	0.40625
503.708380299853	0.40625
503.724785599858	0.40625
503.741650799988	0.40625
503.758034999948	0.40625
503.774571399903	0.40625
503.791782099986	0.40625
503.807633499848	0.40625
503.824265499832	0.40625
503.841522799805	0.40625
503.857985999901	0.40625
503.874307499966	0.40625
503.8910836	0.40625
503.907988799969	0.40625
503.924200899899	0.40625
503.941511899931	0.40625
503.958076299867	0.40625
503.974297699984	0.40625
503.991078999825	0.40625
504.00793559989	0.40625
504.024159999797	0.40625
504.041389299789	0.40625
504.05774339987	0.40625
504.074629099807	0.40625
504.091181699885	0.40625
504.107750199968	0.40625
504.124364899937	0.40625
504.141304899938	0.40625
504.157870299881	0.40625
504.174291000003	0.40625
504.191032300005	0.40625
504.208078199998	0.40625
504.224851100007	0.40625
504.241083699977	0.40625
504.258020099951	0.40625
504.27422939986	0.40625
504.291503299959	0.40625
504.307971999981	0.40625
504.324222999858	0.40625
504.341251299949	0.40625
504.357945599826	0.40625
504.374669499928	0.40625
504.391387799988	0.40625
504.40820249985	0.40625
504.424216699786	0.40625
504.441144399811	0.40625
504.457991099916	0.40625
504.474902399816	0.40625
504.493645499926	0.40625
504.508145199856	0.40625
504.524396399967	0.40625
504.541737199994	0.40625
504.558121299837	0.40625
504.574206099845	0.40625
504.591073899996	0.40625
504.607973199803	0.40625
504.624541800003	0.40625
504.641338199843	0.40625
504.657615199918	0.40625
504.674630399793	0.40625
504.691068599932	0.40625
504.707601599861	0.40625
504.724610199919	0.40625
504.741428099805	0.40625
504.757988699945	0.40625
504.774684599834	0.40625
504.791591299931	0.40625
504.808054199908	0.40625
504.824674999807	0.40625
504.841488000005	0.40625
504.857715099817	0.40625
504.874614899978	0.40625
504.891116299899	0.40625
504.907711099833	0.40625
504.924404899823	0.40625
504.941044499865	0.40625
504.958058299962	0.40625
504.97465439979	0.40625
504.991711199982	0.40625
505.007952899905	0.40625
505.024535299977	0.40625
505.041296399897	0.40625
505.057739199838	0.40625
505.074342399836	0.40625
505.091459399788	0.40625
505.108030800009	0.40625
505.124701499939	0.40625
505.140996799804	0.40625
505.157862599939	0.40625
505.174385199789	0.40625
505.191503799986	0.40625
505.208222099813	0.40625
505.224383899942	0.40625
505.241497499868	0.40625
505.257834199816	0.40625
505.274271099828	0.40625
505.290999099845	0.40625
505.307988199871	0.40625
505.324310099939	0.40625
505.34103159979	0.40625
505.35778849991	0.40625
505.374602099881	0.40625
505.39091239986	0.40625
505.407802299829	0.40625
505.424608999863	0.40625
505.441280999919	0.40625
505.45803739992	0.40625
505.474861399969	0.40625
505.491378299892	0.40625
505.508074799785	0.40625
505.524275999982	0.40625
505.540995499818	0.40625
505.55783259985	0.40625
505.574634099845	0.40625
505.591479599942	0.40625
505.607936299872	0.40625
505.624605499906	0.40625
505.641273099929	0.40625
505.65765209985	0.40625
505.674267799826	0.40625
505.69117409992	0.40625
505.707829399966	0.40625
505.72423419985	0.40625
505.741297399858	0.40625
505.757985899923	0.40625
505.774602199905	0.40625
505.791440399829	0.40625
505.807564100018	0.40625
505.824680899968	0.40625
505.841366400011	0.40625
505.858039099956	0.40625
505.874107799958	0.40625
505.891291599954	0.40625
505.90776699991	0.40625
505.924135799985	0.40625
505.941645999905	0.40625
505.958108299877	0.40625
505.974201699952	0.40625
505.991217399947	0.40625
506.008035999956	0.40625
506.024644699879	0.40625
506.041222099913	0.40625
506.057474999921	0.40625
506.074240199989	0.40625
506.091089199996	0.40625
506.10779979988	0.40625
506.124803899787	0.40625
506.141254899791	0.40625
506.157804899849	0.40625
506.175058399793	0.40625
506.191147299949	0.40625
506.208116899943	0.40625
506.224173999857	0.40625
506.240695199929	0.40625
506.25751939998	0.40625
506.274672099855	0.40625
506.290975999786	0.40625
506.307889299933	0.40625
506.324455800001	0.40625
506.341372199822	0.40625
506.357862799894	0.40625
506.374638999812	0.40625
506.391376300016	0.40625
506.407532099867	0.40625
506.424009799957	0.40625
506.44079009979	0.40625
506.457733399933	0.40625
506.474573299987	0.40625
506.490886999993	0.40625
506.50798809994	0.40625
506.524434899911	0.40625
506.541443299968	0.40625
506.558195199817	0.40625
506.574564399896	0.40625
506.591365299886	0.40625
506.607822599821	0.40625
506.624568399973	0.40625
506.641170999967	0.40625
506.657605699962	0.40625
506.674118299969	0.40625
506.691232899902	0.40625
506.707853899803	0.40625
506.724185199942	0.40625
506.741690199822	0.40625
506.757818299811	0.40625
506.774415599881	0.40625
506.791637299815	0.40625
506.807782499818	0.40625
506.824787399964	0.40625
506.841395800002	0.40625
506.857612999855	0.40625
506.8746985998	0.40625
506.890788099961	0.40625
506.907621499849	0.40625
506.924316399964	0.40625
506.940863600001	0.40625
506.957749999827	0.40625
506.974607599899	0.40625
506.990907299798	0.40625
507.007723599905	0.40625
507.024634199915	0.40625
507.041023899801	0.40625
507.057785499841	0.40625
507.074478299823	0.40625
507.091051699826	0.40625
507.107980199857	0.40625
507.124168999959	0.40625
507.141283999896	0.40625
507.157702299999	0.40625
507.174754399806	0.40625
507.190998699982	0.40625
507.207889599958	0.40625
507.224486499792	0.40625
507.241123099811	0.40625
507.257779099979	0.40625
507.274624299956	0.40625
507.291316399816	0.40625
507.307597799925	0.40625
507.324146299856	0.40625
507.341323999921	0.40625
507.357847299892	0.40625
507.374551299959	0.40625
507.391276999842	0.40625
507.407582599903	0.40625
507.424792899983	0.40625
507.441573399818	0.40625
507.457691299962	0.40625
507.474542699987	0.40625
507.491422099993	0.40625
507.507753399899	0.40625
507.524331299821	0.40625
507.541201899992	0.40625
507.557348199887	0.40625
507.57458759984	0.40625
507.59131599986	0.40625
507.607609099941	0.40625
507.624638199806	0.40625
507.641151099931	0.40625
507.657682299847	0.40625
507.674614899792	0.40625
507.691488699988	0.40625
507.707919199951	0.40625
507.724573999876	0.40625
507.740973599954	0.40625
507.757248299895	0.40625
507.774605699815	0.40625
507.791319499956	0.40625
507.807699600002	0.40625
507.824370799819	0.40625
507.841147199972	0.40625
507.857913399814	0.40625
507.874290499836	0.40625
507.891348599922	0.40625
507.907630099915	0.40625
507.924353299895	0.40625
507.941360799829	0.40625
507.957633599872	0.40625
507.974533599801	0.40625
507.991242299788	0.40625
508.007885699859	0.40625
508.024635899812	0.40625
508.041097699897	0.40625
508.057782899821	0.40625
508.075174199883	0.40625
508.090985399904	0.40625
508.107593899826	0.40625
508.124553299975	0.40625
508.141119999811	0.40625
508.157808799995	0.40625
508.174102899851	0.40625
508.191017000005	0.40625
508.207900999812	0.40625
508.224295999855	0.40625
508.240843100008	0.40625
508.257778299972	0.40625
508.274510499788	0.40625
508.291287099943	0.40625
508.30784959998	0.40625
508.324734099908	0.40625
508.341543999966	0.40625
508.357941799797	0.40625
508.374709799886	0.40625
508.391172599979	0.40625
508.407793699997	0.40625
508.424121899996	0.40625
508.440982399974	0.40625
508.4580174	0.40625
508.474552799948	0.40625
508.491085999878	0.40625
508.507971599931	0.40625
508.525089900009	0.40625
508.541228099959	0.40625
508.557800099952	0.40625
508.574717399897	0.40625
508.59135789983	0.40625
508.607757499907	0.40625
508.624589199899	0.40625
508.641198399942	0.40625
508.657140199794	0.40625
508.674467899837	0.40625
508.690821399912	0.40625
508.707898799796	0.40625
508.724742999999	0.40625
508.740891799796	0.40625
508.757729899837	0.40625
508.774782699998	0.40625
508.79117929982	0.40625
508.807689299807	0.40625
508.824583699927	0.40625
508.841482399963	0.40625
508.857542299898	0.40625
508.87482789997	0.40625
508.89081449993	0.40625
508.907389499946	0.40625
508.924794699997	0.40625
508.941028399859	0.40625
508.957876699977	0.40625
508.974525999976	0.40625
508.991134600015	0.40625
509.007716999855	0.40625
509.02451329981	0.40625
509.041180399945	0.40625
509.057627799921	0.40625
509.074539999943	0.40625
509.091042499989	0.40625
509.107732299948	0.40625
509.124158899998	0.40625
509.141343900003	0.40625
509.157884399872	0.40625
509.17459329986	0.40625
509.191269099945	0.40625
509.207774099894	0.40625
509.22449980001	0.40625
509.241322799819	0.40625
509.25774089992	0.40625
509.274517699843	0.40625
509.290982699953	0.40625
509.3075201998	0.40625
509.324597599916	0.40625
509.341330099851	0.40625
509.357792299939	0.40625
509.374251500005	0.40625
509.391360600013	0.40625
509.407620899845	0.40625
509.424315199954	0.40625
509.441429599887	0.40625
509.457470999798	0.40625
509.474893199978	0.40625
509.491335099796	0.40625
509.508008399978	0.40625
509.524570599897	0.40625
509.541439399822	0.40625
509.558433600003	0.40625
509.574246999808	0.40625
509.591188799823	0.40625
509.607712799916	0.40625
509.62414469989	0.40625
509.640810800018	0.40625
509.657538399799	0.40625
509.674496199936	0.40625
509.691328399815	0.40625
509.707476999843	0.40625
509.724527699873	0.40625
509.741205299972	0.40625
509.75771239982	0.40625
509.774280999787	0.40625
509.791087699821	0.40625
509.807840099791	0.40625
509.824527899968	0.40625
509.84141210001	0.40625
509.85763029987	0.40625
509.87434390001	0.40625
509.891182499938	0.40625
509.907578599872	0.40625
509.924549699994	0.40625
509.942043499788	0.40625
509.95779629983	0.40625
509.974495899864	0.40625
509.991216999944	0.40625
510.007582799997	0.40625
510.024583799997	0.40625
510.040938499849	0.40625
510.058290099958	0.40625
510.074556299951	0.40625
510.091209899867	0.40625
510.107698199805	0.40625
510.124559199903	0.40625
510.140918899793	0.40625
510.157802199945	0.40625
510.174364099978	0.40625
510.191046199994	0.40625
510.20750839985	0.40625
510.224516299786	0.40625
510.24105909979	0.40625
510.257677499903	0.40625
510.274306699866	0.40625
510.290826699929	0.40625
510.307565399911	0.40625
510.324672299903	0.40625
510.341058999998	0.40625
510.357640699949	0.40625
510.374607799808	0.40625
510.390959799988	0.40625
510.407617199933	0.40625
510.424448499922	0.40625
510.440677699866	0.40625
510.457714099903	0.40625
510.474462199956	0.40625
510.490998699795	0.40625
510.507516699843	0.40625
510.524854699848	0.40625
510.541291199857	0.40625
510.55733539979	0.40625
510.574335999787	0.40625
510.591101799859	0.40625
510.607604099903	0.40625
510.624299899908	0.40625
510.641118099913	0.40625
510.657301399857	0.40625
510.674409499858	0.40625
510.690820199903	0.40625
510.70768659981	0.40625
510.724286899902	0.40625
510.741072200006	0.40625
510.757544199936	0.40625
510.774792899843	0.40625
510.790710199857	0.40625
510.807596299797	0.40625
510.825146199903	0.40625
510.840859499993	0.40625
510.857772099786	0.40625
510.874422699912	0.40625
510.891095999861	0.40625
510.907368699787	0.40625
510.924259799998	0.40625
510.941004399909	0.40625
510.957412599819	0.40625
510.97419229988	0.40625
510.991133200005	0.40625
511.007357299794	0.40625
511.024515199941	0.40625
511.041084799916	0.40625
511.057588499971	0.40625
511.074700800003	0.40625
511.091225999873	0.40625
511.107572699897	0.40625
511.124174199998	0.40625
511.141384399962	0.40625
511.157727799844	0.40625
511.174394599861	0.40625
511.191116799833	0.40625
511.207340199966	0.40625
511.224129599985	0.40625
511.241200199816	0.40625
511.257216400001	0.40625
511.274489699863	0.40625
511.291078699986	0.40625
511.30782909994	0.40625
511.324556899955	0.40625
511.341045599896	0.40625
511.357507399982	0.40625
511.374158299994	0.40625
511.391219599871	0.40625
511.407297399826	0.40625
511.424517499981	0.40625
511.440672399942	0.40625
511.457526599988	0.40625
511.474212899804	0.40625
511.491318000015	0.40625
511.508029799908	0.40625
511.524585499894	0.40625
511.541145699797	0.40625
511.557641499909	0.40625
511.574532399885	0.40625
511.59108669986	0.40625
511.607636699919	0.40625
511.625068799825	0.40625
511.641179099912	0.40625
511.657286899863	0.40625
511.674338199897	0.40625
511.691014499869	0.40625
511.707355699968	0.40625
511.724725099979	0.40625
511.740823499858	0.40625
511.757486499846	0.40625
511.774767499883	0.40625
511.791222599801	0.40625
511.807487000013	0.40625
511.824509399943	0.40625
511.841220199829	0.40625
511.857655899832	0.40625
511.874113800004	0.40625
511.891416299855	0.40625
511.907330499962	0.40625
511.924349299865	0.40625
511.941150599858	0.40625
511.957178100012	0.40625
511.974405599991	0.40625
511.991069899872	0.40625
512.007663399912	0.40625
512.024727899814	0.40625
512.041029299842	0.40625
512.057184599806	0.40625
512.074414699804	0.40625
512.090942099923	0.40625
512.107582599856	0.40625
512.123814699939	0.40625
512.141038700007	0.40625
512.157454899978	0.40625
512.174530499848	0.40625
512.191015399992	0.40625
512.207318999805	0.40625
512.224974700017	0.40625
512.240921199787	0.40625
512.25734989997	0.40625
512.27445919998	0.40625
512.291018599877	0.40625
512.307300799992	0.40625
512.32448709989	0.40625
512.340745999943	0.40625
512.357316199923	0.40625
512.374099599896	0.40625
512.39106659987	0.40625
512.407243399881	0.40625
512.424553899793	0.40625
512.441127599915	0.40625
512.457504299935	0.40625
512.474394699791	0.40625
512.491181299789	0.40625
512.507684499957	0.40625
512.524511699798	0.40625
512.540712999878	0.40625
512.558032299858	0.40625
512.574492699932	0.40625
512.591143699829	0.40625
512.607244599843	0.40625
512.624067900004	0.40625
512.641075599939	0.40625
512.657398199895	0.40625
512.674383099889	0.40625
512.690754199866	0.40625
512.707311999984	0.40625
512.724289999809	0.40625
512.741002099821	0.40625
512.75770279998	0.40625
512.774436399806	0.40625
512.791056299815	0.40625
512.807597199921	0.40625
512.82431899989	0.40625
512.841071199859	0.40625
512.857202799991	0.40625
512.874367799843	0.40625
512.890972899972	0.40625
512.907487999881	0.40625
512.924200000009	0.40625
512.941468799952	0.40625
512.957251999993	0.40625
512.974605599884	0.40625
512.990924299927	0.40625
513.007215499878	0.40625
513.024359199917	0.40625
513.04080670001	0.40625
513.057664399967	0.40625
513.07428229996	0.40625
513.090967499884	0.40625
513.107301499927	0.40625
513.124600899871	0.40625
513.141025499906	0.40625
513.157308999915	0.40625
513.174389399821	0.40625
513.19098529988	0.40625
513.207238999894	0.40625
513.224503099918	0.40625
513.240975899855	0.40625
513.257544399938	0.40625
513.274154199986	0.40625
513.290647999849	0.40625
513.307215899928	0.40625
513.324740799842	0.40625
513.341233799933	0.40625
513.357049199985	0.40625
513.374200399965	0.40625
513.391079999972	0.40625
513.407238399843	0.40625
513.424559099833	0.40625
513.441060499987	0.40625
513.457705499837	0.40625
513.474754299968	0.40625
513.490948599996	0.40625
513.507533699973	0.40625
513.524567899993	0.40625
513.540627199924	0.40625
513.557559499983	0.40625
513.574488699902	0.40625
513.59082069993	0.40625
513.607571600005	0.40625
513.624351399951	0.40625
513.641005799873	0.40625
513.657337799901	0.40625
513.674329499947	0.40625
513.690594399814	0.40625
513.707239500014	0.40625
513.72434909991	0.40625
513.741488099797	0.40625
513.757155699888	0.40625
513.774458999978	0.40625
513.791061799973	0.40625
513.807549599791	0.40625
513.824416399933	0.40625
513.841188799823	0.40625
513.857563699828	0.40625
513.874588799896	0.40625
513.891109099844	0.40625
513.907352000009	0.40625
513.924381499877	0.40625
513.940878599882	0.40625
513.957610799931	0.40625
513.974274099804	0.40625
513.99057559995	0.40625
514.007232199889	0.40625
514.024266999913	0.40625
514.040819299873	0.40625
514.057528099976	0.40625
514.074155999813	0.40625
514.091306299902	0.40625
514.107691099867	0.40625
514.124589699786	0.40625
514.141112699872	0.40625
514.157638399862	0.40625
514.174499099841	0.40625
514.190566099947	0.40625
514.207264499972	0.40625
514.223988399841	0.40625
514.240967299789	0.40625
514.257646899903	0.40625
514.274611099856	0.40625
514.290605099872	0.40625
514.307479499839	0.40625
514.324336499907	0.40625
514.34062669985	0.40625
514.357486099936	0.40625
514.374196799938	0.40625
514.390958599979	0.40625
514.40796189988	0.40625
514.424578199862	0.40625
514.440959299915	0.40625
514.457622899907	0.40625
514.474381499924	0.40625
514.490611599991	0.40625
514.507355599897	0.40625
514.524042899953	0.40625
514.540895999875	0.40625
514.557156399824	0.40625
514.574346799869	0.40625
514.591065999819	0.40625
514.607505099848	0.40625
514.624166799942	0.40625
514.641050199978	0.40625
514.657478099922	0.40625
514.674457699992	0.40625
514.690685999813	0.40625
514.707500699908	0.40625
514.723896299955	0.40625
514.740579299862	0.40625
514.757540699793	0.40625
514.774144499796	0.40625
514.791301499819	0.40625
514.807514299871	0.40625
514.824555199826	0.40625
514.840729399817	0.40625
514.857502899831	0.40625
514.874275399838	0.40625
514.890963899903	0.40625
514.907423799857	0.40625
514.924396499991	0.40625
514.940435699886	0.40625
514.957572299987	0.40625
514.974369499832	0.40625
514.990970499814	0.40625
515.007169999881	0.40625
515.024326999905	0.40625
515.040891699959	0.40625
515.057417799952	0.40625
515.074107199907	0.40625
515.090587500017	0.40625
515.107383699855	0.40625
515.123874999816	0.40625
515.140696899965	0.40625
515.157501699869	0.40625
515.174160099821	0.40625
515.190880399896	0.40625
515.207186599961	0.40625
515.22407129989	0.40625
515.240679699928	0.40625
515.257357199909	0.40625
515.273871099809	0.40625
515.290740899974	0.40625
515.307213199791	0.40625
515.324265099829	0.40625
515.340662000002	0.40625
515.357385899872	0.40625
515.37392009981	0.40625
515.390689599793	0.40625
515.407431099797	0.40625
515.424232099904	0.40625
515.440720299957	0.40625
515.457211299799	0.40625
515.474015099928	0.40625
515.490555599798	0.40625
515.507470199838	0.40625
515.523996399948	0.40625
515.540685399901	0.40625
515.557834199863	0.40625
515.574062699918	0.40625
515.590642299969	0.40625
515.607540899888	0.40625
515.624222300015	0.40625
515.640584299807	0.40625
515.657189199934	0.40625
515.674266799819	0.40625
515.690566199832	0.40625
515.707239599898	0.40625
515.724240599899	0.40625
515.741166799795	0.40625
515.757442799862	0.40625
515.774053899804	0.40625
515.790844399948	0.40625
515.807576299878	0.40625
515.824459899915	0.40625
515.840881899931	0.40625
515.857177099911	0.40625
515.874469199916	0.40625
515.890595899895	0.40625
515.907322000014	0.40625
515.924349699868	0.40625
515.940515099792	0.40625
515.9571632999	0.40625
515.97424999997	0.40625
515.990949400002	0.40625
516.00743160001	0.40625
516.023947899928	0.40625
516.04095519986	0.40625
516.057528799865	0.40625
516.074022499844	0.40625
516.09068389982	0.40625
516.10746129998	0.40625
516.124338499969	0.40625
516.140862799948	0.40625
516.157448999817	0.40625
516.174894899828	0.40625
516.191109000007	0.40625
516.207577099791	0.40625
516.224251199979	0.40625
516.241145899985	0.40625
516.257057999959	0.40625
516.273977999808	0.40625
516.290585299954	0.40625
516.30758969998	0.40625
516.324303400004	0.40625
516.340845899889	0.40625
516.35719169979	0.40625
516.373991800006	0.40625
516.390854599886	0.40625
516.407372599933	0.40625
516.424381499877	0.40625
516.440857899841	0.40625
516.457348399796	0.40625
516.474302499788	0.40625
516.490469199838	0.40625
516.507626699982	0.40625
516.524218899896	0.40625
516.541332499823	0.40625
516.557635799982	0.40625
516.574014999904	0.40625
516.590837499825	0.40625
516.607499899808	0.40625
516.624591799919	0.40625
516.640632999828	0.40625
516.657511399826	0.40625
516.673784399871	0.40625
516.690853999928	0.40625
516.707505999831	0.40625
516.724063199945	0.40625
516.740888	0.40625
516.757650099928	0.40625
516.77445259993	0.40625
516.791108799865	0.40625
516.8075180999	0.40625
516.824249299942	0.40625
516.840824799845	0.40625
516.857852199813	0.40625
516.874005399877	0.40625
516.890590199968	0.40625
516.907398599898	0.40625
516.92382539995	0.40625
516.94090149994	0.40625
516.957287599798	0.40625
516.973866099957	0.40625
516.990894199815	0.40625
517.007537900005	0.40625
517.024023799924	0.40625
517.040846599964	0.40625
517.057306999806	0.40625
517.074253999861	0.40625
517.090691199992	0.40625
517.107669399818	0.40625
517.124349399935	0.40625
517.140836099861	0.40625
517.157687099883	0.40625
517.174111099914	0.40625
517.190723199863	0.40625
517.207329599885	0.40625
517.22400539997	0.40625
517.240450299811	0.40625
517.257654199842	0.40625
517.274274899857	0.40625
517.290732799796	0.40625
517.307738599833	0.40625
517.32421799982	0.40625
517.340936899884	0.40625
517.357450800017	0.40625
517.374233899871	0.40625
517.390554999933	0.40625
517.407538399799	0.40625
517.424235699931	0.40625
517.441063399892	0.40625
517.457260399824	0.40625
517.474057199899	0.40625
517.49110549991	0.40625
517.507931399858	0.40625
517.524124799995	0.40625
517.540863499977	0.40625
517.55757179996	0.40625
517.574167999905	0.40625
517.590798599878	0.40625
517.607239299919	0.40625
517.624202899868	0.40625
517.640565600013	0.40625
517.657035499811	0.40625
517.674224799965	0.40625
517.690430299845	0.40625
517.707447899971	0.40625
517.724159399979	0.40625
517.740985299926	0.40625
517.757322399877	0.40625
517.774334699847	0.40625
517.791011299938	0.40625
517.807521499926	0.40625
517.824115599971	0.40625
517.840591899818	0.40625
517.857169999974	0.40625
517.874099199893	0.40625
517.890811799793	0.40625
517.907483899966	0.40625
517.923894699896	0.40625
517.94064419996	0.40625
517.957570999861	0.40625
517.97440109984	0.40625
517.990967299789	0.40625
518.007462800015	0.40625
518.024224999826	0.40625
518.040612899931	0.40625
518.057279899949	0.40625
518.074439499993	0.40625
518.090862500016	0.40625
518.107268899912	0.40625
518.124075099826	0.40625
518.140551399905	0.40625
518.157973299967	0.40625
518.174092799891	0.40625
518.190549099818	0.40625
518.20751759992	0.40625
518.224095699843	0.40625
518.24086299981	0.40625
518.257457499858	0.40625
518.273939799983	0.40625
518.290985299973	0.40625
518.307438899996	0.40625
518.324258599896	0.40625
518.340569599997	0.40625
518.357587799896	0.40625
518.374538099859	0.40625
518.390563899884	0.40625
518.407294899924	0.40625
518.423946499825	0.40625
518.440635799896	0.40625
518.457462099846	0.40625
518.474044899922	0.40625
518.490640099859	0.40625
518.507494199788	0.40625
518.523878599983	0.40625
518.540486000013	0.40625
518.557378500002	0.40625
518.574292699806	0.40625
518.590669199824	0.40625
518.607494799886	0.40625
518.624381499831	0.40625
518.640762099996	0.40625
518.657803799957	0.40625
518.67445439985	0.40625
518.690632499987	0.40625
518.707520299824	0.40625
518.724248299841	0.40625
518.740809399867	0.40625
518.757437799824	0.40625
518.773801699979	0.40625
518.790602499852	0.40625
518.807270099875	0.40625
518.824233699823	0.40625
518.840377299814	0.40625
518.857534599956	0.40625
518.874381299829	0.40625
518.891122399829	0.40625
518.907725699944	0.40625
518.924545399845	0.40625
518.940455699805	0.40625
518.957584799966	0.40625
518.974119999912	0.40625
518.990539899794	0.40625
519.007528199814	0.40625
519.024127200013	0.40625
519.041649399791	0.40625
519.057638299884	0.40625
519.074169599917	0.40625
519.090717699844	0.40625
519.107422799803	0.40625
519.124101199908	0.40625
519.14088179986	0.40625
519.157286299858	0.40625
519.174003199907	0.40625
519.190752599854	0.40625
519.207403299864	0.40625
519.223724199925	0.40625
519.240379599854	0.40625
519.257469499949	0.40625
519.274130999809	0.40625
519.290387999965	0.40625
519.307388899848	0.40625
519.324015099788	0.40625
519.340888499981	0.40625
519.357326499885	0.40625
519.374115200015	0.40625
519.391942999791	0.40625
519.407139999792	0.40625
519.424099399941	0.40625
519.440685699927	0.40625
519.457570799859	0.40625
519.474094699835	0.40625
519.490477100015	0.40625
519.507452799939	0.40625
519.524199099978	0.40625
519.540534799919	0.40625
519.557256599888	0.40625
519.573993199971	0.40625
519.590745699825	0.40625
519.607347799931	0.40625
519.624048499856	0.40625
519.640649399953	0.40625
519.657392899971	0.40625
519.674074299866	0.40625
519.690772499889	0.40625
519.707503099926	0.40625
519.724277399946	0.40625
519.740734099876	0.40625
519.757507300004	0.40625
519.774159799796	0.40625
519.79073199979	0.40625
519.807486899896	0.40625
519.824208499864	0.40625
519.840714199934	0.40625
519.857394499937	0.40625
519.8741917999	0.40625
519.890482399845	0.40625
519.907513999846	0.40625
519.924244199879	0.40625
519.940594099928	0.40625
519.95759009989	0.40625
519.973687399877	0.40625
519.990604099818	0.40625
520.007460399996	0.40625
520.024173700018	0.40625
520.040486200014	0.40625
520.057221599855	0.40625
520.074140699813	0.40625
520.090529499808	0.40625
520.107352799969	0.40625
520.124022299889	0.40625
520.140913899988	0.40625
520.157437099842	0.40625
520.174035399919	0.40625
520.190600899979	0.40625
520.207101899898	0.40625
520.224066599971	0.40625
520.240124400007	0.40625
520.25701229996	0.40625
520.274146699812	0.40625
520.290667699883	0.40625
520.307421499863	0.40625
520.323878999799	0.40625
520.340431199875	0.40625
520.357302299934	0.40625
520.373942699982	0.40625
520.390644399915	0.40625
520.407463299809	0.40625
520.424252399942	0.40625
520.440556699876	0.40625
520.457019099966	0.40625
520.47396909981	0.40625
520.490038599819	0.40625
520.507180799963	0.40625
520.523644999834	0.40625
520.540643499931	0.40625
520.557421499863	0.40625
520.574244399788	0.40625
520.590866999933	0.40625
520.607539599994	0.40625
520.623843099922	0.40625
520.640689699911	0.40625
520.657257599989	0.40625
520.67416960001	0.40625
520.690577899804	0.40625
520.707490199944	0.40625
520.724465899868	0.40625
520.740930299973	0.40625
520.757344999816	0.40625
520.774141799891	0.40625
520.790577000007	0.40625
520.807354799937	0.40625
520.823883199831	0.40625
520.840962999966	0.40625
520.857371499995	0.40625
520.873841199791	0.40625
520.890978199895	0.40625
520.90746609983	0.40625
520.924159699818	0.40625
520.940794899827	0.40625
520.957244499819	0.40625
520.973585399799	0.40625
520.990151199978	0.40625
521.007427399978	0.40625
521.024203500012	0.40625
521.040726999985	0.40625
521.057239699876	0.40625
521.074026599992	0.40625
521.0908166999	0.40625
521.106783199823	0.40625
521.12390269991	0.40625
521.14023699984	0.40625
521.157444600016	0.40625
521.173963399837	0.40625
521.190600999864	0.40625
521.206788599957	0.40625
521.223789399955	0.40625
521.240394599969	0.40625
521.257275499869	0.40625
521.273799799848	0.40625
521.290509499842	0.40625
521.307250899961	0.40625
521.324096699944	0.40625
521.340439699823	0.40625
521.357209899928	0.40625
521.373994599795	0.40625
521.390364799881	0.40625
521.406855999958	0.40625
521.424035599921	0.40625
521.440033199964	0.40625
521.457430199953	0.40625
521.473759799963	0.40625
521.490648599807	0.40625
521.507511399919	0.40625
521.524730299832	0.40625
521.540729800006	0.40625
521.55729399994	0.40625
521.574062999804	0.40625
521.590796899982	0.40625
521.607148099924	0.40625
521.624158099992	0.40625
521.640405399958	0.40625
521.657071799971	0.40625
521.673932099948	0.40625
521.690285099903	0.40625
521.707431699848	0.40625
521.724031099817	0.40625
521.741014099913	0.40625
521.757693399908	0.40625
521.773977299919	0.40625
521.790480099851	0.40625
521.807613099925	0.40625
521.823709899792	0.40625
521.840064299991	0.40625
521.857324699871	0.40625
521.874189299997	0.40625
521.890220899833	0.40625
521.907379499869	0.40625
521.924222599948	0.40625
521.940296599874	0.40625
521.957118999911	0.40625
521.974248799961	0.40625
521.990761699853	0.40625
522.007412099978	0.40625
522.023980099941	0.40625
522.040540499846	0.40625
522.05711579998	0.40625
522.074012999889	0.40625
522.0907534	0.40625
522.107248999877	0.40625
522.123688499909	0.40625
522.140903799795	0.40625
522.15731099993	0.40625
522.174126799917	0.40625
522.190682200016	0.40625
522.207331199897	0.40625
522.224104999797	0.40625
522.240416799905	0.40625
522.257130499929	0.40625
522.273833599873	0.40625
522.290607600007	0.40625
522.307381899795	0.40625
522.324035299942	0.40625
522.340671299957	0.40625
522.357293699868	0.40625
522.373713399982	0.40625
522.390366300009	0.40625
522.407419099938	0.40625
522.423731999937	0.40625
522.440508699976	0.40625
522.457404999994	0.40625
522.474157299846	0.40625
522.490618799813	0.40625
522.507390199928	0.40625
522.524079099996	0.40625
522.540103799896	0.40625
522.557300499873	0.40625
522.573502899846	0.40625
522.590465199901	0.40625
522.606996399816	0.40625
522.623989499873	0.40625
522.640581399901	0.40625
522.657421799842	0.40625
522.673968999879	0.40625
522.690921799978	0.40625
522.707050499972	0.40625
522.724060199922	0.40625
522.740572899813	0.40625
522.757243299857	0.40625
522.774125800002	0.40625
522.7901064998	0.40625
522.807326799957	0.40625
522.824037099956	0.40625
522.840048499871	0.40625
522.857426199829	0.40625
522.873879099963	0.40625
522.890707299812	0.40625
522.907188699814	0.40625
522.924097099807	0.40625
522.940725699998	0.40625
522.95750979986	0.40625
522.974208700005	0.40625
522.990280999802	0.40625
523.007237899816	0.40625
523.023701299913	0.40625
523.040518399794	0.40625
523.057270799996	0.40625
523.074383799918	0.40625
523.090177099919	0.40625
523.107252399903	0.40625
523.123876299942	0.40625
523.140773899853	0.40625
523.15728179994	0.40625
523.174058999866	0.40625
523.190069200005	0.40625
523.207281099865	0.40625
523.22391619999	0.40625
523.240100999828	0.40625
523.257221199805	0.40625
523.274032799993	0.40625
523.290542299859	0.40625
523.307223799871	0.40625
523.323982500006	0.40625
523.340226499829	0.40625
523.357278399868	0.40625
523.374097999884	0.40625
523.390471099876	0.40625
523.407284799963	0.40625
523.423886499833	0.40625
523.440502599813	0.40625
523.457315899897	0.40625
523.47367159999	0.40625
523.490515099838	0.40625
523.507239199942	0.40625
523.524023799924	0.40625
523.540198499803	0.40625
523.557033299934	0.40625
523.57420319994	0.40625
523.590874199988	0.40625
523.607001899974	0.40625
523.624032799853	0.40625
523.640400799923	0.40625
523.657158299815	0.40625
523.673881899798	0.40625
523.690357899992	0.40625
523.707374599995	0.40625
523.72400229983	0.40625
523.740435499931	0.40625
523.757305899868	0.40625
523.774261099985	0.40625
523.790527899982	0.40625
523.807090699906	0.40625
523.823926199926	0.40625
523.840193999931	0.40625
523.857040799921	0.40625
523.873768699821	0.40625
523.890051799826	0.40625
523.907239099964	0.40625
523.923840599833	0.40625
523.9405313998	0.40625
523.956862499937	0.40625
523.973591699963	0.40625
523.990092799999	0.40625
524.006942600012	0.40625
524.023861799855	0.40625
524.040041399887	0.40625
524.057046099799	0.40625
524.073754099896	0.40625
524.090083099902	0.40625
524.107159700012	0.40625
524.123652199982	0.40625
524.140547499992	0.40625
524.157253699843	0.40625
524.173810499953	0.40625
524.190887199948	0.40625
524.207194399787	0.40625
524.223797200015	0.40625
524.240160099929	0.40625
524.257037799805	0.40625
524.273894999875	0.40625
524.290494599845	0.40625
524.30706729996	0.40625
524.323856099974	0.40625
524.340546999825	0.40625
524.35730969999	0.40625
524.373941699974	0.40625
524.390372199938	0.40625
524.407414899906	0.40625
524.423915899824	0.40625
524.440560000017	0.40625
524.457224099897	0.40625
524.47355929995	0.40625
524.490337800002	0.40625
524.507105999859	0.40625
524.523859399837	0.40625
524.540183199802	0.40625
524.557149600005	0.40625
524.574071499985	0.40625
524.590449400013	0.40625
524.607093799859	0.40625
524.623844399815	0.40625
524.64000909985	0.40625
524.657251799945	0.40625
524.673962799832	0.40625
524.690093699843	0.40625
524.70719789993	0.40625
524.723835599842	0.40625
524.740293199895	0.40625
524.757057599956	0.40625
524.773860099958	0.40625
524.790375099983	0.40625
524.807047299808	0.40625
524.823773499811	0.40625
524.8400675999	0.40625
524.857175899902	0.40625
524.873829599936	0.40625
524.890536199789	0.40625
524.906961199827	0.40625
524.923648899887	0.40625
524.940106099937	0.40625
524.957144399872	0.40625
524.973559199832	0.40625
524.990595099982	0.40625
525.006948199822	0.40625
525.023922799854	0.40625
525.040327799972	0.40625
525.057300999993	0.40625
525.073756399797	0.40625
525.08998849988	0.40625
525.107196499826	0.40625
525.123829199933	0.40625
525.14043359994	0.40625
525.156906799879	0.40625
525.174075799994	0.40625
525.189968799939	0.40625
525.207192200003	0.40625
525.223981099902	0.40625
525.240127199795	0.40625
525.257063299883	0.40625
525.273921199841	0.40625
525.290322099812	0.40625
525.307104100008	0.40625
525.323973799823	0.40625
525.340060699964	0.40625
525.357124799863	0.40625
525.373477499932	0.40625
525.390318799997	0.40625
525.406858299859	0.40625
525.42395249987	0.40625
525.440124999965	0.40625
525.457092699828	0.40625
525.473749599885	0.40625
525.490185400005	0.40625
525.50762109994	0.40625
525.523883200018	0.40625
525.540163900005	0.40625
525.557156699942	0.40625
525.573870899854	0.40625
525.589973499998	0.40625
525.606935499934	0.40625
525.624104499817	0.40625
525.639982899884	0.40625
525.656963599846	0.40625
525.673838599818	0.40625
525.690298100002	0.40625
525.706986999838	0.40625
525.724012299906	0.40625
525.740352499997	0.40625
525.757117299829	0.40625
525.773942	0.40625
525.790387799963	0.40625
525.807233799947	0.40625
525.823442199966	0.40625
525.840432900004	0.40625
525.857108299853	0.40625
525.873629399808	0.40625
525.8903498	0.40625
525.907180599868	0.40625
525.923849500017	0.40625
525.940133899916	0.40625
525.95710699982	0.40625
525.973794199992	0.40625
525.990148899844	0.40625
526.007073899964	0.40625
526.023693999974	0.40625
526.040480999975	0.40625
526.057205599966	0.40625
526.07370079984	0.40625
526.090151599841	0.40625
526.107235699892	0.40625
526.123691199813	0.40625
526.140322399791	0.40625
526.157037599944	0.40625
526.173746099928	0.40625
526.189991399879	0.40625
526.206943799974	0.40625
526.224142299965	0.40625
526.239868199918	0.40625
526.257006799802	0.40625
526.273824199801	0.40625
526.289946099976	0.40625
526.306908099912	0.40625
526.3248073	0.40625
526.339826199925	0.40625
526.357165299822	0.40625
526.373801099835	0.40625
526.390221399954	0.40625
526.407485399861	0.40625
526.423548899824	0.40625
526.440359100001	0.40625
526.456971799955	0.40625
526.47379819979	0.40625
526.490245499881	0.40625
526.507216299884	0.40625
526.523592100013	0.40625
526.540122699924	0.40625
526.557068099966	0.40625
526.57384279999	0.40625
526.590002599871	0.40625
526.606948799919	0.40625
526.623570699943	0.40625
526.640309699811	0.40625
526.657526099822	0.40625
526.673832699889	0.40625
526.689952199813	0.40625
526.706902900012	0.40625
526.723916899879	0.40625
526.740137999877	0.40625
526.757057599956	0.40625
526.774075999856	0.40625
526.790291499812	0.40625
526.806979799876	0.40625
526.824145299848	0.40625
526.839909499977	0.40625
526.856844199821	0.40625
526.873754999833	0.40625
526.889909899794	0.40625
526.907188599929	0.40625
526.923784799874	0.40625
526.939987299964	0.40625
526.957031799946	0.40625
526.974215299822	0.40625
526.990421599941	0.40625
527.00692659989	0.40625
527.023475099821	0.40625
527.040390899871	0.40625
527.057090899907	0.40625
527.073689899873	0.40625
527.089907699963	0.40625
527.106954299845	0.40625
527.12382619991	0.40625
527.139950199984	0.40625
527.157271299977	0.40625
527.173936599866	0.40625
527.190285599791	0.40625
527.207252099877	0.40625
527.223857099889	0.40625
527.240228599869	0.40625
527.256965299835	0.40625
527.274140799884	0.40625
527.290192099987	0.40625
527.307008899981	0.40625
527.323771799915	0.40625
527.340633499902	0.40625
527.356904799817	0.40625
527.373594000004	0.40625
527.390638999874	0.40625
527.406765899854	0.40625
527.423496099887	0.40625
527.440212799935	0.40625
527.456833199831	0.40625
527.473681599833	0.40625
527.49016549997	0.40625
527.506838099798	0.40625
527.523196999915	0.40625
527.539676699787	0.40625
527.556915399851	0.40625
527.573643199867	0.40625
527.589934099931	0.40625
527.607123399852	0.40625
527.623763500014	0.40625
527.640182599891	0.40625
527.6569881998	0.40625
527.673660199856	0.40625
527.690408199793	0.40625
527.707024300005	0.40625
527.723761499859	0.40625
527.740432699909	0.40625
527.757102499949	0.40625
527.773777799914	0.40625
527.790124699939	0.40625
527.806723599788	0.40625
527.823793999851	0.40625
527.840286999941	0.40625
527.85709429998	0.40625
527.873746800004	0.40625
527.890534499893	0.40625
527.9071541999	0.40625
527.923700899817	0.40625
527.940055500017	0.40625
527.957082899986	0.40625
527.973764699884	0.40625
527.990287199849	0.40625
528.007279099897	0.40625
528.040781199932	0.40625
528.057153499918	0.40625
528.073726599803	0.40625
528.090404199902	0.40625
528.107285399921	0.40625
528.123482599854	0.40625
528.140573599841	0.40625
528.157070299843	0.40625
528.17352969991	0.40625
528.19042619993	0.40625
528.207539799856	0.40625
528.240831499919	0.40625
528.257398799993	0.40625
528.290255900007	0.40625
528.307394299889	0.40625
528.340118999826	0.40625
528.357130699791	0.40625
528.390032899799	0.40625
528.407263699919	0.40625
528.440148499794	0.40625
528.457333799917	0.40625
528.490478499793	0.40625
528.507355500013	0.40625
528.52385109989	0.40625
528.539821299957	0.40625
528.557057899889	0.40625
528.573276599869	0.40625
528.589774299879	0.40625
528.606471099891	0.40625
528.623723899946	0.40625
528.640066599939	0.40625
528.65724109998	0.40625
528.690113599878	0.40625
528.707200599834	0.40625
528.723523799796	0.40625
528.739936899859	0.40625
528.756936199963	0.40625
528.790811699815	0.40625
528.823690099875	0.40625
528.839939499972	0.40625
528.857031999854	0.40625
528.873625000007	0.40625
528.890319299884	0.40625
528.907630799804	0.40625
528.940084199887	0.40625
528.957295999862	0.40625
528.990450999932	0.40625
529.007268999936	0.40625
529.040193699999	0.40625
529.073310799897	0.40625
529.090553799877	0.40625
529.10745419981	0.40625
529.140334099997	0.40625
529.157385799801	0.40625
529.190365099814	0.40625
529.207286099903	0.40625
529.23982249992	0.40625
529.257251699921	0.40625
529.290408300003	0.40625
529.323871899862	0.40625
529.357196199941	0.40625
529.390655699885	0.40625
529.423785999883	0.40625
529.456917200005	0.40625
529.490074299974	0.40625
529.523323599948	0.40625
529.557311299955	0.40625
529.590088199824	0.40625
529.607163199922	0.40625
529.640148199862	0.40625
529.673715099925	0.40625
529.690244599944	0.40625
529.707217099844	0.40625
529.739980599843	0.40625
529.757230299991	0.40625
529.79053499992	0.40625
529.807355999947	0.40625
529.840053899912	0.40625
529.85729129985	0.40625
529.890562499873	0.40625
529.923806799809	0.40625
529.957187999971	0.40625
529.990026699845	0.40625
530.023774799891	0.40625
530.057338399813	0.40625
530.089996799827	0.40625
530.123844699934	0.40625
530.157208499964	0.40625
530.190603900002	0.40625
530.223394599976	0.40625
530.257160999812	0.40625
530.290285599884	0.40625
530.323739399901	0.40625
530.35713239992	0.40625
530.390121500008	0.40625
530.423377799802	0.40625
530.456950499909	0.40625
530.490084899822	0.40625
530.523653599899	0.40625
530.556843400002	0.40625
530.590333699947	0.40625
530.623752399813	0.40625
530.65709559992	0.40625
530.690018399851	0.40625
530.72337939986	0.40625
530.757084699813	0.40625
530.789989699842	0.40625
530.823744999943	0.40625
530.857103499817	0.40625
530.890088499989	0.40625
530.923392399913	0.40625
530.957310099853	0.40625
530.990273899864	0.40625
531.023398899939	0.40625
531.057115199976	0.40625
531.090128100011	0.40625
531.123334300006	0.40625
531.157180299982	0.40625
531.189947699895	0.40625
531.223404399818	0.40625
531.257095099892	0.40625
531.290442299796	0.40625
531.323814200005	0.40625
531.356883100001	0.40625
531.390477299923	0.40625
531.423791399924	0.40625
531.457247399958	0.40625
531.490054399939	0.40625
531.523344699992	0.40625
531.557002099929	0.40625
531.590278499993	0.40625
531.623347699875	0.40625
531.656954299891	0.40625
531.690544799902	0.40625
531.723422999959	0.40625
531.757230799878	0.40625
531.790391999995	0.40625
531.823600600008	0.40625
531.856731900014	0.40625
531.890454599867	0.40625
531.923815599876	0.40625
531.956775899976	0.40625
531.990030699875	0.40625
532.02382849995	0.40625
532.057058499893	0.40625
532.090111099882	0.40625
532.123356099939	0.40625
532.157080199802	0.40625
532.189794000005	0.40625
532.223641699878	0.40625
532.256970199989	0.40625
532.290079399943	0.40625
532.323203499895	0.40625
532.356814299943	0.40625
532.390242299996	0.40625
532.423398299841	0.40625
532.457112099975	0.40625
532.489880499896	0.40625
532.523606600007	0.40625
532.556939899921	0.40625
532.590151799843	0.40625
532.623597499914	0.40625
532.656641699839	0.40625
532.689950999804	0.40625
532.723277999787	0.40625
532.756683300016	0.40625
532.790512899868	0.40625
532.823761899956	0.40625
532.857039599912	0.40625
532.890003999928	0.40625
532.923545899801	0.40625
532.956651299959	0.40625
532.989857399836	0.40625
533.023257499794	0.40625
533.057029399788	0.40625
533.090227199951	0.40625
533.123387299944	0.40625
533.156728599919	0.40625
533.190141599858	0.40625
533.223410699982	0.40625
533.257155699888	0.40625
533.290235999972	0.40625
533.323560999939	0.40625
533.357045099838	0.40625
533.389862999786	0.40625
533.423389599891	0.40625
533.456706399797	0.40625
533.490320099983	0.40625
533.523352599936	0.40625
533.557126399828	0.40625
533.590365799842	0.40625
533.623784399824	0.40625
533.656747399829	0.40625
533.690472199814	0.40625
533.723725299817	0.40625
533.756624199916	0.40625
533.789994999999	0.40625
533.823462700006	0.40625
533.857056999812	0.40625
533.890165499877	0.40625
533.923533399822	0.40625
533.957233799854	0.40625
533.990091299871	0.40625
534.024394399952	0.40625
534.057020099834	0.40625
534.090143699897	0.40625
534.123782999814	0.40625
534.156621099915	0.40625
534.190013099927	0.40625
534.223674400011	0.40625
534.256998299854	0.40625
534.290375799872	0.40625
534.323726399802	0.40625
534.357013299828	0.40625
534.390145399841	0.40625
534.423665700015	0.40625
534.457045099931	0.40625
534.490257299971	0.40625
534.52351869992	0.40625
534.556724499911	0.40625
534.590263299877	0.40625
534.625468799844	0.40625
534.657188399928	0.40625
534.689950599801	0.40625
534.723350699991	0.40625
534.756967099849	0.40625
534.79030829994	0.40625
534.823793799849	0.40625
534.857102399925	0.40625
534.890000599902	0.40625
534.922308599809	0.40625
534.955807399936	0.40625
534.989085000008	0.40625
535.022067699814	0.40625
535.056076999987	0.40625
535.088963799877	0.40625
535.122767099878	0.40625
535.155479499837	0.40625
535.189343899954	0.40625
535.222763299942	0.40625
535.255921899807	0.40625
535.288701999933	0.40625
535.322428499814	0.40625
535.355484199943	0.40625
535.389237299794	0.40625
535.422092699911	0.40625
535.455651799915	0.40625
535.488749000011	0.40625
535.522246700013	0.40625
535.556130599929	0.40625
535.589629299939	0.40625
535.622363599949	0.40625
535.655902499799	0.40625
535.688738700002	0.40625
535.722278699977	0.40625
535.755848299945	0.40625
535.789190799929	0.40625
535.822285499889	0.40625
535.855459399987	0.40625
535.888901899802	0.40625
535.922480699839	0.40625
535.955260299845	0.40625
535.988986099837	0.40625
536.022694699932	0.40625
536.05578169995	0.40625
536.089055799879	0.40625
536.122165999841	0.40625
536.155295299832	0.40625
536.188759599812	0.40625
536.222454999806	0.40625
536.255988199962	0.40625
536.299546599854	0.40625
536.322502599796	0.40625
536.35547509999	0.40625
536.389124199981	0.40625
536.422325999942	0.40625
536.455640999833	0.40625
536.488908599829	0.40625
536.522417699918	0.40625
536.555215399945	0.40625
536.588866999839	0.40625
536.623151700012	0.40625
536.655659299809	0.40625
536.68899699999	0.40625
536.722411199939	0.40625
536.755639099982	0.40625
536.788719199831	0.40625
536.822208999889	0.40625
536.855613099877	0.40625
536.888646899955	0.40625
536.922233199934	0.40625
536.955812899861	0.40625
536.988802599953	0.40625
537.022617599927	0.40625
537.055689999834	0.40625
537.088658099994	0.40625
537.122004899895	0.40625
537.156064399984	0.40625
537.189116699854	0.40625
537.222215599846	0.40625
537.255376799963	0.40625
537.288639499806	0.40625
537.322460399941	0.40625
537.355893599801	0.40625
537.389301699819	0.40625
537.422334600007	0.40625
537.456136999885	0.40625
537.489205399994	0.40625
537.52264809981	0.40625
537.555327099981	0.40625
537.588893499924	0.40625
537.622004200006	0.40625
537.655828499934	0.40625
537.689105599886	0.40625
537.722858799854	0.40625
537.755989799974	0.40625
537.78869690001	0.40625
537.822469600011	0.40625
537.855430800002	0.40625
537.889483499806	0.40625
537.922621899983	0.40625
537.955926599912	0.40625
537.988653099863	0.40625
538.022032900015	0.40625
538.055419399869	0.40625
538.088640899863	0.40625
538.122624099953	0.40625
538.156132899923	0.40625
538.189145199955	0.40625
538.222546599805	0.40625
538.255713599967	0.40625
538.289127899799	0.40625
538.322571899975	0.40625
538.355686999857	0.40625
538.389039299916	0.40625
538.422534799902	0.40625
538.455674699973	0.40625
538.489023299888	0.40625
538.522152999882	0.40625
538.555456399918	0.40625
538.588656399865	0.40625
538.622570300009	0.40625
538.655355199939	0.40625
538.689250399824	0.40625
538.7220065	0.40625
538.755753399804	0.40625
538.789373499807	0.40625
538.822754899971	0.40625
538.855768800015	0.40625
538.889001699863	0.40625
538.922006799839	0.40625
538.9555885999	0.40625
538.989054800011	0.40625
539.022362299962	0.40625
539.055601699976	0.40625
539.088630500017	0.40625
539.122548299842	0.40625
539.155581899919	0.40625
539.188817399787	0.40625
539.222558700014	0.40625
539.255839499878	0.40625
539.288840499939	0.40625
539.322199499933	0.40625
539.355643999996	0.40625
539.388903199928	0.40625
539.421984899789	0.40625
539.455683999928	0.40625
539.499846899882	0.40625
539.522356099915	0.40625
539.55567289982	0.40625
539.589089199901	0.40625
539.622220499907	0.40625
539.655887599802	0.40625
539.6890484998	0.40625
539.722429799847	0.40625
539.755214500008	0.40625
539.789293699898	0.40625
539.822393599898	0.40625
539.855719099985	0.40625
539.889040799811	0.40625
539.922360399971	0.40625
539.955707199872	0.40625
539.988901699893	0.40625
540.022369199898	0.40625
540.055687499931	0.40625
540.089207399869	0.40625
540.122469699942	0.40625
540.156148599926	0.40625
540.188818499912	0.40625
540.222464999883	0.40625
540.255714199971	0.40625
540.28907519998	0.40625
540.322484500008	0.40625
540.355647199787	0.40625
540.389107199851	0.40625
540.42199339997	0.40625
540.455586999888	0.40625
540.489059299929	0.40625
540.522256799974	0.40625
540.555635799887	0.40625
540.588820399949	0.40625
540.621989100007	0.40625
540.655610099901	0.40625
540.688836499816	0.40625
540.722034099977	0.40625
540.756097599864	0.40625
540.789625499863	0.40625
540.822081899969	0.40625
540.855566099985	0.40625
540.888715199893	0.40625
540.922438799869	0.40625
540.955591799924	0.40625
540.988956799963	0.40625
541.022085099947	0.40625
541.055691099958	0.40625
541.088900999865	0.40625
541.122118099825	0.40625
541.155770699959	0.40625
541.189059299883	0.40625
541.221951799933	0.40625
541.255815299926	0.40625
541.288699699799	0.40625
541.322398299817	0.40625
541.355304999975	0.40625
541.389023599913	0.40625
541.422265599947	0.40625
541.455388899893	0.40625
541.488794399891	0.40625
541.522054799832	0.40625
541.555744799785	0.40625
541.589070799993	0.40625
541.622244499857	0.40625
541.655759499874	0.40625
541.689158299938	0.40625
541.722358699888	0.40625
541.755658699898	0.40625
541.789235299919	0.40625
541.822405399987	0.40625
541.855610599974	0.40625
541.889051799895	0.40625
541.922266799957	0.40625
541.955687399954	0.40625
541.988890399924	0.40625
542.022123999894	0.40625
542.055403799983	0.40625
542.089053299977	0.40625
542.122458899859	0.40625
542.155268599978	0.40625
542.188500999939	0.40625
542.222252100008	0.40625
542.255208099959	0.40625
542.289038099814	0.40625
542.3224529	0.40625
542.355595699977	0.40625
542.389058699831	0.40625
542.422537399922	0.40625
542.455202699872	0.40625
542.489137799945	0.40625
542.522438199958	0.40625
542.555523699848	0.40625
542.588943799958	0.40625
542.622250200016	0.40625
542.65528639988	0.40625
542.689169599907	0.40625
542.722298200009	0.40625
542.755609499989	0.40625
542.789276099997	0.40625
542.822147500003	0.40625
542.855652399827	0.40625
542.889161099913	0.40625
542.923726599896	0.40625
542.955469399923	0.40625
542.989176699892	0.40625
543.022337799892	0.40625
543.055701799924	0.40625
543.089174599852	0.40625
543.122526299907	0.40625
543.155691999942	0.40625
543.189396400005	0.40625
543.222117499914	0.40625
543.255404699827	0.40625
543.28862789995	0.40625
543.322340799961	0.40625
543.355891000014	0.40625
543.388920199824	0.40625
543.422025399981	0.40625
543.455310599878	0.40625
543.488926799968	0.40625
543.522219299804	0.40625
543.555733699817	0.40625
543.589072699891	0.40625
543.622501399834	0.40625
543.655932899797	0.40625
543.689194499981	0.40625
543.72203049995	0.40625
543.755813499913	0.40625
543.789282699814	0.40625
543.822203199845	0.40625
543.856030999916	0.40625
543.88935299986	0.40625
543.922223799862	0.40625
543.955797599861	0.40625
543.988495799946	0.40625
544.022449599812	0.40625
544.055766999954	0.40625
544.08913229988	0.40625
544.122400099877	0.40625
544.155433499953	0.40625
544.188873299863	0.40625
544.222397799836	0.40625
544.255759599851	0.40625
544.289078499889	0.40625
544.322462699842	0.40625
544.355578099843	0.40625
544.389169799862	0.40625
544.422166100005	0.40625
544.455723799998	0.40625
544.489308599848	0.40625
544.522361199837	0.40625
544.555470299907	0.40625
544.589110699948	0.40625
544.622292199871	0.40625
544.655316299992	0.40625
544.689057999989	0.40625
544.722155799856	0.40625
544.755887700012	0.40625
544.789210699964	0.40625
544.822464299854	0.40625
544.855351699982	0.40625
544.888604299864	0.40625
544.921994999982	0.40625
544.955898699816	0.40625
544.989159299992	0.40625
545.022418899927	0.40625
545.055616499856	0.40625
545.089199999813	0.40625
545.122352399863	0.40625
545.15553099988	0.40625
545.189040599857	0.40625
545.22221879987	0.40625
545.255654699868	0.40625
545.289132099831	0.40625
545.322068599984	0.40625
545.355420199921	0.40625
545.388645299943	0.40625
545.422434699954	0.40625
545.455685199937	0.40625
545.488546699984	0.40625
545.522018899908	0.40625
545.555188699858	0.40625
545.589054999873	0.40625
545.621824299917	0.40625
545.655506699812	0.40625
545.689394299872	0.40625
545.722154399846	0.40625
545.755387599813	0.40625
545.788469499908	0.40625
545.82192129991	0.40625
545.855787399923	0.40625
545.888591099996	0.40625
545.922446699813	0.40625
545.955437499797	0.40625
545.988463799935	0.40625
546.022289899876	0.40625
546.056033100002	0.40625
546.088976199972	0.40625
546.122156299883	0.40625
546.155577699887	0.40625
546.188497299794	0.40625
546.222088499926	0.40625
546.255430799909	0.40625
546.288943299791	0.40625
546.32226549997	0.40625
546.35531689995	0.40625
546.388539799955	0.40625
546.422101099975	0.40625
546.455744299805	0.40625
546.4890422998	0.40625
546.522354299901	0.40625
546.55563409999	0.40625
546.588974999962	0.40625
546.622665799921	0.40625
546.655758799985	0.40625
546.688445499865	0.40625
546.721943199867	0.40625
546.755261200015	0.40625
546.788779899944	0.40625
546.821803599829	0.40625
546.855386199895	0.40625
546.888794099912	0.40625
546.922320599901	0.40625
546.955185299972	0.40625
546.988500199979	0.40625
547.022242499981	0.40625
547.05569079984	0.40625
547.088994999882	0.40625
547.122488499852	0.40625
547.155616299948	0.40625
547.188968600007	0.40625
547.222230199957	0.40625
547.255590799963	0.40625
547.288769599982	0.40625
547.322002799949	0.40625
547.355578299845	0.40625
547.388419099851	0.40625
547.422480399953	0.40625
547.455662699882	0.40625
547.488285799976	0.40625
547.505592899863	0.40625
547.522434199927	0.40625
547.555565499933	0.40625
547.57215059991	0.40625
547.605741399806	0.40625
547.622147699818	0.40625
547.655161799863	0.40625
547.672068699962	0.40625
547.705229999963	0.40625
547.721970099956	0.40625
547.755691799801	0.40625
547.772080699913	0.40625
547.805647099856	0.40625
547.822390799876	0.40625
547.855957199819	0.40625
547.872165399836	0.40625
547.905573699856	0.40625
547.922083899844	0.40625
547.955214899965	0.40625
547.972120799823	0.40625
548.00563179981	0.40625
548.021946999943	0.40625
548.055667799897	0.40625
548.072074899916	0.40625
548.105608699843	0.40625
548.12187579996	0.40625
548.155229099793	0.40625
548.171852199826	0.40625
548.205375899794	0.40625
548.221636799863	0.40625
548.255502399988	0.40625
548.272107299883	0.40625
548.305348099908	0.40625
548.322075599805	0.40625
548.356010599993	0.40625
548.372096600011	0.40625
548.405629399931	0.40625
548.421663499903	0.40625
548.4558484999	0.40625
548.47186359996	0.40625
548.50531469984	0.40625
548.522186399903	0.40625
548.555519799935	0.40625
548.572256099898	0.40625
548.605158199789	0.40625
548.62207329995	0.40625
548.655529099982	0.40625
548.672184699913	0.40625
548.705481899902	0.40625
548.721767799929	0.40625
548.739007299999	0.40625
548.755123500014	0.40625
548.772152999882	0.40625
548.788356699981	0.40625
548.805200499948	0.40625
548.822293699952	0.40625
548.855546599953	0.40625
548.871918399818	0.40625
548.90528639988	0.40625
548.921752899885	0.40625
548.966949799797	0.40625
548.988997399807	0.40625
549.005799299804	0.40625
549.021696999902	0.40625
549.05956929992	0.40625
549.082696900005	0.40625
549.105544599937	0.40625
549.122563999845	0.40625
549.155510899844	0.40625
549.171880699927	0.40625
549.205059499945	0.40625
549.222046199953	0.40625
549.238151500002	0.40625
549.255998899927	0.40625
549.272069199942	0.40625
549.30560039985	0.40625
549.322120299796	0.40625
549.338687899988	0.40625
549.35543619981	0.40625
549.371682799887	0.40625
549.388591799885	0.40625
549.405434399843	0.40625
549.421947899973	0.40625
549.438123899978	0.40625
549.458088399842	0.40625
549.473073199857	0.40625
549.489053600002	0.40625
549.506477699848	0.40625
549.522697899956	0.40625
549.53958929982	0.40625
549.555974399904	0.40625
549.572864099871	0.40625
549.589120199904	0.40625
549.606171699939	0.40625
549.622816199902	0.40625
549.639596299967	0.40625
549.655859299935	0.40625
549.672631399939	0.40625
549.68933600001	0.40625
549.705857499968	0.40625
549.722646599868	0.40625
549.73911269987	0.40625
549.755879899953	0.40625
549.772729199845	0.40625
549.78924730001	0.40625
549.80587869999	0.40625
549.822673399933	0.40625
549.839521899819	0.40625
549.856446399819	0.40625
549.872974299826	0.40625
549.888985799858	0.40625
549.905814799946	0.40625
549.922964699799	0.40625
549.939170999918	0.40625
549.9563529999	0.40625
549.972569799982	0.40625
549.989108899841	0.40625
550.006350799929	0.40625
550.022944899974	0.40625
550.039223999949	0.40625
550.056095599895	0.40625
550.072999499971	0.40625
550.089585499838	0.40625
550.106320499908	0.40625
550.123031699797	0.40625
550.139738899888	0.40625
550.156316999812	0.40625
550.173016699962	0.40625
550.189689599909	0.40625
550.206103299977	0.40625
550.222480899887	0.40625
550.239088799804	0.40625
550.255730099976	0.40625
550.273245099932	0.40625
550.289521199884	0.40625
550.305789700011	0.40625
550.322865499882	0.40625
550.33983479999	0.40625
550.356228799792	0.40625
550.372969399905	0.40625
550.389470299939	0.40625
550.406187599991	0.40625
550.423123899847	0.40625
550.43966789986	0.40625
550.455737699987	0.40625
550.472792199813	0.40625
550.488951499807	0.40625
550.505824399879	0.40625
550.522707599914	0.40625
550.539623199962	0.40625
550.556009899825	0.40625
550.572501299903	0.40625
550.589339399943	0.40625
550.605977399973	0.40625
550.622722100001	0.40625
550.639676199993	0.40625
550.656062299851	0.40625
550.672293999931	0.40625
550.689428400015	0.40625
550.706012899987	0.40625
550.722513899906	0.40625
550.739623599919	0.40625
550.755721999798	0.40625
550.772832099814	0.40625
550.789315099828	0.40625
550.806085999822	0.40625
550.822621400002	0.40625
550.839673899813	0.40625
550.856240900001	0.40625
550.87261049985	0.40625
550.8895874999	0.40625
550.905726499856	0.40625
550.922622899991	0.40625
550.939062099904	0.40625
550.955908099888	0.40625
550.972335999832	0.40625
550.98949009995	0.40625
551.006185399834	0.40625
551.022843600018	0.40625
551.039589899825	0.40625
551.056207599817	0.40625
551.072840299923	0.40625
551.08961679996	0.40625
551.105703099864	0.40625
551.12312299991	0.40625
551.139068399789	0.40625
551.155972999986	0.40625
551.172383599915	0.40625
551.189572599949	0.40625
551.20609969995	0.40625
551.222543600015	0.40625
551.239482000005	0.40625
551.255679599941	0.40625
551.272668399848	0.40625
551.28954339982	0.40625
551.306130999932	0.40625
551.322868699906	0.40625
551.339614099823	0.40625
551.355730099836	0.40625
551.372774899937	0.40625
551.391667699907	0.40625
551.405910199974	0.40625
551.422784099821	0.40625
551.43975619995	0.40625
551.455998699879	0.40625
551.472958999919	0.40625
551.489505099831	0.40625
551.506357699865	0.40625
551.52269569994	0.40625
551.539544899948	0.40625
551.556042599957	0.40625
551.57248299988	0.40625
551.589122299803	0.40625
551.605706099886	0.40625
551.622737600002	0.40625
551.638909899862	0.40625
551.655411899788	0.40625
551.672904099803	0.40625
551.689488899894	0.40625
551.706001200015	0.40625
551.722806399921	0.40625
551.739687899826	0.40625
551.756082899868	0.40625
551.772725899937	0.40625
551.789620499825	0.40625
551.805981699843	0.40625
551.822774400003	0.40625
551.839326899964	0.40625
551.855562099954	0.40625
551.872627899982	0.40625
551.889531399822	0.40625
551.906250499887	0.40625
551.922448199941	0.40625
551.939431399805	0.40625
551.956120099872	0.40625
551.972671399824	0.40625
551.989390099887	0.40625
552.006024800008	0.40625
552.022230099887	0.40625
552.038655599812	0.40625
552.055733099813	0.40625
552.072488499805	0.40625
552.088820399949	0.40625
552.105482799932	0.40625
552.123117599869	0.40625
552.139096899889	0.40625
552.15567040001	0.40625
552.172626300016	0.40625
552.189485599985	0.40625
552.206125199795	0.40625
552.222818499897	0.40625
552.239643499954	0.40625
552.255607299972	0.40625
552.272644999903	0.40625
552.289286699845	0.40625
552.305661999853	0.40625
552.322841699934	0.40625
552.339494599961	0.40625
552.35588259995	0.40625
552.372645899886	0.40625
552.38954249979	0.40625
552.40603459999	0.40625
552.422647299943	0.40625
552.439483299851	0.40625
552.456069799839	0.40625
552.47281369986	0.40625
552.489249799866	0.40625
552.505699399859	0.40625
552.522608899977	0.40625
552.539573699934	0.40625
552.556059599854	0.40625
552.572220599977	0.40625
552.589741699863	0.40625
552.606233399827	0.40625
552.622451999923	0.40625
552.639282499906	0.40625
552.655617299955	0.40625
552.672806199873	0.40625
552.689537799917	0.40625
552.705565799959	0.40625
552.722518199822	0.40625
552.739311199868	0.40625
552.755552499788	0.40625
552.772200600011	0.40625
552.789284599945	0.40625
552.805730299791	0.40625
552.822943599895	0.40625
552.839436399983	0.40625
552.855826699873	0.40625
552.87219519983	0.40625
552.88965219981	0.40625
552.905646199826	0.40625
552.922429899918	0.40625
552.93898169999	0.40625
552.955831300002	0.40625
552.972501999931	0.40625
552.989470599918	0.40625
553.005539799808	0.40625
553.022197599988	0.40625
553.039659000002	0.40625
553.056031199871	0.40625
553.073191699805	0.40625
553.089261199813	0.40625
553.106140099932	0.40625
553.122787999921	0.40625
553.139623099938	0.40625
553.155670600012	0.40625
553.172351999907	0.40625
553.18888159981	0.40625
553.205627699848	0.40625
553.222689699847	0.40625
553.238927099854	0.40625
553.255615499802	0.40625
553.272759099957	0.40625
553.28962109983	0.40625
553.30567689985	0.40625
553.322625699919	0.40625
553.339528099867	0.40625
553.355545099825	0.40625
553.372480099788	0.40625
553.389335899847	0.40625
553.40591189987	0.40625
553.422570799943	0.40625
553.439004899934	0.40625
553.45554619981	0.40625
553.472816599999	0.40625
553.489449399989	0.40625
553.505629299907	0.40625
553.522768499795	0.40625
553.539709199918	0.40625
553.555994299939	0.40625
553.572784399847	0.40625
553.589445199817	0.40625
553.606195899891	0.40625
553.622763199965	0.40625
553.639499599813	0.40625
553.655354399933	0.40625
553.672010899987	0.40625
553.689042599872	0.40625
553.70558389998	0.40625
553.722575099906	0.40625
553.738740299828	0.40625
553.755300899968	0.40625
553.772232799791	0.40625
553.789181699976	0.40625
553.805930099916	0.40625
553.822914399905	0.40625
553.839457799913	0.40625
553.856177499983	0.40625
553.872618099907	0.40625
553.889556600014	0.40625
553.905794799794	0.40625
553.922473699786	0.40625
553.93928089994	0.40625
553.95556859998	0.40625
553.97298059985	0.40625
553.989188799867	0.40625
554.005790199852	0.40625
554.022647799924	0.40625
554.039491500007	0.40625
554.055873299949	0.40625
554.072782999836	0.40625
554.089537499938	0.40625
554.10639669979	0.40625
554.122794199968	0.40625
554.138841099804	0.40625
554.156125099864	0.40625
554.172508199932	0.40625
554.189466499956	0.40625
554.205802199896	0.40625
554.222608199809	0.40625
554.238988099853	0.40625
554.255918100011	0.40625
554.272900199983	0.40625
554.289529399946	0.40625
554.305522499839	0.40625
554.322258699918	0.40625
554.339524299838	0.40625
554.355931799859	0.40625
554.372769899899	0.40625
554.389432600001	0.40625
554.405745999888	0.40625
554.422913999995	0.40625
554.439385899808	0.40625
554.455578499939	0.40625
554.472827199847	0.40625
554.489474999951	0.40625
554.505828799913	0.40625
554.522556399927	0.40625
554.539453599835	0.40625
554.555682800012	0.40625
554.572958099889	0.40625
554.589574299986	0.40625
554.605703099864	0.40625
554.622433800017	0.40625
554.639557599789	0.40625
554.655489999801	0.40625
554.672393399989	0.40625
554.689499199856	0.40625
554.705646499991	0.40625
554.722888199845	0.40625
554.739457999822	0.40625
554.756044799928	0.40625
554.772632299922	0.40625
554.789711599937	0.40625
554.805834499886	0.40625
554.822929899907	0.40625
554.838852099841	0.40625
554.85570389987	0.40625
554.87289369991	0.40625
554.889209599933	0.40625
554.905669699889	0.40625
554.922939799959	0.40625
554.93950149999	0.40625
554.955894699786	0.40625
554.972816399997	0.40625
554.989194599912	0.40625
555.005604899954	0.40625
555.022647199919	0.40625
555.039366199868	0.40625
555.055607499788	0.40625
555.072587599978	0.40625
555.089543299982	0.40625
555.105794199975	0.40625
555.122570700012	0.40625
555.139538599877	0.40625
555.155647099949	0.40625
555.172348399879	0.40625
555.189271799987	0.40625
555.205898099812	0.40625
555.222870999947	0.40625
555.239235299872	0.40625
555.255779099884	0.40625
555.272220899817	0.40625
555.288979299832	0.40625
555.305939099984	0.40625
555.322482499992	0.40625
555.339437999995	0.40625
555.355955499923	0.40625
555.372675399994	0.40625
555.389424299821	0.40625
555.405900700018	0.40625
555.422560599865	0.40625
555.439484899864	0.40625
555.455928999931	0.40625
555.472685299814	0.40625
555.489173699869	0.40625
555.505965299904	0.40625
555.522797599901	0.40625
555.539059199858	0.40625
555.555540899979	0.40625
555.572526499862	0.40625
555.589237699984	0.40625
555.605538599892	0.40625
555.622650899924	0.40625
555.639558099909	0.40625
555.6557475999	0.40625
555.672612999799	0.40625
555.689584299922	0.40625
555.706096199807	0.40625
555.722588199889	0.40625
555.738900899887	0.40625
555.755799899809	0.40625
555.772209199844	0.40625
555.789242999861	0.40625
555.805801399983	0.40625
555.822603599867	0.40625
555.839106099913	0.40625
555.855631100014	0.40625
555.872144399909	0.40625
555.889545499813	0.40625
555.905975099886	0.40625
555.922882099869	0.40625
555.939662799938	0.40625
555.95606599981	0.40625
555.972681699786	0.40625
555.989250999875	0.40625
556.005856100004	0.40625
556.022346899845	0.40625
556.039243999869	0.40625
556.055784899974	0.40625
556.072553599952	0.40625
556.089047299931	0.40625
556.105604599928	0.40625
556.122604299802	0.40625
556.139736299869	0.40625
556.155532799894	0.40625
556.172347899992	0.40625
556.189543899847	0.40625
556.205936699873	0.40625
556.222628299845	0.40625
556.239415199962	0.40625
556.256113899872	0.40625
556.272640499985	0.40625
556.289194999961	0.40625
556.305748299928	0.40625
556.322325899964	0.40625
556.338700099848	0.40625
556.355670299847	0.40625
556.372419899795	0.40625
556.389208399924	0.40625
556.405785999959	0.40625
556.422723399941	0.40625
556.439696799964	0.40625
556.455817299895	0.40625
556.47265689983	0.40625
556.489145699888	0.40625
556.505432399921	0.40625
556.522245599888	0.40625
556.539000899997	0.40625
556.555578399915	0.40625
556.57237780001	0.40625
556.58910919982	0.40625
556.605918799993	0.40625
556.622755499789	0.40625
556.639577099821	0.40625
556.655894999858	0.40625
556.672550099902	0.40625
556.689529699972	0.40625
556.705456599826	0.40625
556.722742899787	0.40625
556.739639999811	0.40625
556.755716999993	0.40625
556.772683699848	0.40625
556.78928869986	0.40625
556.805711099878	0.40625
556.822365699802	0.40625
556.838891499909	0.40625
556.855566999875	0.40625
556.872419499792	0.40625
556.889298099792	0.40625
556.905970299849	0.40625
556.922248899937	0.40625
556.939092899906	0.40625
556.955787400017	0.40625
556.972636699909	0.40625
556.989459999837	0.40625
557.006096399855	0.40625
557.022578799864	0.40625
557.039658599999	0.40625
557.055745299906	0.40625
557.072418399854	0.40625
557.089448299957	0.40625
557.105950800003	0.40625
557.122913299827	0.40625
557.139590299921	0.40625
557.155715700006	0.40625
557.172530399868	0.40625
557.188677399885	0.40625
557.205494499998	0.40625
557.222075999947	0.40625
557.239291699836	0.40625
557.255568399793	0.40625
557.272661099909	0.40625
557.289913599845	0.40625
557.306124399882	0.40625
557.322628199821	0.40625
557.33959629992	0.40625
557.35588869988	0.40625
557.372901399853	0.40625
557.38946179999	0.40625
557.405609099893	0.40625
557.422461299924	0.40625
557.439408699982	0.40625
557.455871899845	0.40625
557.472585699987	0.40625
557.489774199901	0.40625
557.506254399894	0.40625
557.52254549996	0.40625
557.539458099985	0.40625
557.555930999806	0.40625
557.5726100998	0.40625
557.589354099939	0.40625
557.605751599884	0.40625
557.622630599886	0.40625
557.63940669992	0.40625
557.655686100014	0.40625
557.672691899817	0.40625
557.689561699983	0.40625
557.705293699866	0.40625
557.72227249993	0.40625
557.73997759982	0.40625
557.756504399935	0.40625
557.772766900016	0.40625
557.789410299854	0.40625
557.805796599947	0.40625
557.822742599994	0.40625
557.839425599901	0.40625
557.855896899942	0.40625
557.872688899981	0.40625
557.889513499802	0.40625
557.90583189996	0.40625
557.922343599843	0.40625
557.938793699956	0.40625
557.955791199813	0.40625
557.972727200016	0.40625
557.989310899982	0.40625
558.005990699865	0.40625
558.022554399911	0.40625
558.038953399984	0.40625
558.055886599934	0.40625
558.072049599839	0.40625
558.089473499916	0.40625
558.105897499947	0.40625
558.122659899993	0.40625
558.139014599845	0.40625
558.155558799859	0.40625
558.172562799882	0.40625
558.189285499975	0.40625
558.2056518998	0.40625
558.222590299789	0.40625
558.23951499979	0.40625
558.255682099843	0.40625
558.272575699957	0.40625
558.289118699962	0.40625
558.305982999969	0.40625
558.322720599826	0.40625
558.339785899967	0.40625
558.355408099946	0.40625
558.372478100006	0.40625
558.389229599852	0.40625
558.405755499844	0.40625
558.422563900007	0.40625
558.439400499919	0.40625
558.455796999857	0.40625
558.472225899808	0.40625
558.489255199907	0.40625
558.506004699972	0.40625
558.52239079983	0.40625
558.539358699927	0.40625
558.555747899925	0.40625
558.572549699806	0.40625
558.588880099822	0.40625
558.606059199898	0.40625
558.622734799981	0.40625
558.639264099998	0.40625
558.655520099914	0.40625
558.672198899789	0.40625
558.689408999868	0.40625
558.705464399885	0.40625
558.722494999878	0.40625
558.739659499843	0.40625
558.755903899902	0.40625
558.772439499851	0.40625
558.789141499903	0.40625
558.805761699798	0.40625
558.822605099995	0.40625
558.839168299921	0.40625
558.855866899947	0.40625
558.872238599928	0.40625
558.889271999942	0.40625
558.905347699998	0.40625
558.922359499848	0.40625
558.939493699931	0.40625
558.955468599917	0.40625
558.972576299915	0.40625
558.988954099827	0.40625
559.005885999883	0.40625
559.022455699975	0.40625
559.038967299974	0.40625
559.055674599949	0.40625
559.072360599879	0.40625
559.088822599966	0.40625
559.105810899986	0.40625
559.122558099916	0.40625
559.138908599969	0.40625
559.15589259984	0.40625
559.172458799789	0.40625
559.189202299807	0.40625
559.205479499884	0.40625
559.222639299929	0.40625
559.239220499992	0.40625
559.255904799793	0.40625
559.272491300013	0.40625
559.289208599832	0.40625
559.305616099853	0.40625
559.32281799987	0.40625
559.338779699989	0.40625
559.355501799844	0.40625
559.372328699799	0.40625
559.388822000008	0.40625
559.405691799941	0.40625
559.422619799851	0.40625
559.4391379999	0.40625
559.455495399889	0.40625
559.47248129989	0.40625
559.489223799901	0.40625
559.505758999847	0.40625
559.52258479991	0.40625
559.538898299914	0.40625
559.556263299892	0.40625
559.572333599906	0.40625
559.589390799869	0.40625
559.605746599846	0.40625
559.622496799799	0.40625
559.639208199922	0.40625
559.65587779996	0.40625
559.672013500007	0.40625
559.688847299898	0.40625
559.705584099982	0.40625
559.722612099955	0.40625
559.739031599835	0.40625
559.75577379996	0.40625
559.77241929993	0.40625
559.789197699865	0.40625
559.805770299863	0.40625
559.822314399993	0.40625
559.838864199817	0.40625
559.855505599873	0.40625
559.872159599792	0.40625
559.889189400012	0.40625
559.905495899962	0.40625
559.922246799804	0.40625
559.938863099786	0.40625
559.955560099799	0.40625
559.97226069984	0.40625
559.989304799819	0.40625
560.005943699973	0.40625
560.022707399912	0.40625
560.039333199849	0.40625
560.055454499787	0.40625
560.072386699961	0.40625
560.088802699931	0.40625
560.105720799882	0.40625
560.122131199809	0.40625
560.138802499976	0.40625
560.156117899809	0.40625
560.172351100016	0.40625
560.189112099819	0.40625
560.205918999854	0.40625
560.222479799995	0.40625
560.239029799821	0.40625
560.255777399987	0.40625
560.272228499874	0.40625
560.289116699947	0.40625
560.305605999893	0.40625
560.322546399897	0.40625
560.339178299997	0.40625
560.355485499837	0.40625
560.372146299807	0.40625
560.388883699896	0.40625
560.406086799921	0.40625
560.422531199874	0.40625
560.439341199817	0.40625
560.456068299944	0.40625
560.472495599883	0.40625
560.488776599988	0.40625
560.505533399992	0.40625
560.522615199909	0.40625
560.539310999913	0.40625
560.555639899801	0.40625
560.572092399932	0.40625
560.588774399832	0.40625
560.605375699932	0.40625
560.622085199924	0.40625
560.638903499814	0.40625
560.655806700001	0.40625
560.672424599994	0.40625
560.688922500005	0.40625
560.705647299998	0.40625
560.722541699884	0.40625
560.738831199938	0.40625
560.755554299802	0.40625
560.772427399876	0.40625
560.789141899906	0.40625
560.805429499829	0.40625
560.822494299849	0.40625
560.838816799922	0.40625
560.856076299911	0.40625
560.872494200012	0.40625
560.889206999913	0.40625
560.905608899891	0.40625
560.922475199914	0.40625
560.939320599893	0.40625
560.955793199828	0.40625
560.972533699824	0.40625
560.989018599968	0.40625
561.006117000012	0.40625
561.022286399966	0.40625
561.039150499972	0.40625
561.05547279981	0.40625
561.072010299889	0.40625
561.088762599975	0.40625
561.105936799897	0.40625
561.122249200009	0.40625
561.138796999818	0.40625
561.15564449993	0.40625
561.172066399828	0.40625
561.188892100006	0.40625
561.205788899912	0.40625
561.222508299863	0.40625
561.238903499907	0.40625
561.25543309981	0.40625
561.2725091998	0.40625
561.289345799945	0.40625
561.305353099946	0.40625
561.32266830001	0.40625
561.339835099876	0.40625
561.35580439982	0.40625
561.372515599942	0.40625
561.389233900001	0.40625
561.405417499831	0.40625
561.422520599794	0.40625
561.439151299885	0.40625
561.455941099906	0.40625
561.47255549999	0.40625
561.489125899971	0.40625
561.505650599953	0.40625
561.522474199999	0.40625
561.538692799862	0.40625
561.555635700002	0.40625
561.572566499934	0.40625
561.589261099929	0.40625
561.605466599809	0.40625
561.622396299848	0.40625
561.639024099801	0.40625
561.655733599793	0.40625
561.672678099945	0.40625
561.689304800006	0.40625
561.705719599966	0.40625
561.721995199798	0.40625
561.739183399826	0.40625
561.755648299819	0.40625
561.772138800006	0.40625
561.788852699799	0.40625
561.805783099961	0.40625
561.822222699877	0.40625
561.83901929995	0.40625
561.855409199838	0.40625
561.872669699835	0.40625
561.888869899791	0.40625
561.905521199806	0.40625
561.922409699997	0.40625
561.939311799826	0.40625
561.955752199981	0.40625
561.972167999949	0.40625
561.988633599831	0.40625
562.005525699817	0.40625
562.02241789992	0.40625
562.038812099956	0.40625
562.055269700009	0.40625
562.072273799917	0.40625
562.088914099848	0.40625
562.105716299964	0.40625
562.122052199906	0.40625
562.138800999848	0.40625
562.155512499856	0.40625
562.172744799871	0.40625
562.189298499841	0.40625
562.20545979985	0.40625
562.222563699819	0.40625
562.239309699973	0.40625
562.255524399923	0.40625
562.272039299831	0.40625
562.288741299883	0.40625
562.305658299942	0.40625
562.322200899944	0.40625
562.338869299972	0.40625
562.355588099919	0.40625
562.371946399799	0.40625
562.389026999939	0.40625
562.405292899814	0.40625
562.422326499829	0.40625
562.439269899856	0.40625
562.455304299947	0.40625
562.472057399806	0.40625
562.489086399786	0.40625
562.505659399787	0.40625
562.522638199851	0.40625
562.539081599796	0.40625
562.555695799878	0.40625
562.572311699856	0.40625
562.589803499868	0.40625
562.605447900016	0.40625
562.622701499844	0.40625
562.638835599879	0.40625
562.655455	0.40625
562.672482799971	0.40625
562.689075999893	0.40625
562.705824299948	0.40625
562.722389200004	0.40625
562.739209399791	0.40625
562.755266099935	0.40625
562.772458699998	0.40625
562.788550799945	0.40625
562.806066699792	0.40625
562.822345399996	0.40625
562.839131599991	0.40625
562.855381199857	0.40625
562.872132999822	0.40625
562.889045499964	0.40625
562.905815599952	0.40625
562.922341599828	0.40625
562.938757699914	0.40625
562.955250799889	0.40625
562.972296099877	0.40625
562.988999099936	0.40625
563.005969699938	0.40625
563.022473999998	0.40625
563.039145499934	0.40625
563.0556243998	0.40625
563.072086599888	0.40625
563.088939999929	0.40625
563.1056007999	0.40625
563.122344799805	0.40625
563.139375999803	0.40625
563.155743999872	0.40625
563.172341499943	0.40625
563.188853499945	0.40625
563.205437399913	0.40625
563.222563899821	0.40625
563.239112899872	0.40625
563.255691799801	0.40625
563.27245769999	0.40625
563.289113499923	0.40625
563.305727799889	0.40625
563.322248599958	0.40625
563.338950600009	0.40625
563.35571969999	0.40625
563.372589299921	0.40625
563.389249400003	0.40625
563.405292299809	0.40625
563.422127899947	0.40625
563.438806099817	0.40625
563.455214899965	0.40625
563.472314899787	0.40625
563.489012999926	0.40625
563.50560569996	0.40625
563.522734500002	0.40625
563.538774499903	0.40625
563.555678299861	0.40625
563.572677499847	0.40625
563.588865499943	0.40625
563.6054347998	0.40625
563.6224926	0.40625
563.63918920001	0.40625
563.655432799831	0.40625
563.67231659987	0.40625
563.688736399869	0.40625
563.705325099872	0.40625
563.722661699867	0.40625
563.739063899964	0.40625
563.755376499845	0.40625
563.772198399995	0.40625
563.788712299895	0.40625
563.806219099788	0.40625
563.822996599833	0.40625
563.839339499827	0.40625
563.855731499847	0.40625
563.87247469998	0.40625
563.889256999828	0.40625
563.90525179985	0.40625
563.922272199998	0.40625
563.939189599827	0.40625
563.955487899948	0.40625
563.972123299958	0.40625
563.988862499828	0.40625
564.005347799975	0.40625
564.022201499902	0.40625
564.039352099877	0.40625
564.055586999981	0.40625
564.072392300004	0.40625
564.088845199905	0.40625
564.105381699977	0.40625
564.121971599991	0.40625
564.139183399966	0.40625
564.155048699817	0.40625
564.171991299838	0.40625
564.189213299891	0.40625
564.205696099903	0.40625
564.222347399918	0.40625
564.238966899924	0.40625
564.255333699984	0.40625
564.272610099986	0.40625
564.288864099886	0.40625
564.305801399983	0.40625
564.322241699789	0.40625
564.339130399982	0.40625
564.355491499882	0.40625
564.371969799977	0.40625
564.389100699918	0.40625
564.405252799857	0.40625
564.422778100008	0.40625
564.438729699934	0.40625
564.456090299878	0.40625
564.472420800012	0.40625
564.489274899941	0.40625
564.505665299948	0.40625
564.522549299989	0.40625
564.539204799803	0.40625
564.555516199907	0.40625
564.572060099803	0.40625
564.589069999987	0.40625
564.6054041998	0.40625
564.62247299985	0.40625
564.638827399816	0.40625
564.655484899879	0.40625
564.672324099811	0.40625
564.688796099974	0.40625
564.705403100001	0.40625
564.722550099948	0.40625
564.738856300013	0.40625
564.755245700013	0.40625
564.772693699924	0.40625
564.788597899955	0.40625
564.805480599869	0.40625
564.822599099949	0.40625
564.838656099979	0.40625
564.855437099934	0.40625
564.872170999879	0.40625
564.889190200018	0.40625
564.905553099932	0.40625
564.922379900003	0.40625
564.938879899913	0.40625
564.955519199837	0.40625
564.971900200006	0.40625
564.988948599901	0.40625
565.00559299998	0.40625
565.022548199864	0.40625
565.039395899978	0.40625
565.055397399934	0.40625
565.071790499846	0.40625
565.089089399902	0.40625
565.105294700013	0.40625
565.122067499906	0.40625
565.139407999814	0.40625
565.155198999913	0.40625
565.172308599809	0.40625
565.189015399897	0.40625
565.205626099836	0.40625
565.221880899975	0.40625
565.238939099945	0.40625
565.255509699928	0.40625
565.272502099862	0.40625
565.288636300014	0.40625
565.305452100001	0.40625
565.322241499787	0.40625
565.338919099886	0.40625
565.355197999859	0.40625
565.37200949993	0.40625
565.389197999844	0.40625
565.405740799848	0.40625
565.422169299796	0.40625
565.43920179992	0.40625
565.455522499979	0.40625
565.472681100015	0.40625
565.488954599947	0.40625
565.505491599906	0.40625
565.522423099959	0.40625
565.538875699975	0.40625
565.555319599807	0.40625
565.572127699852	0.40625
565.58841029997	0.40625
565.605133399833	0.40625
565.621889699949	0.40625
565.638717599912	0.40625
565.655361099867	0.40625
565.672374899965	0.40625
565.688948699972	0.40625
565.705495700007	0.40625
565.722250399878	0.40625
565.738542799838	0.40625
565.755669099977	0.40625
565.772296499927	0.40625
565.788868899923	0.40625
565.805408799788	0.40625
565.822659899946	0.40625
565.838890499901	0.40625
565.855400200002	0.40625
565.872236699797	0.40625
565.888769899961	0.40625
565.905402299948	0.40625
565.922313699964	0.40625
565.939233099809	0.40625
565.955259499839	0.40625
565.972681500018	0.40625
565.988902000012	0.40625
566.005626800004	0.40625
566.022326599807	0.40625
566.038580499822	0.40625
566.055454399902	0.40625
566.072332199896	0.40625
566.088950200006	0.40625
566.105444199871	0.40625
566.122136199847	0.40625
566.139086399926	0.40625
566.155463399831	0.40625
566.171853299951	0.40625
566.189045300009	0.40625
566.204963399796	0.40625
566.22247869987	0.40625
566.238991999999	0.40625
566.255393599859	0.40625
566.272285899846	0.40625
566.289009799948	0.40625
566.305290299933	0.40625
566.322301100008	0.40625
566.339216199936	0.40625
566.355317999842	0.40625
566.372482799925	0.40625
566.389134499943	0.40625
566.405390199972	0.40625
566.422249799827	0.40625
566.439175799955	0.40625
566.455444399966	0.40625
566.471915100003	0.40625
566.488957499852	0.40625
566.504973299801	0.40625
566.522396699991	0.40625
566.538570999866	0.40625
566.555111099966	0.40625
566.572025799891	0.40625
566.589001999935	0.40625
566.605314899934	0.40625
566.622042899951	0.40625
566.6389738	0.40625
566.655025699874	0.40625
566.672329099849	0.40625
566.688626499847	0.40625
566.705430799862	0.40625
566.721668799873	0.40625
566.738495999947	0.40625
566.755133099854	0.40625
566.77251489996	0.40625
566.788796099834	0.40625
566.805147100007	0.40625
566.822532599792	0.40625
566.83973869984	0.40625
566.855316799833	0.40625
566.87244289997	0.40625
566.888928500004	0.40625
566.905331899878	0.40625
566.922216599807	0.40625
566.939092099899	0.40625
566.955161499791	0.40625
566.9718251999	0.40625
566.988937599817	0.40625
567.005297699943	0.40625
567.022494999925	0.40625
567.038750699954	0.40625
567.055254099891	0.40625
567.072383299936	0.40625
567.088932599872	0.40625
567.105313699925	0.40625
567.121970499866	0.40625
567.138667699881	0.40625
567.155283899978	0.40625
567.171900399961	0.40625
567.188487199834	0.40625
567.205342199886	0.40625
567.221994799795	0.40625
567.239070300013	0.40625
567.255306399893	0.40625
567.272073399974	0.40625
567.289137299871	0.40625
567.305533199804	0.40625
567.32243099995	0.40625
567.339092299808	0.40625
567.355349699967	0.40625
567.372154399985	0.40625
567.388926999876	0.40625
567.405349599896	0.40625
567.422372699948	0.40625
567.438251300016	0.40625
567.455144000007	0.40625
567.472002699971	0.40625
567.488221899839	0.40625
567.505165299866	0.40625
567.521963099949	0.40625
567.538423199905	0.40625
567.555215699831	0.40625
567.571806599852	0.40625
567.588821899844	0.40625
567.605363999959	0.40625
567.622332199942	0.40625
567.639105599839	0.40625
567.65537069994	0.40625
567.672054899856	0.40625
567.688732799841	0.40625
567.705041399924	0.40625
567.722358099883	0.40625
567.738983199932	0.40625
567.755697499961	0.40625
567.772050499916	0.40625
567.788686399814	0.40625
567.805611599935	0.40625
567.822172699962	0.40625
567.838629900012	0.40625
567.854932799935	0.40625
567.871952399844	0.40625
567.888941599987	0.40625
567.905768199824	0.40625
567.921742799925	0.40625
567.938793899957	0.40625
567.955381399952	0.40625
567.972369899973	0.40625
567.988914899994	0.40625
568.005476499908	0.40625
568.022223499836	0.40625
568.038780099945	0.40625
568.055330300005	0.40625
568.072060099803	0.40625
568.089303399902	0.40625
568.105378399836	0.40625
568.122401600005	0.40625
568.139074199833	0.40625
568.156140499981	0.40625
568.172136500012	0.40625
568.188948799856	0.40625
568.205463099992	0.40625
568.22205709992	0.40625
568.239066499984	0.40625
568.255190099822	0.40625
568.272368700011	0.40625
568.288871799828	0.40625
568.305326199858	0.40625
568.322375499876	0.40625
568.33927779994	0.40625
568.355107499985	0.40625
568.372066099895	0.40625
568.388769499958	0.40625
568.405325899832	0.40625
568.42245899979	0.40625
568.438999299891	0.40625
568.455457799835	0.40625
568.471846299944	0.40625
568.488573299954	0.40625
568.505684699863	0.40625
568.522362499963	0.40625
568.539141599787	0.40625
568.555423399899	0.40625
568.572199899936	0.40625
568.588776699966	0.40625
568.605179999955	0.40625
568.622237999924	0.40625
568.638758599991	0.40625
568.655123399803	0.40625
568.672152499901	0.40625
568.688647500006	0.40625
568.705527899787	0.40625
568.72207499994	0.40625
568.739224399906	0.40625
568.755113999825	0.40625
568.77186889993	0.40625
568.78885459993	0.40625
568.805311899865	0.40625
568.822378499899	0.40625
568.838740899926	0.40625
568.855067899916	0.40625
568.871800499968	0.40625
568.888777999906	0.40625
568.904893899802	0.40625
568.92202920001	0.40625
568.939221699955	0.40625
568.955402199877	0.40625
568.972359800013	0.40625
568.988827699795	0.40625
569.005365199875	0.40625
569.022352299886	0.40625
569.038777899928	0.40625
569.055002999958	0.40625
569.071552600013	0.40625
569.088884799974	0.40625
569.105055699823	0.40625
569.121886099922	0.40625
569.138591599884	0.40625
569.155033699935	0.40625
569.171943399822	0.40625
569.188981799874	0.40625
569.205369699979	0.40625
569.222280199872	0.40625
569.239100700011	0.40625
569.255215999903	0.40625
569.272612300003	0.40625
569.288887599949	0.40625
569.305913899792	0.40625
569.322374199983	0.40625
569.338633399922	0.40625
569.355087299831	0.40625
569.372067699907	0.40625
569.388442399912	0.40625
569.405320099788	0.40625
569.421893999912	0.40625
569.438910999801	0.40625
569.455492499983	0.40625
569.472380599938	0.40625
569.488778200001	0.40625
569.505060999887	0.40625
569.522414600011	0.40625
569.538791399915	0.40625
569.555029799929	0.40625
569.572121799923	0.40625
569.588781700004	0.40625
569.605516599957	0.40625
569.622156499885	0.40625
569.639031299856	0.40625
569.654937799787	0.40625
569.672158099944	0.40625
569.688917199848	0.40625
569.705034899991	0.40625
569.722075699829	0.40625
569.738710799953	0.40625
569.755048499908	0.40625
569.771864699898	0.40625
569.788450799882	0.40625
569.805275399936	0.40625
569.822119299788	0.40625
569.838369899895	0.40625
569.855099399807	0.40625
569.872614299878	0.40625
569.8884693	0.40625
569.905590599868	0.40625
569.922173599945	0.40625
569.939104899997	0.40625
569.956384199904	0.40625
569.972437099786	0.40625
569.988765599905	0.40625
570.005451699952	0.40625
570.022113299929	0.40625
570.038157299859	0.40625
570.055020099971	0.40625
570.072198699927	0.40625
570.088557599811	0.40625
570.10494260001	0.40625
570.122136199847	0.40625
570.139049299993	0.40625
570.155115099857	0.40625
570.171823099954	0.40625
570.188423699932	0.40625
570.205317799933	0.40625
570.22185699991	0.40625
570.23878949997	0.40625
570.255336700007	0.40625
570.271897899918	0.40625
570.288927899906	0.40625
570.305285499897	0.40625
570.322332199896	0.40625
570.33900869987	0.40625
570.355018399889	0.40625
570.372114099795	0.40625
570.388718999922	0.40625
570.405494699953	0.40625
570.422101399861	0.40625
570.438923300011	0.40625
570.455516699934	0.40625
570.472373299999	0.40625
570.488456899999	0.40625
570.505020899931	0.40625
570.522248799913	0.40625
570.538897199789	0.40625
570.555354099954	0.40625
570.572170299944	0.40625
570.588971099816	0.40625
570.605230699992	0.40625
570.622346399818	0.40625
570.638860399835	0.40625
570.655557899969	0.40625
570.672024299856	0.40625
570.688542999793	0.40625
570.704964399803	0.40625
570.721995699918	0.40625
570.7387629	0.40625
570.7552788998	0.40625
570.772252799943	0.40625
570.78899609996	0.40625
570.805427499814	0.40625
570.822268199874	0.40625
570.838792299852	0.40625
570.855245899875	0.40625
570.872298699804	0.40625
570.888532700017	0.40625
570.905487099895	0.40625
570.922226999886	0.40625
570.938546699937	0.40625
570.955517799826	0.40625
570.972307699965	0.40625
570.988738299813	0.40625
571.004945399938	0.40625
571.022021899931	0.40625
571.038535899948	0.40625
571.054907799931	0.40625
571.071994700003	0.40625
571.08887989982	0.40625
571.104971499881	0.40625
571.12207539985	0.40625
571.139044399839	0.40625
571.155531900004	0.40625
571.172071699984	0.40625
571.188751199981	0.40625
571.205284399912	0.40625
571.222278399859	0.40625
571.238783899928	0.40625
571.255382200005	0.40625
571.272386299912	0.40625
571.288667699788	0.40625
571.305641199928	0.40625
571.322354999837	0.40625
571.338593599852	0.40625
571.355156099889	0.40625
571.372168699978	0.40625
571.38865969982	0.40625
571.405217099935	0.40625
571.421768900007	0.40625
571.438894199906	0.40625
571.455091899959	0.40625
571.472287199926	0.40625
571.488696399843	0.40625
571.505355099915	0.40625
571.522062500007	0.40625
571.538966099964	0.40625
571.554983199807	0.40625
571.572093599942	0.40625
571.588892199798	0.40625
571.605183499865	0.40625
571.622238699812	0.40625
571.638899500016	0.40625
571.655328899855	0.40625
571.672263199929	0.40625
571.689042999875	0.40625
571.705497100018	0.40625
571.721817599842	0.40625
571.738457500003	0.40625
571.75563579984	0.40625
571.771809699945	0.40625
571.788928099908	0.40625
571.805676199961	0.40625
571.821916099871	0.40625
571.838440799853	0.40625
571.855451699812	0.40625
571.872226399835	0.40625
571.888293399941	0.40625
571.9055968998	0.40625
571.921877200017	0.40625
571.938872999977	0.40625
571.955193399917	0.40625
571.972222300014	0.40625
571.98887120001	0.40625
572.005320299882	0.40625
572.022304799873	0.40625
572.038670599926	0.40625
572.055050599854	0.40625
572.072438099887	0.40625
572.088392499834	0.40625
572.10535009997	0.40625
572.122269099811	0.40625
572.138382899808	0.40625
572.15528149996	0.40625
572.17210729979	0.40625
572.18871779996	0.40625
572.205463499995	0.40625
572.221683499869	0.40625
572.238556899829	0.40625
572.255518899998	0.40625
572.271923699882	0.40625
572.288491699845	0.40625
572.304960799869	0.40625
572.321681499947	0.40625
572.3384010999	0.40625
572.355588599807	0.40625
572.371873999946	0.40625
572.388862699969	0.40625
572.405284399865	0.40625
572.421774199931	0.40625
572.438850399805	0.40625
572.455385499867	0.40625
572.472249199869	0.40625
572.488545499975	0.40625
572.5052461999	0.40625
572.521642999956	0.40625
572.538303799927	0.40625
572.555285800016	0.40625
572.572021099972	0.40625
572.588535699993	0.40625
572.605247099884	0.40625
572.622266199905	0.40625
572.639005800011	0.40625
572.655466199853	0.40625
572.671668099938	0.40625
572.688637899933	0.40625
572.705510400003	0.40625
572.722106899833	0.40625
572.73869599984	0.40625
572.755444400012	0.40625
572.772124399897	0.40625
572.788810099941	0.40625
572.805199699942	0.40625
572.822089099791	0.40625
572.838106199866	0.40625
572.854708299972	0.40625
572.871682500001	0.40625
572.888559099985	0.40625
572.904950399883	0.40625
572.922042899998	0.40625
572.93885499984	0.40625
572.955298399786	0.40625
572.972119199811	0.40625
572.988427300006	0.40625
573.005150299985	0.40625
573.022054799832	0.40625
573.038172899978	0.40625
573.055012599798	0.40625
573.071713699959	0.40625
573.088166199857	0.40625
573.104906399967	0.40625
573.122215999989	0.40625
573.138826399809	0.40625
573.155456400011	0.40625
573.172180899885	0.40625
573.188469499815	0.40625
573.205309199868	0.40625
573.222039100016	0.40625
573.238275399897	0.40625
573.254897199804	0.40625
573.272006199928	0.40625
573.288782999851	0.40625
573.305330799893	0.40625
573.321913199965	0.40625
573.338648899924	0.40625
573.355262199882	0.40625
573.372057799948	0.40625
573.38865969982	0.40625
573.405029299902	0.40625
573.422079499811	0.40625
573.438249399886	0.40625
573.455272199819	0.40625
573.47161639994	0.40625
573.488630999811	0.40625
573.505626099883	0.40625
573.522226999979	0.40625
573.538724799873	0.40625
573.555336099816	0.40625
573.572000899818	0.40625
573.588670299854	0.40625
573.605515099829	0.40625
573.622215099866	0.40625
573.63828279986	0.40625
573.655406699982	0.40625
573.67186789983	0.40625
573.688422399806	0.40625
573.705089099938	0.40625
573.721558999969	0.40625
573.738653799985	0.40625
573.75531209982	0.40625
573.771725099999	0.40625
573.788320499938	0.40625
573.805265799863	0.40625
573.821768299909	0.40625
573.838737000013	0.40625
573.855378299952	0.40625
573.871642499929	0.40625
573.8882247	0.40625
573.905092299916	0.40625
573.921992699848	0.40625
573.938229799969	0.40625
573.955274599837	0.40625
573.971890499815	0.40625
573.988665999845	0.40625
574.005547199864	0.40625
574.022129799938	0.40625
574.038609599927	0.40625
574.055027299793	0.40625
574.072077199817	0.40625
574.088837499963	0.40625
574.105313599808	0.40625
574.122331499821	0.40625
574.138754299842	0.40625
574.154781499878	0.40625
574.171983599896	0.40625
574.188209899934	0.40625
574.205478099873	0.40625
574.221874599811	0.40625
574.238691199804	0.40625
574.255138099892	0.40625
574.271904599853	0.40625
574.288660699967	0.40625
574.305639399914	0.40625
574.322019799845	0.40625
574.338272799971	0.40625
574.35519419983	0.40625
574.372049700003	0.40625
574.388257300016	0.40625
574.405085299863	0.40625
574.421987999929	0.40625
574.438606799813	0.40625
574.455521499971	0.40625
574.471994599793	0.40625
574.489011999918	0.40625
574.50501949992	0.40625
574.521447699983	0.40625
574.538491399959	0.40625
574.554922699928	0.40625
574.571682699956	0.40625
574.588468099944	0.40625
574.605278099887	0.40625
574.621953099966	0.40625
574.638365799794	0.40625
574.654917099979	0.40625
574.671662099892	0.40625
574.688837399939	0.40625
574.705356799997	0.40625
574.721788999857	0.40625
574.738705599913	0.40625
574.755355099915	0.40625
574.771961299935	0.40625
574.788643599954	0.40625
574.805098299868	0.40625
574.8221361998	0.40625
574.838285499951	0.40625
574.854991799919	0.40625
574.871649599867	0.40625
574.888751299819	0.40625
574.905202699825	0.40625
574.921661	0.40625
574.938058999833	0.40625
574.954841999803	0.40625
574.972069300013	0.40625
574.987959599821	0.40625
575.005391299957	0.40625
575.022125099786	0.40625
575.038155799964	0.40625
575.054950699909	0.40625
575.071983599802	0.40625
575.088660399895	0.40625
575.10472549987	0.40625
575.121770199854	0.40625
575.138783999952	0.40625
575.155214199796	0.40625
575.172353799921	0.40625
575.188250700012	0.40625
575.205262099858	0.40625
575.221683099866	0.40625
575.237919699866	0.40625
575.255379899871	0.40625
575.271661499981	0.40625
575.288006399991	0.40625
575.305375699885	0.40625
575.321542299818	0.40625
575.338575199945	0.40625
575.355249200016	0.40625
575.372298299801	0.40625
575.38869029982	0.40625
575.405400699936	0.40625
575.421921799891	0.40625
575.437975500012	0.40625
575.455382599961	0.40625
575.471947199898	0.40625
575.488408199977	0.40625
575.505633799825	0.40625
575.521604900016	0.40625
575.538043399807	0.40625
575.555224400014	0.40625
575.571600899799	0.40625
575.588291199878	0.40625
575.60512429988	0.40625
575.622005999787	0.40625
575.638052299852	0.40625
575.655257599894	0.40625
575.671999999788	0.40625
575.688027099939	0.40625
575.705580599839	0.40625
575.721508699935	0.40625
575.737969799899	0.40625
575.755416699918	0.40625
575.771645599976	0.40625
575.788043899927	0.40625
575.804883399978	0.40625
575.821368099889	0.40625
575.838434199803	0.40625
575.854705799837	0.40625
575.872268699808	0.40625
575.888106099796	0.40625
575.905052099843	0.40625
575.921971999807	0.40625
575.938676399877	0.40625
575.955069799908	0.40625
575.971926599974	0.40625
575.98831109982	0.40625
576.005185199901	0.40625
576.022023699945	0.40625
576.042621399974	0.40625
576.055076699937	0.40625
576.071700299857	0.40625
576.088458599988	0.40625
576.105177299818	0.40625
576.121916699922	0.40625
576.137942799833	0.40625
576.155079799937	0.40625
576.171530699823	0.40625
576.188610999845	0.40625
576.205094099976	0.40625
576.221371699823	0.40625
576.238301699981	0.40625
576.25517839985	0.40625
576.271948799957	0.40625
576.288195599802	0.40625
576.305189999985	0.40625
576.321925699944	0.40625
576.338205399923	0.40625
576.355225599837	0.40625
576.371971199987	0.40625
576.38816909981	0.40625
576.405153699918	0.40625
576.421990999952	0.40625
576.43799219979	0.40625
576.454712699866	0.40625
576.472046799958	0.40625
576.488447299926	0.40625
576.505631899927	0.40625
576.521982699865	0.40625
576.538449399872	0.40625
576.555317699909	0.40625
576.571698399959	0.40625
576.588201399893	0.40625
576.605101799825	0.40625
576.622176799923	0.40625
576.637948799878	0.40625
576.654551399872	0.40625
576.671536099864	0.40625
576.688200999983	0.40625
576.705148399808	0.40625
576.721965199802	0.40625
576.737935699988	0.40625
576.755092900014	0.40625
576.771532199811	0.40625
576.788350999821	0.40625
576.804771799827	0.40625
576.821862199809	0.40625
576.838560199831	0.40625
576.855132399825	0.40625
576.871687999927	0.40625
576.887979299994	0.40625
576.904891699785	0.40625
576.922023099847	0.40625
576.938103199936	0.40625
576.955116299912	0.40625
576.972063599853	0.40625
576.988586499821	0.40625
577.005350299878	0.40625
577.021618299885	0.40625
577.038479499985	0.40625
577.054838299984	0.40625
577.071507699788	0.40625
577.088104199851	0.40625
577.105498299934	0.40625
577.121847399976	0.40625
577.13856059988	0.40625
577.154601099901	0.40625
577.171743799932	0.40625
577.187994999811	0.40625
577.205061599845	0.40625
577.221519500017	0.40625
577.238147099968	0.40625
577.255112799816	0.40625
577.272144699935	0.40625
577.288413099945	0.40625
577.304958399851	0.40625
577.321959099965	0.40625
577.338596699992	0.40625
577.355393199949	0.40625
577.371874699835	0.40625
577.388117699884	0.40625
577.404869899852	0.40625
577.421778499847	0.40625
577.438303299947	0.40625
577.455374899786	0.40625
577.47184919985	0.40625
577.488102599978	0.40625
577.504840699956	0.40625
577.522152399877	0.40625
577.538038099883	0.40625
577.555217699846	0.40625
577.572052199859	0.40625
577.588535499992	0.40625
577.605392099824	0.40625
577.62185619981	0.40625
577.642460000003	0.40625
577.654704999877	0.40625
577.671406899812	0.40625
577.688103699824	0.40625
577.70493649994	0.40625
577.721785299946	0.40625
577.738172299927	0.40625
577.755031799898	0.40625
577.772012199974	0.40625
577.7884246998	0.40625
577.805073399795	0.40625
577.821996699786	0.40625
577.838648399804	0.40625
577.854967199964	0.40625
577.872066099895	0.40625
577.88803729997	0.40625
577.904853999848	0.40625
577.921716999961	0.40625
577.938318699831	0.40625
577.955181799829	0.40625
577.971720199799	0.40625
577.988355799811	0.40625
578.005385799799	0.40625
578.021856099833	0.40625
578.038345899899	0.40625
578.055161899887	0.40625
578.07158889994	0.40625
578.088479299797	0.40625
578.105046799872	0.40625
578.121379599907	0.40625
578.138576299883	0.40625
578.154781799996	0.40625
578.171552899992	0.40625
578.188355299877	0.40625
578.204905799823	0.40625
578.22202039999	0.40625
578.238426099997	0.40625
578.254917899845	0.40625
578.271842899965	0.40625
578.28850379982	0.40625
578.305403699866	0.40625
578.321917699883	0.40625
578.337919799844	0.40625
578.354752899846	0.40625
578.371191299986	0.40625
578.388437599875	0.40625
578.405248499941	0.40625
578.421538099879	0.40625
578.438609299948	0.40625
578.454679799965	0.40625
578.472088399809	0.40625
578.488400299801	0.40625
578.505061500007	0.40625
578.521628399845	0.40625
578.538814399857	0.40625
578.555127099855	0.40625
578.572025599889	0.40625
578.588297199924	0.40625
578.605053399922	0.40625
578.62175049982	0.40625
578.638017099816	0.40625
578.655083399964	0.40625
578.671800900018	0.40625
578.68850469985	0.40625
578.704788499977	0.40625
578.721428099787	0.40625
578.738412200008	0.40625
578.755154999904	0.40625
578.771360500017	0.40625
578.78859589994	0.40625
578.805426999927	0.40625
578.821523899911	0.40625
578.838153699879	0.40625
578.855091399979	0.40625
578.871800399851	0.40625
578.888096399838	0.40625
578.904852399835	0.40625
578.921946699964	0.40625
578.938270399813	0.40625
578.954882599879	0.40625
578.971808600007	0.40625
578.98847539979	0.40625
579.004986099899	0.40625
579.021425999934	0.40625
579.038373999996	0.40625
579.055193699896	0.40625
579.071961999871	0.40625
579.088539199904	0.40625
579.104745899793	0.40625
579.1219881	0.40625
579.1386570998	0.40625
579.154723000014	0.40625
579.171711799921	0.40625
579.188683799934	0.40625
579.204870599788	0.40625
579.221630199812	0.40625
579.238384499913	0.40625
579.2552002999	0.40625
579.27198069985	0.40625
579.288411099929	0.40625
579.30538899987	0.40625
579.321329399943	0.40625
579.338470799848	0.40625
579.354745799908	0.40625
579.371877899859	0.40625
579.388348399894	0.40625
579.404967000009	0.40625
579.421443199972	0.40625
579.438523799879	0.40625
579.454891699832	0.40625
579.471635099966	0.40625
579.488349799998	0.40625
579.505071799969	0.40625
579.521840799833	0.40625
579.538626099937	0.40625
579.554810399888	0.40625
579.571980800014	0.40625
579.588291199878	0.40625
579.605061999988	0.40625
579.62169449986	0.40625
579.638572999975	0.40625
579.654734499985	0.40625
579.67150629987	0.40625
579.687921599951	0.40625
579.705042099813	0.40625
579.721968699945	0.40625
579.738092599902	0.40625
579.755287099862	0.40625
579.771536099957	0.40625
579.788361999905	0.40625
579.804957699962	0.40625
579.82136079995	0.40625
579.838513099821	0.40625
579.855100699933	0.40625
579.87204879988	0.40625
579.888633899856	0.40625
579.905252399854	0.40625
579.921733199852	0.40625
579.938500599936	0.40625
579.954955499852	0.40625
579.971756999847	0.40625
579.987937700003	0.40625
580.004623399815	0.40625
580.022083399817	0.40625
580.038536499953	0.40625
580.054744499968	0.40625
580.071419299813	0.40625
580.088569599902	0.40625
580.105352299986	0.40625
580.12201959989	0.40625
580.138418599963	0.40625
580.155164199881	0.40625
580.171407799935	0.40625
580.188666299917	0.40625
580.204950499814	0.40625
580.221578099998	0.40625
580.23797869985	0.40625
580.255170799792	0.40625
580.271350899944	0.40625
580.288078599842	0.40625
580.305047499947	0.40625
580.321497899946	0.40625
580.338681199821	0.40625
580.355013099965	0.40625
580.372253599809	0.40625
580.388519999804	0.40625
580.405063999817	0.40625
580.421944999835	0.40625
580.438233699882	0.40625
580.455124599859	0.40625
580.471698599868	0.40625
580.488421899965	0.40625
580.504638499813	0.40625
580.52135029994	0.40625
580.538594499929	0.40625
580.554990399862	0.40625
580.571449099807	0.40625
580.588257899974	0.40625
580.605135999853	0.40625
580.621547999792	0.40625
580.638962599915	0.40625
580.655194699997	0.40625
580.67173039983	0.40625
580.688218099996	0.40625
580.704945799895	0.40625
580.721270199865	0.40625
580.738309299806	0.40625
580.755021299934	0.40625
580.771405299893	0.40625
580.78810759983	0.40625
580.804802599829	0.40625
580.822130299872	0.40625
580.838315099943	0.40625
580.855309400009	0.40625
580.871700000018	0.40625
580.888606499881	0.40625
580.905180600006	0.40625
580.921791999834	0.40625
580.938126599882	0.40625
580.955032199854	0.40625
580.97176049999	0.40625
580.988376499852	0.40625
581.004666399909	0.40625
581.02127919998	0.40625
581.038120099809	0.40625
581.055294299964	0.40625
581.07204749994	0.40625
581.088426999981	0.40625
581.104825999821	0.40625
581.121507799951	0.40625
581.138048899826	0.40625
581.155095799826	0.40625
581.172011899995	0.40625
581.188315099804	0.40625
581.204924099846	0.40625
581.221378699876	0.40625
581.238376899855	0.40625
581.255206699949	0.40625
581.271865299903	0.40625
581.28795909998	0.40625
581.304930599872	0.40625
581.321610599989	0.40625
581.338627199875	0.40625
581.354921099963	0.40625
581.371799199842	0.40625
581.388589999871	0.40625
581.405169099802	0.40625
581.421376899816	0.40625
581.437973599881	0.40625
581.454963699915	0.40625
581.471935499925	0.40625
581.488548399881	0.40625
581.504823799944	0.40625
581.521349599818	0.40625
581.538595999824	0.40625
581.555367899826	0.40625
581.571757499827	0.40625
581.587914399803	0.40625
581.604571899865	0.40625
581.622002999997	0.40625
581.638032699935	0.40625
581.654743399937	0.40625
581.671481099911	0.40625
581.688114899909	0.40625
581.704964399803	0.40625
581.721221899847	0.40625
581.738473000005	0.40625
581.754906899994	0.40625
581.771592699923	0.40625
581.788659399841	0.40625
581.804706999799	0.40625
581.82122189994	0.40625
581.838309000013	0.40625
581.855266099796	0.40625
581.871679599863	0.40625
581.88851989992	0.40625
581.904645300005	0.40625
581.921419999795	0.40625
581.937935799826	0.40625
581.954765599919	0.40625
581.97137529985	0.40625
581.988390299957	0.40625
582.005260200007	0.40625
582.021370899864	0.40625
582.038650099887	0.40625
582.054769899929	0.40625
582.071527099935	0.40625
582.088351199869	0.40625
582.105037799804	0.40625
582.12169849989	0.40625
582.138693599962	0.40625
582.1549372999	0.40625
582.171339599881	0.40625
582.187904299935	0.40625
582.204901599791	0.40625
582.221269499976	0.40625
582.238014899893	0.40625
582.254712699912	0.40625
582.271553099854	0.40625
582.288099800004	0.40625
582.304787199944	0.40625
582.321749299997	0.40625
582.338316099951	0.40625
582.354994899826	0.40625
582.371223499998	0.40625
582.388390999986	0.40625
582.404712399933	0.40625
582.422120000003	0.40625
582.437965099933	0.40625
582.454971199855	0.40625
582.471552999923	0.40625
582.488240299979	0.40625
582.504558599787	0.40625
582.52150799986	0.40625
582.538363699801	0.40625
582.554785699816	0.40625
582.571344899945	0.40625
582.588780999882	0.40625
582.605109799886	0.40625
582.621264799964	0.40625
582.638005999848	0.40625
582.654801799916	0.40625
582.671551599866	0.40625
582.687951999949	0.40625
582.705012599938	0.40625
582.721691399813	0.40625
582.738723599818	0.40625
582.754786999896	0.40625
582.771492599975	0.40625
582.788186799968	0.40625
582.80533529981	0.40625
582.821556499926	0.40625
582.838303499855	0.40625
582.855088199954	0.40625
582.871612599818	0.40625
582.888264199952	0.40625
582.904827199876	0.40625
582.921229299856	0.40625
582.93818930001	0.40625
582.955188299995	0.40625
582.971513499971	0.40625
582.988337899791	0.40625
583.004762699828	0.40625
583.021533899941	0.40625
583.038320799824	0.40625
583.055241699796	0.40625
583.071413099999	0.40625
583.088025399949	0.40625
583.10441309982	0.40625
583.121525999857	0.40625
583.138264399953	0.40625
583.15487229987	0.40625
583.171448099893	0.40625
583.188225599937	0.40625
583.204519499792	0.40625
583.221761099994	0.40625
583.238260600017	0.40625
583.255076200003	0.40625
583.27126079984	0.40625
583.288177199895	0.40625
583.305076799821	0.40625
583.321824999992	0.40625
583.337892999873	0.40625
583.354741099989	0.40625
583.371520999819	0.40625
583.387925699819	0.40625
583.405135900015	0.40625
583.421464799903	0.40625
583.438507099869	0.40625
583.454771499848	0.40625
583.471529699862	0.40625
583.488182500005	0.40625
583.504671199946	0.40625
583.521522299852	0.40625
583.538505599834	0.40625
583.554936499801	0.40625
583.571763399988	0.40625
583.587996599963	0.40625
583.604375499999	0.40625
583.621416999958	0.40625
583.638049899833	0.40625
583.654668499948	0.40625
583.671176899923	0.40625
583.688077199971	0.40625
583.704646799946	0.40625
583.72156879981	0.40625
583.738620899851	0.40625
583.754796399968	0.40625
583.771766399965	0.40625
583.788518699817	0.40625
583.805139799835	0.40625
583.821613699896	0.40625
583.837803100003	0.40625
583.854753699852	0.40625
583.871325999964	0.40625
583.888482999988	0.40625
583.904710899806	0.40625
583.921372899786	0.40625
583.938634199789	0.40625
583.954767599935	0.40625
583.971644899808	0.40625
583.988516499987	0.40625
584.00463809981	0.40625
584.021722399862	0.40625
584.038253400009	0.40625
584.055023199879	0.40625
584.071353900013	0.40625
584.088065299904	0.40625
584.104671399808	0.40625
584.121306099929	0.40625
584.138391999993	0.40625
584.154520999873	0.40625
584.171602899907	0.40625
584.188274399843	0.40625
584.204855099786	0.40625
584.221479699947	0.40625
584.238307099789	0.40625
584.254579099827	0.40625
584.270885299891	0.40625
584.287834799848	0.40625
584.304833199829	0.40625
584.321619599825	0.40625
584.337864700006	0.40625
584.354734799825	0.40625
584.3719465998	0.40625
584.388406599872	0.40625
584.404675599886	0.40625
584.421440499835	0.40625
584.437763499795	0.40625
584.454266399844	0.40625
584.471241399879	0.40625
584.487635799916	0.40625
584.50466869981	0.40625
584.521576999919	0.40625
584.537822599988	0.40625
584.554445399903	0.40625
584.571399299894	0.40625
584.587974499911	0.40625
584.604718399933	0.40625
584.621062499937	0.40625
584.638554099947	0.40625
584.65493119997	0.40625
584.671024699928	0.40625
584.68858149997	0.40625
584.704912799876	0.40625
584.72149279993	0.40625
584.738361399854	0.40625
584.75491379993	0.40625
584.771264099982	0.40625
584.788230499951	0.40625
584.805090399925	0.40625
584.821082199924	0.40625
584.838207899826	0.40625
584.85486959992	0.40625
584.871393899899	0.40625
584.888529399876	0.40625
584.904910299927	0.40625
584.921170499874	0.40625
584.938034399878	0.40625
584.954902499914	0.40625
584.97150149988	0.40625
584.988429399906	0.40625
585.004797299858	0.40625
585.021033599973	0.40625
585.038377299905	0.40625
585.054837599862	0.40625
585.071025899844	0.40625
585.088542599929	0.40625
585.10489409999	0.40625
585.121484299889	0.40625
585.138435799861	0.40625
585.155175699852	0.40625
585.171280500013	0.40625
585.188354699872	0.40625
585.204781499924	0.40625
585.221009199973	0.40625
585.238744999981	0.40625
585.254479399882	0.40625
585.271022500005	0.40625
585.288609399926	0.40625
585.304705399787	0.40625
585.321224899963	0.40625
585.338340899907	0.40625
585.354853899917	0.40625
585.371155199828	0.40625
585.388175999979	0.40625
585.404874400003	0.40625
585.421596599976	0.40625
585.438379099825	0.40625
585.454730700003	0.40625
585.471451199846	0.40625
585.488008599961	0.40625
585.504322199849	0.40625
585.521432499867	0.40625
585.538377199788	0.40625
585.555332899792	0.40625
585.571491600014	0.40625
585.588219199795	0.40625
585.604378499789	0.40625
585.621803699993	0.40625
585.638043500017	0.40625
585.654874699889	0.40625
585.671098599909	0.40625
585.687828299822	0.40625
585.704737399938	0.40625
585.720931099961	0.40625
585.73822069983	0.40625
585.754358500009	0.40625
585.771676599979	0.40625
585.787773299962	0.40625
585.804207899841	0.40625
585.821460200008	0.40625
585.837916899938	0.40625
585.854590500006	0.40625
585.87107819994	0.40625
585.888307099929	0.40625
585.904468099819	0.40625
585.920995599823	0.40625
585.938222699799	0.40625
585.954194099875	0.40625
585.9710169998	0.40625
585.988433399936	0.40625
586.004770299885	0.40625
586.021411999827	0.40625
586.037976199994	0.40625
586.054561099969	0.40625
586.071427999996	0.40625
586.088161099935	0.40625
586.10488749994	0.40625
586.121159499977	0.40625
586.138432399835	0.40625
586.154855799861	0.40625
586.171069599921	0.40625
586.18829449988	0.40625
586.205297600012	0.40625
586.221409199992	0.40625
586.238029300002	0.40625
586.254563599825	0.40625
586.271020999877	0.40625
586.288256999804	0.40625
586.304639299866	0.40625
586.321365899872	0.40625
586.338175399927	0.40625
586.354791099904	0.40625
586.371305899927	0.40625
586.387894499814	0.40625
586.404748099856	0.40625
586.421534499852	0.40625
586.438475399977	0.40625
586.455170399975	0.40625
586.471535799792	0.40625
586.488472299883	0.40625
586.504395399941	0.40625
586.521151299821	0.40625
586.538292199839	0.40625
586.55491159996	0.40625
586.571473199874	0.40625
586.588212599978	0.40625
586.604736099951	0.40625
586.621458299924	0.40625
586.638352199923	0.40625
586.654727999819	0.40625
586.671282699797	0.40625
586.688292799983	0.40625
586.70465209987	0.40625
586.721189699834	0.40625
586.738462999929	0.40625
586.754337599967	0.40625
586.7710239999	0.40625
586.788440699922	0.40625
586.804858899908	0.40625
586.821558599826	0.40625
586.838317599846	0.40625
586.855091399979	0.40625
586.871459399816	0.40625
586.888186599826	0.40625
586.904551299987	0.40625
586.92168239993	0.40625
586.93809229997	0.40625
586.954697599867	0.40625
586.971253499854	0.40625
586.988237899961	0.40625
587.004654999822	0.40625
587.021342099877	0.40625
587.038316999795	0.40625
587.054810100002	0.40625
587.071189299924	0.40625
587.088166799862	0.40625
587.104675899958	0.40625
587.121116800001	0.40625
587.138062999817	0.40625
587.154543299926	0.40625
587.171122999862	0.40625
587.187839699909	0.40625
587.204523699824	0.40625
587.221393999876	0.40625
587.237876900006	0.40625
587.254519399954	0.40625
587.271016299957	0.40625
587.288108399836	0.40625
587.304376199841	0.40625
587.321510599926	0.40625
587.338303799974	0.40625
587.355040299939	0.40625
587.371831599856	0.40625
587.388325699838	0.40625
587.404933599988	0.40625
587.421054799808	0.40625
587.437699399889	0.40625
587.454701999901	0.40625
587.471379399998	0.40625
587.487824699841	0.40625
587.504744199803	0.40625
587.5215437999	0.40625
587.53849419998	0.40625
587.554856200004	0.40625
587.57107639988	0.40625
587.588133099955	0.40625
587.604630799964	0.40625
587.621201499831	0.40625
587.638168899808	0.40625
587.654564299854	0.40625
587.6716151	0.40625
587.687868000008	0.40625
587.704729299992	0.40625
587.721449299948	0.40625
587.738015099894	0.40625
587.754679000005	0.40625
587.771545399912	0.40625
587.788261499954	0.40625
587.804777099984	0.40625
587.821168099996	0.40625
587.838033299893	0.40625
587.854745599907	0.40625
587.871262299828	0.40625
587.887782299891	0.40625
587.904364399845	0.40625
587.921710099792	0.40625
587.938237199793	0.40625
587.95464599994	0.40625
587.971069599967	0.40625
587.987741099903	0.40625
588.004789599916	0.40625
588.021085100016	0.40625
588.038611099822	0.40625
588.054708799813	0.40625
588.071628100006	0.40625
588.088131299941	0.40625
588.10469489987	0.40625
588.121305299923	0.40625
588.137943699956	0.40625
588.154294099892	0.40625
588.17093399982	0.40625
588.188075499842	0.40625
588.204415699933	0.40625
588.221411499893	0.40625
588.238108199788	0.40625
588.255002599908	0.40625
588.271385799861	0.40625
588.287592299981	0.40625
588.304751599906	0.40625
588.321417399915	0.40625
588.338276499882	0.40625
588.354324299842	0.40625
588.37103319983	0.40625
588.388094399823	0.40625
588.404485499952	0.40625
588.421167199966	0.40625
588.438155799871	0.40625
588.454372299835	0.40625
588.471356799826	0.40625
588.488063799916	0.40625
588.505024999846	0.40625
588.521129899891	0.40625
588.5379005	0.40625
588.554589399835	0.40625
588.571214399999	0.40625
588.587889299961	0.40625
588.604619999882	0.40625
588.621465599863	0.40625
588.638101599878	0.40625
588.654513499932	0.40625
588.671155199874	0.40625
588.688248899998	0.40625
588.704862699844	0.40625
588.721617799951	0.40625
588.7382625998	0.40625
588.754668599926	0.40625
588.771435699891	0.40625
588.787868799875	0.40625
588.804677999811	0.40625
588.821150499862	0.40625
588.837957500014	0.40625
588.854352099821	0.40625
588.871058399789	0.40625
588.887930599973	0.40625
588.904691099888	0.40625
588.921827899991	0.40625
588.93829849991	0.40625
588.95459089987	0.40625
588.9711962	0.40625
588.987832000013	0.40625
589.004290799843	0.40625
589.02110309992	0.40625
589.03808530001	0.40625
589.054347699974	0.40625
589.071017399896	0.40625
589.088057499845	0.40625
589.104936599964	0.40625
589.121170999948	0.40625
589.13799489988	0.40625
589.154654599959	0.40625
589.171371999895	0.40625
589.188160699792	0.40625
589.204388599843	0.40625
589.221505299909	0.40625
589.238289400004	0.40625
589.25470189983	0.40625
589.27156519983	0.40625
589.288105899934	0.40625
589.304507299792	0.40625
589.321491099894	0.40625
589.3381391	0.40625
589.354847199982	0.40625
589.371336899931	0.40625
589.388280499959	0.40625
589.404301599832	0.40625
589.421434899792	0.40625
589.437736199936	0.40625
589.454587299842	0.40625
589.471520799911	0.40625
589.488061500015	0.40625
589.504582499852	0.40625
589.520903999917	0.40625
589.537649999838	0.40625
589.554655599874	0.40625
589.5713847999	0.40625
589.588264199905	0.40625
589.604931799928	0.40625
589.621374499984	0.40625
589.638181199785	0.40625
589.654836199945	0.40625
589.671568299877	0.40625
589.687642099801	0.40625
589.704444899922	0.40625
589.720968100009	0.40625
589.738179899985	0.40625
589.754337899853	0.40625
589.771361899795	0.40625
589.78816389991	0.40625
589.804825699888	0.40625
589.821752699791	0.40625
589.838424099842	0.40625
589.854654299794	0.40625
589.871536399936	0.40625
589.887811199995	0.40625
589.904856299981	0.40625
589.921564099845	0.40625
589.938339099986	0.40625
589.95438000001	0.40625
589.971620399971	0.40625
589.987653799821	0.40625
590.00457219989	0.40625
590.021623099921	0.40625
590.037866799859	0.40625
590.054634099826	0.40625
590.071966599906	0.40625
590.087994199945	0.40625
590.104110699845	0.40625
590.121493299957	0.40625
590.13801539992	0.40625
590.154680799926	0.40625
590.171435099794	0.40625
590.188025699928	0.40625
590.204201799817	0.40625
590.221520899795	0.40625
590.237801400013	0.40625
590.254627199844	0.40625
590.271614899859	0.40625
590.288066399982	0.40625
590.304386699805	0.40625
590.321900599869	0.40625
590.337697699899	0.40625
590.354643099941	0.40625
590.371329599991	0.40625
590.38805259997	0.40625
590.404906400014	0.40625
590.421242499957	0.40625
590.437870899914	0.40625
590.454491199926	0.40625
590.470737199998	0.40625
590.487451299792	0.40625
590.504427499836	0.40625
590.520948999794	0.40625
590.537802599836	0.40625
590.554612499895	0.40625
590.571560099954	0.40625
590.588320999872	0.40625
590.604303799802	0.40625
590.620993999997	0.40625
590.637650599936	0.40625
590.654498799937	0.40625
590.671500899829	0.40625
590.688145399792	0.40625
590.704522099812	0.40625
590.721337499795	0.40625
590.738233999815	0.40625
590.754909399897	0.40625
590.771343600005	0.40625
590.788187099854	0.40625
590.804729699856	0.40625
590.821692099795	0.40625
590.838268499821	0.40625
590.854937699856	0.40625
590.871037999867	0.40625
590.888011100003	0.40625
590.904673199868	0.40625
590.921134499833	0.40625
590.938005300006	0.40625
590.954233899945	0.40625
590.971201399807	0.40625
590.98803589982	0.40625
591.004672699841	0.40625
591.021133999806	0.40625
591.038214199943	0.40625
591.054503299994	0.40625
591.072073899908	0.40625
591.088099499932	0.40625
591.104720199946	0.40625
591.120808199979	0.40625
591.138111399952	0.40625
591.154403999913	0.40625
591.171489599859	0.40625
591.187658699928	0.40625
591.204190599965	0.40625
591.221167999785	0.40625
591.237760799937	0.40625
591.254482199904	0.40625
591.271446399856	0.40625
591.288147699786	0.40625
591.303975599818	0.40625
591.321420699824	0.40625
591.337979599833	0.40625
591.35450139991	0.40625
591.370966199785	0.40625
591.38803589996	0.40625
591.404086299939	0.40625
591.421489499975	0.40625
591.438238899922	0.40625
591.454521199921	0.40625
591.471612999914	0.40625
591.488145799842	0.40625
591.504870299948	0.40625
591.521239499794	0.40625
591.538265399868	0.40625
591.554357799934	0.40625
591.571372799808	0.40625
591.587770199869	0.40625
591.60426599998	0.40625
591.621643699938	0.40625
591.637636399828	0.40625
591.654162499821	0.40625
591.672115399968	0.40625
591.688243099954	0.40625
591.704649799969	0.40625
591.722106199944	0.40625
591.737967900001	0.40625
591.754325799877	0.40625
591.771381299943	0.40625
591.787597399903	0.40625
591.804425299866	0.40625
591.821623599855	0.40625
591.837687099818	0.40625
591.854458799819	0.40625
591.871491399826	0.40625
591.888258899795	0.40625
591.904163799947	0.40625
591.921408299822	0.40625
591.938182599843	0.40625
591.954325699946	0.40625
591.971416199813	0.40625
591.988055999856	0.40625
592.004526099889	0.40625
592.021185299847	0.40625
592.037968799938	0.40625
592.054233699804	0.40625
592.071514399955	0.40625
592.087766199838	0.40625
592.103989999974	0.40625
592.121299099876	0.40625
592.137622199953	0.40625
592.154261899879	0.40625
592.171217700001	0.40625
592.188015199965	0.40625
592.204349699896	0.40625
592.221097699832	0.40625
592.238070699852	0.40625
592.254521899857	0.40625
592.271441399818	0.40625
592.288242099807	0.40625
592.304577599978	0.40625
592.321257599862	0.40625
592.337956999894	0.40625
592.354519699933	0.40625
592.37141719996	0.40625
592.388051599963	0.40625
592.404507499887	0.40625
592.421350399964	0.40625
592.437705499819	0.40625
592.454613699811	0.40625
592.47132189991	0.40625
592.488096499816	0.40625
592.504420500016	0.40625
592.521235299995	0.40625
592.537702800008	0.40625
592.554201199906	0.40625
592.571436299942	0.40625
592.587962199934	0.40625
592.604753899854	0.40625
592.621107299812	0.40625
592.637840899872	0.40625
592.654411299853	0.40625
592.671513299923	0.40625
592.687951899832	0.40625
592.704539599828	0.40625
592.721308299806	0.40625
592.737938500009	0.40625
592.75450889999	0.40625
592.771205399884	0.40625
592.787758799968	0.40625
592.804491000017	0.40625
592.821634699823	0.40625
592.838104199851	0.40625
592.854632199975	0.40625
592.871344599873	0.40625
592.888546499889	0.40625
592.904394699959	0.40625
592.921387499897	0.40625
592.938051099889	0.40625
592.954442599788	0.40625
592.971284499858	0.40625
592.987880399916	0.40625
593.004119599937	0.40625
593.021249299869	0.40625
593.038036399987	0.40625
593.05397719983	0.40625
593.071592699969	0.40625
593.088176699821	0.40625
593.104154699948	0.40625
593.120717999991	0.40625
593.138007699978	0.40625
593.154167299857	0.40625
593.172681799857	0.40625
593.188104599947	0.40625
593.204342699843	0.40625
593.221062499797	0.40625
593.237714899937	0.40625
593.254136599833	0.40625
593.271313200006	0.40625
593.287829599809	0.40625
593.304282499943	0.40625
593.321563899983	0.40625
593.337955199881	0.40625
593.354565099813	0.40625
593.371344099985	0.40625
593.387767799897	0.40625
593.404338199878	0.40625
593.421057999833	0.40625
593.437518399907	0.40625
593.454254899872	0.40625
593.471273700008	0.40625
593.487727699801	0.40625
593.504206999904	0.40625
593.521764299832	0.40625
593.537980999798	0.40625
593.554065899923	0.40625
593.571582400007	0.40625
593.588187000016	0.40625
593.604328999994	0.40625
593.62123989989	0.40625
593.637933999998	0.40625
593.654064999893	0.40625
593.671310799895	0.40625
593.687882099999	0.40625
593.70433149999	0.40625
593.721050999826	0.40625
593.737569599878	0.40625
593.754168399842	0.40625
593.771066299872	0.40625
593.787358699832	0.40625
593.804119999986	0.40625
593.821141999913	0.40625
593.837883099914	0.40625
593.854268899886	0.40625
593.871162399882	0.40625
593.887883699965	0.40625
593.904114999808	0.40625
593.921606099932	0.40625
593.937992399791	0.40625
593.954355699942	0.40625
593.970850199927	0.40625
593.987844099989	0.40625
594.004088799935	0.40625
594.021364599932	0.40625
594.038148199907	0.40625
594.054341699928	0.40625
594.071260199882	0.40625
594.087374700001	0.40625
594.10427469993	0.40625
594.121357899858	0.40625
594.137916999869	0.40625
594.154222199926	0.40625
594.171066999901	0.40625
594.187882399885	0.40625
594.204003699822	0.40625
594.221340099815	0.40625
594.237664399901	0.40625
594.254385799868	0.40625
594.271273899823	0.40625
594.287877999945	0.40625
594.30417119991	0.40625
594.321234899806	0.40625
594.337807799922	0.40625
594.354128699983	0.40625
594.371249099961	0.40625
594.387821999844	0.40625
594.404298499925	0.40625
594.421399999876	0.40625
594.438149299938	0.40625
594.454151199898	0.40625
594.471124499803	0.40625
594.48793419986	0.40625
594.504594699945	0.40625
594.521392399911	0.40625
594.537946499884	0.40625
594.554488499882	0.40625
594.571359399939	0.40625
594.587607299909	0.40625
594.604119299911	0.40625
594.621412999928	0.40625
594.637701899977	0.40625
594.654063799884	0.40625
594.670970699983	0.40625
594.687866699882	0.40625
594.7041187	0.40625
594.721278099809	0.40625
594.737494499888	0.40625
594.754085699795	0.40625
594.77138179983	0.40625
594.788051899988	0.40625
594.804652399849	0.40625
594.8210200998	0.40625
594.837706999853	0.40625
594.854033699958	0.40625
594.871564999921	0.40625
594.887856699992	0.40625
594.908577999799	0.40625
594.9211412	0.40625
594.937978899805	0.40625
594.954370999942	0.40625
594.971209799871	0.40625
594.987865999807	0.40625
595.004482099786	0.40625
595.021259599831	0.40625
595.03770789993	0.40625
595.054596900009	0.40625
595.071288599866	0.40625
595.087853499921	0.40625
595.104263799964	0.40625
595.1207977999	0.40625
595.138184099924	0.40625
595.154306099983	0.40625
595.17093849997	0.40625
595.187433499843	0.40625
595.204335299786	0.40625
595.221482499968	0.40625
595.237396299839	0.40625
595.254250299884	0.40625
595.271197799826	0.40625
595.28763889987	0.40625
595.304401199799	0.40625
595.321186299901	0.40625
595.337511799997	0.40625
595.354314799886	0.40625
595.371342799859	0.40625
595.387695499929	0.40625
595.404024599819	0.40625
595.42134689982	0.40625
595.437478399836	0.40625
595.454094899818	0.40625
595.471018199809	0.40625
595.487811099971	0.40625
595.504462799989	0.40625
595.521427299827	0.40625
595.537982899928	0.40625
595.554474300006	0.40625
595.570972200017	0.40625
595.587731399806	0.40625
595.60440179985	0.40625
595.621077199932	0.40625
595.637837599963	0.40625
595.654006099794	0.40625
595.671229299856	0.40625
595.687934499932	0.40625
595.704043299891	0.40625
595.72095459979	0.40625
595.73784289998	0.40625
595.754484299803	0.40625
595.771485699806	0.40625
595.78811069997	0.40625
595.804436799837	0.40625
595.821304399986	0.40625
595.837826999836	0.40625
595.854293299839	0.40625
595.871254399884	0.40625
595.887528099818	0.40625
595.90398029983	0.40625
595.920959600015	0.40625
595.937974100001	0.40625
595.954314899864	0.40625
595.971231399802	0.40625
595.987736799987	0.40625
596.00424099993	0.40625
596.021158999996	0.40625
596.037853699876	0.40625
596.054367899895	0.40625
596.071212299867	0.40625
596.087980599841	0.40625
596.104394499911	0.40625
596.121192899998	0.40625
596.137708199909	0.40625
596.154069599928	0.40625
596.170882799895	0.40625
596.187760300003	0.40625
596.204464899842	0.40625
596.221365300007	0.40625
596.23764369986	0.40625
596.254274699837	0.40625
596.271265799878	0.40625
596.287642600015	0.40625
596.304446699796	0.40625
596.321488799993	0.40625
596.337715899805	0.40625
596.354291199939	0.40625
596.37128789979	0.40625
596.387516499963	0.40625
596.403992699925	0.40625
596.421230699867	0.40625
596.437691899948	0.40625
596.45405719988	0.40625
596.471165199997	0.40625
596.487734299852	0.40625
596.50425319979	0.40625
596.520982799819	0.40625
596.537782199914	0.40625
596.554445499787	0.40625
596.57116469997	0.40625
596.587607099907	0.40625
596.604177499888	0.40625
596.620901599992	0.40625
596.637495299801	0.40625
596.654447499895	0.40625
596.670999099966	0.40625
596.687542199856	0.40625
596.704493099824	0.40625
596.721122199902	0.40625
596.737690299982	0.40625
596.754558899906	0.40625
596.771330599906	0.40625
596.78794989991	0.40625
596.804590199841	0.40625
596.821451699827	0.40625
596.837777299806	0.40625
596.854403799865	0.40625
596.871120899916	0.40625
596.887819099938	0.40625
596.904280299786	0.40625
596.921339499997	0.40625
596.93751219986	0.40625
596.954419699963	0.40625
596.971320499899	0.40625
596.987832099898	0.40625
597.004547999939	0.40625
597.021089499816	0.40625
597.037566699786	0.40625
597.054400299909	0.40625
597.070872399956	0.40625
597.087728899904	0.40625
597.104346799897	0.40625
597.121224199887	0.40625
597.138023999985	0.40625
597.154329299927	0.40625
597.171361899935	0.40625
597.187723399838	0.40625
597.204710299848	0.40625
597.221057399875	0.40625
597.237739899894	0.40625
597.254751899978	0.40625
597.271125499858	0.40625
597.287363299867	0.40625
597.304037799826	0.40625
597.321169599891	0.40625
597.337742300006	0.40625
597.354395299917	0.40625
597.371237299871	0.40625
597.387814899907	0.40625
597.404168099863	0.40625
597.421222299803	0.40625
597.43770359992	0.40625
597.454591299873	0.40625
597.470827899873	0.40625
597.487828099867	0.40625
597.504382199841	0.40625
597.521298100008	0.40625
597.53792279982	0.40625
597.554214400006	0.40625
597.570933299838	0.40625
597.587723299861	0.40625
597.604425699916	0.40625
597.621208299883	0.40625
597.637677499792	0.40625
597.654452599818	0.40625
597.67136129993	0.40625
597.688219199888	0.40625
597.704261199804	0.40625
597.721348199993	0.40625
597.737470499938	0.40625
597.754379999824	0.40625
597.771188199986	0.40625
597.787753599929	0.40625
597.804081799928	0.40625
597.821460299892	0.40625
597.838099199813	0.40625
597.854311999865	0.40625
597.871243899921	0.40625
597.887817599811	0.40625
597.904309300007	0.40625
597.921193399932	0.40625
597.937732399907	0.40625
597.954032199923	0.40625
597.971027999884	0.40625
597.987814799882	0.40625
598.004141299985	0.40625
598.021066599991	0.40625
598.03765939991	0.40625
598.054324499797	0.40625
598.071361499839	0.40625
598.087795899948	0.40625
598.104372799862	0.40625
598.121289399918	0.40625
598.137915399857	0.40625
598.154291499872	0.40625
598.171533799963	0.40625
598.187730999896	0.40625
598.204158499837	0.40625
598.220627999865	0.40625
598.237700599944	0.40625
598.25461459998	0.40625
598.271097999997	0.40625
598.287704599788	0.40625
598.304387999931	0.40625
598.321181799984	0.40625
598.337866100017	0.40625
598.354842699831	0.40625
598.371290099807	0.40625
598.387476899894	0.40625
598.40439299983	0.40625
598.420814199839	0.40625
598.437465099851	0.40625
598.45434109983	0.40625
598.470930999843	0.40625
598.487696199911	0.40625
598.504357999889	0.40625
598.521261799848	0.40625
598.537651199847	0.40625
598.554496299941	0.40625
598.571101599839	0.40625
598.587531599915	0.40625
598.604138799943	0.40625
598.62114599999	0.40625
598.637171299895	0.40625
598.654001099989	0.40625
598.671078999992	0.40625
598.68767909985	0.40625
598.704350699903	0.40625
598.720787199913	0.40625
598.737777799834	0.40625
598.754173999885	0.40625
598.771244799951	0.40625
598.787505999906	0.40625
598.804503399879	0.40625
598.821192999836	0.40625
598.83774639992	0.40625
598.85447429982	0.40625
598.871096399846	0.40625
598.887372499797	0.40625
598.9040068998	0.40625
598.921136599965	0.40625
598.93743359996	0.40625
598.954244699795	0.40625
598.971320099896	0.40625
598.988001199905	0.40625
599.004465899896	0.40625
599.021050999872	0.40625
599.038062799955	0.40625
599.054516099859	0.40625
599.071071899962	0.40625
599.088091599988	0.40625
599.104303199798	0.40625
599.121059699915	0.40625
599.137892999919	0.40625
599.154290699866	0.40625
599.171546999831	0.40625
599.187782199821	0.40625
599.204447799828	0.40625
599.221346699866	0.40625
599.23768819985	0.40625
599.254476699978	0.40625
599.271164499922	0.40625
599.287541599944	0.40625
599.304096499924	0.40625
599.320910200011	0.40625
599.337428299943	0.40625
599.353950599907	0.40625
599.370871699881	0.40625
599.387735299999	0.40625
599.404371899785	0.40625
599.420919899829	0.40625
599.437796999933	0.40625
599.454257400008	0.40625
599.470878999913	0.40625
599.487720399862	0.40625
599.504324999871	0.40625
599.521455099806	0.40625
599.537725999951	0.40625
599.554220599821	0.40625
599.571095299907	0.40625
599.588001499884	0.40625
599.604287599912	0.40625
599.621070699999	0.40625
599.637701699976	0.40625
599.654243799858	0.40625
599.671166799963	0.40625
599.687506199814	0.40625
599.704185599927	0.40625
599.721008199966	0.40625
599.737490399973	0.40625
599.754324199865	0.40625
599.771015399834	0.40625
599.787509399932	0.40625
599.804452999961	0.40625
599.821268199943	0.40625
599.837639399804	0.40625
599.854478299851	0.40625
599.871164999902	0.40625
599.887468799949	0.40625
599.904236499919	0.40625
599.921185299987	0.40625
599.937531099888	0.40625
599.954217499821	0.40625
599.970825799974	0.40625
599.987690299982	0.40625
600.00445849984	0.40625
