time	rating_intensity
0.0240617999997994	0
0.0388714999999138	0
0.0693670999999085	0
0.0822710999991614	0
0.108103399999891	0
0.125184499999705	0
0.141417899999396	0
0.157857999999578	0
0.174620299999333	0
0.194429099999979	0
0.208148499999879	0
0.22529029999987	0
0.241571899999144	0
0.270052099999702	0
0.280157699999108	0
0.291215799999918	0
0.308260599999812	0
0.324968499999159	0
0.341644699999961	0
0.358180599999287	0
0.375024599999961	0
0.391672699999617	0
0.408148599999549	0
0.424864699999489	0
0.441410699999324	0
0.458274499999789	0
0.474718199999188	0
0.491702399999667	0
0.50816549999945	0
0.524847099999533	0
0.541356399999131	0
0.558014699999148	0
0.575293999999303	0
0.592014799999561	0
0.60864329999913	0
0.625405199999477	0
0.641965599999821	0
0.657792799999697	0
0.674677899999551	0
0.691784299999199	0
0.708121599999686	0
0.725015099999837	0
0.741859699999623	0
0.75787229999969	0
0.774605799999335	0
0.791331499999615	0
0.807980199999292	0
0.825350099999923	0.0177083333333333
0.841400099999191	0.0177083333333333
0.857834599999478	0.0177083333333333
0.875128799999402	0.0177083333333333
0.891718399999263	0.0177083333333333
0.907824499999151	0.0177083333333333
0.925089200000002	0.0177083333333333
0.941444999999476	0.0177083333333333
0.957879799999318	0.0177083333333333
0.975059399999736	0.0177083333333333
0.991701199999625	0.0177083333333333
1.00786119999975	0.0177083333333333
1.02501489999941	0.0177083333333333
1.04129369999919	0.0177083333333333
1.05792819999988	0.0177083333333333
1.07489619999978	0.0177083333333333
1.09209529999953	0.0177083333333333
1.10806919999959	0.0177083333333333
1.12515179999991	0.0177083333333333
1.14169869999932	0.0177083333333333
1.15782019999915	0.0177083333333333
1.17496099999971	0.0177083333333333
1.19148089999999	0.0177083333333333
1.20815459999994	0.0177083333333333
1.22463779999998	0.0177083333333333
1.24182369999926	0.0177083333333333
1.25825099999929	0.0177083333333333
1.27508059999946	0.0177083333333333
1.29166019999957	0.0177083333333333
1.30784719999974	0.0177083333333333
1.32489509999959	0.0177083333333333
1.3416217999993	0.0177083333333333
1.35800909999944	0.0260416666666667
1.37548679999963	0.0677083333333333
1.39151539999966	0.0916666666666667
1.40813899999921	0.0916666666666667
1.42477079999935	0.075
1.44111879999946	0.0739583333333333
1.45834389999982	0.0739583333333333
1.47498969999924	0.0916666666666667
1.49218289999953	0.114583333333333
1.50822289999996	0.132291666666667
1.5252602999999	0.15
1.5413869999993	0.172916666666667
1.5585975999993	0.172916666666667
1.57480699999996	0.172916666666667
1.59188789999916	0.18125
1.60809419999987	0.197916666666667
1.6250356999999	0.20625
1.64125409999997	0.20625
1.65789349999977	0.20625
1.67493639999975	0.20625
1.69143299999996	0.20625
1.7077907999992	0.20625
1.72478059999958	0.20625
1.7414420999994	0.20625
1.75823969999965	0.20625
1.77504379999937	0.20625
1.79134629999953	0.20625
1.80837019999944	0.20625
1.82495459999973	0.20625
1.84157469999991	0.20625
1.85830979999992	0.20625
1.87523729999975	0.20625
1.89210779999939	0.20625
1.90814579999915	0.20625
1.92504409999947	0.20625
1.94135429999915	0.20625
1.95865319999939	0.20625
1.9752097999999	0.20625
1.99133599999914	0.20625
2.00852179999947	0.20625
2.02505409999958	0.20625
2.04134869999962	0.20625
2.05813689999923	0.20625
2.07497100000001	0.20625
2.09134989999984	0.20625
2.10771179999938	0.20625
2.12479779999921	0.23125
2.14147199999934	0.270833333333333
2.15843479999967	0.305208333333333
2.17519729999913	0.35625
2.19186159999936	0.38125
2.20806269999957	0.398958333333333
2.22512759999972	0.407291666666667
2.24123729999974	0.415625
2.25826209999923	0.415625
2.27499079999961	0.415625
2.29157119999945	0.423958333333333
2.30774089999977	0.423958333333333
2.32502879999993	0.423958333333333
2.34141129999989	0.423958333333333
2.35805059999984	0.423958333333333
2.37465659999998	0.423958333333333
2.39190079999935	0.423958333333333
2.40789669999958	0.423958333333333
2.42524559999947	0.423958333333333
2.44140949999928	0.423958333333333
2.45847679999952	0.423958333333333
2.47510749999947	0.423958333333333
2.49149669999952	0.423958333333333
2.5079980999999	0.423958333333333
2.52458369999931	0.423958333333333
2.54140639999969	0.423958333333333
2.55802859999949	0.423958333333333
2.57469859999946	0.423958333333333
2.59136929999931	0.423958333333333
2.60818399999971	0.423958333333333
2.62491149999914	0.423958333333333
2.64170869999998	0.423958333333333
2.65807079999922	0.423958333333333
2.67496189999929	0.423958333333333
2.69148299999961	0.433333333333333
2.70838789999925	0.45
2.72524899999917	0.467708333333333
2.74111799999991	0.467708333333333
2.75848819999919	0.467708333333333
2.77462389999982	0.467708333333333
2.79147149999972	0.467708333333333
2.8079659999994	0.467708333333333
2.82488679999915	0.467708333333333
2.8410989999993	0.467708333333333
2.85864879999917	0.467708333333333
2.87532769999962	0.467708333333333
2.89124079999965	0.467708333333333
2.90771209999912	0.467708333333333
2.92522439999993	0.476041666666667
2.94140069999958	0.484375
2.95845519999966	0.484375
2.97497609999937	0.501041666666667
2.99135569999999	0.501041666666667
3.00789599999916	0.501041666666667
3.02497349999976	0.509375
3.04164709999986	0.517708333333333
3.05784289999974	0.517708333333333
3.07533449999937	0.517708333333333
3.09189669999978	0.517708333333333
3.10792769999989	0.517708333333333
3.12533049999911	0.517708333333333
3.14153619999979	0.517708333333333
3.15771289999975	0.517708333333333
3.17496659999961	0.517708333333333
3.19157509999968	0.517708333333333
3.20787759999985	0.517708333333333
3.22499729999981	0.517708333333333
3.24134309999954	0.517708333333333
3.25807389999954	0.526041666666667
3.2749804999994	0.534375
3.29124009999941	0.534375
3.30772129999968	0.534375
3.32490339999913	0.534375
3.34177659999932	0.534375
3.3579050999997	0.534375
3.37465399999928	0.534375
3.39139029999933	0.534375
3.4082458999992	0.534375
3.42456649999986	0.534375
3.44137479999972	0.534375
3.45798849999937	0.534375
3.47506199999953	0.534375
3.49168669999926	0.534375
3.50822499999958	0.534375
3.52491219999956	0.534375
3.54149749999942	0.534375
3.5582889999996	0.534375
3.57494599999973	0.534375
3.59139669999968	0.534375
3.60792599999968	0.534375
3.62487269999929	0.534375
3.64151799999945	0.534375
3.65825969999969	0.534375
3.67500899999959	0.534375
3.69145259999914	0.542708333333333
3.70860209999955	0.551041666666667
3.72517579999931	0.551041666666667
3.74131999999918	0.551041666666667
3.75825629999963	0.551041666666667
3.77486619999945	0.551041666666667
3.79136109999945	0.551041666666667
3.80791319999935	0.551041666666667
3.82526019999932	0.551041666666667
3.84131829999933	0.551041666666667
3.85804179999923	0.551041666666667
3.87500369999998	0.56875
3.89189379999971	0.585416666666667
3.90857259999939	0.603125
3.92498660000001	0.6125
3.94154199999957	0.629166666666667
3.95818379999946	0.629166666666667
3.97477239999989	0.629166666666667
3.99131589999979	0.629166666666667
4.00772779999988	0.629166666666667
4.02493919999961	0.629166666666667
4.0411024999994	0.629166666666667
4.05783389999942	0.629166666666667
4.07529199999954	0.629166666666667
4.09134859999995	0.629166666666667
4.10788699999921	0.629166666666667
4.12499339999977	0.629166666666667
4.1411036999998	0.629166666666667
4.1580899999999	0.629166666666667
4.17525969999951	0.629166666666667
4.19276879999961	0.629166666666667
4.20858729999964	0.629166666666667
4.2248598999995	0.629166666666667
4.24112499999956	0.629166666666667
4.25846129999991	0.629166666666667
4.27497529999982	0.629166666666667
4.29127329999938	0.629166666666667
4.30870779999987	0.629166666666667
4.32534099999975	0.629166666666667
4.34098499999982	0.629166666666667
4.35781609999958	0.629166666666667
4.37461239999993	0.629166666666667
4.39151649999985	0.638541666666667
4.4082429	0.646875
4.42501079999965	0.655208333333333
4.44102789999943	0.663541666666667
4.45840899999985	0.671875
4.47432769999978	0.671875
4.49106729999949	0.671875
4.50782049999998	0.671875
4.52471419999983	0.671875
4.54101269999956	0.671875
4.55779019999954	0.671875
4.57476569999926	0.671875
4.59127059999992	0.671875
4.60830589999932	0.671875
4.62499249999928	0.671875
4.64102659999935	0.671875
4.65785549999964	0.671875
4.67474309999943	0.671875
4.69133019999936	0.671875
4.70846019999954	0.671875
4.72511779999968	0.671875
4.74113979999947	0.671875
4.75883189999968	0.671875
4.77498359999936	0.671875
4.79136299999936	0.671875
4.80794109999988	0.671875
4.82495859999926	0.671875
4.84104779999961	0.671875
4.8576951999994	0.671875
4.87493209999957	0.671875
4.89146289999917	0.671875
4.90776639999967	0.671875
4.92481489999955	0.671875
4.9413027999999	0.671875
4.9582518999996	0.671875
4.97453869999936	0.671875
4.9913205999992	0.671875
5.00804429999971	0.671875
5.0247348999992	0.671875
5.04109649999918	0.671875
5.05772779999916	0.671875
5.07456329999968	0.671875
5.09106209999936	0.671875
5.10792419999962	0.671875
5.12450459999945	0.671875
5.14089649999914	0.671875
5.15830769999957	0.68125
5.17502419999983	0.697916666666667
5.19096399999944	0.707291666666667
5.2078565999991	0.707291666666667
5.22514129999945	0.707291666666667
5.24118259999977	0.707291666666667
5.25843889999942	0.707291666666667
5.27495789999921	0.707291666666667
5.29110899999978	0.707291666666667
5.30783829999928	0.707291666666667
5.32481009999992	0.707291666666667
5.34133320000001	0.707291666666667
5.35767129999931	0.707291666666667
5.37444229999983	0.707291666666667
5.39084849999927	0.707291666666667
5.4077656999998	0.707291666666667
5.4244848999997	0.707291666666667
5.44122789999983	0.707291666666667
5.45801779999965	0.707291666666667
5.47437779999927	0.707291666666667
5.49159269999927	0.707291666666667
5.5077840999993	0.707291666666667
5.52540579999913	0.715625
5.54134779999913	0.715625
5.55779839999923	0.715625
5.57486599999993	0.715625
5.59097359999942	0.715625
5.60832649999975	0.715625
5.64137329999994	0.715625
5.65769089999958	0.715625
5.67507809999915	0.715625
5.69177279999985	0.715625
5.70817799999986	0.715625
5.72493769999983	0.715625
5.74135599999954	0.715625
5.75819149999916	0.715625
5.77472169999965	0.715625
5.79149459999917	0.715625
5.80778679999912	0.715625
5.82488599999942	0.723958333333333
5.84143269999913	0.723958333333333
5.85755449999942	0.723958333333333
5.87480899999991	0.723958333333333
5.8909979	0.723958333333333
5.90767789999973	0.723958333333333
5.92483879999963	0.723958333333333
5.94124459999966	0.732291666666667
5.9583350999992	0.740625
5.97482429999945	0.740625
5.99135949999982	0.761458333333333
6.00828799999999	0.761458333333333
6.02533819999917	0.761458333333333
6.05834579999919	0.779166666666667
6.09130059999916	0.790625
6.10887959999945	0.790625
6.14140029999999	0.790625
6.15830129999995	0.790625
6.19157239999913	0.790625
6.20784839999942	0.790625
6.22479829999975	0.790625
6.25841649999984	0.790625
6.27528839999923	0.790625
6.30800859999999	0.790625
6.34142119999979	0.790625
6.3579308999997	0.790625
6.3746386999992	0.790625
6.39097149999998	0.790625
6.40813469999921	0.790625
6.42472939999971	0.790625
6.44117509999978	0.790625
6.45785779999915	0.790625
6.47477939999953	0.790625
6.49126869999964	0.790625
6.50802629999998	0.790625
6.52472579999994	0.790625
6.55817139999999	0.798958333333333
6.59157199999936	0.798958333333333
6.60785559999931	0.798958333333333
6.62498039999991	0.798958333333333
6.64143069999955	0.798958333333333
6.65812979999919	0.798958333333333
6.67492779999975	0.798958333333333
6.70795419999922	0.798958333333333
6.72482609999952	0.798958333333333
6.74129879999964	0.798958333333333
6.75765909999973	0.798958333333333
6.77471609999975	0.798958333333333
6.79096499999923	0.798958333333333
6.80778719999944	0.798958333333333
6.82499239999925	0.798958333333333
6.85833399999956	0.798958333333333
6.89156259999982	0.798958333333333
6.9078157999993	0.798958333333333
6.92522609999924	0.798958333333333
6.95823869999913	0.798958333333333
6.99209739999969	0.798958333333333
7.0080552999998	0.798958333333333
7.02497739999944	0.798958333333333
7.04129469999953	0.798958333333333
7.05860399999983	0.798958333333333
7.09182389999933	0.798958333333333
7.1251687999993	0.798958333333333
7.15820679999979	0.798958333333333
7.19152329999997	0.798958333333333
7.20776549999937	0.798958333333333
7.22494599999936	0.798958333333333
7.24180869999964	0.798958333333333
7.27555939999911	0.798958333333333
7.29107409999961	0.798958333333333
7.30801109999993	0.798958333333333
7.32462589999977	0.798958333333333
7.34142349999911	0.798958333333333
7.35768289999942	0.798958333333333
7.37477209999997	0.798958333333333
7.40792709999914	0.798958333333333
7.44153779999942	0.798958333333333
7.4577150999994	0.798958333333333
7.4750396999998	0.798958333333333
7.49187059999986	0.798958333333333
7.50776089999999	0.798958333333333
7.52514999999948	0.798958333333333
7.55836889999955	0.798958333333333
7.5914060999994	0.798958333333333
7.60822489999919	0.798958333333333
7.64122129999942	0.798958333333333
7.65778039999987	0.798958333333333
7.67462379999961	0.798958333333333
7.70833739999944	0.798958333333333
7.74125469999944	0.798958333333333
7.75827379999919	0.798958333333333
7.77486659999977	0.798958333333333
7.80794329999935	0.798958333333333
7.84160329999941	0.798958333333333
7.87500409999939	0.798958333333333
7.90792219999912	0.798958333333333
7.94184580000001	0.798958333333333
7.97461909999947	0.798958333333333
8.00805129999935	0.798958333333333
8.04155889999947	0.798958333333333
8.0584089999993	0.798958333333333
8.0912000999997	0.798958333333333
8.12495899999976	0.798958333333333
8.15790759999982	0.798958333333333
8.19151449999936	0.798958333333333
8.22482839999975	0.798958333333333
8.25835139999981	0.798958333333333
8.29126939999969	0.798958333333333
8.32520059999933	0.798958333333333
8.35830339999939	0.798958333333333
8.39140149999912	0.798958333333333
8.42510709999988	0.798958333333333
8.4582891	0.798958333333333
8.49122739999984	0.798958333333333
8.52469359999941	0.798958333333333
8.55830279999918	0.798958333333333
8.59140329999991	0.798958333333333
8.6248345999993	0.798958333333333
8.65825169999971	0.798958333333333
8.69153559999995	0.798958333333333
8.7249254999997	0.798958333333333
8.7581682	0.798958333333333
8.79138519999924	0.798958333333333
8.82487419999961	0.798958333333333
8.85843119999936	0.798958333333333
8.89151319999928	0.798958333333333
8.9246865999994	0.798958333333333
8.95765609999944	0.798958333333333
8.99127879999924	0.798958333333333
9.0248705999993	0.798958333333333
9.05767799999921	0.798958333333333
9.0912787999996	0.798958333333333
9.12513649999983	0.798958333333333
9.15806409999914	0.798958333333333
9.19114349999927	0.798958333333333
9.22452259999955	0.798958333333333
9.25848279999991	0.798958333333333
9.29121459999988	0.798958333333333
9.32500879999952	0.798958333333333
9.3582521999997	0.798958333333333
9.39153779999924	0.798958333333333
9.42432909999934	0.798958333333333
9.45782769999914	0.798958333333333
9.49165319999975	0.798958333333333
9.52481509999961	0.798958333333333
9.5582730999995	0.798958333333333
9.59134809999978	0.798958333333333
9.6250315999996	0.798958333333333
9.65795709999929	0.798958333333333
9.69153899999947	0.798958333333333
9.72466369999984	0.798958333333333
9.75838049999948	0.798958333333333
9.79236329999912	0.798958333333333
9.82514619999984	0.798958333333333
9.8578252999996	0.798958333333333
9.89138589999948	0.798958333333333
9.92505559999972	0.798958333333333
9.9578477999994	0.798958333333333
9.99138329999914	0.798958333333333
10.0247977999998	0.798958333333333
10.0577636999997	0.798958333333333
10.0913827999993	0.798958333333333
10.1244945999997	0.798958333333333
10.1583421999994	0.798958333333333
10.1916468999998	0.798958333333333
10.2251316999991	0.798958333333333
10.2583046999998	0.798958333333333
10.2913138999993	0.798958333333333
10.3248437999991	0.798958333333333
10.3576700999993	0.798958333333333
10.3916882999993	0.798958333333333
10.4248349999998	0.798958333333333
10.4577456999996	0.798958333333333
10.4913068999995	0.798958333333333
10.5243264999999	0.798958333333333
10.5581719999991	0.798958333333333
10.5914714999999	0.798958333333333
10.6248335999999	0.798958333333333
10.6585209999994	0.798958333333333
10.6912404999994	0.798958333333333
10.7245404999994	0.798958333333333
10.7584057999993	0.798958333333333
10.7911281999995	0.798958333333333
10.8245984999994	0.798958333333333
10.8578760999999	0.798958333333333
10.8911975999999	0.798958333333333
10.9238882999998	0.798958333333333
10.9574247999999	0.798958333333333
10.9910268999993	0.798958333333333
11.0240030999994	0.798958333333333
11.0568288999993	0.798958333333333
11.0905574999997	0.782291666666667
11.1241535999998	0.773958333333333
11.1575915999993	0.765625
11.1907134999992	0.75625
11.2238533	0.738541666666667
11.2581220999991	0.678125
11.2911108999997	0.669791666666667
11.3240880999992	0.642708333333333
11.3570961999994	0.626041666666667
11.3907965999997	0.617708333333333
11.4235381999997	0.601041666666667
11.4573178999999	0.601041666666667
11.4903144999998	0.592708333333333
11.5239065999995	0.592708333333333
11.5568435999994	0.592708333333333
11.5910502999996	0.592708333333333
11.6240187999992	0.592708333333333
11.6571603999992	0.592708333333333
11.6907558999992	0.592708333333333
11.7238900999992	0.592708333333333
11.7567915	0.592708333333333
11.7905057999997	0.592708333333333
11.8235298	0.592708333333333
11.8573785999997	0.592708333333333
11.8907352999995	0.592708333333333
11.9241354999995	0.592708333333333
11.9572827999991	0.592708333333333
11.9904305	0.592708333333333
12.0238061999999	0.592708333333333
12.0568473999992	0.592708333333333
12.0908834999991	0.592708333333333
12.1240055999997	0.592708333333333
12.1567561999991	0.592708333333333
12.1906143999995	0.592708333333333
12.2233964999996	0.592708333333333
12.2577531999996	0.592708333333333
12.2909586999995	0.592708333333333
12.3234200999996	0.592708333333333
12.3574258999997	0.592708333333333
12.3903598999996	0.592708333333333
12.4238468999993	0.592708333333333
12.4568451999994	0.592708333333333
12.4906132999995	0.592708333333333
12.5237835999997	0.592708333333333
12.5574973999992	0.592708333333333
12.5906583999995	0.592708333333333
12.6237520999994	0.592708333333333
12.6571988999995	0.592708333333333
12.6907942999997	0.592708333333333
12.7236549999998	0.592708333333333
12.7567951999999	0.592708333333333
12.7908341999992	0.592708333333333
12.8236969999998	0.592708333333333
12.8568193999999	0.592708333333333
12.8908808999995	0.592708333333333
12.9237073999993	0.592708333333333
12.9568244999991	0.592708333333333
12.9904351999994	0.592708333333333
13.0240365	0.592708333333333
13.0572952999992	0.592708333333333
13.0900927999992	0.592708333333333
13.1237930999996	0.592708333333333
13.1573578999996	0.592708333333333
13.1904152999996	0.592708333333333
13.2237455999993	0.592708333333333
13.2577443999999	0.592708333333333
13.2906808999996	0.592708333333333
13.3238394999998	0.592708333333333
13.3570744999997	0.592708333333333
13.3900377	0.592708333333333
13.4232517999999	0.592708333333333
13.4573168999996	0.592708333333333
13.4906793999999	0.592708333333333
13.5238057999995	0.592708333333333
13.5569246999994	0.592708333333333
13.5905102999996	0.592708333333333
13.6235496999998	0.592708333333333
13.6570038	0.592708333333333
13.6901703999993	0.592708333333333
13.7233613999997	0.592708333333333
13.7568190999991	0.592708333333333
13.7904555999994	0.592708333333333
13.8238577999991	0.592708333333333
13.8572159999994	0.592708333333333
13.8910406999994	0.592708333333333
13.9240682	0.592708333333333
13.9571913999998	0.592708333333333
13.9905845999992	0.592708333333333
14.0240731999993	0.592708333333333
14.0568501999996	0.592708333333333
14.0908411999999	0.592708333333333
14.1233640999999	0.592708333333333
14.1568519999992	0.592708333333333
14.1905477999999	0.592708333333333
14.2237324999996	0.592708333333333
14.2576210999996	0.592708333333333
14.2909074999998	0.592708333333333
14.3233865999991	0.592708333333333
14.3571796999995	0.592708333333333
14.3908069999998	0.592708333333333
14.4241032	0.592708333333333
14.4570789999998	0.592708333333333
14.4901010999993	0.592708333333333
14.5240621999992	0.592708333333333
14.5571205999995	0.592708333333333
14.5900986999995	0.592708333333333
14.6237591999998	0.592708333333333
14.657303	0.592708333333333
14.6908439999997	0.592708333333333
14.7240241	0.592708333333333
14.7572246	0.592708333333333
14.7902322	0.592708333333333
14.8238064999996	0.592708333333333
14.8574611999993	0.592708333333333
14.8903758999995	0.592708333333333
14.9238474999993	0.592708333333333
14.9571563999998	0.592708333333333
14.9903164999996	0.592708333333333
15.0233940999997	0.592708333333333
15.0574080999995	0.592708333333333
15.0905328999997	0.592708333333333
15.1237668999993	0.592708333333333
15.1574941999997	0.592708333333333
15.1905379	0.592708333333333
15.2242622999993	0.592708333333333
15.2580232999999	0.592708333333333
15.2899873999995	0.592708333333333
15.3238245999992	0.592708333333333
15.3569941999995	0.592708333333333
15.3905227999994	0.592708333333333
15.4238609999993	0.592708333333333
15.4575361999996	0.592708333333333
15.4900195999999	0.592708333333333
15.5239216	0.592708333333333
15.5569400999993	0.592708333333333
15.5899810999999	0.592708333333333
15.6237456999997	0.592708333333333
15.6573603999996	0.592708333333333
15.6907985999997	0.611458333333333
15.7234733999994	0.629166666666667
15.7576305999992	0.629166666666667
15.7904083999993	0.629166666666667
15.8238206999995	0.629166666666667
15.8571103999993	0.629166666666667
15.8906614999996	0.629166666666667
15.9237361999994	0.629166666666667
15.9570395999999	0.6375
15.9903196999994	0.646875
16.0237270999996	0.664583333333333
16.0571963999992	0.68125
16.0907609999995	0.68125
16.1237388	0.697916666666667
16.1571543999999	0.697916666666667
16.1904631999996	0.697916666666667
16.2236871999994	0.697916666666667
16.2572283	0.697916666666667
16.2902920999995	0.697916666666667
16.3238982999992	0.697916666666667
16.3568679999998	0.697916666666667
16.3905648	0.697916666666667
16.4240359999994	0.697916666666667
16.4572144999993	0.697916666666667
16.4907386999994	0.697916666666667
16.5236602999994	0.697916666666667
16.5572005999993	0.697916666666667
16.5906229999991	0.697916666666667
16.6240001999995	0.697916666666667
16.6573160999997	0.697916666666667
16.6909739999992	0.697916666666667
16.7233999	0.697916666666667
16.7572328999995	0.697916666666667
16.7905888999994	0.714583333333333
16.8237396999994	0.714583333333333
16.8571119999997	0.714583333333333
16.8902794999995	0.714583333333333
16.9237180999999	0.714583333333333
16.9570802999997	0.714583333333333
16.9904853999997	0.714583333333333
17.0241368999996	0.714583333333333
17.0573377999999	0.714583333333333
17.0907391999999	0.714583333333333
17.1238295999992	0.714583333333333
17.1572809999998	0.714583333333333
17.1904028999998	0.714583333333333
17.2236969999994	0.714583333333333
17.2574777999998	0.714583333333333
17.2909931999993	0.714583333333333
17.3239594999995	0.714583333333333
17.3571350999991	0.714583333333333
17.3904718999993	0.714583333333333
17.4238422999997	0.714583333333333
17.4572467999997	0.714583333333333
17.4904786999996	0.714583333333333
17.5238868999995	0.714583333333333
17.5573775999992	0.714583333333333
17.5905423999993	0.714583333333333
17.6233900999996	0.714583333333333
17.6570191999999	0.714583333333333
17.6905773999997	0.714583333333333
17.7236190999993	0.714583333333333
17.7571785999999	0.714583333333333
17.7904028999992	0.714583333333333
17.8238484999993	0.714583333333333
17.8571823999991	0.714583333333333
17.8903917999996	0.714583333333333
17.9238102999998	0.714583333333333
17.9567545	0.714583333333333
17.9903580999999	0.714583333333333
18.0236908999996	0.714583333333333
18.0570156999993	0.714583333333333
18.0905393999992	0.714583333333333
18.1234634999992	0.714583333333333
18.1572019999994	0.714583333333333
18.1904984999992	0.714583333333333
18.2236022999996	0.722916666666667
18.2582295999991	0.748958333333333
18.2908269999998	0.748958333333333
18.3238775	0.748958333333333
18.3570130999997	0.748958333333333
18.3903327999997	0.748958333333333
18.4236129999999	0.748958333333333
18.4570553999993	0.748958333333333
18.4908984999993	0.748958333333333
18.5239766999994	0.748958333333333
18.5570074999996	0.748958333333333
18.5905349999994	0.748958333333333
18.6236682999997	0.748958333333333
18.6571431999992	0.748958333333333
18.6908791999995	0.748958333333333
18.7240174999997	0.748958333333333
18.7571263	0.748958333333333
18.7900486999997	0.748958333333333
18.8233035999992	0.748958333333333
18.8574329999992	0.748958333333333
18.8905679	0.748958333333333
18.9239854999996	0.748958333333333
18.9572506999993	0.748958333333333
18.9904312999997	0.748958333333333
19.024101	0.748958333333333
19.0571135999999	0.748958333333333
19.0905589999993	0.748958333333333
19.1237620999991	0.748958333333333
19.1572063999993	0.748958333333333
19.1906700999998	0.748958333333333
19.2234359999993	0.748958333333333
19.2582080999991	0.748958333333333
19.2901444999998	0.748958333333333
19.3237385999992	0.748958333333333
19.3571146999993	0.748958333333333
19.3905674999996	0.748958333333333
19.4236660999995	0.748958333333333
19.4574340999998	0.748958333333333
19.4909171999998	0.748958333333333
19.5234565999999	0.748958333333333
19.5571310999994	0.748958333333333
19.5905843999999	0.748958333333333
19.6242078999994	0.748958333333333
19.6574527999992	0.748958333333333
19.6906425999996	0.748958333333333
19.7237925999998	0.748958333333333
19.7573404999994	0.748958333333333
19.7904444999995	0.748958333333333
19.8237751999995	0.748958333333333
19.8573182	0.748958333333333
19.8906429999997	0.748958333333333
19.9240697999994	0.748958333333333
19.9574466999993	0.748958333333333
19.9901490999991	0.748958333333333
20.0237420999993	0.748958333333333
20.0572039999997	0.748958333333333
20.0908244999991	0.748958333333333
20.1237902999992	0.748958333333333
20.1573249999992	0.748958333333333
20.190482	0.748958333333333
20.2237768999994	0.748958333333333
20.2572484999992	0.748958333333333
20.2909703999994	0.748958333333333
20.3238128999992	0.748958333333333
20.3574159	0.748958333333333
20.3905134999995	0.748958333333333
20.4235227999998	0.748958333333333
20.4569689	0.748958333333333
20.4905606999992	0.748958333333333
20.5238328999994	0.748958333333333
20.5568901999995	0.748958333333333
20.5904957999992	0.748958333333333
20.6238858999996	0.748958333333333
20.6572125999992	0.748958333333333
20.6904596999993	0.748958333333333
20.7238779999998	0.748958333333333
20.7572081999997	0.748958333333333
20.7904120999992	0.748958333333333
20.8241945999998	0.748958333333333
20.8571059999995	0.748958333333333
20.8907683999996	0.748958333333333
20.9237682999992	0.748958333333333
20.9565952999992	0.748958333333333
20.9904043999995	0.748958333333333
21.0238449999997	0.748958333333333
21.0567146999992	0.748958333333333
21.0906204999992	0.748958333333333
21.1234515999995	0.748958333333333
21.1568974999991	0.748958333333333
21.1903775999999	0.748958333333333
21.2236104999993	0.748958333333333
21.2572608999999	0.748958333333333
21.2906895999995	0.748958333333333
21.3242154	0.748958333333333
21.3569097999998	0.748958333333333
21.3904208999993	0.748958333333333
21.4238346999991	0.748958333333333
21.4569908999993	0.748958333333333
21.4906420999996	0.748958333333333
21.5239621999999	0.748958333333333
21.5570779	0.748958333333333
21.5904310999995	0.748958333333333
21.6233565999992	0.748958333333333
21.6569831999996	0.748958333333333
21.6901888999992	0.748958333333333
21.7238928999996	0.748958333333333
21.7573016999995	0.748958333333333
21.7905363	0.748958333333333
21.8237425999996	0.748958333333333
21.8568725999994	0.748958333333333
21.8905824999993	0.748958333333333
21.9237355999994	0.748958333333333
21.9569399999991	0.748958333333333
21.9902786999992	0.748958333333333
22.0234760999992	0.748958333333333
22.0570191999996	0.748958333333333
22.0902432999992	0.748958333333333
22.1237160999999	0.748958333333333
22.1570077999995	0.748958333333333
22.1904841999994	0.748958333333333
22.2231511	0.748958333333333
22.2574287999996	0.748958333333333
22.2909622999996	0.748958333333333
22.3234051999998	0.748958333333333
22.3569099999995	0.748958333333333
22.3904326999991	0.748958333333333
22.4233998999998	0.748958333333333
22.4572140999999	0.748958333333333
22.4907588999995	0.748958333333333
22.5239339	0.748958333333333
22.5568170999995	0.748958333333333
22.5901328999998	0.748958333333333
22.6234808999998	0.748958333333333
22.6572542999993	0.748958333333333
22.6907226999992	0.748958333333333
22.7240128999993	0.748958333333333
22.7568667999994	0.748958333333333
22.7905457999996	0.748958333333333
22.8233655999993	0.748958333333333
22.8568696999992	0.748958333333333
22.8900211999999	0.748958333333333
22.9238068999994	0.748958333333333
22.9565212999996	0.748958333333333
22.9901166	0.748958333333333
23.0234983999999	0.748958333333333
23.0568660999998	0.748958333333333
23.0902219	0.748958333333333
23.1237546999992	0.748958333333333
23.1566398999994	0.748958333333333
23.1905170999999	0.748958333333333
23.2233903999995	0.748958333333333
23.2572303999996	0.748958333333333
23.2900215	0.748958333333333
23.3237709999994	0.748958333333333
23.3566377999996	0.748958333333333
23.3903409999994	0.748958333333333
23.4233120999997	0.748958333333333
23.4569941999998	0.748958333333333
23.4906616999997	0.748958333333333
23.5237176999999	0.748958333333333
23.5569108	0.748958333333333
23.5904515999991	0.748958333333333
23.6238527999994	0.748958333333333
23.6568664999995	0.748958333333333
23.6900621999994	0.748958333333333
23.7240880999998	0.748958333333333
23.7568070999996	0.748958333333333
23.7902064	0.748958333333333
23.8233645999999	0.748958333333333
23.8565640999996	0.748958333333333
23.8905554999992	0.748958333333333
23.9237311999996	0.748958333333333
23.9568453999991	0.748958333333333
23.9904933999997	0.748958333333333
24.0236653999991	0.748958333333333
24.0569871999996	0.748958333333333
24.0903843999995	0.748958333333333
24.1247744999991	0.715625
24.1571188999997	0.654166666666667
24.1905279999992	0.628125
24.2236764999998	0.619791666666667
24.2578389999999	0.59375
24.2910350999991	0.566666666666667
24.3235324999996	0.558333333333333
24.3569572999995	0.548958333333333
24.3902958999997	0.539583333333333
24.4236666999996	0.53125
24.4568732999996	0.53125
24.4906260999996	0.53125
24.5237970999997	0.53125
24.5569956999998	0.53125
24.5901098999993	0.53125
24.6240929999994	0.53125
24.6569771999993	0.53125
24.6904494999999	0.53125
24.7237084999997	0.53125
24.7563356999999	0.53125
24.7905273999995	0.514583333333333
24.8237391999992	0.514583333333333
24.8568554999993	0.497916666666667
24.8904264999992	0.497916666666667
24.9234881999992	0.497916666666667
24.9562991999992	0.497916666666667
24.9903897999993	0.497916666666667
25.0237485999996	0.497916666666667
25.0567580999996	0.497916666666667
25.0915625999996	0.497916666666667
25.1235867999994	0.497916666666667
25.1571248999999	0.497916666666667
25.1903487	0.497916666666667
25.2335385999995	0.497916666666667
25.2571957	0.497916666666667
25.2904493999995	0.497916666666667
25.3235843999992	0.497916666666667
25.3568038999992	0.497916666666667
25.3902660999993	0.497916666666667
25.4237065999996	0.497916666666667
25.4568753999993	0.497916666666667
25.4905782999995	0.497916666666667
25.5236801999999	0.497916666666667
25.5569075999992	0.497916666666667
25.5903506999994	0.497916666666667
25.6238045	0.497916666666667
25.6566257999993	0.497916666666667
25.6905245999997	0.497916666666667
25.7236627999991	0.497916666666667
25.7564332999991	0.497916666666667
25.7902031999993	0.497916666666667
25.8232481999994	0.497916666666667
25.8566463999996	0.497916666666667
25.8736135999998	0.497916666666667
25.9075304999997	0.497916666666667
25.9237708999999	0.497916666666667
25.9400403999998	0.497916666666667
25.9740337999992	0.489583333333333
25.9919173999997	0.480208333333333
26.0240729999996	0.470833333333333
26.0404923999995	0.470833333333333
26.0737347999993	0.470833333333333
26.0903329999992	0.470833333333333
26.1237735999994	0.470833333333333
26.1397216999994	0.470833333333333
26.1733224999998	0.4625
26.1904327999991	0.4625
26.2237244999997	0.4625
26.2403084999996	0.4625
26.2736262999997	0.4625
26.2939660999991	0.4625
26.3239844999998	0.4625
26.3573053	0.4625
26.3739385999997	0.428125
26.3903474999997	0.428125
26.4235288	0.428125
26.4401679999992	0.428125
26.4731922999999	0.428125
26.4903951999995	0.428125
26.5232911999992	0.428125
26.540129	0.428125
26.5732478	0.428125
26.5902008999992	0.428125
26.6231693999998	0.428125
26.6402355999999	0.428125
26.6565704999994	0.428125
26.6904170999996	0.428125
26.7068867999997	0.428125
26.7232052999998	0.428125
26.7398951999994	0.428125
26.7574116999995	0.428125
26.7746461999996	0.428125
26.7900122999999	0.428125
26.8066123999997	0.428125
26.8235879999993	0.411458333333333
26.8400474	0.394791666666667
26.8571925999995	0.378125
26.8737071999994	0.378125
26.8903236999995	0.378125
26.9066361999994	0.378125
26.9435364999999	0.378125
26.9740736999993	0.378125
26.9910634999997	0.378125
27.0072628999997	0.378125
27.0242128999998	0.378125
27.0408791	0.378125
27.0573335999998	0.378125
27.0741797999999	0.378125
27.0905475999998	0.378125
27.1069857999992	0.378125
27.1238864999996	0.378125
27.1402216999995	0.378125
27.1740600999992	0.378125
27.1904574999999	0.378125
27.2075943999998	0.378125
27.2242389999992	0.378125
27.2407962999996	0.378125
27.2577972999998	0.378125
27.2743581999994	0.378125
27.2906225999996	0.378125
27.3076787	0.378125
27.3240317	0.378125
27.3401185999992	0.378125
27.3739931	0.378125
27.3903186999996	0.378125
27.4072751999993	0.378125
27.4237593999997	0.378125
27.4407245999992	0.378125
27.4575601999995	0.378125
27.4737987999997	0.378125
27.4904921999996	0.378125
27.5072720999997	0.378125
27.5237373999998	0.378125
27.5406194999996	0.378125
27.5573235999991	0.378125
27.5737100999995	0.378125
27.5903110999998	0.378125
27.6072494999999	0.378125
27.6238547999992	0.378125
27.6406543999992	0.378125
27.6572551999998	0.378125
27.6738390999999	0.378125
27.6906574999994	0.378125
27.7074570999994	0.378125
27.7246901999997	0.378125
27.7403600999996	0.378125
27.7578525999998	0.378125
27.7740304999998	0.378125
27.7902646999992	0.378125
27.8071818999997	0.378125
27.8240384999999	0.378125
27.8404464999994	0.378125
27.8569140999998	0.378125
27.8739965999994	0.378125
27.8901575	0.378125
27.9074936999996	0.378125
27.9240753999993	0.378125
27.9408629	0.378125
27.9569670999999	0.378125
27.9744163999994	0.378125
27.9908872999995	0.378125
28.0074500999999	0.378125
28.0241535999994	0.378125
28.0401359999996	0.378125
28.0572877999994	0.378125
28.0740956	0.378125
28.0905187999997	0.378125
28.1073993	0.378125
28.1237724999992	0.378125
28.1410327999993	0.378125
28.1568942999993	0.378125
28.1738474999993	0.378125
28.1906835	0.378125
28.2073277999998	0.378125
28.2238629999993	0.378125
28.2406238999993	0.378125
28.2571902	0.378125
28.2738995	0.378125
28.2906691999997	0.378125
28.3068574999998	0.378125
28.3236443999995	0.378125
28.3405067999993	0.378125
28.3570569999993	0.378125
28.3742060999994	0.378125
28.3905285999999	0.378125
28.4074697999995	0.378125
28.4236862999996	0.378125
28.4408503999994	0.378125
28.4572917999994	0.378125
28.4739987999992	0.378125
28.4904669999996	0.378125
28.5071223999994	0.378125
28.5238179999997	0.378125
28.5404573999995	0.378125
28.5569275999997	0.378125
28.5738363999999	0.378125
28.5900573999998	0.378125
28.6071077999995	0.378125
28.6238904999991	0.378125
28.6401986999999	0.378125
28.6571682999993	0.378125
28.6739024999997	0.378125
28.6905338999995	0.378125
28.7069800999998	0.378125
28.7237149999992	0.378125
28.7403212999998	0.378125
28.7568082999996	0.378125
28.7735348999995	0.378125
28.7904134999999	0.378125
28.8067897999999	0.378125
28.8233469999996	0.378125
28.8403059999991	0.378125
28.8565795999993	0.378125
28.8736804	0.378125
28.8902051999994	0.378125
28.9071234999992	0.378125
28.9240583999999	0.378125
28.9404673999998	0.378125
28.9572505999995	0.378125
28.9741932999996	0.378125
28.9907074999992	0.378125
29.0070953999993	0.378125
29.0239072999993	0.378125
29.0402836999992	0.378125
29.0567933999992	0.378125
29.0739858999996	0.378125
29.0906094999991	0.378125
29.1070058999994	0.378125
29.1236328999994	0.378125
29.1405907999997	0.378125
29.1572921999996	0.378125
29.1742445	0.378125
29.1911301999999	0.378125
29.2071065999999	0.378125
29.2239677999996	0.378125
29.2402193999997	0.378125
29.2574809999996	0.378125
29.2737999999999	0.378125
29.2905744999998	0.378125
29.3070650999998	0.378125
29.3235367999996	0.378125
29.3405343999993	0.378125
29.3574341999993	0.378125
29.3741018999999	0.378125
29.3906672999992	0.378125
29.4070282999992	0.378125
29.4240998999994	0.378125
29.4406546999999	0.378125
29.4572880999995	0.378125
29.4733560999994	0.378125
29.4907165999994	0.378125
29.5071493999994	0.378125
29.5237963	0.378125
29.5402180999999	0.378125
29.5571058999994	0.378125
29.5738654999996	0.378125
29.5902190999996	0.378125
29.6071745999998	0.378125
29.6235078999998	0.378125
29.6401672999991	0.378125
29.6572191999994	0.378125
29.6740140999991	0.378125
29.6908383999998	0.378125
29.7067598999993	0.378125
29.7233858999998	0.378125
29.7403833999997	0.378125
29.7566803	0.378125
29.7739189999993	0.378125
29.7904600999991	0.378125
29.807092	0.378125
29.8236031999995	0.378125
29.8402365999991	0.378125
29.8572173999992	0.378125
29.8735881999992	0.378125
29.8905413999992	0.378125
29.9069813999995	0.378125
29.9240419999996	0.378125
29.9405031999995	0.378125
29.9566906	0.378125
29.9737161999992	0.378125
29.9904488999991	0.378125
30.0067810999999	0.378125
30.0237850999993	0.378125
30.0404455999997	0.378125
30.0569716	0.378125
30.0735228999993	0.378125
30.0902419999993	0.378125
30.1067217999998	0.378125
30.1238577999993	0.378125
30.1404250999994	0.378125
30.1571730999995	0.378125
30.1740358999996	0.378125
30.1906057999995	0.378125
30.2070471999996	0.378125
30.2237636	0.378125
30.2403783	0.378125
30.2570173999993	0.378125
30.2738900999993	0.378125
30.2900254999995	0.378125
30.3070233999997	0.378125
30.3238460999992	0.378125
30.3404660999995	0.378125
30.3572275999995	0.378125
30.3738960999999	0.378125
30.3905482999999	0.378125
30.4066091999994	0.378125
30.4238687999996	0.378125
30.4404123999993	0.378125
30.4571166999995	0.378125
30.4741188999997	0.378125
30.4904185999994	0.378125
30.5070226999997	0.378125
30.5238760999991	0.378125
30.5403800999993	0.378125
30.5565273999991	0.378125
30.5738587999995	0.378125
30.5903380999998	0.378125
30.6073036999996	0.378125
30.6238134999994	0.378125
30.6402878999997	0.378125
30.6569868999995	0.39375
30.6738891999994	0.41875
30.6910438999994	0.452083333333333
30.7068248999994	0.46875
30.7241326999992	0.46875
30.7399624999998	0.46875
30.7570787999994	0.46875
30.7737226999998	0.46875
30.7900594999992	0.46875
30.8070901999999	0.46875
30.8240533999997	0.46875
30.8405395999998	0.46875
30.8570818999997	0.46875
30.8739039999991	0.46875
30.8907737	0.46875
30.9071908999995	0.46875
30.9235071999992	0.46875
30.9407425999998	0.46875
30.9569316999996	0.46875
30.9735322999995	0.46875
30.9910329999993	0.46875
31.0069912999998	0.46875
31.0233297999994	0.46875
31.0405086999999	0.46875
31.0566446999992	0.46875
31.0733848999998	0.46875
31.0904979999996	0.46875
31.1070586999995	0.46875
31.1237933999992	0.46875
31.1405110999995	0.46875
31.1570095999996	0.46875
31.1742015999998	0.46875
31.1905779999997	0.46875
31.2067699999998	0.46875
31.2235271999998	0.46875
31.2400592999993	0.46875
31.2569459999995	0.46875
31.2740990999991	0.46875
31.2905538999994	0.46875
31.3070141999997	0.46875
31.3238763999998	0.46875
31.3402454999996	0.46875
31.3571347999996	0.46875
31.3737902999992	0.46875
31.3900519999997	0.46875
31.4073443999996	0.46875
31.4233568999998	0.46875
31.4403537999997	0.46875
31.4567975999998	0.46875
31.4737978999992	0.46875
31.490632	0.46875
31.5070438999992	0.46875
31.5233414999993	0.46875
31.5405515999992	0.46875
31.5570029999999	0.46875
31.5740246999994	0.46875
31.5904462999997	0.46875
31.6071058999996	0.46875
31.6237395999997	0.46875
31.6403585999997	0.46875
31.6571701999992	0.46875
31.6737290999999	0.46875
31.6910785999999	0.46875
31.7066934999993	0.46875
31.7237507999998	0.46875
31.7404997999993	0.46875
31.7570696999992	0.46875
31.7739784999994	0.46875
31.7904712999998	0.46875
31.8069741999998	0.46875
31.8233042999991	0.46875
31.8405229999998	0.46875
31.8572447999995	0.46875
31.8738090999996	0.46875
31.8904210999999	0.46875
31.9073902999999	0.46875
31.9236807999996	0.46875
31.9403100999998	0.46875
31.9573389999996	0.46875
31.9731265999999	0.46875
31.9900134999998	0.46875
32.0064982999993	0.46875
32.0233435999999	0.46875
32.0407087999993	0.46875
32.0570648999992	0.46875
32.0740876	0.46875
32.0902255999999	0.46875
32.1068891999994	0.46875
32.1237605999995	0.46875
32.1399394999999	0.46875
32.1571242999999	0.46875
32.1733234999992	0.46875
32.1904553999993	0.46875
32.2070463	0.46875
32.2240382	0.46875
32.2405040999993	0.46875
32.2571859999998	0.46875
32.2779845999994	0.46875
32.2909124999996	0.46875
32.3069979999991	0.46875
32.3234883999994	0.46875
32.3404040999994	0.46875
32.3570057999996	0.46875
32.3738738999991	0.46875
32.390281	0.46875
32.4066287999995	0.46875
32.4234139999999	0.46875
32.4399920999995	0.46875
32.4570549	0.46875
32.4739366999993	0.46875
32.4904846999998	0.46875
32.5069962999996	0.46875
32.5239105999999	0.46875
32.5405522999999	0.46875
32.5570222999995	0.46875
32.5734184999992	0.46875
32.590389	0.46875
32.6067828999994	0.4875
32.6234957999995	0.4875
32.6402755999998	0.4875
32.6576353999999	0.4875
32.6741018999992	0.5125
32.6906925999992	0.520833333333333
32.7070784999996	0.529166666666667
32.7240482999996	0.529166666666667
32.7403113999999	0.5375
32.7567182999992	0.5375
32.7740222999992	0.5375
32.7906213999995	0.5375
32.8075006999998	0.5375
32.8239756999992	0.5375
32.8403712999998	0.5375
32.8569313999997	0.5375
32.8732661999993	0.5375
32.8902745999994	0.5375
32.9074054999992	0.5375
32.9237887999998	0.5375
32.9403436999992	0.5375
32.9569594999994	0.5375
32.9738847999997	0.546875
32.9906848999999	0.546875
33.0070649999998	0.546875
33.0232962	0.546875
33.0400974999993	0.546875
33.0566369999997	0.546875
33.0732183999999	0.546875
33.0904571999999	0.546875
33.1067598999998	0.546875
33.1240050999995	0.546875
33.1403351999998	0.546875
33.1566479999992	0.546875
33.1737088	0.546875
33.1901126999992	0.546875
33.2070893999999	0.546875
33.2238389999993	0.546875
33.2405030999998	0.546875
33.2569164999995	0.546875
33.2738175999993	0.546875
33.2907212999999	0.546875
33.3069876999998	0.546875
33.3239102999996	0.546875
33.3404876999994	0.546875
33.3571346999997	0.546875
33.3735725999995	0.546875
33.3906566999995	0.546875
33.4066683999999	0.546875
33.4240092	0.546875
33.4404473999994	0.546875
33.4566768999994	0.546875
33.4735398999992	0.546875
33.4900910999995	0.546875
33.5069097999994	0.546875
33.5236719999994	0.546875
33.5439541999995	0.546875
33.5569168999991	0.546875
33.5737344999998	0.546875
33.5902956999998	0.546875
33.6073274999999	0.555208333333333
33.6234408999999	0.555208333333333
33.6402415999992	0.555208333333333
33.6570627999999	0.555208333333333
33.673648	0.555208333333333
33.6904547999993	0.555208333333333
33.7071800999993	0.555208333333333
33.7236999999996	0.555208333333333
33.7400308999995	0.555208333333333
33.7572061999999	0.555208333333333
33.7737459999998	0.555208333333333
33.7900276999999	0.555208333333333
33.8069103999997	0.555208333333333
33.8239089999997	0.555208333333333
33.8404518999996	0.555208333333333
33.8565701999996	0.555208333333333
33.8733591999999	0.555208333333333
33.8900249999997	0.555208333333333
33.9066160999992	0.555208333333333
33.9234310999991	0.555208333333333
33.9403809999994	0.555208333333333
33.9565644999993	0.555208333333333
33.9733806999993	0.555208333333333
33.9906234999999	0.555208333333333
34.0072399999999	0.555208333333333
34.0238442	0.555208333333333
34.0403082999992	0.555208333333333
34.0569712999995	0.555208333333333
34.0733759999994	0.555208333333333
34.0898364999994	0.555208333333333
34.1065555999994	0.555208333333333
34.1233581999995	0.555208333333333
34.1399891999999	0.555208333333333
34.1573931999992	0.555208333333333
34.1735876999992	0.555208333333333
34.1905144999992	0.555208333333333
34.2067076999992	0.555208333333333
34.2237926999996	0.555208333333333
34.2404907	0.555208333333333
34.2570628999993	0.555208333333333
34.2733751999995	0.555208333333333
34.2900791999991	0.555208333333333
34.3069910999993	0.555208333333333
34.3234004999995	0.555208333333333
34.3405062999991	0.555208333333333
34.3568797999997	0.555208333333333
34.3735840999998	0.555208333333333
34.3900526999996	0.555208333333333
34.4068605999992	0.555208333333333
34.4236941999998	0.555208333333333
34.4405810999997	0.555208333333333
34.4571081999993	0.555208333333333
34.4736174999998	0.555208333333333
34.4899330999997	0.555208333333333
34.5066277999995	0.555208333333333
34.5237205999993	0.555208333333333
34.5402916999992	0.555208333333333
34.5568572999991	0.555208333333333
34.5733308999997	0.555208333333333
34.5900875999996	0.555208333333333
34.6072693999995	0.555208333333333
34.6241578999998	0.555208333333333
34.6403369999998	0.555208333333333
34.6570761999992	0.555208333333333
34.6737454999993	0.555208333333333
34.6906636999993	0.555208333333333
34.7071719999994	0.555208333333333
34.7236008	0.555208333333333
34.7402957999993	0.555208333333333
34.7570481999992	0.555208333333333
34.7738757999996	0.555208333333333
34.7900277999997	0.555208333333333
34.8069216999993	0.555208333333333
34.8234356999992	0.555208333333333
34.8401372999997	0.555208333333333
34.8571374999992	0.555208333333333
34.8737992999995	0.555208333333333
34.8904295999992	0.555208333333333
34.9071703	0.555208333333333
34.9233873999992	0.555208333333333
34.9404393999994	0.555208333333333
34.9567784999999	0.555208333333333
34.9736158999995	0.555208333333333
34.9903148999992	0.555208333333333
35.0070922999994	0.555208333333333
35.0238350999998	0.555208333333333
35.0403462999993	0.555208333333333
35.0570263	0.555208333333333
35.0737922999997	0.555208333333333
35.0911053	0.555208333333333
35.1069828999998	0.555208333333333
35.1237609	0.555208333333333
35.1405573999991	0.555208333333333
35.1570382999998	0.555208333333333
35.1736065999994	0.555208333333333
35.1900247999993	0.555208333333333
35.2069145999994	0.555208333333333
35.2237277999993	0.555208333333333
35.2402646999999	0.555208333333333
35.2570262999998	0.555208333333333
35.2733415999992	0.555208333333333
35.2903340999992	0.555208333333333
35.3067699999992	0.555208333333333
35.3238960999997	0.555208333333333
35.3403356999997	0.555208333333333
35.3572113999999	0.555208333333333
35.3737033999996	0.555208333333333
35.3904288999993	0.555208333333333
35.4087622999996	0.555208333333333
35.4232060999993	0.555208333333333
35.4398706999991	0.555208333333333
35.4566391999997	0.555208333333333
35.4734832999993	0.555208333333333
35.4903222999992	0.555208333333333
35.5066991999993	0.555208333333333
35.5235771999996	0.555208333333333
35.5406318999994	0.555208333333333
35.5570838999993	0.555208333333333
35.5734153999992	0.555208333333333
35.5907260999993	0.555208333333333
35.6070952999999	0.555208333333333
35.6238053999996	0.555208333333333
35.6407808999993	0.571875
35.6573943999992	0.580208333333333
35.6738805999994	0.588541666666667
35.6905349999997	0.588541666666667
35.7068686999992	0.588541666666667
35.7235434999993	0.588541666666667
35.7399991999991	0.588541666666667
35.7568207999993	0.588541666666667
35.7733817999997	0.588541666666667
35.7900142999997	0.588541666666667
35.8071061999999	0.588541666666667
35.8238607999992	0.588541666666667
35.8406015999999	0.588541666666667
35.8569131999993	0.588541666666667
35.8737542999997	0.588541666666667
35.8903094999996	0.588541666666667
35.9066052999997	0.588541666666667
35.9237914999994	0.588541666666667
35.9403569999995	0.588541666666667
35.9566181999999	0.588541666666667
35.9736699999994	0.588541666666667
35.9899931	0.588541666666667
36.0079241999993	0.588541666666667
36.0239161999998	0.614583333333333
36.0402461999993	0.640625
36.0569559999994	0.648958333333333
36.0735408999999	0.665625
36.0903940999997	0.673958333333333
36.1069025999996	0.691666666666667
36.1239833999998	0.7
36.1405281999996	0.717708333333333
36.1567788999992	0.726041666666667
36.1737410999995	0.726041666666667
36.1899065999996	0.726041666666667
36.2067739999993	0.726041666666667
36.2232860999993	0.726041666666667
36.2403627999993	0.726041666666667
36.2568878999991	0.726041666666667
36.2735446999995	0.726041666666667
36.2902168999999	0.726041666666667
36.3068017999994	0.726041666666667
36.3238831999997	0.726041666666667
36.3403636999992	0.726041666666667
36.3568597999993	0.726041666666667
36.3733362999992	0.726041666666667
36.3898397999992	0.726041666666667
36.4065280999994	0.726041666666667
36.4237204999999	0.726041666666667
36.4403015999997	0.726041666666667
36.4569818	0.726041666666667
36.4734764999994	0.726041666666667
36.4905863999993	0.726041666666667
36.5072096999993	0.726041666666667
36.5238101999994	0.726041666666667
36.5403675999996	0.726041666666667
36.5570312999998	0.726041666666667
36.5738414999996	0.726041666666667
36.5903492999996	0.726041666666667
36.6068016999998	0.726041666666667
36.6234560999992	0.726041666666667
36.6402955999993	0.726041666666667
36.6568433999992	0.726041666666667
36.6737834999994	0.726041666666667
36.6902721999995	0.726041666666667
36.7069214999992	0.726041666666667
36.7233626999996	0.726041666666667
36.7405278999995	0.726041666666667
36.7568428999994	0.726041666666667
36.7736961999999	0.726041666666667
36.7899401999994	0.726041666666667
36.8070788999994	0.726041666666667
36.8237910999997	0.726041666666667
36.8404026999997	0.726041666666667
36.8571682999991	0.726041666666667
36.8738982999994	0.726041666666667
36.8900359999998	0.726041666666667
36.9068540999997	0.726041666666667
36.9238949999999	0.726041666666667
36.9399602999993	0.726041666666667
36.9570332999992	0.726041666666667
36.9735750999998	0.726041666666667
36.9907759999996	0.726041666666667
37.0068626999991	0.726041666666667
37.0236464	0.726041666666667
37.0406088999998	0.726041666666667
37.0571834999992	0.726041666666667
37.0738128999992	0.726041666666667
37.0905408999997	0.726041666666667
37.1069447	0.726041666666667
37.1233644999993	0.71875
37.1398286999993	0.71875
37.1568647999993	0.71875
37.1735264999998	0.71875
37.1902207999992	0.71875
37.2068396999994	0.71875
37.2238473999996	0.71875
37.2404715999992	0.71875
37.2573258999992	0.71875
37.2736871999996	0.71875
37.2903543999992	0.71875
37.3067887999996	0.71875
37.3238031999999	0.71875
37.3405111999991	0.71875
37.3569877999998	0.71875
37.3734821999997	0.71875
37.3905503999995	0.71875
37.4069115999991	0.71875
37.4241038999999	0.71875
37.4401852999999	0.71875
37.4568479999998	0.71875
37.4737831999992	0.71875
37.4902186999998	0.71875
37.5070767999996	0.71875
37.5233094999994	0.71875
37.5400878999999	0.71875
37.5569863999999	0.71875
37.5733250999992	0.71875
37.5902154999994	0.71875
37.6068577999995	0.71875
37.6234409999997	0.726041666666667
37.6400963999995	0.726041666666667
37.6566045999998	0.734375
37.6733885999993	0.74375
37.6905191999995	0.760416666666667
37.7071489	0.760416666666667
37.7235248999996	0.760416666666667
37.7403649999997	0.760416666666667
37.7570718999996	0.760416666666667
37.7737571999996	0.760416666666667
37.7903824999994	0.760416666666667
37.8067243999994	0.760416666666667
37.8239693999994	0.760416666666667
37.8406791999996	0.760416666666667
37.8568495999998	0.760416666666667
37.8735478999997	0.760416666666667
37.8905507999998	0.760416666666667
37.9069170999992	0.760416666666667
37.9239278999994	0.760416666666667
37.9402064999995	0.760416666666667
37.9569323999995	0.760416666666667
37.9735376999997	0.760416666666667
37.9900982999998	0.760416666666667
38.0069697999998	0.760416666666667
38.0233261999992	0.760416666666667
38.0403713999995	0.760416666666667
38.0568221999993	0.760416666666667
38.0739973999998	0.760416666666667
38.0903116999998	0.760416666666667
38.1068399999995	0.760416666666667
38.1235340999992	0.76875
38.1404997	0.778125
38.1567902999996	0.778125
38.1733323999997	0.778125
38.1902732999997	0.778125
38.2068012	0.778125
38.2235894999994	0.778125
38.2404125999992	0.778125
38.2573434999995	0.778125
38.2734938999993	0.778125
38.2902392999995	0.778125
38.3070562999992	0.778125
38.3238531999996	0.778125
38.3401840999995	0.778125
38.3567377999998	0.778125
38.3739154999994	0.778125
38.3903514999993	0.778125
38.4070588999994	0.778125
38.4238114999998	0.778125
38.4401899999993	0.778125
38.4570308999992	0.778125
38.4733732999994	0.7875
38.4904031999995	0.804166666666667
38.5069818999991	0.846875
38.5236714999992	0.846875
38.5403043999995	0.85625
38.5568793999992	0.85625
38.5735633999993	0.85625
38.5903264999997	0.85625
38.6065657999998	0.864583333333333
38.6236463999994	0.864583333333333
38.6404181999997	0.864583333333333
38.6565659999997	0.864583333333333
38.6733046999998	0.864583333333333
38.6902923999996	0.864583333333333
38.7068585999996	0.864583333333333
38.7232402999998	0.864583333333333
38.7399454999995	0.864583333333333
38.7571596999996	0.864583333333333
38.7734542999997	0.864583333333333
38.7903883999998	0.864583333333333
38.8072567999998	0.864583333333333
38.8232416999999	0.864583333333333
38.8403950999991	0.864583333333333
38.8573484999997	0.864583333333333
38.8733975999994	0.864583333333333
38.8901070999991	0.864583333333333
38.9067472999996	0.864583333333333
38.9233197999993	0.864583333333333
38.9405946999996	0.88125
38.9568457999994	0.88125
38.9736341999997	0.88125
38.9899602999994	0.88125
39.0068334999996	0.88125
39.0232599999999	0.88125
39.0399432999993	0.88125
39.0569010999998	0.88125
39.0736095999991	0.88125
39.0904132999995	0.88125
39.1065376999995	0.88125
39.1236659999995	0.88125
39.1405907999997	0.88125
39.1570013999999	0.88125
39.1736535999999	0.88125
39.1902728999994	0.88125
39.2065674999994	0.88125
39.2234383999994	0.88125
39.2403439	0.88125
39.2570309999992	0.88125
39.2732688999995	0.88125
39.2905441999992	0.88125
39.3066808999993	0.88125
39.3236185999995	0.88125
39.3403798999998	0.88125
39.3568456999992	0.88125
39.3735729	0.88125
39.3904362999992	0.88125
39.4065529	0.88125
39.4232435999993	0.88125
39.4399238999995	0.88125
39.4571672999991	0.88125
39.4737831999992	0.88125
39.4903555999999	0.88125
39.5065218999998	0.88125
39.5233414999993	0.88125
39.5403020999993	0.88125
39.5568659999999	0.88125
39.5737964	0.88125
39.5902914999997	0.88125
39.6068947999993	0.88125
39.6237677999998	0.88125
39.6404132999996	0.88125
39.6564746999993	0.88125
39.6737144999997	0.88125
39.6899758999998	0.88125
39.7068258999998	0.88125
39.7238609999995	0.88125
39.7405518999994	0.88125
39.7570540999996	0.88125
39.7731767999994	0.88125
39.7902604999999	0.88125
39.8070866999997	0.88125
39.8236945999997	0.88125
39.8401776999999	0.88125
39.8564972999993	0.88125
39.8734725999993	0.88125
39.8904654999997	0.88125
39.9067597999992	0.88125
39.9237799999992	0.88125
39.9397647999995	0.88125
39.9563902999998	0.88125
39.9731788999998	0.88125
39.9903093999992	0.88125
40.0068711999993	0.88125
40.0234977999999	0.88125
40.0402962999997	0.88125
40.0566362	0.88125
40.0738526999994	0.88125
40.0902201999997	0.88125
40.1070228999997	0.889583333333333
40.1235703999992	0.897916666666667
40.1406179999994	0.897916666666667
40.1568322999992	0.897916666666667
40.1734162999992	0.897916666666667
40.1905202999997	0.897916666666667
40.2067300999997	0.897916666666667
40.2240383999997	0.897916666666667
40.2401275999991	0.897916666666667
40.2566171999997	0.897916666666667
40.2735285999997	0.897916666666667
40.2905987999993	0.897916666666667
40.3068326999992	0.897916666666667
40.3237973999994	0.897916666666667
40.3404094999996	0.897916666666667
40.3567294999993	0.897916666666667
40.3732559999999	0.897916666666667
40.3897951999998	0.897916666666667
40.4068741999999	0.897916666666667
40.4231678999995	0.897916666666667
40.4402140999991	0.897916666666667
40.4568816999999	0.897916666666667
40.4736282999993	0.897916666666667
40.4904922999995	0.897916666666667
40.5071034999992	0.897916666666667
40.5236554999992	0.897916666666667
40.5402365999998	0.897916666666667
40.5569275999997	0.897916666666667
40.5736320999995	0.897916666666667
40.5897891999994	0.897916666666667
40.6070606999992	0.897916666666667
40.6234470999998	0.897916666666667
40.6404384999996	0.897916666666667
40.6565111	0.897916666666667
40.6734291999992	0.897916666666667
40.6902346999996	0.897916666666667
40.7068204999996	0.897916666666667
40.7235845999994	0.897916666666667
40.7401925999993	0.897916666666667
40.7566542999994	0.897916666666667
40.7733918999993	0.897916666666667
40.7903815999998	0.897916666666667
40.8068714999999	0.897916666666667
40.8233468999997	0.897916666666667
40.8398533	0.897916666666667
40.8568447999996	0.897916666666667
40.8733680999994	0.897916666666667
40.8902208	0.897916666666667
40.9068253999994	0.897916666666667
40.9234842999995	0.897916666666667
40.9403559999992	0.897916666666667
40.9563928999996	0.897916666666667
40.9735769999998	0.897916666666667
40.9901778999993	0.897916666666667
41.0067816999999	0.897916666666667
41.0234032999997	0.897916666666667
41.0403116999996	0.897916666666667
41.0571215	0.897916666666667
41.0732450999994	0.897916666666667
41.0903409999992	0.897916666666667
41.1068726999993	0.897916666666667
41.1232929999996	0.897916666666667
41.1401241999993	0.897916666666667
41.1564540999998	0.897916666666667
41.1731003999994	0.897916666666667
41.1902287999992	0.897916666666667
41.2069865999993	0.897916666666667
41.2231175999996	0.897916666666667
41.2404673999999	0.897916666666667
41.2569696999999	0.897916666666667
41.2736206999998	0.897916666666667
41.2907065999998	0.897916666666667
41.3069411999995	0.897916666666667
41.3230887999998	0.897916666666667
41.3401010999996	0.897916666666667
41.3567526999996	0.897916666666667
41.3731443999995	0.897916666666667
41.3898659999995	0.897916666666667
41.4065438999996	0.897916666666667
41.4238290999992	0.897916666666667
41.4403074999991	0.897916666666667
41.4564948999996	0.897916666666667
41.4734761999998	0.897916666666667
41.4903483999997	0.897916666666667
41.5068881999996	0.897916666666667
41.5233963999999	0.897916666666667
41.5402003999998	0.897916666666667
41.5565755999996	0.897916666666667
41.5735221999994	0.897916666666667
41.5901253999991	0.897916666666667
41.6068333999992	0.897916666666667
41.6235869999991	0.897916666666667
41.6401014999992	0.897916666666667
41.6564819999994	0.897916666666667
41.6733290999991	0.897916666666667
41.6904140999995	0.897916666666667
41.7069455999999	0.897916666666667
41.7233299999998	0.897916666666667
41.7402775999999	0.897916666666667
41.7568574999996	0.897916666666667
41.7733227999997	0.897916666666667
41.7897208999993	0.897916666666667
41.8067079999992	0.897916666666667
41.8233658999998	0.897916666666667
41.8399437999997	0.890625
41.8565190999998	0.890625
41.8734273	0.882291666666667
41.8907372999993	0.882291666666667
41.9068140999998	0.873958333333333
41.9233996999992	0.873958333333333
41.9401459999999	0.873958333333333
41.9565304999996	0.873958333333333
41.9743269999999	0.873958333333333
41.9900715999993	0.873958333333333
42.0064291999997	0.873958333333333
42.0231625999995	0.873958333333333
42.0399257999998	0.873958333333333
42.0566669	0.873958333333333
42.0729076999996	0.873958333333333
42.0901810999994	0.873958333333333
42.1066766999993	0.873958333333333
42.1232673999993	0.873958333333333
42.1403725999999	0.873958333333333
42.1567341999998	0.873958333333333
42.1729460999995	0.873958333333333
42.1901991999994	0.873958333333333
42.2070519999997	0.88125
42.2234739999994	0.898958333333333
42.2403658999992	0.898958333333333
42.2568014999997	0.898958333333333
42.2733576999999	0.898958333333333
42.2901583999992	0.898958333333333
42.3064747999997	0.898958333333333
42.3236588	0.915625
42.3403712999998	0.932291666666667
42.3568368999995	0.948958333333333
42.3734827999997	0.958333333333333
42.3900513999997	0.958333333333333
42.4067052999999	0.958333333333333
42.4234821999999	0.958333333333333
42.4404691	0.958333333333333
42.4568391999992	0.958333333333333
42.4735526999993	0.958333333333333
42.4897601999992	0.958333333333333
42.5065373999996	0.958333333333333
42.5233481999994	0.958333333333333
42.5401017999993	0.958333333333333
42.5566369999997	0.958333333333333
42.5731586999991	0.958333333333333
42.5897778999997	0.958333333333333
42.6067485999993	0.958333333333333
42.6231793999996	0.958333333333333
42.6401873999994	0.958333333333333
42.6569911999995	0.958333333333333
42.6729250999997	0.958333333333333
42.6900555999991	0.958333333333333
42.7067820999991	0.958333333333333
42.7234321999995	0.958333333333333
42.7400670999996	0.958333333333333
42.7566518999993	0.958333333333333
42.7729172999998	0.958333333333333
42.7902373999996	0.958333333333333
42.8066317999992	0.958333333333333
42.8234448999992	0.958333333333333
42.8401534999994	0.958333333333333
42.8568157999998	0.958333333333333
42.8733861999999	0.958333333333333
42.8901340999992	0.958333333333333
42.9071554999991	0.958333333333333
42.9234839999999	0.958333333333333
42.9400210999993	0.958333333333333
42.9567244999998	0.958333333333333
42.9730222999997	0.958333333333333
42.9901148999998	0.958333333333333
43.0067621999997	0.958333333333333
43.0236003999999	0.958333333333333
43.0401162999997	0.958333333333333
43.0567352999997	0.958333333333333
43.0733548999997	0.958333333333333
43.0904019	0.958333333333333
43.1066394999998	0.958333333333333
43.1235664999995	0.958333333333333
43.1401977999994	0.958333333333333
43.1563841999996	0.958333333333333
43.1731105999997	0.958333333333333
43.1900369999994	0.958333333333333
43.2065915999992	0.958333333333333
43.2235507999994	0.958333333333333
43.2402132999996	0.958333333333333
43.2568815999994	0.958333333333333
43.2733536999995	0.958333333333333
43.2898841999995	0.958333333333333
43.3065975999998	0.958333333333333
43.3236471999999	0.958333333333333
43.3402188999999	0.958333333333333
43.3565979999994	0.958333333333333
43.3735026999993	0.958333333333333
43.3900130999991	0.958333333333333
43.4070447999993	0.958333333333333
43.4234050999994	0.958333333333333
43.4400646999993	0.958333333333333
43.4562567999992	0.958333333333333
43.4730921999999	0.958333333333333
43.4897017999992	0.958333333333333
43.5067483999992	0.958333333333333
43.5238581999993	0.958333333333333
43.540137	0.958333333333333
43.5566064999994	0.958333333333333
43.5733199999995	0.958333333333333
43.5902548999993	0.958333333333333
43.6068172999994	0.958333333333333
43.6235729999999	0.958333333333333
43.6397375999995	0.958333333333333
43.6567997999991	0.958333333333333
43.6732763999998	0.958333333333333
43.6899970999993	0.958333333333333
43.7062805999994	0.958333333333333
43.7234130999996	0.958333333333333
43.7455306999991	0.958333333333333
43.7573195999994	0.958333333333333
43.7728490999998	0.958333333333333
43.7948818999994	0.958333333333333
43.8106851999992	0.958333333333333
43.8230847999994	0.958333333333333
43.8403983999997	0.958333333333333
43.8564243999999	0.958333333333333
43.8734725999993	0.958333333333333
43.8902957999999	0.958333333333333
43.9063894999999	0.958333333333333
43.9236308999998	0.958333333333333
43.9401814999992	0.958333333333333
43.9566521999996	0.958333333333333
43.9735000999999	0.958333333333333
43.9899662999997	0.958333333333333
44.0063067999999	0.958333333333333
44.0231057999999	0.958333333333333
44.0397902999994	0.958333333333333
44.0563733999998	0.958333333333333
44.0732070999993	0.958333333333333
44.0902830999994	0.942708333333333
44.1067734999997	0.942708333333333
44.1229386999994	0.942708333333333
44.1403031	0.934375
44.1567842999993	0.934375
44.1733442999994	0.926041666666667
44.1902480999997	0.926041666666667
44.2066429999995	0.926041666666667
44.2235434999993	0.926041666666667
44.2400103999998	0.926041666666667
44.2567196999998	0.926041666666667
44.2733214999998	0.926041666666667
44.2904864999991	0.926041666666667
44.3063963999994	0.926041666666667
44.3233784999993	0.926041666666667
44.3403318999999	0.926041666666667
44.3565948999994	0.926041666666667
44.3733812999999	0.926041666666667
44.3900829999993	0.926041666666667
44.4063153999996	0.926041666666667
44.4234835999996	0.926041666666667
44.4399043999993	0.926041666666667
44.4566591999992	0.916666666666667
44.4730518999995	0.916666666666667
44.4899970999995	0.908333333333333
44.5064810999993	0.908333333333333
44.5234415999994	0.908333333333333
44.5400762999998	0.908333333333333
44.5565903999995	0.908333333333333
44.5735069999992	0.908333333333333
44.5903854999997	0.9
44.6068114	0.891666666666667
44.6234853999995	0.891666666666667
44.6401194999999	0.875
44.6568178999996	0.858333333333333
44.6734643999998	0.848958333333333
44.6900569999998	0.848958333333333
44.7061003999997	0.848958333333333
44.7231766999994	0.848958333333333
44.7400361	0.848958333333333
44.7564070999997	0.848958333333333
44.7728984999994	0.848958333333333
44.7903910999994	0.840625
44.8066859999999	0.840625
44.8234307999992	0.840625
44.8403095999993	0.832291666666667
44.8566864999993	0.822916666666667
44.8729896999994	0.822916666666667
44.8904293999994	0.822916666666667
44.9064990999996	0.822916666666667
44.9232992999996	0.822916666666667
44.9400511999993	0.822916666666667
44.9563152999999	0.822916666666667
44.9732815999996	0.822916666666667
44.9901345999997	0.822916666666667
45.0064049999992	0.822916666666667
45.0232170999998	0.822916666666667
45.0402650999995	0.822916666666667
45.0565815999998	0.822916666666667
45.0732615999996	0.822916666666667
45.0898319999997	0.822916666666667
45.1063201999996	0.814583333333333
45.1232435999991	0.814583333333333
45.1400166999993	0.814583333333333
45.1564477999991	0.80625
45.1734466999997	0.80625
45.1901379999999	0.80625
45.2070440999996	0.789583333333333
45.2234614999998	0.789583333333333
45.2399606999998	0.789583333333333
45.2566199999992	0.789583333333333
45.2735731999992	0.78125
45.2902968999997	0.78125
45.3062897	0.78125
45.3231516999995	0.78125
45.3399497999999	0.78125
45.3565836999996	0.78125
45.3732755999999	0.78125
45.3899325999992	0.78125
45.4066414999998	0.78125
45.4231503999999	0.78125
45.4398646	0.78125
45.4567039999993	0.78125
45.4735129999999	0.78125
45.4907471999995	0.78125
45.5065396999998	0.78125
45.5236126999998	0.78125
45.5399259999995	0.78125
45.5563260999998	0.78125
45.5736627999995	0.78125
45.5899973999994	0.78125
45.6068011999996	0.78125
45.6236620999998	0.78125
45.6395582999994	0.78125
45.6565080999999	0.78125
45.6734465	0.78125
45.6900329999999	0.78125
45.7068352999995	0.78125
45.7235089999995	0.78125
45.7396469999994	0.78125
45.7562742999999	0.78125
45.7730724999992	0.78125
45.7900627999998	0.78125
45.8066710999992	0.78125
45.8230427999997	0.78125
45.8400282999992	0.78125
45.8562918999996	0.78125
45.8734238999996	0.78125
45.8901466999996	0.78125
45.9065596999999	0.78125
45.9233491999994	0.78125
45.9400486999994	0.78125
45.9565176999995	0.78125
45.9729668	0.78125
45.9899221999995	0.78125
46.0062856999994	0.78125
46.0233767999998	0.78125
46.0400817	0.78125
46.0563689999999	0.78125
46.0735573999991	0.78125
46.0905989999992	0.78125
46.1066326999999	0.78125
46.1235988999997	0.78125
46.1402044999995	0.78125
46.1565412	0.78125
46.1732034999995	0.78125
46.1898667999994	0.78125
46.2064387999999	0.78125
46.2233873999994	0.78125
46.2398361999994	0.78125
46.2564939999993	0.78125
46.2733506999994	0.78125
46.2900143999996	0.78125
46.3065254999992	0.78125
46.3236932	0.78125
46.3400537999996	0.78125
46.3567426999998	0.78125
46.3734549999999	0.78125
46.3900702999999	0.78125
46.4062582999995	0.78125
46.4232511999999	0.78125
46.4400885999994	0.78125
46.4565616999998	0.78125
46.4733084999998	0.78125
46.4898936	0.78125
46.5062980999992	0.78125
46.5232012999995	0.78125
46.5402497999994	0.78125
46.5565184999996	0.78125
46.5735464999998	0.78125
46.5902206999999	0.78125
46.6069914999998	0.78125
46.6236954999995	0.78125
46.6396080999994	0.78125
46.6562717999996	0.78125
46.6733924	0.772916666666667
46.6900178999995	0.772916666666667
46.7065203999991	0.772916666666667
46.7233259999994	0.772916666666667
46.7401668999992	0.772916666666667
46.7565012999994	0.772916666666667
46.7733403999991	0.772916666666667
46.7901371999997	0.772916666666667
46.8062096999993	0.772916666666667
46.8228442	0.772916666666667
46.8396546999993	0.772916666666667
46.8562930999997	0.772916666666667
46.8729576999995	0.772916666666667
46.8900556999997	0.772916666666667
46.9065201999992	0.772916666666667
46.9233386999995	0.772916666666667
46.9396767999997	0.772916666666667
46.9564585999997	0.772916666666667
46.9733633999995	0.772916666666667
46.9900226	0.772916666666667
47.0063457999995	0.772916666666667
47.0231639999993	0.772916666666667
47.0403931999999	0.772916666666667
47.0567115999993	0.772916666666667
47.0732263999998	0.772916666666667
47.0897585999992	0.772916666666667
47.1062758999997	0.772916666666667
47.1231298999992	0.772916666666667
47.1393607	0.772916666666667
47.1562466999994	0.772916666666667
47.1733560999992	0.772916666666667
47.1902547999998	0.772916666666667
47.2066212999998	0.772916666666667
47.2233742999997	0.772916666666667
47.2399392999996	0.772916666666667
47.2567179999996	0.772916666666667
47.2732178999995	0.772916666666667
47.2900227	0.772916666666667
47.3062755999999	0.772916666666667
47.3229791999993	0.772916666666667
47.3397975999997	0.772916666666667
47.3561623999994	0.772916666666667
47.3733184999992	0.772916666666667
47.3900977999992	0.772916666666667
47.4067068999993	0.772916666666667
47.4233139999997	0.772916666666667
47.4396080999995	0.772916666666667
47.4564656999992	0.772916666666667
47.4733504999995	0.772916666666667
47.4896334999994	0.772916666666667
47.5064582999994	0.772916666666667
47.5229388999996	0.772916666666667
47.5400129	0.772916666666667
47.5561470999992	0.772916666666667
47.5733455999998	0.772916666666667
47.589884	0.772916666666667
47.6062110999992	0.772916666666667
47.6236341999993	0.772916666666667
47.6399356999991	0.772916666666667
47.6567255	0.772916666666667
47.6736396999995	0.772916666666667
47.6899655999996	0.772916666666667
47.7064756999998	0.772916666666667
47.7233534999996	0.772916666666667
47.7402092999992	0.772916666666667
47.7566069999993	0.772916666666667
47.7732326999994	0.772916666666667
47.7898985999991	0.772916666666667
47.8062659999996	0.772916666666667
47.8233198999997	0.772916666666667
47.8399393999998	0.772916666666667
47.8564720999993	0.772916666666667
47.8733675999993	0.772916666666667
47.8901234999994	0.772916666666667
47.9063169999999	0.772916666666667
47.9234804999996	0.772916666666667
47.9400212999999	0.772916666666667
47.9570268999996	0.772916666666667
47.9735394999998	0.772916666666667
47.9895741999999	0.772916666666667
48.0066484999998	0.772916666666667
48.0235209999992	0.772916666666667
48.0399520999999	0.772916666666667
48.0561682999996	0.772916666666667
48.0733941999997	0.772916666666667
48.0896060999994	0.772916666666667
48.1064618999999	0.772916666666667
48.1231291999993	0.772916666666667
48.1398338999998	0.772916666666667
48.1567019999993	0.772916666666667
48.1733385999996	0.772916666666667
48.1900784999998	0.772916666666667
48.2061736999995	0.772916666666667
48.2234492999996	0.772916666666667
48.2396247999995	0.772916666666667
48.2564281999994	0.772916666666667
48.2734713999998	0.772916666666667
48.2900919999993	0.772916666666667
48.3063309999998	0.772916666666667
48.3228772999992	0.772916666666667
48.3399452999993	0.772916666666667
48.3563010999997	0.772916666666667
48.3732999999993	0.772916666666667
48.3897147999996	0.772916666666667
48.4061480999999	0.772916666666667
48.4238088999991	0.772916666666667
48.4400871999997	0.772916666666667
48.4564144999995	0.772916666666667
48.4731266999997	0.772916666666667
48.4901514999992	0.772916666666667
48.5067448	0.772916666666667
48.5228398999998	0.772916666666667
48.5399350999996	0.772916666666667
48.5562852999992	0.772916666666667
48.5729714999998	0.772916666666667
48.5896828999994	0.772916666666667
48.6064209999995	0.772916666666667
48.6232483999993	0.772916666666667
48.6400351999991	0.772916666666667
48.6564300999999	0.772916666666667
48.6735082999994	0.772916666666667
48.6902873999998	0.772916666666667
48.7062655999998	0.772916666666667
48.7234720999995	0.772916666666667
48.7402617999996	0.772916666666667
48.7564071999996	0.772916666666667
48.7734961999995	0.772916666666667
48.7894646999994	0.772916666666667
48.8066880999995	0.772916666666667
48.8230151999996	0.772916666666667
48.8396104999993	0.772916666666667
48.8563746999998	0.772916666666667
48.8738320999992	0.772916666666667
48.8900950999996	0.772916666666667
48.9061627999999	0.772916666666667
48.9232107999997	0.772916666666667
48.9399934999992	0.772916666666667
48.9561719999992	0.772916666666667
48.9729464999991	0.772916666666667
48.9900081999995	0.772916666666667
49.0065203999993	0.772916666666667
49.0229307999998	0.772916666666667
49.0396420999996	0.772916666666667
49.0563053999995	0.772916666666667
49.0734103999994	0.772916666666667
49.0896928999991	0.772916666666667
49.1063353	0.772916666666667
49.1232136999997	0.772916666666667
49.1398393999998	0.772916666666667
49.1565230999995	0.772916666666667
49.1732178999991	0.772916666666667
49.1896793999995	0.772916666666667
49.2063077999992	0.772916666666667
49.2232936999999	0.772916666666667
49.2396347999993	0.772916666666667
49.2564334999997	0.772916666666667
49.2733776999994	0.772916666666667
49.2904552999998	0.772916666666667
49.3061462999995	0.772916666666667
49.3229966999997	0.772916666666667
49.3401507999997	0.772916666666667
49.3564164999998	0.772916666666667
49.3735695999994	0.772916666666667
49.3896778999997	0.772916666666667
49.4059086999996	0.772916666666667
49.4231938999992	0.772916666666667
49.4397973999994	0.772916666666667
49.4563384999992	0.772916666666667
49.4729606999999	0.772916666666667
49.4905471999991	0.772916666666667
49.5062131999994	0.772916666666667
49.5230800999998	0.772916666666667
49.5398983999994	0.772916666666667
49.5563319999992	0.772916666666667
49.5732566999995	0.772916666666667
49.5900780999991	0.772916666666667
49.6065472999999	0.772916666666667
49.6233208999993	0.772916666666667
49.6399797999993	0.772916666666667
49.6560335999993	0.772916666666667
49.6732245999992	0.772916666666667
49.6898488999996	0.772916666666667
49.7061721999999	0.772916666666667
49.7236932999995	0.772916666666667
49.7396402999993	0.772916666666667
49.7562069999994	0.772916666666667
49.7729811999998	0.772916666666667
49.7897291999998	0.772916666666667
49.8066440999992	0.772916666666667
49.8231251999996	0.772916666666667
49.8396725999992	0.772916666666667
49.8560056999995	0.772916666666667
49.8731056999995	0.772916666666667
49.8898740999994	0.772916666666667
49.9062728999997	0.772916666666667
49.9232914999993	0.772916666666667
49.9399380999994	0.772916666666667
49.9564184999999	0.772916666666667
49.9731554999998	0.772916666666667
49.9899048999996	0.772916666666667
50.0063521999991	0.772916666666667
50.0230863999996	0.772916666666667
50.0397413999999	0.772916666666667
50.0564064999999	0.772916666666667
50.0730942999999	0.772916666666667
50.0896074999991	0.772916666666667
50.1060944999999	0.772916666666667
50.1231802999991	0.772916666666667
50.1396805999993	0.772916666666667
50.1561399999991	0.772916666666667
50.1731916999997	0.772916666666667
50.1898575999994	0.772916666666667
50.2060175999995	0.772916666666667
50.2232329999997	0.772916666666667
50.2397506999996	0.772916666666667
50.2564594999994	0.772916666666667
50.273338	0.772916666666667
50.2898501999998	0.772916666666667
50.3064239999994	0.772916666666667
50.3232917999994	0.772916666666667
50.3395055999999	0.772916666666667
50.3560292999991	0.772916666666667
50.3728825999997	0.772916666666667
50.3897771999991	0.772916666666667
50.4059222999995	0.772916666666667
50.4230355999998	0.772916666666667
50.4396856999992	0.772916666666667
50.4563425999995	0.772916666666667
50.4732910999992	0.772916666666667
50.4901893999995	0.772916666666667
50.5062592999993	0.772916666666667
50.5229665999996	0.772916666666667
50.5398607999996	0.772916666666667
50.5560338999994	0.772916666666667
50.5733414999995	0.772916666666667
50.5895519999995	0.772916666666667
50.6061081999997	0.772916666666667
50.6228269999992	0.772916666666667
50.6396423999995	0.772916666666667
50.6562197999992	0.772916666666667
50.6729327999992	0.772916666666667
50.690294	0.772916666666667
50.7062311	0.772916666666667
50.7236029999995	0.772916666666667
50.7402649999995	0.772916666666667
50.7559411999991	0.772916666666667
50.7736840999996	0.772916666666667
50.7896080999999	0.772916666666667
50.8059841999993	0.772916666666667
50.8231682999995	0.772916666666667
50.8394354999991	0.772916666666667
50.8560292999991	0.772916666666667
50.8730256999997	0.772916666666667
50.8899935999998	0.772916666666667
50.9062483999996	0.772916666666667
50.9236821999993	0.772916666666667
50.9398361999993	0.772916666666667
50.9565547999991	0.772916666666667
50.9732889999996	0.772916666666667
50.9901999999993	0.772916666666667
51.0062939999998	0.772916666666667
51.0232960999992	0.772916666666667
51.0398689999993	0.772916666666667
51.0561448999997	0.797916666666667
51.0730633999992	0.797916666666667
51.0897728999998	0.797916666666667
51.1061783999994	0.797916666666667
51.1234471999996	0.80625
51.1400355999995	0.80625
51.1562611999998	0.80625
51.1734099999994	0.80625
51.1902154999998	0.80625
51.2060435999992	0.80625
51.2235332999999	0.80625
51.2394790999997	0.80625
51.2562936999993	0.80625
51.2731774999993	0.80625
51.2898891999994	0.80625
51.3062817	0.80625
51.3232817999997	0.80625
51.3400856999997	0.80625
51.3564833999999	0.80625
51.3731558999998	0.80625
51.3899075999998	0.80625
51.4065665999997	0.80625
51.4234828999997	0.814583333333333
51.4400089999999	0.814583333333333
51.4566043999994	0.814583333333333
51.4731970999992	0.814583333333333
51.4900438999994	0.814583333333333
51.5062246999996	0.814583333333333
51.5232468999993	0.814583333333333
51.5395019999996	0.814583333333333
51.5559492999992	0.814583333333333
51.5732265999995	0.814583333333333
51.5898611999992	0.814583333333333
51.6060858999999	0.814583333333333
51.6236184999998	0.814583333333333
51.6399904	0.814583333333333
51.6562110999994	0.814583333333333
51.6728379999995	0.814583333333333
51.6901615999996	0.814583333333333
51.7058799999995	0.814583333333333
51.7228689999993	0.814583333333333
51.7400215999996	0.814583333333333
51.7562429	0.814583333333333
51.7731710999997	0.814583333333333
51.7896125999996	0.814583333333333
51.8059692999996	0.814583333333333
51.8228933999999	0.814583333333333
51.8397404999996	0.814583333333333
51.8560255999992	0.814583333333333
51.8731337999998	0.814583333333333
51.8902399999997	0.814583333333333
51.9063222999994	0.814583333333333
51.9235364999995	0.822916666666667
51.9397645999998	0.822916666666667
51.9562602999995	0.83125
51.9731550999995	0.83125
51.9896120999992	0.83125
52.0063608999999	0.83125
52.0234579999997	0.83125
52.0395107999993	0.83125
52.0561319999997	0.83125
52.0732141999997	0.83125
52.0898305999999	0.83125
52.1063812999992	0.83125
52.1235385	0.83125
52.1401625999997	0.83125
52.1566776999998	0.83125
52.1731417999999	0.83125
52.1896867999994	0.83125
52.2064283999998	0.839583333333333
52.2228520999997	0.839583333333333
52.239552	0.839583333333333
52.2563511999997	0.839583333333333
52.2732471999998	0.848958333333333
52.2900057999996	0.848958333333333
52.3063490999994	0.848958333333333
52.3236576999998	0.848958333333333
52.339884	0.848958333333333
52.3560350999996	0.848958333333333
52.3732191999998	0.848958333333333
52.3900145999996	0.848958333333333
52.4063059	0.848958333333333
52.4230292999991	0.848958333333333
52.4394370999999	0.848958333333333
52.4559216999996	0.848958333333333
52.4731135999991	0.848958333333333
52.4895047	0.848958333333333
52.5059628999998	0.848958333333333
52.5231931999997	0.848958333333333
52.5397516999992	0.848958333333333
52.5563811999991	0.848958333333333
52.5731414999991	0.848958333333333
52.5895734999995	0.848958333333333
52.6065996999996	0.848958333333333
52.6233982999993	0.848958333333333
52.6399984999998	0.848958333333333
52.6563947999994	0.848958333333333
52.6731641999995	0.848958333333333
52.6900067999995	0.848958333333333
52.7059276	0.848958333333333
52.7231517999999	0.848958333333333
52.7394490999995	0.848958333333333
52.7562105999996	0.848958333333333
52.7731058999998	0.848958333333333
52.7901416999994	0.848958333333333
52.8062744999997	0.848958333333333
52.8229450999997	0.848958333333333
52.8398455999995	0.848958333333333
52.8561946	0.848958333333333
52.8727793999997	0.848958333333333
52.8898893999994	0.848958333333333
52.9058388999993	0.848958333333333
52.9230946999996	0.848958333333333
52.9397168999994	0.848958333333333
52.9562629999991	0.848958333333333
52.9727900999997	0.848958333333333
52.9897036999992	0.848958333333333
53.0061894999999	0.848958333333333
53.0231796999997	0.848958333333333
53.0397761999993	0.848958333333333
53.0559142999991	0.848958333333333
53.0729546999992	0.848958333333333
53.0895774999999	0.848958333333333
53.1059573999992	0.848958333333333
53.1228291999996	0.848958333333333
53.1397418999995	0.848958333333333
53.1562392999995	0.848958333333333
53.1731354999993	0.848958333333333
53.1897457999994	0.848958333333333
53.2059193999994	0.848958333333333
53.2234507999992	0.848958333333333
53.2397604999996	0.848958333333333
53.2562086999997	0.848958333333333
53.2731838	0.848958333333333
53.2896750999998	0.848958333333333
53.3059929999999	0.848958333333333
53.3232384999992	0.848958333333333
53.3396339999999	0.848958333333333
53.3560412999996	0.848958333333333
53.3734607999995	0.848958333333333
53.3894384999994	0.848958333333333
53.4058406999993	0.848958333333333
53.4233261999998	0.848958333333333
53.4397483999992	0.848958333333333
53.4562355999997	0.848958333333333
53.4734179999996	0.848958333333333
53.4898245999993	0.848958333333333
53.5064982999993	0.848958333333333
53.5233439999993	0.848958333333333
53.5396572999998	0.848958333333333
53.5562631999992	0.848958333333333
53.5728884	0.848958333333333
53.5897667999998	0.848958333333333
53.6061756999998	0.848958333333333
53.6227667999992	0.848958333333333
53.6397486999995	0.848958333333333
53.6564314999996	0.848958333333333
53.6729352999992	0.848958333333333
53.6898425999998	0.848958333333333
53.7062788999992	0.848958333333333
53.7232160999993	0.848958333333333
53.7396306999999	0.848958333333333
53.7561175999999	0.848958333333333
53.7730445999996	0.848958333333333
53.7897191999991	0.848958333333333
53.8059335999997	0.848958333333333
53.8232953999996	0.848958333333333
53.8395786999999	0.848958333333333
53.8560992999992	0.848958333333333
53.8727250999991	0.848958333333333
53.8898525999994	0.848958333333333
53.9062827999996	0.848958333333333
53.9232648999996	0.848958333333333
53.9401866999997	0.848958333333333
53.9565835999992	0.848958333333333
53.9727305999995	0.848958333333333
53.9899929999992	0.848958333333333
54.0061514999998	0.848958333333333
54.0230908999993	0.848958333333333
54.0395997999995	0.848958333333333
54.0563409999995	0.848958333333333
54.0730047999996	0.848958333333333
54.0896378999996	0.848958333333333
54.1062030999992	0.848958333333333
54.1226447999998	0.848958333333333
54.1393155999995	0.848958333333333
54.1560761999999	0.848958333333333
54.1731066999992	0.848958333333333
54.1894379999994	0.848958333333333
54.2062693999997	0.848958333333333
54.2231925999995	0.848958333333333
54.2391615999995	0.848958333333333
54.2564176999995	0.848958333333333
54.2726763999999	0.848958333333333
54.2893919999997	0.848958333333333
54.3059329999996	0.848958333333333
54.3235313999994	0.848958333333333
54.3395968999994	0.848958333333333
54.3562003999996	0.848958333333333
54.3727403999992	0.848958333333333
54.3897388999994	0.848958333333333
54.4064137999994	0.848958333333333
54.4228905	0.848958333333333
54.4398916999999	0.848958333333333
54.4563716999992	0.848958333333333
54.4731598999997	0.848958333333333
54.4898665999999	0.848958333333333
54.5062492999996	0.848958333333333
54.5231328	0.848958333333333
54.5393160999993	0.848958333333333
54.5562445999994	0.848958333333333
54.5728378999993	0.848958333333333
54.5893220999997	0.848958333333333
54.6061689999997	0.848958333333333
54.6230161999993	0.848958333333333
54.6398425999996	0.848958333333333
54.6563282999996	0.848958333333333
54.6733539999996	0.848958333333333
54.6895406999993	0.848958333333333
54.7059782999995	0.848958333333333
54.7226800999997	0.848958333333333
54.7400849999995	0.848958333333333
54.7563972999997	0.848958333333333
54.7733612999991	0.848958333333333
54.7895507999992	0.848958333333333
54.8063296999999	0.841666666666667
54.8226860999994	0.841666666666667
54.8397397999997	0.841666666666667
54.8565025999997	0.833333333333333
54.8727912999993	0.833333333333333
54.8893969999999	0.833333333333333
54.9066417999993	0.833333333333333
54.9228770999998	0.833333333333333
54.9396811999995	0.833333333333333
54.9564363999998	0.833333333333333
54.9733131999992	0.833333333333333
54.9896993999992	0.833333333333333
55.0062155999995	0.833333333333333
55.0227418999993	0.833333333333333
55.0395942999994	0.833333333333333
55.0562133999993	0.833333333333333
55.0730682999992	0.833333333333333
55.0893478999997	0.833333333333333
55.1057946999999	0.833333333333333
55.1233335999996	0.833333333333333
55.1398614999998	0.833333333333333
55.1559665999994	0.833333333333333
55.1733692999996	0.833333333333333
55.1897053999992	0.833333333333333
55.2063212999992	0.833333333333333
55.2230870999992	0.833333333333333
55.2398260999998	0.833333333333333
55.2562068999996	0.833333333333333
55.2729299999992	0.833333333333333
55.2893322	0.833333333333333
55.3059392999994	0.833333333333333
55.3230773999994	0.833333333333333
55.3398053999999	0.833333333333333
55.3562967999997	0.833333333333333
55.3735022999999	0.833333333333333
55.3895614999992	0.833333333333333
55.4057275999994	0.833333333333333
55.4231295	0.833333333333333
55.4396813999992	0.833333333333333
55.4563436999997	0.833333333333333
55.4730585999996	0.833333333333333
55.4897096999994	0.833333333333333
55.5061989999995	0.833333333333333
55.5230110999992	0.833333333333333
55.5396608999999	0.833333333333333
55.5562723999992	0.833333333333333
55.5734144999997	0.833333333333333
55.5898500999992	0.833333333333333
55.6061163999993	0.833333333333333
55.6230106999992	0.833333333333333
55.6396441999996	0.833333333333333
55.6566121999995	0.833333333333333
55.6730551999999	0.833333333333333
55.6896846999998	0.833333333333333
55.7057539999996	0.833333333333333
55.7226213999993	0.833333333333333
55.7396684999994	0.833333333333333
55.7561905999992	0.833333333333333
55.7729936999995	0.833333333333333
55.7898754999997	0.833333333333333
55.8063570999993	0.833333333333333
55.8232543999993	0.833333333333333
55.8395557999993	0.833333333333333
55.8559753	0.833333333333333
55.8728852999993	0.833333333333333
55.8896939999995	0.833333333333333
55.9059215999996	0.833333333333333
55.9230085999998	0.833333333333333
55.9395181999998	0.833333333333333
55.9561807999999	0.833333333333333
55.9729115999999	0.833333333333333
55.9891000999996	0.833333333333333
56.0059341999995	0.833333333333333
56.0228734999992	0.833333333333333
56.0394503999996	0.833333333333333
56.0559125999998	0.833333333333333
56.0731083999999	0.833333333333333
56.0896368999993	0.833333333333333
56.1067702999999	0.833333333333333
56.1224205999997	0.833333333333333
56.1397122999997	0.833333333333333
56.1559474999995	0.833333333333333
56.1728536999999	0.833333333333333
56.1894014999998	0.833333333333333
56.2061994999995	0.833333333333333
56.2227309	0.833333333333333
56.2401035999992	0.840625
56.2565778999997	0.848958333333333
56.2731292999997	0.848958333333333
56.2892094999997	0.848958333333333
56.3061700999997	0.848958333333333
56.3234404999994	0.848958333333333
56.3398091999998	0.848958333333333
56.3559237999998	0.848958333333333
56.3730154999994	0.848958333333333
56.3893908999999	0.848958333333333
56.4061835999992	0.848958333333333
56.4229406999993	0.848958333333333
56.4396218999991	0.848958333333333
56.4564541	0.848958333333333
56.4726787	0.848958333333333
56.4896956999992	0.873958333333333
56.5060457999998	0.882291666666667
56.5225912999995	0.882291666666667
56.5395902999999	0.891666666666667
56.5561376999995	0.891666666666667
56.5731787999994	0.891666666666667
56.5896395	0.891666666666667
56.6062305999994	0.891666666666667
56.6230165999996	0.891666666666667
56.6396417999995	0.891666666666667
56.6562763999991	0.891666666666667
56.6724563999996	0.891666666666667
56.6899061999993	0.891666666666667
56.7063536999995	0.891666666666667
56.7227522999992	0.891666666666667
56.7398991999999	0.891666666666667
56.7561997999992	0.891666666666667
56.7726176999995	0.891666666666667
56.7898691999999	0.891666666666667
56.8059705999995	0.891666666666667
56.8230540999994	0.891666666666667
56.8392375999993	0.891666666666667
56.8562196999992	0.891666666666667
56.8730164999997	0.891666666666667
56.8896186999991	0.891666666666667
56.9062333999991	0.891666666666667
56.9231037	0.891666666666667
56.9396467999995	0.891666666666667
56.9562073999996	0.891666666666667
56.9731858999994	0.891666666666667
56.9900507999992	0.891666666666667
57.0061265999993	0.891666666666667
57.0231207999996	0.891666666666667
57.0396504999999	0.891666666666667
57.0561399999997	0.891666666666667
57.0730145999996	0.891666666666667
57.0895934999999	0.891666666666667
57.1061389999995	0.891666666666667
57.1229455999992	0.891666666666667
57.1395235999998	0.891666666666667
57.1562273999998	0.891666666666667
57.1731798999999	0.891666666666667
57.1892676999996	0.891666666666667
57.2065692999995	0.891666666666667
57.2230229999996	0.891666666666667
57.2395626999996	0.891666666666667
57.2563321999996	0.891666666666667
57.2725923999997	0.891666666666667
57.2894538999999	0.891666666666667
57.3061359999992	0.891666666666667
57.3227973999992	0.891666666666667
57.3392477999996	0.891666666666667
57.3561663999999	0.891666666666667
57.3731375999996	0.891666666666667
57.3896568999999	0.891666666666667
57.4060087999997	0.891666666666667
57.4229277999993	0.891666666666667
57.4396662999998	0.891666666666667
57.4565399999992	0.891666666666667
57.4731377999997	0.891666666666667
57.4897462999998	0.891666666666667
57.5061233999995	0.891666666666667
57.5229426999995	0.891666666666667
57.5391561999995	0.891666666666667
57.5558689	0.891666666666667
57.5728334999994	0.891666666666667
57.5891928999999	0.891666666666667
57.6057547999999	0.891666666666667
57.6227051999995	0.891666666666667
57.6395287999994	0.891666666666667
57.6562388999992	0.891666666666667
57.6727988999992	0.891666666666667
57.6893795999995	0.891666666666667
57.7062182	0.891666666666667
57.7228730999996	0.891666666666667
57.7393036999993	0.891666666666667
57.7559253999998	0.891666666666667
57.7729815999992	0.891666666666667
57.7893445999998	0.891666666666667
57.8058979999996	0.891666666666667
57.8227517999994	0.891666666666667
57.8394904999996	0.891666666666667
57.8559344999994	0.891666666666667
57.8731207999999	0.891666666666667
57.8892529999994	0.891666666666667
57.9064082999994	0.891666666666667
57.9231991999995	0.891666666666667
57.9397315999995	0.891666666666667
57.9559984999996	0.891666666666667
57.9730101999994	0.891666666666667
57.9894441999995	0.891666666666667
58.0060715999998	0.891666666666667
58.0227070999999	0.891666666666667
58.0395651999997	0.891666666666667
58.0563078999994	0.891666666666667
58.0732372999992	0.891666666666667
58.0895561999996	0.891666666666667
58.1062475999997	0.891666666666667
58.1233456999998	0.891666666666667
58.1397190999996	0.891666666666667
58.1564458999992	0.891666666666667
58.1730960999994	0.891666666666667
58.1896041	0.891666666666667
58.2062337999996	0.891666666666667
58.2229214999998	0.891666666666667
58.2396140999999	0.883333333333333
58.2561372999999	0.883333333333333
58.2722945999994	0.883333333333333
58.2892255999996	0.875
58.3062045999995	0.875
58.3231164999997	0.875
58.3395702999997	0.875
58.3562294999992	0.875
58.3733206999996	0.875
58.3896922999993	0.875
58.4060936999995	0.875
58.4230524999994	0.875
58.4394963999994	0.875
58.4560250999994	0.875
58.4725871999999	0.875
58.4893780999992	0.875
58.5059888999995	0.875
58.5224223999994	0.875
58.5395521999999	0.875
58.5561277999996	0.875
58.5726515999995	0.875
58.5895158999992	0.866666666666667
58.6061834999991	0.858333333333333
58.6229136999991	0.858333333333333
58.6394166999999	0.858333333333333
58.6560560999997	0.858333333333333
58.6727814999995	0.858333333333333
58.6894975999994	0.858333333333333
58.7062549999991	0.85
58.7229806999994	0.85
58.7395485999996	0.841666666666667
58.7558076999994	0.841666666666667
58.7730370999998	0.841666666666667
58.7895054999999	0.841666666666667
58.8060447999997	0.833333333333333
58.8230328	0.825
58.8393262999998	0.825
58.8563226999995	0.825
58.8731786999997	0.825
58.8897578999995	0.825
58.9064152999999	0.816666666666667
58.9229338999994	0.808333333333333
58.9390649999996	0.808333333333333
58.9559257999999	0.808333333333333
58.9729255999991	0.808333333333333
58.9888892999998	0.808333333333333
59.0068554999998	0.808333333333333
59.0226939999993	0.808333333333333
59.0392394999999	0.808333333333333
59.0561463999993	0.808333333333333
59.0732700999997	0.791666666666667
59.0895174999996	0.791666666666667
59.1063893999999	0.791666666666667
59.1230481999992	0.791666666666667
59.1395315	0.791666666666667
59.1561109999993	0.791666666666667
59.1729059999998	0.791666666666667
59.1890143999999	0.791666666666667
59.2061202999994	0.791666666666667
59.2229934999996	0.791666666666667
59.2394287999996	0.791666666666667
59.2563191999998	0.791666666666667
59.2730857999995	0.791666666666667
59.2897707999991	0.791666666666667
59.3061070999993	0.791666666666667
59.3231804999996	0.783333333333333
59.3395767999991	0.783333333333333
59.3564710999999	0.775
59.3730108999998	0.775
59.3892326999994	0.775
59.4057457999997	0.775
59.4222974999993	0.775
59.4393797999992	0.775
59.4565422999995	0.766666666666667
59.4729920999998	0.766666666666667
59.4897235999997	0.766666666666667
59.5066402999992	0.766666666666667
59.5227309999991	0.766666666666667
59.5396106999997	0.766666666666667
59.5561619	0.757291666666667
59.5733054999992	0.747916666666667
59.5895756	0.747916666666667
59.6061448999999	0.747916666666667
59.6230871999996	0.739583333333333
59.6392146999997	0.739583333333333
59.6559189999998	0.739583333333333
59.6728144999997	0.739583333333333
59.6889892999998	0.739583333333333
59.7059233	0.739583333333333
59.7230462999996	0.739583333333333
59.7390694999995	0.739583333333333
59.7559243999995	0.739583333333333
59.7727209999994	0.739583333333333
59.7892186999998	0.739583333333333
59.8058798999991	0.739583333333333
59.8231331999996	0.739583333333333
59.8394753999992	0.739583333333333
59.8560699999998	0.739583333333333
59.8727512999994	0.739583333333333
59.8891308999991	0.739583333333333
59.9060228999997	0.739583333333333
59.9230780999997	0.73125
59.9397090999992	0.73125
59.9560498999999	0.73125
59.9724387999995	0.73125
59.9891024999997	0.73125
60.0057022999999	0.73125
60.0227752999999	0.73125
60.0394815999998	0.73125
60.0560252999994	0.73125
60.0724025	0.73125
60.0893749999996	0.73125
60.1059962999998	0.73125
60.1227642999993	0.73125
60.1391491999993	0.73125
60.1560434999992	0.73125
60.1724273999998	0.73125
60.1893108999993	0.73125
60.2062519999999	0.73125
60.2226736999992	0.73125
60.2389932999995	0.73125
60.2565545999996	0.73125
60.2726506999998	0.73125
60.2893791999995	0.73125
60.3061441999998	0.73125
60.3229217999997	0.73125
60.3389414999992	0.73125
60.3560453999999	0.73125
60.3728180999997	0.73125
60.3892538	0.73125
60.4060487999996	0.73125
60.4224400999992	0.73125
60.4394380999993	0.73125
60.4561481999999	0.73125
60.4732153999994	0.73125
60.489345	0.73125
60.5062699999999	0.73125
60.5228600999999	0.73125
60.5389249999998	0.73125
60.5556956999999	0.73125
60.5725856999998	0.73125
60.5888777999999	0.73125
60.6061978999996	0.73125
60.6231258999996	0.73125
60.6394027999995	0.73125
60.6557589999993	0.73125
60.6727109999993	0.73125
60.6895212999998	0.73125
60.7061650999995	0.73125
60.7229213999999	0.73125
60.7402702999998	0.73125
60.7563323999993	0.73125
60.7730530999997	0.73125
60.7892407999998	0.73125
60.8059378999997	0.73125
60.8224923999996	0.73125
60.8395518999996	0.73125
60.8560423999998	0.73125
60.8728766999993	0.73125
60.8896766999997	0.73125
60.9059890999997	0.73125
60.9229462999992	0.73125
60.9394042999993	0.73125
60.9560878999991	0.73125
60.9730458999993	0.722916666666667
60.9893355999993	0.722916666666667
61.0060959999992	0.722916666666667
61.0229243999993	0.722916666666667
61.0393300999995	0.722916666666667
61.0559338999992	0.722916666666667
61.0727754999998	0.722916666666667
61.0889551999999	0.722916666666667
61.1060932999999	0.722916666666667
61.1228723999993	0.722916666666667
61.1390478999992	0.722916666666667
61.1560305999992	0.722916666666667
61.1728182999996	0.722916666666667
61.1892880999994	0.722916666666667
61.2064087999997	0.722916666666667
61.2231262999994	0.722916666666667
61.2389351999991	0.722916666666667
61.2561827	0.722916666666667
61.2726212999996	0.722916666666667
61.2888363999991	0.722916666666667
61.3062375	0.722916666666667
61.3225004999995	0.722916666666667
61.3391304999996	0.722916666666667
61.3559270999995	0.722916666666667
61.3729567999999	0.722916666666667
61.3890748999993	0.722916666666667
61.4061161	0.722916666666667
61.4231422999992	0.722916666666667
61.4401452999991	0.722916666666667
61.4560551999994	0.722916666666667
61.4726006999999	0.722916666666667
61.4898595999994	0.722916666666667
61.5058609999996	0.722916666666667
61.5230118999998	0.722916666666667
61.5391900999994	0.722916666666667
61.5560698999998	0.722916666666667
61.5725416999994	0.722916666666667
61.5892928999992	0.722916666666667
61.6057340999996	0.722916666666667
61.6226549999992	0.722916666666667
61.6394600999993	0.722916666666667
61.6559400999995	0.722916666666667
61.6729485999995	0.722916666666667
61.6894091999993	0.722916666666667
61.7061406999992	0.722916666666667
61.7230197999997	0.722916666666667
61.7394114999997	0.722916666666667
61.7559590999999	0.722916666666667
61.772825	0.722916666666667
61.7893032999991	0.722916666666667
61.8059064999998	0.722916666666667
61.8229489999994	0.722916666666667
61.8393792999996	0.722916666666667
61.8556675999998	0.722916666666667
61.8725560999992	0.722916666666667
61.8896294999995	0.722916666666667
61.9058740999999	0.722916666666667
61.9231486999997	0.722916666666667
61.9393588999992	0.722916666666667
61.9560812999998	0.722916666666667
61.9729916999995	0.722916666666667
61.9894328999999	0.722916666666667
62.0057258999996	0.722916666666667
62.0228283999995	0.722916666666667
62.0392980999995	0.722916666666667
62.0558069999997	0.722916666666667
62.0727787999995	0.722916666666667
62.0898928999995	0.722916666666667
62.1056931999992	0.722916666666667
62.1225799999993	0.722916666666667
62.1393758999993	0.722916666666667
62.1562289999993	0.722916666666667
62.1727908999992	0.722916666666667
62.1893616999996	0.722916666666667
62.2057241999992	0.722916666666667
62.2226600999993	0.722916666666667
62.2390571999995	0.722916666666667
62.2562589999998	0.722916666666667
62.2725367999992	0.722916666666667
62.2899125999993	0.722916666666667
62.3059592	0.722916666666667
62.3229242999996	0.722916666666667
62.3394751999995	0.722916666666667
62.3561240999998	0.722916666666667
62.3725130999992	0.722916666666667
62.3892741	0.722916666666667
62.4056621999998	0.722916666666667
62.4227628999997	0.722916666666667
62.4394353999996	0.722916666666667
62.4562050999994	0.722916666666667
62.4723600999996	0.722916666666667
62.4894095	0.722916666666667
62.5058647999995	0.722916666666667
62.5222953999992	0.722916666666667
62.5392126999996	0.722916666666667
62.5561259999995	0.722916666666667
62.5724171999991	0.722916666666667
62.5894438999994	0.722916666666667
62.6061056999997	0.722916666666667
62.6226390999991	0.722916666666667
62.6394289999998	0.722916666666667
62.6564123999997	0.722916666666667
62.6728553999992	0.722916666666667
62.6894540999992	0.722916666666667
62.7060235999998	0.722916666666667
62.7230215999998	0.722916666666667
62.7393357999999	0.722916666666667
62.7559408999996	0.722916666666667
62.7726137	0.722916666666667
62.7893982999994	0.722916666666667
62.8057663	0.722916666666667
62.8225981999994	0.722916666666667
62.8395179999998	0.722916666666667
62.8560849999994	0.722916666666667
62.8728029999993	0.722916666666667
62.8892804999996	0.722916666666667
62.9061163999995	0.722916666666667
62.9227992999995	0.722916666666667
62.9388381999997	0.722916666666667
62.9557540999995	0.722916666666667
62.9727559999992	0.722916666666667
62.9892115999992	0.722916666666667
63.0060213999996	0.722916666666667
63.0225320999998	0.722916666666667
63.0390416999999	0.722916666666667
63.0564861999992	0.722916666666667
63.0724231999993	0.722916666666667
63.0895866999999	0.722916666666667
63.1060258999996	0.722916666666667
63.1230769999993	0.722916666666667
63.1396691	0.722916666666667
63.1560082999995	0.722916666666667
63.1727552999992	0.722916666666667
63.1891042999996	0.722916666666667
63.2055805	0.722916666666667
63.2228937999998	0.722916666666667
63.2392728999994	0.722916666666667
63.2561317999998	0.722916666666667
63.2729142999997	0.722916666666667
63.2892970999992	0.722916666666667
63.3059850999998	0.722916666666667
63.3224365999995	0.722916666666667
63.3391738999999	0.722916666666667
63.3557492999998	0.722916666666667
63.3726902999997	0.722916666666667
63.3893181999993	0.722916666666667
63.4056092999999	0.722916666666667
63.4226730999999	0.722916666666667
63.4392737999997	0.722916666666667
63.4561815999996	0.722916666666667
63.4729382999994	0.722916666666667
63.4898285999998	0.722916666666667
63.5055074999991	0.722916666666667
63.5224707999996	0.722916666666667
63.5394698999999	0.722916666666667
63.5560759	0.722916666666667
63.5728061999998	0.722916666666667
63.5896015999997	0.722916666666667
63.6058684999998	0.722916666666667
63.6223691999994	0.722916666666667
63.6389568999994	0.722916666666667
63.6557164999995	0.722916666666667
63.6721563999999	0.722916666666667
63.6892457999993	0.722916666666667
63.7059454999999	0.722916666666667
63.7223440999996	0.722916666666667
63.7397091999992	0.722916666666667
63.7556097999995	0.722916666666667
63.7726044999999	0.722916666666667
63.7890871	0.722916666666667
63.8060845	0.722916666666667
63.8228331999999	0.722916666666667
63.8393778	0.722916666666667
63.8558801999998	0.722916666666667
63.8726477999999	0.722916666666667
63.8892125999992	0.722916666666667
63.9060215	0.722916666666667
63.9225723	0.722916666666667
63.9393857999994	0.722916666666667
63.9554478	0.722916666666667
63.9721618999993	0.722916666666667
63.9889568999997	0.722916666666667
64.0059228	0.722916666666667
64.0229420999995	0.722916666666667
64.0394029999998	0.722916666666667
64.0564125999999	0.722916666666667
64.0724940999999	0.722916666666667
64.0890584999997	0.722916666666667
64.1062586999997	0.722916666666667
64.1226264999996	0.722916666666667
64.1393206999992	0.722916666666667
64.1556140999992	0.722916666666667
64.1727708999997	0.722916666666667
64.1892789999993	0.722916666666667
64.2060094999997	0.722916666666667
64.2228442999995	0.722916666666667
64.2393187999996	0.722916666666667
64.2563248999995	0.722916666666667
64.2767494	0.722916666666667
64.2888428999995	0.722916666666667
64.3061204999995	0.722916666666667
64.3229590999999	0.722916666666667
64.3393686999998	0.722916666666667
64.3556699999999	0.722916666666667
64.3722750999996	0.722916666666667
64.3889939999999	0.722916666666667
64.4059505999994	0.722916666666667
64.4224297999999	0.722916666666667
64.4392621999996	0.722916666666667
64.4559300999999	0.722916666666667
64.4728779999996	0.722916666666667
64.4896669	0.722916666666667
64.5060517999991	0.722916666666667
64.5225972999997	0.722916666666667
64.5393949999998	0.722916666666667
64.5560237999998	0.722916666666667
64.5728842999997	0.722916666666667
64.5889822999998	0.722916666666667
64.6060340999993	0.722916666666667
64.6222959999996	0.722916666666667
64.6390121999993	0.722916666666667
64.6557153999993	0.722916666666667
64.6723304999996	0.722916666666667
64.6894730999993	0.722916666666667
64.7059340999995	0.722916666666667
64.7228468999992	0.722916666666667
64.7393936999997	0.722916666666667
64.7562908999998	0.722916666666667
64.7726398999994	0.722916666666667
64.7888717999995	0.722916666666667
64.8061376999995	0.722916666666667
64.8227972999994	0.722916666666667
64.8391703999996	0.722916666666667
64.8560444999994	0.722916666666667
64.8728993999994	0.722916666666667
64.8893474999995	0.722916666666667
64.9057850999998	0.722916666666667
64.9227045999996	0.722916666666667
64.9393391999993	0.722916666666667
64.9561191999992	0.722916666666667
64.9729390999992	0.722916666666667
64.9893695999999	0.722916666666667
65.0058337999999	0.722916666666667
65.0229207999992	0.722916666666667
65.0392594999994	0.722916666666667
65.0558788999997	0.722916666666667
65.0728899999995	0.722916666666667
65.0893707999994	0.722916666666667
65.1061321999996	0.722916666666667
65.1228475999997	0.722916666666667
65.1392608999995	0.722916666666667
65.1557286999996	0.722916666666667
65.1728894999997	0.722916666666667
65.1892851999992	0.722916666666667
65.2058404999998	0.722916666666667
65.2225787999996	0.722916666666667
65.2393508999994	0.722916666666667
65.2560356999993	0.722916666666667
65.2728008999993	0.722916666666667
65.2889460999995	0.722916666666667
65.3056483999999	0.722916666666667
65.3228835999998	0.722916666666667
65.3392897999993	0.722916666666667
65.3559532999998	0.722916666666667
65.3723861999997	0.722916666666667
65.3893573999994	0.722916666666667
65.4060033999995	0.722916666666667
65.4225148999994	0.722916666666667
65.4396407999993	0.722916666666667
65.4559997999995	0.722916666666667
65.4727475999998	0.722916666666667
65.4893313999992	0.722916666666667
65.5058981999991	0.722916666666667
65.5227433	0.722916666666667
65.5393781999992	0.722916666666667
65.5556150999992	0.722916666666667
65.5727657999996	0.722916666666667
65.5898109999998	0.722916666666667
65.6060933999997	0.722916666666667
65.6226766999998	0.722916666666667
65.6394851999994	0.722916666666667
65.6561353999996	0.722916666666667
65.6756466999996	0.722916666666667
65.6925638999992	0.722916666666667
65.7085242999992	0.722916666666667
65.7255868999991	0.722916666666667
65.7413821	0.722916666666667
65.7589553999996	0.722916666666667
65.7753204999999	0.722916666666667
65.7919738999999	0.722916666666667
65.8098667999993	0.722916666666667
65.8265816999992	0.722916666666667
65.8425718999997	0.722916666666667
65.8595317999998	0.722916666666667
65.8817242999994	0.722916666666667
65.8971146999993	0.722916666666667
65.9076934999994	0.722916666666667
65.9222639	0.722916666666667
65.9386378999998	0.722916666666667
65.9560445999996	0.722916666666667
65.9724295999995	0.722916666666667
65.9892063999996	0.722916666666667
66.0058153	0.722916666666667
66.0226164999995	0.722916666666667
66.0392278999998	0.722916666666667
66.0556463999992	0.722916666666667
66.0726089	0.722916666666667
66.0892908999995	0.722916666666667
66.1057701	0.722916666666667
66.1226266999993	0.722916666666667
66.1392833999998	0.722916666666667
66.1561898999998	0.722916666666667
66.1726123999997	0.722916666666667
66.1894338999991	0.722916666666667
66.2058886999994	0.722916666666667
66.2226729999993	0.722916666666667
66.2391398999998	0.722916666666667
66.2562252999996	0.722916666666667
66.2724862999994	0.722916666666667
66.2894326999995	0.722916666666667
66.3056548999994	0.722916666666667
66.3225275999994	0.722916666666667
66.3395038999997	0.722916666666667
66.3560782999994	0.722916666666667
66.3725918	0.722916666666667
66.3893836999996	0.722916666666667
66.4061736999993	0.722916666666667
66.4226084999991	0.722916666666667
66.4393154999998	0.722916666666667
66.4559302999996	0.722916666666667
66.4724527999997	0.722916666666667
66.4889755999993	0.722916666666667
66.5057198999993	0.722916666666667
66.5225542999997	0.722916666666667
66.5390874999994	0.722916666666667
66.5557128999999	0.722916666666667
66.5729576999993	0.722916666666667
66.5894347999993	0.722916666666667
66.6059108999998	0.722916666666667
66.6225489999997	0.722916666666667
66.6391200999997	0.722916666666667
66.6558997999991	0.722916666666667
66.6727368999991	0.722916666666667
66.6889156999996	0.722916666666667
66.7059369999997	0.722916666666667
66.7224667999999	0.722916666666667
66.7391897999996	0.722916666666667
66.7557018999996	0.722916666666667
66.7722184999993	0.722916666666667
66.7892055999991	0.722916666666667
66.8057864999992	0.722916666666667
66.8232369999996	0.722916666666667
66.8390910999997	0.722916666666667
66.8555601999997	0.722916666666667
66.8727996999996	0.722916666666667
66.8895002999998	0.722916666666667
66.9060327999996	0.722916666666667
66.9230005999998	0.722916666666667
66.9388118999996	0.722916666666667
66.9556581999996	0.722916666666667
66.9725147999998	0.722916666666667
66.9893821999995	0.722916666666667
67.0056949	0.722916666666667
67.0223588999997	0.722916666666667
67.0389775999993	0.722916666666667
67.0558683999998	0.722916666666667
67.0725437999999	0.722916666666667
67.0892707999992	0.722916666666667
67.1056859999999	0.722916666666667
67.1221845	0.722916666666667
67.1390293999993	0.722916666666667
67.156043	0.722916666666667
67.1726542999995	0.722916666666667
67.1894901999995	0.730208333333333
67.2058078999999	0.757291666666667
67.2230264999998	0.782291666666667
67.2394613999995	0.782291666666667
67.2562767999998	0.8
67.2730464999995	0.8
67.2896021999995	0.8
67.3060138999999	0.8
67.3225216999999	0.8
67.3394732999996	0.8
67.3558877999994	0.8
67.3724974999996	0.8
67.3893145999991	0.8
67.4058695999993	0.8
67.4225617999991	0.8
67.4391992999999	0.8
67.4557656999996	0.8
67.4722839999995	0.8
67.4886615999994	0.8
67.5056916999993	0.8
67.5224257999998	0.8
67.5395988999999	0.8
67.5559463999998	0.8
67.5725265999999	0.8
67.5892537999998	0.8
67.6058974999996	0.8
67.6225030999994	0.8
67.6391833999996	0.8
67.6557467999992	0.8
67.6726682999997	0.808333333333333
67.6894616999998	0.808333333333333
67.7057880999992	0.817708333333333
67.7222568999996	0.817708333333333
67.7394568999998	0.817708333333333
67.7556061999994	0.817708333333333
67.7722320999992	0.817708333333333
67.7893556999998	0.817708333333333
67.8057529999996	0.817708333333333
67.8227518999993	0.817708333333333
67.8395838999995	0.817708333333333
67.8557918999995	0.817708333333333
67.8721210999993	0.817708333333333
67.8890327999998	0.817708333333333
67.9057123999992	0.817708333333333
67.9224460999994	0.817708333333333
67.9393227999999	0.817708333333333
67.9560229999997	0.817708333333333
67.9721751999996	0.817708333333333
67.9893738999999	0.817708333333333
68.0056685999998	0.817708333333333
68.0224016999991	0.817708333333333
68.0405440999994	0.817708333333333
68.0557702999995	0.817708333333333
68.0724382999997	0.817708333333333
68.0894512999994	0.817708333333333
68.1059231999998	0.817708333333333
68.1223913999993	0.817708333333333
68.1390777999995	0.817708333333333
68.1559024999997	0.817708333333333
68.1721302999995	0.817708333333333
68.1894021999997	0.817708333333333
68.2061527999995	0.817708333333333
68.2225490999999	0.817708333333333
68.2392532999993	0.817708333333333
68.2562162999993	0.817708333333333
68.2727261	0.817708333333333
68.2895622999995	0.809375
68.3060384999999	0.8
68.3227901999999	0.790625
68.3389709999992	0.772916666666667
68.3563617	0.744791666666667
68.3726241999993	0.719791666666667
68.3896103999996	0.703125
68.4055517999996	0.703125
68.4227182999994	0.667708333333333
68.4394122999993	0.659375
68.4557594999997	0.65
68.4723971999993	0.65
68.4892999999993	0.65
68.5059265999998	0.65
68.5225056999998	0.65
68.5388234999991	0.65
68.5556273999991	0.65
68.5719886999996	0.65
68.5892680999996	0.65
68.6059018999995	0.65
68.6221180999992	0.65
68.6388274999999	0.65
68.6560919999993	0.65
68.6726376999995	0.657291666666667
68.6894218999996	0.657291666666667
68.7063898999995	0.657291666666667
68.7223625999995	0.657291666666667
68.7391356999997	0.657291666666667
68.7558221999998	0.657291666666667
68.7720085999999	0.657291666666667
68.7889785999996	0.657291666666667
68.8052914	0.657291666666667
68.8225917	0.657291666666667
68.8391906999996	0.657291666666667
68.8556523999996	0.657291666666667
68.8723522999999	0.657291666666667
68.8888588999998	0.657291666666667
68.9060836999997	0.657291666666667
68.9224845999997	0.657291666666667
68.9393123	0.657291666666667
68.9558678999992	0.657291666666667
68.9721382999996	0.657291666666667
68.9891973999993	0.657291666666667
69.0056349999995	0.657291666666667
69.0221012999991	0.657291666666667
69.0388035999995	0.657291666666667
69.0559377999998	0.657291666666667
69.0721310999998	0.665625
69.0894943999992	0.673958333333333
69.1057241999997	0.673958333333333
69.1224687999993	0.682291666666667
69.1395797999994	0.690625
69.1558243999998	0.690625
69.1727127999993	0.698958333333333
69.1896089999991	0.716666666666667
69.2058307999996	0.725
69.2227639999992	0.742708333333333
69.2393765999996	0.742708333333333
69.2560421999997	0.742708333333333
69.2725501999994	0.752083333333333
69.2889730999996	0.760416666666667
69.3058855999998	0.760416666666667
69.3226400999993	0.76875
69.3390405	0.777083333333333
69.3558294999993	0.777083333333333
69.3725007999992	0.785416666666667
69.3894265999998	0.79375
69.4060341999993	0.79375
69.4222138999994	0.802083333333333
69.4389598999996	0.802083333333333
69.4560345999998	0.811458333333333
69.4724579999993	0.811458333333333
69.4893266999998	0.811458333333333
69.5056757999992	0.811458333333333
69.5224862999994	0.811458333333333
69.5392204999998	0.811458333333333
69.5558130999998	0.811458333333333
69.5726993999997	0.811458333333333
69.5894054999999	0.811458333333333
69.6058617999997	0.811458333333333
69.6225263999995	0.811458333333333
69.6393945	0.811458333333333
69.6556796999994	0.811458333333333
69.6723394999999	0.811458333333333
69.6885268999995	0.811458333333333
69.7052455999992	0.811458333333333
69.7224872999996	0.811458333333333
69.7391885999996	0.811458333333333
69.7560307999993	0.811458333333333
69.7728371999992	0.811458333333333
69.7892078999994	0.811458333333333
69.8055074999993	0.811458333333333
69.8225054999994	0.811458333333333
69.8392716999997	0.811458333333333
69.85574	0.811458333333333
69.8723368999999	0.811458333333333
69.8895309	0.811458333333333
69.9053613999995	0.811458333333333
69.9224211999999	0.811458333333333
69.9390792999993	0.811458333333333
69.9557809999997	0.811458333333333
69.9723753999997	0.811458333333333
69.9891216999995	0.811458333333333
70.0057813999993	0.811458333333333
70.0223944999998	0.811458333333333
70.0394518999992	0.811458333333333
70.0558148999999	0.811458333333333
70.0721549	0.811458333333333
70.0896670999991	0.811458333333333
70.1056751999995	0.811458333333333
70.1220635999998	0.811458333333333
70.1394447999992	0.811458333333333
70.1558943	0.811458333333333
70.1720358999992	0.811458333333333
70.1884328999995	0.811458333333333
70.2058042999997	0.811458333333333
70.2221013999997	0.811458333333333
70.2394456999991	0.811458333333333
70.2558862999995	0.811458333333333
70.2725647999996	0.811458333333333
70.2891250999992	0.811458333333333
70.3055360999997	0.811458333333333
70.3225651999992	0.811458333333333
70.3396702999999	0.811458333333333
70.3556188999992	0.811458333333333
70.3724424999991	0.811458333333333
70.3891771999997	0.811458333333333
70.4056397999993	0.811458333333333
70.4224318999995	0.811458333333333
70.4389101999996	0.811458333333333
70.4556290999999	0.811458333333333
70.4722276999992	0.811458333333333
70.4891989999996	0.811458333333333
70.5054100999996	0.811458333333333
70.5228066	0.811458333333333
70.5394342999998	0.811458333333333
70.5558512999996	0.811458333333333
70.5725177999993	0.811458333333333
70.5891343999992	0.811458333333333
70.6057597999998	0.811458333333333
70.6221809999997	0.811458333333333
70.6393146999999	0.811458333333333
70.6557183999994	0.811458333333333
70.6720725999994	0.811458333333333
70.6888435999999	0.811458333333333
70.7056130999999	0.811458333333333
70.7224977999995	0.811458333333333
70.7391758999993	0.811458333333333
70.7556607999995	0.811458333333333
70.7723180999992	0.811458333333333
70.7892723999994	0.811458333333333
70.8056531999991	0.811458333333333
70.8224807999995	0.811458333333333
70.8393196999996	0.811458333333333
70.8558097999994	0.811458333333333
70.8720414999998	0.811458333333333
70.8891612999996	0.811458333333333
70.9056399999999	0.811458333333333
70.9224707999992	0.811458333333333
70.9395679999998	0.811458333333333
70.9561162	0.811458333333333
70.9724147999996	0.811458333333333
70.9891187999992	0.811458333333333
71.0058622999995	0.811458333333333
71.0222899999999	0.811458333333333
71.0392172999991	0.811458333333333
71.0557997999995	0.811458333333333
71.0721469	0.811458333333333
71.0888239999995	0.811458333333333
71.1057506999996	0.811458333333333
71.1224250999994	0.811458333333333
71.1392892999993	0.811458333333333
71.1555970999998	0.811458333333333
71.1724598999999	0.811458333333333
71.1891177999996	0.811458333333333
71.2058193999992	0.811458333333333
71.2223207999996	0.811458333333333
71.2391613999998	0.811458333333333
71.2556269999995	0.811458333333333
71.2727446999997	0.811458333333333
71.2890596999996	0.811458333333333
71.3057500999994	0.811458333333333
71.3222366999998	0.811458333333333
71.3391678999997	0.811458333333333
71.3558020999999	0.811458333333333
71.3724046999996	0.811458333333333
71.3889125999995	0.811458333333333
71.4056184999999	0.811458333333333
71.4224411999994	0.811458333333333
71.4392773999998	0.811458333333333
71.4556771999996	0.811458333333333
71.4725580999993	0.811458333333333
71.4890345999993	0.811458333333333
71.5054961999995	0.811458333333333
71.5222857999997	0.811458333333333
71.5387065999994	0.811458333333333
71.5554520999995	0.811458333333333
71.5722472999996	0.811458333333333
71.5887862999998	0.811458333333333
71.6056513999993	0.811458333333333
71.6223054999991	0.811458333333333
71.6391350999993	0.811458333333333
71.6561065999995	0.811458333333333
71.6722135999998	0.811458333333333
71.6890565999993	0.811458333333333
71.7056303999998	0.811458333333333
71.7225286999992	0.811458333333333
71.7391038999995	0.811458333333333
71.7555648999996	0.811458333333333
71.7722387999993	0.811458333333333
71.7888254999998	0.811458333333333
71.8056523999994	0.811458333333333
71.8222038999993	0.811458333333333
71.8388267999999	0.811458333333333
71.8557496999993	0.811458333333333
71.8730454999995	0.811458333333333
71.8891658999992	0.811458333333333
71.9052420999997	0.811458333333333
71.9223743999992	0.811458333333333
71.9389672999996	0.811458333333333
71.9555584	0.811458333333333
71.9724622999993	0.811458333333333
71.9888075999997	0.811458333333333
72.0055929999999	0.811458333333333
72.0221961999996	0.811458333333333
72.0388641999998	0.811458333333333
72.0558521999992	0.811458333333333
72.0724330999992	0.811458333333333
72.0887794999999	0.811458333333333
72.1057426999996	0.811458333333333
72.1221796999998	0.811458333333333
72.1392747	0.811458333333333
72.1558747999998	0.811458333333333
72.1720660999999	0.811458333333333
72.1891145999998	0.811458333333333
72.2054181999993	0.804166666666667
72.2223051999999	0.804166666666667
72.2391312	0.804166666666667
72.2557586999992	0.795833333333333
72.2732285999991	0.7875
72.2891792999999	0.7875
72.3054806	0.7875
72.3226941999992	0.7875
72.3395109999992	0.7875
72.3558180999999	0.778125
72.3727521999999	0.778125
72.3893651999997	0.769791666666667
72.4057725999992	0.769791666666667
72.4224466999995	0.769791666666667
72.4392997999994	0.752083333333333
72.4556424999992	0.752083333333333
72.4723056999992	0.752083333333333
72.4891005999998	0.752083333333333
72.5056326999993	0.752083333333333
72.5224777999993	0.752083333333333
72.5389597999992	0.752083333333333
72.5555727999999	0.752083333333333
72.5723229999994	0.752083333333333
72.5891495999995	0.752083333333333
72.6054729999996	0.752083333333333
72.6219620999991	0.752083333333333
72.6391860999993	0.752083333333333
72.6556856999996	0.752083333333333
72.6725884999996	0.752083333333333
72.6892789999993	0.735416666666667
72.7056795999997	0.735416666666667
72.7219658999993	0.735416666666667
72.7392204999996	0.727083333333333
72.7560395999999	0.727083333333333
72.7722428999996	0.71875
72.7893484999995	0.71875
72.8058724999992	0.71875
72.8223666999993	0.709375
72.8391006999991	0.701041666666667
72.8555783999991	0.701041666666667
72.8724091999993	0.701041666666667
72.8888649999999	0.701041666666667
72.9055396999993	0.701041666666667
72.9224113999999	0.701041666666667
72.9387112999993	0.701041666666667
72.9555756999998	0.701041666666667
72.9723363999992	0.701041666666667
72.9885556999998	0.701041666666667
73.0057803	0.701041666666667
73.0226027999997	0.701041666666667
73.0391272999996	0.701041666666667
73.0555627999993	0.701041666666667
73.0720915999991	0.701041666666667
73.0889741999999	0.701041666666667
73.1056428999991	0.701041666666667
73.1221160999994	0.701041666666667
73.1388717	0.701041666666667
73.1559112999994	0.692708333333333
73.1724354999997	0.692708333333333
73.1888767999999	0.692708333333333
73.2059165999999	0.692708333333333
73.2221506999995	0.692708333333333
73.2393390999996	0.692708333333333
73.2556982999995	0.692708333333333
73.2725939999991	0.692708333333333
73.2890921999997	0.692708333333333
73.3058797999993	0.692708333333333
73.3225800999999	0.692708333333333
73.3387963999994	0.692708333333333
73.3555289999995	0.692708333333333
73.3719983999999	0.692708333333333
73.3891314999992	0.692708333333333
73.4054899999992	0.692708333333333
73.4224190999994	0.692708333333333
73.4391412999994	0.692708333333333
73.4555651999999	0.692708333333333
73.4724563	0.692708333333333
73.4888815999993	0.692708333333333
73.5053592999993	0.692708333333333
73.5222638999994	0.692708333333333
73.5393838	0.692708333333333
73.5554886	0.692708333333333
73.5723881999993	0.692708333333333
73.5892088999999	0.692708333333333
73.6055552999997	0.692708333333333
73.6224280999995	0.692708333333333
73.6394585999997	0.692708333333333
73.6557950999995	0.692708333333333
73.6723860999991	0.692708333333333
73.6890956999996	0.692708333333333
73.7059106999995	0.692708333333333
73.7226965	0.692708333333333
73.7389647999998	0.692708333333333
73.7556039999999	0.692708333333333
73.7723666999991	0.692708333333333
73.7892827999995	0.683333333333333
73.8056007999994	0.683333333333333
73.8220456999998	0.683333333333333
73.8390566999997	0.683333333333333
73.8554527999995	0.683333333333333
73.8723923999996	0.683333333333333
73.8888668	0.683333333333333
73.9055065999992	0.683333333333333
73.9224181	0.683333333333333
73.9391701999994	0.683333333333333
73.9556597999999	0.683333333333333
73.9724934999995	0.683333333333333
73.9891533	0.683333333333333
74.0056602999994	0.683333333333333
74.0224386	0.683333333333333
74.0387585999997	0.683333333333333
74.0556035999998	0.683333333333333
74.0722331999996	0.683333333333333
74.0888222999993	0.683333333333333
74.1054458999997	0.683333333333333
74.1224176999995	0.683333333333333
74.1392472999996	0.683333333333333
74.1556191	0.683333333333333
74.1724849999991	0.683333333333333
74.1890134999994	0.683333333333333
74.2055042999991	0.683333333333333
74.2224575999999	0.683333333333333
74.2389305999995	0.683333333333333
74.2554900999994	0.683333333333333
74.2725337999991	0.683333333333333
74.2889792999995	0.683333333333333
74.3053980999994	0.683333333333333
74.3225903999992	0.683333333333333
74.3392480999992	0.683333333333333
74.3554611	0.683333333333333
74.3724179999999	0.683333333333333
74.3891437999991	0.683333333333333
74.4055636999992	0.683333333333333
74.4225094999993	0.683333333333333
74.4390711999995	0.683333333333333
74.4554426999994	0.683333333333333
74.4720619999998	0.683333333333333
74.4891843999994	0.683333333333333
74.5055359999997	0.683333333333333
74.5225281999992	0.683333333333333
74.5388847999993	0.683333333333333
74.5556152999998	0.683333333333333
74.5729432999997	0.683333333333333
74.5890436	0.683333333333333
74.6056271999996	0.683333333333333
74.6245087999996	0.683333333333333
74.6404235	0.683333333333333
74.6555288	0.683333333333333
74.6725230999991	0.683333333333333
74.6891157999999	0.683333333333333
74.7056098999992	0.666666666666667
74.7224452999999	0.65
74.7389480999991	0.65
74.7557265999994	0.65
74.7723064999991	0.65
74.7887202999991	0.65
74.8053272999996	0.65
74.8222913	0.65
74.8390009999994	0.65
74.8551416999999	0.65
74.8720885999992	0.65
74.8890842999999	0.65
74.9055565999997	0.65
74.9221640999995	0.65
74.9389325999991	0.65
74.9555367999992	0.65
74.9724550999999	0.65
74.9891548999994	0.65
75.0056519999998	0.65
75.0225673999994	0.65
75.0386331999998	0.65
75.0558592999996	0.65
75.0725219999995	0.65
75.0891240999999	0.65
75.1052634999996	0.65
75.1220963999995	0.65
75.1388661999999	0.65
75.1554822999997	0.65
75.1727274999994	0.65
75.1892672999993	0.65
75.2056481999998	0.65
75.2225196999998	0.65
75.2390406999994	0.65
75.2555347999996	0.65
75.2724045999994	0.65
75.2890238	0.65
75.3055343999995	0.65
75.3224723999992	0.65
75.3388388999992	0.65
75.3554373999996	0.65
75.3720141999993	0.65
75.3890152999993	0.65
75.4054035999998	0.65
75.4220346999991	0.65
75.4388628999995	0.65
75.4554608999997	0.65
75.4724549999992	0.65
75.4891806999995	0.65
75.5054869999994	0.65
75.5222676999992	0.65
75.5391824999997	0.65
75.5554135999992	0.65
75.572682	0.65
75.5891763	0.65
75.6053871999993	0.65
75.6221376999993	0.65
75.6386276999992	0.65
75.6554870999998	0.65
75.6723837	0.65
75.6889734999995	0.65
75.7052840999995	0.65
75.7224154999994	0.65
75.739071	0.65
75.7553420999993	0.65
75.7729664999997	0.65
75.7890681999997	0.657291666666667
75.8055686999996	0.657291666666667
75.8222844999991	0.657291666666667
75.8389824999995	0.657291666666667
75.8555788999993	0.657291666666667
75.8722752999993	0.657291666666667
75.8890159999992	0.657291666666667
75.9051255999993	0.657291666666667
75.9218629999996	0.657291666666667
75.9387962999999	0.657291666666667
75.9552979	0.657291666666667
75.9720254999993	0.657291666666667
75.9888248999996	0.657291666666667
76.0054752999995	0.657291666666667
76.0226941999999	0.657291666666667
76.0392342999994	0.657291666666667
76.0552148999996	0.657291666666667
76.0722357999994	0.657291666666667
76.0890987999992	0.657291666666667
76.1054919999997	0.657291666666667
76.1224588999994	0.657291666666667
76.1388737999996	0.657291666666667
76.1553869999998	0.657291666666667
76.1723893999997	0.657291666666667
76.1888286999992	0.657291666666667
76.2055268999993	0.657291666666667
76.2225900999993	0.657291666666667
76.2389713999992	0.657291666666667
76.2555003999996	0.657291666666667
76.2720911999995	0.657291666666667
76.2888360999996	0.657291666666667
76.3054534999992	0.665625
76.3221039999999	0.665625
76.3390101999994	0.665625
76.3554715999999	0.665625
76.3723565999999	0.665625
76.3890861	0.665625
76.4050979999993	0.665625
76.4221565999997	0.665625
76.4387232999998	0.665625
76.4551887999996	0.665625
76.4726334999996	0.665625
76.4891346999993	0.665625
76.5055952999992	0.665625
76.5226834999994	0.665625
76.5391230999994	0.665625
76.5554108999995	0.665625
76.5719951999999	0.665625
76.5891348999994	0.665625
76.6054074999993	0.665625
76.6222896999998	0.665625
76.6385799999998	0.665625
76.6552780999991	0.665625
76.6722596	0.665625
76.6887743999996	0.665625
76.7053518999992	0.665625
76.7223611999998	0.665625
76.7391359999992	0.665625
76.7557766999998	0.665625
76.7724473999997	0.673958333333333
76.7889325999995	0.673958333333333
76.8050977999992	0.673958333333333
76.8223845999992	0.673958333333333
76.8385731999997	0.673958333333333
76.8553664999999	0.673958333333333
76.8725479999994	0.673958333333333
76.8888356999996	0.673958333333333
76.9051335999993	0.673958333333333
76.9224004999996	0.673958333333333
76.9395205999999	0.673958333333333
76.9554263	0.673958333333333
76.9720712999997	0.673958333333333
76.9888811999999	0.673958333333333
77.0056147999994	0.673958333333333
77.0222422999996	0.673958333333333
77.0387557999993	0.673958333333333
77.0550439999997	0.673958333333333
77.0726044999992	0.673958333333333
77.0889975999999	0.673958333333333
77.1050884999995	0.673958333333333
77.1225236999999	0.673958333333333
77.1388113999992	0.673958333333333
77.1554027999991	0.673958333333333
77.1722270999999	0.673958333333333
77.1892255999992	0.673958333333333
77.2055203999998	0.673958333333333
77.2220050999995	0.673958333333333
77.2390300999996	0.673958333333333
77.2557125999992	0.673958333333333
77.2724555999994	0.673958333333333
77.2890329999991	0.673958333333333
77.3058795999996	0.673958333333333
77.3221580999998	0.673958333333333
77.3387499999999	0.673958333333333
77.3555302999994	0.673958333333333
77.3720955999997	0.673958333333333
77.3887926999996	0.673958333333333
77.4053875	0.673958333333333
77.4220022	0.673958333333333
77.4388706999998	0.673958333333333
77.4555031	0.673958333333333
77.4724311999998	0.673958333333333
77.4890728999999	0.673958333333333
77.5054292999994	0.673958333333333
77.5224058999993	0.673958333333333
77.5393741999997	0.673958333333333
77.5555476999998	0.673958333333333
77.5724814999994	0.673958333333333
77.5893180999992	0.673958333333333
77.6053006999991	0.673958333333333
77.6222699	0.673958333333333
77.6389872	0.673958333333333
77.6555174999994	0.673958333333333
77.6723315999998	0.673958333333333
77.6888927	0.673958333333333
77.7052159999994	0.673958333333333
77.7224019999994	0.673958333333333
77.7389979999998	0.673958333333333
77.7551723999995	0.673958333333333
77.7721694999991	0.673958333333333
77.7888379999995	0.673958333333333
77.8052430999996	0.673958333333333
77.8220635999996	0.673958333333333
77.8389757999994	0.673958333333333
77.8557633999999	0.673958333333333
77.8724457999997	0.673958333333333
77.8890249999995	0.673958333333333
77.9055544999992	0.673958333333333
77.9222502999992	0.673958333333333
77.9389278999997	0.673958333333333
77.9554690999994	0.673958333333333
77.9722218999996	0.673958333333333
77.9886336999998	0.673958333333333
78.0050999999994	0.673958333333333
78.0223766999998	0.673958333333333
78.0388579999999	0.673958333333333
78.0552805999996	0.673958333333333
78.0724620999999	0.673958333333333
78.0890264	0.673958333333333
78.1050845	0.673958333333333
78.1222359999992	0.673958333333333
78.1391408999998	0.673958333333333
78.1553510999993	0.673958333333333
78.1719727999998	0.673958333333333
78.1888651999998	0.673958333333333
78.2050836999997	0.673958333333333
78.2223806999991	0.673958333333333
78.2388719999999	0.673958333333333
78.2551304999997	0.673958333333333
78.2724589999998	0.673958333333333
78.2888680999995	0.673958333333333
78.3051505999993	0.673958333333333
78.3223678999993	0.673958333333333
78.3389119999993	0.673958333333333
78.3555220999997	0.673958333333333
78.3724202999992	0.673958333333333
78.3890081	0.673958333333333
78.4054168999992	0.673958333333333
78.4221298999992	0.673958333333333
78.4384445999995	0.673958333333333
78.4554093999996	0.673958333333333
78.4722406999999	0.673958333333333
78.4889166999992	0.673958333333333
78.5055204999999	0.673958333333333
78.5217252999992	0.673958333333333
78.5387967999995	0.673958333333333
78.5554050999999	0.673958333333333
78.5717959999993	0.673958333333333
78.5888642999998	0.673958333333333
78.6053428999994	0.673958333333333
78.6224442999992	0.673958333333333
78.6387537999999	0.673958333333333
78.6549790999998	0.673958333333333
78.6724464999998	0.673958333333333
78.6893272999996	0.673958333333333
78.7052653999999	0.673958333333333
78.7224557999998	0.673958333333333
78.7390211999991	0.673958333333333
78.7550913999994	0.673958333333333
78.7722385999996	0.673958333333333
78.7890603999995	0.673958333333333
78.8053373999992	0.673958333333333
78.8220496999993	0.673958333333333
78.8387352	0.673958333333333
78.8554155999991	0.673958333333333
78.8723117	0.673958333333333
78.8889381999998	0.673958333333333
78.9053916999992	0.673958333333333
78.9223064999996	0.673958333333333
78.9389173	0.673958333333333
78.9552455999992	0.673958333333333
78.9723157999997	0.673958333333333
78.9888775999998	0.673958333333333
79.0054741999993	0.673958333333333
79.0222497999994	0.673958333333333
79.0389251999995	0.673958333333333
79.0555531	0.673958333333333
79.0720230999996	0.673958333333333
79.0888186999991	0.673958333333333
79.1050157	0.673958333333333
79.1223842999998	0.673958333333333
79.1387720999992	0.673958333333333
79.1552448999992	0.673958333333333
79.1723505	0.673958333333333
79.1888827999992	0.673958333333333
79.2056176999995	0.666666666666667
79.2220797	0.666666666666667
79.2390852999997	0.645833333333333
79.2553731999997	0.645833333333333
79.2725719999999	0.636458333333333
79.2887129999999	0.628125
79.3050942999998	0.628125
79.3220787999999	0.628125
79.3391864999994	0.611458333333333
79.3553400999999	0.611458333333333
79.3724943999996	0.594791666666667
79.3885360999993	0.594791666666667
79.4053704999997	0.586458333333333
79.4225280999999	0.578125
79.4388230999994	0.578125
79.4553761999996	0.578125
79.4722652999999	0.578125
79.4888142	0.578125
79.5050691999995	0.578125
79.5223923999993	0.578125
79.5390424999996	0.578125
79.5553657999999	0.578125
79.5722843999993	0.578125
79.5888288999995	0.578125
79.6053533999993	0.578125
79.6318363999999	0.578125
79.6551135999998	0.578125
79.6722818999997	0.578125
79.6887677999994	0.578125
79.7054973999993	0.578125
79.7217962999994	0.578125
79.738832	0.578125
79.7555696999998	0.578125
79.7718976999995	0.578125
79.7887479999999	0.578125
79.8053186999996	0.578125
79.8219095999993	0.578125
79.8386079999991	0.578125
79.855431	0.578125
79.8719103999993	0.578125
79.8887093999992	0.578125
79.9054153999996	0.578125
79.9218926999993	0.578125
79.9383911999994	0.578125
79.9556641999998	0.578125
79.9718736999994	0.578125
79.9886015999991	0.578125
80.0049416999991	0.578125
80.0218487999991	0.578125
80.0387216999998	0.578125
80.0552107999993	0.578125
80.0722635999991	0.578125
80.0886992999995	0.585416666666667
80.1053736999993	0.585416666666667
80.1221697999999	0.585416666666667
80.1387374999995	0.585416666666667
80.1556768999999	0.585416666666667
80.1716508999998	0.585416666666667
80.1888893999994	0.585416666666667
80.2058729999999	0.585416666666667
80.2223296999991	0.585416666666667
80.2388342999993	0.585416666666667
80.2556801999999	0.585416666666667
80.2717396999997	0.585416666666667
80.2890243999991	0.585416666666667
80.3056220999997	0.585416666666667
80.3220979999996	0.585416666666667
80.3388363999993	0.585416666666667
80.3552805999998	0.585416666666667
80.3717128999997	0.585416666666667
80.3890432999997	0.585416666666667
80.4051369999997	0.585416666666667
80.4222890999999	0.585416666666667
80.4389126999995	0.585416666666667
80.4554941999995	0.585416666666667
80.4716973999994	0.585416666666667
80.4888201999993	0.585416666666667
80.5052651999995	0.585416666666667
80.5219749999997	0.585416666666667
80.5391262999992	0.578125
80.5556263999997	0.578125
80.5720954999997	0.578125
80.5888562999999	0.578125
80.6053075999998	0.578125
80.6223689999997	0.578125
80.6387030999995	0.578125
80.6555970999998	0.56875
80.6722889999992	0.560416666666667
80.6889912999995	0.560416666666667
80.7052781999992	0.560416666666667
80.7224620999996	0.560416666666667
80.7388695	0.560416666666667
80.7554606999993	0.560416666666667
80.7717198999999	0.560416666666667
80.7887010999993	0.560416666666667
80.8054276999992	0.560416666666667
80.8221220999994	0.560416666666667
80.8387882999996	0.560416666666667
80.8553946999991	0.560416666666667
80.8719663999991	0.560416666666667
80.8888422	0.560416666666667
80.9055036	0.560416666666667
80.9218868999997	0.560416666666667
80.9387805999995	0.560416666666667
80.9554355999999	0.560416666666667
80.9720650999998	0.560416666666667
80.9886051999993	0.560416666666667
81.0050076999996	0.560416666666667
81.0217571999992	0.560416666666667
81.0389535999993	0.560416666666667
81.0554128999993	0.560416666666667
81.0720288999992	0.54375
81.0887902999993	0.527083333333333
81.1051673999991	0.527083333333333
81.1223612999993	0.527083333333333
81.1388016999999	0.527083333333333
81.1557027999997	0.527083333333333
81.1716735999998	0.527083333333333
81.1888590999997	0.527083333333333
81.2053268999998	0.527083333333333
81.2220910999995	0.527083333333333
81.2389756999992	0.527083333333333
81.2552598999991	0.527083333333333
81.2719414999992	0.527083333333333
81.2889270999995	0.527083333333333
81.3051255999999	0.527083333333333
81.3219126999993	0.527083333333333
81.3386790999994	0.527083333333333
81.3550083999999	0.527083333333333
81.3719596999999	0.527083333333333
81.3889649999992	0.527083333333333
81.4053763999991	0.527083333333333
81.4221985999993	0.527083333333333
81.4388755	0.527083333333333
81.4550657	0.527083333333333
81.4722401999998	0.527083333333333
81.4888461999999	0.527083333333333
81.5049816999999	0.527083333333333
81.5222812999991	0.527083333333333
81.5390774999996	0.527083333333333
81.5552564999998	0.527083333333333
81.5717706999994	0.527083333333333
81.5888747999998	0.527083333333333
81.6052973999995	0.527083333333333
81.6221873999993	0.527083333333333
81.6402923999995	0.527083333333333
81.6554332999995	0.527083333333333
81.6721448999997	0.527083333333333
81.6889271	0.527083333333333
81.7053892999993	0.527083333333333
81.7222326999999	0.527083333333333
81.7385502999996	0.527083333333333
81.7548436999996	0.527083333333333
81.7720831999995	0.527083333333333
81.7888531999997	0.527083333333333
81.8053640999997	0.527083333333333
81.8218751999993	0.527083333333333
81.8393478999997	0.527083333333333
81.8554562999998	0.527083333333333
81.8720848999992	0.527083333333333
81.8888059999999	0.527083333333333
81.9055477999991	0.527083333333333
81.9221734999992	0.527083333333333
81.9387367999998	0.527083333333333
81.9552390999997	0.527083333333333
81.9721382999996	0.527083333333333
81.9886450999993	0.527083333333333
82.0057149999993	0.527083333333333
82.0218901999997	0.527083333333333
82.0385827999999	0.527083333333333
82.0555568	0.527083333333333
82.0721268999996	0.527083333333333
82.0888729999997	0.527083333333333
82.1051338999996	0.527083333333333
82.1217060999998	0.527083333333333
82.1389890999999	0.527083333333333
82.1554509999996	0.527083333333333
82.1721805999996	0.527083333333333
82.1885626999992	0.527083333333333
82.2050930999994	0.527083333333333
82.2222720999998	0.527083333333333
82.2385542999991	0.527083333333333
82.2554891	0.527083333333333
82.2716845999994	0.527083333333333
82.2885458999999	0.527083333333333
82.3055313999994	0.527083333333333
82.3218820999991	0.527083333333333
82.3388336999997	0.527083333333333
82.3553462	0.527083333333333
82.3719120999995	0.527083333333333
82.3889517999996	0.527083333333333
82.4054398999997	0.527083333333333
82.4220960999992	0.527083333333333
82.4389205999996	0.527083333333333
82.4554718999998	0.527083333333333
82.4720396999992	0.534375
82.4884359999996	0.534375
82.5053356999997	0.534375
82.5217896999993	0.534375
82.5385935999993	0.534375
82.5554069	0.534375
82.5719864999992	0.534375
82.5888694999994	0.534375
82.6053932999994	0.534375
82.6218073	0.534375
82.6389024	0.534375
82.6557439999997	0.534375
82.6721258999996	0.534375
82.6889370999997	0.534375
82.7054024999998	0.534375
82.7219155999992	0.534375
82.7386278999993	0.534375
82.7552057999992	0.534375
82.7718614999994	0.534375
82.7886172999997	0.534375
82.8052658999995	0.534375
82.8218791999998	0.534375
82.8387337999993	0.534375
82.8553298999996	0.534375
82.8718756999997	0.534375
82.8887036999995	0.534375
82.9054486999994	0.534375
82.9224501999997	0.534375
82.9385990999999	0.534375
82.9550641999995	0.534375
82.9723935999991	0.534375
82.9885482	0.534375
83.0053048	0.534375
83.0216544999994	0.534375
83.0386751999995	0.534375
83.0557559999997	0.534375
83.0717762999993	0.534375
83.0886958999999	0.534375
83.1053175999996	0.534375
83.1220091999994	0.534375
83.1385756	0.534375
83.1554958999996	0.534375
83.1719826999997	0.534375
83.1886734999998	0.534375
83.2050311999992	0.534375
83.2220275999998	0.534375
83.2386747999999	0.534375
83.2555659999998	0.534375
83.2719368999997	0.534375
83.2886345999996	0.534375
83.3051538	0.534375
83.3219405	0.534375
83.3386443999998	0.534375
83.3553065999995	0.534375
83.3720993999996	0.534375
83.3886055999992	0.534375
83.4053357999992	0.534375
83.4216695999994	0.534375
83.4386584999993	0.534375
83.4552108999997	0.534375
83.4717989999999	0.534375
83.4886432999992	0.534375
83.5052235999992	0.534375
83.5216481999996	0.534375
83.5383056999999	0.534375
83.5552083999992	0.534375
83.5716419999999	0.534375
83.5885302999995	0.534375
83.6051183999998	0.534375
83.6214980999994	0.534375
83.6382721	0.534375
83.6552395999997	0.534375
83.6716926999998	0.534375
83.6886537999999	0.534375
83.7053709999991	0.534375
83.7221143999996	0.534375
83.7384046999996	0.534375
83.7555444999998	0.534375
83.7718605999999	0.534375
83.7886322999993	0.534375
83.8053739999996	0.534375
83.8218939999997	0.534375
83.8389039999993	0.534375
83.8555835999996	0.534375
83.8719207999993	0.534375
83.8885908999991	0.534375
83.9053722999997	0.534375
83.9221652999995	0.534375
83.9390528999993	0.534375
83.9553978999993	0.534375
83.9718343999994	0.534375
83.9886853999997	0.534375
84.0053191999996	0.534375
84.0219373999998	0.534375
84.0387453999992	0.534375
84.0553375	0.534375
84.0718116999997	0.534375
84.0888043999994	0.534375
84.1049475	0.534375
84.1219128999992	0.534375
84.1386326999991	0.534375
84.1554219	0.534375
84.1720249	0.534375
84.1883422999999	0.534375
84.2053808999999	0.534375
84.2217095999995	0.534375
84.2385115999996	0.534375
84.2555463999997	0.534375
84.2726790999996	0.534375
84.2886243999992	0.534375
84.3057288	0.534375
84.3221578999992	0.534375
84.3384231	0.534375
84.3555546999996	0.534375
84.3719609999998	0.534375
84.3885125999996	0.534375
84.4049880999992	0.534375
84.4218228	0.534375
84.4386283999993	0.534375
84.4556430999992	0.534375
84.4721541999997	0.534375
84.4885746999998	0.534375
84.5055682999991	0.534375
84.5219756999995	0.534375
84.5389885999994	0.534375
84.5552542999994	0.534375
84.5719418999997	0.534375
84.5886559999999	0.534375
84.6050915999995	0.534375
84.6214696999996	0.534375
84.6384654999993	0.534375
84.6550525999992	0.534375
84.6715826	0.534375
84.6884943999994	0.534375
84.7051638999992	0.534375
84.7215935999993	0.534375
84.73848	0.534375
84.7555299999995	0.534375
84.7719390999991	0.534375
84.7886269999999	0.534375
84.8054884999992	0.534375
84.8217743999994	0.534375
84.8388513999998	0.534375
84.8548948999996	0.534375
84.8722658999995	0.534375
84.8887193999999	0.534375
84.9053421999997	0.534375
84.9221576	0.534375
84.9385308999999	0.534375
84.9552583999994	0.534375
84.9716332999997	0.534375
84.9885686999996	0.534375
85.0049297999994	0.534375
85.0221793999999	0.534375
85.0381307999996	0.534375
85.0555059999997	0.534375
85.0720134999992	0.534375
85.0885876999992	0.534375
85.1055821	0.534375
85.1220453999995	0.534375
85.1387686999997	0.534375
85.1551834999991	0.534375
85.1719097999994	0.534375
85.1888382999996	0.534375
85.2051422999994	0.534375
85.2223704999997	0.534375
85.2386238999998	0.534375
85.2551646999991	0.534375
85.2723231999998	0.534375
85.2885683999993	0.534375
85.3052339999995	0.534375
85.3217887999999	0.534375
85.3386430999999	0.534375
85.3554673999997	0.534375
85.3719147999991	0.534375
85.3887498999993	0.534375
85.4054192999993	0.534375
85.4219187999997	0.534375
85.4387112999993	0.534375
85.4554015999993	0.534375
85.4717816999992	0.534375
85.4888402999995	0.534375
85.5051696999999	0.534375
85.5217927999993	0.534375
85.5386347999993	0.534375
85.5551368999995	0.534375
85.5718772999999	0.534375
85.5886588999992	0.534375
85.6054066999995	0.534375
85.6216882999997	0.534375
85.6385455	0.534375
85.6554634999993	0.534375
85.6717433999993	0.534375
85.6887555999992	0.534375
85.7052328	0.534375
85.7215653999992	0.534375
85.7388433999995	0.534375
85.7553309999994	0.534375
85.771812	0.534375
85.7888446999996	0.534375
85.8055564999995	0.534375
85.8217076999999	0.534375
85.8386787999998	0.534375
85.8553739999998	0.534375
85.8719295999999	0.534375
85.8886470999996	0.534375
85.9053913999996	0.534375
85.9218982999992	0.534375
85.9386795999999	0.534375
85.9547274999995	0.534375
85.9712149999996	0.534375
85.9880165999994	0.534375
86.0048025999995	0.534375
86.0218255	0.534375
86.0382286999993	0.534375
86.0553876999993	0.534375
86.0718294999997	0.534375
86.0890305999992	0.534375
86.1050322999999	0.534375
86.1218831999995	0.534375
86.1391414999998	0.534375
86.1554176	0.534375
86.1718412999999	0.534375
86.1888100999995	0.534375
86.2054264999997	0.534375
86.2218954	0.534375
86.2384424999991	0.534375
86.2552846999997	0.534375
86.2720157999993	0.534375
86.2887459999993	0.534375
86.3054127999994	0.534375
86.3220867	0.534375
86.3386010999993	0.534375
86.3552987999992	0.534375
86.3719431999998	0.534375
86.3884355999999	0.534375
86.4054318999997	0.534375
86.4216686999998	0.534375
86.4384408999995	0.534375
86.4550672999994	0.534375
86.4716671999995	0.534375
86.4886538999999	0.534375
86.5053322999993	0.534375
86.5218884999995	0.534375
86.5388230999997	0.534375
86.5553841999999	0.534375
86.5720957999993	0.534375
86.5885371999993	0.534375
86.6055421999999	0.534375
86.6217482999991	0.534375
86.6390012999991	0.534375
86.6554803999998	0.534375
86.6717738999996	0.534375
86.6886606999997	0.534375
86.7052425999991	0.534375
86.7221602	0.534375
86.7388727999996	0.534375
86.7554529999998	0.534375
86.7720195999991	0.534375
86.7890508999999	0.534375
86.8052723999999	0.534375
86.8219003999993	0.534375
86.8386328999995	0.534375
86.8552667999993	0.534375
86.8719383999996	0.534375
86.8886461999991	0.534375
86.9050885999995	0.534375
86.9217934999997	0.534375
86.9383713999996	0.534375
86.9551968999995	0.534375
86.9718788999999	0.534375
86.9885988999995	0.534375
87.0054570999991	0.534375
87.0218112999992	0.534375
87.0388395	0.534375
87.0553129	0.534375
87.0717270999994	0.534375
87.0884326999994	0.534375
87.1057193999995	0.534375
87.1218338999997	0.534375
87.1385478999991	0.534375
87.1553109999995	0.534375
87.1719413999999	0.534375
87.1884358999996	0.534375
87.2052205	0.534375
87.2218295999992	0.534375
87.2382298999992	0.534375
87.2552626999995	0.534375
87.2717256999995	0.534375
87.2888192999999	0.534375
87.3057570999999	0.534375
87.3218524999993	0.534375
87.3386298999994	0.534375
87.3552747999993	0.534375
87.3717648999991	0.534375
87.3883019999994	0.534375
87.4052515999992	0.534375
87.4216827999999	0.534375
87.4383327999994	0.534375
87.4547911	0.534375
87.4714710999997	0.534375
87.4885102999997	0.534375
87.5054438999996	0.534375
87.5218175999998	0.534375
87.5384792999994	0.534375
87.5549688999999	0.534375
87.5719679999993	0.534375
87.5882941999998	0.534375
87.6052043999998	0.534375
87.6217690999993	0.534375
87.6384884999998	0.534375
87.6551538999993	0.534375
87.6717170999991	0.534375
87.6885330999994	0.534375
87.7049506999992	0.534375
87.7215510999995	0.534375
87.7383497999999	0.534375
87.7548516999996	0.534375
87.7716994999992	0.534375
87.7883416999994	0.534375
87.8054205999997	0.534375
87.8217736999995	0.534375
87.8383037999993	0.534375
87.8555058999991	0.534375
87.8718285999994	0.534375
87.8885605999994	0.534375
87.9055966999995	0.534375
87.9217154999997	0.534375
87.9388904999996	0.534375
87.9553940999995	0.534375
87.9718668999994	0.534375
87.9888882999994	0.534375
88.0052374999996	0.534375
88.0216197	0.534375
88.0386579999995	0.534375
88.0552306999998	0.534375
88.0719688999998	0.534375
88.0883212999997	0.534375
88.1049075999999	0.534375
88.1217777999991	0.534375
88.1387142999993	0.534375
88.1554995999995	0.534375
88.1715951999995	0.534375
88.1887880999993	0.534375
88.2052219999996	0.534375
88.2217146999992	0.534375
88.2385467999993	0.534375
88.2551361999995	0.534375
88.2718885999993	0.534375
88.2886412999997	0.534375
88.3051253999993	0.534375
88.3219374999999	0.534375
88.3387157999996	0.534375
88.3552428999992	0.534375
88.3718288999999	0.534375
88.3885593999994	0.534375
88.4053732999992	0.534375
88.4220012999995	0.534375
88.4389811999999	0.534375
88.4553527999997	0.534375
88.4718267999997	0.534375
88.4888662999992	0.534375
88.5054209	0.534375
88.5218680999997	0.534375
88.5386215999997	0.534375
88.5553845999993	0.534375
88.5717072999996	0.534375
88.5884339999993	0.534375
88.6052375999998	0.534375
88.6217173999994	0.534375
88.6387067999995	0.534375
88.6555716999992	0.534375
88.6717334999994	0.534375
88.6886052999998	0.534375
88.7051265	0.534375
88.7216325999998	0.534375
88.7386686999998	0.534375
88.7549694999998	0.534375
88.7714472999996	0.534375
88.7885553999995	0.534375
88.8049618999994	0.534375
88.8216616999998	0.534375
88.8381432999995	0.534375
88.8552619999991	0.534375
88.8714381999998	0.534375
88.8886167999999	0.534375
88.9049765	0.534375
88.9217897999997	0.534375
88.9384651999999	0.534375
88.9551303999997	0.534375
88.9714870999996	0.534375
88.9883054999991	0.534375
89.0049681999999	0.534375
89.0216867999998	0.534375
89.0383340999997	0.534375
89.0548172999997	0.534375
89.0718585999994	0.534375
89.0886432999996	0.534375
89.1054097999995	0.534375
89.1217960999993	0.534375
89.1380904999996	0.534375
89.1553539999995	0.534375
89.1717110999998	0.534375
89.1885843	0.534375
89.2050089999993	0.534375
89.2218530999999	0.534375
89.2379527999992	0.534375
89.2553071999992	0.534375
89.2719681999997	0.534375
89.2884980999997	0.534375
89.3053827999993	0.534375
89.3217929999992	0.534375
89.3385297999994	0.534375
89.3557615	0.534375
89.3717595999997	0.534375
89.3884483999991	0.534375
89.4051726999996	0.534375
89.4214551999994	0.534375
89.4383997999994	0.534375
89.4552592999999	0.534375
89.4717652999998	0.534375
89.4883481999996	0.534375
89.5056966999991	0.534375
89.5213870999996	0.534375
89.5388729999995	0.534375
89.5549652999998	0.534375
89.5718371999992	0.534375
89.5885705999999	0.534375
89.6053147999992	0.534375
89.6216710999997	0.534375
89.6386989999992	0.534375
89.6548644999993	0.534375
89.6715828999995	0.534375
89.68797	0.534375
89.7053811999995	0.534375
89.7216311999991	0.534375
89.7384665	0.534375
89.7552524999992	0.534375
89.7717880999999	0.534375
89.7886598999994	0.534375
89.8052582999999	0.534375
89.8224530999996	0.534375
89.8384448999996	0.534375
89.8551785999998	0.534375
89.8717127999998	0.534375
89.8886774999992	0.534375
89.9053333999991	0.534375
89.9213513999994	0.534375
89.9380287999993	0.534375
89.9552034999997	0.534375
89.9717656999992	0.534375
89.9883770999995	0.534375
90.0053984999995	0.534375
90.0217790999995	0.534375
90.0385754999998	0.534375
90.0550539999995	0.534375
90.0717079999995	0.534375
90.0886346999996	0.534375
90.1051934999996	0.534375
90.1212774999995	0.534375
90.1385530999996	0.534375
90.1552984999998	0.534375
90.1716724999997	0.534375
90.1884897	0.534375
90.2050438999995	0.534375
90.2215716999999	0.534375
90.2380267999997	0.534375
90.2549601999999	0.534375
90.2718630999998	0.534375
90.2884021	0.534375
90.3051596999994	0.534375
90.3216103999994	0.534375
90.3383973	0.534375
90.3552253999997	0.534375
90.3713060999999	0.534375
90.3882973	0.534375
90.4051626999999	0.534375
90.4216821	0.534375
90.4381716999997	0.534375
90.4551431999998	0.534375
90.4715877999997	0.534375
90.4886404999997	0.534375
90.5050630999995	0.534375
90.5217422999995	0.534375
90.5385159999996	0.534375
90.5551428999997	0.534375
90.5714684999994	0.534375
90.5879728	0.534375
90.6051788999994	0.534375
90.6217351999994	0.534375
90.6380593999993	0.534375
90.6553777999998	0.534375
90.6716033999992	0.534375
90.6883382999995	0.534375
90.7051431999998	0.534375
90.7220292999991	0.534375
90.7385703	0.534375
90.7549018	0.534375
90.7717379999995	0.534375
90.7882301	0.534375
90.8049806999998	0.534375
90.8217154999993	0.534375
90.8380246999996	0.534375
90.8551638999998	0.534375
90.8717287999998	0.534375
90.8886411999993	0.534375
90.9051065999993	0.534375
90.9216670999995	0.534375
90.9391237999998	0.534375
90.9552940999993	0.534375
90.9717544999994	0.534375
90.9882607999998	0.534375
91.0048880999993	0.534375
91.0217020999999	0.534375
91.0382324999991	0.534375
91.0548262999991	0.534375
91.0718006999996	0.534375
91.0880502999998	0.534375
91.1051068999996	0.534375
91.1217457999992	0.534375
91.1381543999996	0.534375
91.1553297999999	0.534375
91.1717327999995	0.534375
91.1896266999993	0.534375
91.2053448999995	0.534375
91.2219437999993	0.534375
91.2380662999994	0.534375
91.2554308999997	0.534375
91.2716316999995	0.534375
91.2881278999994	0.534375
91.3052863999992	0.534375
91.3215554999997	0.534375
91.3385172999997	0.534375
91.3550775999993	0.534375
91.3712846999997	0.534375
91.38825	0.534375
91.4050504999996	0.534375
91.4217045999994	0.534375
91.4383389999994	0.534375
91.4552451999998	0.534375
91.4717397999993	0.534375
91.4879727999996	0.534375
91.5052252999994	0.534375
91.5215811999997	0.534375
91.5379685999997	0.534375
91.5544700999999	0.534375
91.5714171999998	0.534375
91.5880187999992	0.534375
91.6048158999993	0.534375
91.6217015999991	0.534375
91.6383592999991	0.534375
91.6552660999996	0.534375
91.6717168999994	0.534375
91.6881990999991	0.534375
91.7049921999997	0.534375
91.7219063999992	0.534375
91.7381765	0.534375
91.7551704999996	0.534375
91.7715295999997	0.534375
91.7879440999995	0.534375
91.8049467999999	0.534375
91.8215996999998	0.534375
91.8382369999999	0.534375
91.8551533	0.534375
91.8715941999999	0.534375
91.8883909999995	0.534375
91.9051604999995	0.534375
91.9216676999995	0.534375
91.9384109999992	0.534375
91.9550246999997	0.534375
91.9716034999992	0.534375
91.9885919999997	0.534375
92.0047499999991	0.534375
92.0211659999995	0.534375
92.0380215999994	0.534375
92.0548636999993	0.534375
92.0716505999999	0.534375
92.0884835999996	0.534375
92.1051609999995	0.534375
92.1221001999993	0.534375
92.1382653999999	0.534375
92.1550858999999	0.534375
92.1716928999995	0.534375
92.1881738999991	0.534375
92.2049653999993	0.534375
92.2216484999999	0.534375
92.2379334999996	0.534375
92.2548735999999	0.534375
92.2712623999996	0.534375
92.2881068999995	0.534375
92.3053267999994	0.534375
92.3216429999993	0.534375
92.3379173999992	0.534375
92.3547941999996	0.534375
92.3712525999999	0.534375
92.3881726999998	0.534375
92.4050384999991	0.534375
92.4212372999991	0.534375
92.4384621999998	0.534375
92.4550460999999	0.534375
92.4710139999997	0.534375
92.4878339999996	0.534375
92.5051632999994	0.534375
92.5213477999996	0.534375
92.5381745999994	0.534375
92.5550711999995	0.534375
92.5717442999994	0.534375
92.5882007999999	0.534375
92.6050116999995	0.534375
92.6216809999996	0.534375
92.6383504999994	0.534375
92.6552279999996	0.534375
92.6714919999995	0.534375
92.6883412999996	0.534375
92.7047309	0.534375
92.7218184999992	0.534375
92.7383893999995	0.534375
92.7552681999996	0.534375
92.7718479999994	0.534375
92.7882752999994	0.534375
92.8050495999996	0.534375
92.8211499999998	0.534375
92.8379888999998	0.534375
92.8551216999995	0.534375
92.8715752999997	0.534375
92.8884418999996	0.534375
92.9051735999992	0.534375
92.9216933999996	0.534375
92.9378515999997	0.534375
92.9549717	0.534375
92.9712782999995	0.534375
92.9883327999996	0.534375
93.0049659999995	0.534375
93.0214801999991	0.534375
93.0387121999993	0.534375
93.0549947	0.534375
93.0717709999999	0.534375
93.0885731999997	0.534375
93.1055027999992	0.534375
93.1215341999996	0.534375
93.1381370999998	0.534375
93.1548795999997	0.534375
93.1713461999998	0.534375
93.1880566999998	0.534375
93.2049903999996	0.534375
93.2215069999993	0.534375
93.2379054999992	0.534375
93.2550911999997	0.534375
93.2715257999998	0.534375
93.2887122999991	0.534375
93.3052251999998	0.534375
93.3211259	0.534375
93.3378877999994	0.534375
93.3548052999995	0.534375
93.3715174999998	0.534375
93.3883853999996	0.534375
93.4049108999998	0.534375
93.4211004999997	0.534375
93.4382851999999	0.534375
93.4547924999997	0.534375
93.4716993999991	0.534375
93.4885578999993	0.534375
93.5051148999992	0.534375
93.5215448999998	0.534375
93.5390708999994	0.534375
93.5551006999995	0.534375
93.5713367999997	0.534375
93.5879470999998	0.534375
93.6052446999993	0.534375
93.6210839999994	0.534375
93.6382790999996	0.534375
93.6546592999994	0.534375
93.6715899999999	0.534375
93.6881184999993	0.534375
93.7048207999997	0.534375
93.7212423999999	0.534375
93.7383151999993	0.534375
93.7553510999996	0.534375
93.7715380999998	0.534375
93.7878056999998	0.534375
93.8049191999999	0.534375
93.8212369999992	0.534375
93.8381763999996	0.534375
93.8551544999991	0.534375
93.8716105999993	0.534375
93.8878022999997	0.534375
93.9051216999997	0.534375
93.9212605999992	0.534375
93.9380771999995	0.534375
93.9550767999999	0.534375
93.9715934999995	0.534375
93.9882619999998	0.534375
94.0048000999996	0.534375
94.0214812999993	0.534375
94.0378596999999	0.534375
94.0550275999994	0.534375
94.0722962999998	0.534375
94.0881899999995	0.534375
94.1050480999993	0.534375
94.1212212999999	0.534375
94.1378011999996	0.534375
94.1545816999997	0.534375
94.1710958999993	0.542708333333333
94.1882158999997	0.551041666666667
94.2050775999996	0.56875
94.2215125999992	0.56875
94.2383215999998	0.56875
94.2551445999998	0.577083333333333
94.2715948999994	0.602083333333333
94.2889972999992	0.619791666666667
94.3049771999995	0.619791666666667
94.3213932999997	0.628125
94.3379616999991	0.628125
94.3551238999999	0.628125
94.3716501999997	0.628125
94.3884332999996	0.628125
94.4049492999993	0.628125
94.4228164999995	0.628125
94.4382286999999	0.628125
94.4549555999993	0.628125
94.4715698999998	0.628125
94.4881856999991	0.628125
94.5047293999996	0.628125
94.5214313999995	0.628125
94.5381303999993	0.628125
94.5548439999993	0.628125
94.5718008999993	0.628125
94.5884731999995	0.628125
94.6047615999996	0.628125
94.6218227999998	0.628125
94.6384838999993	0.628125
94.6547136999998	0.628125
94.6713374999999	0.628125
94.6885910999999	0.628125
94.7050369999997	0.628125
94.7213791999993	0.628125
94.7385110999994	0.628125
94.7548306999997	0.628125
94.7713474999991	0.628125
94.7879891999992	0.628125
94.8049581999994	0.628125
94.8214310999992	0.628125
94.8383577999994	0.628125
94.8547746999993	0.628125
94.8711817999992	0.628125
94.8878622999991	0.628125
94.9051984999996	0.628125
94.9222651999999	0.628125
94.9384301999999	0.628125
94.9549039999993	0.628125
94.9713847999992	0.628125
94.9885442999994	0.628125
95.0049601999999	0.628125
95.0211837999996	0.628125
95.0380949999999	0.628125
95.0545172999991	0.628125
95.0716353999996	0.628125
95.0879402999999	0.628125
95.1048353999995	0.628125
95.1214253999997	0.628125
95.1378187999999	0.628125
95.1546445999993	0.628125
95.1715765999998	0.628125
95.1881861999991	0.628125
95.2048397999997	0.628125
95.2217566999998	0.628125
95.2382153999997	0.628125
95.2545283999998	0.628125
95.2711561999995	0.628125
95.2879384999997	0.628125
95.3046306999995	0.628125
95.3216196999992	0.628125
95.3386363999998	0.628125
95.3557201999993	0.628125
95.3714570999991	0.628125
95.3881652	0.628125
95.4051540999999	0.628125
95.4214063999998	0.628125
95.4377951999995	0.628125
95.4551096999994	0.628125
95.4710924999999	0.628125
95.4878562999993	0.628125
95.5049235999995	0.628125
95.5213611999998	0.628125
95.5383250999994	0.628125
95.5549642999995	0.628125
95.5714287999999	0.628125
95.5880959999995	0.628125
95.6049151999996	0.628125
95.6215327999998	0.628125
95.6385861999997	0.628125
95.6548060999994	0.628125
95.6714273999996	0.628125
95.6882638999996	0.628125
95.7047804999993	0.628125
95.7214758999999	0.628125
95.7382527999998	0.628125
95.7549456999996	0.628125
95.7714265999994	0.628125
95.7881868999993	0.628125
95.8050721999998	0.628125
95.8210717999991	0.628125
95.8377900999994	0.628125
95.8550279999999	0.628125
95.8712137999992	0.628125
95.8879654999992	0.628125
95.904963	0.628125
95.9213454999999	0.628125
95.9378072999998	0.628125
95.9548091999995	0.628125
95.9713899999997	0.628125
95.9880045999998	0.628125
96.0050248999996	0.628125
96.0331739999992	0.628125
96.0553325999999	0.628125
96.0714200999992	0.628125
96.0881885999997	0.628125
96.1048660999995	0.628125
96.1212891999994	0.628125
96.1380184	0.628125
96.1549892999992	0.628125
96.1713338999998	0.628125
96.1879580999994	0.628125
96.2048667999998	0.628125
96.2209175999997	0.628125
96.2377022999999	0.628125
96.2551684999999	0.628125
96.2714078999998	0.628125
96.2879427999997	0.628125
96.3053100999996	0.628125
96.3215800999997	0.628125
96.3380447	0.628125
96.3548656999992	0.628125
96.3713813999993	0.628125
96.3877186999998	0.628125
96.4053113999998	0.628125
96.4209824999998	0.628125
96.4379461999997	0.628125
96.4549300999997	0.628125
96.4709834999994	0.628125
96.4877116999996	0.628125
96.5049886999996	0.628125
96.5212386999992	0.628125
96.5379623999997	0.628125
96.5550922999992	0.628125
96.5711060999993	0.628125
96.5880031999995	0.628125
96.6052189999991	0.628125
96.6211266999999	0.628125
96.6377088999998	0.628125
96.6547134999992	0.628125
96.6715220999995	0.628125
96.6883771999992	0.628125
96.7049836999995	0.628125
96.7214290999991	0.628125
96.7377192999993	0.628125
96.7548571999996	0.628125
96.7712637999994	0.628125
96.7880438999991	0.628125
96.8049492	0.628125
96.8212721999998	0.628125
96.8379953999993	0.628125
96.8554076999999	0.628125
96.8712235999992	0.628125
96.8879670999995	0.628125
96.9049407999992	0.628125
96.9213759999993	0.628125
96.9377873999993	0.628125
96.9546104999999	0.628125
96.9720862999993	0.628125
96.9885017999995	0.628125
97.0050459999993	0.628125
97.0213003999997	0.628125
97.0377847999998	0.628125
97.0548183999999	0.628125
97.0714744999996	0.628125
97.0878664999991	0.628125
97.1049352999999	0.628125
97.1209799999997	0.628125
97.1377757999999	0.628125
97.1549186999991	0.628125
97.1711694999995	0.628125
97.1879105999997	0.628125
97.2049326999995	0.628125
97.2210713999993	0.628125
97.2380176999995	0.628125
97.2549378999993	0.628125
97.2713647999999	0.628125
97.2878929999997	0.628125
97.3048589999999	0.628125
97.3211961999996	0.628125
97.3377281999992	0.628125
97.3548547999999	0.628125
97.3711630999996	0.628125
97.3882104999993	0.628125
97.4048925999996	0.628125
97.4212405999997	0.628125
97.4380408999996	0.628125
97.4549379999999	0.628125
97.4711931999991	0.628125
97.4877976999996	0.628125
97.5048371999992	0.628125
97.5214171999996	0.628125
97.5382078999992	0.628125
97.5548715999994	0.628125
97.5710752999994	0.628125
97.5878081999999	0.628125
97.6052133999992	0.628125
97.6215008999998	0.628125
97.6380771999993	0.628125
97.6565373999993	0.628125
97.6716750999994	0.628125
97.6883166999996	0.628125
97.70453	0.628125
97.7213496999993	0.628125
97.7382322999993	0.628125
97.7545403999993	0.628125
97.7716269999992	0.628125
97.7882339999996	0.628125
97.8051111999994	0.628125
97.8213944999998	0.628125
97.8381755999999	0.628125
97.8545015	0.628125
97.8710285999996	0.628125
97.8879236999992	0.628125
97.9091704999992	0.628125
97.9215951999995	0.628125
97.9378554999994	0.628125
97.9545688999997	0.628125
97.9714322	0.628125
97.9879054999992	0.628125
98.0047955999999	0.628125
98.0216909999999	0.628125
98.0379191999991	0.628125
98.0550145999996	0.628125
98.0714558999998	0.628125
98.0878475999998	0.628125
98.1049576999994	0.628125
98.1212338999994	0.628125
98.1377251999993	0.628125
98.1551673999993	0.628125
98.1718650999992	0.628125
98.1882481999992	0.6375
98.2052133999996	0.645833333333333
98.2216666999993	0.654166666666667
98.2378217999994	0.654166666666667
98.2547185999993	0.654166666666667
98.2709539999996	0.654166666666667
98.2879929999999	0.654166666666667
98.3047766	0.654166666666667
98.3214222999995	0.654166666666667
98.3377410999992	0.654166666666667
98.3547595	0.654166666666667
98.3718851999993	0.654166666666667
98.3878814	0.654166666666667
98.4050410999998	0.654166666666667
98.4214459999994	0.654166666666667
98.4379571999998	0.654166666666667
98.4546998999995	0.654166666666667
98.4714148999992	0.654166666666667
98.4881925	0.654166666666667
98.5049793999997	0.654166666666667
98.5210305999999	0.654166666666667
98.5378680999993	0.654166666666667
98.5551163999999	0.654166666666667
98.5714111999996	0.654166666666667
98.5879111999993	0.654166666666667
98.6049352	0.654166666666667
98.6215312999993	0.654166666666667
98.6383231	0.654166666666667
98.6549821999997	0.654166666666667
98.6715144	0.654166666666667
98.6878925999999	0.654166666666667
98.7050526999992	0.654166666666667
98.7213933999992	0.654166666666667
98.7377578999995	0.654166666666667
98.7549826999993	0.654166666666667
98.7710274999999	0.654166666666667
98.7882960999996	0.654166666666667
98.8049916	0.654166666666667
98.8211167999998	0.654166666666667
98.8377819999996	0.654166666666667
98.8547487999995	0.654166666666667
98.8713013999995	0.654166666666667
98.8879718999997	0.654166666666667
98.9049092999994	0.654166666666667
98.9217709999994	0.654166666666667
98.9379836999997	0.654166666666667
98.9546645999999	0.654166666666667
98.9714683999991	0.654166666666667
98.9880915999993	0.654166666666667
99.0047880999991	0.654166666666667
99.0216415999994	0.654166666666667
99.0379798999993	0.654166666666667
99.0547590999995	0.654166666666667
99.0715619999992	0.654166666666667
99.0878475	0.654166666666667
99.1048455	0.654166666666667
99.1214486999997	0.654166666666667
99.1377647999998	0.654166666666667
99.1549294999995	0.654166666666667
99.1714821999994	0.654166666666667
99.1878006999996	0.654166666666667
99.2046007999998	0.654166666666667
99.2214899999999	0.654166666666667
99.2377998999991	0.654166666666667
99.2547892999992	0.654166666666667
99.2712281999993	0.654166666666667
99.2877516999997	0.654166666666667
99.3043545999999	0.654166666666667
99.3214174999994	0.654166666666667
99.3378963999994	0.654166666666667
99.3546428	0.654166666666667
99.3721886999992	0.654166666666667
99.3879493999993	0.654166666666667
99.4046707999996	0.654166666666667
99.4213900999994	0.654166666666667
99.4380339999998	0.654166666666667
99.4545086999997	0.654166666666667
99.4716079999998	0.654166666666667
99.4877761999996	0.654166666666667
99.5089677999995	0.654166666666667
99.5214625999997	0.654166666666667
99.5383265999999	0.654166666666667
99.5546250999996	0.654166666666667
99.5714323999991	0.654166666666667
99.5878771999996	0.654166666666667
99.6045588999996	0.6625
99.6215474999999	0.671875
99.6379766	0.671875
99.6544909999993	0.671875
99.6709529999998	0.671875
99.6879421999993	0.671875
99.7050792999999	0.671875
99.7214338999993	0.671875
99.7380680999995	0.671875
99.7550007999998	0.671875
99.7708917	0.671875
99.7878959	0.671875
99.8049306999992	0.671875
99.8214693	0.671875
99.8379112999992	0.671875
99.8546606	0.671875
99.8714836999998	0.671875
99.8881156999996	0.671875
99.904724	0.671875
99.9214001999999	0.671875
99.9382470999999	0.671875
99.9547055999992	0.671875
99.9711468999994	0.671875
99.9882824999995	0.671875
100.0046579	0.671875
100.021210299999	0.671875
100.037638299999	0.671875
100.054834199999	0.671875
100.0710837	0.671875
100.0877021	0.671875
100.1051178	0.671875
100.120911399999	0.671875
100.137728299999	0.671875
100.154839899999	0.671875
100.171438699999	0.671875
100.187883099999	0.671875
100.204948199999	0.68125
100.221461399999	0.68125
100.237982799999	0.68125
100.254409599999	0.68125
100.270949199999	0.68125
100.287635899999	0.68125
100.3043743	0.68125
100.321595799999	0.68125
100.3377143	0.68125
100.354856299999	0.68125
100.3713172	0.68125
100.387828899999	0.68125
100.4052703	0.68125
100.4214796	0.68125
100.4379111	0.68125
100.4551653	0.68125
100.4710938	0.68125
100.488202199999	0.68125
100.504625699999	0.68125
100.5214017	0.68125
100.5377032	0.68125
100.554533099999	0.68125
100.5713871	0.68125
100.588406899999	0.68125
100.604734799999	0.68125
100.621559499999	0.68125
100.637631899999	0.68125
100.654909	0.68125
100.6713899	0.68125
100.6877476	0.68125
100.704755799999	0.68125
100.7214281	0.68125
100.737641899999	0.68125
100.754818699999	0.68125
100.7708285	0.68125
100.787709599999	0.68125
100.804883	0.68125
100.8210553	0.68125
100.8377862	0.68125
100.8552087	0.68125
100.8711187	0.68125
100.8876383	0.68125
100.9051903	0.68125
100.9213559	0.68125
100.937966199999	0.68125
100.9548343	0.68125
100.971224499999	0.68125
100.9881102	0.68125
101.0045906	0.68125
101.0212678	0.68125
101.0375963	0.68125
101.054861799999	0.68125
101.071547	0.68125
101.0878138	0.68125
101.104543699999	0.68125
101.121545	0.68125
101.137778099999	0.68125
101.1546866	0.68125
101.1714039	0.68125
101.1880599	0.68125
101.2048349	0.68125
101.221416699999	0.68125
101.237555	0.68125
101.2548293	0.68125
101.271468999999	0.68125
101.2876603	0.68125
101.304926	0.68125
101.3217909	0.68125
101.3380398	0.68125
101.3547715	0.68125
101.371751299999	0.68125
101.3877674	0.68125
101.4048157	0.68125
101.4212314	0.68125
101.4379929	0.68125
101.4548287	0.68125
101.471456599999	0.68125
101.487720499999	0.68125
101.5047876	0.68125
101.5215485	0.68125
101.5378707	0.68125
101.5547884	0.68125
101.5716366	0.68125
101.588123099999	0.68125
101.604708499999	0.68125
101.621738	0.68125
101.637680399999	0.68125
101.654573999999	0.68125
101.671477999999	0.68125
101.6876815	0.68125
101.704600499999	0.68125
101.721317699999	0.68125
101.7379335	0.68125
101.7551041	0.68125
101.771411299999	0.68125
101.787977999999	0.68125
101.8050869	0.68125
101.8214069	0.68125
101.8377685	0.68125
101.8547265	0.68125
101.871566	0.68125
101.888230799999	0.68125
101.9045545	0.68125
101.9213598	0.68125
101.9377613	0.68125
101.9548841	0.68125
101.971135199999	0.68125
101.9880931	0.68125
102.0048259	0.68125
102.0214516	0.68125
102.0377837	0.68125
102.054544	0.68125
102.071308099999	0.68125
102.087908799999	0.68125
102.104521599999	0.68125
102.120939799999	0.68125
102.137521299999	0.68125
102.154473199999	0.68125
102.170862499999	0.68125
102.1878763	0.68125
102.2046407	0.68125
102.221383999999	0.68125
102.2377478	0.68125
102.254650999999	0.68125
102.271336999999	0.68125
102.288101499999	0.68125
102.304834799999	0.68125
102.3214756	0.68125
102.3381253	0.68125
102.3546129	0.68125
102.3712533	0.68125
102.387806199999	0.68125
102.4046659	0.68125
102.421439399999	0.68125
102.4377436	0.68125
102.454670499999	0.68125
102.471387099999	0.68125
102.4878592	0.68125
102.504606799999	0.68125
102.521471599999	0.68125
102.5378727	0.68125
102.5543597	0.68125
102.5713927	0.68125
102.587578799999	0.68125
102.6046989	0.68125
102.6211002	0.68125
102.637995399999	0.68125
102.6546825	0.68125
102.671748199999	0.68125
102.6880483	0.68125
102.704867799999	0.68125
102.7215313	0.68125
102.737889999999	0.68125
102.754772499999	0.68125
102.7713655	0.68125
102.787825799999	0.68125
102.8046423	0.68125
102.8213909	0.68125
102.8375405	0.68125
102.854333499999	0.68125
102.8714292	0.68125
102.8875296	0.68125
102.904634099999	0.68125
102.9214237	0.68125
102.9374493	0.68125
102.9546636	0.68125
102.9717408	0.68125
102.988157899999	0.68125
103.004923799999	0.68125
103.0216161	0.68125
103.0375822	0.68125
103.0544584	0.68125
103.071180499999	0.68125
103.088113999999	0.68125
103.1044889	0.68125
103.1213196	0.68125
103.137599299999	0.68125
103.1549184	0.68125
103.1714935	0.68125
103.1878738	0.68125
103.2048913	0.68125
103.2214064	0.68125
103.237961899999	0.68125
103.2543621	0.68125
103.271293299999	0.68125
103.288140899999	0.68125
103.304527599999	0.68125
103.3216685	0.68125
103.338037099999	0.68125
103.354527699999	0.68125
103.3712166	0.68125
103.387854099999	0.68125
103.4045939	0.68125
103.4212787	0.68125
103.4379524	0.68125
103.4544975	0.68125
103.471369499999	0.68125
103.4880441	0.68125
103.504436599999	0.68125
103.521316699999	0.68125
103.537706599999	0.68125
103.5547342	0.68125
103.571424	0.68125
103.5879976	0.68125
103.6048758	0.68125
103.621718599999	0.68125
103.637579499999	0.68125
103.654589999999	0.68125
103.6715754	0.68125
103.688164699999	0.68125
103.704623799999	0.68125
103.7214669	0.68125
103.7377227	0.68125
103.754839099999	0.68125
103.7711744	0.68125
103.787908599999	0.68125
103.804414099999	0.68125
103.8215334	0.68125
103.8379934	0.68125
103.8545752	0.68125
103.871335	0.68125
103.8878661	0.68125
103.904455899999	0.68125
103.9212947	0.68125
103.9376962	0.68125
103.954825399999	0.68125
103.9712733	0.68125
103.987932599999	0.68125
104.0047833	0.68125
104.0213392	0.68125
104.0378162	0.68125
104.0541937	0.68125
104.071183399999	0.68125
104.088182799999	0.68125
104.1041593	0.68125
104.120953799999	0.68125
104.1382318	0.68125
104.1541761	0.68125
104.1714057	0.68125
104.1879425	0.68125
104.204398499999	0.68125
104.221387299999	0.68125
104.237904899999	0.68125
104.254593	0.68125
104.271297499999	0.68125
104.287755699999	0.68125
104.3044212	0.68125
104.3214911	0.68125
104.3374187	0.68125
104.3540698	0.68125
104.371442	0.68125
104.388340799999	0.68125
104.404231899999	0.68125
104.4212946	0.68125
104.437771299999	0.68125
104.454258299999	0.68125
104.470942	0.68125
104.488165799999	0.68125
104.503993699999	0.68125
104.5214086	0.68125
104.537857599999	0.68125
104.5547367	0.68125
104.5709798	0.68125
104.588037099999	0.68125
104.604599499999	0.68125
104.6214585	0.68125
104.637913799999	0.68125
104.6545423	0.68125
104.671087999999	0.68125
104.687781299999	0.68125
104.7045467	0.68125
104.721316499999	0.68125
104.738066299999	0.68125
104.7543989	0.68125
104.7714971	0.68125
104.787824399999	0.68125
104.804091399999	0.68125
104.8209701	0.68125
104.8376941	0.68125
104.854239499999	0.68125
104.871593499999	0.68125
104.8879755	0.68125
104.904417399999	0.68125
104.921317599999	0.68125
104.9378357	0.68125
104.954800699999	0.68125
104.9714169	0.68125
104.987874599999	0.68125
105.0045954	0.68125
105.0211258	0.68125
105.0381149	0.68125
105.0542828	0.68125
105.071161899999	0.68125
105.0878728	0.68125
105.1046909	0.68125
105.1213871	0.68125
105.1379588	0.68125
105.154365699999	0.68125
105.1716563	0.68125
105.1880759	0.68125
105.204362099999	0.68125
105.220912799999	0.68125
105.2375321	0.68125
105.2540363	0.68125
105.270924799999	0.68125
105.2879908	0.68125
105.304079199999	0.68125
105.321429799999	0.68125
105.337782099999	0.68125
105.354629199999	0.68125
105.371153399999	0.68125
105.3878452	0.68125
105.404459599999	0.68125
105.421181899999	0.68125
105.437654599999	0.68125
105.454483	0.68125
105.471469399999	0.68125
105.4878829	0.68125
105.5043147	0.68125
105.521244	0.68125
105.537537599999	0.68125
105.5540845	0.68125
105.5712613	0.68125
105.5878483	0.68125
105.6045889	0.68125
105.6212946	0.68125
105.6377328	0.68125
105.6541932	0.68125
105.671487099999	0.68125
105.6874429	0.68125
105.7042131	0.68125
105.721396999999	0.68125
105.7378007	0.68125
105.754386799999	0.68125
105.7713225	0.68125
105.787818899999	0.68125
105.804486399999	0.68125
105.8213096	0.68125
105.8377802	0.68125
105.8541332	0.68125
105.8711298	0.68125
105.887706199999	0.68125
105.904210799999	0.68125
105.9215343	0.68125
105.9379216	0.68125
105.954223399999	0.68125
105.9712794	0.68125
105.9879193	0.68125
106.0044386	0.68125
106.021088699999	0.68125
106.037829	0.68125
106.054780099999	0.68125
106.0713686	0.68125
106.0878183	0.68125
106.104364299999	0.68125
106.121152199999	0.68125
106.137878899999	0.68125
106.1543655	0.68125
106.171331299999	0.68125
106.187922499999	0.68125
106.2044495	0.68125
106.2214103	0.68125
106.2378578	0.68125
106.254175499999	0.68125
106.2705449	0.68125
106.2880685	0.68125
106.304158899999	0.68125
106.3214546	0.68125
106.3377376	0.68125
106.3547079	0.68125
106.3713103	0.68125
106.3881372	0.68125
106.404424699999	0.68125
106.421187	0.68125
106.438034	0.68125
106.454546499999	0.68125
106.4712344	0.68125
106.487336499999	0.68125
106.5042807	0.68125
106.520984799999	0.68125
106.537701699999	0.68125
106.5544782	0.68125
106.571180299999	0.68125
106.5877352	0.68125
106.604096999999	0.68125
106.620805299999	0.68125
106.6380499	0.68125
106.6549053	0.68125
106.6714379	0.68125
106.6880321	0.689583333333333
106.704438399999	0.689583333333333
106.7216609	0.715625
106.7378522	0.715625
106.754255399999	0.723958333333333
106.771442699999	0.723958333333333
106.7879421	0.740625
106.8041085	0.748958333333333
106.8212655	0.758333333333333
106.838139699999	0.766666666666667
106.8544769	0.784375
106.8713057	0.792708333333333
106.888045799999	0.792708333333333
106.9046506	0.801041666666667
106.921059099999	0.801041666666667
106.937656399999	0.801041666666667
106.954499099999	0.801041666666667
106.971053499999	0.801041666666667
106.987367799999	0.801041666666667
107.004455699999	0.801041666666667
107.0213814	0.801041666666667
107.037842799999	0.801041666666667
107.0542406	0.801041666666667
107.0710461	0.801041666666667
107.087766	0.801041666666667
107.104515499999	0.801041666666667
107.1211318	0.801041666666667
107.137802599999	0.801041666666667
107.1545153	0.801041666666667
107.171293599999	0.801041666666667
107.1878048	0.801041666666667
107.2045902	0.801041666666667
107.221173	0.801041666666667
107.237519699999	0.801041666666667
107.2549512	0.801041666666667
107.270999799999	0.801041666666667
107.287824	0.801041666666667
107.3046343	0.801041666666667
107.3210832	0.801041666666667
107.337666099999	0.801041666666667
107.354592199999	0.801041666666667
107.371185	0.801041666666667
107.3876044	0.801041666666667
107.4045539	0.801041666666667
107.4210304	0.801041666666667
107.437681799999	0.801041666666667
107.4540712	0.801041666666667
107.4712393	0.801041666666667
107.4878044	0.801041666666667
107.5046875	0.801041666666667
107.521058699999	0.801041666666667
107.537538799999	0.801041666666667
107.5543748	0.801041666666667
107.570681599999	0.801041666666667
107.5873729	0.801041666666667
107.604465699999	0.801041666666667
107.6208158	0.801041666666667
107.6374547	0.801041666666667
107.6543532	0.801041666666667
107.6712227	0.801041666666667
107.687660199999	0.801041666666667
107.704521299999	0.801041666666667
107.721398299999	0.801041666666667
107.737645499999	0.801041666666667
107.7550647	0.801041666666667
107.771149599999	0.801041666666667
107.78781	0.801041666666667
107.804758699999	0.801041666666667
107.821046499999	0.801041666666667
107.8377009	0.801041666666667
107.854787499999	0.801041666666667
107.870864799999	0.801041666666667
107.887733699999	0.801041666666667
107.9044207	0.801041666666667
107.9213303	0.801041666666667
107.937730199999	0.801041666666667
107.954469699999	0.801041666666667
107.971441899999	0.801041666666667
107.987435	0.801041666666667
108.004308699999	0.801041666666667
108.0211715	0.801041666666667
108.0380225	0.801041666666667
108.054381899999	0.801041666666667
108.0707562	0.801041666666667
108.087677199999	0.801041666666667
108.1043879	0.801041666666667
108.1209013	0.801041666666667
108.1377269	0.801041666666667
108.1544502	0.801041666666667
108.171323	0.801041666666667
108.1875769	0.801041666666667
108.204471999999	0.801041666666667
108.2215827	0.801041666666667
108.2377202	0.801041666666667
108.2542175	0.801041666666667
108.2712465	0.801041666666667
108.2877847	0.801041666666667
108.3046134	0.801041666666667
108.3207428	0.801041666666667
108.337732499999	0.801041666666667
108.3542257	0.801041666666667
108.3713209	0.801041666666667
108.387787299999	0.801041666666667
108.404250099999	0.801041666666667
108.4208878	0.801041666666667
108.4376735	0.801041666666667
108.454957999999	0.801041666666667
108.4713224	0.801041666666667
108.487624199999	0.801041666666667
108.504505299999	0.801041666666667
108.520748299999	0.801041666666667
108.537360099999	0.801041666666667
108.554472399999	0.801041666666667
108.5711309	0.801041666666667
108.5876063	0.801041666666667
108.604383999999	0.801041666666667
108.621236	0.801041666666667
108.637457899999	0.801041666666667
108.654449199999	0.801041666666667
108.671726699999	0.801041666666667
108.687397799999	0.801041666666667
108.7042666	0.801041666666667
108.721286	0.801041666666667
108.737748099999	0.801041666666667
108.754286699999	0.801041666666667
108.7711878	0.801041666666667
108.787633999999	0.801041666666667
108.8044357	0.801041666666667
108.821199499999	0.801041666666667
108.8376007	0.801041666666667
108.8544247	0.801041666666667
108.871308899999	0.801041666666667
108.8877532	0.801041666666667
108.9045201	0.801041666666667
108.9210741	0.801041666666667
108.937450099999	0.801041666666667
108.9540172	0.801041666666667
108.971282799999	0.801041666666667
108.987603299999	0.801041666666667
109.0039431	0.801041666666667
109.020981199999	0.801041666666667
109.0376897	0.801041666666667
109.0545119	0.801041666666667
109.0714148	0.801041666666667
109.0876215	0.801041666666667
109.104356399999	0.801041666666667
109.1212999	0.801041666666667
109.137783499999	0.801041666666667
109.1544225	0.801041666666667
109.1712066	0.801041666666667
109.187714299999	0.801041666666667
109.2040884	0.801041666666667
109.221202299999	0.801041666666667
109.237861899999	0.801041666666667
109.253945699999	0.801041666666667
109.2708121	0.801041666666667
109.287712699999	0.801041666666667
109.3041084	0.801041666666667
109.320825299999	0.801041666666667
109.3377419	0.801041666666667
109.3545816	0.801041666666667
109.3710867	0.801041666666667
109.3876728	0.801041666666667
109.404468999999	0.801041666666667
109.4214157	0.801041666666667
109.437675599999	0.801041666666667
109.454544099999	0.801041666666667
109.4711743	0.801041666666667
109.487555	0.801041666666667
109.5041618	0.801041666666667
109.5207425	0.801041666666667
109.5375575	0.801041666666667
109.5546528	0.801041666666667
109.571154099999	0.801041666666667
109.5875761	0.801041666666667
109.6048646	0.801041666666667
109.620885099999	0.801041666666667
109.6376793	0.801041666666667
109.6546338	0.801041666666667
109.6714641	0.801041666666667
109.6878769	0.801041666666667
109.7045198	0.801041666666667
109.7211688	0.801041666666667
109.737472999999	0.801041666666667
109.754489999999	0.801041666666667
109.7712444	0.801041666666667
109.7876173	0.801041666666667
109.8044008	0.801041666666667
109.821090599999	0.801041666666667
109.8377968	0.801041666666667
109.8545059	0.801041666666667
109.870906599999	0.801041666666667
109.8875357	0.801041666666667
109.904508899999	0.801041666666667
109.9212272	0.801041666666667
109.9376206	0.801041666666667
109.9544934	0.801041666666667
109.971233599999	0.801041666666667
109.987451499999	0.801041666666667
110.0043557	0.801041666666667
110.021109699999	0.801041666666667
110.037531399999	0.801041666666667
110.0539626	0.801041666666667
110.0706881	0.801041666666667
110.087770499999	0.801041666666667
110.104616099999	0.801041666666667
110.1209592	0.801041666666667
110.137745999999	0.801041666666667
110.1544508	0.801041666666667
110.1712757	0.801041666666667
110.187853799999	0.801041666666667
110.2040871	0.801041666666667
110.220629799999	0.801041666666667
110.237206199999	0.801041666666667
110.2544479	0.801041666666667
110.2713844	0.801041666666667
110.2877598	0.801041666666667
110.3044008	0.801041666666667
110.321276799999	0.801041666666667
110.3376204	0.801041666666667
110.354208399999	0.801041666666667
110.371035499999	0.801041666666667
110.3876383	0.801041666666667
110.404599099999	0.801041666666667
110.4212395	0.801041666666667
110.4377273	0.801041666666667
110.4541622	0.801041666666667
110.471126699999	0.801041666666667
110.487525699999	0.801041666666667
110.5044192	0.801041666666667
110.5211334	0.801041666666667
110.5378775	0.801041666666667
110.554558299999	0.801041666666667
110.5711629	0.801041666666667
110.5879294	0.801041666666667
110.604262	0.801041666666667
110.6208842	0.801041666666667
110.637894	0.801041666666667
110.6544261	0.801041666666667
110.6712608	0.801041666666667
110.6874049	0.801041666666667
110.704172299999	0.801041666666667
110.7210926	0.801041666666667
110.737689199999	0.801041666666667
110.7540204	0.801041666666667
110.7707052	0.801041666666667
110.7876805	0.801041666666667
110.804351199999	0.801041666666667
110.820797099999	0.801041666666667
110.8377364	0.801041666666667
110.854538799999	0.801041666666667
110.8712466	0.801041666666667
110.887580899999	0.801041666666667
110.9041822	0.801041666666667
110.921211499999	0.801041666666667
110.9376772	0.801041666666667
110.9545942	0.801041666666667
110.9710134	0.801041666666667
110.9875426	0.801041666666667
111.0041168	0.801041666666667
111.0210861	0.801041666666667
111.0380497	0.801041666666667
111.054336599999	0.801041666666667
111.0714954	0.801041666666667
111.0877654	0.801041666666667
111.104638399999	0.801041666666667
111.120922999999	0.801041666666667
111.137556999999	0.801041666666667
111.1541982	0.801041666666667
111.1711104	0.801041666666667
111.187708099999	0.801041666666667
111.2041848	0.801041666666667
111.221083199999	0.801041666666667
111.237611199999	0.801041666666667
111.254516	0.801041666666667
111.2710885	0.801041666666667
111.287307299999	0.801041666666667
111.304574999999	0.801041666666667
111.320959299999	0.801041666666667
111.3374458	0.801041666666667
111.3545981	0.801041666666667
111.371147299999	0.801041666666667
111.387606099999	0.801041666666667
111.404250699999	0.801041666666667
111.4208757	0.801041666666667
111.437933599999	0.801041666666667
111.454528699999	0.801041666666667
111.4706969	0.801041666666667
111.487944199999	0.801041666666667
111.504098699999	0.801041666666667
111.5210251	0.801041666666667
111.5378366	0.801041666666667
111.554904199999	0.801041666666667
111.571033499999	0.801041666666667
111.5873241	0.801041666666667
111.6046846	0.801041666666667
111.621135799999	0.801041666666667
111.637336299999	0.801041666666667
111.655088199999	0.801041666666667
111.671180099999	0.801041666666667
111.6876863	0.801041666666667
111.7044227	0.801041666666667
111.720594599999	0.801041666666667
111.737474299999	0.801041666666667
111.7547083	0.801041666666667
111.7708588	0.801041666666667
111.7883156	0.801041666666667
111.804474699999	0.801041666666667
111.821006499999	0.801041666666667
111.8370188	0.801041666666667
111.854155599999	0.801041666666667
111.8711624	0.801041666666667
111.8872488	0.801041666666667
111.9049145	0.801041666666667
111.921159799999	0.801041666666667
111.937412699999	0.801041666666667
111.954571499999	0.801041666666667
111.970761099999	0.801041666666667
111.9881041	0.801041666666667
112.004095499999	0.801041666666667
112.0210407	0.801041666666667
112.037611299999	0.801041666666667
112.0544507	0.801041666666667
112.0709167	0.801041666666667
112.087349199999	0.801041666666667
112.104501399999	0.801041666666667
112.120833499999	0.801041666666667
112.1374624	0.801041666666667
112.1540139	0.801041666666667
112.1706459	0.801041666666667
112.187179299999	0.801041666666667
112.204313499999	0.801041666666667
112.2213151	0.801041666666667
112.237195899999	0.801041666666667
112.2545609	0.801041666666667
112.271079499999	0.801041666666667
112.287401699999	0.801041666666667
112.304406499999	0.801041666666667
112.320711699999	0.801041666666667
112.3374998	0.801041666666667
112.354059099999	0.801041666666667
112.370884	0.801041666666667
112.387619399999	0.801041666666667
112.404420299999	0.801041666666667
112.421111199999	0.801041666666667
112.4373649	0.801041666666667
112.4546358	0.801041666666667
112.471086	0.801041666666667
112.4876116	0.801041666666667
112.5044829	0.801041666666667
112.520949	0.801041666666667
112.5375716	0.801041666666667
112.554469299999	0.801041666666667
112.570691499999	0.801041666666667
112.5871355	0.801041666666667
112.604280199999	0.801041666666667
112.6211236	0.801041666666667
112.637651999999	0.801041666666667
112.6543812	0.801041666666667
112.670929899999	0.801041666666667
112.6875425	0.801041666666667
112.703897699999	0.801041666666667
112.7204752	0.801041666666667
112.737226599999	0.801041666666667
112.7539842	0.801041666666667
112.770878699999	0.801041666666667
112.787609399999	0.801041666666667
112.8046792	0.801041666666667
112.8212808	0.801041666666667
112.837021599999	0.801041666666667
112.8540162	0.801041666666667
112.871206399999	0.801041666666667
112.8874643	0.801041666666667
112.9039864	0.801041666666667
112.9209572	0.801041666666667
112.937466099999	0.801041666666667
112.954171599999	0.801041666666667
112.971237899999	0.809375
112.987501199999	0.809375
113.0043581	0.809375
113.021184499999	0.809375
113.037332399999	0.809375
113.054106	0.809375
113.0711585	0.809375
113.0874771	0.809375
113.104054099999	0.809375
113.1208602	0.809375
113.1375048	0.826041666666667
113.15472	0.826041666666667
113.1710095	0.826041666666667
113.1874528	0.826041666666667
113.2044953	0.826041666666667
113.2209816	0.826041666666667
113.2374578	0.826041666666667
113.2541437	0.826041666666667
113.271483799999	0.826041666666667
113.2875298	0.826041666666667
113.304465699999	0.826041666666667
113.3211329	0.826041666666667
113.336955399999	0.826041666666667
113.354221699999	0.826041666666667
113.3712497	0.826041666666667
113.3874532	0.826041666666667
113.4045042	0.826041666666667
113.4209511	0.826041666666667
113.437543499999	0.826041666666667
113.4543306	0.826041666666667
113.471146899999	0.826041666666667
113.487287499999	0.826041666666667
113.5043785	0.826041666666667
113.5210781	0.826041666666667
113.537033699999	0.826041666666667
113.554514099999	0.826041666666667
113.5709367	0.826041666666667
113.587742	0.826041666666667
113.604619199999	0.826041666666667
113.620877699999	0.826041666666667
113.6373976	0.826041666666667
113.6543224	0.826041666666667
113.6712621	0.826041666666667
113.6869239	0.826041666666667
113.7041346	0.826041666666667
113.7207566	0.826041666666667
113.7377369	0.826041666666667
113.753999	0.826041666666667
113.7708599	0.826041666666667
113.787702199999	0.826041666666667
113.8039012	0.826041666666667
113.8210983	0.826041666666667
113.837098399999	0.826041666666667
113.8544033	0.826041666666667
113.870918099999	0.826041666666667
113.8870958	0.826041666666667
113.9045176	0.826041666666667
113.9210845	0.826041666666667
113.937246	0.826041666666667
113.954453099999	0.826041666666667
113.9711112	0.826041666666667
113.987362899999	0.826041666666667
114.0044708	0.826041666666667
114.0209146	0.826041666666667
114.0374297	0.826041666666667
114.054284899999	0.826041666666667
114.070929199999	0.826041666666667
114.087098399999	0.826041666666667
114.1039021	0.826041666666667
114.1209713	0.826041666666667
114.1373871	0.826041666666667
114.1543236	0.826041666666667
114.1711171	0.826041666666667
114.1873853	0.826041666666667
114.2046991	0.826041666666667
114.221036299999	0.826041666666667
114.2374451	0.826041666666667
114.254132499999	0.826041666666667
114.2709656	0.826041666666667
114.28703	0.826041666666667
114.304095699999	0.826041666666667
114.3208814	0.826041666666667
114.3369764	0.826041666666667
114.354580499999	0.826041666666667
114.370935	0.826041666666667
114.3872617	0.826041666666667
114.4045105	0.826041666666667
114.4209935	0.826041666666667
114.437321099999	0.826041666666667
114.4542807	0.826041666666667
114.470950399999	0.826041666666667
114.4875887	0.826041666666667
114.504257199999	0.826041666666667
114.520676499999	0.826041666666667
114.5375304	0.826041666666667
114.553950799999	0.826041666666667
114.570661299999	0.826041666666667
114.587385299999	0.826041666666667
114.6042355	0.826041666666667
114.620600699999	0.81875
114.637427199999	0.81875
114.654454199999	0.81875
114.670834299999	0.81875
114.68694	0.81875
114.704051999999	0.81875
114.7201669	0.81875
114.7370996	0.809375
114.7544394	0.809375
114.7710681	0.809375
114.787410299999	0.809375
114.804334799999	0.809375
114.8209454	0.801041666666667
114.837393299999	0.801041666666667
114.8538909	0.801041666666667
114.870873999999	0.801041666666667
114.8873623	0.801041666666667
114.9044626	0.801041666666667
114.9209286	0.801041666666667
114.9372931	0.801041666666667
114.954354099999	0.801041666666667
114.970915899999	0.801041666666667
114.987289799999	0.801041666666667
115.0040469	0.801041666666667
115.0208877	0.801041666666667
115.0372203	0.801041666666667
115.054508499999	0.801041666666667
115.0708914	0.801041666666667
115.087210799999	0.801041666666667
115.1042732	0.801041666666667
115.1213527	0.801041666666667
115.1372359	0.801041666666667
115.1545563	0.801041666666667
115.171153599999	0.801041666666667
115.1873097	0.801041666666667
115.2042739	0.801041666666667
115.220807799999	0.801041666666667
115.2370776	0.801041666666667
115.2540247	0.801041666666667
115.271017499999	0.801041666666667
115.2876612	0.801041666666667
115.304165299999	0.801041666666667
115.3209818	0.801041666666667
115.3370258	0.801041666666667
115.354546899999	0.801041666666667
115.3708547	0.801041666666667
115.3869694	0.801041666666667
115.4039917	0.801041666666667
115.4206157	0.801041666666667
115.437101899999	0.801041666666667
115.4543015	0.801041666666667
115.4710164	0.801041666666667
115.4873388	0.801041666666667
115.504026899999	0.801041666666667
115.520852899999	0.801041666666667
115.537344099999	0.801041666666667
115.554306399999	0.801041666666667
115.570878799999	0.801041666666667
115.5875496	0.801041666666667
115.6044225	0.801041666666667
115.620751199999	0.801041666666667
115.6377152	0.801041666666667
115.6538917	0.801041666666667
115.670685499999	0.801041666666667
115.687281199999	0.801041666666667
115.704199899999	0.801041666666667
115.7206277	0.801041666666667
115.7369886	0.801041666666667
115.7540432	0.801041666666667
115.771045699999	0.801041666666667
115.787207699999	0.801041666666667
115.8043221	0.801041666666667
115.820522999999	0.801041666666667
115.8373463	0.801041666666667
115.854348	0.801041666666667
115.870684799999	0.801041666666667
115.887310399999	0.801041666666667
115.9043063	0.801041666666667
115.9207958	0.801041666666667
115.9373547	0.801041666666667
115.9539338	0.801041666666667
115.970853	0.801041666666667
115.987345	0.801041666666667
116.0041512	0.801041666666667
116.0203407	0.801041666666667
116.0376293	0.801041666666667
116.0543997	0.801041666666667
116.0705824	0.801041666666667
116.0876129	0.801041666666667
116.1040409	0.801041666666667
116.1204634	0.801041666666667
116.137302599999	0.801041666666667
116.153993899999	0.801041666666667
116.1708104	0.801041666666667
116.187095099999	0.801041666666667
116.204213999999	0.801041666666667
116.2212074	0.801041666666667
116.2372755	0.801041666666667
116.253940299999	0.801041666666667
116.2710528	0.801041666666667
116.287139499999	0.801041666666667
116.3040867	0.801041666666667
116.320855399999	0.801041666666667
116.3376306	0.801041666666667
116.3543758	0.801041666666667
116.3706764	0.801041666666667
116.386999099999	0.801041666666667
116.404226899999	0.801041666666667
116.4206709	0.801041666666667
116.4374129	0.801041666666667
116.4540307	0.801041666666667
116.4708065	0.801041666666667
116.4871353	0.801041666666667
116.5042552	0.801041666666667
116.5206749	0.801041666666667
116.537431199999	0.801041666666667
116.554364899999	0.801041666666667
116.5706924	0.801041666666667
116.5874502	0.801041666666667
116.6038965	0.801041666666667
116.6207908	0.801041666666667
116.636931399999	0.801041666666667
116.653938799999	0.801041666666667
116.6706918	0.801041666666667
116.687061	0.801041666666667
116.704409399999	0.801041666666667
116.720816599999	0.801041666666667
116.7370328	0.801041666666667
116.7539129	0.801041666666667
116.770950599999	0.801041666666667
116.7869584	0.801041666666667
116.803926199999	0.801041666666667
116.820772999999	0.801041666666667
116.837534699999	0.801041666666667
116.854144899999	0.801041666666667
116.8704983	0.801041666666667
116.8874793	0.801041666666667
116.9039028	0.801041666666667
116.9209188	0.801041666666667
116.937138699999	0.801041666666667
116.954483	0.801041666666667
116.9707567	0.801041666666667
116.9873227	0.801041666666667
117.0043711	0.801041666666667
117.020706699999	0.801041666666667
117.037110099999	0.801041666666667
117.0539365	0.801041666666667
117.070639299999	0.801041666666667
117.087312199999	0.801041666666667
117.1042847	0.801041666666667
117.1207888	0.801041666666667
117.137073399999	0.801041666666667
117.1541726	0.801041666666667
117.170337899999	0.801041666666667
117.1873098	0.801041666666667
117.2043159	0.801041666666667
117.2208734	0.801041666666667
117.2373576	0.801041666666667
117.2541095	0.801041666666667
117.270613199999	0.801041666666667
117.2871275	0.801041666666667
117.303974799999	0.801041666666667
117.320157499999	0.801041666666667
117.337116199999	0.801041666666667
117.354114799999	0.801041666666667
117.370779	0.801041666666667
117.3873089	0.801041666666667
117.4043293	0.801041666666667
117.4211041	0.801041666666667
117.437236399999	0.801041666666667
117.454291999999	0.801041666666667
117.470779099999	0.801041666666667
117.486935499999	0.801041666666667
117.504259599999	0.801041666666667
117.5207886	0.801041666666667
117.5374237	0.801041666666667
117.5538147	0.801041666666667
117.5703047	0.801041666666667
117.5869255	0.801041666666667
117.604168999999	0.801041666666667
117.620532499999	0.801041666666667
117.6371211	0.801041666666667
117.654365199999	0.801041666666667
117.6706772	0.801041666666667
117.687072799999	0.801041666666667
117.7040779	0.801041666666667
117.7205623	0.801041666666667
117.737073699999	0.801041666666667
117.7545536	0.801041666666667
117.7707746	0.801041666666667
117.7873543	0.801041666666667
117.8041826	0.801041666666667
117.8208138	0.801041666666667
117.8370135	0.801041666666667
117.853881	0.801041666666667
117.870871499999	0.801041666666667
117.8876757	0.801041666666667
117.904086699999	0.801041666666667
117.920941799999	0.801041666666667
117.937179199999	0.801041666666667
117.954309	0.801041666666667
117.970776499999	0.801041666666667
117.987103699999	0.801041666666667
118.004331599999	0.801041666666667
118.0205454	0.801041666666667
118.0374414	0.801041666666667
118.054165699999	0.801041666666667
118.07035	0.801041666666667
118.087532	0.801041666666667
118.104178899999	0.801041666666667
118.1205249	0.801041666666667
118.1371946	0.801041666666667
118.154415	0.801041666666667
118.1707686	0.801041666666667
118.187293	0.801041666666667
118.204280499999	0.801041666666667
118.220816999999	0.801041666666667
118.236995499999	0.801041666666667
118.254338	0.801041666666667
118.270572599999	0.801041666666667
118.2876136	0.801041666666667
118.3038879	0.801041666666667
118.321166	0.801041666666667
118.3373788	0.801041666666667
118.354178299999	0.801041666666667
118.370768	0.801041666666667
118.387021699999	0.801041666666667
118.4039255	0.801041666666667
118.420759199999	0.801041666666667
118.4373848	0.801041666666667
118.4539734	0.801041666666667
118.4706956	0.801041666666667
118.4871982	0.801041666666667
118.5042202	0.801041666666667
118.5207561	0.801041666666667
118.5370195	0.801041666666667
118.5540357	0.801041666666667
118.5707133	0.801041666666667
118.5870883	0.801041666666667
118.6042226	0.801041666666667
118.6206673	0.801041666666667
118.6374674	0.801041666666667
118.654155099999	0.801041666666667
118.670292899999	0.801041666666667
118.687356099999	0.801041666666667
118.7041156	0.801041666666667
118.7207597	0.801041666666667
118.737530099999	0.801041666666667
118.753624399999	0.801041666666667
118.7710474	0.801041666666667
118.786953899999	0.801041666666667
118.8043757	0.801041666666667
118.8203821	0.801041666666667
118.837091799999	0.801041666666667
118.8544201	0.801041666666667
118.8706777	0.801041666666667
118.887362799999	0.801041666666667
118.9041553	0.801041666666667
118.920695199999	0.801041666666667
118.9373835	0.801041666666667
118.9539521	0.801041666666667
118.970609399999	0.801041666666667
118.987145599999	0.801041666666667
119.004307499999	0.801041666666667
119.020944	0.801041666666667
119.0374488	0.801041666666667
119.054240699999	0.801041666666667
119.070720999999	0.801041666666667
119.0869162	0.801041666666667
119.103943399999	0.801041666666667
119.120704999999	0.801041666666667
119.1375456	0.801041666666667
119.154411899999	0.801041666666667
119.1707755	0.801041666666667
119.1873815	0.801041666666667
119.2041303	0.801041666666667
119.220796099999	0.801041666666667
119.237333999999	0.801041666666667
119.2537611	0.801041666666667
119.271131199999	0.801041666666667
119.2874617	0.801041666666667
119.3044524	0.801041666666667
119.3208409	0.801041666666667
119.3373635	0.801041666666667
119.3542363	0.801041666666667
119.371007399999	0.801041666666667
119.3871819	0.801041666666667
119.404220199999	0.801041666666667
119.4206815	0.801041666666667
119.4373092	0.801041666666667
119.454271299999	0.801041666666667
119.470922199999	0.801041666666667
119.487517899999	0.801041666666667
119.5040573	0.801041666666667
119.5206087	0.801041666666667
119.537397499999	0.801041666666667
119.554153599999	0.801041666666667
119.5707059	0.801041666666667
119.587263599999	0.801041666666667
119.6043443	0.801041666666667
119.620469699999	0.801041666666667
119.6372169	0.801041666666667
119.6538875	0.801041666666667
119.6704469	0.801041666666667
119.6871384	0.801041666666667
119.703987399999	0.801041666666667
119.721101599999	0.801041666666667
119.7374197	0.801041666666667
119.7540531	0.801041666666667
119.770833199999	0.801041666666667
119.786928699999	0.801041666666667
119.803651599999	0.801041666666667
119.8207144	0.801041666666667
119.837447	0.801041666666667
119.854254	0.801041666666667
119.870800799999	0.801041666666667
119.887539699999	0.801041666666667
119.9042117	0.801041666666667
119.9206926	0.801041666666667
119.9372183	0.801041666666667
119.9542746	0.801041666666667
119.9706916	0.801041666666667
119.9871827	0.801041666666667
120.003929099999	0.801041666666667
120.020545699999	0.801041666666667
120.037323899999	0.801041666666667
120.0539979	0.801041666666667
120.0703568	0.801041666666667
120.087050599999	0.801041666666667
120.1038331	0.801041666666667
120.1207009	0.801041666666667
120.137282299999	0.801041666666667
120.1541923	0.801041666666667
120.1708756	0.801041666666667
120.1873288	0.801041666666667
120.2039687	0.801041666666667
120.2207572	0.801041666666667
120.237462499999	0.801041666666667
120.2542427	0.801041666666667
120.270920499999	0.801041666666667
120.2873218	0.801041666666667
120.3038007	0.801041666666667
120.3207961	0.801041666666667
120.3370123	0.801041666666667
120.354096599999	0.801041666666667
120.3707527	0.801041666666667
120.3873796	0.801041666666667
120.404096699999	0.801041666666667
120.4206974	0.801041666666667
120.437500399999	0.801041666666667
120.453998499999	0.801041666666667
120.4705816	0.801041666666667
120.487125799999	0.801041666666667
120.5047571	0.801041666666667
120.5205811	0.801041666666667
120.537285199999	0.801041666666667
120.5539952	0.801041666666667
120.5704483	0.801041666666667
120.586977299999	0.801041666666667
120.6039437	0.801041666666667
120.620499199999	0.801041666666667
120.6368189	0.801041666666667
120.6540243	0.801041666666667
120.6708399	0.801041666666667
120.6872638	0.801041666666667
120.703872599999	0.801041666666667
120.720616699999	0.801041666666667
120.737279	0.801041666666667
120.7538466	0.801041666666667
120.770106499999	0.801041666666667
120.7869413	0.801041666666667
120.8043658	0.801041666666667
120.820479499999	0.801041666666667
120.837255099999	0.801041666666667
120.8541725	0.801041666666667
120.870646699999	0.801041666666667
120.887374299999	0.801041666666667
120.903958	0.801041666666667
120.9206036	0.801041666666667
120.9369762	0.801041666666667
120.9543169	0.801041666666667
120.9706553	0.801041666666667
120.987029399999	0.801041666666667
121.0041659	0.801041666666667
121.0205621	0.801041666666667
121.0373353	0.801041666666667
121.053810199999	0.801041666666667
121.070673499999	0.801041666666667
121.0871023	0.801041666666667
121.1045926	0.801041666666667
121.1205979	0.801041666666667
121.1374448	0.801041666666667
121.154342	0.801041666666667
121.1706133	0.801041666666667
121.187419399999	0.801041666666667
121.204390399999	0.801041666666667
121.2205274	0.801041666666667
121.2370745	0.801041666666667
121.253666799999	0.801041666666667
121.270359599999	0.801041666666667
121.287374799999	0.801041666666667
121.3040139	0.801041666666667
121.320712	0.801041666666667
121.3374103	0.801041666666667
121.3540224	0.801041666666667
121.370588299999	0.801041666666667
121.387249599999	0.801041666666667
121.4041786	0.801041666666667
121.4205917	0.801041666666667
121.436970999999	0.801041666666667
121.454223399999	0.801041666666667
121.4703074	0.801041666666667
121.4870119	0.801041666666667
121.504074799999	0.801041666666667
121.520556799999	0.801041666666667
121.537155999999	0.801041666666667
121.5544543	0.801041666666667
121.570657599999	0.801041666666667
121.587205899999	0.801041666666667
121.6040846	0.801041666666667
121.620529	0.801041666666667
121.637443799999	0.801041666666667
121.6540679	0.801041666666667
121.6706053	0.801041666666667
121.6873059	0.801041666666667
121.7040253	0.801041666666667
121.720511099999	0.801041666666667
121.7372473	0.801041666666667
121.754007299999	0.801041666666667
121.770460399999	0.801041666666667
121.7874333	0.801041666666667
121.803778	0.801041666666667
121.820569799999	0.801041666666667
121.8374833	0.801041666666667
121.853853099999	0.801041666666667
121.8705486	0.801041666666667
121.887563499999	0.801041666666667
121.9038154	0.801041666666667
121.9204985	0.801041666666667
121.9373176	0.801041666666667
121.9536254	0.801041666666667
121.970509999999	0.801041666666667
121.987321899999	0.801041666666667
122.004110899999	0.801041666666667
122.0206954	0.801041666666667
122.036982699999	0.801041666666667
122.053627099999	0.801041666666667
122.070836299999	0.801041666666667
122.0871337	0.801041666666667
122.1039744	0.801041666666667
122.1205265	0.801041666666667
122.1372962	0.801041666666667
122.1539888	0.801041666666667
122.170526499999	0.801041666666667
122.1870451	0.801041666666667
122.2040582	0.801041666666667
122.220667799999	0.801041666666667
122.237471599999	0.801041666666667
122.253992	0.801041666666667
122.2705277	0.801041666666667
122.2868572	0.801041666666667
122.3040359	0.801041666666667
122.320248	0.801041666666667
122.3370219	0.801041666666667
122.3536466	0.801041666666667
122.370558199999	0.801041666666667
122.3873841	0.801041666666667
122.4037861	0.801041666666667
122.4204806	0.801041666666667
122.437012699999	0.801041666666667
122.4540535	0.801041666666667
122.4700623	0.801041666666667
122.487097099999	0.801041666666667
122.5041421	0.801041666666667
122.5201674	0.801041666666667
122.537522799999	0.801041666666667
122.553863399999	0.801041666666667
122.570494299999	0.801041666666667
122.587000199999	0.801041666666667
122.604386499999	0.801041666666667
122.6200829	0.801041666666667
122.637401999999	0.801041666666667
122.6539484	0.801041666666667
122.670056	0.801041666666667
122.6869355	0.801041666666667
122.7040834	0.801041666666667
122.7200513	0.801041666666667
122.7373105	0.801041666666667
122.7542151	0.801041666666667
122.770200299999	0.801041666666667
122.7869709	0.801041666666667
122.8039199	0.801041666666667
122.820161099999	0.801041666666667
122.836877399999	0.801041666666667
122.8540072	0.801041666666667
122.8702717	0.801041666666667
122.8874442	0.801041666666667
122.9040681	0.801041666666667
122.920057699999	0.801041666666667
122.9371212	0.801041666666667
122.953987899999	0.801041666666667
122.9704038	0.801041666666667
122.987235299999	0.801041666666667
123.0041919	0.801041666666667
123.0201128	0.801041666666667
123.0371928	0.801041666666667
123.053993699999	0.801041666666667
123.0706081	0.801041666666667
123.087264399999	0.801041666666667
123.104248099999	0.801041666666667
123.120189099999	0.801041666666667
123.1372346	0.801041666666667
123.153980599999	0.801041666666667
123.1701323	0.801041666666667
123.1871093	0.801041666666667
123.203726299999	0.801041666666667
123.220144299999	0.801041666666667
123.237276299999	0.801041666666667
123.253936599999	0.801041666666667
123.270294	0.801041666666667
123.2873375	0.801041666666667
123.303986999999	0.801041666666667
123.3207954	0.801041666666667
123.3369371	0.801041666666667
123.3542014	0.801041666666667
123.370412099999	0.801041666666667
123.387339	0.801041666666667
123.404099199999	0.801041666666667
123.4201432	0.801041666666667
123.4368815	0.801041666666667
123.4537845	0.801041666666667
123.470253199999	0.801041666666667
123.487192299999	0.801041666666667
123.504090699999	0.801041666666667
123.520444	0.801041666666667
123.537183199999	0.801041666666667
123.553872199999	0.801041666666667
123.570096799999	0.801041666666667
123.5871026	0.801041666666667
123.6038971	0.801041666666667
123.620556999999	0.801041666666667
123.637382999999	0.801041666666667
123.6539458	0.801041666666667
123.670429199999	0.801041666666667
123.6869301	0.801041666666667
123.7038358	0.801041666666667
123.720397399999	0.801041666666667
123.737289199999	0.801041666666667
123.754161899999	0.801041666666667
123.7707985	0.801041666666667
123.787269699999	0.801041666666667
123.803757199999	0.801041666666667
123.8200017	0.801041666666667
123.836867399999	0.801041666666667
123.853742699999	0.801041666666667
123.8707245	0.801041666666667
123.887145199999	0.801041666666667
123.9043612	0.801041666666667
123.9202508	0.801041666666667
123.9371837	0.801041666666667
123.954082099999	0.801041666666667
123.970500099999	0.801041666666667
123.987251099999	0.801041666666667
124.003676699999	0.801041666666667
124.020367499999	0.801041666666667
124.037349599999	0.801041666666667
124.0538351	0.801041666666667
124.070409	0.801041666666667
124.087373699999	0.801041666666667
124.103555199999	0.801041666666667
124.1201812	0.801041666666667
124.1370204	0.801041666666667
124.154149999999	0.801041666666667
124.1704235	0.801041666666667
124.187179099999	0.801041666666667
124.2037138	0.801041666666667
124.220402899999	0.801041666666667
124.237452799999	0.801041666666667
124.253875199999	0.801041666666667
124.270423999999	0.801041666666667
124.2873573	0.801041666666667
124.303540999999	0.801041666666667
124.3213483	0.801041666666667
124.3371136	0.801041666666667
124.3538418	0.801041666666667
124.370807699999	0.801041666666667
124.387335799999	0.801041666666667
124.403579399999	0.801041666666667
124.4204101	0.801041666666667
124.4368889	0.801041666666667
124.4537501	0.801041666666667
124.4704857	0.801041666666667
124.4871429	0.801041666666667
124.503751599999	0.801041666666667
124.520471	0.801041666666667
124.536962599999	0.801041666666667
124.553542	0.801041666666667
124.5699755	0.801041666666667
124.587103	0.801041666666667
124.6040838	0.801041666666667
124.62037	0.801041666666667
124.637331999999	0.801041666666667
124.653864999999	0.801041666666667
124.670372899999	0.801041666666667
124.687228999999	0.801041666666667
124.703674599999	0.801041666666667
124.7200699	0.801041666666667
124.737051999999	0.801041666666667
124.7538158	0.801041666666667
124.7699175	0.801041666666667
124.7873408	0.801041666666667
124.8039351	0.801041666666667
124.8200478	0.801041666666667
124.837227399999	0.801041666666667
124.853892599999	0.801041666666667
124.8700467	0.801041666666667
124.8871101	0.801041666666667
124.903905599999	0.801041666666667
124.9205917	0.801041666666667
124.937082699999	0.801041666666667
124.953768599999	0.801041666666667
124.970047199999	0.801041666666667
124.9872951	0.801041666666667
125.0037845	0.801041666666667
125.0204262	0.801041666666667
125.0373462	0.801041666666667
125.0541458	0.801041666666667
125.0705429	0.801041666666667
125.0875239	0.801041666666667
125.104001399999	0.801041666666667
125.120324199999	0.801041666666667
125.137361399999	0.801041666666667
125.153882899999	0.801041666666667
125.1700486	0.801041666666667
125.187419	0.801041666666667
125.2038962	0.801041666666667
125.2203542	0.801041666666667
125.2375385	0.801041666666667
125.254009099999	0.801041666666667
125.270485	0.801041666666667
125.287358899999	0.801041666666667
125.3038903	0.801041666666667
125.3204061	0.801041666666667
125.337355299999	0.801041666666667
125.3538247	0.801041666666667
125.370351199999	0.801041666666667
125.386999599999	0.801041666666667
125.4037632	0.801041666666667
125.420323699999	0.801041666666667
125.436871299999	0.801041666666667
125.4536787	0.801041666666667
125.470392099999	0.801041666666667
125.4870142	0.801041666666667
125.503630699999	0.801041666666667
125.520320799999	0.801041666666667
125.5367529	0.801041666666667
125.5534147	0.801041666666667
125.5704639	0.801041666666667
125.5868634	0.801041666666667
125.6040156	0.801041666666667
125.6204609	0.801041666666667
125.6373451	0.801041666666667
125.653917299999	0.801041666666667
125.670385599999	0.801041666666667
125.687236399999	0.801041666666667
125.704290199999	0.801041666666667
125.7204038	0.801041666666667
125.737371699999	0.801041666666667
125.753486099999	0.801041666666667
125.770486699999	0.801041666666667
125.786756	0.801041666666667
125.804557699999	0.801041666666667
125.8204041	0.801041666666667
125.837240899999	0.801041666666667
125.8540911	0.801041666666667
125.869965399999	0.801041666666667
125.887075	0.801041666666667
125.9036177	0.801041666666667
125.920389499999	0.801041666666667
125.9370971	0.801041666666667
125.953761399999	0.801041666666667
125.970377099999	0.801041666666667
125.9869092	0.801041666666667
126.0040424	0.801041666666667
126.0202233	0.801041666666667
126.037113799999	0.801041666666667
126.053651699999	0.801041666666667
126.0703065	0.801041666666667
126.0872068	0.801041666666667
126.1038659	0.801041666666667
126.120083399999	0.801041666666667
126.137264	0.801041666666667
126.153907	0.801041666666667
126.170458899999	0.801041666666667
126.187014399999	0.801041666666667
126.203647099999	0.801041666666667
126.220546899999	0.801041666666667
126.2367857	0.801041666666667
126.2534283	0.801041666666667
126.2702216	0.801041666666667
126.28691	0.801041666666667
126.3040974	0.801041666666667
126.3202345	0.801041666666667
126.336863899999	0.801041666666667
126.353760499999	0.801041666666667
126.3703903	0.801041666666667
126.3873331	0.801041666666667
126.4037595	0.801041666666667
126.420410299999	0.801041666666667
126.4371395	0.801041666666667
126.4537433	0.801041666666667
126.4704506	0.801041666666667
126.4873272	0.801041666666667
126.503643999999	0.801041666666667
126.5198335	0.801041666666667
126.536748099999	0.801041666666667
126.553883899999	0.801041666666667
126.570354699999	0.801041666666667
126.5869819	0.801041666666667
126.6039277	0.801041666666667
126.6206671	0.801041666666667
126.636822699999	0.801041666666667
126.6541258	0.801041666666667
126.671052	0.801041666666667
126.6871181	0.801041666666667
126.703836199999	0.801041666666667
126.720470699999	0.801041666666667
126.7372571	0.801041666666667
126.753840199999	0.801041666666667
126.770288899999	0.801041666666667
126.7871237	0.801041666666667
126.803751599999	0.801041666666667
126.819911899999	0.801041666666667
126.837246399999	0.801041666666667
126.853803399999	0.801041666666667
126.869979999999	0.801041666666667
126.8872642	0.801041666666667
126.903616899999	0.801041666666667
126.920647899999	0.801041666666667
126.9369582	0.801041666666667
126.9539052	0.801041666666667
126.970496299999	0.801041666666667
126.987432299999	0.801041666666667
127.004174799999	0.801041666666667
127.020732399999	0.801041666666667
127.037227299999	0.801041666666667
127.053757199999	0.801041666666667
127.0700769	0.801041666666667
127.0869342	0.801041666666667
127.1038546	0.801041666666667
127.1202422	0.801041666666667
127.1370978	0.801041666666667
127.153693599999	0.801041666666667
127.1704387	0.801041666666667
127.1872005	0.801041666666667
127.203996699999	0.801041666666667
127.220372799999	0.801041666666667
127.237318	0.801041666666667
127.253956	0.801041666666667
127.2709269	0.801041666666667
127.2871182	0.801041666666667
127.303743099999	0.801041666666667
127.3204289	0.801041666666667
127.3371613	0.801041666666667
127.3537331	0.801041666666667
127.370491299999	0.801041666666667
127.3869919	0.801041666666667
127.4037665	0.801041666666667
127.420362999999	0.801041666666667
127.4367316	0.801041666666667
127.4536473	0.801041666666667
127.4700862	0.801041666666667
127.4869529	0.801041666666667
127.503717899999	0.801041666666667
127.5203008	0.801041666666667
127.537388	0.801041666666667
127.5536119	0.801041666666667
127.5707684	0.801041666666667
127.5873507	0.801041666666667
127.603672599999	0.801041666666667
127.6206027	0.801041666666667
127.637102799999	0.801041666666667
127.6537763	0.801041666666667
127.6701827	0.801041666666667
127.686691499999	0.801041666666667
127.703906399999	0.801041666666667
127.7206465	0.801041666666667
127.737193	0.801041666666667
127.7535743	0.801041666666667
127.7704194	0.801041666666667
127.7871078	0.801041666666667
127.804938599999	0.801041666666667
127.820091299999	0.801041666666667
127.8371787	0.801041666666667
127.853964299999	0.801041666666667
127.870327099999	0.801041666666667
127.886694899999	0.801041666666667
127.903606299999	0.801041666666667
127.9204843	0.801041666666667
127.936994999999	0.801041666666667
127.9536374	0.801041666666667
127.9701846	0.801041666666667
127.9872282	0.801041666666667
128.003983099999	0.801041666666667
128.0204962	0.801041666666667
128.0371596	0.801041666666667
128.054834199999	0.801041666666667
128.070347	0.801041666666667
128.0866189	0.801041666666667
128.1033872	0.801041666666667
128.120533699999	0.801041666666667
128.137000799999	0.801041666666667
128.153457699999	0.801041666666667
128.170265199999	0.801041666666667
128.187004599999	0.801041666666667
128.203809099999	0.801041666666667
128.220298499999	0.801041666666667
128.2372004	0.801041666666667
128.2537533	0.801041666666667
128.2705932	0.801041666666667
128.2870144	0.801041666666667
128.3037415	0.801041666666667
128.320336799999	0.801041666666667
128.336625299999	0.801041666666667
128.3538039	0.801041666666667
128.369927399999	0.801041666666667
128.3870564	0.801041666666667
128.403592	0.801041666666667
128.4206908	0.801041666666667
128.4370094	0.801041666666667
128.4539777	0.801041666666667
128.470633899999	0.801041666666667
128.4870019	0.801041666666667
128.5039633	0.801041666666667
128.519865699999	0.801041666666667
128.5368984	0.801041666666667
128.553809	0.801041666666667
128.5700238	0.801041666666667
128.5866239	0.801041666666667
128.603764799999	0.801041666666667
128.6199737	0.801041666666667
128.636722699999	0.801041666666667
128.6538701	0.801041666666667
128.6702237	0.801041666666667
128.6871401	0.801041666666667
128.703709199999	0.801041666666667
128.720096499999	0.801041666666667
128.7373994	0.801041666666667
128.753819799999	0.801041666666667
128.7704452	0.801041666666667
128.7867987	0.801041666666667
128.8037685	0.801041666666667
128.820299399999	0.801041666666667
128.836722599999	0.801041666666667
128.853673	0.801041666666667
128.870367	0.801041666666667
128.8871051	0.801041666666667
128.903939899999	0.801041666666667
128.9206337	0.801041666666667
128.9370843	0.801041666666667
128.953731	0.801041666666667
128.970876599999	0.801041666666667
128.986907199999	0.801041666666667
129.0038366	0.801041666666667
129.0202322	0.801041666666667
129.0366896	0.801041666666667
129.053687099999	0.801041666666667
129.0699926	0.801041666666667
129.0869341	0.801041666666667
129.1036846	0.801041666666667
129.1200424	0.801041666666667
129.1370191	0.801041666666667
129.153685499999	0.801041666666667
129.1706212	0.801041666666667
129.186948699999	0.801041666666667
129.204003999999	0.801041666666667
129.2204612	0.801041666666667
129.2369223	0.801041666666667
129.2538005	0.801041666666667
129.270916199999	0.801041666666667
129.2871354	0.801041666666667
129.303969699999	0.801041666666667
129.3200314	0.801041666666667
129.3367045	0.801041666666667
129.3533337	0.801041666666667
129.370115999999	0.801041666666667
129.3872028	0.801041666666667
129.4034452	0.801041666666667
129.4202263	0.801041666666667
129.437217	0.801041666666667
129.453761	0.801041666666667
129.4700475	0.801041666666667
129.4869399	0.801041666666667
129.503342399999	0.801041666666667
129.5202105	0.801041666666667
129.536935399999	0.801041666666667
129.5536187	0.801041666666667
129.570357799999	0.801041666666667
129.587075099999	0.801041666666667
129.603801099999	0.801041666666667
129.6205633	0.801041666666667
129.6368489	0.801041666666667
129.6535747	0.801041666666667
129.670178599999	0.801041666666667
129.686716099999	0.801041666666667
129.703933999999	0.801041666666667
129.720311999999	0.801041666666667
129.7365752	0.801041666666667
129.7532253	0.801041666666667
129.770374199999	0.801041666666667
129.786836499999	0.801041666666667
129.803503499999	0.801041666666667
129.8205946	0.801041666666667
129.837226899999	0.801041666666667
129.853933699999	0.801041666666667
129.870171299999	0.801041666666667
129.8870613	0.801041666666667
129.9034352	0.801041666666667
129.920466699999	0.801041666666667
129.9370819	0.801041666666667
129.953507099999	0.801041666666667
129.9704772	0.801041666666667
129.9867866	0.801041666666667
130.003365199999	0.801041666666667
130.0198891	0.801041666666667
130.0366397	0.801041666666667
130.0535953	0.801041666666667
130.070125599999	0.801041666666667
130.0868684	0.801041666666667
130.103983999999	0.801041666666667
130.1205089	0.801041666666667
130.137002199999	0.801041666666667
130.1533579	0.801041666666667
130.170329699999	0.801041666666667
130.1869453	0.801041666666667
130.203905699999	0.801041666666667
130.220147499999	0.801041666666667
130.237010999999	0.801041666666667
130.253412399999	0.801041666666667
130.270438199999	0.801041666666667
130.287497599999	0.801041666666667
130.3038963	0.801041666666667
130.3209786	0.801041666666667
130.3368492	0.801041666666667
130.353851	0.801041666666667
130.3704953	0.801041666666667
130.3870209	0.801041666666667
130.403500599999	0.801041666666667
130.4202048	0.801041666666667
130.4365798	0.801041666666667
130.4535853	0.801041666666667
130.470396	0.801041666666667
130.4866752	0.801041666666667
130.5035965	0.801041666666667
130.5198653	0.801041666666667
130.5371012	0.801041666666667
130.553592599999	0.801041666666667
130.570498399999	0.801041666666667
130.587	0.801041666666667
130.6039303	0.801041666666667
130.6201136	0.801041666666667
130.636903	0.801041666666667
130.6531355	0.801041666666667
130.6708068	0.801041666666667
130.6870516	0.801041666666667
130.7033219	0.801041666666667
130.719964399999	0.801041666666667
130.736810199999	0.801041666666667
130.7535172	0.801041666666667
130.770298099999	0.801041666666667
130.7870697	0.801041666666667
130.8034769	0.801041666666667
130.8204959	0.801041666666667
130.836754399999	0.801041666666667
130.8537596	0.801041666666667
130.8703607	0.801041666666667
130.8868475	0.801041666666667
130.9039199	0.801041666666667
130.9200291	0.801041666666667
130.9370117	0.801041666666667
130.953441299999	0.801041666666667
130.970628399999	0.801041666666667
130.986970499999	0.801041666666667
131.003226	0.801041666666667
131.0203093	0.801041666666667
131.036777699999	0.801041666666667
131.0534111	0.801041666666667
131.0703035	0.801041666666667
131.086869799999	0.801041666666667
131.1036999	0.801041666666667
131.1205854	0.801041666666667
131.136726799999	0.801041666666667
131.153628599999	0.801041666666667
131.169658299999	0.801041666666667
131.186750299999	0.801041666666667
131.203702399999	0.801041666666667
131.221131099999	0.801041666666667
131.2369903	0.801041666666667
131.253468899999	0.801041666666667
131.270542499999	0.801041666666667
131.2869863	0.801041666666667
131.303354299999	0.801041666666667
131.3202782	0.801041666666667
131.336875	0.801041666666667
131.353466299999	0.801041666666667
131.370464899999	0.801041666666667
131.387084	0.801041666666667
131.4035685	0.801041666666667
131.420356	0.801041666666667
131.4369442	0.801041666666667
131.453541	0.801041666666667
131.4703303	0.801041666666667
131.486677499999	0.801041666666667
131.5076346	0.801041666666667
131.520110199999	0.801041666666667
131.537151199999	0.801041666666667
131.5536813	0.801041666666667
131.570338199999	0.801041666666667
131.587105099999	0.801041666666667
131.6038418	0.801041666666667
131.620430399999	0.801041666666667
131.6365601	0.801041666666667
131.653500799999	0.801041666666667
131.6701262	0.801041666666667
131.687000299999	0.801041666666667
131.7033721	0.801041666666667
131.720711999999	0.801041666666667
131.7369062	0.801041666666667
131.753156999999	0.801041666666667
131.7707148	0.801041666666667
131.7870531	0.801041666666667
131.803403999999	0.801041666666667
131.8203512	0.801041666666667
131.8367368	0.801041666666667
131.8529485	0.801041666666667
131.8702488	0.801041666666667
131.887050699999	0.801041666666667
131.9031206	0.801041666666667
131.9203449	0.801041666666667
131.936491799999	0.801041666666667
131.953194999999	0.801041666666667
131.9700488	0.801041666666667
131.986905	0.801041666666667
132.0034796	0.801041666666667
132.0201379	0.801041666666667
132.036658	0.801041666666667
132.053481999999	0.801041666666667
132.070227599999	0.801041666666667
132.086841099999	0.801041666666667
132.103384399999	0.801041666666667
132.1202789	0.801041666666667
132.1367777	0.801041666666667
132.1530986	0.801041666666667
132.1704328	0.801041666666667
132.1872402	0.801041666666667
132.2034497	0.801041666666667
132.2202547	0.801041666666667
132.236862799999	0.801041666666667
132.253148199999	0.801041666666667
132.270542699999	0.801041666666667
132.2868911	0.801041666666667
132.3038073	0.801041666666667
132.319886099999	0.801041666666667
132.337102099999	0.801041666666667
132.353582	0.801041666666667
132.3704062	0.801041666666667
132.386941899999	0.801041666666667
132.4033977	0.801041666666667
132.420541199999	0.801041666666667
132.436917499999	0.801041666666667
132.4536056	0.801041666666667
132.4702775	0.801041666666667
132.486717799999	0.801041666666667
132.503051299999	0.801041666666667
132.5204072	0.801041666666667
132.536855699999	0.801041666666667
132.55343	0.801041666666667
132.5703176	0.801041666666667
132.5867622	0.801041666666667
132.6036728	0.801041666666667
132.620140399999	0.801041666666667
132.636818499999	0.801041666666667
132.653848999999	0.801041666666667
132.6703344	0.801041666666667
132.686770599999	0.801041666666667
132.7035203	0.801041666666667
132.7200653	0.801041666666667
132.736865499999	0.801041666666667
132.753546499999	0.801041666666667
132.770018599999	0.801041666666667
132.786864	0.801041666666667
132.8034915	0.801041666666667
132.8202187	0.801041666666667
132.8364938	0.801041666666667
132.853546099999	0.801041666666667
132.870222899999	0.801041666666667
132.8870791	0.801041666666667
132.903791	0.801041666666667
132.9202982	0.801041666666667
132.9364883	0.801041666666667
132.9537482	0.801041666666667
132.969991	0.801041666666667
132.986510399999	0.801041666666667
133.0034306	0.801041666666667
133.020250099999	0.801041666666667
133.036926199999	0.801041666666667
133.0535358	0.808333333333333
133.0705896	0.808333333333333
133.086563399999	0.808333333333333
133.1084814	0.801041666666667
133.120176599999	0.801041666666667
133.136853999999	0.784375
133.1539453	0.75
133.1708001	0.75
133.1867149	0.75
133.2036762	0.732291666666667
133.2200205	0.723958333333333
133.2368626	0.695833333333333
133.2535638	0.695833333333333
133.2704889	0.6875
133.2868596	0.679166666666667
133.304054599999	0.669791666666667
133.3201174	0.661458333333333
133.337009	0.661458333333333
133.353580399999	0.661458333333333
133.370233899999	0.661458333333333
133.3867443	0.661458333333333
133.4035773	0.661458333333333
133.420319299999	0.661458333333333
133.4366031	0.661458333333333
133.453511399999	0.653125
133.470238299999	0.644791666666667
133.486667599999	0.644791666666667
133.5033417	0.644791666666667
133.5203413	0.644791666666667
133.536437399999	0.644791666666667
133.553048999999	0.644791666666667
133.5701585	0.644791666666667
133.586430099999	0.644791666666667
133.6032219	0.644791666666667
133.619731799999	0.644791666666667
133.636579399999	0.644791666666667
133.6537425	0.644791666666667
133.6702865	0.644791666666667
133.686808099999	0.644791666666667
133.7034893	0.644791666666667
133.7200758	0.644791666666667
133.7398914	0.644791666666667
133.7538336	0.644791666666667
133.774838699999	0.644791666666667
133.790934199999	0.644791666666667
133.803341899999	0.644791666666667
133.8198784	0.644791666666667
133.836589299999	0.644791666666667
133.8533791	0.644791666666667
133.8708422	0.644791666666667
133.886745	0.644791666666667
133.903407999999	0.644791666666667
133.9199967	0.644791666666667
133.9365406	0.644791666666667
133.953465899999	0.644791666666667
133.9703523	0.644791666666667
133.9871392	0.644791666666667
134.0035352	0.644791666666667
134.0201116	0.644791666666667
134.037118599999	0.644791666666667
134.0534017	0.644791666666667
134.0700682	0.644791666666667
134.0866102	0.644791666666667
134.103367799999	0.644791666666667
134.119730199999	0.644791666666667
134.136869999999	0.644791666666667
134.153552799999	0.644791666666667
134.1704015	0.644791666666667
134.1867378	0.644791666666667
134.2035115	0.644791666666667
134.219913299999	0.644791666666667
134.236625199999	0.644791666666667
134.253581999999	0.644791666666667
134.2705142	0.644791666666667
134.286858099999	0.644791666666667
134.303855599999	0.644791666666667
134.3205983	0.644791666666667
134.3366675	0.644791666666667
134.353629699999	0.644791666666667
134.370197499999	0.644791666666667
134.3868512	0.644791666666667
134.4034371	0.644791666666667
134.4200248	0.644791666666667
134.436356699999	0.644791666666667
134.453693599999	0.644791666666667
134.4701859	0.644791666666667
134.487028299999	0.644791666666667
134.503451099999	0.644791666666667
134.520127399999	0.644791666666667
134.5368093	0.644791666666667
134.553198899999	0.644791666666667
134.5700509	0.644791666666667
134.5866602	0.644791666666667
134.6034095	0.644791666666667
134.619890499999	0.644791666666667
134.6366245	0.644791666666667
134.655908999999	0.644791666666667
134.670293599999	0.644791666666667
134.686510199999	0.644791666666667
134.7030158	0.644791666666667
134.720740799999	0.644791666666667
134.7371453	0.644791666666667
134.753461699999	0.644791666666667
134.770243299999	0.644791666666667
134.7869076	0.644791666666667
134.803661999999	0.644791666666667
134.820175899999	0.644791666666667
134.8366516	0.644791666666667
134.853571899999	0.644791666666667
134.8701931	0.644791666666667
134.886778399999	0.644791666666667
134.9036965	0.644791666666667
134.9200112	0.644791666666667
134.9364355	0.644791666666667
134.9535958	0.644791666666667
134.970187499999	0.644791666666667
134.9868428	0.644791666666667
135.0036885	0.644791666666667
135.020095899999	0.644791666666667
135.036879499999	0.644791666666667
135.0536247	0.644791666666667
135.0702071	0.644791666666667
135.086662899999	0.644791666666667
135.103407199999	0.644791666666667
135.1199981	0.644791666666667
135.136628599999	0.644791666666667
135.1530524	0.644791666666667
135.1699718	0.644791666666667
135.1864778	0.644791666666667
135.203481899999	0.644791666666667
135.2201342	0.644791666666667
135.236647	0.644791666666667
135.253369499999	0.644791666666667
135.270312899999	0.644791666666667
135.286657899999	0.644791666666667
135.303808	0.644791666666667
135.319774199999	0.644791666666667
135.3365814	0.644791666666667
135.3537712	0.644791666666667
135.370236299999	0.644791666666667
135.3865793	0.644791666666667
135.403442899999	0.644791666666667
135.4201451	0.644791666666667
135.4363318	0.644791666666667
135.452950299999	0.644791666666667
135.469825599999	0.644791666666667
135.4864013	0.644791666666667
135.5031874	0.644791666666667
135.5198371	0.644791666666667
135.5364703	0.644791666666667
135.5534487	0.644791666666667
135.5699097	0.644791666666667
135.586582399999	0.644791666666667
135.603073499999	0.644791666666667
135.6198655	0.644791666666667
135.636558699999	0.644791666666667
135.653470699999	0.644791666666667
135.6700709	0.644791666666667
135.6865505	0.644791666666667
135.703278399999	0.644791666666667
135.7202976	0.644791666666667
135.736674799999	0.644791666666667
135.753550699999	0.644791666666667
135.7702517	0.644791666666667
135.7866485	0.644791666666667
135.803225	0.644791666666667
135.8201469	0.644791666666667
135.836651799999	0.644791666666667
135.8530851	0.644791666666667
135.870106799999	0.644791666666667
135.886548799999	0.644791666666667
135.903030099999	0.644791666666667
135.920044699999	0.644791666666667
135.936364699999	0.644791666666667
135.9534108	0.644791666666667
135.9699856	0.644791666666667
135.9861923	0.644791666666667
136.003420999999	0.644791666666667
136.019923899999	0.644791666666667
136.036639899999	0.644791666666667
136.0534689	0.644791666666667
136.0698618	0.644791666666667
136.086757599999	0.644791666666667
136.103496	0.644791666666667
136.120231499999	0.644791666666667
136.136659399999	0.644791666666667
136.153006	0.644791666666667
136.170482099999	0.644791666666667
136.187063799999	0.644791666666667
136.203663499999	0.644791666666667
136.2197701	0.644791666666667
136.2362576	0.644791666666667
136.253438399999	0.644791666666667
136.2699643	0.644791666666667
136.2866574	0.644791666666667
136.303497	0.644791666666667
136.320241199999	0.644791666666667
136.3369975	0.644791666666667
136.353699099999	0.644791666666667
136.369943	0.644791666666667
136.3862842	0.644791666666667
136.402974799999	0.644791666666667
136.420391199999	0.644791666666667
136.4363889	0.644791666666667
136.4534992	0.644791666666667
136.4702755	0.644791666666667
136.486709199999	0.644791666666667
136.5034037	0.644791666666667
136.5200872	0.644791666666667
136.5363786	0.644791666666667
136.5534233	0.644791666666667
136.570354099999	0.644791666666667
136.586695	0.644791666666667
136.603552799999	0.644791666666667
136.6201401	0.644791666666667
136.636398799999	0.644791666666667
136.653491599999	0.644791666666667
136.6698946	0.644791666666667
136.6866725	0.644791666666667
136.703098399999	0.644791666666667
136.7196881	0.644791666666667
136.7369136	0.644791666666667
136.7535492	0.644791666666667
136.769798099999	0.644791666666667
136.7875429	0.644791666666667
136.8033122	0.644791666666667
136.819783	0.644791666666667
136.836607699999	0.644791666666667
136.853279	0.644791666666667
136.869694499999	0.644791666666667
136.886565399999	0.644791666666667
136.903490199999	0.644791666666667
136.9200033	0.644791666666667
136.936769299999	0.644791666666667
136.953407	0.644791666666667
136.970070599999	0.644791666666667
136.9866456	0.644791666666667
137.003406299999	0.644791666666667
137.0199303	0.644791666666667
137.036464399999	0.644791666666667
137.053505499999	0.644791666666667
137.0699749	0.644791666666667
137.086469999999	0.644791666666667
137.103656599999	0.644791666666667
137.119752799999	0.644791666666667
137.136508799999	0.644791666666667
137.1530469	0.644791666666667
137.1704289	0.644791666666667
137.18661	0.644791666666667
137.203623199999	0.644791666666667
137.2199059	0.644791666666667
137.2369413	0.644791666666667
137.2533913	0.644791666666667
137.2701847	0.644791666666667
137.2865194	0.644791666666667
137.303510199999	0.644791666666667
137.3200627	0.644791666666667
137.336711999999	0.644791666666667
137.353498199999	0.644791666666667
137.3699971	0.644791666666667
137.386576299999	0.644791666666667
137.4033881	0.644791666666667
137.4200366	0.644791666666667
137.4362899	0.644791666666667
137.453094	0.644791666666667
137.470034999999	0.644791666666667
137.487373399999	0.644791666666667
137.503472799999	0.644791666666667
137.520368699999	0.644791666666667
137.536565699999	0.644791666666667
137.553423599999	0.644791666666667
137.570304999999	0.644791666666667
137.5861403	0.644791666666667
137.603152	0.644791666666667
137.6201341	0.644791666666667
137.6364508	0.644791666666667
137.653230399999	0.644791666666667
137.670168199999	0.644791666666667
137.6865971	0.644791666666667
137.703450999999	0.644791666666667
137.720025299999	0.644791666666667
137.7366446	0.644791666666667
137.753785399999	0.644791666666667
137.7703213	0.644791666666667
137.7864651	0.644791666666667
137.8033207	0.644791666666667
137.8201887	0.644791666666667
137.8368734	0.644791666666667
137.8532343	0.644791666666667
137.869869599999	0.644791666666667
137.886478699999	0.644791666666667
137.9034409	0.644791666666667
137.9203364	0.644791666666667
137.936768799999	0.644791666666667
137.953443599999	0.644791666666667
137.970060299999	0.644791666666667
137.9867343	0.644791666666667
138.0033727	0.644791666666667
138.020079299999	0.644791666666667
138.0366409	0.644791666666667
138.053611099999	0.644791666666667
138.070260799999	0.644791666666667
138.086933899999	0.644791666666667
138.1035088	0.644791666666667
138.1204602	0.644791666666667
138.1361253	0.644791666666667
138.1535673	0.644791666666667
138.170803399999	0.644791666666667
138.1865542	0.644791666666667
138.203476199999	0.644791666666667
138.219861	0.644791666666667
138.2367666	0.644791666666667
138.253293999999	0.644791666666667
138.2698197	0.644791666666667
138.286360599999	0.644791666666667
138.3028828	0.644791666666667
138.3198893	0.644791666666667
138.3366324	0.644791666666667
138.353583399999	0.644791666666667
138.369873099999	0.644791666666667
138.386469499999	0.644791666666667
138.403329299999	0.644791666666667
138.4203031	0.644791666666667
138.436728299999	0.644791666666667
138.4535061	0.644791666666667
138.4701547	0.644791666666667
138.486690899999	0.644791666666667
138.503441899999	0.644791666666667
138.5199465	0.644791666666667
138.536520899999	0.644791666666667
138.553446	0.644791666666667
138.570263199999	0.644791666666667
138.586771499999	0.644791666666667
138.603518499999	0.644791666666667
138.619891699999	0.644791666666667
138.636434499999	0.644791666666667
138.653401899999	0.644791666666667
138.6699092	0.644791666666667
138.686667	0.644791666666667
138.7034723	0.644791666666667
138.719977899999	0.644791666666667
138.7367482	0.644791666666667
138.752946699999	0.644791666666667
138.7705999	0.644791666666667
138.786131999999	0.644791666666667
138.802994299999	0.644791666666667
138.8201236	0.644791666666667
138.836516799999	0.644791666666667
138.8533338	0.644791666666667
138.870232599999	0.644791666666667
138.886448599999	0.644791666666667
138.903595199999	0.644791666666667
138.919828999999	0.644791666666667
138.9366684	0.644791666666667
138.953682099999	0.644791666666667
138.9701809	0.644791666666667
138.9862636	0.644791666666667
139.003434599999	0.644791666666667
139.0197911	0.644791666666667
139.0367725	0.644791666666667
139.0534173	0.644791666666667
139.070076499999	0.644791666666667
139.086263699999	0.644791666666667
139.1032968	0.644791666666667
139.120214699999	0.644791666666667
139.1364263	0.644791666666667
139.153661599999	0.644791666666667
139.170310699999	0.644791666666667
139.186842999999	0.644791666666667
139.2035835	0.644791666666667
139.2198051	0.644791666666667
139.236118399999	0.644791666666667
139.2529379	0.644791666666667
139.2699727	0.644791666666667
139.2864905	0.644791666666667
139.303522699999	0.644791666666667
139.319836199999	0.644791666666667
139.336484099999	0.644791666666667
139.3534456	0.644791666666667
139.3706963	0.644791666666667
139.386960299999	0.644791666666667
139.4031335	0.644791666666667
139.4202079	0.644791666666667
139.43643	0.644791666666667
139.453070299999	0.644791666666667
139.470076899999	0.644791666666667
139.4865181	0.644791666666667
139.503562399999	0.644791666666667
139.520143999999	0.644791666666667
139.536496999999	0.644791666666667
139.553634399999	0.644791666666667
139.570033399999	0.644791666666667
139.5864839	0.644791666666667
139.6034769	0.644791666666667
139.6201991	0.644791666666667
139.636058399999	0.644791666666667
139.653352699999	0.644791666666667
139.6697519	0.644791666666667
139.6867053	0.644791666666667
139.703427799999	0.644791666666667
139.7200181	0.644791666666667
139.736566899999	0.644791666666667
139.7533901	0.644791666666667
139.7703157	0.644791666666667
139.786335299999	0.644791666666667
139.8036717	0.644791666666667
139.8199975	0.644791666666667
139.8364204	0.644791666666667
139.853257799999	0.644791666666667
139.8701864	0.644791666666667
139.886081199999	0.644791666666667
139.903342099999	0.644791666666667
139.920071699999	0.644791666666667
139.9364191	0.644791666666667
139.953663599999	0.644791666666667
139.9701465	0.644791666666667
139.9860469	0.644791666666667
140.0035143	0.644791666666667
140.0199887	0.644791666666667
140.0363865	0.644791666666667
140.0539448	0.644791666666667
140.0701548	0.644791666666667
140.086264299999	0.644791666666667
140.103499299999	0.644791666666667
140.1201415	0.644791666666667
140.136132899999	0.644791666666667
140.1530482	0.644791666666667
140.1703473	0.644791666666667
140.1865338	0.644791666666667
140.2033489	0.644791666666667
140.220009299999	0.644791666666667
140.2362386	0.644791666666667
140.253661399999	0.644791666666667
140.270155599999	0.644791666666667
140.2864691	0.644791666666667
140.3038996	0.644791666666667
140.3202919	0.644791666666667
140.336792599999	0.644791666666667
140.353100099999	0.644791666666667
140.3699541	0.644791666666667
140.3864042	0.644791666666667
140.403500599999	0.644791666666667
140.420352599999	0.644791666666667
140.436532199999	0.644791666666667
140.4535615	0.644791666666667
140.4702701	0.644791666666667
140.486820399999	0.644791666666667
140.5032941	0.644791666666667
140.520141499999	0.644791666666667
140.5364272	0.644791666666667
140.5536591	0.644791666666667
140.569817899999	0.644791666666667
140.5865624	0.644791666666667
140.603397899999	0.644791666666667
140.6200461	0.644791666666667
140.6365914	0.644791666666667
140.653275	0.644791666666667
140.6698601	0.644791666666667
140.6860197	0.644791666666667
140.703575699999	0.644791666666667
140.720008699999	0.644791666666667
140.736488299999	0.644791666666667
140.7533611	0.644791666666667
140.7697338	0.644791666666667
140.785982099999	0.644791666666667
140.8034865	0.644791666666667
140.819821599999	0.644791666666667
140.836102499999	0.644791666666667
140.853457599999	0.644791666666667
140.8701893	0.644791666666667
140.8866663	0.644791666666667
140.903026	0.644791666666667
140.919756099999	0.644791666666667
140.9365793	0.644791666666667
140.9535953	0.644791666666667
140.969944699999	0.644791666666667
140.986374399999	0.644791666666667
141.003013899999	0.644791666666667
141.020277299999	0.644791666666667
141.036118	0.644791666666667
141.0533467	0.644791666666667
141.069927199999	0.644791666666667
141.086272199999	0.644791666666667
141.103123499999	0.644791666666667
141.119913099999	0.644791666666667
141.136329299999	0.644791666666667
141.153539499999	0.644791666666667
141.170355699999	0.644791666666667
141.1862464	0.644791666666667
141.2038537	0.644791666666667
141.219778199999	0.644791666666667
141.236201299999	0.644791666666667
141.253081899999	0.644791666666667
141.2701978	0.644791666666667
141.286055699999	0.644791666666667
141.3030199	0.644791666666667
141.3199919	0.644791666666667
141.336679399999	0.644791666666667
141.353483499999	0.644791666666667
141.3699417	0.644791666666667
141.386702399999	0.644791666666667
141.4033573	0.644791666666667
141.4197058	0.644791666666667
141.436102299999	0.644791666666667
141.453613299999	0.644791666666667
141.469463099999	0.644791666666667
141.486462499999	0.644791666666667
141.503416699999	0.644791666666667
141.519996499999	0.644791666666667
141.5364531	0.644791666666667
141.5539549	0.644791666666667
141.5699429	0.644791666666667
141.5861533	0.644791666666667
141.6035814	0.644791666666667
141.620056799999	0.644791666666667
141.6364969	0.644791666666667
141.6548022	0.644791666666667
141.6698848	0.644791666666667
141.6863684	0.644791666666667
141.7035502	0.644791666666667
141.720041699999	0.644791666666667
141.736107	0.644791666666667
141.753294499999	0.644791666666667
141.7704501	0.644791666666667
141.786399899999	0.644791666666667
141.803380599999	0.644791666666667
141.8196915	0.644791666666667
141.836240199999	0.644791666666667
141.8534228	0.644791666666667
141.8699989	0.644791666666667
141.8863512	0.644791666666667
141.9031503	0.644791666666667
141.9200672	0.644791666666667
141.936126699999	0.644791666666667
141.9531628	0.644791666666667
141.970075099999	0.644791666666667
141.986403499999	0.644791666666667
142.003231899999	0.644791666666667
142.019944199999	0.644791666666667
142.036082199999	0.644791666666667
142.053200099999	0.644791666666667
142.070024199999	0.644791666666667
142.0864126	0.644791666666667
142.103434	0.644791666666667
142.1198926	0.644791666666667
142.136220799999	0.644791666666667
142.153259399999	0.644791666666667
142.169642899999	0.644791666666667
142.186249699999	0.644791666666667
142.203047999999	0.644791666666667
142.219884499999	0.644791666666667
142.2360494	0.644791666666667
142.2534225	0.644791666666667
142.2702437	0.644791666666667
142.286182399999	0.644791666666667
142.303421	0.644791666666667
142.320056899999	0.644791666666667
142.3365845	0.644791666666667
142.3533467	0.644791666666667
142.369828999999	0.644791666666667
142.38646	0.644791666666667
142.403512299999	0.644791666666667
142.4199467	0.644791666666667
142.4360772	0.644791666666667
142.453110599999	0.644791666666667
142.470126699999	0.644791666666667
142.486341299999	0.644791666666667
142.5032345	0.644791666666667
142.5197153	0.644791666666667
142.5360898	0.644791666666667
142.5529554	0.644791666666667
142.5696983	0.644791666666667
142.5863788	0.644791666666667
142.6031735	0.644791666666667
142.6197238	0.644791666666667
142.6364699	0.644791666666667
142.6532166	0.644791666666667
142.6697795	0.644791666666667
142.686075699999	0.644791666666667
142.7030035	0.644791666666667
142.720159699999	0.644791666666667
142.7360641	0.644791666666667
142.753203699999	0.644791666666667
142.770023999999	0.644791666666667
142.7863449	0.644791666666667
142.8029854	0.644791666666667
142.8198317	0.644791666666667
142.8361811	0.644791666666667
142.8533062	0.644791666666667
142.869773599999	0.644791666666667
142.886283999999	0.644791666666667
142.903206499999	0.644791666666667
142.9198133	0.644791666666667
142.9361431	0.644791666666667
142.9531787	0.644791666666667
142.969771399999	0.644791666666667
142.9862948	0.644791666666667
143.003022899999	0.644791666666667
143.019723199999	0.644791666666667
143.0361188	0.644791666666667
143.0534339	0.644791666666667
143.069507699999	0.644791666666667
143.086187	0.644791666666667
143.1034456	0.644791666666667
143.1198741	0.644791666666667
143.136375499999	0.644791666666667
143.153015999999	0.644791666666667
143.170016599999	0.644791666666667
143.1862629	0.644791666666667
143.2032617	0.644791666666667
143.220071199999	0.644791666666667
143.2367072	0.644791666666667
143.253311699999	0.644791666666667
143.2700681	0.644791666666667
143.286386399999	0.644791666666667
143.303373899999	0.644791666666667
143.3199152	0.644791666666667
143.3365454	0.644791666666667
143.3533914	0.644791666666667
143.3696616	0.644791666666667
143.3871946	0.644791666666667
143.403218699999	0.644791666666667
143.419351099999	0.644791666666667
143.436377599999	0.644791666666667
143.453108	0.644791666666667
143.4695821	0.644791666666667
143.4867324	0.644791666666667
143.503446	0.644791666666667
143.5198409	0.644791666666667
143.5363005	0.644791666666667
143.5533971	0.644791666666667
143.5700042	0.644791666666667
143.5864844	0.644791666666667
143.6030425	0.644791666666667
143.6193096	0.644791666666667
143.636487199999	0.644791666666667
143.653156099999	0.644791666666667
143.6698196	0.644791666666667
143.686269999999	0.644791666666667
143.7029297	0.644791666666667
143.719826099999	0.644791666666667
143.736426099999	0.644791666666667
143.753022	0.644791666666667
143.7698788	0.644791666666667
143.786271399999	0.644791666666667
143.8032439	0.644791666666667
143.8198667	0.644791666666667
143.836384099999	0.644791666666667
143.853036199999	0.644791666666667
143.869395399999	0.644791666666667
143.886449799999	0.644791666666667
143.903222299999	0.644791666666667
143.9196108	0.644791666666667
143.9364374	0.644791666666667
143.9528265	0.644791666666667
143.9698245	0.644791666666667
143.9863722	0.644791666666667
144.003240399999	0.644791666666667
144.0196915	0.644791666666667
144.036351999999	0.644791666666667
144.053059999999	0.644791666666667
144.0695244	0.644791666666667
144.086284399999	0.644791666666667
144.1032269	0.644791666666667
144.119785	0.644791666666667
144.136381099999	0.644791666666667
144.1531995	0.644791666666667
144.1698379	0.644791666666667
144.1863171	0.644791666666667
144.2033972	0.644791666666667
144.220028399999	0.644791666666667
144.2364419	0.644791666666667
144.253126899999	0.644791666666667
144.269933799999	0.644791666666667
144.286232599999	0.644791666666667
144.303213699999	0.644791666666667
144.3196473	0.644791666666667
144.336272899999	0.644791666666667
144.3530986	0.644791666666667
144.3696622	0.644791666666667
144.3862223	0.644791666666667
144.4032344	0.644791666666667
144.4199658	0.644791666666667
144.4361295	0.644791666666667
144.4534101	0.644791666666667
144.4696464	0.644791666666667
144.4864226	0.644791666666667
144.503577799999	0.644791666666667
144.519535599999	0.644791666666667
144.536485899999	0.644791666666667
144.553375099999	0.644791666666667
144.5701094	0.644791666666667
144.5864321	0.644791666666667
144.6034886	0.644791666666667
144.6198901	0.644791666666667
144.636148899999	0.644791666666667
144.6534174	0.644791666666667
144.669918	0.644791666666667
144.686102199999	0.644791666666667
144.7032033	0.644791666666667
144.7197056	0.644791666666667
144.7363507	0.644791666666667
144.753199199999	0.644791666666667
144.769931899999	0.644791666666667
144.7863198	0.644791666666667
144.8032385	0.644791666666667
144.819817099999	0.644791666666667
144.8367092	0.644791666666667
144.8530753	0.644791666666667
144.8697199	0.644791666666667
144.886208399999	0.644791666666667
144.9031338	0.644791666666667
144.919472799999	0.644791666666667
144.936379299999	0.644791666666667
144.953251499999	0.644791666666667
144.9697725	0.644791666666667
144.9860738	0.644791666666667
145.0032065	0.644791666666667
145.019812	0.644791666666667
145.0364094	0.644791666666667
145.0530966	0.644791666666667
145.0700855	0.644791666666667
145.0861323	0.644791666666667
145.103239999999	0.644791666666667
145.1198465	0.644791666666667
145.1361387	0.644791666666667
145.1531257	0.644791666666667
145.169864	0.644791666666667
145.1864971	0.644791666666667
145.2028421	0.644791666666667
145.219897499999	0.644791666666667
145.236421699999	0.644791666666667
145.2529052	0.644791666666667
145.2697094	0.644791666666667
145.2864142	0.644791666666667
145.303304999999	0.644791666666667
145.3201264	0.644791666666667
145.336495799999	0.644791666666667
145.3532958	0.644791666666667
145.369836	0.644791666666667
145.386465899999	0.644791666666667
145.403008499999	0.644791666666667
145.419795	0.644791666666667
145.436750299999	0.644791666666667
145.453513699999	0.644791666666667
145.4698886	0.644791666666667
145.4865168	0.644791666666667
145.503125099999	0.644791666666667
145.519656799999	0.644791666666667
145.536402299999	0.644791666666667
145.552768099999	0.644791666666667
145.5698913	0.644791666666667
145.586047	0.644791666666667
145.6030622	0.644791666666667
145.619503999999	0.644791666666667
145.6364583	0.644791666666667
145.6533418	0.644791666666667
145.6697607	0.644791666666667
145.686323	0.644791666666667
145.7028228	0.644791666666667
145.719722999999	0.644791666666667
145.736310099999	0.644791666666667
145.753353499999	0.644791666666667
145.770046299999	0.644791666666667
145.7861144	0.644791666666667
145.8033158	0.644791666666667
145.819813499999	0.644791666666667
145.8361282	0.644791666666667
145.8534505	0.644791666666667
145.8698138	0.644791666666667
145.886123599999	0.644791666666667
145.902861699999	0.644791666666667
145.919778199999	0.644791666666667
145.936607099999	0.644791666666667
145.9529132	0.644791666666667
145.969741499999	0.644791666666667
145.9871666	0.644791666666667
146.0032236	0.644791666666667
146.0197632	0.644791666666667
146.0364045	0.644791666666667
146.0536677	0.644791666666667
146.069895199999	0.644791666666667
146.086409	0.644791666666667
146.103348299999	0.644791666666667
146.1195567	0.644791666666667
146.1364261	0.644791666666667
146.1531558	0.644791666666667
146.1697693	0.644791666666667
146.1863508	0.644791666666667
146.202746499999	0.644791666666667
146.2201231	0.644791666666667
146.236073599999	0.644791666666667
146.253193	0.644791666666667
146.2701129	0.644791666666667
146.2861439	0.644791666666667
146.303083199999	0.644791666666667
146.3201727	0.644791666666667
146.336329999999	0.644791666666667
146.3531963	0.644791666666667
146.369967099999	0.644791666666667
146.386414	0.644791666666667
146.403383299999	0.644791666666667
146.4196415	0.644791666666667
146.4363857	0.644791666666667
146.4528627	0.644791666666667
146.4694891	0.644791666666667
146.486335099999	0.644791666666667
146.5029195	0.644791666666667
146.5195445	0.644791666666667
146.5365065	0.644791666666667
146.552955599999	0.644791666666667
146.5697549	0.644791666666667
146.586378999999	0.644791666666667
146.603007799999	0.644791666666667
146.619984299999	0.644791666666667
146.636371299999	0.644791666666667
146.6527569	0.644791666666667
146.6696194	0.644791666666667
146.686083799999	0.644791666666667
146.702960199999	0.644791666666667
146.7195581	0.644791666666667
146.736352899999	0.644791666666667
146.753333899999	0.644791666666667
146.7696461	0.644791666666667
146.786339099999	0.644791666666667
146.803026899999	0.644791666666667
146.8199147	0.644791666666667
146.8363837	0.644791666666667
146.852874699999	0.644791666666667
146.869875799999	0.644791666666667
146.8863437	0.644791666666667
146.903154299999	0.644791666666667
146.919914499999	0.644791666666667
146.9361094	0.644791666666667
146.953022	0.644791666666667
146.969859	0.644791666666667
146.986164499999	0.644791666666667
147.0032673	0.644791666666667
147.019775999999	0.644791666666667
147.036395499999	0.644791666666667
147.0531363	0.644791666666667
147.0695717	0.644791666666667
147.085968699999	0.644791666666667
147.1029702	0.644791666666667
147.1197852	0.644791666666667
147.1362032	0.644791666666667
147.153239499999	0.644791666666667
147.1695615	0.644791666666667
147.186545199999	0.644791666666667
147.203341199999	0.644791666666667
147.2199812	0.653125
147.2364884	0.653125
147.253073999999	0.653125
147.270428999999	0.653125
147.286965599999	0.661458333333333
147.3033535	0.661458333333333
147.3201818	0.661458333333333
147.3361165	0.669791666666667
147.353391299999	0.669791666666667
147.370000999999	0.669791666666667
147.386049899999	0.669791666666667
147.4030059	0.669791666666667
147.4198449	0.669791666666667
147.4363784	0.669791666666667
147.4530483	0.678125
147.4698276	0.678125
147.486470899999	0.678125
147.502933	0.678125
147.5194493	0.678125
147.536297899999	0.678125
147.5531919	0.678125
147.569444899999	0.678125
147.586546899999	0.678125
147.602961	0.678125
147.6196911	0.686458333333333
147.6363329	0.686458333333333
147.653399399999	0.694791666666667
147.669755399999	0.703125
147.686369599999	0.703125
147.703078899999	0.703125
147.719675099999	0.703125
147.736556	0.7125
147.753150799999	0.7125
147.7702123	0.7125
147.7865501	0.7125
147.803206799999	0.7125
147.8194472	0.7125
147.836581299999	0.7125
147.853244499999	0.7125
147.869554299999	0.7125
147.8863132	0.7125
147.902865399999	0.7125
147.919609799999	0.7125
147.9360602	0.7125
147.952917199999	0.7125
147.9695666	0.7125
147.986351	0.7125
148.003215199999	0.7125
148.0196903	0.7125
148.0360265	0.7125
148.0533184	0.7125
148.0696941	0.7125
148.0862591	0.7125
148.102843799999	0.7125
148.1194922	0.7125
148.136033899999	0.7125
148.1527661	0.7125
148.1692187	0.7125
148.186317299999	0.7125
148.202885199999	0.7125
148.2191599	0.7125
148.236598099999	0.7125
148.2531603	0.7125
148.269555299999	0.7125
148.2867096	0.7125
148.3031825	0.7125
148.319547599999	0.7125
148.336165999999	0.7125
148.3528927	0.7125
148.369779899999	0.7125
148.3866013	0.7125
148.403114199999	0.7125
148.419655299999	0.7125
148.435979499999	0.7125
148.4532179	0.7125
148.4694744	0.7125
148.486151599999	0.7125
148.5030012	0.7125
148.5194009	0.7125
148.5365616	0.7125
148.552897799999	0.7125
148.569688699999	0.7125
148.586055899999	0.7125
148.603286199999	0.7125
148.619666299999	0.7125
148.6365158	0.7125
148.6530611	0.7125
148.6695229	0.7125
148.6864108	0.7125
148.7035449	0.7125
148.7195247	0.696875
148.736760199999	0.6625
148.753913199999	0.645833333333333
148.7696385	0.628125
148.786236299999	0.59375
148.803472099999	0.577083333333333
148.81953	0.552083333333333
148.8365435	0.527083333333333
148.8531656	0.527083333333333
148.869917399999	0.501041666666667
148.886102699999	0.492708333333333
148.9031172	0.476041666666667
148.9193196	0.457291666666667
148.9365161	0.457291666666667
148.9528111	0.457291666666667
148.9692287	0.457291666666667
148.986080199999	0.457291666666667
149.003087399999	0.457291666666667
149.019723099999	0.448958333333333
149.036494999999	0.439583333333333
149.052813699999	0.439583333333333
149.0695239	0.439583333333333
149.086291099999	0.439583333333333
149.1028984	0.439583333333333
149.119454999999	0.439583333333333
149.136219499999	0.439583333333333
149.153095	0.439583333333333
149.169457	0.439583333333333
149.1864823	0.439583333333333
149.203543799999	0.439583333333333
149.219652799999	0.439583333333333
149.2363206	0.439583333333333
149.253183899999	0.439583333333333
149.269930799999	0.439583333333333
149.2860273	0.439583333333333
149.3029957	0.439583333333333
149.3194119	0.439583333333333
149.3360365	0.439583333333333
149.3530013	0.439583333333333
149.369234999999	0.439583333333333
149.3863432	0.439583333333333
149.4031158	0.439583333333333
149.4194104	0.439583333333333
149.4362898	0.439583333333333
149.452815799999	0.439583333333333
149.469906099999	0.439583333333333
149.4862939	0.439583333333333
149.5027506	0.439583333333333
149.5197688	0.439583333333333
149.5364388	0.439583333333333
149.5530148	0.439583333333333
149.5692021	0.439583333333333
149.585894399999	0.439583333333333
149.602975299999	0.439583333333333
149.6193851	0.439583333333333
149.6361485	0.439583333333333
149.6533211	0.439583333333333
149.669360899999	0.439583333333333
149.6862495	0.439583333333333
149.703027799999	0.439583333333333
149.719388	0.439583333333333
149.736328399999	0.439583333333333
149.7530325	0.439583333333333
149.769545499999	0.439583333333333
149.786037899999	0.439583333333333
149.8031641	0.439583333333333
149.819065299999	0.439583333333333
149.836013599999	0.439583333333333
149.8531134	0.439583333333333
149.869522999999	0.439583333333333
149.8867197	0.439583333333333
149.9030434	0.439583333333333
149.920547199999	0.439583333333333
149.936244799999	0.439583333333333
149.953082	0.439583333333333
149.969566799999	0.439583333333333
149.986422	0.439583333333333
150.003032199999	0.439583333333333
150.0192818	0.439583333333333
150.0360069	0.439583333333333
150.0530082	0.439583333333333
150.069681499999	0.439583333333333
150.086414699999	0.439583333333333
150.1030591	0.439583333333333
150.119837499999	0.439583333333333
150.135962599999	0.439583333333333
150.1528934	0.439583333333333
150.169446999999	0.439583333333333
150.1861438	0.439583333333333
150.202944799999	0.439583333333333
150.2193197	0.439583333333333
150.2361457	0.439583333333333
150.2530859	0.439583333333333
150.2696062	0.439583333333333
150.285953099999	0.439583333333333
150.303008299999	0.439583333333333
150.3192223	0.439583333333333
150.3360629	0.439583333333333
150.3529663	0.439583333333333
150.3695289	0.439583333333333
150.3864225	0.439583333333333
150.4030125	0.439583333333333
150.419252299999	0.439583333333333
150.436341199999	0.439583333333333
150.4532328	0.439583333333333
150.4690763	0.439583333333333
150.4863504	0.439583333333333
150.5028082	0.439583333333333
150.5190986	0.439583333333333
150.536706	0.439583333333333
150.552989	0.439583333333333
150.5690687	0.439583333333333
150.586190399999	0.439583333333333
150.6031065	0.439583333333333
150.619249699999	0.439583333333333
150.6362437	0.439583333333333
150.6528277	0.439583333333333
150.669178499999	0.439583333333333
150.6863132	0.439583333333333
150.7030225	0.439583333333333
150.719569	0.439583333333333
150.736023099999	0.439583333333333
150.752974999999	0.439583333333333
150.769491499999	0.439583333333333
150.7859543	0.439583333333333
150.8027862	0.439583333333333
150.8201817	0.439583333333333
150.836318	0.439583333333333
150.8528787	0.439583333333333
150.8694865	0.439583333333333
150.8859303	0.439583333333333
150.9029924	0.439583333333333
150.9198232	0.439583333333333
150.9363932	0.439583333333333
150.9530146	0.439583333333333
150.969125199999	0.439583333333333
150.9859615	0.439583333333333
151.0033465	0.439583333333333
151.019107399999	0.439583333333333
151.036367	0.439583333333333
151.0532819	0.439583333333333
151.069277299999	0.439583333333333
151.086335399999	0.439583333333333
151.1029481	0.439583333333333
151.119183999999	0.439583333333333
151.1360907	0.439583333333333
151.1529396	0.439583333333333
151.1691599	0.439583333333333
151.1860183	0.439583333333333
151.2058695	0.439583333333333
151.219071899999	0.439583333333333
151.2357155	0.439583333333333
151.2528041	0.439583333333333
151.2695841	0.439583333333333
151.2857921	0.439583333333333
151.3028896	0.439583333333333
151.3195194	0.439583333333333
151.336457099999	0.439583333333333
151.352810199999	0.439583333333333
151.3691473	0.439583333333333
151.386048599999	0.439583333333333
151.4030392	0.439583333333333
151.419610499999	0.439583333333333
151.436143499999	0.439583333333333
151.4524741	0.439583333333333
151.469587099999	0.439583333333333
151.486147199999	0.439583333333333
151.503123	0.439583333333333
151.5189621	0.439583333333333
151.536322399999	0.439583333333333
151.5530233	0.439583333333333
151.569269899999	0.439583333333333
151.5864168	0.439583333333333
151.6029227	0.439583333333333
151.619415499999	0.439583333333333
151.6364402	0.439583333333333
151.6528264	0.439583333333333
151.6691458	0.439583333333333
151.686262499999	0.439583333333333
151.702813999999	0.439583333333333
151.719410399999	0.439583333333333
151.736169899999	0.439583333333333
151.752615799999	0.439583333333333
151.7690054	0.439583333333333
151.786318199999	0.430208333333333
151.8028349	0.430208333333333
151.819540199999	0.430208333333333
151.8364255	0.430208333333333
151.852833499999	0.430208333333333
151.8694458	0.421875
151.886486199999	0.421875
151.902765999999	0.421875
151.919412099999	0.421875
151.935882199999	0.421875
151.9530944	0.421875
151.9693767	0.421875
151.985945099999	0.421875
152.003002599999	0.421875
152.0195003	0.421875
152.0361452	0.421875
152.0527371	0.421875
152.0694654	0.421875
152.0862092	0.421875
152.1028176	0.421875
152.119407599999	0.421875
152.1365196	0.421875
152.1528669	0.404166666666667
152.169204299999	0.3875
152.186204	0.3875
152.2025299	0.3875
152.219393799999	0.3875
152.2362034	0.3875
152.2528532	0.3875
152.2693881	0.3875
152.286095199999	0.3875
152.3028637	0.3875
152.3194979	0.3875
152.336215099999	0.3875
152.352798	0.3875
152.3693515	0.3875
152.3864207	0.3875
152.402969799999	0.3875
152.419117699999	0.3875
152.4357875	0.3875
152.4525681	0.3875
152.468948799999	0.3875
152.486043999999	0.3875
152.502318399999	0.3875
152.5189924	0.3875
152.536073499999	0.3875
152.5525964	0.3875
152.5693984	0.3875
152.5864145	0.3875
152.602864099999	0.3875
152.6194311	0.3875
152.6362457	0.3875
152.6527096	0.3875
152.6697214	0.3875
152.686133699999	0.3875
152.702787599999	0.3875
152.7192962	0.3875
152.736106699999	0.3875
152.7528709	0.3875
152.7693684	0.3875
152.7859309	0.3875
152.8028206	0.3875
152.819335599999	0.3875
152.8362521	0.3875
152.85302	0.3875
152.8692444	0.3875
152.886471299999	0.3875
152.902977399999	0.3875
152.918983299999	0.3875
152.936259399999	0.3875
152.953019899999	0.394791666666667
152.9694246	0.394791666666667
152.986326599999	0.394791666666667
153.0034435	0.394791666666667
153.019511	0.394791666666667
153.036240199999	0.394791666666667
153.0527076	0.394791666666667
153.069336899999	0.394791666666667
153.086319	0.394791666666667
153.1029727	0.394791666666667
153.1193531	0.394791666666667
153.1359944	0.394791666666667
153.1528903	0.394791666666667
153.169460499999	0.394791666666667
153.186218399999	0.394791666666667
153.2029213	0.394791666666667
153.2192047	0.394791666666667
153.236196899999	0.394791666666667
153.252814199999	0.394791666666667
153.2696005	0.394791666666667
153.2859965	0.394791666666667
153.3028786	0.394791666666667
153.3194312	0.394791666666667
153.336289899999	0.394791666666667
153.3531501	0.394791666666667
153.3693999	0.394791666666667
153.386105	0.394791666666667
153.4026378	0.394791666666667
153.4196143	0.394791666666667
153.435806699999	0.394791666666667
153.4528604	0.394791666666667
153.4696113	0.394791666666667
153.4859049	0.394791666666667
153.502744699999	0.394791666666667
153.519332899999	0.394791666666667
153.538497199999	0.394791666666667
153.5528016	0.394791666666667
153.569457799999	0.394791666666667
153.5863399	0.394791666666667
153.6026217	0.394791666666667
153.619468999999	0.394791666666667
153.6360662	0.394791666666667
153.652995099999	0.394791666666667
153.668993099999	0.394791666666667
153.686437099999	0.394791666666667
153.7028224	0.394791666666667
153.719351999999	0.394791666666667
153.736154599999	0.394791666666667
153.7531162	0.394791666666667
153.769389599999	0.394791666666667
153.785970999999	0.394791666666667
153.8031322	0.394791666666667
153.8192831	0.394791666666667
153.835979699999	0.394791666666667
153.852677899999	0.394791666666667
153.870311899999	0.394791666666667
153.8859518	0.394791666666667
153.903122299999	0.394791666666667
153.9194442	0.394791666666667
153.9363145	0.394791666666667
153.953266199999	0.394791666666667
153.9695248	0.394791666666667
153.9862242	0.394791666666667
154.003021199999	0.394791666666667
154.019523299999	0.394791666666667
154.036177499999	0.394791666666667
154.0527365	0.394791666666667
154.070132399999	0.394791666666667
154.0859353	0.394791666666667
154.1027298	0.394791666666667
154.1193495	0.394791666666667
154.1360803	0.394791666666667
154.152513499999	0.394791666666667
154.1694683	0.394791666666667
154.1859986	0.394791666666667
154.202854499999	0.394791666666667
154.2194344	0.394791666666667
154.2360123	0.394791666666667
154.2527857	0.394791666666667
154.2697504	0.394791666666667
154.2858238	0.394791666666667
154.3029209	0.394791666666667
154.319586799999	0.394791666666667
154.3361029	0.394791666666667
154.3528258	0.394791666666667
154.369658299999	0.394791666666667
154.386068999999	0.394791666666667
154.4027879	0.394791666666667
154.4193208	0.394791666666667
154.436118299999	0.394791666666667
154.4527394	0.394791666666667
154.469060699999	0.394791666666667
154.4859816	0.394791666666667
154.5027642	0.394791666666667
154.519456	0.394791666666667
154.5359032	0.394791666666667
154.552771899999	0.394791666666667
154.569603899999	0.394791666666667
154.5861944	0.394791666666667
154.603004899999	0.394791666666667
154.6194987	0.394791666666667
154.6361608	0.394791666666667
154.6529169	0.394791666666667
154.6693332	0.394791666666667
154.686409499999	0.394791666666667
154.7025052	0.394791666666667
154.7194351	0.394791666666667
154.736021299999	0.394791666666667
154.752729	0.394791666666667
154.7694308	0.394791666666667
154.786146599999	0.394791666666667
154.8029001	0.394791666666667
154.819602199999	0.394791666666667
154.8358849	0.394791666666667
154.852967299999	0.394791666666667
154.8696187	0.394791666666667
154.8859956	0.394791666666667
154.9026545	0.394791666666667
154.9192488	0.394791666666667
154.9361319	0.394791666666667
154.9527045	0.394791666666667
154.969448899999	0.394791666666667
154.9858949	0.394791666666667
155.002864999999	0.394791666666667
155.018914599999	0.394791666666667
155.0360064	0.394791666666667
155.0527819	0.394791666666667
155.069476	0.394791666666667
155.085934399999	0.394791666666667
155.102674899999	0.394791666666667
155.1193162	0.394791666666667
155.1363093	0.394791666666667
155.1532271	0.394791666666667
155.169206699999	0.394791666666667
155.186310599999	0.394791666666667
155.2028873	0.394791666666667
155.219392	0.394791666666667
155.2361658	0.394791666666667
155.252960299999	0.394791666666667
155.2697473	0.394791666666667
155.2857355	0.394791666666667
155.302728799999	0.394791666666667
155.3194417	0.394791666666667
155.3360213	0.394791666666667
155.352925599999	0.394791666666667
155.369774899999	0.394791666666667
155.3862266	0.394791666666667
155.4027695	0.394791666666667
155.419198099999	0.394791666666667
155.436227599999	0.394791666666667
155.452933799999	0.394791666666667
155.4695434	0.394791666666667
155.4862508	0.394791666666667
155.5027959	0.394791666666667
155.519461299999	0.394791666666667
155.5359239	0.394791666666667
155.5526369	0.394791666666667
155.5695208	0.394791666666667
155.585933599999	0.394791666666667
155.603125	0.394791666666667
155.6194141	0.394791666666667
155.6359207	0.394791666666667
155.652926399999	0.394791666666667
155.6697126	0.394791666666667
155.6858545	0.394791666666667
155.702737	0.394791666666667
155.718996199999	0.394791666666667
155.736007	0.394791666666667
155.752785999999	0.394791666666667
155.769525899999	0.394791666666667
155.785978899999	0.394791666666667
155.8025662	0.394791666666667
155.819672299999	0.394791666666667
155.836052	0.394791666666667
155.852740699999	0.394791666666667
155.8693342	0.394791666666667
155.886017399999	0.394791666666667
155.902724299999	0.394791666666667
155.9212229	0.394791666666667
155.935672	0.394791666666667
155.9526017	0.394791666666667
155.969001099999	0.394791666666667
155.986016899999	0.394791666666667
156.002702799999	0.394791666666667
156.0215572	0.394791666666667
156.0359257	0.394791666666667
156.0526756	0.394791666666667
156.0695509	0.394791666666667
156.0861238	0.394791666666667
156.1025758	0.394791666666667
156.1193993	0.394791666666667
156.135901899999	0.394791666666667
156.1525329	0.394791666666667
156.1689976	0.394791666666667
156.185767299999	0.394791666666667
156.202227799999	0.394791666666667
156.219051999999	0.394791666666667
156.236014999999	0.394791666666667
156.252652599999	0.394791666666667
156.2692529	0.394791666666667
156.285741	0.394791666666667
156.302765599999	0.394791666666667
156.3196604	0.394791666666667
156.3359346	0.394791666666667
156.3526554	0.394791666666667
156.369775599999	0.394791666666667
156.386234299999	0.394791666666667
156.4027072	0.394791666666667
156.4192944	0.394791666666667
156.435997099999	0.394791666666667
156.4526024	0.394791666666667
156.468841899999	0.394791666666667
156.4854964	0.394791666666667
156.5029335	0.394791666666667
156.5195146	0.394791666666667
156.5357938	0.394791666666667
156.552709299999	0.394791666666667
156.5692303	0.394791666666667
156.5859469	0.394791666666667
156.6027151	0.394791666666667
156.6190087	0.394791666666667
156.635935599999	0.394791666666667
156.6526287	0.394791666666667
156.6690984	0.394791666666667
156.685972099999	0.394791666666667
156.702744699999	0.394791666666667
156.7195948	0.394791666666667
156.7357679	0.394791666666667
156.752702999999	0.394791666666667
156.7694543	0.394791666666667
156.786159699999	0.394791666666667
156.802602799999	0.394791666666667
156.8194687	0.394791666666667
156.835614199999	0.394791666666667
156.852206099999	0.394791666666667
156.869871499999	0.394791666666667
156.8858709	0.394791666666667
156.9026796	0.394791666666667
156.919392899999	0.394791666666667
156.936154	0.394791666666667
156.9526609	0.394791666666667
156.969583999999	0.394791666666667
156.9862398	0.394791666666667
157.002919799999	0.394791666666667
157.0192245	0.394791666666667
157.035990699999	0.394791666666667
157.052404399999	0.394791666666667
157.069434999999	0.394791666666667
157.085778799999	0.394791666666667
157.102612999999	0.394791666666667
157.119048	0.394791666666667
157.135657	0.394791666666667
157.1526986	0.394791666666667
157.169526899999	0.394791666666667
157.1860204	0.394791666666667
157.202637099999	0.394791666666667
157.219489399999	0.394791666666667
157.2360308	0.394791666666667
157.252759499999	0.394791666666667
157.269360699999	0.394791666666667
157.285978	0.394791666666667
157.3026	0.394791666666667
157.3194605	0.394791666666667
157.335689199999	0.394791666666667
157.352629	0.394791666666667
157.3695849	0.394791666666667
157.3860104	0.394791666666667
157.402794199999	0.394791666666667
157.4192396	0.394791666666667
157.4361331	0.394791666666667
157.452643799999	0.394791666666667
157.469008499999	0.394791666666667
157.4857555	0.394791666666667
157.502866299999	0.394791666666667
157.519118499999	0.394791666666667
157.535636	0.394791666666667
157.5521795	0.394791666666667
157.569578799999	0.394791666666667
157.586109899999	0.394791666666667
157.602623899999	0.394791666666667
157.619381699999	0.394791666666667
157.636104499999	0.394791666666667
157.6528638	0.394791666666667
157.6695646	0.394791666666667
157.685979999999	0.394791666666667
157.702815199999	0.394791666666667
157.719485099999	0.394791666666667
157.735849299999	0.394791666666667
157.7525479	0.394791666666667
157.768993199999	0.394791666666667
157.7859982	0.394791666666667
157.8026002	0.394791666666667
157.8195115	0.394791666666667
157.8358413	0.394791666666667
157.852688	0.394791666666667
157.8693312	0.394791666666667
157.8856301	0.394791666666667
157.9030709	0.394791666666667
157.9198981	0.394791666666667
157.9376432	0.394791666666667
157.952802999999	0.394791666666667
157.969572999999	0.394791666666667
157.9857378	0.394791666666667
158.0022043	0.394791666666667
158.0195005	0.394791666666667
158.035693	0.394791666666667
158.0520597	0.394791666666667
158.0690458	0.394791666666667
158.0858996	0.394791666666667
158.102195799999	0.394791666666667
158.119422299999	0.394791666666667
158.1359242	0.394791666666667
158.153049699999	0.394791666666667
158.169481999999	0.394791666666667
158.1863678	0.394791666666667
158.2022314	0.394791666666667
158.219352399999	0.394791666666667
158.236130099999	0.394791666666667
158.2521769	0.394791666666667
158.269456599999	0.394791666666667
158.285977899999	0.394791666666667
158.3024765	0.394791666666667
158.3193495	0.394791666666667
158.3362628	0.394791666666667
158.352460499999	0.394791666666667
158.3694882	0.394791666666667
158.3858787	0.394791666666667
158.402585299999	0.394791666666667
158.4192925	0.394791666666667
158.4359574	0.394791666666667
158.4525163	0.394791666666667
158.4694037	0.394791666666667
158.4859357	0.394791666666667
158.5025731	0.394791666666667
158.5191466	0.394791666666667
158.5356895	0.394791666666667
158.5524582	0.394791666666667
158.5694108	0.394791666666667
158.585523299999	0.394791666666667
158.602304999999	0.394791666666667
158.619484	0.394791666666667
158.635915299999	0.394791666666667
158.652627699999	0.394791666666667
158.6693987	0.394791666666667
158.686084299999	0.394791666666667
158.7024863	0.394791666666667
158.719371599999	0.394791666666667
158.7358127	0.394791666666667
158.7522313	0.394791666666667
158.769453499999	0.394791666666667
158.785947099999	0.394791666666667
158.8024116	0.394791666666667
158.8197062	0.394791666666667
158.835885699999	0.394791666666667
158.852577799999	0.394791666666667
158.869572899999	0.394791666666667
158.885774799999	0.394791666666667
158.9022477	0.394791666666667
158.919373799999	0.394791666666667
158.9357304	0.394791666666667
158.9522055	0.394791666666667
158.9693926	0.394791666666667
158.986202599999	0.394791666666667
159.002153799999	0.394791666666667
159.0194471	0.394791666666667
159.035961	0.394791666666667
159.052203599999	0.394791666666667
159.0695053	0.394791666666667
159.085982099999	0.394791666666667
159.102339999999	0.394791666666667
159.119483699999	0.394791666666667
159.135931	0.394791666666667
159.152279999999	0.394791666666667
159.168871299999	0.394791666666667
159.185688299999	0.394791666666667
159.202590899999	0.394791666666667
159.2191752	0.394791666666667
159.235954	0.394791666666667
159.2524322	0.394791666666667
159.2693967	0.394791666666667
159.2862257	0.394791666666667
159.3023918	0.394791666666667
159.319346499999	0.394791666666667
159.3362491	0.394791666666667
159.3521911	0.394791666666667
159.369331899999	0.394791666666667
159.3857259	0.394791666666667
159.402733399999	0.394791666666667
159.4189491	0.394791666666667
159.435949299999	0.394791666666667
159.4522302	0.394791666666667
159.469367899999	0.394791666666667
159.485839399999	0.394791666666667
159.5025472	0.394791666666667
159.519500699999	0.394791666666667
159.535923699999	0.394791666666667
159.5525306	0.394791666666667
159.569290599999	0.394791666666667
159.5860795	0.394791666666667
159.602294099999	0.394791666666667
159.6190689	0.394791666666667
159.6359722	0.394791666666667
159.6521145	0.394791666666667
159.6692624	0.394791666666667
159.6858729	0.394791666666667
159.7021995	0.394791666666667
159.7192945	0.394791666666667
159.736225299999	0.394791666666667
159.7525876	0.394791666666667
159.769459599999	0.394791666666667
159.7859878	0.394791666666667
159.8021677	0.394791666666667
159.8192983	0.394791666666667
159.8360359	0.394791666666667
159.8524149	0.394791666666667
159.8697925	0.394791666666667
159.8856022	0.394791666666667
159.9025216	0.394791666666667
159.9193283	0.394791666666667
159.9360572	0.394791666666667
159.952885899999	0.394791666666667
159.969188399999	0.394791666666667
159.9857195	0.394791666666667
160.0025286	0.394791666666667
160.019093499999	0.394791666666667
160.035902099999	0.394791666666667
160.0522308	0.394791666666667
160.0693194	0.394791666666667
160.085974099999	0.394791666666667
160.101914899999	0.394791666666667
160.119475199999	0.394791666666667
160.135797299999	0.394791666666667
160.1524584	0.394791666666667
160.1694075	0.394791666666667
160.185733599999	0.394791666666667
160.2025838	0.394791666666667
160.218982099999	0.394791666666667
160.2357169	0.394791666666667
160.2525842	0.394791666666667
160.269271599999	0.394791666666667
160.285739899999	0.394791666666667
160.302478099999	0.394791666666667
160.3192709	0.394791666666667
160.3361428	0.394791666666667
160.3522604	0.394791666666667
160.3691749	0.394791666666667
160.385894399999	0.394791666666667
160.402628299999	0.394791666666667
160.4192653	0.394791666666667
160.435819599999	0.394791666666667
160.452644	0.394791666666667
160.4692759	0.394791666666667
160.4857082	0.394791666666667
160.5025465	0.394791666666667
160.519168	0.394791666666667
160.535684099999	0.394791666666667
160.5525441	0.394791666666667
160.569244099999	0.394791666666667
160.585828599999	0.394791666666667
160.6024012	0.394791666666667
160.6189391	0.394791666666667
160.6354948	0.394791666666667
160.652335999999	0.394791666666667
160.6691849	0.394791666666667
160.685503199999	0.394791666666667
160.7026822	0.394791666666667
160.719157899999	0.394791666666667
160.7356744	0.394791666666667
160.7524711	0.394791666666667
160.768882599999	0.394791666666667
160.7859149	0.394791666666667
160.802488699999	0.394791666666667
160.8190717	0.394791666666667
160.8356392	0.394791666666667
160.8525254	0.394791666666667
160.869162999999	0.394791666666667
160.8858757	0.394791666666667
160.902449099999	0.394791666666667
160.918858599999	0.394791666666667
160.935843699999	0.394791666666667
160.952144	0.394791666666667
160.9691532	0.394791666666667
160.9862336	0.394791666666667
161.002479199999	0.394791666666667
161.019205099999	0.394791666666667
161.0358557	0.394791666666667
161.0525043	0.394791666666667
161.0691324	0.394791666666667
161.0858867	0.394791666666667
161.102285	0.394791666666667
161.1194928	0.394791666666667
161.135882799999	0.394791666666667
161.152538699999	0.394791666666667
161.169575499999	0.394791666666667
161.186129999999	0.394791666666667
161.202471	0.394791666666667
161.219557199999	0.394791666666667
161.235871299999	0.394791666666667
161.2524747	0.394791666666667
161.269130799999	0.394791666666667
161.2858821	0.394791666666667
161.302113399999	0.394791666666667
161.318842999999	0.394791666666667
161.335756199999	0.394791666666667
161.3521867	0.394791666666667
161.369005799999	0.394791666666667
161.3858603	0.394791666666667
161.4021311	0.394791666666667
161.419169399999	0.394791666666667
161.435803099999	0.394791666666667
161.452426299999	0.394791666666667
161.468846399999	0.394791666666667
161.485679699999	0.394791666666667
161.502741599999	0.394791666666667
161.5189586	0.394791666666667
161.535977699999	0.394791666666667
161.5522408	0.394791666666667
161.5692849	0.394791666666667
161.585789999999	0.394791666666667
161.602494399999	0.394791666666667
161.618945499999	0.394791666666667
161.6360098	0.394791666666667
161.6526011	0.394791666666667
161.6689147	0.394791666666667
161.6857056	0.394791666666667
161.702469	0.394791666666667
161.7191168	0.394791666666667
161.7354282	0.394791666666667
161.7522451	0.394791666666667
161.769242699999	0.394791666666667
161.7859362	0.394791666666667
161.8022162	0.394791666666667
161.8193219	0.394791666666667
161.8359298	0.394791666666667
161.852466599999	0.394791666666667
161.8692794	0.394791666666667
161.885959499999	0.394791666666667
161.9026018	0.394791666666667
161.919243599999	0.394791666666667
161.9358618	0.394791666666667
161.952710199999	0.394791666666667
161.968868	0.394791666666667
161.9858145	0.394791666666667
162.0024821	0.394791666666667
162.019222399999	0.394791666666667
162.0359479	0.394791666666667
162.0524533	0.394791666666667
162.0689573	0.394791666666667
162.0858638	0.394791666666667
162.1026465	0.394791666666667
162.118924699999	0.394791666666667
162.135711	0.394791666666667
162.152488799999	0.394791666666667
162.169109199999	0.394791666666667
162.1858335	0.394791666666667
162.2024304	0.394791666666667
162.218822999999	0.394791666666667
162.235719699999	0.394791666666667
162.2523415	0.394791666666667
162.269051499999	0.394791666666667
162.2859155	0.394791666666667
162.302322699999	0.394791666666667
162.3189072	0.394791666666667
162.335689199999	0.394791666666667
162.3522275	0.394791666666667
162.369014499999	0.394791666666667
162.3858106	0.394791666666667
162.402448	0.394791666666667
162.419304399999	0.394791666666667
162.4356788	0.394791666666667
162.4525605	0.394791666666667
162.4687857	0.394791666666667
162.4857709	0.394791666666667
162.502935099999	0.394791666666667
162.519270399999	0.394791666666667
162.5359565	0.394791666666667
162.5526903	0.394791666666667
162.569084199999	0.394791666666667
162.585477	0.394791666666667
162.6021799	0.394791666666667
162.619194399999	0.394791666666667
162.635854499999	0.394791666666667
162.6524019	0.394791666666667
162.6692716	0.394791666666667
162.685473899999	0.394791666666667
162.7025521	0.394791666666667
162.7192765	0.394791666666667
162.735890999999	0.394791666666667
162.752694399999	0.394791666666667
162.7692742	0.394791666666667
162.7857974	0.394791666666667
162.802074599999	0.394791666666667
162.8187941	0.394791666666667
162.8357701	0.394791666666667
162.852472899999	0.394791666666667
162.8692949	0.394791666666667
162.8856214	0.394791666666667
162.9025618	0.394791666666667
162.918906499999	0.394791666666667
162.9358361	0.394791666666667
162.9521059	0.394791666666667
162.9691532	0.394791666666667
162.9857936	0.394791666666667
163.002494599999	0.394791666666667
163.0191366	0.394791666666667
163.036162699999	0.394791666666667
163.0525738	0.394791666666667
163.068949199999	0.394791666666667
163.085622	0.394791666666667
163.1024626	0.394791666666667
163.1194017	0.394791666666667
163.135480999999	0.394791666666667
163.1520703	0.394791666666667
163.1686875	0.394791666666667
163.1852763	0.394791666666667
163.2024962	0.394791666666667
163.219335299999	0.394791666666667
163.2357161	0.394791666666667
163.252597799999	0.394791666666667
163.269227399999	0.394791666666667
163.2861988	0.394791666666667
163.3026178	0.394791666666667
163.3192254	0.394791666666667
163.3362092	0.4125
163.352738799999	0.429166666666667
163.3690719	0.438541666666667
163.3860344	0.467708333333333
163.402225399999	0.485416666666667
163.4195052	0.485416666666667
163.4353456	0.485416666666667
163.4526471	0.485416666666667
163.469348799999	0.485416666666667
163.485688	0.485416666666667
163.502318899999	0.485416666666667
163.5192141	0.485416666666667
163.5358282	0.485416666666667
163.5526904	0.485416666666667
163.5691927	0.485416666666667
163.585452099999	0.485416666666667
163.602474599999	0.485416666666667
163.619026099999	0.485416666666667
163.635742799999	0.485416666666667
163.6522845	0.485416666666667
163.668787	0.485416666666667
163.685487999999	0.485416666666667
163.702285599999	0.485416666666667
163.7192943	0.485416666666667
163.7357739	0.485416666666667
163.752559799999	0.485416666666667
163.7687731	0.485416666666667
163.785733399999	0.485416666666667
163.8022881	0.485416666666667
163.8191296	0.485416666666667
163.8358721	0.485416666666667
163.852662099999	0.485416666666667
163.868954699999	0.485416666666667
163.885698599999	0.485416666666667
163.9019658	0.485416666666667
163.9193373	0.485416666666667
163.9356364	0.485416666666667
163.9528126	0.485416666666667
163.9688514	0.485416666666667
163.9858993	0.485416666666667
164.0022856	0.485416666666667
164.0201516	0.485416666666667
164.0354804	0.485416666666667
164.052602399999	0.485416666666667
164.0688064	0.485416666666667
164.0856759	0.485416666666667
164.1025432	0.485416666666667
164.119177899999	0.485416666666667
164.1356981	0.485416666666667
164.152493299999	0.485416666666667
164.1686758	0.485416666666667
164.185851699999	0.485416666666667
164.202627199999	0.485416666666667
164.2190879	0.485416666666667
164.2357409	0.485416666666667
164.2529909	0.485416666666667
164.2690963	0.485416666666667
164.2853556	0.485416666666667
164.3021444	0.485416666666667
164.319340499999	0.485416666666667
164.3361452	0.485416666666667
164.352498099999	0.485416666666667
164.3692464	0.485416666666667
164.3859838	0.485416666666667
164.4023367	0.485416666666667
164.419046999999	0.485416666666667
164.435312299999	0.485416666666667
164.4525023	0.485416666666667
164.469126999999	0.485416666666667
164.485687699999	0.485416666666667
164.502810399999	0.485416666666667
164.519205299999	0.485416666666667
164.535969	0.485416666666667
164.5521627	0.485416666666667
164.5691123	0.485416666666667
164.5859905	0.485416666666667
164.602108599999	0.485416666666667
164.619319199999	0.485416666666667
164.635647599999	0.485416666666667
164.6526293	0.485416666666667
164.668731799999	0.485416666666667
164.685873799999	0.485416666666667
164.702534599999	0.485416666666667
164.7190586	0.485416666666667
164.735717699999	0.485416666666667
164.752420399999	0.485416666666667
164.7691698	0.485416666666667
164.7859635	0.485416666666667
164.8026493	0.485416666666667
164.818746899999	0.485416666666667
164.8358546	0.485416666666667
164.853046699999	0.485416666666667
164.8689933	0.485416666666667
164.8857307	0.485416666666667
164.902430499999	0.485416666666667
164.919181599999	0.485416666666667
164.9354687	0.485416666666667
164.9524512	0.485416666666667
164.968792	0.485416666666667
164.985940799999	0.485416666666667
165.002624999999	0.485416666666667
165.019307	0.485416666666667
165.035751699999	0.485416666666667
165.0524215	0.485416666666667
165.0690907	0.485416666666667
165.085695	0.485416666666667
165.1066235	0.485416666666667
165.118997799999	0.485416666666667
165.1355822	0.485416666666667
165.152442299999	0.485416666666667
165.1694505	0.485416666666667
165.185612599999	0.485416666666667
165.202474	0.485416666666667
165.219035499999	0.485416666666667
165.2357691	0.485416666666667
165.2521791	0.485416666666667
165.269342299999	0.485416666666667
165.285651699999	0.485416666666667
165.302692699999	0.485416666666667
165.319151199999	0.485416666666667
165.3359279	0.485416666666667
165.3525193	0.485416666666667
165.3692351	0.485416666666667
165.3857976	0.485416666666667
165.4025488	0.485416666666667
165.418938999999	0.485416666666667
165.4355999	0.485416666666667
165.4528302	0.485416666666667
165.4690836	0.485416666666667
165.4858656	0.485416666666667
165.5024318	0.485416666666667
165.519187	0.485416666666667
165.535361599999	0.485416666666667
165.5521626	0.485416666666667
165.5692712	0.485416666666667
165.5854211	0.485416666666667
165.6026157	0.485416666666667
165.619609599999	0.485416666666667
165.6360489	0.485416666666667
165.6522243	0.485416666666667
165.6693811	0.485416666666667
165.6856073	0.485416666666667
165.7024635	0.485416666666667
165.7193062	0.485416666666667
165.735502	0.485416666666667
165.7525895	0.485416666666667
165.7688872	0.485416666666667
165.7854848	0.485416666666667
165.802126	0.485416666666667
165.8192627	0.485416666666667
165.8355757	0.485416666666667
165.852419	0.485416666666667
165.869156999999	0.485416666666667
165.8855717	0.485416666666667
165.9024393	0.485416666666667
165.9190934	0.485416666666667
165.9357234	0.485416666666667
165.9524001	0.485416666666667
165.9691164	0.485416666666667
165.9854335	0.485416666666667
166.0021953	0.485416666666667
166.018948399999	0.485416666666667
166.035367799999	0.485416666666667
166.052780999999	0.485416666666667
166.0688763	0.485416666666667
166.0855468	0.485416666666667
166.102314399999	0.485416666666667
166.1190674	0.485416666666667
166.1353823	0.485416666666667
166.1527294	0.485416666666667
166.169039699999	0.485416666666667
166.1858186	0.485416666666667
166.202528	0.485416666666667
166.218979099999	0.485416666666667
166.2355112	0.477083333333333
166.2523701	0.477083333333333
166.269248899999	0.477083333333333
166.285314899999	0.477083333333333
166.302541499999	0.477083333333333
166.318794399999	0.477083333333333
166.3352614	0.477083333333333
166.3525333	0.477083333333333
166.369245399999	0.477083333333333
166.3858811	0.477083333333333
166.402429199999	0.477083333333333
166.4190959	0.477083333333333
166.4358643	0.477083333333333
166.4522638	0.477083333333333
166.4690031	0.477083333333333
166.485534799999	0.477083333333333
166.5024858	0.477083333333333
166.5189065	0.477083333333333
166.535587099999	0.477083333333333
166.553018	0.477083333333333
166.568961	0.477083333333333
166.585628899999	0.477083333333333
166.602330199999	0.477083333333333
166.6192038	0.477083333333333
166.635817699999	0.477083333333333
166.652819299999	0.477083333333333
166.668715899999	0.477083333333333
166.685791499999	0.477083333333333
166.7071115	0.477083333333333
166.718820399999	0.477083333333333
166.73558	0.477083333333333
166.752455399999	0.477083333333333
166.7689068	0.477083333333333
166.7856155	0.477083333333333
166.802761899999	0.477083333333333
166.819360199999	0.477083333333333
166.835740699999	0.477083333333333
166.852476499999	0.477083333333333
166.869319199999	0.477083333333333
166.885439999999	0.477083333333333
166.902491399999	0.477083333333333
166.918842599999	0.477083333333333
166.935605299999	0.477083333333333
166.9521728	0.477083333333333
166.968877599999	0.477083333333333
166.9855505	0.477083333333333
167.002488599999	0.477083333333333
167.019125899999	0.477083333333333
167.0356145	0.477083333333333
167.0529308	0.477083333333333
167.06909	0.477083333333333
167.0852528	0.477083333333333
167.102381199999	0.477083333333333
167.118817199999	0.477083333333333
167.1352625	0.477083333333333
167.15226	0.477083333333333
167.1690475	0.477083333333333
167.1854054	0.477083333333333
167.202432499999	0.477083333333333
167.2187949	0.477083333333333
167.235505	0.477083333333333
167.2526018	0.477083333333333
167.269098	0.477083333333333
167.2852441	0.477083333333333
167.3026506	0.477083333333333
167.319165399999	0.477083333333333
167.3352563	0.477083333333333
167.352529999999	0.477083333333333
167.368895799999	0.477083333333333
167.3850402	0.477083333333333
167.4020618	0.477083333333333
167.419211799999	0.477083333333333
167.435360099999	0.477083333333333
167.452104499999	0.477083333333333
167.4691113	0.477083333333333
167.485249799999	0.477083333333333
167.5023955	0.477083333333333
167.5189667	0.477083333333333
167.535327	0.477083333333333
167.552207399999	0.477083333333333
167.569075099999	0.477083333333333
167.5854795	0.477083333333333
167.601966099999	0.477083333333333
167.6188653	0.477083333333333
167.635063399999	0.477083333333333
167.652448999999	0.477083333333333
167.668968	0.477083333333333
167.685124199999	0.477083333333333
167.702391299999	0.477083333333333
167.7191924	0.477083333333333
167.735255299999	0.477083333333333
167.752303599999	0.477083333333333
167.768977	0.477083333333333
167.7853896	0.477083333333333
167.802371199999	0.477083333333333
167.818891399999	0.477083333333333
167.835448899999	0.477083333333333
167.8524794	0.477083333333333
167.8688524	0.477083333333333
167.8853608	0.477083333333333
167.9021269	0.477083333333333
167.9189121	0.477083333333333
167.9360001	0.477083333333333
167.952671	0.477083333333333
167.968837699999	0.477083333333333
167.985538899999	0.477083333333333
168.0025509	0.477083333333333
168.019326199999	0.477083333333333
168.035143999999	0.477083333333333
168.0524177	0.477083333333333
168.069379199999	0.477083333333333
168.0850038	0.477083333333333
168.102301299999	0.477083333333333
168.1189497	0.477083333333333
168.1351269	0.477083333333333
168.1525587	0.477083333333333
168.168987599999	0.477083333333333
168.185572799999	0.477083333333333
168.2027301	0.477083333333333
168.218959399999	0.477083333333333
168.235379399999	0.477083333333333
168.252260699999	0.477083333333333
168.2689947	0.477083333333333
168.2852489	0.477083333333333
168.302236699999	0.477083333333333
168.3189924	0.477083333333333
168.3353577	0.477083333333333
168.3520608	0.477083333333333
168.3691977	0.477083333333333
168.385136999999	0.477083333333333
168.402567599999	0.477083333333333
168.419136799999	0.477083333333333
168.4356097	0.477083333333333
168.4524986	0.477083333333333
168.469470499999	0.477083333333333
168.485584499999	0.477083333333333
168.5025668	0.477083333333333
168.519248699999	0.477083333333333
168.5353337	0.477083333333333
168.5524864	0.477083333333333
168.568944	0.477083333333333
168.585378799999	0.477083333333333
168.6020388	0.477083333333333
168.619116999999	0.477083333333333
168.636650599999	0.477083333333333
168.6523713	0.477083333333333
168.668920399999	0.477083333333333
168.685519199999	0.477083333333333
168.702384499999	0.477083333333333
168.7189116	0.477083333333333
168.735331999999	0.477083333333333
168.7522677	0.477083333333333
168.768609299999	0.477083333333333
168.7856483	0.477083333333333
168.8023255	0.477083333333333
168.8192278	0.477083333333333
168.8354549	0.477083333333333
168.8518729	0.477083333333333
168.868793099999	0.477083333333333
168.8857837	0.477083333333333
168.902198799999	0.477083333333333
168.918870699999	0.477083333333333
168.935978	0.477083333333333
168.952454099999	0.477083333333333
168.9690799	0.477083333333333
168.985848099999	0.477083333333333
169.002135899999	0.477083333333333
169.018904699999	0.477083333333333
169.035443999999	0.477083333333333
169.0525288	0.477083333333333
169.069683199999	0.477083333333333
169.0855985	0.477083333333333
169.1020251	0.477083333333333
169.1191303	0.477083333333333
169.1355613	0.477083333333333
169.1522742	0.477083333333333
169.168774299999	0.477083333333333
169.185116899999	0.477083333333333
169.2020121	0.477083333333333
169.2189136	0.477083333333333
169.235134	0.477083333333333
169.2521811	0.477083333333333
169.2691717	0.477083333333333
169.2852834	0.477083333333333
169.3020975	0.477083333333333
169.3189298	0.477083333333333
169.335151499999	0.477083333333333
169.3522911	0.477083333333333
169.368742199999	0.477083333333333
169.3855385	0.477083333333333
169.402386799999	0.477083333333333
169.419200699999	0.501041666666667
169.4356515	0.526041666666667
169.452587199999	0.534375
169.4690345	0.552083333333333
169.485158699999	0.552083333333333
169.502391399999	0.552083333333333
169.5189986	0.552083333333333
169.535163099999	0.552083333333333
169.5522094	0.552083333333333
169.568848999999	0.544791666666667
169.5856717	0.544791666666667
169.602596299999	0.552083333333333
169.618868899999	0.569791666666667
169.635530699999	0.569791666666667
169.652180499999	0.569791666666667
169.6692814	0.569791666666667
169.6856068	0.569791666666667
169.7024145	0.569791666666667
169.7188779	0.579166666666667
169.735623799999	0.5875
169.752420399999	0.5875
169.768812699999	0.5875
169.785324699999	0.5875
169.8021382	0.5875
169.8184499	0.5875
169.835609	0.580208333333333
169.8519976	0.580208333333333
169.869271799999	0.580208333333333
169.885495899999	0.580208333333333
169.9022097	0.580208333333333
169.919288399999	0.580208333333333
169.9354686	0.580208333333333
169.952179	0.580208333333333
169.9689984	0.580208333333333
169.985178399999	0.580208333333333
170.0024569	0.580208333333333
170.0188063	0.580208333333333
170.0354627	0.580208333333333
170.052067899999	0.580208333333333
170.068936799999	0.580208333333333
170.0850586	0.580208333333333
170.101829099999	0.580208333333333
170.1184858	0.580208333333333
170.1350686	0.5875
170.152411599999	0.595833333333333
170.1689565	0.604166666666667
170.185332999999	0.604166666666667
170.201988899999	0.604166666666667
170.2188852	0.604166666666667
170.2357413	0.604166666666667
170.2520335	0.604166666666667
170.26917	0.604166666666667
170.2855672	0.604166666666667
170.3021322	0.604166666666667
170.3191216	0.604166666666667
170.335484099999	0.604166666666667
170.3520647	0.613541666666667
170.369187699999	0.613541666666667
170.385176	0.613541666666667
170.4021871	0.621875
170.418882399999	0.621875
170.4356687	0.639583333333333
170.4520954	0.65625
170.469046499999	0.664583333333333
170.4856678	0.672916666666667
170.502364999999	0.672916666666667
170.5187275	0.672916666666667
170.535180899999	0.672916666666667
170.5522947	0.672916666666667
170.5687896	0.672916666666667
170.5854731	0.672916666666667
170.602225	0.672916666666667
170.6187756	0.672916666666667
170.6351956	0.672916666666667
170.651937799999	0.672916666666667
170.6687753	0.672916666666667
170.685560299999	0.672916666666667
170.7023875	0.682291666666667
170.718965599999	0.690625
170.735354599999	0.698958333333333
170.752492	0.73125
170.768793499999	0.73125
170.7855297	0.73125
170.802277199999	0.73125
170.8186286	0.73125
170.835352599999	0.73125
170.8524817	0.73125
170.868803799999	0.73125
170.8854591	0.73125
170.902370999999	0.73125
170.918940899999	0.739583333333333
170.9352284	0.757291666666667
170.951972	0.765625
170.9686138	0.782291666666667
170.9855712	0.782291666666667
171.0024804	0.782291666666667
171.0187738	0.782291666666667
171.035413099999	0.782291666666667
171.052377999999	0.782291666666667
171.0688924	0.782291666666667
171.085061799999	0.782291666666667
171.102367699999	0.782291666666667
171.118704799999	0.782291666666667
171.135069	0.782291666666667
171.152291199999	0.782291666666667
171.168967099999	0.782291666666667
171.1851509	0.782291666666667
171.2021682	0.782291666666667
171.2184779	0.782291666666667
171.2354206	0.782291666666667
171.252489	0.782291666666667
171.2690702	0.775
171.285156	0.775
171.302529099999	0.775
171.3185767	0.775
171.335322399999	0.775
171.3520125	0.775
171.368782699999	0.775
171.385557799999	0.775
171.4020064	0.775
171.418926099999	0.775
171.4356276	0.775
171.452538799999	0.775
171.4691422	0.775
171.4857888	0.775
171.501705	0.775
171.518573599999	0.775
171.535279	0.775
171.5523631	0.775
171.5684784	0.775
171.5851807	0.775
171.6019391	0.775
171.618743499999	0.775
171.6359643	0.775
171.6552962	0.775
171.6688071	0.775
171.685148199999	0.775
171.702426399999	0.775
171.718902899999	0.775
171.7354608	0.775
171.7526429	0.775
171.7692498	0.775
171.7856889	0.775
171.802342	0.775
171.819207099999	0.775
171.835469899999	0.775
171.852335199999	0.775
171.868901899999	0.775
171.885482899999	0.775
171.902210599999	0.775
171.918787	0.775
171.9355017	0.775
171.9521042	0.775
171.9684413	0.775
171.985217699999	0.775
172.0027234	0.775
172.0184831	0.775
172.0350608	0.775
172.052264899999	0.775
172.0686704	0.775
172.084888699999	0.775
172.1019535	0.775
172.1188807	0.775
172.1354685	0.775
172.152653499999	0.775
172.168697399999	0.775
172.185474399999	0.775
172.2027032	0.775
172.218711899999	0.775
172.2351401	0.775
172.2519926	0.775
172.268777699999	0.775
172.2852341	0.775
172.3021732	0.775
172.31889	0.775
172.335170799999	0.775
172.352393499999	0.775
172.3688033	0.775
172.3854157	0.775
172.402343899999	0.775
172.418811799999	0.775
172.435206499999	0.775
172.452332	0.775
172.468907199999	0.775
172.4854219	0.775
172.5023782	0.775
172.519002999999	0.775
172.5353164	0.775
172.552081999999	0.775
172.568408499999	0.775
172.5855253	0.775
172.601912599999	0.775
172.619089	0.775
172.6359618	0.775
172.6520255	0.775
172.669235699999	0.775
172.6851349	0.775
172.7024677	0.775
172.718789199999	0.775
172.7354405	0.775
172.752141399999	0.775
172.7687563	0.775
172.785351699999	0.775
172.8019115	0.775
172.8190083	0.775
172.8354322	0.775
172.8522686	0.775
172.868474299999	0.775
172.8850845	0.775
172.9018718	0.775
172.9186462	0.775
172.9351879	0.775
172.952101499999	0.775
172.968641699999	0.775
172.985132999999	0.775
173.0018764	0.775
173.019001199999	0.775
173.035456799999	0.775
173.0520283	0.775
173.068363599999	0.775
173.085364199999	0.775
173.101809299999	0.775
173.1189077	0.775
173.135695	0.775
173.152120299999	0.775
173.1687874	0.775
173.1854951	0.775
173.202111699999	0.775
173.218587599999	0.775
173.2353857	0.775
173.2519477	0.775
173.268627599999	0.775
173.28507	0.775
173.3018954	0.775
173.3188033	0.775
173.3354966	0.775
173.351876999999	0.775
173.368795199999	0.775
173.3855976	0.775
173.4019853	0.775
173.4186074	0.775
173.4353652	0.775
173.451864199999	0.775
173.4688797	0.775
173.4855922	0.775
173.502160499999	0.775
173.518824	0.775
173.5357648	0.775
173.5522304	0.775
173.5690147	0.775
173.585279899999	0.775
173.6019547	0.775
173.618729399999	0.775
173.635458799999	0.775
173.6521358	0.775
173.6687745	0.775
173.685479	0.775
173.7023578	0.775
173.718748099999	0.775
173.7353187	0.775
173.751731699999	0.775
173.768762399999	0.775
173.7852531	0.775
173.8018784	0.775
173.818985299999	0.775
173.8354567	0.775
173.852314999999	0.775
173.8687849	0.775
173.885649899999	0.775
173.902165099999	0.775
173.9190001	0.775
173.9355897	0.775
173.9523525	0.775
173.9686801	0.775
173.986302699999	0.775
174.0025188	0.775
174.0185532	0.775
174.035560699999	0.775
174.0524934	0.775
174.068812099999	0.775
174.0853202	0.775
174.1022924	0.775
174.1188426	0.775
174.1353892	0.775
174.1522841	0.775
174.1683723	0.775
174.1854599	0.775
174.201982099999	0.775
174.218585	0.775
174.2352658	0.775
174.252192899999	0.775
174.2687693	0.775
174.2854294	0.775
174.3023145	0.775
174.3189286	0.775
174.335151099999	0.775
174.3520358	0.775
174.368678299999	0.775
174.385331699999	0.775
174.401859299999	0.775
174.4185671	0.775
174.435272299999	0.775
174.451991999999	0.775
174.468510799999	0.775
174.4854043	0.775
174.5018562	0.775
174.5194274	0.775
174.5355383	0.775
174.552042099999	0.775
174.5685783	0.775
174.5856095	0.775
174.6020504	0.775
174.6185166	0.775
174.635157199999	0.775
174.6518403	0.775
174.6687186	0.775
174.685370699999	0.775
174.7018086	0.775
174.7184117	0.775
174.7352371	0.775
174.7518009	0.775
174.768392	0.775
174.785311	0.775
174.801927799999	0.775
174.818773999999	0.775
174.835241199999	0.775
174.8522568	0.775
174.8687215	0.775
174.8852158	0.775
174.9019517	0.775
174.9188336	0.775
174.935489199999	0.775
174.9518321	0.775
174.969089599999	0.775
174.985497899999	0.775
175.0023548	0.775
175.018734599999	0.775
175.0352693	0.775
175.0521844	0.775
175.0686859	0.775
175.085505399999	0.775
175.1021302	0.775
175.1184605	0.775
175.134933599999	0.775
175.1520169	0.775
175.168709799999	0.775
175.185315	0.775
175.2022725	0.775
175.218352399999	0.775
175.2355112	0.775
175.251918399999	0.775
175.2688641	0.775
175.285344399999	0.775
175.301931499999	0.775
175.318703499999	0.775
175.3351711	0.775
175.3516119	0.775
175.368580599999	0.775
175.385497099999	0.775
175.401943899999	0.775
175.418640899999	0.775
175.435572799999	0.775
175.4520869	0.775
175.4685467	0.775
175.485170299999	0.775
175.5022837	0.775
175.5186692	0.775
175.5355129	0.775
175.5520742	0.775
175.5682492	0.775
175.5851832	0.775
175.601696799999	0.775
175.6180318	0.775
175.635418499999	0.775
175.6520898	0.775
175.6687064	0.775
175.685127899999	0.775
175.702019599999	0.775
175.7181789	0.775
175.735710399999	0.775
175.7519582	0.775
175.768692799999	0.775
175.7854399	0.775
175.801712799999	0.775
175.8184224	0.775
175.834993099999	0.775
175.851867799999	0.775
175.8686614	0.775
175.8856011	0.775
175.9018526	0.775
175.918430799999	0.775
175.9348973	0.775
175.9516963	0.775
175.968282	0.775
175.984951699999	0.775
176.0020344	0.775
176.0185229	0.775
176.035177299999	0.775
176.052099099999	0.775
176.068789399999	0.775
176.0849616	0.775
176.102276	0.775
176.118507599999	0.775
176.1353473	0.775
176.151846199999	0.775
176.168585599999	0.775
176.185126799999	0.775
176.201720999999	0.775
176.218637	0.775
176.235588	0.775
176.2519735	0.775
176.2689327	0.775
176.285456099999	0.775
176.302219599999	0.775
176.3187763	0.775
176.3355955	0.775
176.3519184	0.775
176.3685231	0.775
176.385651199999	0.775
176.4020033	0.775
176.4184938	0.775
176.4355154	0.775
176.4519836	0.775
176.4687236	0.775
176.485414299999	0.775
176.502455899999	0.775
176.5186847	0.775
176.535352	0.775
176.5517808	0.775
176.568025699999	0.775
176.5850025	0.775
176.6022223	0.775
176.618102599999	0.775
176.6353408	0.775
176.6523792	0.775
176.6682707	0.775
176.685409999999	0.775
176.7020764	0.775
176.718562599999	0.775
176.735443799999	0.775
176.7522013	0.775
176.7686795	0.775
176.7853497	0.775
176.8018727	0.775
176.8183382	0.775
176.835080899999	0.775
176.8518961	0.775
176.868570899999	0.775
176.8852326	0.775
176.902329899999	0.775
176.918451099999	0.775
176.935090499999	0.775
176.952453899999	0.775
176.9685087	0.775
176.985421599999	0.775
177.002261	0.775
177.018651799999	0.775
177.0354394	0.775
177.052232	0.775
177.068200299999	0.775
177.0855133	0.775
177.1021087	0.775
177.1186988	0.775
177.1353764	0.775
177.151730199999	0.775
177.168253299999	0.775
177.185420199999	0.775
177.202081799999	0.775
177.2186385	0.775
177.235003	0.775
177.2519407	0.775
177.269044299999	0.775
177.285093199999	0.775
177.301884699999	0.775
177.318734099999	0.775
177.3353597	0.775
177.352155199999	0.775
177.368505199999	0.775
177.385098	0.775
177.401912099999	0.775
177.418484999999	0.775
177.4349146	0.775
177.4520236	0.775
177.468475199999	0.775
177.4852328	0.775
177.5019499	0.775
177.5186802	0.775
177.5351922	0.775
177.5521045	0.775
177.5679114	0.775
177.585334699999	0.775
177.601981399999	0.775
177.6184901	0.775
177.6352486	0.775
177.651910699999	0.775
177.668699299999	0.775
177.6851418	0.775
177.702033199999	0.775
177.7190931	0.775
177.7349472	0.775
177.7521582	0.775
177.7688111	0.775
177.785423099999	0.775
177.8021448	0.775
177.818290599999	0.775
177.835048	0.775
177.852007	0.775
177.868431499999	0.775
177.885345299999	0.775
177.9022128	0.775
177.918737999999	0.775
177.9353185	0.775
177.951844599999	0.775
177.9684659	0.775
177.9849661	0.775
178.0020366	0.775
178.0184874	0.775
178.0348428	0.775
178.0519651	0.775
178.068536199999	0.775
178.0853197	0.775
178.1018876	0.775
178.118622999999	0.775
178.1352135	0.775
178.1517871	0.775
178.168957499999	0.775
178.185509999999	0.775
178.2020576	0.775
178.2186028	0.775
178.234994799999	0.775
178.2517749	0.775
178.2685518	0.775
178.2852709	0.775
178.3016112	0.775
178.3184495	0.775
178.335407899999	0.775
178.3519601	0.775
178.3685707	0.775
178.3856005	0.775
178.4019013	0.775
178.4185007	0.775
178.435186299999	0.775
178.4517827	0.775
178.4682816	0.775
178.4848383	0.775
178.5017321	0.775
178.517841299999	0.775
178.5350073	0.775
178.5519943	0.775
178.5682333	0.775
178.584843199999	0.775
178.6017204	0.775
178.6188489	0.775
178.635300899999	0.775
178.652223599999	0.766666666666667
178.668564799999	0.766666666666667
178.6855078	0.766666666666667
178.702122899999	0.766666666666667
178.7186059	0.766666666666667
178.735206699999	0.766666666666667
178.7518321	0.766666666666667
178.768909599999	0.766666666666667
178.7849504	0.766666666666667
178.801969599999	0.766666666666667
178.8184979	0.766666666666667
178.835125799999	0.766666666666667
178.8519019	0.766666666666667
178.868642799999	0.766666666666667
178.885425199999	0.766666666666667
178.901987099999	0.766666666666667
178.9185112	0.757291666666667
178.935207899999	0.757291666666667
178.9521691	0.757291666666667
178.968417599999	0.757291666666667
178.985223299999	0.757291666666667
179.0020963	0.747916666666667
179.0184843	0.721875
179.035155199999	0.677083333333333
179.052285999999	0.651041666666667
179.068721199999	0.633333333333333
179.085212499999	0.625
179.101736899999	0.607291666666667
179.118843699999	0.590625
179.135540699999	0.582291666666667
179.1518699	0.547916666666667
179.1683501	0.53125
179.185454199999	0.514583333333333
179.2025533	0.505208333333333
179.218322399999	0.496875
179.2355007	0.479166666666667
179.251781299999	0.4625
179.2688989	0.4625
179.2854401	0.4625
179.302250899999	0.454166666666667
179.318080999999	0.454166666666667
179.3355586	0.454166666666667
179.3517481	0.454166666666667
179.3686805	0.454166666666667
179.385323099999	0.454166666666667
179.4018822	0.454166666666667
179.418401	0.454166666666667
179.435540099999	0.454166666666667
179.451733399999	0.454166666666667
179.4683816	0.454166666666667
179.485171699999	0.454166666666667
179.5018401	0.454166666666667
179.518593	0.454166666666667
179.5349386	0.454166666666667
179.5518986	0.454166666666667
179.568474999999	0.454166666666667
179.585424899999	0.461458333333333
179.602149699999	0.479166666666667
179.6185067	0.4875
179.6350796	0.504166666666667
179.6519558	0.504166666666667
179.6683058	0.504166666666667
179.6849063	0.504166666666667
179.7019212	0.504166666666667
179.718109799999	0.504166666666667
179.7348617	0.504166666666667
179.751993	0.504166666666667
179.768560199999	0.504166666666667
179.785319899999	0.504166666666667
179.801859699999	0.504166666666667
179.818819599999	0.504166666666667
179.835230199999	0.504166666666667
179.851607099999	0.504166666666667
179.8683482	0.504166666666667
179.8850408	0.504166666666667
179.901841299999	0.504166666666667
179.918022999999	0.504166666666667
179.934865599999	0.504166666666667
179.9521023	0.504166666666667
179.9680812	0.504166666666667
179.9850731	0.504166666666667
180.0019754	0.504166666666667
180.0184696	0.504166666666667
180.035240699999	0.504166666666667
180.051795699999	0.504166666666667
180.068029599999	0.504166666666667
180.0854027	0.504166666666667
180.1019388	0.504166666666667
180.118252599999	0.504166666666667
180.135300499999	0.504166666666667
180.1517804	0.504166666666667
180.1679668	0.504166666666667
180.1851763	0.504166666666667
180.2018776	0.504166666666667
180.218478899999	0.504166666666667
180.2353887	0.504166666666667
180.2519391	0.504166666666667
180.268527499999	0.504166666666667
180.284923499999	0.504166666666667
180.301881099999	0.504166666666667
180.318016599999	0.504166666666667
180.335406599999	0.504166666666667
180.3518181	0.504166666666667
180.368502699999	0.504166666666667
180.3853277	0.504166666666667
180.4016745	0.504166666666667
180.418521099999	0.504166666666667
180.4349802	0.504166666666667
180.451905899999	0.504166666666667
180.4680432	0.504166666666667
180.485723199999	0.496875
180.5020957	0.496875
180.518350099999	0.496875
180.535364099999	0.496875
180.551833699999	0.496875
180.5681307	0.496875
180.585438599999	0.496875
180.6016009	0.496875
180.6187101	0.496875
180.6353111	0.496875
180.6518793	0.496875
180.668725199999	0.496875
180.6851462	0.496875
180.701956899999	0.496875
180.7185953	0.496875
180.7354378	0.496875
180.751776499999	0.496875
180.768121599999	0.496875
180.7852029	0.496875
180.8019343	0.496875
180.818540599999	0.496875
180.8350099	0.496875
180.8516548	0.496875
180.867987099999	0.496875
180.8851784	0.496875
180.9020548	0.496875
180.9183034	0.496875
180.935212599999	0.496875
180.952251999999	0.496875
180.9687712	0.496875
180.985249099999	0.496875
181.0015629	0.496875
181.0184805	0.496875
181.0351167	0.496875
181.0518438	0.496875
181.0685331	0.496875
181.084953099999	0.496875
181.102005199999	0.496875
181.1181608	0.496875
181.134869699999	0.496875
181.152016599999	0.496875
181.1684768	0.496875
181.185680899999	0.496875
181.201519099999	0.496875
181.2183417	0.496875
181.235016299999	0.496875
181.2517718	0.496875
181.2683429	0.496875
181.2851168	0.496875
181.301903	0.496875
181.3181337	0.496875
181.335300199999	0.496875
181.3518834	0.496875
181.368846699999	0.488541666666667
181.3853817	0.479166666666667
181.401623999999	0.479166666666667
181.418331	0.470833333333333
181.435261899999	0.4625
181.4521097	0.445833333333333
181.4683915	0.445833333333333
181.4845464	0.445833333333333
181.5017957	0.445833333333333
181.518512	0.445833333333333
181.535096299999	0.445833333333333
181.551836099999	0.445833333333333
181.5683284	0.445833333333333
181.5851573	0.445833333333333
181.601702399999	0.445833333333333
181.618629	0.445833333333333
181.6348657	0.445833333333333
181.651665799999	0.445833333333333
181.6684584	0.445833333333333
181.6849243	0.445833333333333
181.7017354	0.445833333333333
181.7186125	0.445833333333333
181.7351075	0.445833333333333
181.751536299999	0.445833333333333
181.7685211	0.445833333333333
181.7856083	0.445833333333333
181.801694799999	0.445833333333333
181.8186563	0.445833333333333
181.8354184	0.445833333333333
181.8514815	0.445833333333333
181.868259899999	0.445833333333333
181.885002399999	0.445833333333333
181.901673799999	0.445833333333333
181.918407499999	0.445833333333333
181.9349881	0.445833333333333
181.951862399999	0.445833333333333
181.968504799999	0.445833333333333
181.984827099999	0.445833333333333
182.001603799999	0.445833333333333
182.018272699999	0.445833333333333
182.034927799999	0.445833333333333
182.051481	0.445833333333333
182.0682392	0.445833333333333
182.084910299999	0.445833333333333
182.101589899999	0.445833333333333
182.118402399999	0.445833333333333
182.1352609	0.445833333333333
182.1518762	0.445833333333333
182.1685152	0.445833333333333
182.1851269	0.445833333333333
182.201959999999	0.445833333333333
182.218328499999	0.445833333333333
182.235033	0.445833333333333
182.2514212	0.445833333333333
182.2685556	0.445833333333333
182.285056899999	0.445833333333333
182.3014359	0.445833333333333
182.318687	0.445833333333333
182.3352091	0.445833333333333
182.3519701	0.445833333333333
182.3684699	0.445833333333333
182.385778899999	0.445833333333333
182.401423099999	0.445833333333333
182.418500999999	0.445833333333333
182.4352253	0.445833333333333
182.452115499999	0.445833333333333
182.468093799999	0.445833333333333
182.485137199999	0.445833333333333
182.5014228	0.445833333333333
182.518495099999	0.445833333333333
182.5349158	0.445833333333333
182.551785799999	0.445833333333333
182.5685091	0.445833333333333
182.584989999999	0.445833333333333
182.6018372	0.445833333333333
182.618347799999	0.445833333333333
182.6353319	0.445833333333333
182.6514603	0.445833333333333
182.6680669	0.445833333333333
182.6850594	0.445833333333333
182.701697799999	0.445833333333333
182.7183539	0.445833333333333
182.735178299999	0.445833333333333
182.752148699999	0.445833333333333
182.768441499999	0.445833333333333
182.7853	0.445833333333333
182.801992399999	0.445833333333333
182.8183916	0.445833333333333
182.835186699999	0.445833333333333
182.851991899999	0.445833333333333
182.868432499999	0.445833333333333
182.885090799999	0.445833333333333
182.9015672	0.445833333333333
182.9180222	0.445833333333333
182.935121099999	0.445833333333333
182.951411999999	0.445833333333333
182.968007199999	0.445833333333333
182.985795899999	0.445833333333333
183.0017773	0.445833333333333
183.0184167	0.445833333333333
183.0350315	0.445833333333333
183.0517512	0.445833333333333
183.0681108	0.445833333333333
183.085198999999	0.445833333333333
183.1016197	0.445833333333333
183.118264299999	0.445833333333333
183.135052899999	0.445833333333333
183.1518102	0.445833333333333
183.167984999999	0.445833333333333
183.1847706	0.445833333333333
183.2021559	0.445833333333333
183.218344499999	0.445833333333333
183.2349693	0.445833333333333
183.252209499999	0.445833333333333
183.268688599999	0.445833333333333
183.2850116	0.445833333333333
183.301968999999	0.445833333333333
183.318397	0.445833333333333
183.3352759	0.445833333333333
183.3516375	0.445833333333333
183.3685489	0.445833333333333
183.3850026	0.445833333333333
183.401821799999	0.445833333333333
183.4185951	0.445833333333333
183.434937399999	0.445833333333333
183.4517183	0.445833333333333
183.46833	0.445833333333333
183.485159	0.445833333333333
183.5017687	0.445833333333333
183.5183584	0.445833333333333
183.534940199999	0.445833333333333
183.551699299999	0.445833333333333
183.5684267	0.445833333333333
183.585102599999	0.445833333333333
183.601807499999	0.445833333333333
183.618039399999	0.445833333333333
183.634923099999	0.445833333333333
183.6516463	0.445833333333333
183.668516199999	0.445833333333333
183.6848272	0.445833333333333
183.701883199999	0.445833333333333
183.718196999999	0.445833333333333
183.735048799999	0.445833333333333
183.751673899999	0.445833333333333
183.7686132	0.445833333333333
183.7849503	0.445833333333333
183.801705899999	0.445833333333333
183.818289299999	0.445833333333333
183.8349597	0.445833333333333
183.851580699999	0.445833333333333
183.868218299999	0.445833333333333
183.884988899999	0.445833333333333
183.901635499999	0.445833333333333
183.917841799999	0.445833333333333
183.934677099999	0.445833333333333
183.951592799999	0.445833333333333
183.967951	0.445833333333333
183.9847383	0.445833333333333
184.001591599999	0.445833333333333
184.018126	0.445833333333333
184.035041599999	0.445833333333333
184.0514488	0.445833333333333
184.068388299999	0.445833333333333
184.0852121	0.445833333333333
184.1015116	0.445833333333333
184.118374899999	0.445833333333333
184.135162299999	0.445833333333333
184.1518633	0.445833333333333
184.1683918	0.445833333333333
184.185288199999	0.445833333333333
184.201560699999	0.445833333333333
184.2181009	0.445833333333333
184.2349427	0.445833333333333
184.2517155	0.445833333333333
184.268284399999	0.445833333333333
184.2850639	0.445833333333333
184.301683899999	0.445833333333333
184.318645599999	0.445833333333333
184.334884999999	0.445833333333333
184.3516571	0.445833333333333
184.368388299999	0.445833333333333
184.3848044	0.445833333333333
184.401534199999	0.445833333333333
184.418298899999	0.445833333333333
184.434961999999	0.445833333333333
184.451575499999	0.445833333333333
184.4684115	0.445833333333333
184.484973299999	0.445833333333333
184.5016759	0.445833333333333
184.518046599999	0.445833333333333
184.534916299999	0.445833333333333
184.5515066	0.445833333333333
184.568254299999	0.445833333333333
184.5852231	0.445833333333333
184.601795199999	0.445833333333333
184.618780899999	0.445833333333333
184.635019099999	0.445833333333333
184.651172299999	0.445833333333333
184.6681278	0.445833333333333
184.684817099999	0.445833333333333
184.701728599999	0.445833333333333
184.718295299999	0.445833333333333
184.734863	0.445833333333333
184.7515348	0.445833333333333
184.768121499999	0.445833333333333
184.7846948	0.445833333333333
184.801534099999	0.445833333333333
184.8180433	0.445833333333333
184.8347034	0.445833333333333
184.851426599999	0.445833333333333
184.868356399999	0.445833333333333
184.884781799999	0.445833333333333
184.9015405	0.445833333333333
184.917809	0.445833333333333
184.934348899999	0.445833333333333
184.951578599999	0.445833333333333
184.9681322	0.445833333333333
184.984799	0.445833333333333
185.0016165	0.445833333333333
185.0184408	0.445833333333333
185.0350985	0.445833333333333
185.051618799999	0.445833333333333
185.068273999999	0.445833333333333
185.0851925	0.445833333333333
185.1018095	0.445833333333333
185.1182565	0.445833333333333
185.134560799999	0.445833333333333
185.1515887	0.445833333333333
185.168159299999	0.445833333333333
185.185393999999	0.445833333333333
185.201571799999	0.445833333333333
185.2181824	0.445833333333333
185.2351154	0.445833333333333
185.251527699999	0.445833333333333
185.268479799999	0.445833333333333
185.284857	0.445833333333333
185.301383999999	0.445833333333333
185.3185564	0.445833333333333
185.3348054	0.445833333333333
185.351714099999	0.445833333333333
185.3678795	0.445833333333333
185.3849415	0.445833333333333
185.4015162	0.445833333333333
185.418392799999	0.445833333333333
185.435251999999	0.445833333333333
185.451367899999	0.445833333333333
185.4679712	0.445833333333333
185.4850332	0.445833333333333
185.501539499999	0.445833333333333
185.518271899999	0.445833333333333
185.535134899999	0.445833333333333
185.5514243	0.445833333333333
185.568310299999	0.445833333333333
185.585166999999	0.445833333333333
185.6011099	0.445833333333333
185.617794199999	0.445833333333333
185.6351569	0.445833333333333
185.651234499999	0.445833333333333
185.6678413	0.445833333333333
185.684841699999	0.445833333333333
185.701480799999	0.445833333333333
185.7178693	0.445833333333333
185.7349568	0.445833333333333
185.7513045	0.445833333333333
185.7677789	0.445833333333333
185.784621399999	0.445833333333333
185.801524	0.445833333333333
185.8183658	0.445833333333333
185.835141699999	0.445833333333333
185.8517899	0.445833333333333
185.868068899999	0.445833333333333
185.884789299999	0.445833333333333
185.901523699999	0.445833333333333
185.918272299999	0.445833333333333
185.935118699999	0.445833333333333
185.9517538	0.445833333333333
185.9678471	0.445833333333333
185.984963499999	0.445833333333333
186.001434199999	0.445833333333333
186.0181716	0.445833333333333
186.0349177	0.445833333333333
186.052301799999	0.445833333333333
186.067682299999	0.445833333333333
186.085023799999	0.445833333333333
186.1011947	0.445833333333333
186.1176913	0.445833333333333
186.135170099999	0.445833333333333
186.1512139	0.445833333333333
186.167885299999	0.445833333333333
186.1849324	0.445833333333333
186.201571699999	0.445833333333333
186.2183774	0.445833333333333
186.2347388	0.445833333333333
186.251492699999	0.445833333333333
186.268459899999	0.445833333333333
186.284958499999	0.445833333333333
186.301143	0.445833333333333
186.3180082	0.445833333333333
186.3349351	0.445833333333333
186.351197999999	0.445833333333333
186.3681079	0.445833333333333
186.3848099	0.445833333333333
186.4013214	0.445833333333333
186.4182247	0.445833333333333
186.435183799999	0.445833333333333
186.4515511	0.445833333333333
186.4679865	0.445833333333333
186.4847173	0.445833333333333
186.501316299999	0.445833333333333
186.5183091	0.445833333333333
186.5348955	0.445833333333333
186.5512924	0.445833333333333
186.5680585	0.445833333333333
186.584939699999	0.445833333333333
186.601194399999	0.445833333333333
186.6182193	0.445833333333333
186.634892999999	0.445833333333333
186.651530599999	0.445833333333333
186.6681374	0.445833333333333
186.685019	0.445833333333333
186.7011815	0.445833333333333
186.718463699999	0.445833333333333
186.734852199999	0.445833333333333
186.7513019	0.445833333333333
186.7683184	0.445833333333333
186.785077899999	0.445833333333333
186.801101999999	0.445833333333333
186.8183952	0.445833333333333
186.834774299999	0.445833333333333
186.851629399999	0.445833333333333
186.8681416	0.445833333333333
186.885399999999	0.445833333333333
186.9014855	0.445833333333333
186.9181965	0.445833333333333
186.935054699999	0.445833333333333
186.951475399999	0.445833333333333
186.9677629	0.445833333333333
186.984884799999	0.445833333333333
187.0016583	0.445833333333333
187.0178896	0.445833333333333
187.0349895	0.445833333333333
187.0511369	0.445833333333333
187.0678432	0.445833333333333
187.084924399999	0.445833333333333
187.101201199999	0.445833333333333
187.118603899999	0.445833333333333
187.1348725	0.445833333333333
187.1512072	0.445833333333333
187.167721399999	0.445833333333333
187.1848517	0.445833333333333
187.201286699999	0.445833333333333
187.218206199999	0.445833333333333
187.2347009	0.445833333333333
187.2511981	0.445833333333333
187.268526299999	0.445833333333333
187.2849596	0.445833333333333
187.301102099999	0.445833333333333
187.3177606	0.445833333333333
187.335249	0.445833333333333
187.351325899999	0.445833333333333
187.3679008	0.445833333333333
187.3849802	0.445833333333333
187.401439699999	0.445833333333333
187.4178439	0.445833333333333
187.434760499999	0.445833333333333
187.4511868	0.445833333333333
187.4683004	0.445833333333333
187.484809	0.445833333333333
187.5016231	0.445833333333333
187.5184002	0.445833333333333
187.534778699999	0.445833333333333
187.5514948	0.445833333333333
187.5681243	0.445833333333333
187.5846204	0.445833333333333
187.601566599999	0.445833333333333
187.617763599999	0.445833333333333
187.6348995	0.445833333333333
187.651665199999	0.445833333333333
187.668075	0.445833333333333
187.6849065	0.445833333333333
187.701136199999	0.445833333333333
187.718267699999	0.445833333333333
187.734891599999	0.445833333333333
187.751277099999	0.445833333333333
187.767802799999	0.445833333333333
187.7848212	0.445833333333333
187.801435799999	0.445833333333333
187.8181796	0.445833333333333
187.834864099999	0.445833333333333
187.8514295	0.445833333333333
187.8678273	0.445833333333333
187.885022099999	0.445833333333333
187.9013999	0.445833333333333
187.918380599999	0.445833333333333
187.9349045	0.445833333333333
187.9511598	0.445833333333333
187.9679232	0.445833333333333
187.984737299999	0.445833333333333
188.001548599999	0.445833333333333
188.017645	0.445833333333333
188.034793299999	0.445833333333333
188.0515182	0.445833333333333
188.0686071	0.445833333333333
188.085110999999	0.445833333333333
188.1011165	0.445833333333333
188.117735299999	0.445833333333333
188.1346703	0.445833333333333
188.1514411	0.445833333333333
188.168044	0.445833333333333
188.184931899999	0.445833333333333
188.2015972	0.445833333333333
188.2184668	0.445833333333333
188.2347842	0.445833333333333
188.251519699999	0.445833333333333
188.268633899999	0.445833333333333
188.2849435	0.445833333333333
188.3014973	0.445833333333333
188.3179211	0.445833333333333
188.334903	0.445833333333333
188.3514962	0.445833333333333
188.3679119	0.445833333333333
188.384861799999	0.445833333333333
188.401502999999	0.445833333333333
188.4179599	0.445833333333333
188.4348334	0.445833333333333
188.4519781	0.445833333333333
188.467741799999	0.445833333333333
188.484858999999	0.445833333333333
188.501349499999	0.445833333333333
188.518179899999	0.445833333333333
188.5346721	0.445833333333333
188.5512995	0.445833333333333
188.5682571	0.445833333333333
188.584695699999	0.445833333333333
188.601447499999	0.445833333333333
188.6181565	0.445833333333333
188.634289199999	0.445833333333333
188.651364699999	0.445833333333333
188.6680486	0.445833333333333
188.6844548	0.445833333333333
188.7012754	0.445833333333333
188.718038399999	0.445833333333333
188.734860899999	0.445833333333333
188.7513131	0.445833333333333
188.768244	0.445833333333333
188.784556	0.445833333333333
188.8015342	0.445833333333333
188.817856899999	0.445833333333333
188.835345	0.445833333333333
188.8684329	0.445833333333333
188.901552099999	0.445833333333333
188.917778	0.445833333333333
188.935052	0.445833333333333
188.9516549	0.445833333333333
188.9682828	0.445833333333333
188.984885999999	0.445833333333333
189.0016214	0.445833333333333
189.0177189	0.445833333333333
189.034949999999	0.445833333333333
189.0521113	0.445833333333333
189.0678725	0.445833333333333
189.0848644	0.445833333333333
189.100826899999	0.445833333333333
189.118225499999	0.445833333333333
189.135191699999	0.445833333333333
189.1677333	0.445833333333333
189.1856259	0.445833333333333
189.201222299999	0.445833333333333
189.217848099999	0.445833333333333
189.234920999999	0.445833333333333
189.251471099999	0.445833333333333
189.268141799999	0.445833333333333
189.284554499999	0.445833333333333
189.301532799999	0.445833333333333
189.317985999999	0.445833333333333
189.335012	0.445833333333333
189.351007499999	0.445833333333333
189.3677226	0.445833333333333
189.3850329	0.445833333333333
189.418000199999	0.445833333333333
189.434953	0.445833333333333
189.4517012	0.445833333333333
189.468005299999	0.445833333333333
189.4849927	0.445833333333333
189.5182304	0.445833333333333
189.5348865	0.445833333333333
189.551471299999	0.445833333333333
189.5682239	0.445833333333333
189.5846482	0.445833333333333
189.601137799999	0.445833333333333
189.618032099999	0.445833333333333
189.635043499999	0.445833333333333
189.668222599999	0.445833333333333
189.684618599999	0.445833333333333
189.701538099999	0.445833333333333
189.7179301	0.445833333333333
189.734814799999	0.445833333333333
189.752094099999	0.445833333333333
189.767800299999	0.445833333333333
189.7846082	0.445833333333333
189.801600299999	0.445833333333333
189.8179992	0.445833333333333
189.8349781	0.445833333333333
189.8684128	0.445833333333333
189.9018117	0.445833333333333
189.934823199999	0.445833333333333
189.9682373	0.445833333333333
189.9851413	0.445833333333333
190.0179203	0.445833333333333
190.0517642	0.445833333333333
190.068221699999	0.445833333333333
190.085021999999	0.445833333333333
190.117987099999	0.445833333333333
190.134904	0.445833333333333
190.151469199999	0.445833333333333
190.1682966	0.445833333333333
190.1849483	0.445833333333333
190.218	0.445833333333333
190.251481599999	0.445833333333333
190.2845947	0.445833333333333
190.317873399999	0.445833333333333
190.351743599999	0.445833333333333
190.384813	0.445833333333333
190.4186602	0.445833333333333
190.4517534	0.445833333333333
190.4850871	0.445833333333333
190.5183069	0.445833333333333
190.5517248	0.445833333333333
190.584708799999	0.445833333333333
190.618589899999	0.445833333333333
190.651984399999	0.445833333333333
190.6849641	0.445833333333333
190.718344299999	0.445833333333333
190.7515211	0.445833333333333
190.784858399999	0.445833333333333
190.817920699999	0.445833333333333
190.851461699999	0.445833333333333
190.884931099999	0.445833333333333
190.917788199999	0.445833333333333
190.9516181	0.445833333333333
190.985199	0.445833333333333
191.018476599999	0.445833333333333
191.051723299999	0.445833333333333
191.0852637	0.445833333333333
191.117920199999	0.445833333333333
191.151564299999	0.445833333333333
191.1851215	0.445833333333333
191.2183102	0.445833333333333
191.251553999999	0.445833333333333
191.284876199999	0.445833333333333
191.318378	0.445833333333333
191.3514301	0.445833333333333
191.3848499	0.445833333333333
191.4182707	0.445833333333333
191.4517251	0.445833333333333
191.485169199999	0.445833333333333
191.5183762	0.445833333333333
191.551836799999	0.445833333333333
191.585272699999	0.445833333333333
191.6181781	0.445833333333333
191.6516211	0.445833333333333
191.6849402	0.445833333333333
191.7178821	0.445833333333333
191.751192	0.445833333333333
191.7854326	0.445833333333333
191.8183585	0.445833333333333
191.851767499999	0.445833333333333
191.884877	0.445833333333333
191.9179293	0.445833333333333
191.951663399999	0.445833333333333
191.9850391	0.445833333333333
192.0176603	0.445833333333333
192.0514094	0.445833333333333
192.0849358	0.445833333333333
192.1181479	0.445833333333333
192.1515647	0.445833333333333
192.185119299999	0.445833333333333
192.218347	0.445833333333333
192.2515893	0.445833333333333
192.2851211	0.445833333333333
192.317846399999	0.445833333333333
192.351259999999	0.445833333333333
192.384529999999	0.445833333333333
192.418370099999	0.445833333333333
192.451693	0.445833333333333
192.4848367	0.445833333333333
192.517988099999	0.445833333333333
192.551515599999	0.445833333333333
192.5849499	0.445833333333333
192.6182393	0.445833333333333
192.651728399999	0.445833333333333
192.6850164	0.445833333333333
192.7182942	0.445833333333333
192.751558	0.445833333333333
192.784825299999	0.445833333333333
192.8177963	0.445833333333333
192.851303599999	0.445833333333333
192.8849685	0.445833333333333
192.9184305	0.445833333333333
192.9520256	0.445833333333333
192.9846479	0.445833333333333
193.018081699999	0.445833333333333
193.051570299999	0.445833333333333
193.0849198	0.445833333333333
193.1177941	0.445833333333333
193.1516118	0.445833333333333
193.184952	0.445833333333333
193.2183091	0.445833333333333
193.2515846	0.445833333333333
193.284838099999	0.445833333333333
193.318102699999	0.445833333333333
193.351671099999	0.445833333333333
193.3849531	0.445833333333333
193.4180705	0.445833333333333
193.4514744	0.445833333333333
193.484393899999	0.445833333333333
193.5177795	0.445833333333333
193.5511603	0.445833333333333
193.584774399999	0.445833333333333
193.617832399999	0.445833333333333
193.651776899999	0.445833333333333
193.684837299999	0.445833333333333
193.7181111	0.445833333333333
193.751668399999	0.445833333333333
193.7851377	0.445833333333333
193.817975299999	0.445833333333333
193.851584	0.445833333333333
193.88487	0.445833333333333
193.918010699999	0.445833333333333
193.951462	0.445833333333333
193.984884099999	0.445833333333333
194.0181733	0.445833333333333
194.051290099999	0.445833333333333
194.084717399999	0.445833333333333
194.118829	0.445833333333333
194.1516869	0.445833333333333
194.184695899999	0.445833333333333
194.218266499999	0.445833333333333
194.2516772	0.445833333333333
194.2849982	0.445833333333333
194.3177452	0.445833333333333
194.3512824	0.445833333333333
194.3847369	0.445833333333333
194.417862099999	0.445833333333333
194.4514205	0.445833333333333
194.484667899999	0.445833333333333
194.5187244	0.445833333333333
194.5512522	0.445833333333333
194.584635699999	0.445833333333333
194.6188379	0.445833333333333
194.651690199999	0.445833333333333
194.6856105	0.445833333333333
194.717982599999	0.445833333333333
194.7516922	0.445833333333333
194.7846659	0.445833333333333
194.8178472	0.445833333333333
194.8515904	0.445833333333333
194.8844222	0.445833333333333
194.9179976	0.445833333333333
194.9513398	0.445833333333333
194.9847868	0.445833333333333
195.017695299999	0.445833333333333
195.051115699999	0.445833333333333
195.084664499999	0.445833333333333
195.117695	0.445833333333333
195.1517015	0.445833333333333
195.184601299999	0.445833333333333
195.218322299999	0.445833333333333
195.2512861	0.445833333333333
195.284666799999	0.445833333333333
195.317627599999	0.445833333333333
195.3516463	0.469791666666667
195.383897799999	0.533333333333333
195.417229299999	0.542708333333333
195.450708599999	0.542708333333333
195.483905499999	0.542708333333333
195.517215	0.542708333333333
195.550636499999	0.542708333333333
195.584023099999	0.542708333333333
195.6179987	0.542708333333333
195.650934499999	0.542708333333333
195.683818799999	0.542708333333333
195.7168261	0.542708333333333
195.750750699999	0.542708333333333
195.783766099999	0.542708333333333
195.8173294	0.542708333333333
195.8501981	0.542708333333333
195.883884499999	0.542708333333333
195.9172473	0.542708333333333
195.9506937	0.542708333333333
195.983915999999	0.542708333333333
196.0167745	0.542708333333333
196.050228599999	0.542708333333333
196.084135399999	0.542708333333333
196.117014199999	0.542708333333333
196.1510344	0.542708333333333
196.1837325	0.542708333333333
196.2173193	0.542708333333333
196.250798499999	0.542708333333333
196.283492899999	0.542708333333333
196.3173982	0.542708333333333
196.350391	0.542708333333333
196.383707	0.542708333333333
196.416883299999	0.542708333333333
196.4508509	0.542708333333333
196.483464999999	0.542708333333333
196.516869399999	0.542708333333333
196.5508658	0.542708333333333
196.584022399999	0.542708333333333
196.617033799999	0.542708333333333
196.650841899999	0.542708333333333
196.683831599999	0.542708333333333
196.716676399999	0.542708333333333
196.7505371	0.542708333333333
196.7834226	0.542708333333333
196.817447099999	0.535416666666667
196.8506093	0.535416666666667
196.883521299999	0.51875
196.9167823	0.51875
196.9498801	0.51875
196.9837485	0.51875
197.0169859	0.51875
197.050509199999	0.51875
197.0842186	0.51875
197.116857499999	0.51875
197.150063599999	0.51875
197.1835868	0.51875
197.216683899999	0.51875
197.250236899999	0.51875
197.283993999999	0.51875
197.3167465	0.51875
197.350124699999	0.51875
197.3837373	0.51875
197.416627	0.51875
197.4507225	0.51875
197.4840316	0.51875
197.516979399999	0.51875
197.5512457	0.51875
197.583507599999	0.51875
197.6167626	0.51875
197.6505227	0.51875
197.683849999999	0.51875
197.7170655	0.51875
197.750918199999	0.51875
197.7838352	0.51875
197.816985599999	0.51875
197.8501166	0.51875
197.883740699999	0.51875
197.9166209	0.51875
197.9504867	0.51875
197.9836809	0.51875
198.0175879	0.51875
198.0502122	0.51875
198.0834723	0.51875
198.1171735	0.51875
198.150431599999	0.51875
198.1835868	0.51875
198.2166369	0.51875
198.250902899999	0.51875
198.2833882	0.51875
198.317505499999	0.51875
198.350499599999	0.51875
198.3837521	0.51875
198.417138999999	0.51875
198.4503791	0.51875
198.483547299999	0.51875
198.517351	0.51875
198.550845799999	0.51875
198.583438799999	0.51875
198.617136999999	0.51875
198.6505817	0.51875
198.683931099999	0.51875
198.716839799999	0.51875
198.7507061	0.51875
198.783867599999	0.51875
198.816967899999	0.51875
198.8504378	0.51875
198.8841655	0.51875
198.917213999999	0.51875
198.950409999999	0.51875
198.9839622	0.51875
199.016605299999	0.51875
199.050383399999	0.51875
199.083866999999	0.51875
199.116722299999	0.51875
199.1503459	0.51875
199.1839695	0.51875
199.2174047	0.51875
199.2505224	0.51875
199.283459699999	0.51875
199.317321899999	0.51875
199.350753299999	0.51875
199.3833777	0.51875
199.4168517	0.51875
199.4506685	0.51875
199.483512999999	0.51875
199.5170467	0.51875
199.5504833	0.51875
199.5835713	0.51875
199.6167317	0.51875
199.6506893	0.51875
199.683692099999	0.51875
199.716968	0.51875
199.750420099999	0.51875
199.7837653	0.51875
199.8170351	0.51875
199.8504925	0.51875
199.883907199999	0.51875
199.9167063	0.51875
199.950568099999	0.51875
199.9838547	0.51875
200.0166559	0.51875
200.0505286	0.51875
200.0839459	0.51875
200.1170169	0.51875
200.150538	0.51875
200.1839874	0.51875
200.216998999999	0.51875
200.2505033	0.51875
200.2840288	0.51875
200.317557699999	0.51875
200.350667299999	0.51875
200.3838546	0.51875
200.417054299999	0.51875
200.4505579	0.51875
200.4835464	0.51875
200.5171579	0.51875
200.550432599999	0.51875
200.5832574	0.51875
200.6169554	0.51875
200.650608399999	0.51875
200.684188099999	0.51875
200.716976	0.51875
200.7506802	0.51875
200.783866399999	0.51875
200.8170906	0.51875
200.850541	0.51875
200.883724099999	0.51875
200.917105	0.51875
200.9505153	0.51875
200.983633399999	0.51875
201.0169569	0.51875
201.0505795	0.51875
201.0838594	0.51875
201.1169351	0.51875
201.150863399999	0.51875
201.1843411	0.51875
201.2168814	0.51875
201.2506244	0.51875
201.283474	0.51875
201.316855399999	0.51875
201.3505086	0.51875
201.383966099999	0.51875
201.4168444	0.51875
201.4501105	0.51875
201.4835942	0.51875
201.516992899999	0.51875
201.5505077	0.51875
201.5838208	0.51875
201.617358199999	0.51875
201.651002299999	0.51875
201.6840053	0.51875
201.7171393	0.51875
201.750527499999	0.51875
201.784305599999	0.51875
201.8169413	0.51875
201.853260899999	0.51875
201.883680499999	0.51875
201.9166158	0.51875
201.950556999999	0.51875
201.983514099999	0.51875
202.016673499999	0.51875
202.050157199999	0.51875
202.0837542	0.51875
202.1168063	0.51875
202.150457299999	0.51875
202.183618599999	0.51875
202.2170529	0.51875
202.2504657	0.51875
202.2838327	0.51875
202.3172078	0.51875
202.3505061	0.51875
202.3839085	0.51875
202.416970699999	0.51875
202.4500217	0.51875
202.483839899999	0.51875
202.5175658	0.51875
202.5505963	0.51875
202.5839644	0.51875
202.617077899999	0.51875
202.650500299999	0.51875
202.6837896	0.51875
202.7169439	0.51875
202.750416999999	0.51875
202.7834495	0.51875
202.8170574	0.51875
202.850138199999	0.51875
202.883766399999	0.51875
202.916515399999	0.51875
202.9503175	0.51875
202.9846921	0.51875
203.0167806	0.51875
203.050745899999	0.51875
203.0838484	0.51875
203.1172769	0.51875
203.1506002	0.51875
203.1837373	0.51875
203.216846099999	0.51875
203.250810099999	0.51875
203.283473099999	0.51875
203.3168828	0.51875
203.3505054	0.51875
203.383768899999	0.51875
203.416973599999	0.51875
203.450819999999	0.51875
203.483832999999	0.51875
203.5171616	0.51875
203.5503156	0.51875
203.5836756	0.51875
203.616778699999	0.51875
203.6505773	0.51875
203.683830999999	0.51875
203.7170271	0.51875
203.7506383	0.51875
203.783419199999	0.51875
203.8172227	0.51875
203.850478099999	0.51875
203.883490099999	0.51875
203.917215699999	0.51875
203.950820499999	0.51875
203.9838789	0.51875
204.0172174	0.51875
204.0501878	0.51875
204.083979399999	0.51875
204.116633199999	0.51875
204.150607199999	0.51875
204.1835348	0.51875
204.2170442	0.51875
204.2506182	0.51875
204.2836239	0.51875
204.316951299999	0.51875
204.3506933	0.51875
204.383448299999	0.51875
204.4170691	0.51875
204.450744999999	0.51875
204.483947799999	0.51875
204.5171623	0.51875
204.5504267	0.51875
204.5840472	0.51875
204.616854	0.51875
204.6505585	0.51875
204.683850099999	0.51875
204.7170484	0.51875
204.750726099999	0.51875
204.7838899	0.51875
204.817359	0.51875
204.8504323	0.51875
204.883765699999	0.51875
204.917067699999	0.51875
204.950587699999	0.51875
204.983506199999	0.51875
205.0170063	0.51875
205.050710799999	0.51875
205.083836199999	0.51875
205.116640099999	0.51875
205.150204899999	0.51875
205.1835609	0.51875
205.217195599999	0.51875
205.2506902	0.502083333333333
205.2837831	0.502083333333333
205.317297199999	0.49375
205.3508002	0.475
205.383887	0.475
205.416916499999	0.466666666666667
205.450822199999	0.466666666666667
205.4838209	0.466666666666667
205.5171206	0.458333333333333
205.550612599999	0.448958333333333
205.5839859	0.432291666666667
205.616965699999	0.423958333333333
205.6506597	0.414583333333333
205.6839808	0.405208333333333
205.7169638	0.405208333333333
205.750674	0.405208333333333
205.7841345	0.405208333333333
205.8170596	0.405208333333333
205.850146	0.405208333333333
205.883529799999	0.405208333333333
205.9169267	0.405208333333333
205.950619699999	0.405208333333333
205.9841184	0.405208333333333
206.0166555	0.405208333333333
206.0501249	0.405208333333333
206.083948099999	0.4125
206.1169645	0.4125
206.1505799	0.4125
206.183593999999	0.420833333333333
206.217070799999	0.420833333333333
206.250704599999	0.420833333333333
206.283727599999	0.420833333333333
206.3173041	0.429166666666667
206.3506197	0.438541666666667
206.3840156	0.438541666666667
206.4169309	0.438541666666667
206.450220999999	0.438541666666667
206.484126099999	0.438541666666667
206.5168661	0.438541666666667
206.550597699999	0.438541666666667
206.5837179	0.438541666666667
206.6168908	0.438541666666667
206.6501929	0.438541666666667
206.683754199999	0.438541666666667
206.7170351	0.438541666666667
206.750265199999	0.438541666666667
206.783491499999	0.438541666666667
206.8165592	0.438541666666667
206.850487799999	0.438541666666667
206.8837893	0.438541666666667
206.9170881	0.446875
206.950452599999	0.446875
206.983446699999	0.446875
207.016701199999	0.446875
207.050413499999	0.446875
207.0837494	0.446875
207.1172124	0.446875
207.1499693	0.446875
207.1839242	0.446875
207.2166718	0.446875
207.2505476	0.446875
207.2837769	0.446875
207.3171127	0.446875
207.3505403	0.446875
207.383945699999	0.446875
207.4168855	0.446875
207.4504799	0.446875
207.483601	0.446875
207.516621799999	0.446875
207.5503799	0.446875
207.584131299999	0.446875
207.616916999999	0.446875
207.660582699999	0.446875
207.683721099999	0.446875
207.7164994	0.446875
207.750494	0.446875
207.783604699999	0.446875
207.817042899999	0.446875
207.8504723	0.446875
207.883856599999	0.446875
207.9168651	0.446875
207.9505892	0.446875
207.9838131	0.446875
208.016913099999	0.446875
208.0505193	0.446875
208.0837342	0.438541666666667
208.1174733	0.430208333333333
208.1504436	0.430208333333333
208.1833325	0.430208333333333
208.216916199999	0.430208333333333
208.2503018	0.430208333333333
208.283704699999	0.430208333333333
208.317246	0.430208333333333
208.3336382	0.430208333333333
208.3670716	0.421875
208.383370699999	0.421875
208.417047299999	0.421875
208.433555	0.421875
208.466957099999	0.421875
208.4838467	0.421875
208.5169908	0.421875
208.533432699999	0.421875
208.550163399999	0.421875
208.5837345	0.421875
208.616922499999	0.421875
208.633611699999	0.421875
208.6501369	0.421875
208.683601899999	0.421875
208.7003496	0.421875
208.7333338	0.421875
208.7503517	0.421875
208.7837562	0.421875
208.8002351	0.421875
208.8336426	0.413541666666667
208.850377299999	0.413541666666667
208.8665814	0.413541666666667
208.883448	0.413541666666667
208.900323999999	0.405208333333333
208.933654599999	0.396875
208.950043999999	0.396875
208.9667015	0.396875
208.9835889	0.396875
209.0003164	0.396875
209.0169809	0.396875
209.033487799999	0.396875
209.067347599999	0.396875
209.100216299999	0.396875
209.1169697	0.396875
209.1334903	0.396875
209.150212199999	0.396875
209.166889499999	0.396875
209.182940199999	0.396875
209.2001297	0.396875
209.2333162	0.396875
209.2501146	0.396875
209.2840209	0.379166666666667
209.300882299999	0.379166666666667
209.317621499999	0.379166666666667
209.3343476	0.379166666666667
209.3507725	0.379166666666667
209.367540099999	0.379166666666667
209.384346899999	0.379166666666667
209.400758	0.379166666666667
209.417715099999	0.379166666666667
209.4340745	0.379166666666667
209.4509234	0.370833333333333
209.467658699999	0.370833333333333
209.4842626	0.370833333333333
209.5010076	0.370833333333333
209.534076499999	0.370833333333333
209.550921399999	0.370833333333333
209.5676311	0.370833333333333
209.584296599999	0.370833333333333
209.6006763	0.370833333333333
209.617627799999	0.370833333333333
209.6339595	0.370833333333333
209.650620699999	0.370833333333333
209.6840668	0.370833333333333
209.7003989	0.370833333333333
209.734042599999	0.370833333333333
209.7506127	0.370833333333333
209.7672475	0.370833333333333
209.7841149	0.370833333333333
209.800725999999	0.370833333333333
209.817596	0.370833333333333
209.8343158	0.3625
209.850665999999	0.3625
209.8670936	0.354166666666667
209.888712499999	0.345833333333333
209.917359499999	0.345833333333333
209.9338718	0.345833333333333
209.951493799999	0.345833333333333
209.967481799999	0.345833333333333
209.983815799999	0.345833333333333
210.0006004	0.345833333333333
210.017452499999	0.345833333333333
210.0340392	0.345833333333333
210.0509358	0.345833333333333
210.0675529	0.345833333333333
210.083726899999	0.345833333333333
210.1006468	0.345833333333333
210.1169298	0.345833333333333
210.133921099999	0.345833333333333
210.150544399999	0.345833333333333
210.1670429	0.345833333333333
210.1835488	0.345833333333333
210.2005537	0.345833333333333
210.217445099999	0.345833333333333
210.2344512	0.336458333333333
210.250687899999	0.328125
210.267183	0.328125
210.2843441	0.328125
210.301022199999	0.328125
210.3174082	0.328125
210.334161399999	0.328125
210.3509709	0.328125
210.366944599999	0.328125
210.384031299999	0.328125
210.400650099999	0.328125
210.417348	0.328125
210.433945399999	0.328125
210.4512897	0.328125
210.467581999999	0.328125
210.4838026	0.328125
210.500723499999	0.328125
210.5174319	0.328125
210.5339065	0.319791666666667
210.551000799999	0.310416666666667
210.5673173	0.310416666666667
210.584054399999	0.310416666666667
210.600672899999	0.310416666666667
210.617037	0.310416666666667
210.633886899999	0.310416666666667
210.6506093	0.310416666666667
210.6674316	0.310416666666667
210.6842117	0.310416666666667
210.7005167	0.310416666666667
210.7170233	0.310416666666667
210.7339416	0.310416666666667
210.7505838	0.310416666666667
210.7675904	0.310416666666667
210.7840373	0.310416666666667
210.800822599999	0.310416666666667
210.8175231	0.310416666666667
210.833916199999	0.310416666666667
210.8504957	0.310416666666667
210.8674333	0.310416666666667
210.8839388	0.310416666666667
210.900607799999	0.310416666666667
210.9170583	0.310416666666667
210.933988	0.310416666666667
210.950687299999	0.310416666666667
210.9674552	0.310416666666667
210.9840704	0.310416666666667
211.0006735	0.310416666666667
211.017542	0.310416666666667
211.0339674	0.310416666666667
211.0501912	0.310416666666667
211.0674229	0.310416666666667
211.0837075	0.310416666666667
211.100584899999	0.310416666666667
211.117472899999	0.310416666666667
211.1339712	0.310416666666667
211.150409999999	0.310416666666667
211.1672959	0.317708333333333
211.184056399999	0.335416666666667
211.2007035	0.353125
211.2187704	0.361458333333333
211.2339667	0.372916666666667
211.250621499999	0.372916666666667
211.267807499999	0.372916666666667
211.284006	0.372916666666667
211.3007404	0.372916666666667
211.3177601	0.389583333333333
211.334392899999	0.389583333333333
211.350720199999	0.389583333333333
211.3675397	0.389583333333333
211.383948999999	0.389583333333333
211.4002174	0.389583333333333
211.4176061	0.389583333333333
211.4338468	0.389583333333333
211.4504296	0.389583333333333
211.467509399999	0.389583333333333
211.4839384	0.389583333333333
211.5009714	0.389583333333333
211.5173295	0.389583333333333
211.533667199999	0.389583333333333
211.550601399999	0.389583333333333
211.5669867	0.389583333333333
211.583943799999	0.389583333333333
211.6003339	0.389583333333333
211.617340999999	0.389583333333333
211.633617099999	0.389583333333333
211.650349799999	0.389583333333333
211.6671927	0.38125
211.6837139	0.38125
211.7003908	0.38125
211.717610299999	0.363541666666667
211.7340902	0.363541666666667
211.7502042	0.345833333333333
211.767902799999	0.329166666666667
211.784126099999	0.319791666666667
211.800414099999	0.310416666666667
211.817598199999	0.302083333333333
211.8339306	0.302083333333333
211.850879099999	0.302083333333333
211.866881999999	0.302083333333333
211.8836137	0.302083333333333
211.900682699999	0.302083333333333
211.9175018	0.302083333333333
211.933615399999	0.302083333333333
211.950635599999	0.302083333333333
211.967097899999	0.302083333333333
211.983432399999	0.302083333333333
212.000732	0.302083333333333
212.0176395	0.302083333333333
212.0339113	0.302083333333333
212.0506055	0.302083333333333
212.067453799999	0.31875
212.0839441	0.327083333333333
212.1007781	0.353125
212.117487199999	0.361458333333333
212.1339376	0.370833333333333
212.150372599999	0.370833333333333
212.166907399999	0.370833333333333
212.1840562	0.370833333333333
212.2005868	0.370833333333333
212.217328799999	0.370833333333333
212.2339722	0.370833333333333
212.2503036	0.370833333333333
212.2675043	0.370833333333333
212.283626199999	0.370833333333333
212.300554099999	0.370833333333333
212.3174617	0.370833333333333
212.3338932	0.370833333333333
212.350429399999	0.370833333333333
212.3672171	0.370833333333333
212.3836579	0.370833333333333
212.400559399999	0.370833333333333
212.417367999999	0.370833333333333
212.434029499999	0.370833333333333
212.4507525	0.370833333333333
212.467189	0.370833333333333
212.483847199999	0.370833333333333
212.500747999999	0.370833333333333
212.5175143	0.370833333333333
212.5338194	0.370833333333333
212.550599499999	0.370833333333333
212.567180499999	0.370833333333333
212.583503999999	0.370833333333333
212.600537099999	0.370833333333333
212.6181001	0.370833333333333
212.6340224	0.370833333333333
212.650539499999	0.370833333333333
212.6669628	0.370833333333333
212.6841421	0.370833333333333
212.700621999999	0.370833333333333
212.716984899999	0.370833333333333
212.733476599999	0.370833333333333
212.7501199	0.370833333333333
212.767476	0.370833333333333
212.7837505	0.370833333333333
212.800151799999	0.370833333333333
212.817361199999	0.370833333333333
212.8335674	0.370833333333333
212.850680799999	0.370833333333333
212.8668693	0.370833333333333
212.883781699999	0.370833333333333
212.900658899999	0.370833333333333
212.917301099999	0.370833333333333
212.9337552	0.370833333333333
212.9505014	0.370833333333333
212.967286499999	0.370833333333333
212.9834297	0.370833333333333
213.0007139	0.370833333333333
213.0174029	0.370833333333333
213.033710899999	0.370833333333333
213.0505647	0.370833333333333
213.0672747	0.370833333333333
213.0834599	0.370833333333333
213.1008961	0.370833333333333
213.116931199999	0.370833333333333
213.133405799999	0.370833333333333
213.150482	0.370833333333333
213.167056599999	0.370833333333333
213.183597699999	0.370833333333333
213.2008784	0.370833333333333
213.2175386	0.370833333333333
213.2339869	0.370833333333333
213.2508204	0.370833333333333
213.267567899999	0.370833333333333
213.283698099999	0.370833333333333
213.300674499999	0.370833333333333
213.316946899999	0.370833333333333
213.3337452	0.370833333333333
213.350187999999	0.370833333333333
213.3668909	0.370833333333333
213.383960599999	0.370833333333333
213.4003408	0.370833333333333
213.417665299999	0.370833333333333
213.433959999999	0.370833333333333
213.450646699999	0.370833333333333
213.4672198	0.370833333333333
213.4837026	0.370833333333333
213.5005259	0.370833333333333
213.5170321	0.370833333333333
213.535849399999	0.370833333333333
213.5501988	0.370833333333333
213.5672989	0.370833333333333
213.583362699999	0.370833333333333
213.600362499999	0.370833333333333
213.617531899999	0.370833333333333
213.633532	0.370833333333333
213.650349799999	0.370833333333333
213.6673529	0.370833333333333
213.684051699999	0.370833333333333
213.7003362	0.370833333333333
213.7173287	0.370833333333333
213.733498199999	0.370833333333333
213.750756099999	0.370833333333333
213.7668857	0.370833333333333
213.783816599999	0.370833333333333
213.800329899999	0.370833333333333
213.8173903	0.370833333333333
213.833441999999	0.370833333333333
213.850496599999	0.370833333333333
213.8672609	0.370833333333333
213.883706199999	0.370833333333333
213.9002547	0.370833333333333
213.9172776	0.370833333333333
213.9342471	0.370833333333333
213.9506948	0.370833333333333
213.967196899999	0.370833333333333
213.9837682	0.370833333333333
214.0001231	0.370833333333333
214.017605	0.370833333333333
214.033761899999	0.370833333333333
214.050224199999	0.370833333333333
214.0674186	0.370833333333333
214.083424799999	0.370833333333333
214.1006688	0.370833333333333
214.1169985	0.370833333333333
214.133752899999	0.370833333333333
214.1502151	0.370833333333333
214.167219999999	0.370833333333333
214.1837102	0.370833333333333
214.2008945	0.370833333333333
214.217529899999	0.370833333333333
214.2340427	0.370833333333333
214.250209399999	0.370833333333333
214.267337699999	0.370833333333333
214.2832411	0.370833333333333
214.3005569	0.370833333333333
214.317276899999	0.370833333333333
214.333427099999	0.370833333333333
214.350515499999	0.370833333333333
214.3672368	0.370833333333333
214.383539599999	0.370833333333333
214.4001804	0.370833333333333
214.4175381	0.370833333333333
214.4337836	0.370833333333333
214.4502237	0.370833333333333
214.467271099999	0.370833333333333
214.483455299999	0.370833333333333
214.500129999999	0.370833333333333
214.516822	0.370833333333333
214.533688	0.370833333333333
214.550558899999	0.370833333333333
214.5669025	0.370833333333333
214.583844299999	0.370833333333333
214.6003947	0.370833333333333
214.6174113	0.370833333333333
214.633995699999	0.370833333333333
214.650598599999	0.370833333333333
214.6673154	0.370833333333333
214.683903599999	0.370833333333333
214.7008189	0.370833333333333
214.717526199999	0.370833333333333
214.733637099999	0.370833333333333
214.7505266	0.370833333333333
214.766902099999	0.370833333333333
214.783568	0.370833333333333
214.8001938	0.370833333333333
214.8169552	0.370833333333333
214.833892299999	0.370833333333333
214.8506559	0.370833333333333
214.8671227	0.370833333333333
214.883792799999	0.370833333333333
214.9004614	0.370833333333333
214.9169808	0.370833333333333
214.933566199999	0.370833333333333
214.950793999999	0.370833333333333
214.9668852	0.370833333333333
214.983869899999	0.370833333333333
215.0006017	0.370833333333333
215.017364599999	0.370833333333333
215.033406	0.370833333333333
215.0503829	0.370833333333333
215.067459	0.370833333333333
215.083341299999	0.370833333333333
215.1005809	0.370833333333333
215.1171448	0.370833333333333
215.133902299999	0.370833333333333
215.1506916	0.370833333333333
215.167196699999	0.370833333333333
215.1839868	0.370833333333333
215.200595699999	0.370833333333333
215.216713899999	0.370833333333333
215.2332646	0.370833333333333
215.250208099999	0.370833333333333
215.2669135	0.370833333333333
215.283414799999	0.370833333333333
215.300809799999	0.370833333333333
215.3174455	0.370833333333333
215.333780999999	0.370833333333333
215.350368199999	0.370833333333333
215.367165899999	0.370833333333333
215.383799099999	0.370833333333333
215.400499099999	0.370833333333333
215.417326899999	0.370833333333333
215.4334572	0.370833333333333
215.4504706	0.370833333333333
215.467127	0.370833333333333
215.4836011	0.370833333333333
215.500459999999	0.370833333333333
215.5168801	0.370833333333333
215.534054899999	0.370833333333333
215.550655499999	0.370833333333333
215.5673535	0.370833333333333
215.583475099999	0.370833333333333
215.6004574	0.370833333333333
215.6174518	0.370833333333333
215.633723299999	0.370833333333333
215.650159299999	0.370833333333333
215.667098899999	0.370833333333333
215.6832734	0.370833333333333
215.700157499999	0.370833333333333
215.716833099999	0.370833333333333
215.733400399999	0.370833333333333
215.7509873	0.370833333333333
215.767480199999	0.370833333333333
215.783539399999	0.370833333333333
215.8005987	0.370833333333333
215.8174586	0.370833333333333
215.8336786	0.370833333333333
215.850484699999	0.370833333333333
215.8673082	0.370833333333333
215.883354099999	0.370833333333333
215.9004416	0.370833333333333
215.9169244	0.370833333333333
215.933372	0.370833333333333
215.9501567	0.370833333333333
215.9672578	0.370833333333333
215.983362299999	0.370833333333333
216.000788099999	0.370833333333333
216.0193738	0.370833333333333
216.0336665	0.370833333333333
216.0506152	0.370833333333333
216.0673701	0.370833333333333
216.083735099999	0.370833333333333
216.100475699999	0.370833333333333
216.117272799999	0.370833333333333
216.1336265	0.370833333333333
216.150415399999	0.370833333333333
216.1670144	0.370833333333333
216.183805299999	0.370833333333333
216.2005356	0.370833333333333
216.217508899999	0.370833333333333
216.233377199999	0.370833333333333
216.250549199999	0.370833333333333
216.2672309	0.370833333333333
216.2833071	0.370833333333333
216.300548499999	0.370833333333333
216.317733	0.370833333333333
216.333797099999	0.370833333333333
216.3506607	0.370833333333333
216.3677405	0.370833333333333
216.383696999999	0.370833333333333
216.4002056	0.370833333333333
216.417204199999	0.370833333333333
216.433558899999	0.370833333333333
216.4504602	0.370833333333333
216.467219599999	0.370833333333333
216.483619199999	0.370833333333333
216.5005802	0.370833333333333
216.517294699999	0.370833333333333
216.5335865	0.370833333333333
216.5506661	0.370833333333333
216.5673124	0.370833333333333
216.5837026	0.370833333333333
216.600435099999	0.370833333333333
216.617405999999	0.370833333333333
216.6338301	0.370833333333333
216.650418099999	0.370833333333333
216.6668246	0.370833333333333
216.6832697	0.370833333333333
216.7004018	0.370833333333333
216.716812	0.370833333333333
216.7335963	0.370833333333333
216.750647399999	0.370833333333333
216.7668341	0.370833333333333
216.784349899999	0.370833333333333
216.8006569	0.370833333333333
216.817400399999	0.370833333333333
216.833874299999	0.370833333333333
216.8505655	0.370833333333333
216.8673751	0.370833333333333
216.8835621	0.370833333333333
216.900478099999	0.370833333333333
216.916821999999	0.370833333333333
216.9332667	0.370833333333333
216.950219599999	0.370833333333333
216.967605999999	0.370833333333333
216.983928299999	0.370833333333333
217.0005744	0.370833333333333
217.017429899999	0.370833333333333
217.033647099999	0.370833333333333
217.050034899999	0.370833333333333
217.067224099999	0.370833333333333
217.0839305	0.370833333333333
217.1003495	0.370833333333333
217.1170272	0.370833333333333
217.1336954	0.370833333333333
217.1503666	0.370833333333333
217.166818799999	0.370833333333333
217.183717499999	0.370833333333333
217.2005063	0.370833333333333
217.217576399999	0.370833333333333
217.233685699999	0.370833333333333
217.250353699999	0.370833333333333
217.2671947	0.370833333333333
217.2840995	0.370833333333333
217.300291199999	0.370833333333333
217.3168821	0.370833333333333
217.3334115	0.370833333333333
217.3500023	0.370833333333333
217.3672898	0.370833333333333
217.3838828	0.370833333333333
217.4009072	0.370833333333333
217.417278	0.370833333333333
217.4338043	0.370833333333333
217.4506426	0.370833333333333
217.467013199999	0.370833333333333
217.483374099999	0.370833333333333
217.500549599999	0.370833333333333
217.5173129	0.370833333333333
217.533545099999	0.370833333333333
217.550217399999	0.370833333333333
217.5675034	0.370833333333333
217.583578899999	0.370833333333333
217.6003634	0.370833333333333
217.6171538	0.370833333333333
217.633214099999	0.370833333333333
217.649828799999	0.370833333333333
217.6667148	0.370833333333333
217.683386	0.370833333333333
217.700573599999	0.370833333333333
217.7172868	0.370833333333333
217.733239599999	0.370833333333333
217.750085799999	0.370833333333333
217.767551899999	0.370833333333333
217.7836189	0.370833333333333
217.8000987	0.370833333333333
217.816660199999	0.370833333333333
217.8332451	0.370833333333333
217.850007399999	0.370833333333333
217.866725899999	0.370833333333333
217.883684199999	0.370833333333333
217.9006125	0.370833333333333
217.9171523	0.370833333333333
217.933252	0.370833333333333
217.950027	0.370833333333333
217.9673193	0.370833333333333
217.9838019	0.370833333333333
218.000488199999	0.370833333333333
218.017431099999	0.370833333333333
218.033341799999	0.370833333333333
218.050020899999	0.370833333333333
218.066916199999	0.370833333333333
218.0834858	0.370833333333333
218.100073799999	0.370833333333333
218.1170549	0.370833333333333
218.1335731	0.370833333333333
218.1503555	0.370833333333333
218.1680559	0.370833333333333
218.1835727	0.370833333333333
218.200419199999	0.370833333333333
218.217635	0.370833333333333
218.2337037	0.370833333333333
218.2504805	0.370833333333333
218.2674289	0.370833333333333
218.284195599999	0.370833333333333
218.300445899999	0.370833333333333
218.3170714	0.370833333333333
218.333534199999	0.370833333333333
218.3504925	0.370833333333333
218.366697799999	0.370833333333333
218.383497	0.370833333333333
218.4006537	0.370833333333333
218.4173802	0.370833333333333
218.433666499999	0.370833333333333
218.450480799999	0.370833333333333
218.4671499	0.370833333333333
218.4836724	0.370833333333333
218.5006011	0.370833333333333
218.516749699999	0.370833333333333
218.5335743	0.370833333333333
218.5499334	0.370833333333333
218.5667956	0.370833333333333
218.5833752	0.370833333333333
218.6003151	0.370833333333333
218.617796	0.370833333333333
218.6333613	0.370833333333333
218.6506485	0.370833333333333
218.667391999999	0.370833333333333
218.683907899999	0.370833333333333
218.700722699999	0.370833333333333
218.717140299999	0.370833333333333
218.733424499999	0.370833333333333
218.7506754	0.370833333333333
218.7673041	0.370833333333333
218.783487899999	0.370833333333333
218.8006829	0.370833333333333
218.817149799999	0.370833333333333
218.834015599999	0.370833333333333
218.850547399999	0.370833333333333
218.8673825	0.370833333333333
218.8833731	0.370833333333333
218.900766299999	0.370833333333333
218.9173942	0.370833333333333
218.933443299999	0.370833333333333
218.9505641	0.370833333333333
218.967061099999	0.370833333333333
218.9836612	0.370833333333333
219.0008504	0.370833333333333
219.016738699999	0.370833333333333
219.033365699999	0.370833333333333
219.050785699999	0.370833333333333
219.0671711	0.370833333333333
219.083865699999	0.370833333333333
219.1004078	0.370833333333333
219.1172435	0.370833333333333
219.133731899999	0.370833333333333
219.150337399999	0.370833333333333
219.166993399999	0.370833333333333
219.1833449	0.370833333333333
219.2004602	0.370833333333333
219.217379	0.370833333333333
219.233340299999	0.370833333333333
219.250283699999	0.370833333333333
219.2668024	0.370833333333333
219.283400699999	0.370833333333333
219.300580599999	0.370833333333333
219.317165599999	0.370833333333333
219.333344199999	0.370833333333333
219.3503597	0.370833333333333
219.367277099999	0.370833333333333
219.3838545	0.370833333333333
219.400724499999	0.370833333333333
219.417014899999	0.370833333333333
219.4336034	0.370833333333333
219.4505984	0.370833333333333
219.467443099999	0.370833333333333
219.483358699999	0.370833333333333
219.500378399999	0.370833333333333
219.516734299999	0.370833333333333
219.5335595	0.370833333333333
219.5507701	0.370833333333333
219.5672354	0.370833333333333
219.5839503	0.370833333333333
219.6006768	0.370833333333333
219.617291199999	0.370833333333333
219.6341851	0.370833333333333
219.6507291	0.370833333333333
219.667221299999	0.370833333333333
219.6833582	0.370833333333333
219.700544599999	0.370833333333333
219.7167474	0.370833333333333
219.7332375	0.370833333333333
219.750056299999	0.370833333333333
219.7667769	0.370833333333333
219.7832672	0.370833333333333
219.800225	0.370833333333333
219.8167759	0.370833333333333
219.8331616	0.370833333333333
219.8506788	0.370833333333333
219.8671747	0.370833333333333
219.8835364	0.370833333333333
219.9006566	0.370833333333333
219.917619999999	0.370833333333333
219.933300199999	0.370833333333333
219.950906599999	0.370833333333333
219.9670228	0.370833333333333
219.9836109	0.370833333333333
220.000443899999	0.370833333333333
220.017311799999	0.370833333333333
220.033518699999	0.370833333333333
220.050648699999	0.370833333333333
220.067094499999	0.370833333333333
220.0832547	0.370833333333333
220.100621699999	0.370833333333333
220.1171392	0.370833333333333
220.13333	0.370833333333333
220.150384	0.370833333333333
220.1667939	0.370833333333333
220.183591499999	0.370833333333333
220.200677299999	0.370833333333333
220.217070199999	0.370833333333333
220.2334311	0.370833333333333
220.250456299999	0.370833333333333
220.2671585	0.370833333333333
220.283527099999	0.370833333333333
220.300276499999	0.370833333333333
220.3171968	0.370833333333333
220.3333059	0.370833333333333
220.350407899999	0.370833333333333
220.3672921	0.370833333333333
220.3833108	0.370833333333333
220.400290699999	0.370833333333333
220.417493999999	0.370833333333333
220.4332749	0.370833333333333
220.450179699999	0.370833333333333
220.467264999999	0.370833333333333
220.4835783	0.370833333333333
220.500434	0.370833333333333
220.516997899999	0.370833333333333
220.533511	0.370833333333333
220.550539899999	0.370833333333333
220.567039699999	0.370833333333333
220.5834341	0.370833333333333
220.600933399999	0.370833333333333
220.6170348	0.370833333333333
220.633669999999	0.370833333333333
220.650752	0.370833333333333
220.667364399999	0.370833333333333
220.683325	0.370833333333333
220.700427399999	0.370833333333333
220.717249099999	0.370833333333333
220.733281399999	0.370833333333333
220.7503399	0.370833333333333
220.767027399999	0.370833333333333
220.783520999999	0.370833333333333
220.800302199999	0.370833333333333
220.8170234	0.370833333333333
220.833500299999	0.370833333333333
220.850260099999	0.370833333333333
220.866880199999	0.370833333333333
220.8831696	0.370833333333333
220.9006647	0.370833333333333
220.917518599999	0.370833333333333
220.9337859	0.370833333333333
220.9499195	0.370833333333333
220.967173499999	0.370833333333333
220.983163399999	0.370833333333333
221.000025599999	0.370833333333333
221.0172746	0.370833333333333
221.033592	0.370833333333333
221.0502382	0.370833333333333
221.066809	0.370833333333333
221.083616	0.370833333333333
221.1002228	0.370833333333333
221.117322999999	0.370833333333333
221.133311	0.370833333333333
221.1507303	0.370833333333333
221.1670331	0.370833333333333
221.1835487	0.370833333333333
221.200682199999	0.370833333333333
221.2169705	0.370833333333333
221.2333676	0.370833333333333
221.249980199999	0.370833333333333
221.266834499999	0.370833333333333
221.2833151	0.370833333333333
221.3007026	0.370833333333333
221.3171752	0.370833333333333
221.333650699999	0.370833333333333
221.3504759	0.370833333333333
221.3668934	0.370833333333333
221.384134	0.370833333333333
221.400702	0.370833333333333
221.417026499999	0.370833333333333
221.4334346	0.370833333333333
221.450193	0.370833333333333
221.466981699999	0.370833333333333
221.4835778	0.370833333333333
221.5003038	0.370833333333333
221.5170051	0.370833333333333
221.533810899999	0.370833333333333
221.5503659	0.370833333333333
221.5668842	0.370833333333333
221.5834638	0.370833333333333
221.600056599999	0.370833333333333
221.617155999999	0.370833333333333
221.6335719	0.370833333333333
221.650320899999	0.370833333333333
221.667013599999	0.370833333333333
221.6832685	0.370833333333333
221.7002592	0.370833333333333
221.7167702	0.370833333333333
221.7334554	0.370833333333333
221.750014599999	0.370833333333333
221.767003	0.370833333333333
221.78357	0.370833333333333
221.8007345	0.370833333333333
221.8166661	0.370833333333333
221.833392099999	0.370833333333333
221.850409799999	0.370833333333333
221.8665692	0.370833333333333
221.8832715	0.370833333333333
221.900234399999	0.370833333333333
221.916699099999	0.370833333333333
221.933642999999	0.370833333333333
221.949962999999	0.370833333333333
221.966991699999	0.370833333333333
221.983560199999	0.370833333333333
222.0002097	0.370833333333333
222.0167665	0.370833333333333
222.0334169	0.370833333333333
222.0504413	0.370833333333333
222.0665057	0.370833333333333
222.0837857	0.370833333333333
222.100088699999	0.370833333333333
222.116918999999	0.370833333333333
222.1332077	0.370833333333333
222.1502787	0.370833333333333
222.166648199999	0.370833333333333
222.183249399999	0.370833333333333
222.200653899999	0.370833333333333
222.217195699999	0.370833333333333
222.233546099999	0.370833333333333
222.250751	0.370833333333333
222.267047599999	0.370833333333333
222.2834601	0.370833333333333
222.3009998	0.420833333333333
222.3175597	0.438541666666667
222.333688899999	0.464583333333333
222.350681899999	0.464583333333333
222.3668714	0.464583333333333
222.383481299999	0.464583333333333
222.400546499999	0.464583333333333
222.416565899999	0.464583333333333
222.433671899999	0.464583333333333
222.449861999999	0.464583333333333
222.4665017	0.464583333333333
222.483517199999	0.464583333333333
222.499929099999	0.464583333333333
222.5171548	0.464583333333333
222.533557999999	0.464583333333333
222.5506705	0.464583333333333
222.5670095	0.464583333333333
222.583439499999	0.464583333333333
222.600812299999	0.464583333333333
222.6167311	0.464583333333333
222.6333864	0.464583333333333
222.6504372	0.464583333333333
222.667032099999	0.464583333333333
222.6832079	0.464583333333333
222.700554399999	0.464583333333333
222.7171075	0.464583333333333
222.733450199999	0.464583333333333
222.7505096	0.464583333333333
222.766897199999	0.464583333333333
222.784012599999	0.464583333333333
222.800642499999	0.464583333333333
222.817071199999	0.464583333333333
222.833537199999	0.464583333333333
222.8502829	0.464583333333333
222.8668822	0.464583333333333
222.883614599999	0.464583333333333
222.8998047	0.464583333333333
222.9167165	0.464583333333333
222.9333945	0.464583333333333
222.9502881	0.464583333333333
222.967085599999	0.464583333333333
222.9832257	0.464583333333333
223.000569	0.464583333333333
223.0169668	0.464583333333333
223.033298699999	0.464583333333333
223.0505072	0.464583333333333
223.0664842	0.464583333333333
223.0834742	0.464583333333333
223.1004377	0.464583333333333
223.1166367	0.464583333333333
223.133135499999	0.464583333333333
223.1505884	0.464583333333333
223.1667848	0.464583333333333
223.183186699999	0.464583333333333
223.199949	0.464583333333333
223.2175228	0.464583333333333
223.2334354	0.464583333333333
223.2500003	0.464583333333333
223.2672268	0.464583333333333
223.283491599999	0.464583333333333
223.300539499999	0.464583333333333
223.3168693	0.464583333333333
223.3331196	0.464583333333333
223.3505024	0.464583333333333
223.3670354	0.464583333333333
223.383456099999	0.464583333333333
223.4003544	0.464583333333333
223.4169987	0.464583333333333
223.433550299999	0.464583333333333
223.4506544	0.464583333333333
223.4669605	0.464583333333333
223.483380799999	0.464583333333333
223.499770199999	0.464583333333333
223.516452499999	0.464583333333333
223.5334764	0.464583333333333
223.550045999999	0.464583333333333
223.5665436	0.464583333333333
223.583350899999	0.464583333333333
223.6008413	0.464583333333333
223.616837699999	0.464583333333333
223.633433399999	0.464583333333333
223.6500779	0.464583333333333
223.6668413	0.464583333333333
223.6835038	0.464583333333333
223.700233099999	0.464583333333333
223.7166917	0.464583333333333
223.7364036	0.464583333333333
223.7507952	0.464583333333333
223.7718841	0.464583333333333
223.7876117	0.464583333333333
223.799822	0.464583333333333
223.816440299999	0.464583333333333
223.833564799999	0.464583333333333
223.850314599999	0.464583333333333
223.8670064	0.464583333333333
223.8836286	0.464583333333333
223.9006623	0.464583333333333
223.916952899999	0.464583333333333
223.933395999999	0.464583333333333
223.950489399999	0.464583333333333
223.966789399999	0.464583333333333
223.983282699999	0.464583333333333
224.0002275	0.464583333333333
224.0169535	0.464583333333333
224.0335553	0.464583333333333
224.050232699999	0.464583333333333
224.067134	0.464583333333333
224.0839195	0.464583333333333
224.1001908	0.464583333333333
224.1168252	0.464583333333333
224.1334853	0.464583333333333
224.1502781	0.464583333333333
224.1665951	0.464583333333333
224.1835247	0.464583333333333
224.200432099999	0.464583333333333
224.2168206	0.464583333333333
224.233377699999	0.464583333333333
224.2500493	0.464583333333333
224.266561699999	0.464583333333333
224.2832443	0.464583333333333
224.3006342	0.464583333333333
224.317197599999	0.464583333333333
224.333463999999	0.464583333333333
224.350299899999	0.464583333333333
224.3671435	0.464583333333333
224.383416	0.464583333333333
224.4003355	0.464583333333333
224.417265999999	0.464583333333333
224.4334621	0.464583333333333
224.4498256	0.464583333333333
224.466760699999	0.464583333333333
224.483114	0.464583333333333
224.500387999999	0.464583333333333
224.516720099999	0.464583333333333
224.533099599999	0.464583333333333
224.550281	0.464583333333333
224.5669725	0.464583333333333
224.5835204	0.464583333333333
224.600648099999	0.464583333333333
224.6171502	0.464583333333333
224.633453099999	0.464583333333333
224.650684499999	0.464583333333333
224.6662855	0.464583333333333
224.683408899999	0.464583333333333
224.7002047	0.464583333333333
224.716597	0.464583333333333
224.732907099999	0.464583333333333
224.7501278	0.464583333333333
224.7667892	0.464583333333333
224.783330499999	0.457291666666667
224.800398199999	0.457291666666667
224.816806999999	0.457291666666667
224.8329629	0.457291666666667
224.8502123	0.457291666666667
224.866503099999	0.457291666666667
224.883395899999	0.457291666666667
224.9005472	0.457291666666667
224.916913599999	0.457291666666667
224.9335468	0.457291666666667
224.950495499999	0.457291666666667
224.966898	0.448958333333333
224.9835692	0.448958333333333
225.000165799999	0.448958333333333
225.0168354	0.440625
225.0331761	0.440625
225.049919499999	0.440625
225.0671482	0.432291666666667
225.083700599999	0.432291666666667
225.100663599999	0.440625
225.117256099999	0.440625
225.133110799999	0.440625
225.149817199999	0.440625
225.1668217	0.440625
225.183369699999	0.440625
225.2002052	0.440625
225.217559999999	0.440625
225.2337916	0.423958333333333
225.2509137	0.407291666666667
225.266962899999	0.407291666666667
225.283398099999	0.407291666666667
225.299828499999	0.407291666666667
225.3167211	0.407291666666667
225.333022899999	0.390625
225.350620499999	0.390625
225.3669598	0.38125
225.383056299999	0.38125
225.3999638	0.38125
225.416614	0.38125
225.4330492	0.38125
225.450556199999	0.38125
225.4670405	0.38125
225.483271499999	0.38125
225.5002003	0.38125
225.517451799999	0.38125
225.5331692	0.38125
225.550157899999	0.38125
225.5669251	0.38125
225.583400099999	0.38125
225.600257999999	0.38125
225.6169426	0.38125
225.6329565	0.38125
225.6498956	0.38125
225.6665048	0.38125
225.6832206	0.38125
225.700096299999	0.38125
225.7170737	0.38125
225.7331638	0.38125
225.7503271	0.38125
225.766951	0.38125
225.7832616	0.38125
225.800379599999	0.38125
225.816897	0.38125
225.833045199999	0.38125
225.850127899999	0.38125
225.8669794	0.38125
225.8834871	0.38125
225.9004042	0.38125
225.916648099999	0.38125
225.933195299999	0.38125
225.950087099999	0.38125
225.967032	0.38125
225.9833825	0.38125
226.000389	0.38125
226.01658	0.38125
226.0334041	0.38125
226.0503328	0.38125
226.0665222	0.38125
226.083471	0.38125
226.099930099999	0.38125
226.1165365	0.38125
226.133270099999	0.38125
226.150029699999	0.38125
226.1664882	0.38125
226.1831776	0.389583333333333
226.200586	0.389583333333333
226.2167783	0.389583333333333
226.233392499999	0.389583333333333
226.2500935	0.389583333333333
226.2663132	0.389583333333333
226.2833928	0.389583333333333
226.299832299999	0.389583333333333
226.317018899999	0.389583333333333
226.3330098	0.389583333333333
226.350587399999	0.389583333333333
226.3672981	0.389583333333333
226.383368199999	0.389583333333333
226.400377499999	0.389583333333333
226.417010599999	0.389583333333333
226.433231999999	0.389583333333333
226.4500499	0.389583333333333
226.466541999999	0.389583333333333
226.4831533	0.389583333333333
226.500146199999	0.389583333333333
226.516482399999	0.389583333333333
226.533308599999	0.389583333333333
226.550028799999	0.389583333333333
226.566901599999	0.389583333333333
226.5834464	0.389583333333333
226.600378599999	0.389583333333333
226.616848	0.389583333333333
226.6339346	0.389583333333333
226.6504515	0.389583333333333
226.666988499999	0.389583333333333
226.683114199999	0.389583333333333
226.700412499999	0.389583333333333
226.716831999999	0.389583333333333
226.733291	0.40625
226.7506501	0.375
226.766828	0.375
226.7830894	0.375
226.800236599999	0.375
226.8169699	0.382291666666667
226.833565399999	0.382291666666667
226.850206399999	0.382291666666667
226.866921	0.382291666666667
226.883462999999	0.382291666666667
226.900102699999	0.382291666666667
226.9166808	0.382291666666667
226.9335942	0.391666666666667
226.9504681	0.391666666666667
226.966721899999	0.391666666666667
226.9836301	0.391666666666667
227.0002945	0.391666666666667
227.016448199999	0.391666666666667
227.033105099999	0.391666666666667
227.050271999999	0.391666666666667
227.066588299999	0.391666666666667
227.083247099999	0.4
227.100434	0.391666666666667
227.1171281	0.408333333333333
227.1333115	0.425
227.1502971	0.425
227.1665254	0.425
227.1833571	0.425
227.200184599999	0.425
227.216454599999	0.425
227.233414099999	0.425
227.249879	0.425
227.2664225	0.425
227.283183799999	0.425
227.300609899999	0.425
227.3164829	0.425
227.3334171	0.425
227.3501645	0.425
227.3670155	0.425
227.3832361	0.425
227.4002777	0.442708333333333
227.4166504	0.460416666666667
227.4331432	0.479166666666667
227.450452399999	0.488541666666667
227.466715799999	0.488541666666667
227.483409699999	0.488541666666667
227.500523399999	0.488541666666667
227.5170118	0.488541666666667
227.533401799999	0.488541666666667
227.5500422	0.488541666666667
227.5669657	0.488541666666667
227.5830988	0.488541666666667
227.600368599999	0.488541666666667
227.616444099999	0.488541666666667
227.6330736	0.488541666666667
227.650162499999	0.488541666666667
227.6667687	0.488541666666667
227.682962899999	0.488541666666667
227.700299599999	0.488541666666667
227.7170707	0.488541666666667
227.733515299999	0.488541666666667
227.7501857	0.488541666666667
227.7667961	0.488541666666667
227.783654	0.471875
227.799993099999	0.455208333333333
227.816693999999	0.455208333333333
227.8334945	0.446875
227.8497633	0.446875
227.8667441	0.446875
227.883093099999	0.446875
227.9007697	0.446875
227.916939399999	0.446875
227.9334356	0.446875
227.949777299999	0.446875
227.9669674	0.446875
227.983150599999	0.446875
228.0001016	0.446875
228.0170841	0.446875
228.0336578	0.446875
228.0504673	0.446875
228.066714	0.446875
228.083033	0.446875
228.099738999999	0.446875
228.1166802	0.446875
228.1333852	0.446875
228.1500104	0.446875
228.166542299999	0.446875
228.1834288	0.446875
228.200223399999	0.446875
228.217021599999	0.446875
228.2333124	0.446875
228.2498165	0.446875
228.266392799999	0.446875
228.283356499999	0.446875
228.3001429	0.446875
228.316563599999	0.446875
228.333873799999	0.446875
228.3502012	0.446875
228.3672302	0.446875
228.383287899999	0.446875
228.4001313	0.446875
228.4170108	0.446875
228.4336108	0.446875
228.450343699999	0.446875
228.4669439	0.446875
228.4830739	0.446875
228.500205099999	0.446875
228.5167347	0.446875
228.533385399999	0.446875
228.550195399999	0.446875
228.5666167	0.446875
228.5835515	0.446875
228.6002033	0.446875
228.616955	0.446875
228.633263199999	0.446875
228.6503329	0.446875
228.667024199999	0.446875
228.683187799999	0.446875
228.6997697	0.446875
228.716853399999	0.446875
228.733343899999	0.446875
228.750219	0.446875
228.7665486	0.446875
228.783449899999	0.446875
228.80013	0.4625
228.816616399999	0.4625
228.833768799999	0.470833333333333
228.850326799999	0.479166666666667
228.8663637	0.479166666666667
228.883046299999	0.479166666666667
228.8998666	0.479166666666667
228.9166902	0.479166666666667
228.933515999999	0.479166666666667
228.9498335	0.479166666666667
228.9666806	0.479166666666667
228.983031	0.479166666666667
228.999758399999	0.479166666666667
229.016792799999	0.479166666666667
229.0334684	0.479166666666667
229.0501857	0.479166666666667
229.0666243	0.479166666666667
229.083253999999	0.479166666666667
229.100313499999	0.479166666666667
229.116728999999	0.479166666666667
229.1334976	0.479166666666667
229.150181499999	0.479166666666667
229.1667068	0.479166666666667
229.1831066	0.479166666666667
229.2000085	0.479166666666667
229.2166165	0.479166666666667
229.2336421	0.479166666666667
229.250465399999	0.479166666666667
229.266852	0.479166666666667
229.2839027	0.479166666666667
229.2998695	0.479166666666667
229.3166519	0.479166666666667
229.3335804	0.479166666666667
229.350074999999	0.479166666666667
229.366445199999	0.479166666666667
229.383360299999	0.479166666666667
229.4000256	0.479166666666667
229.4163665	0.479166666666667
229.4335481	0.479166666666667
229.449435099999	0.479166666666667
229.466616299999	0.479166666666667
229.483391199999	0.479166666666667
229.4999597	0.479166666666667
229.5163819	0.479166666666667
229.5334045	0.479166666666667
229.5503714	0.479166666666667
229.5667457	0.479166666666667
229.583636099999	0.479166666666667
229.5999009	0.479166666666667
229.6167446	0.479166666666667
229.6333079	0.479166666666667
229.6497247	0.479166666666667
229.666848299999	0.479166666666667
229.683512	0.479166666666667
229.700112099999	0.479166666666667
229.716698699999	0.479166666666667
229.733278799999	0.479166666666667
229.7499521	0.479166666666667
229.766655199999	0.479166666666667
229.783373599999	0.479166666666667
229.8001036	0.479166666666667
229.816795399999	0.479166666666667
229.833355299999	0.479166666666667
229.8502843	0.479166666666667
229.8665691	0.479166666666667
229.8832795	0.479166666666667
229.9000953	0.479166666666667
229.916744599999	0.479166666666667
229.932953099999	0.479166666666667
229.950097899999	0.479166666666667
229.9664045	0.479166666666667
229.9829887	0.479166666666667
230.0000204	0.479166666666667
230.0166223	0.479166666666667
230.033398899999	0.479166666666667
230.050208299999	0.479166666666667
230.0668773	0.479166666666667
230.083248499999	0.479166666666667
230.1001551	0.479166666666667
230.1165967	0.479166666666667
230.1334614	0.479166666666667
230.1501014	0.479166666666667
230.1669803	0.479166666666667
230.1829834	0.479166666666667
230.199832599999	0.479166666666667
230.2165785	0.479166666666667
230.233310699999	0.479166666666667
230.2502791	0.479166666666667
230.2665806	0.479166666666667
230.2836393	0.479166666666667
230.2998702	0.479166666666667
230.3163047	0.479166666666667
230.333118899999	0.479166666666667
230.349965799999	0.479166666666667
230.3665689	0.479166666666667
230.383322299999	0.479166666666667
230.399825	0.479166666666667
230.4162533	0.479166666666667
230.4335609	0.479166666666667
230.4498595	0.479166666666667
230.466952899999	0.479166666666667
230.483267799999	0.479166666666667
230.499869099999	0.479166666666667
230.5167661	0.479166666666667
230.5337199	0.479166666666667
230.5499413	0.479166666666667
230.566311099999	0.479166666666667
230.5835183	0.479166666666667
230.6001655	0.479166666666667
230.6162864	0.479166666666667
230.633539599999	0.479166666666667
230.6498032	0.479166666666667
230.666601399999	0.479166666666667
230.6832626	0.479166666666667
230.7002506	0.479166666666667
230.7166712	0.479166666666667
230.732966	0.479166666666667
230.749976499999	0.479166666666667
230.7666436	0.479166666666667
230.783211299999	0.479166666666667
230.7996102	0.479166666666667
230.816136699999	0.479166666666667
230.8332463	0.479166666666667
230.8501067	0.479166666666667
230.8663195	0.479166666666667
230.8833864	0.479166666666667
230.9000996	0.479166666666667
230.916574299999	0.479166666666667
230.9331888	0.479166666666667
230.9498814	0.479166666666667
230.966328199999	0.479166666666667
230.9832692	0.479166666666667
231.0000295	0.479166666666667
231.016551399999	0.479166666666667
231.033707099999	0.479166666666667
231.050065599999	0.479166666666667
231.0665743	0.479166666666667
231.083578999999	0.479166666666667
231.099632799999	0.479166666666667
231.116251099999	0.479166666666667
231.1328955	0.479166666666667
231.150201699999	0.479166666666667
231.1664629	0.479166666666667
231.1832999	0.479166666666667
231.199987999999	0.479166666666667
231.2169078	0.479166666666667
231.2330403	0.479166666666667
231.250196399999	0.479166666666667
231.2663648	0.479166666666667
231.2832076	0.479166666666667
231.299932399999	0.479166666666667
231.3165308	0.479166666666667
231.3329556	0.479166666666667
231.349965799999	0.479166666666667
231.3665924	0.479166666666667
231.3832783	0.479166666666667
231.399796399999	0.479166666666667
231.4166582	0.479166666666667
231.4331877	0.479166666666667
231.4500485	0.479166666666667
231.466387099999	0.479166666666667
231.483275	0.479166666666667
231.5002551	0.479166666666667
231.5166769	0.479166666666667
231.5332282	0.479166666666667
231.5498308	0.479166666666667
231.5665626	0.479166666666667
231.583436499999	0.479166666666667
231.6001674	0.479166666666667
231.6161421	0.479166666666667
231.632988799999	0.479166666666667
231.6502845	0.479166666666667
231.6661594	0.479166666666667
231.6843971	0.479166666666667
231.6999171	0.479166666666667
231.7162535	0.479166666666667
231.7332646	0.479166666666667
231.749777499999	0.479166666666667
231.765985499999	0.479166666666667
231.783059199999	0.479166666666667
231.8003909	0.479166666666667
231.816714899999	0.479166666666667
231.833471	0.479166666666667
231.8498056	0.479166666666667
231.8666151	0.479166666666667
231.8828269	0.479166666666667
231.900068899999	0.479166666666667
231.916681	0.479166666666667
231.9332362	0.479166666666667
231.949967899999	0.479166666666667
231.9662137	0.479166666666667
231.9829547	0.479166666666667
231.9995504	0.479166666666667
232.016217199999	0.479166666666667
232.0329604	0.479166666666667
232.049558799999	0.479166666666667
232.066545299999	0.479166666666667
232.083663599999	0.479166666666667
232.099640699999	0.479166666666667
232.116767099999	0.479166666666667
232.133386	0.479166666666667
232.150224499999	0.479166666666667
232.166128499999	0.479166666666667
232.1832835	0.479166666666667
232.199842399999	0.479166666666667
232.216152999999	0.479166666666667
232.233098899999	0.479166666666667
232.2500463	0.479166666666667
232.266130499999	0.479166666666667
232.2830519	0.479166666666667
232.2996969	0.479166666666667
232.316301299999	0.479166666666667
232.333247699999	0.479166666666667
232.350011099999	0.479166666666667
232.3665099	0.479166666666667
232.3832877	0.479166666666667
232.399775	0.479166666666667
232.416630299999	0.479166666666667
232.4328375	0.479166666666667
232.4500048	0.479166666666667
232.4667062	0.479166666666667
232.483305	0.479166666666667
232.500129399999	0.479166666666667
232.516473299999	0.479166666666667
232.533175699999	0.479166666666667
232.5499768	0.479166666666667
232.5663344	0.479166666666667
232.5832535	0.479166666666667
232.5997614	0.479166666666667
232.616058699999	0.479166666666667
232.633273799999	0.479166666666667
232.649804899999	0.479166666666667
232.666103799999	0.479166666666667
232.683271299999	0.479166666666667
232.7001974	0.479166666666667
232.716057299999	0.479166666666667
232.7332848	0.479166666666667
232.7500112	0.479166666666667
232.766301799999	0.479166666666667
232.783320699999	0.479166666666667
232.7997458	0.479166666666667
232.8166824	0.479166666666667
232.833487999999	0.479166666666667
232.849834299999	0.479166666666667
232.866458	0.479166666666667
232.8834436	0.479166666666667
232.899853899999	0.479166666666667
232.9164445	0.479166666666667
232.933369799999	0.479166666666667
232.9495951	0.479166666666667
232.966100199999	0.479166666666667
232.9832633	0.479166666666667
233.0001137	0.479166666666667
233.016477599999	0.479166666666667
233.033296099999	0.479166666666667
233.0501581	0.479166666666667
233.0663988	0.479166666666667
233.0832438	0.479166666666667
233.099624099999	0.479166666666667
233.1162092	0.479166666666667
233.1328729	0.479166666666667
233.149457099999	0.479166666666667
233.166404799999	0.479166666666667
233.183225	0.479166666666667
233.1996221	0.479166666666667
233.2164619	0.479166666666667
233.2333449	0.479166666666667
233.2497587	0.479166666666667
233.2667716	0.479166666666667
233.2831938	0.479166666666667
233.299661599999	0.479166666666667
233.316862899999	0.479166666666667
233.333165999999	0.479166666666667
233.3497183	0.479166666666667
233.3662202	0.479166666666667
233.383097499999	0.479166666666667
233.3998698	0.479166666666667
233.416529399999	0.479166666666667
233.4328976	0.479166666666667
233.4500271	0.479166666666667
233.4661523	0.479166666666667
233.4832762	0.479166666666667
233.4998227	0.479166666666667
233.5165155	0.479166666666667
233.5332671	0.479166666666667
233.549779999999	0.479166666666667
233.5664387	0.479166666666667
233.5831898	0.479166666666667
233.5996829	0.479166666666667
233.6160315	0.479166666666667
233.6332858	0.479166666666667
233.6495436	0.479166666666667
233.666450399999	0.479166666666667
233.6829456	0.479166666666667
233.699522399999	0.479166666666667
233.7165104	0.479166666666667
233.733082999999	0.479166666666667
233.750243099999	0.479166666666667
233.766382199999	0.479166666666667
233.7831681	0.479166666666667
233.800087	0.479166666666667
233.8160374	0.479166666666667
233.832819699999	0.479166666666667
233.8494972	0.479166666666667
233.8664511	0.479166666666667
233.8831867	0.479166666666667
233.9000553	0.479166666666667
233.916434799999	0.479166666666667
233.9332557	0.479166666666667
233.9501106	0.479166666666667
233.9664421	0.479166666666667
233.982962399999	0.479166666666667
233.999588	0.479166666666667
234.0165362	0.479166666666667
234.0331594	0.479166666666667
234.049650999999	0.479166666666667
234.0664601	0.479166666666667
234.083101499999	0.479166666666667
234.100018599999	0.479166666666667
234.1161887	0.479166666666667
234.1331771	0.479166666666667
234.1499366	0.479166666666667
234.1667152	0.479166666666667
234.183270199999	0.479166666666667
234.1999135	0.479166666666667
234.2160527	0.479166666666667
234.2328589	0.479166666666667
234.2495388	0.479166666666667
234.2666414	0.479166666666667
234.2831103	0.479166666666667
234.2997022	0.479166666666667
234.3166686	0.479166666666667
234.3330927	0.479166666666667
234.3496854	0.479166666666667
234.3660708	0.479166666666667
234.3829885	0.479166666666667
234.3996455	0.479166666666667
234.416765299999	0.479166666666667
234.4335538	0.479166666666667
234.449582699999	0.479166666666667
234.466472599999	0.479166666666667
234.483454699999	0.479166666666667
234.4999142	0.479166666666667
234.5162033	0.479166666666667
234.5331694	0.479166666666667
234.5498468	0.479166666666667
234.566196299999	0.479166666666667
234.5833573	0.479166666666667
234.5995248	0.479166666666667
234.6163731	0.479166666666667
234.6331008	0.479166666666667
234.649762599999	0.479166666666667
234.666344499999	0.479166666666667
234.6831968	0.479166666666667
234.6999786	0.479166666666667
234.716772	0.479166666666667
234.7328449	0.479166666666667
234.7498896	0.479166666666667
234.7662395	0.479166666666667
234.7832319	0.479166666666667
234.800439199999	0.479166666666667
234.816147799999	0.479166666666667
234.833093099999	0.479166666666667
234.8497676	0.479166666666667
234.8665827	0.479166666666667
234.8832948	0.479166666666667
234.8996361	0.479166666666667
234.916571	0.479166666666667
234.9331819	0.479166666666667
234.949922999999	0.479166666666667
234.966078799999	0.479166666666667
234.9832159	0.479166666666667
234.999402599999	0.479166666666667
235.0161719	0.479166666666667
235.03313	0.479166666666667
235.0495016	0.479166666666667
235.066237	0.479166666666667
235.0829711	0.479166666666667
235.0999862	0.479166666666667
235.116493099999	0.479166666666667
235.133239399999	0.479166666666667
235.149907	0.479166666666667
235.166190499999	0.479166666666667
235.183173799999	0.479166666666667
235.199529899999	0.479166666666667
235.2163168	0.479166666666667
235.2331835	0.479166666666667
235.2495739	0.479166666666667
235.266256399999	0.479166666666667
235.2832536	0.479166666666667
235.2996606	0.479166666666667
235.316850499999	0.479166666666667
235.333212	0.479166666666667
235.3498064	0.479166666666667
235.3663517	0.479166666666667
235.383358599999	0.479166666666667
235.399920299999	0.479166666666667
235.4164249	0.479166666666667
235.4328232	0.479166666666667
235.4496578	0.479166666666667
235.4663789	0.479166666666667
235.482856899999	0.479166666666667
235.4998602	0.479166666666667
235.5165859	0.479166666666667
235.533129799999	0.479166666666667
235.5501422	0.479166666666667
235.5666138	0.479166666666667
235.5831455	0.479166666666667
235.5996682	0.479166666666667
235.616214299999	0.479166666666667
235.633052499999	0.479166666666667
235.6499293	0.479166666666667
235.6661403	0.479166666666667
235.6833116	0.479166666666667
235.699458599999	0.479166666666667
235.717083799999	0.479166666666667
235.7333423	0.479166666666667
235.7496929	0.479166666666667
235.7664158	0.479166666666667
235.7834727	0.479166666666667
235.799861099999	0.479166666666667
235.816513399999	0.479166666666667
235.8331344	0.479166666666667
235.8496823	0.479166666666667
235.8667079	0.479166666666667
235.8830018	0.479166666666667
235.8993825	0.479166666666667
235.9163491	0.479166666666667
235.932661299999	0.479166666666667
235.949876999999	0.479166666666667
235.966106899999	0.479166666666667
235.983531899999	0.479166666666667
235.999972299999	0.479166666666667
236.0165972	0.479166666666667
236.033353999999	0.479166666666667
236.049800899999	0.479166666666667
236.066486899999	0.479166666666667
236.083024699999	0.479166666666667
236.099617	0.479166666666667
236.116184199999	0.479166666666667
236.133198	0.479166666666667
236.1503532	0.479166666666667
236.166569499999	0.479166666666667
236.1834936	0.479166666666667
236.199920599999	0.479166666666667
236.216460199999	0.479166666666667
236.233463099999	0.479166666666667
236.2495315	0.479166666666667
236.2661098	0.479166666666667
236.2837426	0.479166666666667
236.2997627	0.479166666666667
236.316626299999	0.479166666666667
236.333136499999	0.479166666666667
236.3494832	0.479166666666667
236.3663981	0.479166666666667
236.383029199999	0.479166666666667
236.3999826	0.479166666666667
236.4166565	0.479166666666667
236.4333333	0.479166666666667
236.4500172	0.479166666666667
236.466427799999	0.479166666666667
236.4827928	0.479166666666667
236.499661399999	0.479166666666667
236.5162627	0.479166666666667
236.533090999999	0.479166666666667
236.549623399999	0.479166666666667
236.5667103	0.479166666666667
236.5835177	0.479166666666667
236.600000799999	0.479166666666667
236.6170027	0.479166666666667
236.6328036	0.479166666666667
236.6498979	0.479166666666667
236.6664745	0.479166666666667
236.683015899999	0.479166666666667
236.6993398	0.479166666666667
236.7163752	0.479166666666667
236.7330305	0.479166666666667
236.7497877	0.479166666666667
236.766409399999	0.479166666666667
236.782807299999	0.479166666666667
236.7996489	0.479166666666667
236.816693	0.479166666666667
236.833159199999	0.479166666666667
236.8500723	0.479166666666667
236.866537899999	0.479166666666667
236.8831929	0.479166666666667
236.899733599999	0.479166666666667
236.9165434	0.479166666666667
236.9329886	0.479166666666667
236.949667399999	0.479166666666667
236.9665166	0.479166666666667
236.9829671	0.479166666666667
236.999374499999	0.479166666666667
237.0167477	0.479166666666667
237.0331944	0.479166666666667
237.050212499999	0.479166666666667
237.066910799999	0.479166666666667
237.083059799999	0.479166666666667
237.0997215	0.479166666666667
237.1163262	0.479166666666667
237.1328496	0.479166666666667
237.149770499999	0.479166666666667
237.166471199999	0.479166666666667
237.1830278	0.479166666666667
237.199229399999	0.479166666666667
237.2164441	0.479166666666667
237.233044299999	0.479166666666667
237.2494688	0.479166666666667
237.2664041	0.479166666666667
237.2830036	0.479166666666667
237.299311299999	0.479166666666667
237.3165178	0.479166666666667
237.3330913	0.479166666666667
237.349948399999	0.479166666666667
237.3663522	0.479166666666667
237.382833199999	0.479166666666667
237.400014399999	0.479166666666667
237.416458799999	0.479166666666667
237.4330086	0.479166666666667
237.449553099999	0.479166666666667
237.4664889	0.479166666666667
237.483286999999	0.479166666666667
237.4997508	0.479166666666667
237.516110799999	0.479166666666667
237.533273999999	0.479166666666667
237.5496316	0.479166666666667
237.566473999999	0.479166666666667
237.5831123	0.479166666666667
237.5999882	0.479166666666667
237.6164596	0.479166666666667
237.6327609	0.479166666666667
237.6500551	0.479166666666667
237.666337199999	0.479166666666667
237.6830977	0.479166666666667
237.699701899999	0.479166666666667
237.7164729	0.479166666666667
237.732902399999	0.479166666666667
237.749582799999	0.479166666666667
237.766802599999	0.479166666666667
237.7832934	0.479166666666667
237.8001569	0.479166666666667
237.816190699999	0.479166666666667
237.832745199999	0.479166666666667
237.849678199999	0.479166666666667
237.8660517	0.479166666666667
237.8830417	0.479166666666667
237.8998869	0.479166666666667
237.916842799999	0.479166666666667
237.9328293	0.479166666666667
237.950036499999	0.479166666666667
237.966434399999	0.479166666666667
237.9834026	0.479166666666667
237.999873	0.479166666666667
238.0164423	0.479166666666667
238.0329938	0.479166666666667
238.049793499999	0.479166666666667
238.066486799999	0.479166666666667
238.0830694	0.479166666666667
238.0991024	0.479166666666667
238.1162735	0.479166666666667
238.1334564	0.479166666666667
238.1494785	0.479166666666667
238.1662551	0.479166666666667
238.1830284	0.479166666666667
238.1994926	0.479166666666667
238.216559	0.479166666666667
238.233242699999	0.479166666666667
238.2494197	0.479166666666667
238.2664403	0.479166666666667
238.282841699999	0.479166666666667
238.299574799999	0.479166666666667
238.3164558	0.479166666666667
238.3327197	0.479166666666667
238.3492896	0.479166666666667
238.3664737	0.479166666666667
238.382977499999	0.479166666666667
238.400318	0.479166666666667
238.416411599999	0.479166666666667
238.432749899999	0.479166666666667
238.449596099999	0.479166666666667
238.466479899999	0.479166666666667
238.483096399999	0.479166666666667
238.4992991	0.479166666666667
238.5160747	0.479166666666667
238.533052799999	0.479166666666667
238.5495813	0.479166666666667
238.566420599999	0.479166666666667
238.582681299999	0.479166666666667
238.599835999999	0.479166666666667
238.6162951	0.479166666666667
238.6328765	0.479166666666667
238.649479199999	0.479166666666667
238.666226699999	0.479166666666667
238.683036699999	0.479166666666667
238.699435099999	0.479166666666667
238.7168058	0.479166666666667
238.733304599999	0.479166666666667
238.7498182	0.479166666666667
238.766564699999	0.479166666666667
238.7828602	0.479166666666667
238.799460099999	0.479166666666667
238.816296999999	0.479166666666667
238.832827699999	0.479166666666667
238.849349399999	0.479166666666667
238.8666165	0.479166666666667
238.883000399999	0.479166666666667
238.8994748	0.479166666666667
238.9165704	0.479166666666667
238.9329098	0.479166666666667
238.949748599999	0.479166666666667
238.965974999999	0.479166666666667
238.983165799999	0.479166666666667
238.999717799999	0.479166666666667
239.016083099999	0.479166666666667
239.0327897	0.479166666666667
239.049292799999	0.479166666666667
239.0664209	0.479166666666667
239.0829201	0.479166666666667
239.0996355	0.479166666666667
239.1161714	0.479166666666667
239.133023099999	0.479166666666667
239.149682499999	0.479166666666667
239.166215599999	0.479166666666667
239.182915099999	0.479166666666667
239.199584499999	0.479166666666667
239.216324	0.479166666666667
239.2331494	0.479166666666667
239.250058899999	0.479166666666667
239.265994799999	0.479166666666667
239.2831602	0.479166666666667
239.2995629	0.479166666666667
239.316316199999	0.479166666666667
239.332674099999	0.479166666666667
239.349411499999	0.479166666666667
239.3662909	0.479166666666667
239.382737899999	0.479166666666667
239.399535199999	0.479166666666667
239.416450899999	0.479166666666667
239.4330529	0.479166666666667
239.4497573	0.479166666666667
239.4663844	0.479166666666667
239.482639899999	0.479166666666667
239.499580999999	0.479166666666667
239.516433899999	0.479166666666667
239.532701599999	0.479166666666667
239.5493363	0.479166666666667
239.5658331	0.479166666666667
239.583161899999	0.479166666666667
239.5995825	0.479166666666667
239.616243699999	0.479166666666667
239.6327261	0.479166666666667
239.6493242	0.479166666666667
239.666293499999	0.479166666666667
239.6829229	0.479166666666667
239.6991131	0.479166666666667
239.7160699	0.479166666666667
239.733026899999	0.479166666666667
239.7495598	0.479166666666667
239.765973699999	0.479166666666667
239.7832223	0.479166666666667
239.7993099	0.479166666666667
239.8162918	0.479166666666667
239.832948499999	0.479166666666667
239.8497393	0.479166666666667
239.866027599999	0.479166666666667
239.882880599999	0.479166666666667
239.899535699999	0.479166666666667
239.9163835	0.479166666666667
239.9324806	0.479166666666667
239.949514499999	0.479166666666667
239.9663633	0.479166666666667
239.9826568	0.479166666666667
239.9995628	0.479166666666667
240.0160013	0.479166666666667
240.032749399999	0.479166666666667
240.0493296	0.479166666666667
240.0660381	0.479166666666667
240.0828292	0.479166666666667
240.0998088	0.479166666666667
240.1163583	0.479166666666667
240.133023099999	0.479166666666667
240.149390099999	0.479166666666667
240.165993699999	0.479166666666667
240.1828774	0.479166666666667
240.199626299999	0.479166666666667
240.216353999999	0.479166666666667
240.2330169	0.479166666666667
240.2496297	0.479166666666667
240.266427099999	0.479166666666667
240.2833433	0.479166666666667
240.299484499999	0.479166666666667
240.3164336	0.479166666666667
240.3328723	0.479166666666667
240.3495023	0.479166666666667
240.366068599999	0.479166666666667
240.3827685	0.479166666666667
240.3991416	0.479166666666667
240.416322399999	0.479166666666667
240.432697599999	0.479166666666667
240.4495295	0.479166666666667
240.4665041	0.479166666666667
240.482905399999	0.479166666666667
240.499540899999	0.479166666666667
240.5162937	0.479166666666667
240.5328842	0.479166666666667
240.5495311	0.479166666666667
240.566547799999	0.479166666666667
240.582831199999	0.479166666666667
240.599334099999	0.479166666666667
240.6166949	0.479166666666667
240.6329816	0.479166666666667
240.6491762	0.479166666666667
240.6664154	0.479166666666667
240.682607799999	0.479166666666667
240.699277899999	0.479166666666667
240.7166129	0.479166666666667
240.732744	0.479166666666667
240.749722799999	0.479166666666667
240.766160599999	0.479166666666667
240.782710099999	0.479166666666667
240.800095799999	0.455208333333333
240.8166118	0.4375
240.833123199999	0.419791666666667
240.849552299999	0.419791666666667
240.866178499999	0.419791666666667
240.8828772	0.419791666666667
240.8992687	0.419791666666667
240.916303499999	0.419791666666667
240.9329958	0.419791666666667
240.949442399999	0.419791666666667
240.965928899999	0.419791666666667
240.9826114	0.419791666666667
240.999135999999	0.419791666666667
241.016024799999	0.419791666666667
241.0329889	0.419791666666667
241.0493818	0.419791666666667
241.066141599999	0.419791666666667
241.082866199999	0.419791666666667
241.0993172	0.419791666666667
241.1164505	0.419791666666667
241.1329761	0.419791666666667
241.1492431	0.419791666666667
241.1661451	0.419791666666667
241.1828471	0.419791666666667
241.1994705	0.419791666666667
241.2165293	0.427083333333333
241.232767699999	0.427083333333333
241.249202999999	0.427083333333333
241.266033399999	0.427083333333333
241.2830674	0.427083333333333
241.299632099999	0.427083333333333
241.316659499999	0.427083333333333
241.332974999999	0.427083333333333
241.3494302	0.427083333333333
241.3663927	0.427083333333333
241.382861399999	0.427083333333333
241.3992315	0.427083333333333
241.416545399999	0.427083333333333
241.432833299999	0.427083333333333
241.4491417	0.427083333333333
241.4658442	0.427083333333333
241.482593999999	0.427083333333333
241.4997434	0.427083333333333
241.5161731	0.427083333333333
241.5328912	0.427083333333333
241.5496512	0.427083333333333
241.5659166	0.427083333333333
241.5829531	0.427083333333333
241.6000706	0.427083333333333
241.616687199999	0.427083333333333
241.6331083	0.427083333333333
241.649840399999	0.427083333333333
241.666536199999	0.427083333333333
241.6827729	0.427083333333333
241.699433799999	0.427083333333333
241.7160233	0.427083333333333
241.7324897	0.435416666666667
241.749502299999	0.435416666666667
241.766155099999	0.435416666666667
241.782568	0.435416666666667
241.799656699999	0.435416666666667
241.816483699999	0.435416666666667
241.832725099999	0.435416666666667
241.849090799999	0.435416666666667
241.866071599999	0.435416666666667
241.882816099999	0.435416666666667
241.9035451	0.435416666666667
241.916275	0.435416666666667
241.9328553	0.435416666666667
241.9490386	0.435416666666667
241.965850799999	0.435416666666667
241.982856099999	0.435416666666667
241.9994774	0.435416666666667
242.016366399999	0.435416666666667
242.032655399999	0.435416666666667
242.0494203	0.435416666666667
242.066147199999	0.435416666666667
242.083159399999	0.435416666666667
242.0993806	0.435416666666667
242.116078499999	0.435416666666667
242.132799399999	0.435416666666667
242.149441299999	0.435416666666667
242.1661067	0.435416666666667
242.182640599999	0.435416666666667
242.199210899999	0.435416666666667
242.216245	0.435416666666667
242.2329315	0.435416666666667
242.249324099999	0.435416666666667
242.265904399999	0.435416666666667
242.2828807	0.435416666666667
242.299282399999	0.435416666666667
242.3160744	0.435416666666667
242.3329212	0.435416666666667
242.3499305	0.435416666666667
242.366325499999	0.435416666666667
242.3829422	0.435416666666667
242.3991362	0.435416666666667
242.4161845	0.435416666666667
242.4328078	0.435416666666667
242.449578799999	0.435416666666667
242.465926999999	0.435416666666667
242.4828358	0.435416666666667
242.499633799999	0.435416666666667
242.516600499999	0.435416666666667
242.5326206	0.435416666666667
242.549612999999	0.435416666666667
242.566435899999	0.435416666666667
242.58322	0.435416666666667
242.599713099999	0.435416666666667
242.616435299999	0.435416666666667
242.6330565	0.435416666666667
242.649148199999	0.435416666666667
242.6666163	0.435416666666667
242.682738099999	0.435416666666667
242.6992056	0.435416666666667
242.7162534	0.435416666666667
242.732604899999	0.435416666666667
242.749218	0.435416666666667
242.766588	0.435416666666667
242.782571299999	0.435416666666667
242.7998235	0.435416666666667
242.8164588	0.435416666666667
242.832709699999	0.435416666666667
242.8491758	0.435416666666667
242.8662485	0.435416666666667
242.8829405	0.435416666666667
242.899201599999	0.435416666666667
242.916564599999	0.435416666666667
242.9328203	0.435416666666667
242.949438199999	0.435416666666667
242.966244699999	0.435416666666667
242.983136299999	0.435416666666667
242.9998834	0.435416666666667
243.0165792	0.435416666666667
243.032504299999	0.435416666666667
243.049609999999	0.435416666666667
243.0660466	0.435416666666667
243.0827112	0.435416666666667
243.099015899999	0.435416666666667
243.116391699999	0.435416666666667
243.132534699999	0.435416666666667
243.149800499999	0.435416666666667
243.166372899999	0.435416666666667
243.182822299999	0.435416666666667
243.199572799999	0.435416666666667
243.215858099999	0.435416666666667
243.232522099999	0.435416666666667
243.2491162	0.435416666666667
243.2659962	0.435416666666667
243.2831566	0.435416666666667
243.2995451	0.435416666666667
243.3163187	0.435416666666667
243.332700499999	0.435416666666667
243.349231599999	0.435416666666667
243.366477899999	0.435416666666667
243.382755899999	0.435416666666667
243.399685799999	0.435416666666667
243.415999299999	0.435416666666667
243.432970899999	0.435416666666667
243.4494434	0.435416666666667
243.4661016	0.435416666666667
243.482778199999	0.435416666666667
243.5040365	0.435416666666667
243.5164366	0.435416666666667
243.533042599999	0.435416666666667
243.5494702	0.435416666666667
243.5662708	0.435416666666667
243.583295099999	0.435416666666667
243.599336699999	0.435416666666667
243.6164356	0.435416666666667
243.632655599999	0.435416666666667
243.6498248	0.435416666666667
243.6659948	0.435416666666667
243.682758999999	0.435416666666667
243.699059	0.435416666666667
243.716166599999	0.435416666666667
243.732596	0.435416666666667
243.749100999999	0.435416666666667
243.766564199999	0.435416666666667
243.7829249	0.435416666666667
243.7996991	0.435416666666667
243.8161486	0.435416666666667
243.832662399999	0.435416666666667
243.8497042	0.435416666666667
243.8661575	0.435416666666667
243.8828391	0.435416666666667
243.8993673	0.435416666666667
243.916643899999	0.435416666666667
243.9327933	0.435416666666667
243.949485599999	0.435416666666667
243.966502699999	0.435416666666667
243.9828394	0.435416666666667
243.999183499999	0.435416666666667
244.016531599999	0.435416666666667
244.032638	0.435416666666667
244.049163999999	0.435416666666667
244.066295199999	0.435416666666667
244.082532799999	0.435416666666667
244.099668999999	0.435416666666667
244.1160155	0.435416666666667
244.1328398	0.435416666666667
244.149130999999	0.435416666666667
244.1662195	0.435416666666667
244.182735099999	0.435416666666667
244.199235599999	0.435416666666667
244.215936899999	0.435416666666667
244.232498799999	0.435416666666667
244.2496549	0.435416666666667
244.2663662	0.435416666666667
244.2830795	0.435416666666667
244.2991714	0.435416666666667
244.316409999999	0.435416666666667
244.332913499999	0.435416666666667
244.349585499999	0.435416666666667
244.365895299999	0.435416666666667
244.3831722	0.435416666666667
244.3995374	0.435416666666667
244.416111899999	0.435416666666667
244.432713499999	0.435416666666667
244.4492438	0.435416666666667
244.466094699999	0.435416666666667
244.482727099999	0.435416666666667
244.499078999999	0.435416666666667
244.516197499999	0.435416666666667
244.533063299999	0.435416666666667
244.5497024	0.435416666666667
244.566428599999	0.435416666666667
244.5827405	0.435416666666667
244.5997263	0.435416666666667
244.6159542	0.435416666666667
244.632714799999	0.435416666666667
244.6491884	0.435416666666667
244.666273299999	0.435416666666667
244.6827257	0.435416666666667
244.699173399999	0.435416666666667
244.715825499999	0.435416666666667
244.7325247	0.435416666666667
244.7497545	0.435416666666667
244.766564299999	0.435416666666667
244.7828991	0.435416666666667
244.7999832	0.435416666666667
244.8160449	0.435416666666667
244.832852699999	0.435416666666667
244.8496552	0.435416666666667
244.8660106	0.435416666666667
244.882672299999	0.435416666666667
244.8993843	0.435416666666667
244.916179	0.435416666666667
244.932697699999	0.435416666666667
244.949331299999	0.435416666666667
244.966639599999	0.435416666666667
244.9828063	0.435416666666667
244.9997128	0.435416666666667
245.0162101	0.435416666666667
245.033076899999	0.453125
245.0497429	0.461458333333333
245.0664121	0.479166666666667
245.0826749	0.496875
245.0992351	0.496875
245.115911899999	0.496875
245.1324731	0.496875
245.149653699999	0.496875
245.1660524	0.496875
245.182851099999	0.496875
245.199770499999	0.496875
245.216789399999	0.496875
245.232485799999	0.496875
245.249646099999	0.496875
245.266334899999	0.496875
245.282860599999	0.496875
245.299368399999	0.496875
245.3162023	0.496875
245.332661799999	0.496875
245.349871099999	0.496875
245.3661161	0.496875
245.382818499999	0.496875
245.3990846	0.496875
245.415997999999	0.496875
245.432584599999	0.496875
245.4493592	0.496875
245.466371799999	0.496875
245.4828337	0.496875
245.4997017	0.496875
245.516238499999	0.496875
245.5326275	0.496875
245.5497067	0.496875
245.566260799999	0.496875
245.5827824	0.496875
245.5991328	0.496875
245.6163351	0.496875
245.6327047	0.496875
245.6494975	0.496875
245.665718499999	0.496875
245.682479599999	0.496875
245.6996325	0.496875
245.7162848	0.496875
245.732655299999	0.496875
245.7489454	0.496875
245.7663157	0.496875
245.782824	0.496875
245.799561399999	0.496875
245.8161599	0.496875
245.8329527	0.496875
245.8495599	0.496875
245.8662925	0.496875
245.8826406	0.496875
245.8994169	0.489583333333333
245.916253599999	0.489583333333333
245.9329356	0.489583333333333
245.9497027	0.489583333333333
245.966449199999	0.489583333333333
245.9825253	0.489583333333333
245.9995511	0.489583333333333
246.015771599999	0.489583333333333
246.0321261	0.489583333333333
246.049166399999	0.489583333333333
246.0660478	0.48125
246.082691099999	0.48125
246.0991445	0.48125
246.115867099999	0.48125
246.1326055	0.48125
246.1495958	0.48125
246.1661539	0.48125
246.182647799999	0.48125
246.1997372	0.471875
246.2167353	0.471875
246.232370299999	0.471875
246.249446299999	0.471875
246.2663686	0.471875
246.282998299999	0.471875
246.2992448	0.463541666666667
246.316525499999	0.455208333333333
246.332535799999	0.455208333333333
246.349683099999	0.455208333333333
246.3661286	0.455208333333333
246.382786599999	0.455208333333333
246.3996834	0.455208333333333
246.4162517	0.455208333333333
246.433112399999	0.455208333333333
246.449701299999	0.455208333333333
246.466121699999	0.455208333333333
246.482689699999	0.455208333333333
246.4989526	0.455208333333333
246.5162529	0.455208333333333
246.5326219	0.455208333333333
246.549126999999	0.455208333333333
246.5660123	0.455208333333333
246.5827707	0.455208333333333
246.5993543	0.455208333333333
246.616522599999	0.455208333333333
246.6325072	0.455208333333333
246.649671499999	0.455208333333333
246.666900499999	0.455208333333333
246.6830568	0.455208333333333
246.699401499999	0.455208333333333
246.715840499999	0.455208333333333
246.732800899999	0.446875
246.7495991	0.446875
246.7661847	0.446875
246.7830666	0.438541666666667
246.799650399999	0.438541666666667
246.816397699999	0.430208333333333
246.832642799999	0.430208333333333
246.8497232	0.430208333333333
246.8658165	0.430208333333333
246.882669699999	0.430208333333333
246.8997087	0.430208333333333
246.915905999999	0.430208333333333
246.9323514	0.430208333333333
246.949118199999	0.430208333333333
246.9660408	0.430208333333333
246.9830102	0.421875
246.9992028	0.421875
247.0165541	0.404166666666667
247.032395599999	0.404166666666667
247.0492705	0.404166666666667
247.0661057	0.404166666666667
247.082645799999	0.395833333333333
247.0992307	0.395833333333333
247.116109	0.395833333333333
247.1327169	0.395833333333333
247.1495305	0.395833333333333
247.1659752	0.395833333333333
247.1825288	0.395833333333333
247.199689599999	0.395833333333333
247.2164323	0.395833333333333
247.233023399999	0.395833333333333
247.249190099999	0.395833333333333
247.2658726	0.395833333333333
247.2830409	0.395833333333333
247.2992736	0.395833333333333
247.315807	0.395833333333333
247.3327038	0.395833333333333
247.349506699999	0.395833333333333
247.3658188	0.395833333333333
247.382985099999	0.395833333333333
247.3994831	0.395833333333333
247.4162926	0.395833333333333
247.432390999999	0.395833333333333
247.449619399999	0.395833333333333
247.4663034	0.395833333333333
247.4826446	0.395833333333333
247.4991763	0.395833333333333
247.5163624	0.395833333333333
247.5326252	0.395833333333333
247.5497436	0.395833333333333
247.5665119	0.395833333333333
247.5826465	0.395833333333333
247.5992694	0.395833333333333
247.616032499999	0.395833333333333
247.6326491	0.395833333333333
247.6496843	0.395833333333333
247.6658204	0.395833333333333
247.682669	0.395833333333333
247.6994175	0.395833333333333
247.716038	0.395833333333333
247.7327091	0.395833333333333
247.749551399999	0.395833333333333
247.7661548	0.395833333333333
247.7826755	0.395833333333333
247.7995316	0.395833333333333
247.8160012	0.395833333333333
247.8324579	0.395833333333333
247.849088999999	0.395833333333333
247.866171799999	0.395833333333333
247.8825374	0.395833333333333
247.899382199999	0.395833333333333
247.915839699999	0.395833333333333
247.932603599999	0.395833333333333
247.9491724	0.395833333333333
247.9660906	0.395833333333333
247.9825771	0.395833333333333
247.999075799999	0.395833333333333
248.016379799999	0.395833333333333
248.0326005	0.395833333333333
248.0492417	0.395833333333333
248.066280499999	0.395833333333333
248.0827119	0.395833333333333
248.099122799999	0.395833333333333
248.116236399999	0.395833333333333
248.1327704	0.395833333333333
248.1496744	0.395833333333333
248.1662607	0.395833333333333
248.182441499999	0.395833333333333
248.1991049	0.395833333333333
248.215976699999	0.395833333333333
248.2326003	0.395833333333333
248.249591399999	0.395833333333333
248.266032799999	0.395833333333333
248.2822473	0.395833333333333
248.299311299999	0.395833333333333
248.3155503	0.395833333333333
248.3323138	0.395833333333333
248.3499261	0.395833333333333
248.365713499999	0.395833333333333
248.382333199999	0.395833333333333
248.399433699999	0.395833333333333
248.4164615	0.395833333333333
248.432585	0.395833333333333
248.449148899999	0.395833333333333
248.466041899999	0.3875
248.483093899999	0.3875
248.4996421	0.394791666666667
248.5159649	0.403125
248.5323976	0.403125
248.549611199999	0.403125
248.5657009	0.403125
248.5823267	0.403125
248.5998356	0.403125
248.616072299999	0.403125
248.6325183	0.403125
248.649368099999	0.403125
248.665875	0.403125
248.682565399999	0.403125
248.6990311	0.403125
248.7161963	0.403125
248.732287299999	0.403125
248.7492512	0.403125
248.766073899999	0.403125
248.7821945	0.403125
248.799061999999	0.403125
248.8155932	0.403125
248.8327221	0.403125
248.849811499999	0.403125
248.865916999999	0.403125
248.882525499999	0.403125
248.8991902	0.403125
248.915947199999	0.403125
248.9325352	0.403125
248.9495964	0.403125
248.9657263	0.403125
248.982741	0.403125
248.999446399999	0.403125
249.0160664	0.403125
249.032455199999	0.403125
249.049638099999	0.403125
249.0656445	0.403125
249.082571	0.403125
249.0992214	0.403125
249.1160523	0.403125
249.1325878	0.403125
249.1495213	0.403125
249.1662207	0.403125
249.182401499999	0.403125
249.199459599999	0.411458333333333
249.2159388	0.411458333333333
249.232287299999	0.419791666666667
249.249357799999	0.419791666666667
249.266182799999	0.419791666666667
249.282317599999	0.419791666666667
249.299374599999	0.419791666666667
249.3162189	0.419791666666667
249.332198999999	0.419791666666667
249.349334099999	0.419791666666667
249.3658559	0.419791666666667
249.3822291	0.419791666666667
249.399489199999	0.419791666666667
249.4160119	0.419791666666667
249.432474699999	0.419791666666667
249.449486699999	0.419791666666667
249.466097	0.419791666666667
249.4824868	0.419791666666667
249.499602299999	0.419791666666667
249.516003899999	0.419791666666667
249.5321865	0.419791666666667
249.5494086	0.419791666666667
249.5660375	0.419791666666667
249.5826522	0.419791666666667
249.599558299999	0.419791666666667
249.616147899999	0.419791666666667
249.6322868	0.419791666666667
249.649735499999	0.419791666666667
249.6658093	0.419791666666667
249.6824086	0.419791666666667
249.6994466	0.419791666666667
249.715629599999	0.419791666666667
249.732158999999	0.419791666666667
249.749439499999	0.419791666666667
249.766048099999	0.419791666666667
249.782162199999	0.419791666666667
249.7992158	0.419791666666667
249.8160733	0.419791666666667
249.832520399999	0.419791666666667
249.849249399999	0.419791666666667
249.8659836	0.419791666666667
249.8822309	0.419791666666667
249.8996939	0.419791666666667
249.915856099999	0.419791666666667
249.932168699999	0.419791666666667
249.949282299999	0.419791666666667
249.966039	0.419791666666667
249.982576199999	0.419791666666667
249.9994167	0.419791666666667
250.0158612	0.419791666666667
250.0322379	0.419791666666667
250.049586599999	0.419791666666667
250.066157099999	0.419791666666667
250.0822376	0.419791666666667
250.0994052	0.419791666666667
250.116155299999	0.419791666666667
250.1323281	0.419791666666667
250.1493248	0.419791666666667
250.1660425	0.419791666666667
250.182395399999	0.419791666666667
250.198968999999	0.419791666666667
250.216168	0.419791666666667
250.232239	0.419791666666667
250.2499436	0.419791666666667
250.2661362	0.419791666666667
250.2824764	0.419791666666667
250.2996223	0.419791666666667
250.3162544	0.419791666666667
250.3321657	0.419791666666667
250.3492712	0.419791666666667
250.3663909	0.419791666666667
250.3822359	0.419791666666667
250.399108199999	0.419791666666667
250.4163954	0.419791666666667
250.432184599999	0.419791666666667
250.449468	0.419791666666667
250.4660994	0.419791666666667
250.482582299999	0.419791666666667
250.4995445	0.419791666666667
250.5167278	0.419791666666667
250.5322822	0.419791666666667
250.549415799999	0.419791666666667
250.566038999999	0.419791666666667
250.5822007	0.419791666666667
250.599590899999	0.419791666666667
250.616142999999	0.419791666666667
250.632243599999	0.419791666666667
250.6489646	0.419791666666667
250.666039999999	0.419791666666667
250.682139899999	0.419791666666667
250.699548799999	0.419791666666667
250.7159402	0.419791666666667
250.7326342	0.419791666666667
250.749572399999	0.419791666666667
250.765964099999	0.419791666666667
250.7823512	0.419791666666667
250.7994884	0.419791666666667
250.8162784	0.419791666666667
250.832568	0.419791666666667
250.849855699999	0.419791666666667
250.866306499999	0.419791666666667
250.882368699999	0.419791666666667
250.8992959	0.419791666666667
250.9159224	0.419791666666667
250.932234399999	0.419791666666667
250.949277299999	0.419791666666667
250.966226899999	0.419791666666667
250.982234499999	0.419791666666667
250.9993906	0.419791666666667
251.0158855	0.419791666666667
251.0326042	0.419791666666667
251.049160199999	0.419791666666667
251.065937699999	0.419791666666667
251.082488599999	0.419791666666667
251.0994216	0.419791666666667
251.115608599999	0.419791666666667
251.132410499999	0.419791666666667
251.148979199999	0.419791666666667
251.1660997	0.419791666666667
251.182492399999	0.419791666666667
251.1994796	0.419791666666667
251.216306099999	0.419791666666667
251.2326181	0.419791666666667
251.2493324	0.419791666666667
251.2658862	0.419791666666667
251.2825973	0.419791666666667
251.2994147	0.419791666666667
251.3157618	0.419791666666667
251.332434	0.419791666666667
251.3488376	0.419791666666667
251.365937099999	0.419791666666667
251.382487299999	0.419791666666667
251.3993093	0.419791666666667
251.416007899999	0.419791666666667
251.4325977	0.419791666666667
251.4497428	0.419791666666667
251.465862499999	0.419791666666667
251.4824621	0.419791666666667
251.499145999999	0.419791666666667
251.5161664	0.419791666666667
251.5324876	0.419791666666667
251.5491415	0.419791666666667
251.565847399999	0.419791666666667
251.5821434	0.419791666666667
251.5992324	0.419791666666667
251.615958199999	0.419791666666667
251.632509399999	0.419791666666667
251.649073199999	0.419791666666667
251.666259299999	0.419791666666667
251.682430899999	0.419791666666667
251.6993704	0.419791666666667
251.7159981	0.419791666666667
251.732438499999	0.419791666666667
251.7494823	0.419791666666667
251.7661622	0.419791666666667
251.7826575	0.419791666666667
251.7991948	0.419791666666667
251.8159147	0.419791666666667
251.832527	0.419791666666667
251.849301099999	0.419791666666667
251.865403999999	0.419791666666667
251.882296	0.419791666666667
251.8995268	0.419791666666667
251.916044199999	0.419791666666667
251.9325731	0.419791666666667
251.949153199999	0.419791666666667
251.9656982	0.419791666666667
251.9825494	0.419791666666667
251.9993827	0.419791666666667
252.016300099999	0.419791666666667
252.0322392	0.419791666666667
252.049122199999	0.419791666666667
252.065927199999	0.419791666666667
252.082530999999	0.419791666666667
252.099208099999	0.419791666666667
252.1158784	0.419791666666667
252.1324152	0.419791666666667
252.1489487	0.419791666666667
252.1657803	0.419791666666667
252.1825788	0.419791666666667
252.1997087	0.419791666666667
252.2158906	0.419791666666667
252.232706999999	0.419791666666667
252.249216599999	0.419791666666667
252.265581799999	0.419791666666667
252.282657899999	0.419791666666667
252.299421	0.419791666666667
252.315871199999	0.419791666666667
252.332657499999	0.419791666666667
252.349479699999	0.419791666666667
252.365951	0.419791666666667
252.3824974	0.419791666666667
252.3995577	0.419791666666667
252.416184199999	0.419791666666667
252.432241	0.419791666666667
252.449180699999	0.419791666666667
252.465929499999	0.419791666666667
252.4823668	0.419791666666667
252.4993734	0.419791666666667
252.515703999999	0.419791666666667
252.5321692	0.419791666666667
252.5493668	0.419791666666667
252.5658636	0.419791666666667
252.582529699999	0.419791666666667
252.599097599999	0.419791666666667
252.616146599999	0.419791666666667
252.6325436	0.419791666666667
252.6491741	0.419791666666667
252.665891	0.419791666666667
252.682533499999	0.419791666666667
252.6994304	0.419791666666667
252.7161773	0.419791666666667
252.7324891	0.419791666666667
252.7493563	0.419791666666667
252.765759899999	0.419791666666667
252.782491399999	0.419791666666667
252.799466799999	0.419791666666667
252.815554399999	0.419791666666667
252.832087199999	0.419791666666667
252.8492768	0.419791666666667
252.865894	0.419791666666667
252.8825104	0.419791666666667
252.8993298	0.419791666666667
252.915921	0.419791666666667
252.932435399999	0.419791666666667
252.949476299999	0.419791666666667
252.9657935	0.419791666666667
252.9825357	0.419791666666667
252.9993507	0.419791666666667
253.016038199999	0.419791666666667
253.032131299999	0.419791666666667
253.0489209	0.419791666666667
253.065493999999	0.419791666666667
253.082277799999	0.419791666666667
253.099465699999	0.419791666666667
253.115895399999	0.419791666666667
253.1326044	0.419791666666667
253.1494303	0.419791666666667
253.165897	0.419791666666667
253.182699499999	0.419791666666667
253.199343499999	0.419791666666667
253.2155648	0.419791666666667
253.232128199999	0.419791666666667
253.249328999999	0.419791666666667
253.266098399999	0.419791666666667
253.2825318	0.419791666666667
253.2992539	0.419791666666667
253.316233099999	0.419791666666667
253.332230399999	0.419791666666667
253.349476599999	0.419791666666667
253.3656156	0.419791666666667
253.3823746	0.419791666666667
253.3992383	0.419791666666667
253.415612399999	0.419791666666667
253.4324011	0.419791666666667
253.448806799999	0.419791666666667
253.466016099999	0.419791666666667
253.4824276	0.419791666666667
253.4988797	0.419791666666667
253.5158489	0.419791666666667
253.532558399999	0.419791666666667
253.5491746	0.419791666666667
253.5659553	0.419791666666667
253.5827001	0.419791666666667
253.5993972	0.419791666666667
253.6158802	0.419791666666667
253.632422799999	0.419791666666667
253.648928699999	0.419791666666667
253.6658829	0.419791666666667
253.6824626	0.419791666666667
253.699159999999	0.419791666666667
253.715627299999	0.419791666666667
253.732598699999	0.419791666666667
253.7493926	0.419791666666667
253.765655699999	0.419791666666667
253.7825199	0.419791666666667
253.7994388	0.419791666666667
253.8157886	0.419791666666667
253.832693099999	0.419791666666667
253.848818199999	0.419791666666667
253.865825499999	0.419791666666667
253.882068	0.419791666666667
253.8994125	0.419791666666667
253.916116599999	0.419791666666667
253.9325688	0.419791666666667
253.9492935	0.419791666666667
253.9657054	0.419791666666667
253.982417699999	0.419791666666667
253.999201799999	0.419791666666667
254.015923399999	0.419791666666667
254.0328106	0.419791666666667
254.049472299999	0.419791666666667
254.0655005	0.419791666666667
254.0827702	0.419791666666667
254.0989769	0.419791666666667
254.1157306	0.419791666666667
254.1321831	0.419791666666667
254.1491638	0.419791666666667
254.1659215	0.419791666666667
254.182131099999	0.419791666666667
254.1990828	0.419791666666667
254.2157756	0.419791666666667
254.2323946	0.419791666666667
254.2493012	0.419791666666667
254.265627299999	0.419791666666667
254.282438599999	0.419791666666667
254.299293499999	0.419791666666667
254.3156893	0.419791666666667
254.332312899999	0.419791666666667
254.3491974	0.419791666666667
254.3657042	0.419791666666667
254.3825356	0.419791666666667
254.399324499999	0.419791666666667
254.415754	0.419791666666667
254.432609699999	0.419791666666667
254.449166199999	0.419791666666667
254.46587	0.419791666666667
254.4829052	0.419791666666667
254.4992925	0.419791666666667
254.5155439	0.419791666666667
254.5322613	0.419791666666667
254.5493164	0.419791666666667
254.565768099999	0.419791666666667
254.5825485	0.419791666666667
254.599332299999	0.419791666666667
254.615456	0.419791666666667
254.6324441	0.419791666666667
254.649402599999	0.419791666666667
254.665787299999	0.419791666666667
254.682839499999	0.419791666666667
254.699486	0.419791666666667
254.7167264	0.419791666666667
254.732573699999	0.419791666666667
254.749469099999	0.419791666666667
254.7657179	0.419791666666667
254.7822811	0.419791666666667
254.798964199999	0.419791666666667
254.815992999999	0.419791666666667
254.832439199999	0.419791666666667
254.8491546	0.419791666666667
254.8654798	0.419791666666667
254.882562299999	0.419791666666667
254.8991876	0.419791666666667
254.9158517	0.419791666666667
254.9325377	0.419791666666667
254.9492867	0.419791666666667
254.966022	0.419791666666667
254.982552699999	0.419791666666667
254.9987764	0.419791666666667
255.016088199999	0.419791666666667
255.032119	0.419791666666667
255.0488956	0.419791666666667
255.0657654	0.419791666666667
255.0824494	0.419791666666667
255.0991945	0.419791666666667
255.115905799999	0.419791666666667
255.1322874	0.419791666666667
255.1493555	0.419791666666667
255.165860599999	0.419791666666667
255.182443	0.419791666666667
255.1989441	0.419791666666667
255.215673999999	0.419791666666667
255.232429	0.419791666666667
255.2491069	0.419791666666667
255.265401299999	0.419791666666667
255.2824446	0.419791666666667
255.2990074	0.419791666666667
255.315713399999	0.419791666666667
255.3320907	0.419791666666667
255.3489131	0.419791666666667
255.3656856	0.419791666666667
255.3819838	0.419791666666667
255.3988014	0.419791666666667
255.4158564	0.419791666666667
255.432370899999	0.419791666666667
255.4491536	0.419791666666667
255.466024799999	0.419791666666667
255.482268199999	0.419791666666667
255.4989012	0.419791666666667
255.5157229	0.419791666666667
255.532472399999	0.419791666666667
255.548923699999	0.419791666666667
255.565788999999	0.419791666666667
255.5825576	0.419791666666667
255.599466799999	0.419791666666667
255.6159264	0.419791666666667
255.632257099999	0.419791666666667
255.6493673	0.419791666666667
255.6656951	0.419791666666667
255.6824074	0.419791666666667
255.699487499999	0.419791666666667
255.7155341	0.419791666666667
255.732210499999	0.419791666666667
255.749382399999	0.419791666666667
255.765721299999	0.419791666666667
255.7822337	0.419791666666667
255.7993288	0.419791666666667
255.815706699999	0.419791666666667
255.8324219	0.419791666666667
255.8492222	0.419791666666667
255.865922399999	0.419791666666667
255.882714099999	0.419791666666667
255.8993327	0.419791666666667
255.9157188	0.419791666666667
255.932586299999	0.419791666666667
255.949255799999	0.419791666666667
255.9653847	0.419791666666667
255.982192099999	0.419791666666667
255.998911899999	0.419791666666667
256.015689399999	0.419791666666667
256.032166499999	0.419791666666667
256.049109699999	0.419791666666667
256.065647799999	0.419791666666667
256.0824224	0.419791666666667
256.099189299999	0.419791666666667
256.1157414	0.419791666666667
256.1324347	0.419791666666667
256.149087899999	0.419791666666667
256.165394899999	0.419791666666667
256.1824779	0.419791666666667
256.199233599999	0.419791666666667
256.215692	0.419791666666667
256.2325382	0.419791666666667
256.2491063	0.419791666666667
256.2655353	0.419791666666667
256.2826286	0.419791666666667
256.2994756	0.419791666666667
256.3156891	0.419791666666667
256.3324109	0.419791666666667
256.348932999999	0.419791666666667
256.365551899999	0.419791666666667
256.3828494	0.419791666666667
256.3991011	0.419791666666667
256.4154915	0.419791666666667
256.432073499999	0.419791666666667
256.4489623	0.419791666666667
256.465699699999	0.419791666666667
256.4824431	0.419791666666667
256.498935299999	0.419791666666667
256.5156626	0.419791666666667
256.5320586	0.419791666666667
256.5493938	0.419791666666667
256.565672999999	0.419791666666667
256.582483599999	0.419791666666667
256.5989469	0.419791666666667
256.6157618	0.419791666666667
256.6323606	0.419791666666667
256.6492638	0.419791666666667
256.6658896	0.419791666666667
256.6823748	0.419791666666667
256.698634799999	0.419791666666667
256.715668399999	0.419791666666667
256.7320799	0.419791666666667
256.7487899	0.419791666666667
256.7656152	0.419791666666667
256.782573699999	0.419791666666667
256.7993448	0.419791666666667
256.8155552	0.419791666666667
256.8321022	0.419791666666667
256.8493394	0.419791666666667
256.865507	0.419791666666667
256.882549399999	0.419791666666667
256.8993014	0.419791666666667
256.915146599999	0.419791666666667
256.9323895	0.419791666666667
256.948947	0.419791666666667
256.965687899999	0.419791666666667
256.9822318	0.419791666666667
256.999100999999	0.419791666666667
257.015695599999	0.419791666666667
257.032060099999	0.419791666666667
257.0495167	0.428125
257.0658489	0.428125
257.082076899999	0.428125
257.099378	0.4625
257.1157015	0.479166666666667
257.132304999999	0.496875
257.1492013	0.496875
257.1656605	0.496875
257.182438899999	0.496875
257.1993654	0.496875
257.215657899999	0.496875
257.2328202	0.496875
257.2490062	0.496875
257.2656314	0.496875
257.282767999999	0.496875
257.2993227	0.496875
257.3159411	0.496875
257.332251299999	0.496875
257.3492781	0.496875
257.3652225	0.496875
257.3825442	0.496875
257.398897399999	0.496875
257.4157507	0.496875
257.4322096	0.496875
257.4488034	0.496875
257.4657824	0.496875
257.482552099999	0.496875
257.499010699999	0.496875
257.5161822	0.496875
257.532526499999	0.496875
257.5490261	0.496875
257.565636699999	0.496875
257.5824226	0.496875
257.5987545	0.496875
257.615632	0.496875
257.6325152	0.496875
257.648821299999	0.496875
257.6652354	0.496875
257.682119599999	0.496875
257.699269799999	0.496875
257.7159372	0.496875
257.7324909	0.496875
257.7491549	0.496875
257.7654948	0.496875
257.782249	0.496875
257.799216099999	0.496875
257.8155179	0.496875
257.831836599999	0.496875
257.849069299999	0.496875
257.8655856	0.496875
257.8822702	0.496875
257.8993236	0.496875
257.9152564	0.496875
257.932314199999	0.496875
257.949165499999	0.496875
257.965561999999	0.496875
257.982555699999	0.496875
257.999083799999	0.496875
258.015586799999	0.496875
258.0318695	0.496875
258.0487991	0.496875
258.0657126	0.496875
258.0818826	0.496875
258.098908499999	0.496875
258.115563599999	0.496875
258.1325398	0.496875
258.1489629	0.496875
258.165363999999	0.496875
258.1826612	0.496875
258.1992869	0.496875
258.215430099999	0.496875
258.2328369	0.496875
258.2490708	0.496875
258.2654039	0.496875
258.282598	0.496875
258.2992655	0.496875
258.315151299999	0.496875
258.3324471	0.496875
258.3492147	0.496875
258.3652598	0.496875
258.3824514	0.496875
258.399014	0.496875
258.4151155	0.496875
258.4325319	0.496875
258.449177699999	0.496875
258.4651661	0.496875
258.4826601	0.496875
258.498976499999	0.496875
258.5152555	0.496875
258.53227	0.496875
258.5488675	0.496875
258.565115199999	0.496875
258.582329899999	0.496875
258.5990376	0.496875
258.6151433	0.496875
258.632505199999	0.496875
258.649135	0.496875
258.6655317	0.496875
258.6824179	0.496875
258.6989712	0.496875
258.715858299999	0.496875
258.732523999999	0.496875
258.748925499999	0.496875
258.7654235	0.496875
258.7824187	0.496875
258.7991119	0.496875
258.81536	0.496875
258.8324912	0.496875
258.849009799999	0.496875
258.8651725	0.496875
258.882403699999	0.496875
258.899287699999	0.496875
258.915351	0.496875
258.9323993	0.496875
258.948952799999	0.496875
258.9656024	0.496875
258.9825752	0.496875
258.999106099999	0.496875
259.015468	0.496875
259.0324929	0.496875
259.048752299999	0.496875
259.0650428	0.496875
259.082318899999	0.496875
259.099407199999	0.496875
259.1151584	0.496875
259.132417999999	0.496875
259.149272899999	0.496875
259.1654653	0.496875
259.1824879	0.496875
259.199221499999	0.496875
259.215219	0.496875
259.232522099999	0.496875
259.2490658	0.496875
259.265393799999	0.496875
259.2824826	0.496875
259.2992945	0.496875
259.3151235	0.496875
259.3326425	0.505208333333333
259.3487287	0.513541666666667
259.3656844	0.530208333333333
259.382592299999	0.530208333333333
259.3990379	0.530208333333333
259.415831599999	0.547916666666667
259.4323213	0.547916666666667
259.4492728	0.547916666666667
259.465079899999	0.547916666666667
259.4825646	0.547916666666667
259.4988618	0.547916666666667
259.515150099999	0.547916666666667
259.532534499999	0.547916666666667
259.548819099999	0.547916666666667
259.5658251	0.547916666666667
259.582236099999	0.547916666666667
259.5993251	0.547916666666667
259.615497999999	0.547916666666667
259.6323026	0.547916666666667
259.6491902	0.547916666666667
259.665711199999	0.547916666666667
259.6822678	0.547916666666667
259.6993532	0.547916666666667
259.7155144	0.547916666666667
259.732549599999	0.547916666666667
259.748766999999	0.547916666666667
259.765259299999	0.547916666666667
259.782145499999	0.547916666666667
259.7993644	0.547916666666667
259.814980499999	0.547916666666667
259.832269699999	0.547916666666667
259.8489996	0.547916666666667
259.8651917	0.547916666666667
259.882102799999	0.547916666666667
259.899097799999	0.547916666666667
259.9160317	0.547916666666667
259.9324213	0.547916666666667
259.9490029	0.547916666666667
259.965631499999	0.547916666666667
259.982795499999	0.547916666666667
259.9993577	0.557291666666667
260.0159741	0.565625
260.0320869	0.565625
260.0490768	0.565625
260.065468	0.565625
260.082283999999	0.565625
260.098919499999	0.565625
260.115558799999	0.565625
260.132004999999	0.565625
260.1488891	0.565625
260.165284199999	0.565625
260.182207999999	0.565625
260.198994099999	0.565625
260.215429999999	0.565625
260.2322531	0.565625
260.248967	0.565625
260.265321899999	0.565625
260.282272099999	0.565625
260.2992571	0.565625
260.315053699999	0.565625
260.3323776	0.565625
260.348949099999	0.565625
260.365608499999	0.565625
260.3823057	0.565625
260.3992155	0.565625
260.4156979	0.565625
260.432417499999	0.565625
260.448977399999	0.565625
260.4654592	0.565625
260.4828208	0.565625
260.498674099999	0.565625
260.5154747	0.565625
260.5325256	0.565625
260.5489908	0.565625
260.565617099999	0.565625
260.5821828	0.565625
260.5990432	0.565625
260.615617099999	0.565625
260.6317357	0.565625
260.648737699999	0.565625
260.665447199999	0.565625
260.6820087	0.565625
260.699084399999	0.565625
260.7154302	0.565625
260.7321439	0.565625
260.749107199999	0.565625
260.765524099999	0.565625
260.7819344	0.565625
260.798957	0.565625
260.8157408	0.565625
260.832157399999	0.565625
260.8492	0.565625
260.8655002	0.565625
260.882014899999	0.565625
260.899011	0.565625
260.9157753	0.565625
260.9322544	0.565625
260.949344	0.565625
260.9655887	0.565625
260.9822439	0.565625
260.9990504	0.547916666666667
261.015582599999	0.547916666666667
261.032152899999	0.547916666666667
261.0489708	0.547916666666667
261.0655883	0.547916666666667
261.082423299999	0.547916666666667
261.0990328	0.547916666666667
261.117422599999	0.539583333333333
261.132784799999	0.539583333333333
261.148950399999	0.539583333333333
261.165976599999	0.539583333333333
261.182312499999	0.539583333333333
261.1989244	0.539583333333333
261.2154996	0.539583333333333
261.232093699999	0.539583333333333
261.248707799999	0.539583333333333
261.2655631	0.539583333333333
261.2824715	0.539583333333333
261.298808799999	0.539583333333333
261.315444	0.539583333333333
261.332988599999	0.539583333333333
261.3486888	0.539583333333333
261.3652293	0.539583333333333
261.3822255	0.539583333333333
261.3992529	0.539583333333333
261.415131999999	0.539583333333333
261.4322008	0.539583333333333
261.4492125	0.539583333333333
261.4656993	0.539583333333333
261.483128	0.539583333333333
261.498985499999	0.539583333333333
261.515902599999	0.539583333333333
261.5322428	0.539583333333333
261.5488324	0.539583333333333
261.56553	0.539583333333333
261.581959499999	0.539583333333333
261.5990665	0.539583333333333
261.615236099999	0.539583333333333
261.632137199999	0.539583333333333
261.648896899999	0.539583333333333
261.665269599999	0.539583333333333
261.682377399999	0.539583333333333
261.699003299999	0.539583333333333
261.715496999999	0.539583333333333
261.7325894	0.539583333333333
261.749145999999	0.539583333333333
261.765586099999	0.539583333333333
261.7823	0.539583333333333
261.7988668	0.539583333333333
261.8154212	0.539583333333333
261.832341099999	0.539583333333333
261.8488957	0.539583333333333
261.865889799999	0.53125
261.8822328	0.522916666666667
261.8988958	0.522916666666667
261.915092499999	0.522916666666667
261.931987399999	0.522916666666667
261.948812899999	0.522916666666667
261.9651366	0.522916666666667
261.981946299999	0.522916666666667
261.9996014	0.522916666666667
262.0156241	0.522916666666667
262.0323952	0.522916666666667
262.0489547	0.522916666666667
262.065057299999	0.522916666666667
262.0822049	0.522916666666667
262.098994999999	0.522916666666667
262.1163294	0.522916666666667
262.1328899	0.522916666666667
262.149025199999	0.522916666666667
262.166241	0.530208333333333
262.182560599999	0.530208333333333
262.2010341	0.530208333333333
262.2162702	0.530208333333333
262.2321557	0.530208333333333
262.250751299999	0.530208333333333
262.267457299999	0.530208333333333
262.284286999999	0.530208333333333
262.3025696	0.530208333333333
262.319543299999	0.530208333333333
262.3360273	0.530208333333333
262.359540199999	0.530208333333333
262.3809702	0.530208333333333
262.3963132	0.530208333333333
262.4228783	0.530208333333333
262.437753699999	0.530208333333333
262.450476999999	0.530208333333333
262.4675804	0.530208333333333
262.486190699999	0.530208333333333
262.5039614	0.530208333333333
262.519863699999	0.530208333333333
262.536480199999	0.530208333333333
262.549565599999	0.530208333333333
262.568549899999	0.530208333333333
262.583509399999	0.530208333333333
262.5990131	0.530208333333333
262.616003599999	0.530208333333333
262.631653799999	0.530208333333333
262.648380799999	0.530208333333333
262.6670574	0.530208333333333
262.681793999999	0.530208333333333
262.6987104	0.530208333333333
262.715478499999	0.530208333333333
262.7320598	0.530208333333333
262.7490154	0.538541666666667
262.765733599999	0.546875
262.782793199999	0.546875
262.7988189	0.546875
262.815630999999	0.546875
262.832157299999	0.546875
262.8486392	0.546875
262.8655364	0.546875
262.882448099999	0.546875
262.8985269	0.546875
262.915538699999	0.546875
262.9323907	0.546875
262.9488132	0.546875
262.965027699999	0.546875
262.9822107	0.546875
262.9988041	0.546875
263.015637	0.546875
263.0320936	0.546875
263.048728399999	0.546875
263.065300499999	0.546875
263.082197299999	0.546875
263.098779299999	0.546875
263.115588299999	0.546875
263.132490499999	0.546875
263.1488137	0.546875
263.1652964	0.546875
263.1823231	0.546875
263.199063599999	0.546875
263.215273999999	0.546875
263.2323563	0.546875
263.2489436	0.546875
263.266064199999	0.546875
263.283911099999	0.546875
263.301215199999	0.546875
263.3177754	0.546875
263.3329544	0.546875
263.3542849	0.546875
263.3719906	0.546875
263.383533699999	0.546875
263.4007205	0.546875
263.418015499999	0.546875
263.4348464	0.546875
263.450036699999	0.546875
263.4666393	0.546875
263.484741499999	0.546875
263.499832799999	0.546875
263.518651099999	0.546875
263.5332935	0.546875
263.5501224	0.546875
263.568894499999	0.546875
263.5841837	0.546875
263.5999777	0.546875
263.615448099999	0.546875
263.632990499999	0.546875
263.6500723	0.546875
263.6661816	0.546875
263.6832233	0.546875
263.7001842	0.546875
263.7161067	0.546875
263.7361426	0.546875
263.7530889	0.546875
263.7677864	0.546875
263.7825028	0.546875
263.798548899999	0.546875
263.815188	0.546875
263.8320893	0.546875
263.8482801	0.546875
263.865245499999	0.546875
263.882233699999	0.546875
263.898986499999	0.55625
263.915730299999	0.55625
263.9323482	0.564583333333333
263.948799299999	0.564583333333333
263.9655766	0.564583333333333
263.981846999999	0.564583333333333
263.9987685	0.564583333333333
264.0155803	0.564583333333333
264.032220499999	0.564583333333333
264.0487752	0.564583333333333
264.065699	0.564583333333333
264.082263699999	0.564583333333333
264.0988705	0.564583333333333
264.1152832	0.564583333333333
264.1324651	0.564583333333333
264.148812699999	0.564583333333333
264.1658185	0.564583333333333
264.182265199999	0.564583333333333
264.1992708	0.564583333333333
264.216426	0.564583333333333
264.234529599999	0.564583333333333
264.250844699999	0.564583333333333
264.2684442	0.564583333333333
264.286321199999	0.564583333333333
264.3040065	0.564583333333333
264.3187443	0.564583333333333
264.3335564	0.564583333333333
264.3498652	0.564583333333333
264.366058699999	0.564583333333333
264.386705899999	0.564583333333333
264.4003659	0.564583333333333
264.418357899999	0.564583333333333
264.4329444	0.564583333333333
264.4540026	0.564583333333333
264.468644299999	0.564583333333333
264.4860291	0.564583333333333
264.5041697	0.564583333333333
264.5192757	0.564583333333333
264.5347685	0.564583333333333
264.5524219	0.564583333333333
264.567021999999	0.564583333333333
264.581895599999	0.564583333333333
264.598467899999	0.564583333333333
264.615341299999	0.564583333333333
264.632024899999	0.564583333333333
264.648670299999	0.564583333333333
264.6659381	0.564583333333333
264.6817741	0.564583333333333
264.6987628	0.564583333333333
264.7155936	0.564583333333333
264.732063699999	0.564583333333333
264.7491094	0.564583333333333
264.765662399999	0.564583333333333
264.782209399999	0.564583333333333
264.7987604	0.564583333333333
264.815987	0.564583333333333
264.832268599999	0.564583333333333
264.8484085	0.564583333333333
264.865026099999	0.564583333333333
264.882189	0.564583333333333
264.8987591	0.564583333333333
264.9156385	0.564583333333333
264.9323889	0.564583333333333
264.948677199999	0.564583333333333
264.9650317	0.564583333333333
264.9821415	0.564583333333333
264.9987603	0.564583333333333
265.0151761	0.564583333333333
265.032064	0.564583333333333
265.0487011	0.564583333333333
265.065245399999	0.564583333333333
265.082360199999	0.564583333333333
265.0986322	0.564583333333333
265.1156764	0.564583333333333
265.132406899999	0.564583333333333
265.1484003	0.564583333333333
265.1656047	0.564583333333333
265.182354199999	0.564583333333333
265.198729799999	0.564583333333333
265.2152201	0.564583333333333
265.2326146	0.564583333333333
265.248886599999	0.564583333333333
265.2656779	0.564583333333333
265.2822293	0.564583333333333
265.298651599999	0.564583333333333
265.3155406	0.564583333333333
265.3315334	0.564583333333333
265.348598899999	0.564583333333333
265.365502799999	0.564583333333333
265.3834577	0.564583333333333
265.3985604	0.564583333333333
265.4155099	0.564583333333333
265.4323447	0.564583333333333
265.448638999999	0.564583333333333
265.4656169	0.564583333333333
265.482123999999	0.564583333333333
265.4988334	0.564583333333333
265.5155454	0.564583333333333
265.532083999999	0.564583333333333
265.5488246	0.564583333333333
265.565410499999	0.564583333333333
265.582211299999	0.564583333333333
265.5985014	0.564583333333333
265.615427299999	0.564583333333333
265.632015599999	0.564583333333333
265.6486164	0.564583333333333
265.6653619	0.564583333333333
265.682187199999	0.564583333333333
265.6985393	0.564583333333333
265.715227899999	0.564583333333333
265.7321266	0.564583333333333
265.748608	0.564583333333333
265.7657571	0.564583333333333
265.782216	0.564583333333333
265.798641799999	0.564583333333333
265.8155699	0.564583333333333
265.832112399999	0.564583333333333
265.848719299999	0.564583333333333
265.86526	0.564583333333333
265.8819588	0.564583333333333
265.8984246	0.564583333333333
265.915205599999	0.564583333333333
265.9322023	0.564583333333333
265.9487063	0.564583333333333
265.965505499999	0.564583333333333
265.9819972	0.564583333333333
265.998905599999	0.564583333333333
266.0156078	0.564583333333333
266.0321009	0.564583333333333
266.049178099999	0.564583333333333
266.065147599999	0.564583333333333
266.082043199999	0.564583333333333
266.098571699999	0.564583333333333
266.1154879	0.564583333333333
266.1323871	0.564583333333333
266.1486261	0.564583333333333
266.165638699999	0.564583333333333
266.1823092	0.564583333333333
266.1986275	0.564583333333333
266.215684	0.564583333333333
266.2320358	0.564583333333333
266.248658199999	0.564583333333333
266.265807299999	0.564583333333333
266.282132599999	0.564583333333333
266.298749299999	0.564583333333333
266.315713999999	0.564583333333333
266.3320852	0.564583333333333
266.3488768	0.564583333333333
266.3650663	0.564583333333333
266.3821813	0.564583333333333
266.398495099999	0.564583333333333
266.415550299999	0.564583333333333
266.4322501	0.564583333333333
266.448182499999	0.564583333333333
266.465711299999	0.564583333333333
266.482284299999	0.564583333333333
266.4986567	0.564583333333333
266.515687599999	0.564583333333333
266.5322689	0.564583333333333
266.548253399999	0.564583333333333
266.565817899999	0.564583333333333
266.582070699999	0.564583333333333
266.5984119	0.564583333333333
266.615120799999	0.564583333333333
266.632312399999	0.564583333333333
266.648560199999	0.564583333333333
266.6655316	0.564583333333333
266.6821402	0.564583333333333
266.69856	0.564583333333333
266.7153383	0.564583333333333
266.7320457	0.564583333333333
266.748565499999	0.564583333333333
266.7654446	0.564583333333333
266.7820395	0.564583333333333
266.7982542	0.564583333333333
266.815164	0.564583333333333
266.832003199999	0.564583333333333
266.8482427	0.564583333333333
266.8652465	0.564583333333333
266.882121299999	0.564583333333333
266.8984777	0.564583333333333
266.915199599999	0.564583333333333
266.932041499999	0.564583333333333
266.9487135	0.564583333333333
266.9654518	0.564583333333333
266.981988699999	0.564583333333333
266.9987532	0.564583333333333
267.0156714	0.564583333333333
267.0320643	0.564583333333333
267.0486825	0.564583333333333
267.0658605	0.564583333333333
267.0819463	0.564583333333333
267.098746199999	0.564583333333333
267.115519499999	0.564583333333333
267.1317314	0.564583333333333
267.148517	0.564583333333333
267.165408899999	0.564583333333333
267.1820583	0.564583333333333
267.198207599999	0.564583333333333
267.215418299999	0.564583333333333
267.232026	0.564583333333333
267.248729	0.564583333333333
267.2653713	0.564583333333333
267.282028	0.564583333333333
267.2984987	0.564583333333333
267.315836899999	0.564583333333333
267.3319575	0.564583333333333
267.348618	0.564583333333333
267.365456899999	0.564583333333333
267.3821542	0.564583333333333
267.398245699999	0.564583333333333
267.415635799999	0.564583333333333
267.432231	0.564583333333333
267.448498999999	0.564583333333333
267.465673299999	0.564583333333333
267.4819831	0.564583333333333
267.498543999999	0.564583333333333
267.5155466	0.564583333333333
267.5320462	0.564583333333333
267.548153	0.564583333333333
267.5656381	0.564583333333333
267.5820427	0.564583333333333
267.5984229	0.564583333333333
267.615287099999	0.564583333333333
267.6321952	0.564583333333333
267.6485243	0.564583333333333
267.6655455	0.564583333333333
267.6820036	0.564583333333333
267.6984361	0.564583333333333
267.715191599999	0.564583333333333
267.7320953	0.564583333333333
267.748478699999	0.564583333333333
267.7649618	0.564583333333333
267.7819517	0.564583333333333
267.798381	0.564583333333333
267.815861499999	0.564583333333333
267.8323474	0.564583333333333
267.8481844	0.564583333333333
267.8651734	0.564583333333333
267.8824636	0.564583333333333
267.8981826	0.564583333333333
267.9151416	0.564583333333333
267.9320861	0.564583333333333
267.948169699999	0.564583333333333
267.965691599999	0.564583333333333
267.9822224	0.564583333333333
267.9982413	0.564583333333333
268.0152813	0.564583333333333
268.031928599999	0.564583333333333
268.0482242	0.564583333333333
268.065817199999	0.564583333333333
268.0821079	0.564583333333333
268.0980986	0.564583333333333
268.115682199999	0.564583333333333
268.1319251	0.564583333333333
268.148119799999	0.564583333333333
268.165657199999	0.564583333333333
268.182294099999	0.564583333333333
268.1986293	0.564583333333333
268.2156962	0.564583333333333
268.232092699999	0.564583333333333
268.248588799999	0.564583333333333
268.2655743	0.564583333333333
268.282117899999	0.564583333333333
268.298795199999	0.564583333333333
268.315333299999	0.564583333333333
268.3319986	0.564583333333333
268.3484713	0.564583333333333
268.365542099999	0.564583333333333
268.3819939	0.564583333333333
268.3986034	0.564583333333333
268.4150909	0.564583333333333
268.4322119	0.564583333333333
268.4483064	0.564583333333333
268.4654936	0.564583333333333
268.4820057	0.564583333333333
268.4982249	0.564583333333333
268.5156251	0.564583333333333
268.531727	0.564583333333333
268.548463399999	0.564583333333333
268.565121299999	0.564583333333333
268.581773399999	0.564583333333333
268.598297699999	0.564583333333333
268.615518099999	0.564583333333333
268.632087399999	0.564583333333333
268.648155999999	0.564583333333333
268.6651677	0.564583333333333
268.682055599999	0.564583333333333
268.6987911	0.564583333333333
268.715336099999	0.564583333333333
268.7322281	0.564583333333333
268.7485595	0.564583333333333
268.7657242	0.564583333333333
268.781852599999	0.564583333333333
268.798426599999	0.564583333333333
268.815752699999	0.564583333333333
268.832165299999	0.564583333333333
268.848375199999	0.564583333333333
268.8653919	0.564583333333333
268.8822676	0.564583333333333
268.898537399999	0.564583333333333
268.9153701	0.564583333333333
268.932021699999	0.564583333333333
268.9482191	0.564583333333333
268.965637599999	0.564583333333333
268.981601799999	0.564583333333333
268.998834999999	0.564583333333333
269.015338699999	0.564583333333333
269.0320967	0.564583333333333
269.048144599999	0.564583333333333
269.0656303	0.564583333333333
269.0817036	0.564583333333333
269.0981832	0.564583333333333
269.1154638	0.564583333333333
269.131887199999	0.564583333333333
269.148563799999	0.564583333333333
269.1652648	0.564583333333333
269.182015099999	0.564583333333333
269.198516599999	0.564583333333333
269.2163955	0.564583333333333
269.2320086	0.564583333333333
269.2486559	0.564583333333333
269.2655264	0.564583333333333
269.282407899999	0.564583333333333
269.298206199999	0.564583333333333
269.3152494	0.564583333333333
269.331834299999	0.564583333333333
269.348641	0.564583333333333
269.365557499999	0.564583333333333
269.3820062	0.564583333333333
269.398357999999	0.564583333333333
269.415311899999	0.564583333333333
269.4319613	0.564583333333333
269.448397599999	0.564583333333333
269.4651196	0.564583333333333
269.4822028	0.564583333333333
269.498792699999	0.564583333333333
269.515435099999	0.564583333333333
269.5320495	0.564583333333333
269.5480696	0.564583333333333
269.5653586	0.564583333333333
269.5819475	0.564583333333333
269.5989168	0.564583333333333
269.615085199999	0.564583333333333
269.632044499999	0.564583333333333
269.648272099999	0.564583333333333
269.6654118	0.564583333333333
269.681917899999	0.564583333333333
269.6981988	0.564583333333333
269.715205099999	0.564583333333333
269.7319423	0.564583333333333
269.7483533	0.564583333333333
269.7650838	0.564583333333333
269.7819936	0.564583333333333
269.7984539	0.564583333333333
269.8153576	0.564583333333333
269.8319452	0.564583333333333
269.848188299999	0.564583333333333
269.8651181	0.564583333333333
269.881768699999	0.564583333333333
269.898616199999	0.564583333333333
269.915405899999	0.564583333333333
269.9323409	0.564583333333333
269.948447999999	0.564583333333333
269.965543699999	0.564583333333333
269.981405099999	0.564583333333333
269.9984491	0.564583333333333
270.0152935	0.564583333333333
270.0318407	0.564583333333333
270.048212899999	0.564583333333333
270.065457999999	0.564583333333333
270.081602599999	0.564583333333333
270.0982581	0.564583333333333
270.1154128	0.564583333333333
270.131982899999	0.564583333333333
270.148689899999	0.564583333333333
270.165428699999	0.564583333333333
270.1823458	0.564583333333333
270.1981625	0.564583333333333
270.215498199999	0.564583333333333
270.2320437	0.564583333333333
270.248324499999	0.564583333333333
270.265117899999	0.564583333333333
270.281971599999	0.564583333333333
270.298454999999	0.564583333333333
270.315229399999	0.564583333333333
270.3319076	0.564583333333333
270.348301399999	0.564583333333333
270.3655296	0.564583333333333
270.382046299999	0.564583333333333
270.398362	0.564583333333333
270.415142399999	0.564583333333333
270.432188	0.564583333333333
270.4481342	0.564583333333333
270.465253699999	0.564583333333333
270.4818184	0.564583333333333
270.4983777	0.564583333333333
270.515622899999	0.564583333333333
270.5320962	0.564583333333333
270.548818599999	0.564583333333333
270.565355799999	0.564583333333333
270.582033	0.564583333333333
270.598802199999	0.564583333333333
270.615242899999	0.564583333333333
270.6319396	0.564583333333333
270.6487226	0.564583333333333
270.665076699999	0.564583333333333
270.6817179	0.564583333333333
270.698259999999	0.564583333333333
270.715281299999	0.564583333333333
270.7322889	0.564583333333333
270.7484704	0.564583333333333
270.7653603	0.564583333333333
270.781667599999	0.564583333333333
270.798373799999	0.564583333333333
270.8156099	0.564583333333333
270.832048499999	0.564583333333333
270.848430499999	0.564583333333333
270.865260699999	0.564583333333333
270.8820871	0.564583333333333
270.898224	0.564583333333333
270.9154782	0.564583333333333
270.9318267	0.564583333333333
270.9486585	0.564583333333333
270.9653935	0.564583333333333
270.9815922	0.564583333333333
270.998231	0.564583333333333
271.015500799999	0.564583333333333
271.0320382	0.564583333333333
271.0484486	0.564583333333333
271.0655023	0.564583333333333
271.0818228	0.564583333333333
271.0987085	0.564583333333333
271.115746799999	0.564583333333333
271.1318783	0.564583333333333
271.148519699999	0.564583333333333
271.165020699999	0.564583333333333
271.1814176	0.564583333333333
271.198057799999	0.564583333333333
271.215590399999	0.564583333333333
271.2318311	0.564583333333333
271.2503221	0.564583333333333
271.265114899999	0.564583333333333
271.282169999999	0.564583333333333
271.298505	0.564583333333333
271.3153875	0.564583333333333
271.3321086	0.564583333333333
271.3486601	0.564583333333333
271.3652457	0.564583333333333
271.3821312	0.564583333333333
271.398380899999	0.564583333333333
271.415157599999	0.564583333333333
271.432170499999	0.564583333333333
271.448183199999	0.564583333333333
271.465023299999	0.564583333333333
271.482007099999	0.564583333333333
271.4981166	0.564583333333333
271.5151215	0.564583333333333
271.5319031	0.564583333333333
271.5487512	0.564583333333333
271.5657431	0.564583333333333
271.5818296	0.564583333333333
271.5983595	0.564583333333333
271.6152864	0.564583333333333
271.6318942	0.564583333333333
271.6482111	0.564583333333333
271.6655056	0.564583333333333
271.681698199999	0.564583333333333
271.698112499999	0.564583333333333
271.7154739	0.564583333333333
271.732047199999	0.564583333333333
271.748444399999	0.564583333333333
271.765017899999	0.564583333333333
271.7817944	0.564583333333333
271.798560499999	0.564583333333333
271.8156015	0.564583333333333
271.832054199999	0.564583333333333
271.8484491	0.564583333333333
271.865046	0.564583333333333
271.881522	0.564583333333333
271.898260299999	0.564583333333333
271.9153625	0.564583333333333
271.9320604	0.564583333333333
271.948519899999	0.564583333333333
271.965480399999	0.564583333333333
271.982198399999	0.564583333333333
271.9983944	0.564583333333333
272.0149075	0.564583333333333
272.031823099999	0.564583333333333
272.048539099999	0.564583333333333
272.065240999999	0.564583333333333
272.081674499999	0.564583333333333
272.0986014	0.564583333333333
272.115273099999	0.564583333333333
272.131953399999	0.564583333333333
272.1485913	0.564583333333333
272.1653736	0.564583333333333
272.181535	0.564583333333333
272.198080599999	0.564583333333333
272.2153554	0.564583333333333
272.2316925	0.564583333333333
272.2484969	0.564583333333333
272.2651142	0.564583333333333
272.282157799999	0.564583333333333
272.2985647	0.564583333333333
272.3156518	0.564583333333333
272.331898599999	0.564583333333333
272.348533099999	0.564583333333333
272.3650634	0.564583333333333
272.3819263	0.564583333333333
272.3983131	0.564583333333333
272.4152699	0.564583333333333
272.432201699999	0.564583333333333
272.4481221	0.564583333333333
272.464996399999	0.564583333333333
272.481789699999	0.564583333333333
272.4984956	0.564583333333333
272.515234799999	0.564583333333333
272.531876999999	0.564583333333333
272.5486106	0.564583333333333
272.565486799999	0.564583333333333
272.581972399999	0.564583333333333
272.5982746	0.564583333333333
272.615122599999	0.564583333333333
272.632458399999	0.564583333333333
272.648127699999	0.564583333333333
272.6650277	0.564583333333333
272.6817469	0.564583333333333
272.6986293	0.564583333333333
272.715386299999	0.564583333333333
272.7317349	0.564583333333333
272.748529199999	0.564583333333333
272.765326	0.564583333333333
272.7818693	0.564583333333333
272.798486999999	0.564583333333333
272.8150608	0.564583333333333
272.831681899999	0.564583333333333
272.848299699999	0.564583333333333
272.8651756	0.564583333333333
272.881961999999	0.564583333333333
272.898720699999	0.564583333333333
272.915242999999	0.564583333333333
272.9316751	0.564583333333333
272.948113699999	0.564583333333333
272.9651846	0.564583333333333
272.981467699999	0.564583333333333
272.9984888	0.564583333333333
273.015036299999	0.564583333333333
273.0318742	0.564583333333333
273.0485836	0.564583333333333
273.0651356	0.564583333333333
273.0817247	0.564583333333333
273.098669399999	0.564583333333333
273.1152826	0.564583333333333
273.1319938	0.564583333333333
273.1483002	0.564583333333333
273.1650924	0.564583333333333
273.181852999999	0.564583333333333
273.1980211	0.564583333333333
273.2152755	0.564583333333333
273.231917399999	0.564583333333333
273.248519399999	0.564583333333333
273.265316399999	0.564583333333333
273.282034	0.564583333333333
273.298153299999	0.564583333333333
273.3152351	0.564583333333333
273.3319328	0.564583333333333
273.3487397	0.564583333333333
273.365519399999	0.564583333333333
273.3820717	0.564583333333333
273.398738899999	0.564583333333333
273.415126299999	0.564583333333333
273.431886599999	0.564583333333333
273.448622899999	0.564583333333333
273.465378999999	0.564583333333333
273.482130599999	0.564583333333333
273.4984403	0.564583333333333
273.5150729	0.564583333333333
273.5342218	0.564583333333333
273.5485208	0.564583333333333
273.5652691	0.564583333333333
273.5820563	0.564583333333333
273.5983526	0.564583333333333
273.615054399999	0.564583333333333
273.6323556	0.564583333333333
273.6484185	0.564583333333333
273.6649073	0.564583333333333
273.6812542	0.564583333333333
273.6985845	0.564583333333333
273.7150009	0.564583333333333
273.731505999999	0.564583333333333
273.748274799999	0.564583333333333
273.7651705	0.564583333333333
273.7820734	0.564583333333333
273.7985371	0.564583333333333
273.8163736	0.564583333333333
273.8321375	0.564583333333333
273.8487602	0.564583333333333
273.865532299999	0.564583333333333
273.881955999999	0.564583333333333
273.898361299999	0.564583333333333
273.9148238	0.564583333333333
273.931835799999	0.564583333333333
273.9486318	0.564583333333333
273.9651276	0.564583333333333
273.9817949	0.564583333333333
273.998558599999	0.564583333333333
274.015274199999	0.564583333333333
274.031772099999	0.564583333333333
274.0486316	0.564583333333333
274.0651435	0.564583333333333
274.0822143	0.564583333333333
274.0983215	0.564583333333333
274.1148475	0.564583333333333
274.1313469	0.564583333333333
274.1481239	0.564583333333333
274.1648288	0.564583333333333
274.1818852	0.564583333333333
274.1985944	0.564583333333333
274.215079799999	0.564583333333333
274.231588799999	0.564583333333333
274.248612099999	0.564583333333333
274.265357099999	0.564583333333333
274.2819566	0.564583333333333
274.298124999999	0.564583333333333
274.315240499999	0.564583333333333
274.331316199999	0.564583333333333
274.348246199999	0.564583333333333
274.365293299999	0.564583333333333
274.381800599999	0.564583333333333
274.398482899999	0.564583333333333
274.41511	0.564583333333333
274.4317912	0.564583333333333
274.4490854	0.564583333333333
274.4651089	0.564583333333333
274.481627599999	0.564583333333333
274.4983776	0.564583333333333
274.5155374	0.564583333333333
274.531865999999	0.564583333333333
274.548312399999	0.564583333333333
274.5651475	0.564583333333333
274.581397999999	0.564583333333333
274.5984245	0.564583333333333
274.6152378	0.564583333333333
274.6314876	0.564583333333333
274.6485065	0.564583333333333
274.664905799999	0.564583333333333
274.6818679	0.564583333333333
274.698681	0.564583333333333
274.7152873	0.564583333333333
274.731981399999	0.564583333333333
274.7484429	0.564583333333333
274.765210099999	0.564583333333333
274.7817262	0.564583333333333
274.7987193	0.564583333333333
274.8153747	0.564583333333333
274.831592	0.564583333333333
274.848625199999	0.564583333333333
274.8652305	0.564583333333333
274.881546699999	0.564583333333333
274.8986655	0.564583333333333
274.915337199999	0.564583333333333
274.9311681	0.564583333333333
274.9486571	0.564583333333333
274.965087099999	0.564583333333333
274.9817739	0.564583333333333
274.998335099999	0.564583333333333
275.0153543	0.564583333333333
275.031680399999	0.564583333333333
275.0482936	0.564583333333333
275.065369299999	0.564583333333333
275.081713299999	0.564583333333333
275.0984455	0.564583333333333
275.114989799999	0.564583333333333
275.131764999999	0.564583333333333
275.148485	0.564583333333333
275.165074299999	0.564583333333333
275.1816854	0.564583333333333
275.1988076	0.564583333333333
275.2151853	0.564583333333333
275.231774999999	0.564583333333333
275.2487139	0.564583333333333
275.2651932	0.564583333333333
275.2818068	0.564583333333333
275.298004099999	0.564583333333333
275.3152285	0.564583333333333
275.331631599999	0.564583333333333
275.3485062	0.564583333333333
275.365378199999	0.564583333333333
275.381770499999	0.564583333333333
275.3982166	0.564583333333333
275.415263299999	0.564583333333333
275.4317554	0.564583333333333
275.4482738	0.564583333333333
275.4655444	0.564583333333333
275.4817561	0.564583333333333
275.498530299999	0.564583333333333
275.519416599999	0.564583333333333
275.5313308	0.564583333333333
275.5485221	0.564583333333333
275.5647247	0.564583333333333
275.5816859	0.564583333333333
275.598400299999	0.564583333333333
275.615414399999	0.564583333333333
275.631852899999	0.564583333333333
275.6486544	0.564583333333333
275.6657368	0.564583333333333
275.681808599999	0.564583333333333
275.698444	0.564583333333333
275.7149788	0.564583333333333
275.7315978	0.564583333333333
275.748300099999	0.564583333333333
275.765189799999	0.564583333333333
275.7812219	0.564583333333333
275.798244899999	0.564583333333333
275.815243999999	0.564583333333333
275.831233	0.564583333333333
275.8483152	0.564583333333333
275.8650804	0.564583333333333
275.881942	0.564583333333333
275.898496299999	0.564583333333333
275.9150148	0.564583333333333
275.9317462	0.564583333333333
275.948449799999	0.564583333333333
275.9651306	0.564583333333333
275.9812598	0.564583333333333
275.9985141	0.564583333333333
276.0177496	0.564583333333333
276.0315059	0.564583333333333
276.048474699999	0.564583333333333
276.065174599999	0.564583333333333
276.0819317	0.564583333333333
276.09827	0.564583333333333
276.1153282	0.564583333333333
276.1320922	0.564583333333333
276.148276299999	0.564583333333333
276.1654006	0.564583333333333
276.181824499999	0.564583333333333
276.198485899999	0.564583333333333
276.215187399999	0.564583333333333
276.231887999999	0.564583333333333
276.2485958	0.564583333333333
276.264914199999	0.564583333333333
276.281667499999	0.564583333333333
276.2980659	0.564583333333333
276.314624299999	0.564583333333333
276.3315876	0.564583333333333
276.3480027	0.564583333333333
276.3651738	0.564583333333333
276.3817124	0.564583333333333
276.3983214	0.564583333333333
276.4151655	0.564583333333333
276.4316141	0.564583333333333
276.447998099999	0.564583333333333
276.465050299999	0.564583333333333
276.482198799999	0.564583333333333
276.4980458	0.564583333333333
276.5151289	0.564583333333333
276.531293399999	0.564583333333333
276.548072699999	0.564583333333333
276.564919599999	0.564583333333333
276.581543099999	0.564583333333333
276.5984289	0.564583333333333
276.615171699999	0.564583333333333
276.6315888	0.564583333333333
276.648235199999	0.564583333333333
276.6652341	0.564583333333333
276.6816614	0.564583333333333
276.6985122	0.564583333333333
276.7152035	0.564583333333333
276.731624599999	0.564583333333333
276.7482206	0.564583333333333
276.764979799999	0.564583333333333
276.781801399999	0.564583333333333
276.7983908	0.564583333333333
276.8153162	0.564583333333333
276.8317306	0.564583333333333
276.848376	0.564583333333333
276.8649257	0.564583333333333
276.8821208	0.564583333333333
276.898557	0.564583333333333
276.915048	0.564583333333333
276.9315884	0.564583333333333
276.948296199999	0.564583333333333
276.965039799999	0.564583333333333
276.981570399999	0.564583333333333
276.9981669	0.564583333333333
277.014978499999	0.564583333333333
277.0312951	0.564583333333333
277.0482452	0.564583333333333
277.064786499999	0.564583333333333
277.0817829	0.564583333333333
277.0986508	0.564583333333333
277.1194127	0.564583333333333
277.131555299999	0.564583333333333
277.148425699999	0.564583333333333
277.165283699999	0.564583333333333
277.1816227	0.564583333333333
277.197942199999	0.564583333333333
277.215215499999	0.564583333333333
277.231210499999	0.564583333333333
277.248583199999	0.564583333333333
277.265187399999	0.564583333333333
277.281634	0.564583333333333
277.2978859	0.564583333333333
277.315261799999	0.564583333333333
277.3313848	0.564583333333333
277.347880699999	0.564583333333333
277.3650387	0.564583333333333
277.381146999999	0.564583333333333
277.398181699999	0.564583333333333
277.415258499999	0.564583333333333
277.4311534	0.564583333333333
277.448367499999	0.564583333333333
277.464794799999	0.564583333333333
277.481279099999	0.564583333333333
277.4986279	0.564583333333333
277.515046699999	0.564583333333333
277.5316212	0.564583333333333
277.548147199999	0.564583333333333
277.565000199999	0.564583333333333
277.581366099999	0.564583333333333
277.5979289	0.564583333333333
277.6148027	0.564583333333333
277.6310195	0.564583333333333
277.6482583	0.564583333333333
277.6651317	0.564583333333333
277.681527399999	0.564583333333333
277.697931399999	0.564583333333333
277.715136899999	0.564583333333333
277.7314523	0.564583333333333
277.7480268	0.564583333333333
277.765198999999	0.564583333333333
277.7814492	0.564583333333333
277.7980732	0.564583333333333
277.8151012	0.564583333333333
277.831414599999	0.564583333333333
277.8486785	0.564583333333333
277.8651057	0.564583333333333
277.8811575	0.564583333333333
277.8980199	0.564583333333333
277.915079699999	0.564583333333333
277.9315572	0.564583333333333
277.9480715	0.564583333333333
277.965479699999	0.564583333333333
277.9817949	0.564583333333333
277.998121299999	0.564583333333333
278.0153642	0.564583333333333
278.0314915	0.564583333333333
278.0484029	0.564583333333333
278.064875499999	0.564583333333333
278.081589199999	0.564583333333333
278.0978208	0.564583333333333
278.114387799999	0.564583333333333
278.1314508	0.564583333333333
278.148036199999	0.564583333333333
278.1646474	0.564583333333333
278.1816414	0.564583333333333
278.1983395	0.564583333333333
278.2147649	0.564583333333333
278.2316776	0.564583333333333
278.2478089	0.564583333333333
278.264958399999	0.564583333333333
278.2814429	0.564583333333333
278.297922399999	0.564583333333333
278.314683799999	0.564583333333333
278.3311686	0.564583333333333
278.3483529	0.564583333333333
278.365136199999	0.564583333333333
278.3813329	0.564583333333333
278.397874499999	0.564583333333333
278.4150676	0.564583333333333
278.4316248	0.564583333333333
278.448162999999	0.564583333333333
278.464983299999	0.564583333333333
278.483917899999	0.564583333333333
278.4988261	0.564583333333333
278.5149212	0.564583333333333
278.5315568	0.564583333333333
278.548147	0.564583333333333
278.564946699999	0.564583333333333
278.581119199999	0.564583333333333
278.598496699999	0.564583333333333
278.615127599999	0.564583333333333
278.6315349	0.564583333333333
278.647891	0.564583333333333
278.665049499999	0.564583333333333
278.6813119	0.564583333333333
278.698471899999	0.564583333333333
278.7152004	0.564583333333333
278.731589	0.564583333333333
278.7479316	0.564583333333333
278.765079	0.564583333333333
278.781234999999	0.564583333333333
278.7977647	0.564583333333333
278.815124899999	0.564583333333333
278.831623499999	0.564583333333333
278.848230799999	0.564583333333333
278.8650258	0.564583333333333
278.881935099999	0.564583333333333
278.8981974	0.564583333333333
278.9149553	0.564583333333333
278.9319975	0.564583333333333
278.9481133	0.564583333333333
278.964883099999	0.564583333333333
278.981594499999	0.564583333333333
278.998072799999	0.564583333333333
279.0144857	0.564583333333333
279.031302799999	0.564583333333333
279.0482499	0.564583333333333
279.065239299999	0.564583333333333
279.0815539	0.564583333333333
279.098067899999	0.564583333333333
279.115187099999	0.564583333333333
279.131270999999	0.564583333333333
279.1478548	0.564583333333333
279.1652324	0.564583333333333
279.181632399999	0.564583333333333
279.1985213	0.564583333333333
279.215041199999	0.564583333333333
279.231581999999	0.564583333333333
279.2478352	0.564583333333333
279.2652211	0.564583333333333
279.281843199999	0.564583333333333
279.298240499999	0.564583333333333
279.3151677	0.564583333333333
279.3315994	0.564583333333333
279.3484936	0.564583333333333
279.364879899999	0.564583333333333
279.3816084	0.564583333333333
279.3978128	0.564583333333333
279.4148753	0.564583333333333
279.4316162	0.564583333333333
279.4482905	0.564583333333333
279.4650071	0.564583333333333
279.4815375	0.564583333333333
279.4979005	0.564583333333333
279.514998799999	0.564583333333333
279.531277999999	0.564583333333333
279.5482218	0.564583333333333
279.565103	0.564583333333333
279.5812822	0.564583333333333
279.5983725	0.564583333333333
279.614930199999	0.564583333333333
279.631564599999	0.564583333333333
279.648331799999	0.564583333333333
279.665008499999	0.564583333333333
279.6813407	0.564583333333333
279.6979389	0.564583333333333
279.715009099999	0.564583333333333
279.7317758	0.564583333333333
279.7479151	0.564583333333333
279.765312899999	0.564583333333333
279.781440799999	0.564583333333333
279.797968499999	0.564583333333333
279.8153481	0.564583333333333
279.8315936	0.564583333333333
279.848473999999	0.564583333333333
279.864919799999	0.564583333333333
279.881270999999	0.564583333333333
279.897742599999	0.564583333333333
279.9154535	0.564583333333333
279.9317562	0.564583333333333
279.9480316	0.564583333333333
279.964939199999	0.564583333333333
279.981778599999	0.564583333333333
279.997723099999	0.564583333333333
280.0152321	0.564583333333333
280.031417599999	0.564583333333333
280.0484466	0.564583333333333
280.0648912	0.564583333333333
280.0811366	0.564583333333333
280.0978435	0.564583333333333
280.115003299999	0.564583333333333
280.131792499999	0.564583333333333
280.1477845	0.564583333333333
280.164824199999	0.564583333333333
280.181518199999	0.564583333333333
280.1977112	0.564583333333333
280.2147694	0.564583333333333
280.231725199999	0.564583333333333
280.247836799999	0.564583333333333
280.2649101	0.564583333333333
280.2813749	0.564583333333333
280.2981783	0.564583333333333
280.315140399999	0.564583333333333
280.331409099999	0.564583333333333
280.347884999999	0.564583333333333
280.3647864	0.564583333333333
280.3817001	0.564583333333333
280.398096499999	0.564583333333333
280.414964299999	0.564583333333333
280.431622999999	0.564583333333333
280.4480465	0.564583333333333
280.4648357	0.564583333333333
280.481621299999	0.564583333333333
280.4976877	0.564583333333333
280.5150208	0.564583333333333
280.5314504	0.564583333333333
280.548016999999	0.564583333333333
280.5651312	0.564583333333333
280.581559599999	0.564583333333333
280.597952599999	0.564583333333333
280.6146836	0.564583333333333
280.6317966	0.564583333333333
280.647866699999	0.564583333333333
280.6649659	0.564583333333333
280.6816996	0.564583333333333
280.6984581	0.564583333333333
280.7152084	0.564583333333333
280.7315684	0.564583333333333
280.7476732	0.564583333333333
280.764684199999	0.564583333333333
280.7811763	0.564583333333333
280.7976647	0.564583333333333
280.814557299999	0.564583333333333
280.8310168	0.564583333333333
280.847851099999	0.564583333333333
280.8647457	0.564583333333333
280.881331	0.564583333333333
280.897852599999	0.564583333333333
280.914549599999	0.564583333333333
280.9312322	0.564583333333333
280.948213299999	0.564583333333333
280.964566199999	0.564583333333333
280.9813225	0.564583333333333
280.9980784	0.564583333333333
281.0147779	0.564583333333333
281.0315955	0.564583333333333
281.0478508	0.564583333333333
281.0648069	0.564583333333333
281.081632199999	0.564583333333333
281.0979192	0.564583333333333
281.1151058	0.564583333333333
281.1321178	0.564583333333333
281.147882599999	0.564583333333333
281.165186099999	0.564583333333333
281.182144099999	0.564583333333333
281.1983584	0.564583333333333
281.2146985	0.564583333333333
281.232035	0.564583333333333
281.2482983	0.564583333333333
281.2644255	0.564583333333333
281.2811874	0.564583333333333
281.297902699999	0.564583333333333
281.3148813	0.564583333333333
281.331379599999	0.564583333333333
281.3483078	0.564583333333333
281.365012099999	0.564583333333333
281.381726099999	0.564583333333333
281.397872299999	0.564583333333333
281.414714099999	0.564583333333333
281.431584999999	0.564583333333333
281.4478653	0.564583333333333
281.464645599999	0.564583333333333
281.4814129	0.564583333333333
281.497984899999	0.564583333333333
281.514445999999	0.564583333333333
281.531599499999	0.564583333333333
281.5476985	0.564583333333333
281.565003199999	0.564583333333333
281.581648599999	0.564583333333333
281.597762599999	0.564583333333333
281.6149048	0.564583333333333
281.6320324	0.564583333333333
281.647779999999	0.564583333333333
281.6652593	0.564583333333333
281.6816811	0.564583333333333
281.698461399999	0.564583333333333
281.7150893	0.564583333333333
281.731674299999	0.564583333333333
281.747795699999	0.564583333333333
281.764938699999	0.564583333333333
281.781362199999	0.564583333333333
281.797825799999	0.564583333333333
281.815071399999	0.564583333333333
281.831555199999	0.564583333333333
281.847787199999	0.564583333333333
281.8649686	0.564583333333333
281.8819761	0.564583333333333
281.8983749	0.564583333333333
281.914945699999	0.564583333333333
281.9315412	0.564583333333333
281.947683599999	0.564583333333333
281.9649026	0.564583333333333
281.981563599999	0.564583333333333
281.9981847	0.564583333333333
282.0145662	0.564583333333333
282.0315492	0.564583333333333
282.0479596	0.564583333333333
282.0651093	0.564583333333333
282.0815887	0.564583333333333
282.097966099999	0.564583333333333
282.114347999999	0.564583333333333
282.131641999999	0.564583333333333
282.147907299999	0.564583333333333
282.1649025	0.564583333333333
282.1818389	0.564583333333333
282.197812099999	0.564583333333333
282.214949599999	0.564583333333333
282.2311941	0.564583333333333
282.2478402	0.564583333333333
282.2647025	0.564583333333333
282.281748799999	0.564583333333333
282.2978047	0.564583333333333
282.3146247	0.564583333333333
282.3322585	0.564583333333333
282.3479099	0.564583333333333
282.364653899999	0.564583333333333
282.3817645	0.564583333333333
282.398295	0.564583333333333
282.414903399999	0.564583333333333
282.431252599999	0.564583333333333
282.4479297	0.564583333333333
282.465031	0.564583333333333
282.4816863	0.564583333333333
282.498261	0.564583333333333
282.514985299999	0.564583333333333
282.531504299999	0.564583333333333
282.5481002	0.564583333333333
282.5648439	0.564583333333333
282.581575499999	0.564583333333333
282.5980768	0.564583333333333
282.615222099999	0.564583333333333
282.631433	0.564583333333333
282.647635699999	0.564583333333333
282.664628099999	0.564583333333333
282.6815419	0.564583333333333
282.697662199999	0.564583333333333
282.7150302	0.564583333333333
282.731512099999	0.564583333333333
282.7479502	0.564583333333333
282.765331899999	0.564583333333333
282.781504899999	0.564583333333333
282.798161899999	0.564583333333333
282.8153237	0.564583333333333
282.831732199999	0.564583333333333
282.847820999999	0.564583333333333
282.8648649	0.564583333333333
282.881548599999	0.564583333333333
282.897943299999	0.564583333333333
282.9150217	0.564583333333333
282.932091199999	0.564583333333333
282.9476735	0.564583333333333
282.9648324	0.564583333333333
282.9815328	0.564583333333333
282.997685099999	0.564583333333333
283.015306099999	0.564583333333333
283.031765999999	0.564583333333333
283.047880399999	0.564583333333333
283.064996499999	0.564583333333333
283.081893799999	0.564583333333333
283.097686599999	0.564583333333333
283.1148819	0.564583333333333
283.1315912	0.564583333333333
283.1478324	0.564583333333333
283.1649097	0.564583333333333
283.181621999999	0.564583333333333
283.1976909	0.564583333333333
283.214692099999	0.564583333333333
283.231706699999	0.564583333333333
283.247797399999	0.564583333333333
283.2649831	0.564583333333333
283.2818005	0.564583333333333
283.297761399999	0.564583333333333
283.3148612	0.564583333333333
283.3314719	0.564583333333333
283.3477797	0.564583333333333
283.3648017	0.564583333333333
283.3816904	0.564583333333333
283.3980311	0.564583333333333
283.4149155	0.564583333333333
283.431693	0.564583333333333
283.448112399999	0.564583333333333
283.464590099999	0.564583333333333
283.481820399999	0.564583333333333
283.4977325	0.564583333333333
283.514891999999	0.564583333333333
283.5317338	0.564583333333333
283.547798199999	0.564583333333333
283.5647713	0.564583333333333
283.581312699999	0.564583333333333
283.5977236	0.564583333333333
283.614726399999	0.564583333333333
283.631701699999	0.564583333333333
283.647959899999	0.564583333333333
283.664882599999	0.564583333333333
283.681551299999	0.564583333333333
283.697614	0.564583333333333
283.7148048	0.564583333333333
283.7316248	0.564583333333333
283.747868799999	0.564583333333333
283.764690399999	0.564583333333333
283.7815328	0.564583333333333
283.7977813	0.564583333333333
283.8147099	0.564583333333333
283.831704499999	0.564583333333333
283.8479368	0.564583333333333
283.864723299999	0.564583333333333
283.881605199999	0.564583333333333
283.897853799999	0.564583333333333
283.9148699	0.564583333333333
283.931754699999	0.564583333333333
283.9481245	0.564583333333333
283.9647532	0.564583333333333
283.9819204	0.564583333333333
283.9980176	0.564583333333333
284.0147766	0.564583333333333
284.0315266	0.564583333333333
284.048266	0.564583333333333
284.064760499999	0.564583333333333
284.0808332	0.564583333333333
284.097952499999	0.564583333333333
284.1147187	0.564583333333333
284.1314871	0.564583333333333
284.147947699999	0.564583333333333
284.1646893	0.564583333333333
284.1812001	0.564583333333333
284.1977646	0.564583333333333
284.2147571	0.564583333333333
284.231643399999	0.564583333333333
284.2477223	0.564583333333333
284.264840299999	0.564583333333333
284.281882499999	0.564583333333333
284.297680299999	0.564583333333333
284.3151339	0.564583333333333
284.331454599999	0.564583333333333
284.347915599999	0.564583333333333
284.3645318	0.564583333333333
284.381441099999	0.564583333333333
284.397937199999	0.564583333333333
284.414557499999	0.564583333333333
284.431516299999	0.564583333333333
284.4485527	0.564583333333333
284.464334699999	0.564583333333333
284.4810189	0.564583333333333
284.4981276	0.564583333333333
284.5147099	0.564583333333333
284.5316513	0.564583333333333
284.5479988	0.564583333333333
284.56481	0.564583333333333
284.5816895	0.564583333333333
284.5982048	0.564583333333333
284.6148291	0.564583333333333
284.6316859	0.564583333333333
284.648049799999	0.564583333333333
284.664709899999	0.564583333333333
284.681488099999	0.564583333333333
284.6982837	0.564583333333333
284.7144743	0.564583333333333
284.7315018	0.564583333333333
284.7481147	0.564583333333333
284.7642846	0.564583333333333
284.7814878	0.564583333333333
284.7980338	0.564583333333333
284.814790599999	0.564583333333333
284.8314609	0.564583333333333
284.84772	0.564583333333333
284.8649292	0.564583333333333
284.8814877	0.564583333333333
284.8977362	0.564583333333333
284.9149056	0.564583333333333
284.9315521	0.564583333333333
284.9483531	0.564583333333333
284.9643534	0.564583333333333
284.9810706	0.564583333333333
284.9980821	0.564583333333333
285.014608799999	0.564583333333333
285.031567399999	0.564583333333333
285.0483009	0.564583333333333
285.0648765	0.564583333333333
285.0816276	0.564583333333333
285.097948899999	0.564583333333333
285.114329599999	0.564583333333333
285.131606299999	0.564583333333333
285.1479701	0.564583333333333
285.1642127	0.564583333333333
285.1815502	0.564583333333333
285.1980275	0.564583333333333
285.214664399999	0.564583333333333
285.231359599999	0.564583333333333
285.247636499999	0.564583333333333
285.2647307	0.564583333333333
285.2813388	0.564583333333333
285.2980616	0.564583333333333
285.3147756	0.564583333333333
285.3315348	0.564583333333333
285.348193	0.564583333333333
285.365086899999	0.564583333333333
285.3818198	0.564583333333333
285.398044	0.564583333333333
285.414570899999	0.564583333333333
285.4316026	0.564583333333333
285.4480821	0.564583333333333
285.4646211	0.564583333333333
285.4814755	0.564583333333333
285.4979795	0.564583333333333
285.514469799999	0.564583333333333
285.531502	0.564583333333333
285.548064099999	0.564583333333333
285.5647168	0.564583333333333
285.581063899999	0.564583333333333
285.598327799999	0.564583333333333
285.6148078	0.564583333333333
285.6315041	0.564583333333333
285.6479027	0.564583333333333
285.664289699999	0.564583333333333
285.6814826	0.564583333333333
285.698218799999	0.564583333333333
285.714247	0.564583333333333
285.731482499999	0.564583333333333
285.7477245	0.564583333333333
285.764482699999	0.564583333333333
285.782080999999	0.564583333333333
285.797979	0.564583333333333
285.8143573	0.564583333333333
285.8314629	0.564583333333333
285.8478891	0.564583333333333
285.8642967	0.564583333333333
285.881619399999	0.564583333333333
285.8980507	0.564583333333333
285.914260299999	0.564583333333333
285.931447	0.564583333333333
285.947881599999	0.564583333333333
285.964545899999	0.564583333333333
285.9811328	0.564583333333333
285.997981699999	0.564583333333333
286.015137699999	0.564583333333333
286.0313435	0.564583333333333
286.048234399999	0.564583333333333
286.0645545	0.564583333333333
286.0813572	0.564583333333333
286.097994399999	0.564583333333333
286.114565	0.564583333333333
286.1316441	0.564583333333333
286.1481587	0.564583333333333
286.1645573	0.564583333333333
286.181214499999	0.564583333333333
286.1979569	0.564583333333333
286.2142533	0.564583333333333
286.231708599999	0.564583333333333
286.2479085	0.564583333333333
286.264710099999	0.564583333333333
286.281966799999	0.564583333333333
286.297676599999	0.564583333333333
286.3144912	0.564583333333333
286.3315796	0.564583333333333
286.347892999999	0.564583333333333
286.364303599999	0.564583333333333
286.3815374	0.564583333333333
286.3980198	0.564583333333333
286.4142139	0.564583333333333
286.4316031	0.564583333333333
286.448029599999	0.564583333333333
286.4644516	0.564583333333333
286.481146399999	0.564583333333333
286.4977222	0.564583333333333
286.514507999999	0.564583333333333
286.5315702	0.564583333333333
286.547766899999	0.564583333333333
286.5642407	0.564583333333333
286.5816212	0.564583333333333
286.5979652	0.564583333333333
286.614316699999	0.564583333333333
286.6314986	0.564583333333333
286.6476453	0.564583333333333
286.664225799999	0.564583333333333
286.6814589	0.564583333333333
286.698163499999	0.55625
286.714840299999	0.538541666666667
286.7312641	0.538541666666667
286.7478297	0.538541666666667
286.764757899999	0.530208333333333
286.781528699999	0.530208333333333
286.797709199999	0.530208333333333
286.814571499999	0.530208333333333
286.831084199999	0.521875
286.8475831	0.521875
286.8643268	0.5125
286.881474	0.469791666666667
286.897645999999	0.453125
286.914496199999	0.453125
286.931342999999	0.453125
286.9476267	0.453125
286.964370899999	0.453125
286.981714199999	0.44375
286.9979107	0.44375
287.014633399999	0.44375
287.031496	0.44375
287.0477512	0.44375
287.0645681	0.44375
287.081400499999	0.44375
287.0978049	0.44375
287.114261199999	0.44375
287.131541399999	0.435416666666667
287.147692899999	0.435416666666667
287.164938899999	0.41875
287.1819939	0.41875
287.1979667	0.41875
287.215184	0.41875
287.2313103	0.41875
287.247825799999	0.41875
287.2646595	0.41875
287.2814738	0.41875
287.2979534	0.41875
287.314627299999	0.41875
287.331064399999	0.41875
287.347921099999	0.41875
287.3644791	0.41875
287.381379099999	0.41875
287.3978803	0.41875
287.414750499999	0.41875
287.4313709	0.41875
287.4480397	0.41875
287.4644172	0.41875
287.481245499999	0.41875
287.4977239	0.41875
287.514310299999	0.41875
287.531341399999	0.41875
287.547597399999	0.41875
287.564565	0.41875
287.5814636	0.41875
287.597556799999	0.41875
287.6143765	0.41875
287.631743	0.41875
287.647587099999	0.41875
287.6649419	0.41875
287.6814962	0.426041666666667
287.697906699999	0.426041666666667
287.7145286	0.426041666666667
287.731207999999	0.426041666666667
287.7480458	0.426041666666667
287.764665999999	0.426041666666667
287.781251699999	0.426041666666667
287.797774199999	0.426041666666667
287.8145126	0.426041666666667
287.830805799999	0.426041666666667
287.847657699999	0.426041666666667
287.864287099999	0.426041666666667
287.881399	0.426041666666667
287.897834599999	0.426041666666667
287.914562499999	0.426041666666667
287.931399599999	0.426041666666667
287.9476122	0.426041666666667
287.964850099999	0.426041666666667
287.981347999999	0.426041666666667
287.997973099999	0.426041666666667
288.0141079	0.426041666666667
288.0313274	0.426041666666667
288.047686499999	0.426041666666667
288.064614499999	0.426041666666667
288.081993999999	0.426041666666667
288.0978078	0.426041666666667
288.1146018	0.426041666666667
288.1316817	0.426041666666667
288.147760299999	0.426041666666667
288.164613399999	0.426041666666667
288.1813806	0.426041666666667
288.197839699999	0.426041666666667
288.2145075	0.426041666666667
288.231381199999	0.426041666666667
288.248223199999	0.426041666666667
288.264784999999	0.426041666666667
288.2816238	0.426041666666667
288.2981451	0.426041666666667
288.314125299999	0.426041666666667
288.331267799999	0.426041666666667
288.3477789	0.426041666666667
288.3646239	0.426041666666667
288.381793	0.426041666666667
288.397894399999	0.426041666666667
288.414636099999	0.426041666666667
288.4315103	0.426041666666667
288.4479561	0.426041666666667
288.464528799999	0.426041666666667
288.481557499999	0.426041666666667
288.498035099999	0.426041666666667
288.5146422	0.426041666666667
288.5309879	0.426041666666667
288.547854699999	0.426041666666667
288.5645563	0.426041666666667
288.5815352	0.426041666666667
288.5977809	0.426041666666667
288.6146548	0.426041666666667
288.6310508	0.426041666666667
288.647677999999	0.426041666666667
288.6646149	0.426041666666667
288.6814121	0.426041666666667
288.697803599999	0.426041666666667
288.7148441	0.434375
288.731531699999	0.44375
288.7479298	0.44375
288.7645488	0.44375
288.7814702	0.44375
288.7978059	0.44375
288.814589699999	0.44375
288.830842699999	0.44375
288.847771199999	0.44375
288.8646024	0.44375
288.881489599999	0.44375
288.897854999999	0.44375
288.9141352	0.44375
288.931147599999	0.44375
288.947574399999	0.44375
288.9642791	0.44375
288.9813416	0.44375
288.997820199999	0.44375
289.014805299999	0.44375
289.0311259	0.44375
289.0477591	0.44375
289.064539499999	0.44375
289.0814922	0.44375
289.0979595	0.44375
289.114601499999	0.44375
289.1314053	0.44375
289.148119199999	0.44375
289.164634299999	0.44375
289.1814526	0.44375
289.197914099999	0.44375
289.214443899999	0.44375
289.2313582	0.44375
289.2478587	0.44375
289.2647307	0.44375
289.2815541	0.44375
289.297747199999	0.44375
289.3145233	0.44375
289.3314476	0.44375
289.3478515	0.44375
289.3646757	0.44375
289.380974999999	0.44375
289.3979338	0.44375
289.4148163	0.44375
289.4314614	0.44375
289.448858399999	0.44375
289.4648806	0.44375
289.4812542	0.44375
289.4978022	0.44375
289.5144769	0.44375
289.5312851	0.44375
289.5474851	0.44375
289.5649279	0.44375
289.581842299999	0.44375
289.5977089	0.44375
289.614661199999	0.44375
289.6315102	0.44375
289.647962599999	0.44375
289.664585	0.44375
289.6815166	0.44375
289.697557099999	0.44375
289.714348099999	0.44375
289.731180199999	0.44375
289.7476634	0.44375
289.7646189	0.44375
289.781533099999	0.44375
289.7976518	0.44375
289.814674599999	0.44375
289.8313787	0.44375
289.847664	0.44375
289.864334299999	0.44375
289.881471299999	0.44375
289.8975437	0.44375
289.9147391	0.44375
289.9310809	0.44375
289.9475549	0.44375
289.9647731	0.44375
289.9809299	0.44375
289.9975016	0.44375
290.0146587	0.44375
290.0317152	0.44375
290.047850499999	0.44375
290.064675899999	0.44375
290.0812953	0.44375
290.098072799999	0.44375
290.1145133	0.44375
290.131130199999	0.44375
290.147877199999	0.44375
290.1645468	0.44375
290.181516099999	0.44375
290.1977422	0.44375
290.214581099999	0.44375
290.2314731	0.44375
290.247718899999	0.44375
290.2646047	0.44375
290.2815923	0.44375
290.297570399999	0.44375
290.3146339	0.44375
290.3314997	0.453125
290.348139799999	0.461458333333333
290.3648131	0.461458333333333
290.381570299999	0.461458333333333
290.3975525	0.461458333333333
290.414457999999	0.461458333333333
290.431044299999	0.461458333333333
290.4474584	0.461458333333333
290.4645025	0.461458333333333
290.4814793	0.461458333333333
290.49788	0.461458333333333
290.5147202	0.461458333333333
290.5313466	0.461458333333333
290.5479489	0.461458333333333
290.564223799999	0.461458333333333
290.5812877	0.461458333333333
290.5974492	0.461458333333333
290.6147493	0.461458333333333
290.6313469	0.461458333333333
290.647802099999	0.461458333333333
290.6646148	0.461458333333333
290.681008899999	0.461458333333333
290.697546099999	0.461458333333333
290.71472	0.461458333333333
290.7313341	0.461458333333333
290.747820699999	0.461458333333333
290.7648027	0.461458333333333
290.782129599999	0.461458333333333
290.797614599999	0.461458333333333
290.814559599999	0.461458333333333
290.8312466	0.461458333333333
290.847278699999	0.461458333333333
290.864543299999	0.461458333333333
290.881609999999	0.461458333333333
290.897689799999	0.461458333333333
290.914613899999	0.461458333333333
290.9309545	0.461458333333333
290.9476012	0.461458333333333
290.9647596	0.461458333333333
290.981140399999	0.461458333333333
290.9979053	0.454166666666667
291.0148279	0.454166666666667
291.0315014	0.454166666666667
291.047885	0.454166666666667
291.0646281	0.454166666666667
291.0808547	0.454166666666667
291.0975076	0.454166666666667
291.114713399999	0.445833333333333
291.131410399999	0.4375
291.147502399999	0.4375
291.164656999999	0.4375
291.181250199999	0.4375
291.197756799999	0.4375
291.2148768	0.4375
291.2311979	0.4375
291.247823399999	0.4375
291.264261599999	0.4375
291.2815211	0.429166666666667
291.2984099	0.420833333333333
291.314733099999	0.420833333333333
291.331235899999	0.420833333333333
291.3482151	0.420833333333333
291.364299299999	0.420833333333333
291.381290099999	0.420833333333333
291.397748199999	0.420833333333333
291.414605999999	0.420833333333333
291.431408199999	0.420833333333333
291.447579299999	0.420833333333333
291.464512099999	0.420833333333333
291.481137899999	0.420833333333333
291.4975012	0.420833333333333
291.5142699	0.420833333333333
291.5313233	0.420833333333333
291.547601599999	0.420833333333333
291.564547	0.420833333333333
291.5814062	0.420833333333333
291.5976683	0.420833333333333
291.614738099999	0.420833333333333
291.631383999999	0.420833333333333
291.647441599999	0.420833333333333
291.6645137	0.420833333333333
291.6808715	0.420833333333333
291.698033199999	0.420833333333333
291.714736899999	0.420833333333333
291.731210499999	0.420833333333333
291.7479464	0.420833333333333
291.764464	0.420833333333333
291.781317399999	0.420833333333333
291.797618199999	0.420833333333333
291.8144851	0.420833333333333
291.831094599999	0.420833333333333
291.8480966	0.420833333333333
291.8642332	0.420833333333333
291.8813475	0.420833333333333
291.8977903	0.420833333333333
291.914317799999	0.420833333333333
291.931297499999	0.420833333333333
291.947765499999	0.420833333333333
291.9646862	0.428125
291.9812366	0.428125
291.9980926	0.428125
292.015069599999	0.428125
292.0315611	0.428125
292.047698599999	0.428125
292.0646109	0.428125
292.0811968	0.428125
292.0975835	0.428125
292.115385399999	0.428125
292.131467699999	0.428125
292.1474111	0.428125
292.1643599	0.428125
292.1808603	0.428125
292.197734599999	0.428125
292.214934899999	0.428125
292.231195799999	0.428125
292.247793	0.428125
292.2649162	0.436458333333333
292.281585299999	0.445833333333333
292.2977813	0.445833333333333
292.3147198	0.445833333333333
292.331351299999	0.445833333333333
292.3476107	0.445833333333333
292.364174699999	0.445833333333333
292.3815147	0.445833333333333
292.3978258	0.445833333333333
292.4141402	0.445833333333333
292.431066499999	0.445833333333333
292.447716899999	0.445833333333333
292.4646445	0.445833333333333
292.4810708	0.445833333333333
292.4976847	0.445833333333333
292.5145033	0.445833333333333
292.530931699999	0.445833333333333
292.5475809	0.445833333333333
292.5646201	0.445833333333333
292.5809106	0.445833333333333
292.59764	0.445833333333333
292.614561799999	0.445833333333333
292.6313289	0.445833333333333
292.6477637	0.445833333333333
292.6647096	0.445833333333333
292.681010699999	0.445833333333333
292.6975195	0.445833333333333
292.714304399999	0.445833333333333
292.7312833	0.445833333333333
292.7476855	0.445833333333333
292.764271	0.445833333333333
292.7806709	0.445833333333333
292.79765	0.445833333333333
292.814705	0.445833333333333
292.831464899999	0.445833333333333
292.847836299999	0.445833333333333
292.864311699999	0.445833333333333
292.8811624	0.445833333333333
292.897735799999	0.445833333333333
292.914559	0.445833333333333
292.9312966	0.445833333333333
292.947251799999	0.445833333333333
292.9645157	0.445833333333333
292.9810645	0.445833333333333
292.9977328	0.445833333333333
293.0147749	0.445833333333333
293.0306838	0.445833333333333
293.0481021	0.445833333333333
293.064585499999	0.445833333333333
293.0810919	0.445833333333333
293.0978803	0.445833333333333
293.1145578	0.445833333333333
293.131119199999	0.445833333333333
293.148203799999	0.445833333333333
293.164707999999	0.445833333333333
293.1809814	0.445833333333333
293.197655299999	0.445833333333333
293.214121499999	0.445833333333333
293.230766999999	0.445833333333333
293.2477248	0.445833333333333
293.264186699999	0.445833333333333
293.2813921	0.445833333333333
293.2976405	0.445833333333333
293.314578699999	0.445833333333333
293.3311678	0.445833333333333
293.3477531	0.445833333333333
293.364146499999	0.445833333333333
293.3810968	0.445833333333333
293.3976659	0.445833333333333
293.414497	0.445833333333333
293.431558099999	0.445833333333333
293.447472399999	0.445833333333333
293.4642539	0.445833333333333
293.4811031	0.445833333333333
293.4975992	0.445833333333333
293.514646099999	0.445833333333333
293.531075	0.445833333333333
293.5474041	0.445833333333333
293.5645453	0.445833333333333
293.5809603	0.445833333333333
293.597929799999	0.445833333333333
293.614520399999	0.445833333333333
293.6310937	0.445833333333333
293.6479242	0.445833333333333
293.6650406	0.445833333333333
293.6807468	0.445833333333333
293.6971937	0.445833333333333
293.7142693	0.445833333333333
293.731114599999	0.445833333333333
293.7476511	0.445833333333333
293.7641208	0.445833333333333
293.7810898	0.445833333333333
293.797686299999	0.445833333333333
293.8148133	0.445833333333333
293.831348199999	0.445833333333333
293.8476886	0.445833333333333
293.8642647	0.445833333333333
293.881009199999	0.445833333333333
293.897569999999	0.445833333333333
293.9142089	0.445833333333333
293.930771599999	0.445833333333333
293.9475029	0.445833333333333
293.964439699999	0.445833333333333
293.9808839	0.445833333333333
293.997448399999	0.445833333333333
294.0145285	0.445833333333333
294.0310885	0.445833333333333
294.047664	0.445833333333333
294.064764799999	0.445833333333333
294.0809314	0.445833333333333
294.0973187	0.445833333333333
294.1145392	0.445833333333333
294.1312392	0.445833333333333
294.147641899999	0.445833333333333
294.163986	0.445833333333333
294.1813807	0.445833333333333
294.197316999999	0.445833333333333
294.2145406	0.445833333333333
294.231339299999	0.445833333333333
294.247821499999	0.445833333333333
294.2644978	0.445833333333333
294.281118	0.445833333333333
294.297309099999	0.445833333333333
294.314536399999	0.445833333333333
294.331015999999	0.445833333333333
294.347708099999	0.445833333333333
294.364290799999	0.445833333333333
294.381130899999	0.445833333333333
294.3976358	0.445833333333333
294.414381899999	0.445833333333333
294.4310651	0.445833333333333
294.447619299999	0.445833333333333
294.464206799999	0.445833333333333
294.481128099999	0.445833333333333
294.497334799999	0.445833333333333
294.5145716	0.445833333333333
294.5309874	0.445833333333333
294.547582499999	0.445833333333333
294.564626699999	0.445833333333333
294.5811003	0.445833333333333
294.597735099999	0.445833333333333
294.614648799999	0.445833333333333
294.6312486	0.445833333333333
294.6479284	0.445833333333333
294.664140999999	0.445833333333333
294.6810705	0.445833333333333
294.697205699999	0.445833333333333
294.714568599999	0.445833333333333
294.7310474	0.454166666666667
294.747734199999	0.454166666666667
294.7645912	0.454166666666667
294.781175499999	0.454166666666667
294.797204	0.454166666666667
294.8144622	0.454166666666667
294.8309737	0.454166666666667
294.8472287	0.454166666666667
294.864137099999	0.454166666666667
294.881199699999	0.454166666666667
294.8970732	0.454166666666667
294.914204999999	0.454166666666667
294.931249699999	0.454166666666667
294.9476483	0.454166666666667
294.964384499999	0.454166666666667
294.981341299999	0.454166666666667
294.997425899999	0.454166666666667
295.01466	0.454166666666667
295.031426899999	0.454166666666667
295.0475453	0.454166666666667
295.064032699999	0.454166666666667
295.081259199999	0.454166666666667
295.0975847	0.454166666666667
295.114702	0.454166666666667
295.131060899999	0.454166666666667
295.147342099999	0.454166666666667
295.164037099999	0.454166666666667
295.1811419	0.454166666666667
295.197662799999	0.454166666666667
295.214222299999	0.454166666666667
295.2310498	0.454166666666667
295.247535699999	0.454166666666667
295.2643816	0.454166666666667
295.2813527	0.454166666666667
295.297327499999	0.454166666666667
295.3147061	0.454166666666667
295.3312141	0.454166666666667
295.3471967	0.454166666666667
295.3640028	0.454166666666667
295.3810623	0.454166666666667
295.3974756	0.454166666666667
295.4145246	0.454166666666667
295.431231899999	0.454166666666667
295.4476095	0.454166666666667
295.464370799999	0.454166666666667
295.4810596	0.454166666666667
295.497940099999	0.454166666666667
295.514600699999	0.454166666666667
295.5310952	0.454166666666667
295.547852	0.454166666666667
295.564288699999	0.454166666666667
295.5809167	0.454166666666667
295.5972267	0.454166666666667
295.614137099999	0.454166666666667
295.6310666	0.454166666666667
295.647699599999	0.454166666666667
295.6644454	0.454166666666667
295.681095399999	0.454166666666667
295.697573599999	0.454166666666667
295.714587199999	0.454166666666667
295.7311867	0.454166666666667
295.747462599999	0.454166666666667
295.7640247	0.454166666666667
295.7807071	0.454166666666667
295.7974447	0.454166666666667
295.814414699999	0.454166666666667
295.8310611	0.454166666666667
295.8471745	0.454166666666667
295.8638278	0.454166666666667
295.8811085	0.454166666666667
295.8976366	0.454166666666667
295.914581499999	0.454166666666667
295.9310022	0.454166666666667
295.9476722	0.454166666666667
295.964509099999	0.454166666666667
295.981043	0.454166666666667
295.9975146	0.454166666666667
296.0143098	0.454166666666667
296.031096399999	0.454166666666667
296.047545099999	0.454166666666667
296.064084099999	0.454166666666667
296.081797999999	0.454166666666667
296.097572799999	0.454166666666667
296.114252699999	0.454166666666667
296.1309765	0.454166666666667
296.147657099999	0.454166666666667
296.1640822	0.454166666666667
296.1811693	0.454166666666667
296.1975324	0.454166666666667
296.214509099999	0.454166666666667
296.230949399999	0.454166666666667
296.247542499999	0.454166666666667
296.264468799999	0.454166666666667
296.281391199999	0.454166666666667
296.2974832	0.454166666666667
296.314486699999	0.454166666666667
296.3310323	0.454166666666667
296.347079499999	0.454166666666667
296.364419199999	0.454166666666667
296.3811723	0.454166666666667
296.3977698	0.454166666666667
296.4146034	0.454166666666667
296.4309042	0.454166666666667
296.447517199999	0.454166666666667
296.4645026	0.454166666666667
296.481008	0.454166666666667
296.4973083	0.454166666666667
296.514478999999	0.454166666666667
296.531054999999	0.454166666666667
296.5475258	0.454166666666667
296.564119299999	0.454166666666667
296.581044099999	0.454166666666667
296.597577099999	0.454166666666667
296.614554399999	0.454166666666667
296.631125999999	0.454166666666667
296.647574799999	0.454166666666667
296.6642127	0.454166666666667
296.681022999999	0.454166666666667
296.6975643	0.454166666666667
296.714210599999	0.454166666666667
296.7308605	0.454166666666667
296.7471902	0.454166666666667
296.764479699999	0.454166666666667
296.7810757	0.454166666666667
296.797519899999	0.454166666666667
296.814280899999	0.454166666666667
296.831272099999	0.454166666666667
296.847244899999	0.454166666666667
296.8648515	0.454166666666667
296.8808811	0.454166666666667
296.897603799999	0.454166666666667
296.9142075	0.454166666666667
296.9307307	0.454166666666667
296.947316799999	0.454166666666667
296.964152	0.454166666666667
296.9808213	0.454166666666667
296.997364299999	0.454166666666667
297.0139989	0.454166666666667
297.0310438	0.454166666666667
297.047249499999	0.454166666666667
297.063882099999	0.454166666666667
297.080787299999	0.454166666666667
297.0976199	0.454166666666667
297.114424099999	0.454166666666667
297.130980399999	0.454166666666667
297.147773799999	0.454166666666667
297.164382999999	0.454166666666667
297.1810405	0.454166666666667
297.197609999999	0.454166666666667
297.2145875	0.454166666666667
297.230422099999	0.454166666666667
297.2475116	0.454166666666667
297.2644218	0.454166666666667
297.280986	0.454166666666667
297.297591899999	0.454166666666667
297.3142689	0.454166666666667
297.331365399999	0.454166666666667
297.3476703	0.454166666666667
297.3640429	0.454166666666667
297.380803999999	0.454166666666667
297.397311	0.454166666666667
297.4142266	0.454166666666667
297.4311499	0.454166666666667
297.447545	0.454166666666667
297.46404	0.454166666666667
297.4807788	0.454166666666667
297.4975435	0.454166666666667
297.5148923	0.454166666666667
297.531078399999	0.454166666666667
297.5477265	0.454166666666667
297.563963099999	0.454166666666667
297.580981599999	0.454166666666667
297.597677199999	0.454166666666667
297.614549999999	0.454166666666667
297.630907299999	0.454166666666667
297.647706299999	0.454166666666667
297.664062899999	0.454166666666667
297.6809777	0.454166666666667
297.697646	0.454166666666667
297.7145493	0.454166666666667
297.7308396	0.454166666666667
297.747565299999	0.454166666666667
297.764391999999	0.454166666666667
297.7808779	0.454166666666667
297.797688299999	0.454166666666667
297.8141189	0.454166666666667
297.8308572	0.454166666666667
297.8474318	0.454166666666667
297.864362099999	0.454166666666667
297.8808752	0.454166666666667
297.8972102	0.454166666666667
297.9142659	0.454166666666667
297.930815299999	0.454166666666667
297.947579	0.454166666666667
297.963870199999	0.454166666666667
297.9809225	0.454166666666667
297.997424599999	0.454166666666667
298.014512799999	0.454166666666667
298.030871	0.454166666666667
298.0476149	0.454166666666667
298.0643885	0.454166666666667
298.081208899999	0.454166666666667
298.097626899999	0.454166666666667
298.1145244	0.454166666666667
298.1307128	0.454166666666667
298.147560099999	0.454166666666667
298.1639491	0.454166666666667
298.1809281	0.454166666666667
298.197833099999	0.454166666666667
298.214452699999	0.454166666666667
298.2307132	0.454166666666667
298.2474133	0.454166666666667
298.2643491	0.454166666666667
298.2813809	0.454166666666667
298.297446199999	0.454166666666667
298.3142873	0.454166666666667
298.3312566	0.454166666666667
298.3476837	0.454166666666667
298.3639171	0.454166666666667
298.3807	0.454166666666667
298.397284	0.454166666666667
298.414201199999	0.454166666666667
298.4309588	0.454166666666667
298.447368499999	0.454166666666667
298.4639136	0.454166666666667
298.481010699999	0.454166666666667
298.497418999999	0.454166666666667
298.5145133	0.454166666666667
298.5310056	0.454166666666667
298.5474496	0.454166666666667
298.5644863	0.454166666666667
298.581033199999	0.454166666666667
298.5973429	0.454166666666667
298.613993	0.454166666666667
298.630958399999	0.454166666666667
298.6477367	0.454166666666667
298.664209099999	0.454166666666667
298.6805994	0.454166666666667
298.69734	0.454166666666667
298.7142488	0.454166666666667
298.730907599999	0.454166666666667
298.747700899999	0.454166666666667
298.7641207	0.454166666666667
298.781029399999	0.454166666666667
298.797581299999	0.454166666666667
298.8142472	0.454166666666667
298.830837699999	0.454166666666667
298.847367099999	0.454166666666667
298.8640749	0.454166666666667
298.8810512	0.454166666666667
298.897555099999	0.454166666666667
298.914086399999	0.454166666666667
298.9307837	0.454166666666667
298.947695999999	0.454166666666667
298.9639626	0.454166666666667
298.9807796	0.454166666666667
298.997692499999	0.454166666666667
299.0139522	0.454166666666667
299.030858499999	0.454166666666667
299.047228199999	0.454166666666667
299.0643316	0.454166666666667
299.0809739	0.454166666666667
299.097268699999	0.454166666666667
299.1147137	0.480208333333333
299.1315301	0.505208333333333
299.1476691	0.513541666666667
299.164132299999	0.530208333333333
299.1808715	0.530208333333333
299.1975924	0.530208333333333
299.2142331	0.530208333333333
299.231005799999	0.530208333333333
299.247500099999	0.530208333333333
299.2644782	0.530208333333333
299.2808348	0.530208333333333
299.2979274	0.530208333333333
299.3144175	0.530208333333333
299.331233	0.530208333333333
299.3476064	0.530208333333333
299.363901399999	0.530208333333333
299.3808432	0.530208333333333
299.397156999999	0.530208333333333
299.4140791	0.530208333333333
299.430742699999	0.530208333333333
299.447163299999	0.530208333333333
299.4643817	0.530208333333333
299.4809939	0.530208333333333
299.4976812	0.530208333333333
299.5146024	0.530208333333333
299.5308103	0.530208333333333
299.547580099999	0.530208333333333
299.5640826	0.530208333333333
299.581342799999	0.530208333333333
299.5974612	0.530208333333333
299.614347	0.530208333333333
299.6305801	0.530208333333333
299.6476045	0.530208333333333
299.664311799999	0.530208333333333
299.680798099999	0.530208333333333
299.697565199999	0.530208333333333
299.714230299999	0.530208333333333
299.7308236	0.530208333333333
299.747243299999	0.530208333333333
299.764447899999	0.530208333333333
299.7808114	0.530208333333333
299.7975816	0.530208333333333
299.8140826	0.530208333333333
299.830834599999	0.530208333333333
299.847536599999	0.530208333333333
299.8641042	0.530208333333333
299.8805255	0.530208333333333
299.897595699999	0.530208333333333
299.914404499999	0.530208333333333
299.9308812	0.530208333333333
299.947464899999	0.530208333333333
299.9641084	0.530208333333333
299.9808631	0.530208333333333
299.997111999999	0.530208333333333
300.0139559	0.530208333333333
300.031159499999	0.530208333333333
300.047487999999	0.530208333333333
300.064281499999	0.530208333333333
300.0812638	0.530208333333333
300.097606599999	0.530208333333333
300.114253999999	0.530208333333333
300.1303208	0.530208333333333
300.147558199999	0.530208333333333
300.164443	0.530208333333333
300.1807733	0.530208333333333
300.1976176	0.530208333333333
300.2144853	0.530208333333333
300.230902599999	0.530208333333333
300.2475889	0.530208333333333
300.264635699999	0.530208333333333
300.2809423	0.530208333333333
300.2975908	0.530208333333333
300.3142068	0.530208333333333
300.3309389	0.530208333333333
300.3476364	0.530208333333333
300.3645885	0.530208333333333
300.380326799999	0.530208333333333
300.3976365	0.530208333333333
300.4143896	0.530208333333333
300.4311474	0.530208333333333
300.4475358	0.530208333333333
300.464262	0.530208333333333
300.4809037	0.530208333333333
300.4979758	0.530208333333333
300.5142268	0.530208333333333
300.5307981	0.530208333333333
300.5474945	0.530208333333333
300.564861999999	0.530208333333333
300.5807851	0.530208333333333
300.597627599999	0.530208333333333
300.6143462	0.530208333333333
300.630764199999	0.530208333333333
300.6474896	0.530208333333333
300.6643894	0.530208333333333
300.6808397	0.530208333333333
300.6976036	0.530208333333333
300.713900399999	0.530208333333333
300.730867099999	0.530208333333333
300.7476428	0.530208333333333
300.764216199999	0.530208333333333
300.7808588	0.530208333333333
300.797508	0.530208333333333
300.814203399999	0.530208333333333
300.8307004	0.530208333333333
300.847537299999	0.530208333333333
300.864094899999	0.530208333333333
300.8804032	0.530208333333333
300.8976039	0.530208333333333
300.914328899999	0.530208333333333
300.930785	0.530208333333333
300.9475785	0.530208333333333
300.964472899999	0.530208333333333
300.980769999999	0.530208333333333
300.997563399999	0.530208333333333
301.0145213	0.530208333333333
301.0307162	0.530208333333333
301.0474863	0.530208333333333
301.064116	0.530208333333333
301.080801399999	0.530208333333333
301.0976016	0.530208333333333
301.1144189	0.530208333333333
301.130659599999	0.530208333333333
301.147188299999	0.530208333333333
301.1642163	0.530208333333333
301.1807469	0.530208333333333
301.1974795	0.530208333333333
301.214028599999	0.530208333333333
301.230863299999	0.530208333333333
301.2475218	0.530208333333333
301.2641802	0.530208333333333
301.2804005	0.530208333333333
301.297658799999	0.530208333333333
301.3143856	0.530208333333333
301.3303725	0.530208333333333
301.347378099999	0.530208333333333
301.363944799999	0.530208333333333
301.3803966	0.530208333333333
301.397195699999	0.530208333333333
301.414129	0.530208333333333
301.430960899999	0.530208333333333
301.447130899999	0.530208333333333
301.464389299999	0.530208333333333
301.480749799999	0.530208333333333
301.497684299999	0.530208333333333
301.514367999999	0.530208333333333
301.5308077	0.530208333333333
301.5476689	0.530208333333333
301.5642485	0.530208333333333
301.5804855	0.530208333333333
301.597508399999	0.530208333333333
301.614088699999	0.530208333333333
301.630606999999	0.530208333333333
301.6476502	0.530208333333333
301.6641346	0.530208333333333
301.6808569	0.530208333333333
301.6972338	0.530208333333333
301.714077299999	0.530208333333333
301.731612299999	0.530208333333333
301.747430199999	0.530208333333333
301.764092099999	0.530208333333333
301.780676199999	0.530208333333333
301.797257599999	0.530208333333333
301.813926299999	0.530208333333333
301.8304665	0.530208333333333
301.847352	0.530208333333333
301.8641204	0.530208333333333
301.8810472	0.530208333333333
301.897361699999	0.530208333333333
301.9139946	0.530208333333333
301.9310551	0.530208333333333
301.9474241	0.530208333333333
301.964153399999	0.530208333333333
301.9808039	0.530208333333333
301.9973996	0.530208333333333
302.0140839	0.530208333333333
302.0306765	0.530208333333333
302.047148299999	0.530208333333333
302.0638179	0.530208333333333
302.080752499999	0.530208333333333
302.0975812	0.530208333333333
302.114297399999	0.530208333333333
302.1302839	0.530208333333333
302.1476951	0.530208333333333
302.1639589	0.530208333333333
302.180862699999	0.530208333333333
302.197423299999	0.530208333333333
302.2141457	0.530208333333333
302.2306572	0.530208333333333
302.247568399999	0.530208333333333
302.2642397	0.530208333333333
302.2808674	0.530208333333333
302.2976825	0.530208333333333
302.3137117	0.530208333333333
302.3307317	0.530208333333333
302.347798899999	0.530208333333333
302.3641515	0.530208333333333
302.3806826	0.530208333333333
302.397695799999	0.530208333333333
302.4140063	0.530208333333333
302.4306922	0.530208333333333
302.4475702	0.530208333333333
302.4643311	0.530208333333333
302.4808656	0.530208333333333
302.497662799999	0.530208333333333
302.514331699999	0.530208333333333
302.5304927	0.530208333333333
302.547211499999	0.530208333333333
302.564359399999	0.530208333333333
302.580665699999	0.530208333333333
302.5973736	0.530208333333333
302.613936799999	0.530208333333333
302.6306267	0.530208333333333
302.647287	0.530208333333333
302.6640744	0.530208333333333
302.680755199999	0.530208333333333
302.6976618	0.530208333333333
302.7141253	0.530208333333333
302.7306849	0.530208333333333
302.7472036	0.530208333333333
302.7638073	0.530208333333333
302.7806753	0.530208333333333
302.797707399999	0.530208333333333
302.8146858	0.530208333333333
302.830375	0.530208333333333
302.8474939	0.530208333333333
302.864337999999	0.530208333333333
302.8802116	0.530208333333333
302.897433399999	0.530208333333333
302.913949899999	0.530208333333333
302.930487	0.530208333333333
302.9476611	0.530208333333333
302.963883599999	0.530208333333333
302.9806628	0.530208333333333
302.997583799999	0.530208333333333
303.014210099999	0.530208333333333
303.030677899999	0.530208333333333
303.0471775	0.530208333333333
303.064308399999	0.530208333333333
303.080582099999	0.530208333333333
303.0975516	0.530208333333333
303.113997799999	0.530208333333333
303.131064599999	0.530208333333333
303.1469541	0.530208333333333
303.164210399999	0.530208333333333
303.1805565	0.530208333333333
303.197488399999	0.530208333333333
303.2142089	0.530208333333333
303.2301619	0.530208333333333
303.2470807	0.530208333333333
303.2641551	0.530208333333333
303.2802058	0.530208333333333
303.297365099999	0.530208333333333
303.314313399999	0.530208333333333
303.3307877	0.530208333333333
303.347389299999	0.530208333333333
303.3644089	0.530208333333333
303.3805942	0.530208333333333
303.3974678	0.530208333333333
303.4143244	0.530208333333333
303.4302406	0.530208333333333
303.447641	0.530208333333333
303.4642408	0.530208333333333
303.4801754	0.530208333333333
303.497550599999	0.530208333333333
303.514013999999	0.530208333333333
303.5302229	0.530208333333333
303.5476259	0.530208333333333
303.5641073	0.530208333333333
303.5805216	0.530208333333333
303.597172	0.530208333333333
303.614293899999	0.530208333333333
303.6302816	0.530208333333333
303.647609899999	0.530208333333333
303.6641247	0.530208333333333
303.680756199999	0.530208333333333
303.6971441	0.530208333333333
303.7146035	0.530208333333333
303.730288399999	0.530208333333333
303.747262499999	0.530208333333333
303.7639414	0.530208333333333
303.780343599999	0.530208333333333
303.7974847	0.530208333333333
303.8145133	0.530208333333333
303.832600899999	0.530208333333333
303.8473913	0.530208333333333
303.8643333	0.530208333333333
303.8802993	0.530208333333333
303.8971126	0.530208333333333
303.9137784	0.530208333333333
303.9301268	0.530208333333333
303.947376399999	0.530208333333333
303.9642365	0.530208333333333
303.980163599999	0.530208333333333
303.997170199999	0.530208333333333
304.0137651	0.530208333333333
304.030236299999	0.530208333333333
304.0476377	0.530208333333333
304.064237799999	0.530208333333333
304.080753699999	0.530208333333333
304.097484899999	0.530208333333333
304.114033	0.530208333333333
304.1304224	0.530208333333333
304.1475586	0.530208333333333
304.1646609	0.530208333333333
304.1810473	0.530208333333333
304.1973469	0.530208333333333
304.214055599999	0.530208333333333
304.2308469	0.530208333333333
304.2474291	0.530208333333333
304.2638742	0.530208333333333
304.2805578	0.530208333333333
304.2975387	0.530208333333333
304.314189799999	0.530208333333333
304.3302096	0.530208333333333
304.3474146	0.530208333333333
304.364150199999	0.530208333333333
304.380358099999	0.530208333333333
304.397364699999	0.530208333333333
304.413898299999	0.530208333333333
304.430396399999	0.530208333333333
304.4469468	0.530208333333333
304.464117199999	0.530208333333333
304.4802315	0.530208333333333
304.497229	0.530208333333333
304.514129699999	0.530208333333333
304.5307446	0.530208333333333
304.547268599999	0.530208333333333
304.5641037	0.530208333333333
304.580795899999	0.530208333333333
304.597421799999	0.530208333333333
304.6142407	0.530208333333333
304.6306502	0.530208333333333
304.647525199999	0.530208333333333
304.663948599999	0.530208333333333
304.6811461	0.530208333333333
304.697433599999	0.530208333333333
304.7139201	0.530208333333333
304.7308291	0.530208333333333
304.747041699999	0.530208333333333
304.763830899999	0.530208333333333
304.7802789	0.530208333333333
304.797271599999	0.530208333333333
304.8139735	0.530208333333333
304.8306205	0.530208333333333
304.8475051	0.530208333333333
304.8639164	0.530208333333333
304.880672599999	0.530208333333333
304.897076099999	0.530208333333333
304.914116899999	0.530208333333333
304.930551199999	0.530208333333333
304.9472202	0.530208333333333
304.964029199999	0.530208333333333
304.9802014	0.530208333333333
304.9970027	0.530208333333333
305.0141107	0.530208333333333
305.030548999999	0.530208333333333
305.047095299999	0.530208333333333
305.0640317	0.530208333333333
305.0805209	0.530208333333333
305.0978815	0.530208333333333
305.113906799999	0.530208333333333
305.1306734	0.530208333333333
305.1476846	0.530208333333333
305.1640628	0.530208333333333
305.1804544	0.530208333333333
305.1971875	0.530208333333333
305.2140776	0.530208333333333
305.2303495	0.530208333333333
305.2481284	0.530208333333333
305.264170699999	0.530208333333333
305.280435	0.530208333333333
305.297462	0.530208333333333
305.314091099999	0.530208333333333
305.330467899999	0.530208333333333
305.347303899999	0.530208333333333
305.363575699999	0.530208333333333
305.3806513	0.530208333333333
305.3970571	0.530208333333333
305.4141395	0.530208333333333
305.430232799999	0.530208333333333
305.447208099999	0.530208333333333
305.46408	0.530208333333333
305.480173999999	0.530208333333333
305.497198999999	0.530208333333333
305.5139565	0.530208333333333
305.530526099999	0.530208333333333
305.547399399999	0.530208333333333
305.5642296	0.530208333333333
305.580690399999	0.530208333333333
305.597090599999	0.530208333333333
305.6145084	0.530208333333333
305.6299703	0.530208333333333
305.6473983	0.530208333333333
305.663983799999	0.530208333333333
305.6806602	0.530208333333333
305.697452099999	0.530208333333333
305.713948799999	0.530208333333333
305.7304637	0.530208333333333
305.746834799999	0.530208333333333
305.763986	0.530208333333333
305.780449999999	0.530208333333333
305.797361	0.530208333333333
305.8138921	0.530208333333333
305.830526299999	0.530208333333333
305.847106099999	0.530208333333333
305.8642203	0.530208333333333
305.880639399999	0.530208333333333
305.897357399999	0.530208333333333
305.913905199999	0.530208333333333
305.9306104	0.530208333333333
305.9473401	0.530208333333333
305.963943999999	0.530208333333333
305.9810443	0.530208333333333
305.997053599999	0.530208333333333
306.013896599999	0.530208333333333
306.030316599999	0.530208333333333
306.047227599999	0.530208333333333
306.064120399999	0.530208333333333
306.0807323	0.530208333333333
306.097077599999	0.530208333333333
306.113958499999	0.530208333333333
306.1305906	0.530208333333333
306.1471471	0.530208333333333
306.1639077	0.530208333333333
306.1805994	0.530208333333333
306.1973417	0.530208333333333
306.213964	0.530208333333333
306.2304268	0.530208333333333
306.2468904	0.530208333333333
306.2638542	0.530208333333333
306.2806881	0.530208333333333
306.297191	0.530208333333333
306.313976599999	0.530208333333333
306.330616099999	0.530208333333333
306.3473372	0.530208333333333
306.3641289	0.530208333333333
306.3805272	0.530208333333333
306.3971259	0.530208333333333
306.4139784	0.530208333333333
306.430590299999	0.530208333333333
306.4471556	0.530208333333333
306.4640525	0.530208333333333
306.480781499999	0.530208333333333
306.4970982	0.530208333333333
306.5142072	0.530208333333333
306.530694399999	0.530208333333333
306.547160399999	0.530208333333333
306.5635487	0.530208333333333
306.580246199999	0.530208333333333
306.597262499999	0.530208333333333
306.6137651	0.530208333333333
306.6306995	0.530208333333333
306.647306999999	0.530208333333333
306.664483199999	0.530208333333333
306.6806443	0.530208333333333
306.6969751	0.530208333333333
306.714228	0.530208333333333
306.730408599999	0.530208333333333
306.7472798	0.530208333333333
306.764199599999	0.530208333333333
306.780816	0.530208333333333
306.79735	0.530208333333333
306.813818	0.530208333333333
306.8302969	0.530208333333333
306.847152099999	0.530208333333333
306.8641548	0.530208333333333
306.880559599999	0.530208333333333
306.897431699999	0.530208333333333
306.9140062	0.530208333333333
306.930553699999	0.530208333333333
306.9470593	0.530208333333333
306.963886299999	0.530208333333333
306.980452999999	0.530208333333333
306.997975099999	0.530208333333333
307.013948399999	0.530208333333333
307.0307248	0.530208333333333
307.047467199999	0.530208333333333
307.063969299999	0.530208333333333
307.0804424	0.530208333333333
307.096914	0.530208333333333
307.113923299999	0.530208333333333
307.1304357	0.530208333333333
307.1471377	0.530208333333333
307.164021099999	0.530208333333333
307.181358299999	0.530208333333333
307.1972773	0.530208333333333
307.214203799999	0.530208333333333
307.230739799999	0.530208333333333
307.2469284	0.530208333333333
307.2640351	0.530208333333333
307.280507799999	0.530208333333333
307.2972467	0.530208333333333
307.3141564	0.530208333333333
307.3304155	0.530208333333333
307.347411399999	0.530208333333333
307.363826199999	0.530208333333333
307.38056	0.530208333333333
307.3972187	0.530208333333333
307.414109099999	0.530208333333333
307.4305816	0.530208333333333
307.4475095	0.530208333333333
307.463815599999	0.530208333333333
307.4801456	0.530208333333333
307.497033199999	0.530208333333333
307.5138486	0.530208333333333
307.530608599999	0.530208333333333
307.5471831	0.530208333333333
307.5637763	0.530208333333333
307.5803559	0.530208333333333
307.597257699999	0.530208333333333
307.6138839	0.530208333333333
307.6302582	0.530208333333333
307.6475138	0.530208333333333
307.663865899999	0.530208333333333
307.680232999999	0.530208333333333
307.697257399999	0.530208333333333
307.713647299999	0.530208333333333
307.730622599999	0.530208333333333
307.7470605	0.530208333333333
307.763976699999	0.530208333333333
307.780567999999	0.530208333333333
307.79768	0.530208333333333
307.8136386	0.530208333333333
307.8304117	0.530208333333333
307.8471874	0.530208333333333
307.864333	0.530208333333333
307.880161399999	0.530208333333333
307.8973085	0.530208333333333
307.913713499999	0.530208333333333
307.930817699999	0.530208333333333
307.947318199999	0.530208333333333
307.9638925	0.530208333333333
307.9804193	0.530208333333333
307.997133399999	0.530208333333333
308.013701299999	0.530208333333333
308.030532399999	0.530208333333333
308.046849799999	0.530208333333333
308.0642743	0.530208333333333
308.080249	0.530208333333333
308.0981003	0.530208333333333
308.1139182	0.530208333333333
308.1304953	0.530208333333333
308.1472281	0.530208333333333
308.1637701	0.530208333333333
308.180297999999	0.530208333333333
308.1973282	0.530208333333333
308.213943899999	0.530208333333333
308.231285999999	0.530208333333333
308.247164099999	0.530208333333333
308.264030099999	0.530208333333333
308.2804836	0.530208333333333
308.2973905	0.530208333333333
308.314008599999	0.530208333333333
308.330708099999	0.530208333333333
308.3469391	0.530208333333333
308.364096699999	0.530208333333333
308.3809185	0.530208333333333
308.39766	0.530208333333333
308.413859699999	0.530208333333333
308.430614299999	0.530208333333333
308.447311	0.530208333333333
308.4636793	0.530208333333333
308.4804797	0.530208333333333
308.497311599999	0.530208333333333
308.5138658	0.530208333333333
308.530569299999	0.530208333333333
308.5473536	0.530208333333333
308.563611	0.530208333333333
308.580593299999	0.530208333333333
308.597034699999	0.530208333333333
308.613803699999	0.530208333333333
308.6308082	0.530208333333333
308.6497258	0.530208333333333
308.663952999999	0.530208333333333
308.680356399999	0.530208333333333
308.697424999999	0.530208333333333
308.7135253	0.530208333333333
308.7303489	0.530208333333333
308.747296899999	0.530208333333333
308.7638627	0.530208333333333
308.780597399999	0.530208333333333
308.7971	0.530208333333333
308.814095299999	0.530208333333333
308.8303295	0.530208333333333
308.846928999999	0.530208333333333
308.864093699999	0.530208333333333
308.880845	0.530208333333333
308.8970328	0.530208333333333
308.913880999999	0.530208333333333
308.9306742	0.530208333333333
308.946969699999	0.530208333333333
308.963882999999	0.530208333333333
308.9803961	0.530208333333333
308.997345899999	0.530208333333333
309.0140007	0.530208333333333
309.030607199999	0.530208333333333
309.046814699999	0.530208333333333
309.063923899999	0.530208333333333
309.080592099999	0.530208333333333
309.097664	0.530208333333333
309.118093599999	0.530208333333333
309.130590199999	0.530208333333333
309.147067499999	0.530208333333333
309.163997899999	0.530208333333333
309.1806085	0.530208333333333
309.1972472	0.530208333333333
309.213612299999	0.530208333333333
309.2307224	0.530208333333333
309.24717	0.530208333333333
309.263421199999	0.530208333333333
309.2801647	0.530208333333333
309.2973305	0.530208333333333
309.313839799999	0.530208333333333
309.330908899999	0.530208333333333
309.346977599999	0.530208333333333
309.3639527	0.530208333333333
309.3805828	0.530208333333333
309.3974426	0.530208333333333
309.414282799999	0.530208333333333
309.4306724	0.530208333333333
309.4469174	0.530208333333333
309.4635849	0.530208333333333
309.4801496	0.530208333333333
309.4968578	0.530208333333333
309.5137372	0.530208333333333
309.5305486	0.530208333333333
309.5470417	0.530208333333333
309.5638561	0.530208333333333
309.580597599999	0.530208333333333
309.597400199999	0.530208333333333
309.613744699999	0.530208333333333
309.630257299999	0.530208333333333
309.6473909	0.530208333333333
309.664215999999	0.530208333333333
309.680564699999	0.530208333333333
309.6972946	0.530208333333333
309.7135663	0.530208333333333
309.7301552	0.530208333333333
309.746956499999	0.530208333333333
309.764046499999	0.530208333333333
309.7805584	0.530208333333333
309.797153	0.530208333333333
309.8137228	0.530208333333333
309.8307926	0.530208333333333
309.847166099999	0.530208333333333
309.864034599999	0.530208333333333
309.880729	0.530208333333333
309.8973514	0.530208333333333
309.9137599	0.530208333333333
309.930602799999	0.530208333333333
309.947169399999	0.530208333333333
309.9637831	0.530208333333333
309.980250799999	0.530208333333333
309.997105799999	0.530208333333333
310.0133397	0.530208333333333
310.030476	0.530208333333333
310.047174699999	0.530208333333333
310.0638278	0.530208333333333
310.0805955	0.530208333333333
310.0973059	0.530208333333333
310.113454599999	0.530208333333333
310.130493299999	0.530208333333333
310.1472042	0.530208333333333
310.164067799999	0.530208333333333
310.180495799999	0.530208333333333
310.196940399999	0.530208333333333
310.214052699999	0.530208333333333
310.2304226	0.530208333333333
310.247308399999	0.530208333333333
310.2638293	0.530208333333333
310.280669	0.530208333333333
310.297188799999	0.530208333333333
310.313518499999	0.530208333333333
310.3303166	0.530208333333333
310.3471382	0.530208333333333
310.363345899999	0.530208333333333
310.380437	0.530208333333333
310.3971512	0.530208333333333
310.413763699999	0.530208333333333
310.4301687	0.530208333333333
310.4468884	0.530208333333333
310.463892899999	0.530208333333333
310.480509499999	0.530208333333333
310.4969505	0.530208333333333
310.513479099999	0.530208333333333
310.530685299999	0.530208333333333
310.547239	0.530208333333333
310.563885	0.530208333333333
310.580568199999	0.530208333333333
310.5970669	0.530208333333333
310.613808499999	0.530208333333333
310.630778199999	0.530208333333333
310.646808799999	0.530208333333333
310.665129499999	0.530208333333333
310.6803855	0.530208333333333
310.6970353	0.530208333333333
310.7182272	0.530208333333333
310.7301382	0.530208333333333
310.7468924	0.530208333333333
310.763834599999	0.530208333333333
310.7805174	0.530208333333333
310.7971657	0.530208333333333
310.813797999999	0.530208333333333
310.8305247	0.530208333333333
310.8471971	0.530208333333333
310.8637107	0.530208333333333
310.8805255	0.530208333333333
310.8969503	0.530208333333333
310.913822199999	0.530208333333333
310.9300268	0.530208333333333
310.946788599999	0.530208333333333
310.9638036	0.530208333333333
310.980499499999	0.530208333333333
310.996877099999	0.530208333333333
311.0136489	0.530208333333333
311.030595599999	0.530208333333333
311.0471017	0.530208333333333
311.063876499999	0.530208333333333
311.0807741	0.530208333333333
311.0973619	0.530208333333333
311.1138345	0.530208333333333
311.1303079	0.530208333333333
311.1471643	0.530208333333333
311.1637463	0.530208333333333
311.180297	0.530208333333333
311.197238	0.530208333333333
311.213731399999	0.530208333333333
311.2304454	0.530208333333333
311.247109999999	0.530208333333333
311.264101199999	0.530208333333333
311.2803887	0.530208333333333
311.297113199999	0.530208333333333
311.313830399999	0.530208333333333
311.3306084	0.530208333333333
311.347076499999	0.530208333333333
311.364001499999	0.530208333333333
311.380329799999	0.530208333333333
311.396886699999	0.530208333333333
311.4137827	0.530208333333333
311.430367299999	0.530208333333333
311.4468929	0.530208333333333
311.463491699999	0.530208333333333
311.4802909	0.530208333333333
311.4969794	0.530208333333333
311.5136328	0.530208333333333
311.5305529	0.530208333333333
311.5473549	0.530208333333333
311.563422599999	0.530208333333333
311.5804865	0.530208333333333
311.597277	0.530208333333333
311.6136423	0.530208333333333
311.6302999	0.530208333333333
311.6470438	0.530208333333333
311.6637555	0.530208333333333
311.6800649	0.530208333333333
311.696700699999	0.530208333333333
311.713508399999	0.530208333333333
311.730458599999	0.530208333333333
311.746839699999	0.530208333333333
311.763703899999	0.530208333333333
311.7803009	0.530208333333333
311.797161	0.530208333333333
311.8137461	0.530208333333333
311.8319482	0.530208333333333
311.8486561	0.530208333333333
311.863676399999	0.530208333333333
311.880599599999	0.530208333333333
311.8969546	0.530208333333333
311.913753999999	0.530208333333333
311.9303922	0.530208333333333
311.9470634	0.530208333333333
311.963714799999	0.530208333333333
311.980600999999	0.530208333333333
311.997125299999	0.530208333333333
312.0135105	0.530208333333333
312.030044399999	0.530208333333333
312.047147099999	0.530208333333333
312.0653561	0.530208333333333
312.0802619	0.530208333333333
312.096942599999	0.530208333333333
312.1132382	0.530208333333333
312.1304541	0.530208333333333
312.1473312	0.530208333333333
312.1633137	0.530208333333333
312.180271099999	0.530208333333333
312.1970272	0.530208333333333
312.213742299999	0.530208333333333
312.2302863	0.530208333333333
312.246809099999	0.530208333333333
312.263731	0.530208333333333
312.280542199999	0.530208333333333
312.297277	0.530208333333333
312.313547	0.530208333333333
312.330560699999	0.530208333333333
312.346860899999	0.530208333333333
312.3632739	0.530208333333333
312.380688599999	0.530208333333333
312.3968281	0.530208333333333
312.413656	0.530208333333333
312.4305177	0.530208333333333
312.446857	0.530208333333333
312.463653199999	0.530208333333333
312.480272899999	0.530208333333333
312.497060999999	0.530208333333333
312.5134196	0.530208333333333
312.530413099999	0.530208333333333
312.5467493	0.530208333333333
312.563242699999	0.530208333333333
312.580572899999	0.530208333333333
312.5969957	0.530208333333333
312.613294799999	0.530208333333333
312.6305789	0.530208333333333
312.6469713	0.530208333333333
312.6637716	0.530208333333333
312.680272299999	0.530208333333333
312.6972387	0.530208333333333
312.7132981	0.530208333333333
312.73036	0.530208333333333
312.7472302	0.530208333333333
312.7636463	0.530208333333333
312.7800861	0.530208333333333
312.7966907	0.530208333333333
312.8134794	0.530208333333333
312.830735299999	0.530208333333333
312.847006499999	0.530208333333333
312.863869	0.530208333333333
312.8803779	0.530208333333333
312.8968945	0.530208333333333
312.914111599999	0.530208333333333
312.9305484	0.530208333333333
312.946723599999	0.530208333333333
312.9634811	0.530208333333333
312.9805515	0.530208333333333
312.9970568	0.530208333333333
313.0133004	0.530208333333333
313.0302207	0.530208333333333
313.0472265	0.530208333333333
313.0633368	0.530208333333333
313.0807109	0.530208333333333
313.097218899999	0.530208333333333
313.113307299999	0.530208333333333
313.1301054	0.530208333333333
313.1472815	0.530208333333333
313.163374299999	0.530208333333333
313.180501399999	0.530208333333333
313.1970096	0.530208333333333
313.213556999999	0.530208333333333
313.2304974	0.530208333333333
313.246787999999	0.530208333333333
313.263642999999	0.530208333333333
313.280465	0.530208333333333
313.2970497	0.530208333333333
313.313555399999	0.530208333333333
313.330313699999	0.530208333333333
313.347350599999	0.530208333333333
313.3638274	0.530208333333333
313.380525799999	0.530208333333333
313.3969738	0.530208333333333
313.4140221	0.530208333333333
313.4304267	0.530208333333333
313.4468136	0.530208333333333
313.4634367	0.530208333333333
313.4803728	0.530208333333333
313.4972542	0.530208333333333
313.5145181	0.530208333333333
313.5304288	0.530208333333333
313.5469171	0.530208333333333
313.563752399999	0.530208333333333
313.580537899999	0.530208333333333
313.597059899999	0.530208333333333
313.6135724	0.530208333333333
313.630279499999	0.530208333333333
313.6471947	0.530208333333333
313.663594299999	0.530208333333333
313.680034399999	0.530208333333333
313.696687	0.530208333333333
313.7133101	0.530208333333333
313.7303641	0.530208333333333
313.750181799999	0.530208333333333
313.7646268	0.530208333333333
313.785823499999	0.530208333333333
313.8020853	0.530208333333333
313.813733499999	0.530208333333333
313.830585	0.530208333333333
313.8469225	0.530208333333333
313.864063499999	0.530208333333333
313.8806681	0.530208333333333
313.897383	0.530208333333333
313.9136222	0.530208333333333
313.929833499999	0.530208333333333
313.9469375	0.530208333333333
313.963397799999	0.530208333333333
313.980253799999	0.530208333333333
313.9976173	0.530208333333333
314.0132834	0.530208333333333
314.0302526	0.530208333333333
314.0471392	0.530208333333333
314.063319299999	0.530208333333333
314.080307099999	0.530208333333333
314.096975199999	0.530208333333333
314.1134409	0.530208333333333
314.130345699999	0.530208333333333
314.147157599999	0.530208333333333
314.1632221	0.530208333333333
314.1803075	0.530208333333333
314.197018999999	0.530208333333333
314.2133064	0.530208333333333
314.2306978	0.530208333333333
314.246992599999	0.530208333333333
314.263800199999	0.530208333333333
314.2804018	0.530208333333333
314.2974497	0.530208333333333
314.3132744	0.530208333333333
314.3305168	0.530208333333333
314.347242399999	0.530208333333333
314.363846499999	0.530208333333333
314.380410299999	0.530208333333333
314.396693299999	0.530208333333333
314.413233499999	0.530208333333333
314.429850699999	0.530208333333333
314.446617699999	0.530208333333333
314.463983299999	0.530208333333333
314.480578799999	0.530208333333333
314.4967909	0.530208333333333
314.5133859	0.530208333333333
314.530009999999	0.530208333333333
314.546947399999	0.530208333333333
314.5635754	0.530208333333333
314.580542799999	0.530208333333333
314.5969047	0.530208333333333
314.613491399999	0.530208333333333
314.6301445	0.530208333333333
314.647327899999	0.530208333333333
314.6635865	0.530208333333333
314.6804029	0.530208333333333
314.697029399999	0.530208333333333
314.7133709	0.530208333333333
314.733147899999	0.530208333333333
314.7465617	0.530208333333333
314.7639144	0.530208333333333
314.780478799999	0.530208333333333
314.7969957	0.530208333333333
314.8134996	0.530208333333333
314.8304042	0.530208333333333
314.846761399999	0.530208333333333
314.8634051	0.530208333333333
314.880275199999	0.530208333333333
314.897315699999	0.530208333333333
314.913640399999	0.530208333333333
314.930442399999	0.530208333333333
314.9465587	0.530208333333333
314.963629299999	0.530208333333333
314.980302299999	0.530208333333333
314.9967738	0.530208333333333
315.0136828	0.530208333333333
315.0306087	0.530208333333333
315.0468353	0.530208333333333
315.063764899999	0.530208333333333
315.0810041	0.530208333333333
315.097003999999	0.530208333333333
315.1136902	0.530208333333333
315.129936599999	0.530208333333333
315.147095099999	0.530208333333333
315.1636327	0.530208333333333
315.1799038	0.530208333333333
315.197040999999	0.530208333333333
315.2136623	0.530208333333333
315.230706699999	0.530208333333333
315.246998199999	0.530208333333333
315.264039899999	0.530208333333333
315.2802358	0.530208333333333
315.2970964	0.530208333333333
315.3135881	0.530208333333333
315.3306262	0.530208333333333
315.346696099999	0.530208333333333
315.363516599999	0.530208333333333
315.380367999999	0.530208333333333
315.397003999999	0.530208333333333
315.4135908	0.530208333333333
315.4303708	0.530208333333333
315.446785499999	0.530208333333333
315.4636887	0.530208333333333
315.4802242	0.530208333333333
315.4970199	0.530208333333333
315.513710099999	0.530208333333333
315.5301824	0.530208333333333
315.5467995	0.530208333333333
315.563859	0.530208333333333
315.580419999999	0.530208333333333
315.5969336	0.530208333333333
315.613573899999	0.530208333333333
315.6303239	0.530208333333333
315.646871899999	0.530208333333333
315.6639427	0.530208333333333
315.680545099999	0.530208333333333
315.6967563	0.530208333333333
315.7135601	0.530208333333333
315.730201099999	0.530208333333333
315.7466679	0.530208333333333
315.7634578	0.530208333333333
315.7802646	0.530208333333333
315.796919099999	0.530208333333333
315.813627899999	0.530208333333333
315.830483399999	0.530208333333333
315.8469262	0.530208333333333
315.8631405	0.530208333333333
315.880225399999	0.530208333333333
315.8968006	0.530208333333333
315.913937599999	0.530208333333333
315.9303246	0.530208333333333
315.9466957	0.530208333333333
315.963603499999	0.530208333333333
315.980360299999	0.530208333333333
315.9968211	0.530208333333333
316.0136237	0.530208333333333
316.030087599999	0.530208333333333
316.0465073	0.530208333333333
316.063562099999	0.530208333333333
316.0805169	0.530208333333333
316.0970313	0.530208333333333
316.113633	0.530208333333333
316.130472299999	0.530208333333333
316.147156499999	0.530208333333333
316.1632531	0.530208333333333
316.1805909	0.530208333333333
316.197075399999	0.530208333333333
316.213589	0.530208333333333
316.230117999999	0.530208333333333
316.2468559	0.530208333333333
316.263604899999	0.530208333333333
316.2803347	0.530208333333333
316.2973155	0.530208333333333
316.313577899999	0.530208333333333
316.3300412	0.530208333333333
316.347025999999	0.530208333333333
316.363689299999	0.530208333333333
316.3800403	0.530208333333333
316.396712299999	0.530208333333333
316.413831999999	0.530208333333333
316.430400499999	0.530208333333333
316.446633099999	0.530208333333333
316.4638324	0.530208333333333
316.4801714	0.530208333333333
316.496583599999	0.530208333333333
316.513676699999	0.530208333333333
316.53039	0.530208333333333
316.546799199999	0.530208333333333
316.563615399999	0.530208333333333
316.580339499999	0.530208333333333
316.5970927	0.530208333333333
316.6134421	0.530208333333333
316.630211199999	0.530208333333333
316.646880499999	0.530208333333333
316.663553599999	0.530208333333333
316.680164199999	0.530208333333333
316.697007199999	0.530208333333333
316.7135024	0.530208333333333
316.7304322	0.530208333333333
316.7466176	0.530208333333333
316.7636287	0.530208333333333
316.7801296	0.530208333333333
316.796715199999	0.530208333333333
316.813149199999	0.530208333333333
316.8302472	0.530208333333333
316.847290199999	0.530208333333333
316.863785899999	0.530208333333333
316.880005	0.530208333333333
316.8974634	0.530208333333333
316.9136493	0.530208333333333
316.930297999999	0.530208333333333
316.9469769	0.530208333333333
316.9637899	0.530208333333333
316.9804975	0.530208333333333
316.9968032	0.530208333333333
317.0133103	0.530208333333333
317.030262599999	0.530208333333333
317.0468132	0.530208333333333
317.0638584	0.530208333333333
317.080402099999	0.530208333333333
317.097406899999	0.530208333333333
317.113786899999	0.530208333333333
317.130666599999	0.530208333333333
317.1468637	0.530208333333333
317.1637222	0.530208333333333
317.1803086	0.530208333333333
317.197148599999	0.530208333333333
317.213646599999	0.530208333333333
317.2303029	0.530208333333333
317.246870499999	0.530208333333333
317.263663199999	0.530208333333333
317.2799974	0.530208333333333
317.296675199999	0.530208333333333
317.313490299999	0.530208333333333
317.329975	0.530208333333333
317.346938899999	0.530208333333333
317.3635937	0.530208333333333
317.380369799999	0.530208333333333
317.396922999999	0.530208333333333
317.413653299999	0.530208333333333
317.4303249	0.530208333333333
317.4470437	0.530208333333333
317.4635792	0.530208333333333
317.480537099999	0.530208333333333
317.496641799999	0.530208333333333
317.5134792	0.530208333333333
317.530462999999	0.530208333333333
317.546587	0.530208333333333
317.5635439	0.530208333333333
317.580490599999	0.530208333333333
317.596739099999	0.530208333333333
317.6136344	0.530208333333333
317.6302896	0.530208333333333
317.6470105	0.530208333333333
317.663719499999	0.530208333333333
317.6802503	0.530208333333333
317.696710699999	0.530208333333333
317.7132813	0.530208333333333
317.730242799999	0.530208333333333
317.746814599999	0.530208333333333
317.7636053	0.530208333333333
317.780526699999	0.530208333333333
317.796822699999	0.530208333333333
317.8136224	0.530208333333333
317.830549699999	0.530208333333333
317.846870199999	0.530208333333333
317.8635354	0.530208333333333
317.880136	0.530208333333333
317.8968318	0.530208333333333
317.9134691	0.530208333333333
317.9300594	0.530208333333333
317.946921	0.530208333333333
317.963452999999	0.530208333333333
317.980553199999	0.530208333333333
317.996556999999	0.530208333333333
318.013563799999	0.530208333333333
318.030818699999	0.530208333333333
318.046774699999	0.530208333333333
318.0637307	0.530208333333333
318.0802576	0.530208333333333
318.0972247	0.530208333333333
318.1136099	0.530208333333333
318.130118399999	0.530208333333333
318.1468914	0.530208333333333
318.1632566	0.530208333333333
318.1801338	0.530208333333333
318.196886199999	0.530208333333333
318.213654599999	0.530208333333333
318.2300876	0.530208333333333
318.246589099999	0.530208333333333
318.2636244	0.530208333333333
318.280132899999	0.530208333333333
318.2966946	0.530208333333333
318.313811499999	0.530208333333333
318.330251599999	0.530208333333333
318.3470473	0.530208333333333
318.3635458	0.530208333333333
318.3802338	0.530208333333333
318.3965561	0.530208333333333
318.4136933	0.530208333333333
318.430127299999	0.530208333333333
318.4468539	0.530208333333333
318.4636062	0.530208333333333
318.4797701	0.530208333333333
318.4967535	0.530208333333333
318.5134995	0.530208333333333
318.530182199999	0.530208333333333
318.547081999999	0.530208333333333
318.563311299999	0.530208333333333
318.580140599999	0.530208333333333
318.5968347	0.530208333333333
318.613834399999	0.530208333333333
318.6302281	0.530208333333333
318.6466114	0.530208333333333
318.663739299999	0.530208333333333
318.6799138	0.530208333333333
318.696489	0.530208333333333
318.7136007	0.530208333333333
318.7299352	0.530208333333333
318.746848799999	0.530208333333333
318.7635432	0.530208333333333
318.7801868	0.530208333333333
318.7969083	0.530208333333333
318.813725999999	0.530208333333333
318.8301407	0.530208333333333
318.8469325	0.530208333333333
318.864533399999	0.530208333333333
318.880229199999	0.530208333333333
318.8973424	0.530208333333333
318.9137763	0.530208333333333
318.9299667	0.530208333333333
318.947081599999	0.530208333333333
318.963649099999	0.530208333333333
318.980074599999	0.530208333333333
318.996692799999	0.530208333333333
319.0133061	0.530208333333333
319.0302047	0.530208333333333
319.046820299999	0.530208333333333
319.0634836	0.530208333333333
319.080340199999	0.530208333333333
319.096730599999	0.530208333333333
319.113725699999	0.530208333333333
319.130003599999	0.530208333333333
319.1467021	0.530208333333333
319.1634712	0.530208333333333
319.180034499999	0.530208333333333
319.196491199999	0.530208333333333
319.213658199999	0.530208333333333
319.2303806	0.530208333333333
319.2469364	0.530208333333333
319.2632643	0.530208333333333
319.2803734	0.530208333333333
319.2970416	0.530208333333333
319.313427999999	0.530208333333333
319.330412099999	0.530208333333333
319.346545599999	0.530208333333333
319.363802	0.530208333333333
319.380444099999	0.530208333333333
319.3966353	0.530208333333333
319.4140413	0.530208333333333
319.4303708	0.530208333333333
319.4468695	0.530208333333333
319.463287799999	0.530208333333333
319.479970699999	0.530208333333333
319.4968806	0.530208333333333
319.5137564	0.530208333333333
319.5301731	0.530208333333333
319.546320099999	0.530208333333333
319.5633892	0.530208333333333
319.580273699999	0.530208333333333
319.5966708	0.530208333333333
319.613553599999	0.530208333333333
319.630216299999	0.530208333333333
319.647156999999	0.530208333333333
319.663831899999	0.530208333333333
319.679966	0.530208333333333
319.696545899999	0.530208333333333
319.7138735	0.530208333333333
319.730011199999	0.530208333333333
319.746498199999	0.530208333333333
319.7632254	0.530208333333333
319.7798397	0.530208333333333
319.7963751	0.530208333333333
319.813217299999	0.530208333333333
319.8301574	0.530208333333333
319.8468642	0.530208333333333
319.863468299999	0.530208333333333
319.8799868	0.530208333333333
319.8969711	0.530208333333333
319.913752599999	0.530208333333333
319.9301742	0.530208333333333
319.9466489	0.530208333333333
319.963762699999	0.530208333333333
319.980011	0.530208333333333
319.9967527	0.530208333333333
320.016021699999	0.530208333333333
320.035005399999	0.530208333333333
320.0480487	0.530208333333333
320.070922	0.530208333333333
320.0960427	0.530208333333333
320.115910799999	0.530208333333333
320.138019399999	0.530208333333333
320.1518201	0.530208333333333
320.166250099999	0.530208333333333
320.182178599999	0.530208333333333
320.1967374	0.530208333333333
320.2208009	0.530208333333333
320.236996899999	0.530208333333333
320.257128499999	0.530208333333333
320.278520399999	0.530208333333333
320.2964506	0.530208333333333
320.3215203	0.530208333333333
320.332325099999	0.530208333333333
320.348678099999	0.530208333333333
320.362902	0.530208333333333
320.379326099999	0.530208333333333
320.396224599999	0.530208333333333
320.4129158	0.530208333333333
320.4305735	0.530208333333333
320.447273999999	0.530208333333333
320.463372699999	0.530208333333333
320.4798538	0.530208333333333
320.4969882	0.530208333333333
320.513819	0.530208333333333
320.530387899999	0.530208333333333
320.546796899999	0.530208333333333
320.563524699999	0.530208333333333
320.583414799999	0.530208333333333
320.596588199999	0.530208333333333
320.613131499999	0.530208333333333
320.630089499999	0.530208333333333
320.646423699999	0.530208333333333
320.663672199999	0.530208333333333
320.680118499999	0.530208333333333
320.6972307	0.530208333333333
320.713429199999	0.530208333333333
320.730064699999	0.530208333333333
320.7473676	0.530208333333333
320.7635395	0.530208333333333
320.7800511	0.530208333333333
320.7963167	0.530208333333333
320.8136718	0.530208333333333
320.830174999999	0.530208333333333
320.846884199999	0.530208333333333
320.8631313	0.530208333333333
320.8799721	0.530208333333333
320.8968251	0.530208333333333
320.9134488	0.530208333333333
320.930118499999	0.530208333333333
320.946839699999	0.530208333333333
320.963309999999	0.530208333333333
320.9800618	0.530208333333333
320.9965537	0.530208333333333
321.0136963	0.530208333333333
321.029741599999	0.530208333333333
321.0463696	0.530208333333333
321.0637314	0.530208333333333
321.079994999999	0.530208333333333
321.096373699999	0.530208333333333
321.1138247	0.530208333333333
321.129910299999	0.530208333333333
321.146637999999	0.530208333333333
321.163267899999	0.530208333333333
321.180082299999	0.530208333333333
321.1965935	0.530208333333333
321.21347	0.530208333333333
321.230296	0.530208333333333
321.246721699999	0.530208333333333
321.2636446	0.530208333333333
321.2800859	0.530208333333333
321.2963401	0.530208333333333
321.3136233	0.530208333333333
321.330081499999	0.530208333333333
321.346422099999	0.530208333333333
321.363258699999	0.530208333333333
321.380353899999	0.530208333333333
321.396518799999	0.530208333333333
321.4137523	0.530208333333333
321.429814499999	0.530208333333333
321.4469843	0.530208333333333
321.463883199999	0.530208333333333
321.4800686	0.530208333333333
321.496501099999	0.530208333333333
321.513596299999	0.530208333333333
321.5303857	0.530208333333333
321.546285799999	0.530208333333333
321.563694099999	0.530208333333333
321.580311299999	0.530208333333333
321.5963211	0.530208333333333
321.6136442	0.530208333333333
321.629734599999	0.530208333333333
321.646406899999	0.530208333333333
321.663664299999	0.530208333333333
321.6799605	0.530208333333333
321.696448299999	0.530208333333333
321.713488099999	0.530208333333333
321.730226299999	0.530208333333333
321.7466146	0.530208333333333
321.763560199999	0.530208333333333
321.7801117	0.530208333333333
321.796301099999	0.530208333333333
321.813098199999	0.530208333333333
321.8299984	0.530208333333333
321.847067999999	0.530208333333333
321.8659903	0.530208333333333
321.8889696	0.530208333333333
321.9045105	0.530208333333333
321.9192729	0.530208333333333
321.9332238	0.530208333333333
321.9505512	0.530208333333333
321.9653927	0.530208333333333
321.9863203	0.530208333333333
322.001461999999	0.530208333333333
322.0145143	0.530208333333333
322.0384881	0.530208333333333
322.052412999999	0.530208333333333
322.0664736	0.530208333333333
322.084364099999	0.530208333333333
322.099815299999	0.530208333333333
322.117431	0.530208333333333
322.1314481	0.530208333333333
322.1480683	0.530208333333333
322.165745699999	0.530208333333333
322.180668	0.530208333333333
322.1996696	0.530208333333333
322.2168636	0.530208333333333
322.2319773	0.530208333333333
322.2473344	0.530208333333333
322.2666795	0.530208333333333
322.279890899999	0.530208333333333
322.2968966	0.530208333333333
322.313927699999	0.530208333333333
322.333986799999	0.530208333333333
322.348276199999	0.530208333333333
322.365931599999	0.538541666666667
322.3812455	0.538541666666667
322.3983233	0.538541666666667
322.4137605	0.538541666666667
322.430508799999	0.538541666666667
322.447827	0.538541666666667
322.4632575	0.538541666666667
322.4814447	0.538541666666667
322.497992099999	0.538541666666667
322.5142873	0.538541666666667
322.5299201	0.538541666666667
322.550243299999	0.557291666666667
322.5642825	0.565625
322.5837893	0.573958333333333
322.5969209	0.591666666666667
322.613685599999	0.591666666666667
322.6311452	0.591666666666667
322.6476617	0.591666666666667
322.665128299999	0.591666666666667
322.6821396	0.591666666666667
322.6975906	0.591666666666667
322.712989899999	0.591666666666667
322.7297757	0.591666666666667
322.746427399999	0.591666666666667
322.764773299999	0.591666666666667
322.7802413	0.6
322.796769099999	0.6
322.8162944	0.6
322.8295357	0.6
322.850168299999	0.6
322.865315999999	0.6
322.881428199999	0.6
322.8960135	0.6
322.9189988	0.6
322.9316795	0.6
322.9466003	0.6
322.9635601	0.6
322.979642699999	0.6
322.9969376	0.6
323.017264499999	0.6
323.0338685	0.6
323.049548499999	0.6
323.063758099999	0.6
323.079585099999	0.6
323.096292599999	0.6
323.113364299999	0.6
323.129581599999	0.6
323.146473399999	0.6
323.1632728	0.6
323.1800323	0.6
323.1963098	0.6
323.2137138	0.6
323.230927799999	0.6
323.2477775	0.6
323.2639561	0.6
323.2797523	0.6
323.298899599999	0.6
323.3158213	0.6
323.3311807	0.6
323.348473399999	0.6
323.3644557	0.6
323.381479199999	0.6
323.400261299999	0.6
323.4166336	0.6
323.4335898	0.6
323.448621699999	0.6
323.4648541	0.6
323.4817919	0.6
323.499119499999	0.6
323.5146177	0.6
323.530667499999	0.6
323.5465783	0.6
323.5636152	0.6
323.582334399999	0.6
323.596323899999	0.6
323.614334999999	0.6
323.6307861	0.6
323.6508491	0.592708333333333
323.6661612	0.592708333333333
323.6819239	0.592708333333333
323.698156599999	0.592708333333333
323.7163406	0.592708333333333
323.7337234	0.584375
323.749584599999	0.584375
323.765049899999	0.584375
323.7823509	0.584375
323.797724599999	0.584375
323.8135125	0.584375
323.831305	0.584375
323.851092	0.584375
323.8638599	0.584375
323.8795892	0.584375
323.8964054	0.584375
323.913069699999	0.584375
323.929577499999	0.584375
323.946491199999	0.584375
323.963286599999	0.584375
323.979582999999	0.584375
323.996536299999	0.584375
324.013619699999	0.584375
324.0294846	0.584375
324.046347699999	0.584375
324.0636004	0.584375
324.079691399999	0.584375
324.096769	0.584375
324.113334199999	0.584375
324.129604999999	0.584375
324.1465443	0.584375
324.1643243	0.584375
324.1805018	0.584375
324.198676499999	0.584375
324.2133556	0.584375
324.229956599999	0.584375
324.2466085	0.584375
324.2632699	0.584375
324.279575099999	0.584375
324.2964659	0.584375
324.3130808	0.584375
324.3304442	0.584375
324.3462806	0.584375
324.3630654	0.584375
324.379907299999	0.584375
324.3966838	0.584375
324.413275999999	0.584375
324.4300716	0.584375
324.446430999999	0.584375
324.463870099999	0.584375
324.479908599999	0.584375
324.4966287	0.584375
324.5133084	0.584375
324.5299495	0.584375
324.546536999999	0.584375
324.5633461	0.584375
324.5799854	0.584375
324.596577699999	0.584375
324.6133518	0.584375
324.629876399999	0.584375
324.646334499999	0.584375
324.663543199999	0.584375
324.679953299999	0.584375
324.6964048	0.584375
324.7135701	0.584375
324.7302197	0.584375
324.7469169	0.584375
324.7633017	0.584375
324.779941899999	0.584375
324.7965445	0.584375
324.8132539	0.584375
324.829424199999	0.584375
324.846675399999	0.584375
324.863129099999	0.584375
324.8796041	0.584375
324.8964809	0.584375
324.912955	0.584375
324.929842699999	0.584375
324.946278599999	0.584375
324.9634399	0.584375
324.979753099999	0.584375
324.9962772	0.584375
325.013015899999	0.584375
325.029823299999	0.584375
325.0465858	0.584375
325.063168899999	0.584375
325.079912699999	0.584375
325.0969404	0.584375
325.113825799999	0.584375
325.129680399999	0.584375
325.1462812	0.584375
325.1633691	0.584375
325.179875999999	0.584375
325.196736899999	0.584375
325.213313099999	0.584375
325.229821	0.584375
325.2464212	0.584375
325.2636163	0.584375
325.2799201	0.584375
325.2966325	0.584375
325.313069399999	0.584375
325.329849899999	0.584375
325.346570899999	0.584375
325.3634242	0.584375
325.379719199999	0.584375
325.397093099999	0.584375
325.4136505	0.584375
325.4295634	0.584375
325.4466926	0.584375
325.463131199999	0.584375
325.4798555	0.584375
325.496926299999	0.584375
325.5133348	0.584375
325.529811799999	0.584375
325.5465697	0.584375
325.563322999999	0.584375
325.579895	0.584375
325.5965627	0.584375
325.614051199999	0.584375
325.629522499999	0.584375
325.6467599	0.584375
325.663268099999	0.584375
325.679890199999	0.584375
325.6967132	0.584375
325.713352999999	0.584375
325.7297185	0.584375
325.746821	0.584375
325.763502	0.584375
325.779878099999	0.584375
325.796297299999	0.584375
325.8132729	0.584375
325.829780599999	0.584375
325.846820899999	0.584375
325.863357699999	0.584375
325.8798331	0.584375
325.8966462	0.584375
325.913479999999	0.584375
325.9298358	0.584375
325.946496799999	0.584375
325.9633545	0.584375
325.9795304	0.584375
325.9965955	0.584375
326.0131133	0.584375
326.029940699999	0.584375
326.046744499999	0.584375
326.0633718	0.584375
326.079633699999	0.584375
326.096177799999	0.584375
326.1133757	0.584375
326.129642399999	0.584375
326.1465757	0.584375
326.1631952	0.584375
326.180155599999	0.584375
326.196187	0.584375
326.2134932	0.584375
326.2297934	0.584375
326.2466693	0.584375
326.263510999999	0.584375
326.280156	0.584375
326.2966485	0.584375
326.313630899999	0.584375
326.3296974	0.584375
326.3466565	0.584375
326.362980499999	0.584375
326.3799436	0.584375
326.396707299999	0.584375
326.4132542	0.584375
326.430058	0.584375
326.4465881	0.584375
326.463115	0.584375
326.4796786	0.584375
326.4968388	0.584375
326.5134714	0.584375
326.5294791	0.584375
326.54671	0.584375
326.563311999999	0.584375
326.580068699999	0.584375
326.5964391	0.584375
326.613884199999	0.584375
326.629631199999	0.584375
326.646672399999	0.584375
326.6633028	0.584375
326.680023499999	0.584375
326.696668799999	0.584375
326.7131457	0.584375
326.7296387	0.584375
326.7466766	0.584375
326.763699399999	0.584375
326.7798402	0.584375
326.7964677	0.584375
326.813268	0.584375
326.8297655	0.584375
326.846434499999	0.584375
326.8630638	0.584375
326.879705099999	0.584375
326.8968059	0.584375
326.9135	0.584375
326.929807899999	0.584375
326.946554499999	0.584375
326.963003499999	0.584375
326.9798069	0.584375
326.996410899999	0.584375
327.013300299999	0.584375
327.031429799999	0.584375
327.046874299999	0.584375
327.063372299999	0.584375
327.0798502	0.584375
327.096632199999	0.584375
327.113153699999	0.584375
327.1297294	0.584375
327.146574199999	0.584375
327.1630442	0.584375
327.1795844	0.584375
327.1961432	0.584375
327.2133041	0.584375
327.2298486	0.584375
327.2465028	0.584375
327.2630308	0.584375
327.2797959	0.584375
327.2969269	0.584375
327.313162699999	0.584375
327.330385099999	0.584375
327.3463678	0.584375
327.362975599999	0.584375
327.3795787	0.584375
327.3968538	0.584375
327.413000699999	0.584375
327.4297916	0.584375
327.4468276	0.584375
327.463241799999	0.584375
327.4799214	0.584375
327.496748699999	0.584375
327.5135722	0.584375
327.5297321	0.584375
327.546373499999	0.584375
327.562912099999	0.584375
327.5798491	0.584375
327.596795599999	0.584375
327.6128905	0.584375
327.6298411	0.584375
327.646964299999	0.584375
327.6633661	0.584375
327.679936199999	0.584375
327.697168199999	0.584375
327.713485499999	0.584375
327.7298069	0.584375
327.746645099999	0.584375
327.762924	0.584375
327.7795449	0.584375
327.7966504	0.584375
327.813246899999	0.584375
327.8300695	0.584375
327.8464391	0.584375
327.862946599999	0.584375
327.8800205	0.584375
327.8969153	0.584375
327.9128541	0.584375
327.929724899999	0.584375
327.946658499999	0.584375
327.963225099999	0.584375
327.979875	0.584375
327.996318799999	0.584375
328.0132435	0.584375
328.029799	0.584375
328.046589699999	0.584375
328.063123299999	0.584375
328.0798307	0.584375
328.096935	0.584375
328.113376599999	0.584375
328.1295535	0.584375
328.1469278	0.584375
328.1630399	0.584375
328.1798524	0.584375
328.1964461	0.584375
328.2132132	0.584375
328.2296357	0.584375
328.2465766	0.584375
328.2633796	0.584375
328.2798673	0.584375
328.296335499999	0.584375
328.313437899999	0.584375
328.329551	0.584375
328.346420399999	0.584375
328.3634248	0.584375
328.380039799999	0.584375
328.396655199999	0.584375
328.413519799999	0.584375
328.4303807	0.584375
328.4468823	0.584375
328.4642255	0.584375
328.494187099999	0.584375
328.507489099999	0.584375
328.530849	0.584375
328.5467253	0.584375
328.5635133	0.584375
328.5813731	0.584375
328.5964367	0.584375
328.613549	0.584375
328.6303069	0.584375
328.646105	0.584375
328.6631849	0.584375
328.6798615	0.584375
328.7005129	0.584375
328.717197499999	0.584375
328.730498899999	0.584375
328.7505469	0.584375
328.7691096	0.584375
328.784489299999	0.584375
328.798013099999	0.584375
328.816603599999	0.584375
328.8337341	0.584375
328.8480985	0.584375
328.863550599999	0.584375
328.8798729	0.584375
328.8978364	0.584375
328.915480199999	0.584375
328.931251499999	0.584375
328.948540799999	0.584375
328.9646391	0.584375
328.9814988	0.584375
328.9974862	0.584375
329.0131229	0.584375
329.033543299999	0.584375
329.0462933	0.584375
329.064716399999	0.584375
329.079666	0.584375
329.098573099999	0.584375
329.113900099999	0.584375
329.131030699999	0.584375
329.147480899999	0.584375
329.1632198	0.584375
329.1830162	0.584375
329.1976958	0.584375
329.216403099999	0.584375
329.230965399999	0.584375
329.2485502	0.584375
329.264491	0.584375
329.2833689	0.584375
329.2989578	0.584375
329.316153199999	0.584375
329.330504899999	0.584375
329.346425799999	0.584375
329.364613899999	0.584375
329.379632499999	0.584375
329.396299499999	0.584375
329.4126203	0.584375
329.4293272	0.584375
329.4466041	0.584375
329.4631166	0.584375
329.4800091	0.584375
329.496344599999	0.584375
329.5134383	0.584375
329.529799899999	0.584375
329.5463264	0.584375
329.5629946	0.584375
329.579612799999	0.584375
329.596484899999	0.584375
329.6131264	0.584375
329.6292533	0.584375
329.6464055	0.584375
329.663289499999	0.584375
329.6797951	0.584375
329.696446399999	0.584375
329.7132231	0.584375
329.729970599999	0.584375
329.7465567	0.584375
329.763368	0.584375
329.7796638	0.584375
329.796184399999	0.584375
329.8133432	0.584375
329.829638699999	0.584375
329.8463211	0.584375
329.8628755	0.584375
329.879706299999	0.584375
329.896666099999	0.584375
329.913515499999	0.584375
329.929339699999	0.584375
329.946627099999	0.584375
329.9630645	0.584375
329.979472499999	0.584375
329.9967442	0.584375
330.0133581	0.584375
330.0299409	0.584375
330.0461097	0.584375
330.063218699999	0.584375
330.0794338	0.584375
330.0965896	0.584375
330.113676399999	0.584375
330.129533699999	0.584375
330.146810599999	0.584375
330.1631232	0.584375
330.179723599999	0.584375
330.1964879	0.584375
330.213322699999	0.584375
330.229649299999	0.584375
330.2467732	0.584375
330.2632337	0.584375
330.2797243	0.584375
330.296788799999	0.584375
330.3129479	0.584375
330.329619599999	0.584375
330.3462438	0.584375
330.3628056	0.584375
330.379388799999	0.584375
330.396424799999	0.584375
330.4130024	0.584375
330.4297449	0.584375
330.4468283	0.584375
330.4630977	0.584375
330.479357499999	0.584375
330.4966778	0.584375
330.5131446	0.584375
330.5293858	0.584375
330.5464039	0.584375
330.5636774	0.584375
330.5794274	0.584375
330.5964408	0.584375
330.613219	0.584375
330.629402899999	0.584375
330.6466296	0.584375
330.663250099999	0.584375
330.6795218	0.584375
330.6965321	0.584375
330.7131714	0.584375
330.729226599999	0.584375
330.746254199999	0.584375
330.763099	0.584375
330.779302899999	0.584375
330.796559699999	0.584375
330.8126888	0.584375
330.829319099999	0.584375
330.8469467	0.584375
330.863357699999	0.584375
330.8796557	0.584375
330.8964437	0.584375
330.913436899999	0.584375
330.929302	0.584375
330.946611799999	0.584375
330.9631565	0.584375
330.9795772	0.584375
330.996041699999	0.584375
331.0125977	0.584375
331.029555599999	0.584375
331.0464469	0.584375
331.0630296	0.584375
331.0797065	0.584375
331.0966516	0.584375
331.1134225	0.584375
331.129298399999	0.584375
331.146539699999	0.584375
331.1632326	0.584375
331.179252	0.584375
331.196511499999	0.584375
331.212940199999	0.584375
331.229534499999	0.584375
331.246164499999	0.584375
331.2633403	0.584375
331.2797708	0.584375
331.2962349	0.584375
331.3141263	0.584375
331.3296796	0.584375
331.346348399999	0.584375
331.3635919	0.584375
331.379394799999	0.584375
331.3964437	0.584375
331.413335599999	0.584375
331.4296227	0.584375
331.4466833	0.584375
331.463732599999	0.584375
331.4797856	0.584375
331.4964129	0.584375
331.512997399999	0.584375
331.529817899999	0.584375
331.5466466	0.584375
331.5630781	0.584375
331.5798005	0.584375
331.596525299999	0.584375
331.613273999999	0.584375
331.6296684	0.584375
331.646103399999	0.584375
331.6634826	0.584375
331.6795954	0.584375
331.696500499999	0.584375
331.7132918	0.584375
331.7295263	0.584375
331.746303499999	0.584375
331.763002199999	0.584375
331.779637799999	0.584375
331.7961319	0.584375
331.813257999999	0.584375
331.829703699999	0.584375
331.846187599999	0.584375
331.863107599999	0.584375
331.8794307	0.584375
331.895967599999	0.584375
331.9130127	0.584375
331.929643799999	0.584375
331.946382399999	0.584375
331.963129399999	0.584375
331.9792659	0.584375
331.9962269	0.584375
332.0129879	0.584375
332.0295748	0.584375
332.046248899999	0.584375
332.063082	0.584375
332.0795816	0.584375
332.0966893	0.584375
332.1129437	0.584375
332.129580399999	0.584375
332.146134	0.584375
332.1629392	0.584375
332.1800703	0.584375
332.1963651	0.584375
332.213114599999	0.584375
332.230365599999	0.584375
332.2463393	0.584375
332.2626567	0.584375
332.2792807	0.584375
332.2966812	0.584375
332.3130758	0.584375
332.3294325	0.584375
332.3467156	0.584375
332.3631098	0.584375
332.3796911	0.584375
332.3965315	0.584375
332.413061499999	0.584375
332.4292117	0.584375
332.446265299999	0.584375
332.4631746	0.584375
332.479571999999	0.584375
332.496069	0.584375
332.513099999999	0.584375
332.529370099999	0.584375
332.546497699999	0.584375
332.563232	0.584375
332.5794792	0.584375
332.596304199999	0.584375
332.613139999999	0.584375
332.629308199999	0.584375
332.646147599999	0.584375
332.662537599999	0.584375
332.679595099999	0.584375
332.696689099999	0.584375
332.7130694	0.584375
332.729568899999	0.584375
332.746722899999	0.584375
332.763142299999	0.584375
332.779760799999	0.584375
332.7965926	0.584375
332.8130452	0.584375
332.829597999999	0.584375
332.846360899999	0.584375
332.863093399999	0.584375
332.8798092	0.584375
332.8964748	0.584375
332.9131521	0.584375
332.9295791	0.584375
332.946047699999	0.584375
332.963094999999	0.584375
332.979576	0.584375
332.9968424	0.584375
333.0135937	0.584375
333.0294767	0.584375
333.046336599999	0.584375
333.0632459	0.584375
333.0796406	0.584375
333.096382799999	0.584375
333.113069999999	0.584375
333.1295114	0.584375
333.146395999999	0.584375
333.1630545	0.584375
333.179577499999	0.584375
333.196391699999	0.584375
333.2130505	0.584375
333.229544299999	0.584375
333.2463904	0.584375
333.263118999999	0.584375
333.279585099999	0.584375
333.2962742	0.584375
333.313062699999	0.584375
333.329575299999	0.584375
333.346307399999	0.584375
333.3629801	0.584375
333.3795845	0.584375
333.396101699999	0.584375
333.4129894	0.584375
333.4295993	0.584375
333.4457931	0.584375
333.4629454	0.584375
333.479221	0.584375
333.496459999999	0.584375
333.5133885	0.584375
333.5335809	0.584375
333.546928899999	0.584375
333.5627532	0.584375
333.57954	0.584375
333.5964329	0.584375
333.6130162	0.584375
333.629896199999	0.584375
333.646228199999	0.584375
333.6635836	0.584375
333.6795114	0.584375
333.696338899999	0.584375
333.712991099999	0.584375
333.729603199999	0.584375
333.7461156	0.584375
333.762679099999	0.584375
333.779104599999	0.584375
333.796087199999	0.584375
333.812819299999	0.584375
333.8295167	0.584375
333.8460968	0.584375
333.863080599999	0.584375
333.8800082	0.584375
333.8964595	0.584375
333.912939299999	0.584375
333.9296454	0.584375
333.945911899999	0.584375
333.9629852	0.584375
333.9795816	0.584375
333.9959682	0.584375
334.013287199999	0.584375
334.0298163	0.584375
334.0463135	0.584375
334.0629666	0.584375
334.0810039	0.584375
334.0960676	0.584375
334.112718699999	0.584375
334.129730799999	0.584375
334.1462876	0.584375
334.1628371	0.584375
334.1794622	0.584375
334.1961722	0.584375
334.2131622	0.584375
334.229569499999	0.584375
334.2460855	0.584375
334.262986199999	0.584375
334.280031599999	0.584375
334.2963986	0.584375
334.313029399999	0.584375
334.329551899999	0.584375
334.345954799999	0.584375
334.3629333	0.584375
334.379589599999	0.584375
334.3963593	0.584375
334.412863799999	0.584375
334.4295961	0.584375
334.446395999999	0.584375
334.462928399999	0.584375
334.4792699	0.584375
334.496440899999	0.584375
334.512771	0.584375
334.5292923	0.584375
334.546353	0.584375
334.563059999999	0.584375
334.579532999999	0.584375
334.596302999999	0.584375
334.6129167	0.584375
334.6296347	0.584375
334.646494699999	0.584375
334.6628578	0.584375
334.6794831	0.584375
334.6963658	0.584375
334.7128575	0.584375
334.729661699999	0.584375
334.7462406	0.584375
334.7630574	0.584375
334.7797113	0.584375
334.7964926	0.584375
334.8131845	0.584375
334.829665699999	0.584375
334.846002099999	0.584375
334.8630008	0.584375
334.8796526	0.584375
334.8964405	0.584375
334.913207099999	0.584375
334.9296331	0.584375
334.9464687	0.584375
334.9630748	0.584375
334.9795116	0.584375
334.9965328	0.584375
335.013029799999	0.584375
335.0295824	0.584375
335.0463758	0.584375
335.0628472	0.584375
335.079099	0.584375
335.0964534	0.584375
335.112824	0.584375
335.1296119	0.584375
335.1463816	0.584375
335.1629901	0.584375
335.1796755	0.584375
335.1962103	0.584375
335.213069599999	0.584375
335.229170299999	0.584375
335.2458596	0.584375
335.262526	0.584375
335.279649399999	0.584375
335.2962438	0.584375
335.3127245	0.584375
335.329277999999	0.584375
335.346407	0.584375
335.3628033	0.584375
335.379608599999	0.584375
335.3962655	0.584375
335.4129852	0.584375
335.4294297	0.584375
335.446126	0.584375
335.463162399999	0.584375
335.479637199999	0.584375
335.4958528	0.584375
335.5129339	0.584375
335.529736699999	0.584375
335.5460607	0.584375
335.5627196	0.584375
335.580657099999	0.584375
335.5958967	0.584375
335.6129421	0.584375
335.6294522	0.584375
335.6460976	0.584375
335.662692899999	0.584375
335.6796955	0.584375
335.6965726	0.584375
335.712601599999	0.584375
335.729016699999	0.584375
335.746031899999	0.584375
335.7629687	0.584375
335.7799184	0.584375
335.7961337	0.584375
335.8126585	0.584375
335.8294343	0.584375
335.8461909	0.584375
335.8629714	0.584375
335.8791911	0.584375
335.896430399999	0.584375
335.912740299999	0.584375
335.929584199999	0.584375
335.946128699999	0.584375
335.9628555	0.584375
335.9796864	0.584375
335.996325499999	0.584375
336.013096999999	0.584375
336.032894	0.584375
336.046790699999	0.584375
336.0629295	0.584375
336.0796028	0.584375
336.095925699999	0.584375
336.1131392	0.584375
336.1297927	0.584375
336.146246099999	0.584375
336.1630109	0.584375
336.1797828	0.584375
336.196180999999	0.584375
336.213124999999	0.584375
336.229579399999	0.584375
336.2461607	0.584375
336.262914299999	0.584375
336.279691299999	0.584375
336.296214399999	0.584375
336.3127759	0.584375
336.3290413	0.584375
336.346112499999	0.584375
336.3626636	0.584375
336.379673099999	0.584375
336.3961359	0.584375
336.412950299999	0.584375
336.4297509	0.584375
336.4459946	0.584375
336.4627271	0.584375
336.479977999999	0.584375
336.496071199999	0.584375
336.513081499999	0.584375
336.529638399999	0.584375
336.5459898	0.584375
336.5628208	0.584375
336.5793957	0.584375
336.596062099999	0.584375
336.612313799999	0.584375
336.629371	0.584375
336.646296499999	0.584375
336.6626638	0.584375
336.679598199999	0.584375
336.6960529	0.584375
336.712874299999	0.584375
336.7298716	0.584375
336.747177599999	0.584375
336.7626862	0.584375
336.7795532	0.584375
336.795944199999	0.584375
336.812738099999	0.584375
336.8295859	0.584375
336.846121099999	0.584375
336.8628886	0.584375
336.879749799999	0.584375
336.896335699999	0.584375
336.912940099999	0.584375
336.9295501	0.584375
336.9462366	0.584375
336.9631092	0.584375
336.979614899999	0.584375
336.9962449	0.584375
337.012783599999	0.584375
337.0296111	0.584375
337.045981699999	0.584375
337.062732599999	0.584375
337.0792052	0.584375
337.095906199999	0.584375
337.1128086	0.584375
337.1297915	0.584375
337.1460774	0.584375
337.163294	0.584375
337.1796071	0.584375
337.1960869	0.584375
337.212817299999	0.584375
337.229434	0.584375
337.2462283	0.584375
337.2628274	0.584375
337.2797332	0.584375
337.296098	0.584375
337.3128048	0.584375
337.3297076	0.584375
337.3464122	0.584375
337.362994599999	0.584375
337.3800482	0.584375
337.396275499999	0.584375
337.413258199999	0.584375
337.4294947	0.584375
337.446030599999	0.584375
337.4628537	0.584375
337.4793903	0.584375
337.496159099999	0.584375
337.513082099999	0.584375
337.529303099999	0.584375
337.5461349	0.584375
337.5629204	0.584375
337.5803325	0.584375
337.5962068	0.584375
337.6131403	0.584375
337.629550299999	0.584375
337.6460362	0.584375
337.6626895	0.584375
337.678978999999	0.584375
337.696182799999	0.584375
337.712947399999	0.584375
337.729185499999	0.584375
337.745806999999	0.584375
337.7634332	0.584375
337.779668499999	0.584375
337.7963408	0.584375
337.813211799999	0.584375
337.8295171	0.584375
337.8461321	0.584375
337.8630795	0.584375
337.879590299999	0.584375
337.8963847	0.584375
337.912725599999	0.584375
337.929517199999	0.584375
337.946582299999	0.584375
337.962870799999	0.584375
337.979505699999	0.584375
337.996088	0.584375
338.0128557	0.584375
338.029486799999	0.584375
338.0456476	0.584375
338.062344499999	0.584375
338.0791221	0.584375
338.095916499999	0.584375
338.112903099999	0.584375
338.129340099999	0.584375
338.1457776	0.584375
338.162816399999	0.584375
338.1796313	0.584375
338.1958178	0.584375
338.212860199999	0.584375
338.2300146	0.584375
338.246058799999	0.584375
338.262906499999	0.584375
338.2796008	0.584375
338.2963003	0.584375
338.313052199999	0.584375
338.329594299999	0.584375
338.3461136	0.584375
338.363499999999	0.584375
338.379394799999	0.584375
338.395778399999	0.584375
338.4128498	0.584375
338.429093199999	0.584375
338.446112199999	0.584375
338.4627179	0.584375
338.4796437	0.584375
338.49616	0.584375
338.512809899999	0.584375
338.5300588	0.584375
338.5460896	0.584375
338.562713599999	0.584375
338.5789668	0.584375
338.5961634	0.584375
338.612805	0.584375
338.6295013	0.584375
338.646125699999	0.584375
338.663240299999	0.584375
338.679705899999	0.584375
338.696041599999	0.584375
338.713252	0.584375
338.729696799999	0.584375
338.746006799999	0.584375
338.765099699999	0.584375
338.778947999999	0.584375
338.796084899999	0.584375
338.812846899999	0.584375
338.829346099999	0.584375
338.8459502	0.584375
338.862555	0.584375
338.878954199999	0.584375
338.896341199999	0.584375
338.9129496	0.584375
338.9295118	0.584375
338.9459136	0.584375
338.9624169	0.584375
338.9798094	0.584375
338.996228399999	0.584375
339.012948	0.584375
339.0293173	0.584375
339.0460918	0.584375
339.062781299999	0.584375
339.0794109	0.584375
339.095868599999	0.584375
339.112658599999	0.584375
339.1296213	0.584375
339.1461817	0.584375
339.1628586	0.584375
339.1795112	0.584375
339.1962637	0.584375
339.2129577	0.584375
339.2295421	0.584375
339.2463485	0.584375
339.2626943	0.584375
339.2792805	0.584375
339.2964968	0.584375
339.312407799999	0.584375
339.329677399999	0.584375
339.345744699999	0.584375
339.3627803	0.584375
339.379669999999	0.584375
339.395990499999	0.584375
339.4131934	0.584375
339.4294555	0.584375
339.446307699999	0.584375
339.4627819	0.584375
339.479642699999	0.584375
339.4962516	0.584375
339.512677	0.584375
339.529152399999	0.584375
339.5463628	0.584375
339.5622607	0.584375
339.579577199999	0.584375
339.5960767	0.584375
339.6123246	0.584375
339.6296438	0.584375
339.646602999999	0.584375
339.6624069	0.584375
339.679300299999	0.584375
339.696157699999	0.584375
339.712248899999	0.584375
339.729993299999	0.584375
339.745759799999	0.584375
339.7625511	0.584375
339.7795747	0.584375
339.796253699999	0.584375
339.8125074	0.584375
339.829283599999	0.584375
339.8460662	0.584375
339.8627583	0.584375
339.879662699999	0.584375
339.896081399999	0.584375
339.912580599999	0.584375
339.929842899999	0.584375
339.9460866	0.584375
339.9623286	0.584375
339.9792668	0.584375
339.9960581	0.584375
340.012645399999	0.584375
340.029011799999	0.584375
340.0460457	0.584375
340.0625708	0.584375
340.0797059	0.584375
340.0958548	0.584375
340.112614899999	0.584375
340.1295289	0.584375
340.145935	0.584375
340.162410299999	0.584375
340.1795548	0.584375
340.1962777	0.584375
340.212624299999	0.584375
340.2294095	0.584375
340.246023399999	0.584375
340.2623807	0.584375
340.2795615	0.584375
340.296127799999	0.584375
340.312287	0.584375
340.3296634	0.584375
340.346155699999	0.584375
340.362646899999	0.584375
340.379547199999	0.584375
340.395959199999	0.584375
340.4124247	0.584375
340.429554599999	0.584375
340.4458704	0.584375
340.4625981	0.584375
340.479257	0.584375
340.4958978	0.584375
340.512747299999	0.584375
340.5291921	0.584375
340.5463143	0.584375
340.5624952	0.584375
340.5795904	0.584375
340.5962492	0.584375
340.6126362	0.584375
340.629096199999	0.584375
340.646000199999	0.584375
340.662805499999	0.584375
340.679632199999	0.584375
340.696196499999	0.584375
340.712823499999	0.584375
340.729536	0.584375
340.7461847	0.584375
340.762749799999	0.584375
340.779517999999	0.584375
340.796077	0.584375
340.812349899999	0.584375
340.8293973	0.584375
340.8461413	0.584375
340.8623259	0.584375
340.879908	0.584375
340.8960964	0.584375
340.9130894	0.584375
340.929363599999	0.584375
340.945575299999	0.584375
340.962315	0.584375
340.9796988	0.584375
340.995641099999	0.584375
341.012612099999	0.584375
341.0304226	0.584375
341.0460453	0.584375
341.062310099999	0.584375
341.0796372	0.584375
341.0959082	0.584375
341.112361799999	0.584375
341.129403999999	0.584375
341.146433299999	0.584375
341.1627407	0.584375
341.179160899999	0.584375
341.1959484	0.584375
341.212368199999	0.584375
341.2295048	0.584375
341.2460856	0.584375
341.262631699999	0.584375
341.2795695	0.584375
341.2961957	0.584375
341.3124358	0.584375
341.3292936	0.584375
341.346052299999	0.584375
341.362501199999	0.584375
341.3794579	0.584375
341.396319199999	0.584375
341.4123597	0.584375
341.4308457	0.584375
341.4459308	0.584375
341.462210799999	0.584375
341.480748	0.584375
341.4958019	0.584375
341.5124024	0.584375
341.5295209	0.584375
341.546098899999	0.584375
341.5626065	0.584375
341.5793177	0.584375
341.596022	0.584375
341.612397299999	0.584375
341.6298001	0.584375
341.6459637	0.584375
341.6624396	0.584375
341.679593	0.584375
341.6958104	0.584375
341.7125994	0.584375
341.7293989	0.584375
341.7460882	0.584375
341.762664499999	0.584375
341.7793831	0.584375
341.7958113	0.584375
341.812913399999	0.584375
341.8298208	0.584375
341.846299	0.584375
341.864516799999	0.584375
341.879383199999	0.584375
341.8961893	0.584375
341.9124347	0.584375
341.9285991	0.584375
341.945630699999	0.584375
341.9620682	0.584375
341.9794784	0.584375
341.9959321	0.584375
342.0134553	0.584375
342.029785199999	0.584375
342.0463567	0.584375
342.062565699999	0.584375
342.079533399999	0.584375
342.095934	0.584375
342.112178699999	0.584375
342.1290033	0.584375
342.146111499999	0.584375
342.1622054	0.584375
342.1792269	0.584375
342.1962039	0.584375
342.2133976	0.584375
342.230290699999	0.584375
342.2461502	0.584375
342.2626603	0.584375
342.2796933	0.584375
342.2968354	0.584375
342.313630199999	0.584375
342.329477699999	0.584375
342.3462823	0.584375
342.362474099999	0.584375
342.3792171	0.584375
342.395979399999	0.584375
342.412745799999	0.584375
342.429147399999	0.584375
342.445845699999	0.584375
342.4628693	0.584375
342.4802695	0.584375
342.4959197	0.584375
342.512527899999	0.584375
342.5298913	0.584375
342.545956	0.584375
342.5631298	0.584375
342.579183399999	0.584375
342.596168599999	0.584375
342.612676399999	0.584375
342.6292404	0.584375
342.6472218	0.584375
342.6624126	0.584375
342.679899999999	0.584375
342.696200599999	0.584375
342.713785299999	0.584375
342.729071999999	0.584375
342.745637399999	0.584375
342.7666678	0.584375
342.77902	0.584375
342.795950299999	0.584375
342.8120915	0.584375
342.8295768	0.584375
342.8462107	0.584375
342.8622618	0.584375
342.8796803	0.584375
342.896022899999	0.584375
342.9127191	0.584375
342.9301828	0.584375
342.9458221	0.584375
342.962659399999	0.584375
342.9793652	0.584375
342.9959424	0.584375
343.0123439	0.584375
343.028823099999	0.584375
343.0458154	0.584375
343.0628683	0.584375
343.078981899999	0.584375
343.096260099999	0.584375
343.1127725	0.584375
343.129330999999	0.584375
343.1459374	0.584375
343.162511799999	0.584375
343.179316899999	0.584375
343.1959983	0.584375
343.2122236	0.584375
343.229242599999	0.584375
343.245776199999	0.584375
343.2622247	0.584375
343.2796147	0.584375
343.2960543	0.584375
343.312653499999	0.584375
343.3293374	0.584375
343.3459822	0.584375
343.362657	0.584375
343.379399599999	0.584375
343.39585	0.584375
343.412586199999	0.584375
343.4294057	0.584375
343.445901499999	0.584375
343.4625717	0.584375
343.4795251	0.584375
343.4958554	0.584375
343.512554	0.584375
343.5294692	0.584375
343.5460028	0.584375
343.563412	0.584375
343.5794613	0.584375
343.5958623	0.584375
343.612313099999	0.584375
343.629374499999	0.584375
343.6461204	0.584375
343.6624941	0.584375
343.6790236	0.584375
343.696112199999	0.584375
343.7126381	0.584375
343.729399899999	0.584375
343.7461152	0.584375
343.7626406	0.584375
343.7793924	0.584375
343.795868699999	0.584375
343.812649199999	0.584375
343.8293054	0.584375
343.8459318	0.584375
343.8625875	0.584375
343.8792194	0.584375
343.8956098	0.584375
343.9127381	0.584375
343.9294781	0.584375
343.945812999999	0.584375
343.962672899999	0.584375
343.9791717	0.584375
343.995869799999	0.584375
344.012651499999	0.584375
344.0294417	0.584375
344.0459611	0.584375
344.0625027	0.584375
344.079330299999	0.584375
344.0959888	0.584375
344.1125058	0.584375
344.129066699999	0.584375
344.145834	0.584375
344.163006199999	0.584375
344.1791134	0.584375
344.195969699999	0.584375
344.2126174	0.584375
344.22898	0.584375
344.2457927	0.584375
344.2627997	0.584375
344.2794883	0.584375
344.2960868	0.584375
344.3126833	0.584375
344.3292299	0.584375
344.3458101	0.584375
344.367305999999	0.584375
344.378916899999	0.584375
344.3958831	0.584375
344.4126434	0.584375
344.4293748	0.584375
344.445656999999	0.584375
344.462687499999	0.584375
344.4794261	0.584375
344.4960568	0.584375
344.5126578	0.584375
344.529343599999	0.584375
344.545569299999	0.584375
344.562257799999	0.584375
344.5792003	0.584375
344.5960054	0.584375
344.6126035	0.584375
344.6293417	0.584375
344.6456168	0.584375
344.662532099999	0.584375
344.6790186	0.584375
344.6960113	0.584375
344.7127586	0.584375
344.7290937	0.584375
344.7458625	0.584375
344.763122599999	0.584375
344.779362599999	0.584375
344.795842	0.584375
344.812811299999	0.584375
344.829321099999	0.584375
344.8460808	0.584375
344.8624228	0.584375
344.8794694	0.584375
344.8957088	0.584375
344.9127309	0.584375
344.9294885	0.584375
344.9457937	0.584375
344.9624459	0.584375
344.979408499999	0.584375
344.9960372	0.584375
345.0127224	0.584375
345.029238499999	0.584375
345.045809499999	0.584375
345.062468499999	0.584375
345.078854799999	0.584375
345.0959389	0.584375
345.113020999999	0.584375
345.128898299999	0.584375
345.1454342	0.584375
345.162986699999	0.584375
345.1794267	0.584375
345.195919299999	0.584375
345.2125956	0.584375
345.229344799999	0.584375
345.2458553	0.584375
345.2632325	0.584375
345.279488499999	0.584375
345.296290499999	0.584375
345.3124106	0.584375
345.329472799999	0.584375
345.3455675	0.584375
345.362872899999	0.584375
345.3789246	0.584375
345.395643399999	0.584375
345.412939899999	0.584375
345.4295446	0.584375
345.445674	0.584375
345.4627962	0.584375
345.479294	0.584375
345.4960028	0.584375
345.5125288	0.584375
345.529493	0.584375
345.545654299999	0.584375
345.5623455	0.584375
345.5794577	0.584375
345.5960878	0.584375
345.6127699	0.584375
345.629403499999	0.584375
345.6457076	0.584375
345.6624845	0.584375
345.6791373	0.584375
345.6962944	0.584375
345.712699299999	0.584375
345.7290352	0.584375
345.7453841	0.584375
345.762387799999	0.584375
345.7793661	0.584375
345.7955936	0.584375
345.8126324	0.584375
345.8291322	0.584375
345.845735899999	0.584375
345.862737199999	0.584375
345.8793852	0.584375
345.8961254	0.584375
345.9126652	0.584375
345.929484699999	0.584375
345.945824099999	0.584375
345.963315499999	0.584375
345.9792848	0.584375
345.9956235	0.584375
346.0126892	0.584375
346.029334899999	0.584375
346.0458216	0.584375
346.062231499999	0.584375
346.079293299999	0.584375
346.0959346	0.584375
346.112284999999	0.584375
346.129335899999	0.584375
346.145660499999	0.584375
346.1622407	0.584375
346.179320699999	0.584375
346.196148399999	0.584375
346.212267899999	0.584375
346.229159899999	0.584375
346.2458376	0.584375
346.262467699999	0.584375
346.279297399999	0.584375
346.2960342	0.584375
346.3126654	0.584375
346.328922899999	0.584375
346.345913599999	0.584375
346.3625078	0.584375
346.379245399999	0.584375
346.3958403	0.584375
346.412390699999	0.584375
346.429260499999	0.584375
346.445881799999	0.584375
346.462716399999	0.584375
346.479134599999	0.584375
346.4960611	0.584375
346.512626399999	0.584375
346.529241699999	0.584375
346.546154899999	0.584375
346.562960699999	0.584375
346.5788575	0.584375
346.5957904	0.584375
346.6130518	0.584375
346.6291113	0.584375
346.6458035	0.584375
346.662283	0.584375
346.6793872	0.584375
346.695747199999	0.584375
346.712766099999	0.584375
346.7290133	0.584375
346.745462499999	0.584375
346.7626596	0.584375
346.779486599999	0.584375
346.7957597	0.584375
346.8126807	0.584375
346.829145799999	0.584375
346.845713199999	0.584375
346.862560699999	0.584375
346.8794848	0.584375
346.895819599999	0.584375
346.9122259	0.584375
346.929257399999	0.584375
346.945710399999	0.584375
346.9627537	0.584375
346.9791028	0.584375
346.995783699999	0.584375
347.0129167	0.584375
347.0290829	0.584375
347.045794899999	0.584375
347.062489	0.584375
347.079156899999	0.584375
347.096097	0.584375
347.112509299999	0.584375
347.129380799999	0.584375
347.1457026	0.584375
347.162308399999	0.584375
347.1791598	0.584375
347.195425299999	0.584375
347.212568299999	0.584375
347.228705899999	0.584375
347.245721099999	0.584375
347.2627433	0.584375
347.278993	0.584375
347.2958536	0.584375
347.3127078	0.584375
347.3291389	0.584375
347.345761199999	0.584375
347.362508599999	0.584375
347.3790075	0.584375
347.3957703	0.584375
347.4125054	0.584375
347.429041799999	0.584375
347.445396399999	0.584375
347.4628046	0.584375
347.4793272	0.584375
347.495909099999	0.584375
347.512426699999	0.584375
347.529231199999	0.584375
347.545764	0.584375
347.5625117	0.584375
347.5794883	0.584375
347.5956191	0.584375
347.6128395	0.584375
347.6287329	0.584375
347.6453272	0.584375
347.6625755	0.584375
347.6793142	0.584375
347.6957211	0.584375
347.7127431	0.584375
347.7295064	0.584375
347.7458792	0.584375
347.762279799999	0.584375
347.780123699999	0.584375
347.795673799999	0.584375
347.812327299999	0.584375
347.828644099999	0.584375
347.8457063	0.584375
347.8619504	0.584375
347.8797141	0.584375
347.895714099999	0.584375
347.9123844	0.584375
347.9295907	0.584375
347.9457456	0.584375
347.9624194	0.584375
347.9791011	0.584375
347.995878799999	0.584375
348.012572099999	0.584375
348.0289352	0.584375
348.0453198	0.584375
348.062222899999	0.584375
348.0793034	0.584375
348.0954345	0.584375
348.1128222	0.584375
348.1290831	0.584375
348.1456381	0.584375
348.162680699999	0.584375
348.1792737	0.584375
348.195527899999	0.584375
348.212693199999	0.584375
348.229022199999	0.584375
348.245552099999	0.584375
348.2625775	0.584375
348.279035799999	0.584375
348.2955741	0.584375
348.3123197	0.584375
348.3291333	0.584375
348.345441799999	0.584375
348.362707499999	0.584375
348.379166999999	0.584375
348.395772899999	0.584375
348.412323299999	0.584375
348.4292866	0.584375
348.4456437	0.584375
348.462452899999	0.584375
348.4791249	0.584375
348.495819899999	0.584375
348.512497	0.584375
348.529356499999	0.584375
348.5457552	0.584375
348.561975899999	0.584375
348.5789644	0.584375
348.5955015	0.584375
348.612749399999	0.584375
348.629015099999	0.584375
348.6456135	0.584375
348.662480999999	0.584375
348.679131299999	0.584375
348.695673499999	0.584375
348.712602099999	0.584375
348.728956299999	0.584375
348.745871599999	0.584375
348.762234299999	0.584375
348.779083699999	0.584375
348.7957768	0.584375
348.812272499999	0.584375
348.829054899999	0.584375
348.846006899999	0.584375
348.8628272	0.584375
348.879175599999	0.584375
348.8954515	0.584375
348.912282699999	0.584375
348.9293036	0.584375
348.9454024	0.584375
348.962525	0.584375
348.978810799999	0.584375
348.995891899999	0.584375
349.0125173	0.584375
349.029115599999	0.584375
349.0456373	0.584375
349.0621345	0.584375
349.0789734	0.584375
349.095836699999	0.584375
349.112436199999	0.584375
349.1289755	0.584375
349.1457426	0.584375
349.162507999999	0.584375
349.178912099999	0.584375
349.1950726	0.584375
349.2118543	0.584375
349.229133	0.584375
349.2452679	0.584375
349.262270499999	0.584375
349.2788022	0.584375
349.2952078	0.584375
349.3127673	0.584375
349.329202299999	0.584375
349.345704699999	0.584375
349.3624725	0.584375
349.3790142	0.584375
349.395256299999	0.584375
349.4125183	0.584375
349.4291673	0.584375
349.4452372	0.584375
349.4620061	0.584375
349.4791287	0.584375
349.495247999999	0.584375
349.512142	0.584375
349.5288052	0.584375
349.5453251	0.584375
349.562836999999	0.584375
349.579105399999	0.584375
349.5954132	0.584375
349.612625799999	0.584375
349.629309299999	0.584375
349.6454361	0.584375
349.6625869	0.584375
349.679175699999	0.584375
349.695261	0.584375
349.712495	0.584375
349.7289457	0.584375
349.7451684	0.584375
349.7627698	0.584375
349.778933299999	0.584375
349.7959119	0.584375
349.8126352	0.584375
349.829157499999	0.584375
349.845228599999	0.584375
349.8626343	0.584375
349.8791629	0.584375
349.8955098	0.584375
349.912380199999	0.584375
349.9291225	0.584375
349.945233699999	0.584375
349.962234	0.584375
349.9791704	0.584375
349.9956376	0.584375
350.012270499999	0.584375
350.029009899999	0.584375
350.0454181	0.584375
350.062819299999	0.584375
350.0792557	0.584375
350.095593399999	0.584375
350.112619699999	0.584375
350.1290702	0.584375
350.145597799999	0.584375
350.162455999999	0.584375
350.1793675	0.584375
350.1955859	0.584375
350.2124931	0.584375
350.229315299999	0.584375
350.245597399999	0.584375
350.2624963	0.584375
350.2791708	0.584375
350.2957858	0.584375
350.3125953	0.584375
350.3291488	0.584375
350.345541299999	0.584375
350.362583399999	0.584375
350.379146099999	0.584375
350.395642699999	0.584375
350.4125587	0.584375
350.4290142	0.584375
350.445218399999	0.584375
350.462655599999	0.584375
350.4790727	0.584375
350.495292899999	0.584375
350.5122255	0.584375
350.528551699999	0.584375
350.545279299999	0.584375
350.5624837	0.584375
350.5790811	0.584375
350.595407299999	0.584375
350.6126206	0.584375
350.629142999999	0.584375
350.6458034	0.584375
350.662186299999	0.584375
350.679380099999	0.584375
350.6955896	0.584375
350.7126128	0.584375
350.7291987	0.584375
350.7458736	0.584375
350.762539799999	0.584375
350.779097	0.584375
350.795291699999	0.584375
350.8124632	0.584375
350.8286757	0.584375
350.8451766	0.584375
350.862358799999	0.584375
350.87872	0.584375
350.895606599999	0.584375
350.9120502	0.584375
350.929058799999	0.584375
350.945273099999	0.584375
350.9623549	0.584375
350.979036899999	0.584375
350.9957016	0.584375
351.012510199999	0.584375
351.0289496	0.584375
351.0453523	0.584375
351.0624577	0.584375
351.079196299999	0.584375
351.095917799999	0.584375
351.1122908	0.584375
351.128893399999	0.584375
351.145622399999	0.584375
351.1623347	0.584375
351.179158399999	0.584375
351.195706199999	0.584375
351.2123428	0.584375
351.2290263	0.584375
351.245587199999	0.584375
351.2624148	0.584375
351.278566499999	0.584375
351.295619799999	0.584375
351.3121438	0.584375
351.328906199999	0.584375
351.3453812	0.584375
351.3622657	0.584375
351.378857199999	0.584375
351.395247199999	0.584375
351.4120029	0.584375
351.4290371	0.584375
351.4454483	0.584375
351.4622106	0.584375
351.4791864	0.584375
351.4951941	0.584375
351.512376	0.584375
351.5290858	0.584375
351.545639	0.584375
351.562641799999	0.584375
351.578710299999	0.584375
351.595268399999	0.584375
351.612390499999	0.584375
351.628995999999	0.584375
351.645573	0.584375
351.6627008	0.584375
351.678746	0.584375
351.6954453	0.584375
351.7124693	0.584375
351.728927499999	0.584375
351.745563099999	0.584375
351.7625511	0.584375
351.7788409	0.584375
351.795396699999	0.584375
351.812451	0.584375
351.8288858	0.584375
351.845319999999	0.584375
351.862132699999	0.584375
351.8794444	0.584375
351.8958581	0.584375
351.9124095	0.584375
351.929023899999	0.584375
351.9456697	0.584375
351.962168399999	0.584375
351.978988999999	0.584375
351.9954638	0.584375
352.012177199999	0.584375
352.0292291	0.584375
352.045509299999	0.584375
352.0627784	0.584375
352.078991599999	0.584375
352.0956977	0.584375
352.11259	0.584375
352.128841299999	0.584375
352.1455817	0.584375
352.162280899999	0.584375
352.1789866	0.584375
352.195612899999	0.584375
352.2121533	0.584375
352.2289918	0.584375
352.2454462	0.584375
352.2622415	0.584375
352.2789303	0.584375
352.295537999999	0.584375
352.3121265	0.584375
352.3289692	0.584375
352.345674599999	0.584375
352.3625649	0.584375
352.378901399999	0.584375
352.3958189	0.584375
352.4125943	0.584375
352.4289051	0.584375
352.4456303	0.584375
352.4625535	0.584375
352.4793562	0.584375
352.4953036	0.584375
352.5122732	0.584375
352.529167799999	0.584375
352.545546699999	0.584375
352.562688399999	0.584375
352.579146499999	0.584375
352.595704599999	0.584375
352.612186799999	0.584375
352.628591999999	0.584375
352.645369499999	0.584375
352.6629009	0.584375
352.6793214	0.584375
352.6954343	0.584375
352.712763199999	0.584375
352.7285198	0.584375
352.745583299999	0.584375
352.762010099999	0.584375
352.7788212	0.584375
352.7955772	0.584375
352.8121106	0.584375
352.8289667	0.584375
352.8455299	0.584375
352.8625464	0.584375
352.879098799999	0.584375
352.8956368	0.584375
352.912421399999	0.584375
352.9289792	0.584375
352.945742299999	0.584375
352.962348999999	0.584375
352.9784444	0.584375
352.9958791	0.584375
353.0123415	0.584375
353.028975499999	0.584375
353.045607399999	0.584375
353.0623888	0.584375
353.0787796	0.584375
353.095595299999	0.584375
353.1123361	0.584375
353.1288023	0.584375
353.1458506	0.584375
353.1623948	0.584375
353.178728	0.584375
353.1955105	0.584375
353.212056099999	0.584375
353.2288669	0.584375
353.2455875	0.584375
353.262140899999	0.584375
353.2791351	0.584375
353.2956955	0.584375
353.312296399999	0.584375
353.3290158	0.584375
353.3456664	0.584375
353.3624942	0.584375
353.378965399999	0.584375
353.3958944	0.584375
353.4124124	0.584375
353.4291156	0.584375
353.445366	0.584375
353.461974399999	0.584375
353.478594599999	0.584375
353.495391799999	0.584375
353.5122358	0.584375
353.529023999999	0.584375
353.545621699999	0.584375
353.5623706	0.584375
353.579097	0.584375
353.5954212	0.584375
353.612391199999	0.584375
353.6289737	0.584375
353.6461776	0.584375
353.6628469	0.584375
353.678854799999	0.584375
353.6951567	0.584375
353.712378499999	0.584375
353.7290795	0.584375
353.7456814	0.584375
353.7624921	0.584375
353.779087	0.584375
353.7954971	0.584375
353.812367699999	0.584375
353.8286216	0.584375
353.845186299999	0.584375
353.8627258	0.584375
353.878989899999	0.584375
353.8959006	0.584375
353.912315699999	0.584375
353.928929999999	0.584375
353.945537699999	0.584375
353.9633334	0.584375
353.9788887	0.584375
353.9956238	0.584375
354.012479499999	0.584375
354.028753099999	0.584375
354.045816899999	0.584375
354.0624548	0.584375
354.0791456	0.584375
354.0952737	0.584375
354.1123362	0.584375
354.1286671	0.584375
354.145430699999	0.584375
354.162457599999	0.584375
354.1789774	0.584375
354.195607799999	0.584375
354.2120698	0.584375
354.2287859	0.584375
354.245665199999	0.584375
354.262325999999	0.584375
354.278923999999	0.584375
354.2956924	0.584375
354.3121094	0.584375
354.329586	0.584375
354.345559199999	0.584375
354.362396099999	0.584375
354.3793375	0.584375
354.3954784	0.584375
354.4120359	0.584375
354.4290335	0.584375
354.4459798	0.584375
354.461942299999	0.584375
354.478655899999	0.584375
354.495557499999	0.584375
354.5122843	0.584375
354.528655599999	0.584375
354.5455563	0.584375
354.5624173	0.584375
354.578968399999	0.584375
354.595552899999	0.584375
354.612516499999	0.584375
354.6289385	0.584375
354.645732	0.584375
354.662171499999	0.584375
354.6791349	0.584375
354.6952796	0.584375
354.712165299999	0.584375
354.7288744	0.584375
354.7452329	0.584375
354.762389	0.584375
354.779218299999	0.584375
354.795689199999	0.584375
354.8122119	0.584375
354.828949799999	0.584375
354.845477	0.584375
354.8623011	0.584375
354.87905	0.584375
354.895611999999	0.584375
354.912391899999	0.584375
354.928963099999	0.584375
354.945739199999	0.584375
354.962423499999	0.584375
354.9788897	0.584375
354.995513499999	0.584375
355.0119004	0.584375
355.028223599999	0.584375
355.0457858	0.584375
355.0622742	0.584375
355.0789556	0.584375
355.095609499999	0.584375
355.1122903	0.584375
355.1289252	0.584375
355.1452905	0.584375
355.1620048	0.584375
355.1789578	0.584375
355.1956003	0.584375
355.212279699999	0.584375
355.22881	0.584375
355.2456107	0.584375
355.261909999999	0.584375
355.278799199999	0.584375
355.2956582	0.584375
355.3121262	0.584375
355.328522299999	0.584375
355.3452091	0.584375
355.362062699999	0.584375
355.378949899999	0.584375
355.395712	0.584375
355.4121565	0.584375
355.4285535	0.584375
355.445545199999	0.584375
355.4623182	0.584375
355.4785683	0.584375
355.495604799999	0.584375
355.512299	0.584375
355.5289907	0.584375
355.545350199999	0.584375
355.5621083	0.584375
355.5791967	0.584375
355.595729799999	0.584375
355.612110599999	0.584375
355.6287499	0.584375
355.6455774	0.584375
355.6624284	0.584375
355.6790199	0.584375
355.695956299999	0.584375
355.712464099999	0.584375
355.728364799999	0.584375
355.7458054	0.584375
355.762022	0.584375
355.7785423	0.584375
355.7957772	0.584375
355.812378199999	0.584375
355.8285701	0.584375
355.845596599999	0.584375
355.862405299999	0.584375
355.8788582	0.584375
355.895594299999	0.584375
355.912509399999	0.584375
355.9285708	0.584375
355.9457483	0.584375
355.961945399999	0.584375
355.978977799999	0.584375
355.9956551	0.584375
356.0124933	0.584375
356.029010499999	0.584375
356.0457332	0.584375
356.062192199999	0.584375
356.078868	0.584375
356.0953776	0.584375
356.1122411	0.584375
356.1288417	0.584375
356.1450851	0.584375
356.1625712	0.584375
356.179066299999	0.584375
356.195661799999	0.584375
356.2124973	0.584375
356.2291962	0.584375
356.246063	0.584375
356.2621615	0.584375
356.2788246	0.584375
356.2960764	0.584375
356.312253399999	0.584375
356.328559099999	0.584375
356.3450723	0.584375
356.362408499999	0.584375
356.378735699999	0.584375
356.3956891	0.584375
356.411993	0.584375
356.428771999999	0.584375
356.445703099999	0.584375
356.462364	0.584375
356.478397399999	0.584375
356.4956593	0.584375
356.5123114	0.584375
356.5284882	0.584375
356.545287399999	0.584375
356.5621954	0.584375
356.578228199999	0.584375
356.5955709	0.584375
356.612383299999	0.584375
356.628652099999	0.584375
356.645485499999	0.584375
356.662157299999	0.584375
356.6788425	0.584375
356.6952721	0.584375
356.71254	0.584375
356.728999999999	0.584375
356.745694499999	0.584375
356.762345599999	0.584375
356.7787265	0.584375
356.795772699999	0.584375
356.811910199999	0.584375
356.828485	0.584375
356.8457307	0.584375
356.862054699999	0.584375
356.878498599999	0.584375
356.8955455	0.584375
356.912415399999	0.584375
356.9284277	0.584375
356.945510799999	0.584375
356.9621656	0.584375
356.9789266	0.584375
356.9953306	0.584375
357.0123465	0.584375
357.0288519	0.584375
357.045379699999	0.584375
357.0623483	0.584375
357.078787699999	0.584375
357.0957712	0.584375
357.112241899999	0.584375
357.128880499999	0.584375
357.1454556	0.584375
357.1621805	0.584375
357.1786071	0.584375
357.1954792	0.584375
357.212156	0.584375
357.228718599999	0.584375
357.2452199	0.584375
357.262163699999	0.584375
357.278546099999	0.584375
357.295845799999	0.584375
357.3123901	0.584375
357.328778999999	0.584375
357.345135899999	0.584375
357.3624659	0.584375
357.378520599999	0.584375
357.395226199999	0.584375
357.4122964	0.584375
357.4282773	0.584375
357.445363999999	0.584375
357.462724399999	0.584375
357.4787904	0.584375
357.4955985	0.584375
357.5122911	0.584375
357.5285569	0.584375
357.5452796	0.584375
357.562040899999	0.584375
357.578915599999	0.584375
357.5957198	0.584375
357.6120268	0.584375
357.628662599999	0.584375
357.645335699999	0.584375
357.662154099999	0.584375
357.6786684	0.584375
357.6953606	0.584375
357.712036999999	0.584375
357.728766599999	0.584375
357.745679299999	0.584375
357.762365	0.584375
357.778175699999	0.584375
357.795452099999	0.584375
357.812201399999	0.584375
357.828354699999	0.584375
357.8452128	0.584375
357.8621182	0.584375
357.878617099999	0.584375
357.8957002	0.584375
357.9121903	0.584375
357.9288105	0.584375
357.9451307	0.584375
357.961940499999	0.584375
357.978839099999	0.584375
357.9955341	0.584375
358.011975799999	0.584375
358.0287191	0.584375
358.0455235	0.584375
358.0623883	0.584375
358.078693799999	0.584375
358.095649	0.584375
358.112183099999	0.584375
358.1282051	0.584375
358.145481799999	0.584375
358.162125	0.584375
358.178779	0.584375
358.195064899999	0.584375
358.211984899999	0.584375
358.2291418	0.584375
358.245497	0.584375
358.2619814	0.584375
358.278533999999	0.584375
358.295418799999	0.584375
358.311830199999	0.584375
358.3286647	0.584375
358.345600799999	0.584375
358.3621023	0.584375
358.3783121	0.584375
358.395636099999	0.584375
358.412070599999	0.584375
358.4289352	0.584375
358.445287	0.584375
358.462060399999	0.584375
358.478691599999	0.584375
358.495560099999	0.584375
358.5123195	0.584375
358.5286171	0.584375
358.5456791	0.584375
358.562171199999	0.584375
358.578536399999	0.584375
358.595542599999	0.584375
358.6124241	0.584375
358.6287137	0.584375
358.645212699999	0.584375
358.6621618	0.584375
358.6787503	0.584375
358.695316099999	0.584375
358.7121631	0.584375
358.7285803	0.584375
358.7452973	0.584375
358.762074099999	0.584375
358.7785236	0.584375
358.795578099999	0.584375
358.812253399999	0.584375
358.828682799999	0.584375
358.845433	0.584375
358.862383299999	0.584375
358.878761299999	0.584375
358.895078699999	0.584375
358.9124212	0.584375
358.9286072	0.584375
358.945188899999	0.584375
358.962364499999	0.584375
358.9791496	0.584375
358.9955187	0.584375
359.0120167	0.584375
359.0281534	0.584375
359.0450347	0.584375
359.061667299999	0.584375
359.0781681	0.584375
359.095394999999	0.584375
359.1121747	0.584375
359.128226399999	0.584375
359.1455258	0.584375
359.162310999999	0.584375
359.1785758	0.584375
359.195636599999	0.584375
359.212159299999	0.584375
359.228474099999	0.584375
359.245173099999	0.584375
359.261863999999	0.584375
359.2785494	0.584375
359.2955581	0.584375
359.312135599999	0.584375
359.328134099999	0.584375
359.345587	0.584375
359.361908899999	0.584375
359.378649599999	0.584375
359.3956344	0.584375
359.4121458	0.584375
359.4284565	0.584375
359.4453484	0.584375
359.4619766	0.584375
359.4785856	0.584375
359.4951738	0.584375
359.5121118	0.584375
359.5283185	0.584375
359.548144699999	0.584375
359.562473499999	0.584375
359.5780631	0.584375
359.595225499999	0.584375
359.6121754	0.584375
359.6289344	0.584375
359.645439999999	0.584375
359.662163999999	0.584375
359.678343	0.584375
359.6954231	0.584375
359.712165299999	0.584375
359.728520299999	0.584375
359.745313799999	0.584375
359.762346	0.584375
359.7782123	0.584375
359.7955161	0.584375
359.8121973	0.584375
359.82853	0.584375
359.8454382	0.584375
359.8621512	0.584375
359.8787088	0.584375
359.8956025	0.584375
359.9121324	0.584375
359.928582199999	0.584375
359.9453807	0.584375
359.962170899999	0.584375
359.9785422	0.584375
359.995134	0.584375
360.011748399999	0.584375
360.028739599999	0.584375
360.0454279	0.584375
360.061615699999	0.584375
360.0785633	0.584375
360.095440499999	0.584375
360.1120679	0.584375
360.1286322	0.584375
360.1454901	0.584375
360.1621943	0.584375
360.179081499999	0.584375
360.1953324	0.584375
360.212024199999	0.584375
360.228257299999	0.584375
360.244953099999	0.584375
360.262179799999	0.584375
360.278193499999	0.584375
360.295921399999	0.584375
360.311951	0.584375
360.328256199999	0.584375
360.3453406	0.584375
360.3622694	0.584375
360.378438899999	0.584375
360.3951904	0.584375
360.4122989	0.584375
360.4285507	0.584375
360.445359599999	0.584375
360.462126099999	0.584375
360.4783788	0.584375
360.4953435	0.584375
360.5120472	0.584375
360.5287394	0.584375
360.5454854	0.584375
360.562110999999	0.584375
360.578576999999	0.584375
360.5952075	0.584375
360.6120119	0.584375
360.628446399999	0.584375
360.645378699999	0.584375
360.661811399999	0.584375
360.6786531	0.584375
360.6955048	0.584375
360.7121693	0.584375
360.728436599999	0.584375
360.745398599999	0.584375
360.7623742	0.584375
360.7784929	0.584375
360.7954095	0.584375
360.8123409	0.584375
360.8286745	0.584375
360.845508599999	0.584375
360.861953299999	0.584375
360.8788436	0.584375
360.8951023	0.584375
360.9119278	0.584375
360.9282815	0.584375
360.9452738	0.584375
360.961939899999	0.584375
360.978660399999	0.584375
360.995135499999	0.584375
361.011815	0.584375
361.0282301	0.584375
361.045572399999	0.584375
361.061951199999	0.584375
361.0786564	0.584375
361.095410499999	0.584375
361.112429999999	0.584375
361.1285843	0.584375
361.145056099999	0.584375
361.1618001	0.584375
361.178461	0.584375
361.195032799999	0.584375
361.2119428	0.584375
361.228778999999	0.584375
361.2450327	0.584375
361.2621498	0.584375
361.278762999999	0.584375
361.2955869	0.584375
361.3123203	0.584375
361.3286351	0.584375
361.3449144	0.584375
361.3620542	0.584375
361.3788249	0.584375
361.3952639	0.584375
361.412184299999	0.584375
361.428219599999	0.584375
361.445043899999	0.584375
361.4619932	0.584375
361.4785606	0.584375
361.4949565	0.584375
361.5119102	0.584375
361.528681999999	0.584375
361.545251299999	0.584375
361.5620553	0.584375
361.578635299999	0.584375
361.595007999999	0.584375
361.6119192	0.584375
361.6285363	0.584375
361.645024599999	0.584375
361.662194	0.584375
361.678887599999	0.584375
361.695438799999	0.584375
361.7123886	0.584375
361.728486499999	0.584375
361.7450406	0.584375
361.7620465	0.584375
361.778901199999	0.584375
361.7953732	0.584375
361.8122205	0.584375
361.828577699999	0.584375
361.8452689	0.584375
361.8618416	0.584375
361.8785061	0.584375
361.8954686	0.584375
361.912163999999	0.584375
361.928708099999	0.584375
361.9453404	0.584375
361.9619162	0.584375
361.9786454	0.584375
361.995513299999	0.584375
362.011766299999	0.584375
362.0287627	0.584375
362.045517899999	0.584375
362.0619944	0.584375
362.0785891	0.584375
362.0956018	0.584375
362.1118453	0.584375
362.128329599999	0.584375
362.145479199999	0.584375
362.1621153	0.584375
362.178639299999	0.584375
362.195335199999	0.584375
362.211828	0.584375
362.2286053	0.584375
362.2454012	0.584375
362.261965199999	0.584375
362.278636	0.584375
362.2953886	0.584375
362.312213599999	0.584375
362.328301699999	0.584375
362.345153099999	0.584375
362.361847599999	0.584375
362.3786043	0.584375
362.3947413	0.584375
362.4122573	0.584375
362.428563199999	0.584375
362.4453716	0.584375
362.4620036	0.584375
362.478674399999	0.584375
362.4953498	0.584375
362.511876799999	0.584375
362.5293249	0.584375
362.545383199999	0.584375
362.561812899999	0.584375
362.578612099999	0.584375
362.595341599999	0.584375
362.6115345	0.584375
362.628148199999	0.584375
362.645218	0.584375
362.662061499999	0.584375
362.6791002	0.584375
362.695366899999	0.584375
362.7119176	0.584375
362.728560299999	0.584375
362.745440199999	0.584375
362.761811599999	0.584375
362.7787479	0.584375
362.7956116	0.584375
362.812036699999	0.584375
362.828474	0.584375
362.8452923	0.584375
362.8618492	0.584375
362.8784037	0.584375
362.895086799999	0.584375
362.912145699999	0.584375
362.9281382	0.584375
362.945368199999	0.584375
362.961597699999	0.584375
362.978186599999	0.584375
362.9966083	0.584375
363.012619399999	0.584375
363.0285113	0.584375
363.0451899	0.584375
363.0618141	0.584375
363.0780913	0.584375
363.094875999999	0.584375
363.112270199999	0.584375
363.128590599999	0.584375
363.1454908	0.584375
363.1619824	0.584375
363.178738199999	0.584375
363.195065899999	0.584375
363.211789399999	0.584375
363.228660299999	0.584375
363.2450448	0.584375
363.261717799999	0.584375
363.2783562	0.584375
363.295325999999	0.584375
363.3119173	0.584375
363.328714699999	0.584375
363.3452658	0.584375
363.362069899999	0.584375
363.3786187	0.584375
363.3953807	0.584375
363.4119185	0.584375
363.428742399999	0.584375
363.445006	0.584375
363.4616141	0.584375
363.478636299999	0.584375
363.4955639	0.584375
363.5122887	0.584375
363.528883999999	0.584375
363.544856699999	0.584375
363.562074199999	0.584375
363.5785756	0.584375
363.594816399999	0.584375
363.6119775	0.584375
363.628581	0.584375
363.645379	0.584375
363.661704599999	0.584375
363.6786568	0.584375
363.6953728	0.584375
363.711385699999	0.584375
363.728622899999	0.584375
363.745263999999	0.584375
363.762110299999	0.584375
363.778417899999	0.584375
363.7949726	0.584375
363.8121026	0.584375
363.8286082	0.584375
363.8453812	0.584375
363.8616231	0.584375
363.878624	0.584375
363.8952568	0.584375
363.9118952	0.584375
363.9281679	0.584375
363.9448874	0.584375
363.9618523	0.584375
363.9789457	0.584375
363.9951893	0.584375
364.0120509	0.584375
364.028874299999	0.584375
364.045053299999	0.584375
364.0616421	0.584375
364.078557999999	0.584375
364.095273999999	0.584375
364.1120357	0.584375
364.128699299999	0.584375
364.1453433	0.584375
364.1617566	0.584375
364.1810614	0.584375
364.195955699999	0.584375
364.212743499999	0.584375
364.229714499999	0.584375
364.2452703	0.584375
364.2621143	0.584375
364.278590999999	0.584375
364.2954075	0.584375
364.311761299999	0.584375
364.328709199999	0.584375
364.345269099999	0.584375
364.3620272	0.584375
364.3782315	0.584375
364.3951829	0.584375
364.4120128	0.584375
364.4285808	0.584375
364.4452763	0.584375
364.461979	0.584375
364.4785709	0.584375
364.4951144	0.584375
364.511963	0.584375
364.5284593	0.584375
364.545146799999	0.584375
364.5623233	0.584375
364.578759399999	0.584375
364.595187899999	0.584375
364.612188999999	0.584375
364.628416699999	0.584375
364.6449883	0.584375
364.6618823	0.584375
364.6782052	0.584375
364.694910699999	0.584375
364.711555499999	0.584375
364.728977399999	0.584375
364.7451968	0.584375
364.761975199999	0.584375
364.7787893	0.584375
364.795145399999	0.584375
364.8119781	0.584375
364.8285387	0.584375
364.8452762	0.584375
364.862059399999	0.584375
364.8783207	0.584375
364.8955467	0.584375
364.911867	0.584375
364.9285393	0.584375
364.9453452	0.584375
364.961862599999	0.584375
364.9785938	0.584375
364.995088799999	0.584375
365.011715299999	0.584375
365.0283903	0.584375
365.045123	0.584375
365.0620941	0.584375
365.0783808	0.584375
365.095176299999	0.584375
365.1110763	0.584375
365.128016899999	0.584375
365.145164099999	0.584375
365.161836599999	0.584375
365.178172499999	0.584375
365.1951835	0.584375
365.2118394	0.584375
365.2285526	0.584375
365.2453712	0.584375
365.262096099999	0.584375
365.278717599999	0.584375
365.295529399999	0.584375
365.3120678	0.584375
365.3286836	0.584375
365.3452687	0.584375
365.3620758	0.584375
365.3786802	0.584375
365.3949569	0.584375
365.4120521	0.584375
365.4283768	0.584375
365.4451443	0.584375
365.461671399999	0.584375
365.4786975	0.584375
365.4949769	0.584375
365.511766199999	0.584375
365.528550399999	0.584375
365.544945099999	0.584375
365.5619067	0.584375
365.5785799	0.584375
365.595163	0.584375
365.6117952	0.584375
365.628564299999	0.584375
365.645052499999	0.584375
365.661805199999	0.584375
365.6788013	0.584375
365.6953107	0.584375
365.7117638	0.584375
365.7285219	0.584375
365.7451929	0.584375
365.7618261	0.584375
365.7783648	0.584375
365.794940999999	0.584375
365.8118017	0.584375
365.828731699999	0.584375
365.8451172	0.584375
365.8617694	0.584375
365.878816699999	0.584375
365.895127899999	0.584375
365.9119443	0.584375
365.9286674	0.584375
365.9450886	0.584375
365.9617253	0.584375
365.978586099999	0.584375
365.9950934	0.584375
366.011426599999	0.584375
366.028413399999	0.584375
366.045379499999	0.584375
366.0614349	0.584375
366.0781707	0.584375
366.0954088	0.584375
366.1114165	0.584375
366.1283871	0.584375
366.1451597	0.584375
366.161635799999	0.584375
366.1783398	0.584375
366.195121	0.584375
366.211799199999	0.584375
366.2284401	0.584375
366.2452052	0.584375
366.261312899999	0.584375
366.278467599999	0.584375
366.295405399999	0.584375
366.311734	0.584375
366.3288561	0.584375
366.3451249	0.584375
366.361869599999	0.584375
366.3783746	0.584375
366.395315899999	0.584375
366.411675699999	0.584375
366.428636	0.584375
366.4450706	0.584375
366.461608	0.584375
366.478482899999	0.584375
366.495451299999	0.584375
366.5117033	0.584375
366.528337799999	0.584375
366.545188999999	0.584375
366.5617402	0.584375
366.5786996	0.584375
366.5953758	0.584375
366.61177	0.584375
366.6285751	0.584375
366.6451339	0.584375
366.662126099999	0.584375
366.678547	0.584375
366.6952182	0.584375
366.7116572	0.584375
366.728547299999	0.584375
366.7451505	0.584375
366.7618723	0.584375
366.778544999999	0.584375
366.7949474	0.584375
366.8116574	0.584375
366.828318999999	0.584375
366.844993799999	0.584375
366.862504199999	0.584375
366.878330099999	0.584375
366.895164	0.584375
366.9133869	0.584375
366.928124399999	0.584375
366.9450572	0.584375
366.961753099999	0.584375
366.9786526	0.584375
366.9957091	0.584375
367.0116424	0.584375
367.028528899999	0.584375
367.0449364	0.584375
367.0621956	0.584375
367.078695699999	0.584375
367.095033099999	0.584375
367.111673599999	0.584375
367.1284307	0.584375
367.1456036	0.584375
367.161463599999	0.584375
367.1783845	0.584375
367.1954239	0.584375
367.211645099999	0.584375
367.2283921	0.584375
367.2450856	0.584375
367.2620122	0.584375
367.2785343	0.584375
367.2951287	0.584375
367.3116395	0.584375
367.3288101	0.584375
367.345073099999	0.584375
367.3618183	0.584375
367.3786235	0.584375
367.3951565	0.584375
367.411714899999	0.584375
367.428137499999	0.584375
367.444944999999	0.584375
367.4616829	0.584375
367.4784543	0.584375
367.4952243	0.584375
367.511758299999	0.584375
367.5287848	0.584375
367.544977299999	0.584375
367.5613906	0.584375
367.5786227	0.584375
367.5951624	0.584375
367.6116698	0.584375
367.6284361	0.584375
367.6450268	0.584375
367.661925799999	0.584375
367.6784319	0.584375
367.6948132	0.584375
367.711800499999	0.584375
367.7278517	0.584375
367.744956899999	0.584375
367.761341799999	0.584375
367.778321	0.584375
367.795120299999	0.584375
367.811866999999	0.584375
367.8284423	0.584375
367.845152499999	0.584375
367.8613441	0.584375
367.8784391	0.584375
367.895251299999	0.584375
367.911845199999	0.584375
367.928322199999	0.584375
367.9448918	0.584375
367.9616859	0.584375
367.978554099999	0.584375
367.9948847	0.584375
368.0119483	0.584375
368.0289003	0.584375
368.0449936	0.584375
368.0616985	0.584375
368.0781779	0.584375
368.0945001	0.584375
368.1126931	0.584375
368.127959199999	0.584375
368.1448671	0.584375
368.161496899999	0.584375
368.1786588	0.584375
368.195154999999	0.584375
368.2114144	0.584375
368.228410899999	0.584375
368.2450491	0.584375
368.261704199999	0.584375
368.2785249	0.584375
368.2953751	0.584375
368.311597299999	0.584375
368.3280851	0.584375
368.3447362	0.584375
368.3614091	0.584375
368.3783385	0.584375
368.3951339	0.584375
368.4114396	0.584375
368.4281873	0.584375
368.4448692	0.584375
368.461394999999	0.584375
368.4778717	0.584375
368.495125199999	0.584375
368.5116387	0.584375
368.528346999999	0.584375
368.544719699999	0.584375
368.5616265	0.584375
368.5787886	0.584375
368.5949849	0.584375
368.611734999999	0.584375
368.628153899999	0.584375
368.644754	0.584375
368.661724099999	0.584375
368.678670599999	0.584375
368.6949286	0.584375
368.711700299999	0.584375
368.728537499999	0.584375
368.744769999999	0.584375
368.7616842	0.584375
368.778089699999	0.584375
368.7951041	0.584375
368.8114944	0.584375
368.827893999999	0.584375
368.845095999999	0.584375
368.8616685	0.584375
368.881323199999	0.584375
368.8957762	0.584375
368.912409799999	0.584375
368.9297109	0.584375
368.948434	0.584375
368.9722683	0.584375
368.989003899999	0.584375
369.0003634	0.584375
369.011115599999	0.584375
369.028406699999	0.584375
369.045641999999	0.584375
369.0613568	0.584375
369.0777874	0.584375
369.094822399999	0.584375
369.111207299999	0.584375
369.1281086	0.584375
369.1447941	0.584375
369.1620943	0.584375
369.1785267	0.584375
369.1950717	0.584375
369.2116368	0.584375
369.2279246	0.584375
369.2449307	0.584375
369.2615768	0.584375
369.278292399999	0.584375
369.2951311	0.584375
369.311596799999	0.584375
369.328493999999	0.584375
369.344962499999	0.584375
369.361329699999	0.584375
369.3784458	0.584375
369.395065299999	0.584375
369.411740299999	0.584375
369.428166	0.584375
369.444903299999	0.584375
369.4617383	0.584375
369.4784092	0.584375
369.4953852	0.584375
369.511850299999	0.584375
369.5281804	0.584375
369.544641799999	0.584375
369.5615634	0.584375
369.578276499999	0.584375
369.594929999999	0.584375
369.611707399999	0.584375
369.6283938	0.584375
369.644925099999	0.584375
369.6630182	0.584375
369.6783859	0.584375
369.6951664	0.584375
369.7117407	0.584375
369.728302799999	0.584375
369.744975799999	0.584375
369.7616892	0.584375
369.7785147	0.584375
369.7947884	0.584375
369.811566699999	0.584375
369.828379	0.584375
369.844707599999	0.584375
369.8618465	0.584375
369.878315299999	0.584375
369.895154399999	0.584375
369.9115089	0.584375
369.927976999999	0.584375
369.9449723	0.584375
369.965849599999	0.584375
369.978119099999	0.584375
369.995691599999	0.584375
370.0117562	0.584375
370.0278455	0.584375
370.0453848	0.584375
370.0614288	0.584375
370.078189899999	0.584375
370.0959574	0.584375
370.1116059	0.584375
370.127826399999	0.584375
370.145010699999	0.584375
370.1617326	0.584375
370.1782918	0.584375
370.194978	0.584375
370.211602099999	0.584375
370.2279191	0.584375
370.2448565	0.584375
370.2615238	0.584375
370.2782018	0.584375
370.294984599999	0.584375
370.311299999999	0.584375
370.328342299999	0.584375
370.345032099999	0.584375
370.361349999999	0.584375
370.378173399999	0.584375
370.394912	0.584375
370.4116791	0.584375
370.428639999999	0.584375
370.445062899999	0.584375
370.461687499999	0.584375
370.478356299999	0.584375
370.495274899999	0.584375
370.5116429	0.584375
370.5279948	0.584375
370.547191299999	0.584375
370.5616897	0.584375
370.5784644	0.584375
370.5949389	0.584375
370.6112944	0.584375
370.628326599999	0.584375
370.644885199999	0.584375
370.6619979	0.584375
370.677808599999	0.584375
370.695146499999	0.584375
370.711701099999	0.584375
370.7277595	0.584375
370.7449165	0.584375
370.7616702	0.584375
370.778755599999	0.584375
370.795136799999	0.584375
370.811701299999	0.584375
370.8296322	0.584375
370.8447657	0.584375
370.8618631	0.584375
370.8782955	0.584375
370.895197999999	0.584375
370.9116384	0.584375
370.9283245	0.584375
370.944587399999	0.584375
370.9616827	0.584375
370.978076699999	0.584375
370.9946971	0.584375
371.0114323	0.584375
371.0279586	0.584375
371.044959899999	0.584375
371.061741699999	0.584375
371.0786873	0.584375
371.095614299999	0.584375
371.1282898	0.584375
371.1448709	0.584375
371.1612705	0.584375
371.178211099999	0.584375
371.194898199999	0.584375
371.211298499999	0.584375
371.2278896	0.584375
371.244485499999	0.584375
371.261193599999	0.584375
371.278209999999	0.584375
371.2950741	0.584375
371.311553299999	0.584375
371.3278972	0.584375
371.3449971	0.584375
371.3617342	0.584375
371.378038299999	0.584375
371.395041199999	0.584375
371.4113984	0.584375
371.428116399999	0.584375
371.4449398	0.584375
371.461609399999	0.584375
371.4781613	0.584375
371.495101699999	0.584375
371.5123107	0.584375
371.5454107	0.584375
371.57839	0.584375
371.6116297	0.584375
371.645108	0.584375
371.678171299999	0.584375
371.6949102	0.584375
371.711745	0.584375
371.728150499999	0.584375
371.7447728	0.584375
371.761644599999	0.584375
371.7781559	0.584375
371.7951488	0.584375
371.811394699999	0.584375
371.827652	0.584375
371.845482799999	0.584375
371.87824	0.584375
371.9113357	0.584375
371.928074599999	0.584375
371.944960399999	0.584375
371.978050399999	0.584375
371.994768699999	0.584375
372.0116362	0.584375
372.027974299999	0.584375
372.044918	0.584375
372.061365299999	0.584375
372.078161199999	0.584375
372.1117374	0.584375
372.1453511	0.584375
372.178470299999	0.584375
372.194865099999	0.584375
372.211696099999	0.584375
372.227746699999	0.584375
372.2449171	0.584375
372.261839899999	0.584375
372.278110599999	0.584375
372.295200699999	0.584375
372.3281933	0.584375
372.3450023	0.584375
372.378619599999	0.584375
372.4119065	0.584375
372.445201699999	0.584375
372.4781128	0.584375
372.5117897	0.584375
372.544686599999	0.584375
372.578152599999	0.584375
372.611454499999	0.584375
372.645207699999	0.584375
372.678394799999	0.584375
372.7119084	0.584375
372.7452758	0.584375
372.7782883	0.584375
372.7950068	0.584375
372.8115701	0.584375
372.8448756	0.584375
372.861857399999	0.584375
372.895753899999	0.584375
372.9282764	0.584375
372.9616484	0.584375
372.994635499999	0.584375
373.028034	0.584375
373.0617152	0.584375
373.0948577	0.584375
373.128175299999	0.584375
373.1615187	0.584375
373.1953208	0.584375
373.2282184	0.584375
373.261734899999	0.584375
373.2952993	0.584375
373.3280028	0.584375
373.361800899999	0.584375
373.3949348	0.584375
373.4282575	0.584375
373.4616914	0.584375
373.4945868	0.584375
373.527884599999	0.584375
373.561694999999	0.584375
373.5951355	0.584375
373.628072799999	0.584375
373.6619916	0.584375
373.694767	0.584375
373.728007	0.584375
373.7617462	0.584375
373.7952036	0.584375
373.828243399999	0.584375
373.861727799999	0.584375
373.895537699999	0.584375
373.9281316	0.584375
373.9618008	0.584375
373.9946191	0.584375
374.0284009	0.584375
374.0617561	0.584375
374.095614899999	0.584375
374.1287936	0.584375
374.161886899999	0.584375
374.194971399999	0.584375
374.22797	0.584375
374.261887799999	0.584375
374.295004	0.584375
374.3286805	0.584375
374.3617355	0.584375
374.394990899999	0.584375
374.4284417	0.584375
374.4613903	0.584375
374.4951038	0.584375
374.528052199999	0.584375
374.5618761	0.584375
374.594856999999	0.584375
374.628030499999	0.584375
374.661797299999	0.584375
374.6953066	0.584375
374.728206	0.584375
374.766245399999	0.584375
374.794764699999	0.584375
374.8278838	0.584375
374.8615424	0.584375
374.8953603	0.584375
374.9281059	0.584375
374.9617466	0.584375
374.994636699999	0.584375
375.0283111	0.584375
375.0617292	0.584375
375.094918299999	0.584375
375.127954	0.584375
375.1617398	0.584375
375.1947905	0.584375
375.2278816	0.584375
375.2617027	0.584375
375.295054599999	0.584375
375.328793299999	0.584375
375.3614806	0.584375
375.394896199999	0.584375
375.427879399999	0.584375
375.461797499999	0.584375
375.4945098	0.584375
375.528302399999	0.584375
375.561665599999	0.584375
375.5947492	0.584375
375.6280056	0.584375
375.6616792	0.584375
375.694950999999	0.584375
375.7280138	0.584375
375.761250899999	0.584375
375.794884899999	0.584375
375.827854499999	0.584375
375.8616808	0.584375
375.8953938	0.584375
375.9279253	0.584375
375.961883399999	0.584375
375.9948866	0.584375
376.027974299999	0.584375
376.0617499	0.584375
376.094843	0.584375
376.128132999999	0.584375
376.161727	0.584375
376.1947347	0.584375
376.227824799999	0.584375
376.261406699999	0.584375
376.294964399999	0.584375
376.327993899999	0.584375
376.361625199999	0.584375
376.395103299999	0.584375
376.4282778	0.584375
376.4615434	0.584375
376.4949308	0.584375
376.5281515	0.584375
376.561855	0.584375
376.5948057	0.584375
376.6283079	0.584375
376.6616058	0.584375
376.695013	0.584375
376.728099499999	0.584375
376.761688299999	0.584375
376.7947144	0.584375
376.8284151	0.584375
376.861665599999	0.584375
376.894720499999	0.584375
376.9281105	0.584375
376.961668299999	0.584375
376.9947285	0.584375
377.0282631	0.584375
377.061653999999	0.584375
377.0948141	0.584375
377.128370099999	0.584375
377.161698299999	0.584375
377.194616	0.584375
377.228118599999	0.584375
377.2616112	0.584375
377.295103699999	0.584375
377.3283157	0.584375
377.361836499999	0.584375
377.3947448	0.584375
377.427971999999	0.584375
377.461641899999	0.584375
377.4948145	0.584375
377.5279328	0.584375
377.561626	0.584375
377.594802699999	0.584375
377.628197499999	0.584375
377.6615273	0.584375
377.6950608	0.584375
377.726958699999	0.584375
377.760939399999	0.584375
377.794185199999	0.584375
377.8272122	0.584375
377.8608116	0.584375
377.8957935	0.584375
377.9271776	0.584375
377.9604732	0.584375
377.994092999999	0.584375
378.027159499999	0.584375
378.0605073	0.584375
378.0943149	0.584375
378.127496599999	0.584375
378.1606526	0.584375
378.193566399999	0.584375
378.2276616	0.584375
378.2611239	0.584375
378.2947648	0.584375
378.327102499999	0.584375
378.3602317	0.584375
378.3935808	0.584375
378.426866999999	0.584375
378.4607172	0.584375
378.493616	0.584375
378.526940399999	0.584375
378.560787799999	0.584375
378.593943399999	0.584375
378.626988	0.584375
378.6611463	0.584375
378.6946511	0.584375
378.7272607	0.584375
378.760693099999	0.584375
378.794090099999	0.584375
378.8268032	0.584375
378.860838099999	0.584375
378.894509299999	0.584375
378.927215	0.584375
378.9604481	0.584375
378.993784099999	0.584375
379.0269079	0.584375
379.061035999999	0.584375
379.094524499999	0.584375
379.1267811	0.584375
379.161204	0.584375
379.194021699999	0.584375
379.2273146	0.584375
379.2608163	0.584375
379.2938059	0.584375
379.3268254	0.584375
379.3606255	0.584375
379.3940126	0.584375
379.4275075	0.584375
379.4606224	0.584375
379.494264299999	0.584375
379.527313699999	0.584375
379.5606203	0.584375
379.593518899999	0.584375
379.6271276	0.584375
379.6605338	0.584375
379.6943808	0.584375
379.7272826	0.584375
379.7602983	0.584375
379.7939533	0.584375
379.8271767	0.584375
379.8611248	0.584375
379.894421499999	0.584375
379.927238099999	0.584375
379.9610482	0.584375
379.9939771	0.584375
380.027117799999	0.584375
380.0606929	0.584375
380.094399799999	0.584375
380.127310399999	0.584375
380.160977299999	0.584375
380.1939241	0.584375
380.227192599999	0.584375
380.2607652	0.584375
380.2936842	0.584375
380.327394399999	0.584375
380.362882199999	0.584375
380.3941817	0.584375
380.4274927	0.584375
380.4607564	0.584375
380.4942868	0.584375
380.5270685	0.584375
380.5608777	0.584375
380.5947165	0.584375
380.6269666	0.584375
380.6609946	0.584375
380.694355199999	0.584375
380.7269263	0.584375
380.7714956	0.584375
380.793957499999	0.584375
380.8274538	0.584375
380.8608704	0.584375
380.894590499999	0.584375
380.9272904	0.584375
380.960641899999	0.584375
380.994292599999	0.584375
381.0266715	0.584375
381.060753199999	0.584375
381.0936217	0.584375
381.126805	0.584375
381.1605424	0.584375
381.1940699	0.584375
381.227143999999	0.584375
381.2603259	0.584375
381.2943613	0.584375
381.3272719	0.584375
381.3605516	0.584375
381.3937995	0.584375
381.426901899999	0.584375
381.460732299999	0.584375
381.494285999999	0.584375
381.527435	0.584375
381.5603396	0.584375
381.594061199999	0.584375
381.6274107	0.584375
381.660746799999	0.584375
381.6944845	0.584375
381.7271452	0.584375
381.760660499999	0.584375
381.793838899999	0.584375
381.827289899999	0.584375
381.860744199999	0.584375
381.894216899999	0.584375
381.927192499999	0.584375
381.960519599999	0.584375
381.994125499999	0.584375
382.027100699999	0.584375
382.0607808	0.584375
382.0948432	0.584375
382.127351499999	0.584375
382.1606078	0.584375
382.193716399999	0.584375
382.2268557	0.584375
382.260349599999	0.584375
382.294407099999	0.584375
382.326998299999	0.584375
382.3609357	0.584375
382.3940729	0.584375
382.4271936	0.584375
382.460505599999	0.584375
382.494110799999	0.584375
382.5270802	0.584375
382.560141499999	0.584375
382.594218099999	0.584375
382.626746299999	0.584375
382.6607396	0.584375
382.694167	0.584375
382.726734399999	0.584375
382.760632199999	0.584375
382.7940191	0.584375
382.8272971	0.584375
382.860773799999	0.584375
382.8943167	0.584375
382.926735599999	0.584375
382.9601464	0.584375
382.9939012	0.584375
383.027201999999	0.584375
383.0607954	0.584375
383.094265	0.584375
383.127474399999	0.584375
383.1606944	0.584375
383.1940047	0.584375
383.2268141	0.584375
383.2607498	0.584375
383.295657899999	0.584375
383.3270361	0.584375
383.360701	0.584375
383.3937996	0.584375
383.427108499999	0.584375
383.460249399999	0.584375
383.493655599999	0.584375
383.527278299999	0.584375
383.5607916	0.584375
383.593958699999	0.584375
383.627218299999	0.584375
383.6606839	0.584375
383.6941275	0.584375
383.727095499999	0.584375
383.7608345	0.584375
383.7938606	0.584375
383.827125999999	0.584375
383.8608151	0.584375
383.894057099999	0.584375
383.927221499999	0.584375
383.970820299999	0.584375
383.993889199999	0.584375
384.02722	0.584375
384.0608401	0.584375
384.094192199999	0.584375
384.1269536	0.584375
384.1606862	0.584375
384.1937122	0.584375
384.2274228	0.584375
384.2607905	0.584375
384.2945647	0.584375
384.327091499999	0.584375
384.3605	0.584375
384.3935339	0.584375
384.426855799999	0.584375
384.460821899999	0.584375
384.4934991	0.584375
384.527166499999	0.584375
384.5606337	0.584375
384.5939264	0.584375
384.6266802	0.584375
384.6606084	0.584375
384.6938137	0.584375
384.7276119	0.584375
384.760664599999	0.584375
384.7939442	0.584375
384.8270742	0.584375
384.860817199999	0.584375
384.8940244	0.584375
384.9269962	0.584375
384.960739499999	0.584375
384.994076999999	0.584375
385.0267796	0.584375
385.060567899999	0.584375
385.093451	0.584375
385.1266467	0.584375
385.1607919	0.584375
385.195047599999	0.584375
385.2270454	0.584375
385.260587799999	0.584375
385.2942994	0.584375
385.3275263	0.584375
385.3608866	0.584375
385.393835	0.584375
385.427050499999	0.584375
385.460411399999	0.584375
385.4956954	0.584375
385.526990799999	0.584375
385.5602886	0.584375
385.594190899999	0.584375
385.6266022	0.584375
385.6608215	0.584375
385.694182499999	0.584375
385.728374699999	0.584375
385.760724999999	0.584375
385.793932	0.584375
385.8270231	0.584375
385.8606721	0.584375
385.893698	0.584375
385.9279154	0.584375
385.960813799999	0.584375
385.994027399999	0.584375
386.0268336	0.584375
386.060742	0.584375
386.094189799999	0.584375
386.127342899999	0.584375
386.1607175	0.584375
386.194110799999	0.584375
386.227307499999	0.584375
386.260659099999	0.584375
386.2945568	0.584375
386.327087899999	0.584375
386.3615186	0.584375
386.393709999999	0.584375
386.4272863	0.584375
386.460690999999	0.584375
386.4936229	0.584375
386.5276114	0.584375
386.560656899999	0.584375
386.594155899999	0.584375
386.627125399999	0.584375
386.6605095	0.584375
386.693681199999	0.584375
386.7270977	0.584375
386.760681899999	0.584375
386.7938692	0.584375
386.8271024	0.584375
386.860633099999	0.584375
386.894209499999	0.584375
386.927218399999	0.584375
386.960545999999	0.584375
386.9938181	0.584375
387.027354999999	0.584375
387.0605878	0.584375
387.094107299999	0.584375
387.127225599999	0.584375
387.1608302	0.584375
387.1939821	0.584375
387.2270417	0.584375
387.2605539	0.584375
387.2949518	0.584375
387.326999399999	0.584375
387.361100399999	0.584375
387.393939899999	0.584375
387.4267682	0.584375
387.4606071	0.584375
387.494390999999	0.584375
387.5270659	0.584375
387.5604624	0.584375
387.5941641	0.584375
387.627146299999	0.584375
387.660159399999	0.584375
387.6935385	0.584375
387.727069099999	0.584375
387.7605077	0.584375
387.7940251	0.584375
387.827066999999	0.584375
387.860075	0.584375
387.894194199999	0.584375
387.9272402	0.584375
387.960370199999	0.584375
387.9938968	0.584375
388.0272698	0.584375
388.0606275	0.584375
388.0942269	0.584375
388.1270565	0.584375
388.160744899999	0.584375
388.193933799999	0.584375
388.2270382	0.584375
388.260634099999	0.584375
388.2943066	0.584375
388.327149399999	0.584375
388.3603963	0.584375
388.3935689	0.584375
388.4272728	0.584375
388.460561399999	0.584375
388.4937547	0.584375
388.527294799999	0.584375
388.560673999999	0.584375
388.593814	0.584375
388.627320899999	0.584375
388.6605166	0.584375
388.694093399999	0.584375
388.7272292	0.584375
388.7605324	0.584375
388.794036099999	0.584375
388.827050299999	0.584375
388.8601018	0.584375
388.894309699999	0.584375
388.926986099999	0.584375
388.9604964	0.584375
388.993816699999	0.584375
389.0270746	0.584375
389.0610167	0.584375
389.0937005	0.584375
389.1273259	0.584375
389.160408999999	0.584375
389.193799899999	0.584375
389.2268625	0.584375
389.2605734	0.584375
389.2944871	0.584375
389.327457599999	0.584375
389.3601331	0.584375
389.393890599999	0.584375
389.426599799999	0.584375
389.4605962	0.584375
389.494175999999	0.584375
389.526985699999	0.584375
389.5606388	0.584375
389.5938584	0.584375
389.626809599999	0.584375
389.6606385	0.584375
389.6935072	0.584375
389.727152599999	0.584375
389.760771699999	0.584375
389.794204999999	0.584375
389.827285099999	0.584375
389.86061	0.584375
389.8938512	0.584375
389.9268677	0.584375
389.9605084	0.584375
389.9937013	0.584375
390.026642	0.584375
390.059928799999	0.584375
390.0940198	0.584375
390.1271093	0.584375
390.160577199999	0.584375
390.194393799999	0.584375
390.227052099999	0.584375
390.26028	0.584375
390.29407	0.584375
390.3271172	0.584375
390.3607723	0.584375
390.3937681	0.584375
390.427430899999	0.584375
390.460453299999	0.584375
390.494037699999	0.584375
390.5271218	0.584375
390.560259999999	0.584375
390.5938686	0.584375
390.6271853	0.584375
390.660840099999	0.584375
390.6941453	0.584375
390.727448899999	0.584375
390.7433494	0.584375
390.776934099999	0.584375
390.7935965	0.584375
390.810422699999	0.584375
390.827096399999	0.584375
390.8436192	0.584375
390.8773372	0.584375
390.8938546	0.584375
390.9130255	0.584375
390.926994599999	0.584375
390.943686299999	0.584375
390.976958499999	0.584375
391.0105053	0.584375
391.027014699999	0.584375
391.0436113	0.584375
391.0599852	0.584375
391.078655099999	0.584375
391.093762099999	0.584375
391.110705599999	0.584375
391.1270802	0.584375
391.1435223	0.584375
391.160049599999	0.584375
391.176654499999	0.584375
391.193108199999	0.584375
391.2101094	0.584375
391.2269387	0.584375
391.246038099999	0.584375
391.2609721	0.584375
391.2948454	0.584375
391.3109324	0.584375
391.327471	0.584375
391.344339099999	0.584375
391.3608048	0.584375
391.377761299999	0.584375
391.394125299999	0.584375
391.4276117	0.584375
391.4604467	0.584375
391.477419899999	0.584375
391.4943322	0.584375
391.5111112	0.584375
391.5276116	0.584375
391.544008299999	0.584375
391.5610179	0.584375
391.5778885	0.584375
391.5941392	0.584375
391.6276573	0.584375
391.6442504	0.584375
391.677640299999	0.584375
391.6942739	0.584375
391.7276944	0.584375
391.744394599999	0.584375
391.777751899999	0.584375
391.7942807	0.584375
391.8276202	0.584375
391.843771999999	0.584375
391.8774331	0.584375
391.894200299999	0.584375
391.910498099999	0.584375
391.927317199999	0.584375
391.9438838	0.584375
391.9606465	0.584375
391.9777882	0.584375
391.9945423	0.584375
392.010656799999	0.584375
392.0276171	0.584375
392.044404099999	0.584375
392.061080099999	0.584375
392.077600199999	0.584375
392.09434	0.584375
392.111051899999	0.584375
392.127296899999	0.584375
392.144060299999	0.584375
392.160775599999	0.584375
392.177430199999	0.584375
392.1940022	0.584375
392.210832399999	0.584375
392.2277703	0.584375
392.2440732	0.584375
392.2607512	0.584375
392.2771777	0.584375
392.2940899	0.584375
392.3104285	0.584375
392.327192799999	0.584375
392.344114199999	0.584375
392.3607444	0.584375
392.377405499999	0.584375
392.3944592	0.584375
392.4108373	0.584375
392.427623299999	0.584375
392.4439925	0.584375
392.4606544	0.584375
392.4775045	0.584375
392.4943435	0.584375
392.5115805	0.584375
392.527375199999	0.584375
392.5440302	0.584375
392.5777331	0.584375
392.594114699999	0.584375
392.610369399999	0.584375
392.6271996	0.584375
392.644187399999	0.584375
392.6605585	0.584375
392.677467	0.584375
392.6945584	0.584375
392.710517199999	0.584375
392.7275719	0.584375
392.7444778	0.584375
392.7607375	0.584375
392.7775334	0.584375
392.7938883	0.584375
392.8103132	0.584375
392.8273166	0.584375
392.844297799999	0.584375
392.8605327	0.584375
392.877102099999	0.584375
392.894157999999	0.584375
392.9107606	0.584375
392.927791599999	0.584375
392.944194999999	0.584375
392.960882699999	0.584375
392.9772654	0.584375
392.9942931	0.584375
393.0107074	0.584375
393.0276427	0.584375
393.0442378	0.584375
393.0606085	0.584375
393.0773082	0.584375
393.0942415	0.584375
393.110682199999	0.584375
393.127217099999	0.584375
393.1441907	0.584375
393.160576599999	0.584375
393.177789599999	0.584375
393.1942328	0.584375
393.210686599999	0.584375
393.2273872	0.584375
393.244133499999	0.584375
393.260640699999	0.584375
393.277208699999	0.584375
393.2942121	0.584375
393.3104402	0.584375
393.3271742	0.584375
393.343755899999	0.584375
393.360258799999	0.584375
393.377675	0.584375
393.394162199999	0.584375
393.4103374	0.584375
393.4276351	0.584375
393.444251999999	0.584375
393.460474199999	0.584375
393.4775512	0.584375
393.494083899999	0.584375
393.5106016	0.584375
393.5324274	0.584375
393.5448153	0.584375
393.5609798	0.584375
393.578051699999	0.584375
393.594211	0.584375
393.6156962	0.584375
393.628037199999	0.584375
393.6474761	0.584375
393.661149099999	0.584375
393.6780393	0.584375
393.697132499999	0.584375
393.7134423	0.584375
393.731471599999	0.584375
393.746813999999	0.584375
393.763303899999	0.584375
393.781771399999	0.584375
393.798808799999	0.584375
393.819355299999	0.584375
393.8303908	0.584375
393.8462283	0.584375
393.8627836	0.584375
393.878835199999	0.584375
393.9011793	0.584375
393.9187561	0.584375
393.929402399999	0.584375
393.946636899999	0.584375
393.961625499999	0.584375
393.9807868	0.584375
393.999517099999	0.584375
394.0114643	0.584375
394.0272748	0.584375
394.043640899999	0.584375
394.0603862	0.584375
394.077370499999	0.584375
394.093749799999	0.584375
394.1108139	0.584375
394.127337499999	0.584375
394.1433859	0.584375
394.1606047	0.584375
394.177231799999	0.584375
394.1939839	0.584375
394.2104413	0.584375
394.227707399999	0.584375
394.2440281	0.584375
394.2612185	0.584375
394.277606299999	0.584375
394.2941397	0.584375
394.310464599999	0.584375
394.3268057	0.584375
394.343687199999	0.584375
394.360667999999	0.584375
394.376989599999	0.584375
394.394000499999	0.584375
394.4101592	0.584375
394.4278195	0.584375
394.444086699999	0.584375
394.460622099999	0.584375
394.477102899999	0.584375
394.4942486	0.584375
394.5107462	0.584375
394.528037599999	0.584375
394.544059999999	0.584375
394.560606499999	0.584375
394.57709	0.584375
394.5936857	0.584375
394.610604199999	0.584375
394.627803099999	0.584375
394.6438436	0.584375
394.6605032	0.584375
394.6776666	0.584375
394.694062299999	0.584375
394.7107086	0.584375
394.7271655	0.584375
394.744137799999	0.584375
394.760680799999	0.584375
394.777415899999	0.584375
394.794174799999	0.584375
394.810707	0.584375
394.827225599999	0.584375
394.843621399999	0.584375
394.8608077	0.584375
394.877252699999	0.584375
394.893690399999	0.584375
394.910213599999	0.584375
394.9271689	0.584375
394.943592199999	0.584375
394.960634599999	0.584375
394.977471599999	0.584375
394.9935397	0.584375
395.0102069	0.584375
395.027042299999	0.584375
395.0439859	0.584375
395.060131699999	0.584375
395.077402	0.584375
395.0937113	0.584375
395.111212	0.584375
395.127493999999	0.584375
395.144294999999	0.584375
395.1602444	0.584375
395.177404499999	0.584375
395.1940797	0.584375
395.2106476	0.584375
395.2274859	0.584375
395.244328799999	0.584375
395.260407199999	0.584375
395.2773097	0.584375
395.294171099999	0.584375
395.310273499999	0.584375
395.327375299999	0.584375
395.343767699999	0.584375
395.360847899999	0.584375
395.3771533	0.584375
395.3939874	0.584375
395.410580299999	0.584375
395.4276082	0.584375
395.444105899999	0.584375
395.460501899999	0.584375
395.476989	0.584375
395.493807899999	0.584375
395.5100943	0.584375
395.5273123	0.584375
395.543911	0.584375
395.5605286	0.584375
395.577288799999	0.584375
395.594002899999	0.584375
395.6108073	0.584375
395.627691299999	0.584375
395.6439537	0.584375
395.660559	0.584375
395.677193899999	0.584375
395.6940539	0.584375
395.7108172	0.584375
395.7273851	0.584375
395.7437881	0.584375
395.760704599999	0.584375
395.7774405	0.584375
395.794273	0.584375
395.810603499999	0.584375
395.827025799999	0.584375
395.843851299999	0.584375
395.8607311	0.584375
395.877430799999	0.584375
395.894066	0.584375
395.9108351	0.584375
395.927546899999	0.575
395.943984799999	0.557291666666667
395.9607244	0.557291666666667
395.9768108	0.557291666666667
395.9939214	0.557291666666667
396.0103456	0.548958333333333
396.027125199999	0.540625
396.0458006	0.540625
396.060353	0.540625
396.077395599999	0.540625
396.093760799999	0.523958333333333
396.1105763	0.515625
396.127680099999	0.507291666666667
396.143673099999	0.507291666666667
396.161075999999	0.507291666666667
396.1776344	0.507291666666667
396.194060999999	0.507291666666667
396.2105052	0.507291666666667
396.2271286	0.507291666666667
396.243522399999	0.507291666666667
396.2603026	0.507291666666667
396.277327	0.507291666666667
396.293892899999	0.507291666666667
396.310136599999	0.507291666666667
396.327243799999	0.507291666666667
396.3440231	0.507291666666667
396.360932099999	0.507291666666667
396.377519299999	0.507291666666667
396.3940599	0.507291666666667
396.4101824	0.507291666666667
396.4269202	0.507291666666667
396.443625	0.507291666666667
396.460187899999	0.507291666666667
396.477404599999	0.507291666666667
396.493557199999	0.507291666666667
396.510810299999	0.507291666666667
396.526912099999	0.515625
396.543833899999	0.515625
396.560611	0.515625
396.577115399999	0.515625
396.5936114	0.515625
396.6105853	0.515625
396.6275239	0.515625
396.644257299999	0.515625
396.660480199999	0.515625
396.677333	0.515625
396.6941996	0.515625
396.7102772	0.515625
396.7273975	0.515625
396.7441462	0.515625
396.7602314	0.515625
396.777427499999	0.515625
396.794174899999	0.515625
396.8108453	0.515625
396.827085999999	0.515625
396.8443498	0.515625
396.8604041	0.515625
396.876959099999	0.515625
396.8937933	0.515625
396.910658299999	0.515625
396.9270468	0.515625
396.943562799999	0.515625
396.9607455	0.515625
396.977484599999	0.515625
396.9938273	0.515625
397.0113574	0.515625
397.027475499999	0.515625
397.044032199999	0.515625
397.0606131	0.515625
397.077398199999	0.515625
397.094099299999	0.515625
397.1106857	0.515625
397.1272909	0.515625
397.143677999999	0.515625
397.1604407	0.515625
397.177347299999	0.515625
397.193493299999	0.515625
397.210247999999	0.515625
397.2270019	0.515625
397.2442529	0.515625
397.260536399999	0.515625
397.2774678	0.515625
397.294204899999	0.515625
397.310657399999	0.515625
397.327247099999	0.515625
397.343818099999	0.515625
397.3606389	0.515625
397.3772285	0.515625
397.393527599999	0.515625
397.4105242	0.515625
397.4267978	0.515625
397.4439715	0.515625
397.4605703	0.515625
397.477370199999	0.515625
397.4939626	0.515625
397.5105748	0.523958333333333
397.526935	0.523958333333333
397.544005199999	0.523958333333333
397.560839899999	0.523958333333333
397.5774108	0.523958333333333
397.5940892	0.523958333333333
397.6102451	0.523958333333333
397.626967599999	0.523958333333333
397.643842099999	0.523958333333333
397.660567899999	0.523958333333333
397.677508199999	0.523958333333333
397.693772199999	0.523958333333333
397.7105536	0.523958333333333
397.727402	0.523958333333333
397.744064899999	0.523958333333333
397.760531299999	0.523958333333333
397.777477099999	0.523958333333333
397.793682	0.523958333333333
397.810114999999	0.523958333333333
397.8272351	0.523958333333333
397.843763	0.523958333333333
397.860153199999	0.523958333333333
397.876993399999	0.523958333333333
397.894071299999	0.523958333333333
397.9102797	0.523958333333333
397.927492399999	0.523958333333333
397.9440084	0.523958333333333
397.9602423	0.523958333333333
397.9772175	0.523958333333333
397.994045799999	0.523958333333333
398.0105429	0.523958333333333
398.027494299999	0.523958333333333
398.043636599999	0.523958333333333
398.060272299999	0.523958333333333
398.0775429	0.523958333333333
398.0936102	0.523958333333333
398.1103991	0.523958333333333
398.1272438	0.523958333333333
398.143605699999	0.523958333333333
398.1604607	0.523958333333333
398.1775548	0.523958333333333
398.1940048	0.523958333333333
398.2103688	0.523958333333333
398.227396499999	0.523958333333333
398.243792499999	0.523958333333333
398.260223099999	0.523958333333333
398.2772356	0.523958333333333
398.294069799999	0.523958333333333
398.3104912	0.523958333333333
398.327230399999	0.523958333333333
398.3439131	0.523958333333333
398.360169199999	0.523958333333333
398.3775621	0.523958333333333
398.3940083	0.523958333333333
398.410197599999	0.523958333333333
398.4270761	0.523958333333333
398.4439158	0.523958333333333
398.460485299999	0.523958333333333
398.477797199999	0.523958333333333
398.493998399999	0.523958333333333
398.5103486	0.523958333333333
398.527364799999	0.523958333333333
398.5436326	0.523958333333333
398.5599563	0.523958333333333
398.577311	0.523958333333333
398.593592099999	0.523958333333333
398.6104717	0.523958333333333
398.6273609	0.523958333333333
398.6439676	0.523958333333333
398.660250499999	0.523958333333333
398.677433	0.523958333333333
398.693964999999	0.523958333333333
398.710105499999	0.523958333333333
398.7272102	0.523958333333333
398.7437046	0.523958333333333
398.760237699999	0.523958333333333
398.7769708	0.523958333333333
398.793841999999	0.523958333333333
398.8103586	0.523958333333333
398.826952099999	0.523958333333333
398.843662499999	0.523958333333333
398.8603103	0.523958333333333
398.8772185	0.523958333333333
398.8936119	0.523958333333333
398.9104259	0.523958333333333
398.926958999999	0.523958333333333
398.9442062	0.523958333333333
398.960715699999	0.523958333333333
398.977129399999	0.523958333333333
398.9938089	0.523958333333333
399.0102903	0.523958333333333
399.0292178	0.523958333333333
399.0436167	0.523958333333333
399.060349199999	0.523958333333333
399.0770017	0.523958333333333
399.0943191	0.523958333333333
399.110215399999	0.523958333333333
399.1274035	0.523958333333333
399.1439357	0.523958333333333
399.160387899999	0.523958333333333
399.1773036	0.523958333333333
399.1939063	0.523958333333333
399.210143599999	0.523958333333333
399.2272899	0.523958333333333
399.243865099999	0.523958333333333
399.260670799999	0.523958333333333
399.277194099999	0.523958333333333
399.2940638	0.523958333333333
399.3100605	0.523958333333333
399.3276454	0.523958333333333
399.343522499999	0.523958333333333
399.360350399999	0.523958333333333
399.3774723	0.523958333333333
399.394158499999	0.523958333333333
399.410439699999	0.523958333333333
399.427494799999	0.523958333333333
399.444113199999	0.523958333333333
399.460063899999	0.523958333333333
399.477139799999	0.523958333333333
399.4937832	0.523958333333333
399.510469399999	0.523958333333333
399.5276613	0.523958333333333
399.5436782	0.523958333333333
399.560568999999	0.523958333333333
399.5770808	0.523958333333333
399.5938701	0.523958333333333
399.6106265	0.523958333333333
399.627165899999	0.523958333333333
399.643837799999	0.523958333333333
399.660078	0.523958333333333
399.6771616	0.523958333333333
399.693732399999	0.523958333333333
399.710269499999	0.523958333333333
399.7272146	0.523958333333333
399.7437064	0.523958333333333
399.760343399999	0.523958333333333
399.7772828	0.523958333333333
399.793554899999	0.523958333333333
399.8102118	0.523958333333333
399.8270243	0.523958333333333
399.843792899999	0.532291666666667
399.8606806	0.548958333333333
399.87771	0.567708333333333
399.893925599999	0.567708333333333
399.910778699999	0.567708333333333
399.9268456	0.567708333333333
399.943799299999	0.567708333333333
399.9609474	0.567708333333333
399.976946999999	0.567708333333333
399.993558599999	0.567708333333333
400.0105374	0.567708333333333
400.0273063	0.567708333333333
400.043543299999	0.567708333333333
400.0604322	0.567708333333333
400.077624299999	0.567708333333333
400.093949499999	0.567708333333333
400.1104636	0.567708333333333
400.127161099999	0.567708333333333
400.1437618	0.567708333333333
400.1601925	0.567708333333333
400.1771325	0.567708333333333
400.193757399999	0.567708333333333
400.2105293	0.567708333333333
400.2267893	0.567708333333333
400.2438488	0.567708333333333
400.260707799999	0.567708333333333
400.277229599999	0.567708333333333
400.294202999999	0.567708333333333
400.310508899999	0.567708333333333
400.327482999999	0.567708333333333
400.3438896	0.567708333333333
400.3603889	0.567708333333333
400.3771486	0.567708333333333
400.3939401	0.567708333333333
400.4106193	0.567708333333333
400.427389799999	0.567708333333333
400.4437607	0.567708333333333
400.460413399999	0.567708333333333
400.4772895	0.567708333333333
400.493675899999	0.567708333333333
400.5103727	0.567708333333333
400.526754199999	0.567708333333333
400.5438208	0.567708333333333
400.559913999999	0.567708333333333
400.5768997	0.567708333333333
400.5938096	0.567708333333333
400.6104802	0.567708333333333
400.627336099999	0.567708333333333
400.643526999999	0.567708333333333
400.6604166	0.567708333333333
400.677275	0.567708333333333
400.6936496	0.567708333333333
400.7105291	0.567708333333333
400.726925399999	0.567708333333333
400.743810399999	0.567708333333333
400.760373599999	0.567708333333333
400.777522699999	0.567708333333333
400.7936817	0.567708333333333
400.810555399999	0.567708333333333
400.8282831	0.567708333333333
400.843991999999	0.567708333333333
400.860510099999	0.567708333333333
400.8771222	0.567708333333333
400.8938965	0.567708333333333
400.9104688	0.567708333333333
400.927238699999	0.567708333333333
400.9438224	0.567708333333333
400.9600802	0.567708333333333
400.9767489	0.567708333333333
400.9939833	0.567708333333333
401.010625999999	0.567708333333333
401.027211899999	0.567708333333333
401.0439294	0.567708333333333
401.060714699999	0.567708333333333
401.0777684	0.567708333333333
401.0938797	0.567708333333333
401.110643399999	0.567708333333333
401.126920999999	0.567708333333333
401.1437109	0.567708333333333
401.160622799999	0.567708333333333
401.176766899999	0.567708333333333
401.193669499999	0.567708333333333
401.2101329	0.567708333333333
401.2275513	0.567708333333333
401.244103599999	0.567708333333333
401.260509899999	0.567708333333333
401.2774413	0.567708333333333
401.294467799999	0.567708333333333
401.310658799999	0.567708333333333
401.327545499999	0.567708333333333
401.344016999999	0.567708333333333
401.3608798	0.567708333333333
401.3773691	0.567708333333333
401.393335899999	0.567708333333333
401.410423699999	0.567708333333333
401.426731699999	0.567708333333333
401.4439218	0.567708333333333
401.460312699999	0.567708333333333
401.4773465	0.567708333333333
401.493937499999	0.567708333333333
401.5104205	0.567708333333333
401.527491399999	0.567708333333333
401.5435688	0.567708333333333
401.5602272	0.567708333333333
401.5772413	0.567708333333333
401.5938317	0.567708333333333
401.610412599999	0.567708333333333
401.6273212	0.567708333333333
401.643571	0.567708333333333
401.6605678	0.567708333333333
401.6778097	0.567708333333333
401.694173499999	0.567708333333333
401.710705699999	0.567708333333333
401.726933899999	0.567708333333333
401.743826299999	0.567708333333333
401.7605975	0.567708333333333
401.776853799999	0.567708333333333
401.7938906	0.567708333333333
401.810179499999	0.567708333333333
401.827347599999	0.567708333333333
401.843830899999	0.567708333333333
401.860662599999	0.567708333333333
401.8774562	0.567708333333333
401.8939216	0.567708333333333
401.9105911	0.567708333333333
401.9277217	0.567708333333333
401.944027199999	0.567708333333333
401.9601168	0.567708333333333
401.9773551	0.567708333333333
401.9939122	0.567708333333333
402.010402499999	0.567708333333333
402.0274371	0.567708333333333
402.043795799999	0.567708333333333
402.0603759	0.567708333333333
402.077267799999	0.567708333333333
402.093918799999	0.567708333333333
402.110598499999	0.567708333333333
402.1273469	0.567708333333333
402.143619699999	0.567708333333333
402.1607239	0.567708333333333
402.1773592	0.567708333333333
402.1939229	0.567708333333333
402.2105575	0.567708333333333
402.227262599999	0.567708333333333
402.2437069	0.567708333333333
402.260303999999	0.567708333333333
402.277325399999	0.567708333333333
402.293725799999	0.567708333333333
402.3103812	0.567708333333333
402.326797799999	0.567708333333333
402.3435137	0.567708333333333
402.360092299999	0.567708333333333
402.377187999999	0.567708333333333
402.394114399999	0.567708333333333
402.410448	0.567708333333333
402.4272526	0.567708333333333
402.4438093	0.567708333333333
402.4603928	0.567708333333333
402.477336999999	0.567708333333333
402.4941412	0.567708333333333
402.5104961	0.567708333333333
402.527185499999	0.567708333333333
402.543705499999	0.567708333333333
402.559991599999	0.567708333333333
402.5768953	0.567708333333333
402.5938719	0.567708333333333
402.610699	0.567708333333333
402.6270859	0.567708333333333
402.644036899999	0.567708333333333
402.660488	0.567708333333333
402.67742	0.567708333333333
402.693928299999	0.567708333333333
402.710203299999	0.567708333333333
402.726798899999	0.567708333333333
402.7435151	0.567708333333333
402.7603658	0.567708333333333
402.776931799999	0.567708333333333
402.793516799999	0.567708333333333
402.810428199999	0.567708333333333
402.8272484	0.567708333333333
402.843861599999	0.567708333333333
402.860913799999	0.567708333333333
402.877390199999	0.567708333333333
402.8943468	0.567708333333333
402.9106204	0.567708333333333
402.927439999999	0.567708333333333
402.943379699999	0.567708333333333
402.9603892	0.567708333333333
402.976948699999	0.567708333333333
402.9934175	0.567708333333333
403.0103623	0.567708333333333
403.027389899999	0.567708333333333
403.043901399999	0.567708333333333
403.0605453	0.576041666666667
403.0771018	0.59375
403.094216099999	0.623958333333333
403.1102579	0.64375
403.127498299999	0.64375
403.1438745	0.64375
403.1603208	0.64375
403.1774097	0.64375
403.19353	0.64375
403.210292299999	0.64375
403.226809	0.64375
403.2434606	0.64375
403.2610563	0.64375
403.277513399999	0.64375
403.2936777	0.64375
403.3103905	0.64375
403.3275545	0.64375
403.3436174	0.64375
403.3600607	0.64375
403.3772762	0.64375
403.393353699999	0.64375
403.4101138	0.64375
403.4270588	0.64375
403.4436424	0.64375
403.4600538	0.64375
403.476801899999	0.64375
403.4936387	0.64375
403.5106823	0.64375
403.5269215	0.64375
403.543929099999	0.64375
403.560609499999	0.64375
403.5770618	0.64375
403.5937433	0.64375
403.610769999999	0.64375
403.6274028	0.64375
403.643497399999	0.64375
403.660177	0.64375
403.676642199999	0.64375
403.693671399999	0.64375
403.710472999999	0.64375
403.726879299999	0.64375
403.7438487	0.64375
403.7607719	0.64375
403.777017099999	0.64375
403.7937126	0.64375
403.8101313	0.64375
403.827348899999	0.64375
403.843656399999	0.64375
403.8601967	0.64375
403.8768832	0.64375
403.893543599999	0.64375
403.910152599999	0.64375
403.9274178	0.64375
403.9437369	0.64375
403.960403599999	0.64375
403.977496099999	0.64375
403.9940584	0.64375
404.010401299999	0.64375
404.0274155	0.64375
404.0440714	0.64375
404.0613182	0.64375
404.0771464	0.64375
404.093564899999	0.64375
404.1105836	0.64375
404.1270804	0.64375
404.143106899999	0.64375
404.1598036	0.64375
404.1769135	0.64375
404.193769699999	0.64375
404.2103178	0.64375
404.2273599	0.64375
404.2437511	0.64375
404.260281999999	0.64375
404.277374599999	0.64375
404.293921799999	0.64375
404.3103782	0.64375
404.3268793	0.64375
404.343411899999	0.64375
404.360013199999	0.64375
404.377028	0.64375
404.3937762	0.64375
404.410341299999	0.64375
404.4273422	0.64375
404.443768599999	0.64375
404.4606101	0.64375
404.4772476	0.64375
404.4938309	0.64375
404.510980499999	0.64375
404.527167699999	0.64375
404.5434202	0.64375
404.559971299999	0.64375
404.5771883	0.64375
404.593228999999	0.64375
404.6104109	0.64375
404.627148899999	0.64375
404.643539	0.64375
404.6604824	0.64375
404.6766435	0.64375
404.6938666	0.64375
404.7107742	0.64375
404.726792199999	0.64375
404.7436853	0.64375
404.7605411	0.64375
404.776876399999	0.64375
404.7939485	0.64375
404.8100853	0.64375
404.8271717	0.64375
404.843615	0.64375
404.8603648	0.64375
404.8772959	0.64375
404.893302099999	0.64375
404.9104146	0.64375
404.9276192	0.64375
404.943874799999	0.64375
404.960460499999	0.64375
404.9770173	0.64375
404.993804999999	0.64375
405.0103322	0.64375
405.0267957	0.64375
405.043714599999	0.64375
405.0600495	0.64375
405.0771115	0.64375
405.0932759	0.64375
405.110432199999	0.64375
405.127458299999	0.64375
405.1438812	0.64375
405.1603022	0.64375
405.177006299999	0.64375
405.1939121	0.64375
405.210575599999	0.64375
405.2272286	0.64375
405.243764	0.64375
405.2599703	0.64375
405.277052099999	0.64375
405.293822199999	0.64375
405.310660499999	0.64375
405.326628299999	0.64375
405.3433182	0.64375
405.360513799999	0.64375
405.377594699999	0.64375
405.3937566	0.64375
405.409987399999	0.64375
405.4269759	0.64375
405.443928799999	0.64375
405.460009099999	0.64375
405.477069899999	0.64375
405.493594	0.64375
405.510136899999	0.64375
405.526747499999	0.64375
405.5431616	0.64375
405.5601895	0.64375
405.5769266	0.64375
405.593782299999	0.661458333333333
405.610044599999	0.679166666666667
405.627280399999	0.679166666666667
405.643375799999	0.679166666666667
405.660377699999	0.679166666666667
405.6769133	0.679166666666667
405.6938548	0.679166666666667
405.710429299999	0.679166666666667
405.727112699999	0.679166666666667
405.743716499999	0.679166666666667
405.7601883	0.679166666666667
405.7771322	0.679166666666667
405.793626899999	0.679166666666667
405.8099667	0.679166666666667
405.827154699999	0.679166666666667
405.8435008	0.679166666666667
405.8604324	0.679166666666667
405.8767994	0.679166666666667
405.893792399999	0.679166666666667
405.9100843	0.679166666666667
405.927522	0.679166666666667
405.943847899999	0.679166666666667
405.9604	0.679166666666667
405.9771941	0.679166666666667
405.993380499999	0.679166666666667
406.0103289	0.679166666666667
406.027249	0.679166666666667
406.043785299999	0.679166666666667
406.060046	0.679166666666667
406.077659199999	0.679166666666667
406.0933324	0.679166666666667
406.110325799999	0.679166666666667
406.127089	0.679166666666667
406.143710099999	0.679166666666667
406.1606606	0.679166666666667
406.1772922	0.679166666666667
406.193324999999	0.679166666666667
406.209977899999	0.679166666666667
406.2270543	0.679166666666667
406.2432061	0.679166666666667
406.260354499999	0.679166666666667
406.277315099999	0.679166666666667
406.2941237	0.679166666666667
406.3103462	0.679166666666667
406.327171399999	0.679166666666667
406.3440339	0.679166666666667
406.360652799999	0.679166666666667
406.3772961	0.679166666666667
406.3937013	0.679166666666667
406.4104404	0.679166666666667
406.426705299999	0.679166666666667
406.4436793	0.679166666666667
406.4601532	0.679166666666667
406.4771756	0.679166666666667
406.493419599999	0.679166666666667
406.5102382	0.679166666666667
406.527487799999	0.679166666666667
406.5437204	0.679166666666667
406.5603966	0.679166666666667
406.577189199999	0.679166666666667
406.593928499999	0.679166666666667
406.610418499999	0.679166666666667
406.6269164	0.679166666666667
406.6435729	0.679166666666667
406.659949899999	0.679166666666667
406.676529599999	0.679166666666667
406.693479299999	0.679166666666667
406.7100038	0.679166666666667
406.726716599999	0.679166666666667
406.743726999999	0.679166666666667
406.7603154	0.679166666666667
406.7774135	0.679166666666667
406.793885999999	0.679166666666667
406.8101164	0.679166666666667
406.8270734	0.679166666666667
406.843399199999	0.679166666666667
406.860309899999	0.679166666666667
406.8766184	0.679166666666667
406.8936736	0.679166666666667
406.9104253	0.679166666666667
406.927310999999	0.679166666666667
406.943639599999	0.679166666666667
406.9603499	0.679166666666667
406.976987	0.679166666666667
406.993842499999	0.679166666666667
407.0099689	0.679166666666667
407.0268772	0.679166666666667
407.0438188	0.679166666666667
407.060495299999	0.679166666666667
407.0771669	0.679166666666667
407.093770099999	0.679166666666667
407.110092999999	0.679166666666667
407.1266638	0.679166666666667
407.1434278	0.679166666666667
407.160286599999	0.679166666666667
407.1771469	0.679166666666667
407.1933824	0.679166666666667
407.210303299999	0.679166666666667
407.227395899999	0.679166666666667
407.244615299999	0.679166666666667
407.2599561	0.679166666666667
407.2777351	0.679166666666667
407.2937905	0.679166666666667
407.3099623	0.679166666666667
407.3271914	0.679166666666667
407.3433012	0.679166666666667
407.360704	0.679166666666667
407.3772573	0.6875
407.3934567	0.695833333333333
407.410005899999	0.704166666666667
407.427232999999	0.7125
407.4438672	0.7125
407.4604762	0.7125
407.476683299999	0.7125
407.493674099999	0.7125
407.510540599999	0.7125
407.5271937	0.7125
407.5438681	0.7125
407.5597867	0.7125
407.5770821	0.7125
407.593373799999	0.7125
407.609998399999	0.7125
407.6266017	0.7125
407.643689699999	0.7125
407.6604713	0.7125
407.6768864	0.7125
407.693706599999	0.7125
407.710311899999	0.7125
407.7272317	0.7125
407.7440927	0.7125
407.7602542	0.7125
407.776622799999	0.7125
407.7934275	0.7125
407.8101614	0.7125
407.8270507	0.7125
407.8436354	0.7125
407.8600219	0.7125
407.8765452	0.7125
407.8938149	0.7125
407.910384399999	0.7125
407.9272334	0.7125
407.9435772	0.7125
407.960343299999	0.7125
407.976970399999	0.7125
407.9938029	0.7125
408.0103494	0.7125
408.026769599999	0.7125
408.0437526	0.7125
408.06031	0.7125
408.076629599999	0.7125
408.0936481	0.7125
408.1098937	0.7125
408.127297	0.7125
408.144068799999	0.7125
408.1602997	0.7125
408.1765613	0.7125
408.193780899999	0.7125
408.2100561	0.7125
408.2273521	0.7125
408.243135	0.7125
408.260237699999	0.7125
408.276571799999	0.7125
408.293881799999	0.7125
408.310531599999	0.7125
408.3267453	0.7125
408.343967999999	0.7125
408.3600418	0.7125
408.3768474	0.7125
408.3936079	0.7125
408.4099706	0.7125
408.427328199999	0.7125
408.443709599999	0.7125
408.4599037	0.7125
408.477053899999	0.7125
408.493612099999	0.7125
408.510156699999	0.7125
408.5271723	0.7125
408.543267399999	0.7125
408.5602455	0.7125
408.576950299999	0.7125
408.593684199999	0.7125
408.610318599999	0.7125
408.626753799999	0.7125
408.6438129	0.7125
408.6600055	0.7125
408.677260199999	0.7125
408.6930969	0.7125
408.710150299999	0.7125
408.727164399999	0.7125
408.743326399999	0.7125
408.760269799999	0.7125
408.776565499999	0.7125
408.793761899999	0.7125
408.810254999999	0.7125
408.826673699999	0.7125
408.843556399999	0.7125
408.860167899999	0.7125
408.876972599999	0.7125
408.8936594	0.7125
408.9101584	0.7125
408.9269116	0.7125
408.9429844	0.7125
408.959907599999	0.7125
408.9770413	0.7125
408.993060399999	0.7125
409.009902199999	0.7125
409.026674	0.7125
409.043778499999	0.7125
409.060559299999	0.7125
409.0769088	0.7125
409.093884	0.7125
409.11075	0.7125
409.1269924	0.7125
409.1437958	0.7125
409.160215399999	0.7125
409.176943099999	0.7125
409.193591099999	0.7125
409.2101212	0.7125
409.226593799999	0.7125
409.243278299999	0.7125
409.2602233	0.7125
409.2765168	0.694791666666667
409.294200599999	0.686458333333333
409.310251999999	0.678125
409.3269843	0.669791666666667
409.3437397	0.652083333333333
409.3601712	0.596875
409.3768918	0.575
409.3938688	0.55625
409.4105112	0.539583333333333
409.426427699999	0.522916666666667
409.4436847	0.513541666666667
409.460184799999	0.505208333333333
409.476543899999	0.505208333333333
409.493598999999	0.488541666666667
409.510139499999	0.488541666666667
409.526843899999	0.488541666666667
409.544199	0.488541666666667
409.560083099999	0.488541666666667
409.577161599999	0.488541666666667
409.5938006	0.488541666666667
409.610115699999	0.495833333333333
409.626737299999	0.5125
409.643717399999	0.530208333333333
409.6601961	0.530208333333333
409.6768985	0.530208333333333
409.6936121	0.530208333333333
409.709888799999	0.530208333333333
409.7265732	0.530208333333333
409.7432363	0.530208333333333
409.760226599999	0.530208333333333
409.7766635	0.530208333333333
409.793358899999	0.530208333333333
409.8102438	0.530208333333333
409.826526999999	0.530208333333333
409.843614099999	0.530208333333333
409.860119299999	0.530208333333333
409.876821299999	0.530208333333333
409.893628299999	0.530208333333333
409.909779199999	0.530208333333333
409.926462699999	0.530208333333333
409.9434439	0.530208333333333
409.9601635	0.530208333333333
409.9771125	0.530208333333333
409.9937462	0.530208333333333
410.0101049	0.530208333333333
410.0272476	0.530208333333333
410.043375499999	0.530208333333333
410.060154299999	0.530208333333333
410.0765618	0.530208333333333
410.0935519	0.530208333333333
410.110168599999	0.530208333333333
410.1269532	0.530208333333333
410.1439341	0.530208333333333
410.1596922	0.530208333333333
410.176484	0.530208333333333
410.1936305	0.530208333333333
410.2102115	0.530208333333333
410.2266955	0.530208333333333
410.243737299999	0.530208333333333
410.2602232	0.530208333333333
410.276887399999	0.530208333333333
410.294098099999	0.530208333333333
410.3097406	0.530208333333333
410.326437	0.530208333333333
410.3436794	0.530208333333333
410.359872499999	0.530208333333333
410.376588499999	0.530208333333333
410.393557099999	0.530208333333333
410.410161299999	0.530208333333333
410.426844699999	0.530208333333333
410.4440224	0.530208333333333
410.460201899999	0.530208333333333
410.476664	0.530208333333333
410.493549399999	0.530208333333333
410.5098485	0.530208333333333
410.526429799999	0.530208333333333
410.543516299999	0.530208333333333
410.5598984	0.530208333333333
410.576762199999	0.530208333333333
410.593213599999	0.530208333333333
410.610314099999	0.530208333333333
410.627014899999	0.530208333333333
410.643481999999	0.530208333333333
410.660524899999	0.530208333333333
410.6765332	0.530208333333333
410.6937141	0.530208333333333
410.709901499999	0.530208333333333
410.727031099999	0.530208333333333
410.743572199999	0.530208333333333
410.7600991	0.530208333333333
410.776537799999	0.530208333333333
410.793646399999	0.530208333333333
410.8099118	0.530208333333333
410.826774599999	0.530208333333333
410.844003499999	0.530208333333333
410.860215	0.530208333333333
410.876982899999	0.530208333333333
410.893580299999	0.530208333333333
410.910422999999	0.530208333333333
410.927105799999	0.530208333333333
410.9435169	0.530208333333333
410.960221699999	0.530208333333333
410.9767751	0.530208333333333
410.993576499999	0.530208333333333
411.010067499999	0.530208333333333
411.026791699999	0.530208333333333
411.043410499999	0.530208333333333
411.060304	0.530208333333333
411.076746199999	0.530208333333333
411.093598599999	0.530208333333333
411.110164899999	0.530208333333333
411.1263701	0.530208333333333
411.143348	0.530208333333333
411.1601106	0.530208333333333
411.176809299999	0.530208333333333
411.193191599999	0.530208333333333
411.2101114	0.530208333333333
411.22653	0.530208333333333
411.243646999999	0.530208333333333
411.259715599999	0.530208333333333
411.276443999999	0.530208333333333
411.293760899999	0.530208333333333
411.3101772	0.530208333333333
411.327185599999	0.530208333333333
411.3437981	0.530208333333333
411.360894799999	0.530208333333333
411.376906099999	0.530208333333333
411.3935329	0.530208333333333
411.4100684	0.530208333333333
411.427024299999	0.530208333333333
411.443282599999	0.530208333333333
411.459770699999	0.530208333333333
411.4767231	0.530208333333333
411.4934802	0.530208333333333
411.5100502	0.530208333333333
411.526742499999	0.530208333333333
411.543244799999	0.530208333333333
411.559943599999	0.530208333333333
411.576647899999	0.530208333333333
411.5935512	0.530208333333333
411.609871199999	0.530208333333333
411.6262591	0.530208333333333
411.6436046	0.530208333333333
411.660402799999	0.530208333333333
411.676799299999	0.530208333333333
411.693592899999	0.530208333333333
411.709939699999	0.530208333333333
411.7264937	0.530208333333333
411.743527799999	0.530208333333333
411.7598375	0.530208333333333
411.776703099999	0.530208333333333
411.7935117	0.530208333333333
411.809901899999	0.530208333333333
411.8271906	0.530208333333333
411.843666799999	0.530208333333333
411.8602832	0.530208333333333
411.876978699999	0.530208333333333
411.8936324	0.530208333333333
411.909709	0.530208333333333
411.9263382	0.530208333333333
411.943657299999	0.530208333333333
411.960207599999	0.530208333333333
411.9767207	0.530208333333333
411.993469599999	0.530208333333333
412.0100579	0.530208333333333
412.0267417	0.530208333333333
412.0434282	0.530208333333333
412.0598744	0.530208333333333
412.076706899999	0.530208333333333
412.0936874	0.530208333333333
412.110962999999	0.530208333333333
412.126610699999	0.530208333333333
412.143520199999	0.530208333333333
412.1602574	0.530208333333333
412.1766481	0.530208333333333
412.1934757	0.530208333333333
412.210043999999	0.530208333333333
412.2263484	0.530208333333333
412.2435018	0.530208333333333
412.260205899999	0.530208333333333
412.2770198	0.530208333333333
412.2938484	0.530208333333333
412.3099156	0.530208333333333
412.3268628	0.530208333333333
412.343533099999	0.530208333333333
412.3602604	0.530208333333333
412.3765895	0.530208333333333
412.393831799999	0.530208333333333
412.409858	0.530208333333333
412.4270516	0.530208333333333
412.4434874	0.530208333333333
412.4602067	0.530208333333333
412.476515099999	0.530208333333333
412.4934789	0.530208333333333
412.5101691	0.530208333333333
412.526300099999	0.530208333333333
412.543511	0.530208333333333
412.5603985	0.530208333333333
412.576265299999	0.530208333333333
412.5933392	0.530208333333333
412.609898	0.530208333333333
412.626479199999	0.530208333333333
412.643512099999	0.530208333333333
412.6601148	0.530208333333333
412.6763071	0.530208333333333
412.693447	0.530208333333333
412.709833499999	0.530208333333333
412.7266707	0.530208333333333
412.743718199999	0.530208333333333
412.759816199999	0.530208333333333
412.776623	0.530208333333333
412.793619599999	0.530208333333333
412.809826299999	0.530208333333333
412.8266269	0.530208333333333
412.8430928	0.530208333333333
412.860102799999	0.530208333333333
412.8763442	0.530208333333333
412.8931396	0.530208333333333
412.91001	0.530208333333333
412.9265749	0.530208333333333
412.9432031	0.530208333333333
412.959992599999	0.530208333333333
412.9767881	0.530208333333333
412.9937179	0.530208333333333
413.010118699999	0.530208333333333
413.026605599999	0.530208333333333
413.0433257	0.530208333333333
413.0603321	0.530208333333333
413.076664499999	0.530208333333333
413.093504199999	0.530208333333333
413.1099325	0.530208333333333
413.1263252	0.530208333333333
413.1431275	0.530208333333333
413.159710299999	0.530208333333333
413.1762934	0.530208333333333
413.194	0.530208333333333
413.2097458	0.530208333333333
413.2268083	0.530208333333333
413.2437187	0.530208333333333
413.2602806	0.530208333333333
413.2766618	0.530208333333333
413.2937668	0.530208333333333
413.309973799999	0.530208333333333
413.326281299999	0.530208333333333
413.3435992	0.530208333333333
413.3597756	0.530208333333333
413.376748	0.530208333333333
413.393361099999	0.530208333333333
413.40989	0.530208333333333
413.4263672	0.530208333333333
413.443574899999	0.530208333333333
413.459946	0.530208333333333
413.4762476	0.530208333333333
413.4933474	0.530208333333333
413.5098872	0.530208333333333
413.526457	0.530208333333333
413.5433924	0.530208333333333
413.5601424	0.530208333333333
413.576221099999	0.530208333333333
413.5933527	0.530208333333333
413.609863299999	0.530208333333333
413.626442	0.530208333333333
413.643069899999	0.530208333333333
413.6603176	0.530208333333333
413.676641999999	0.530208333333333
413.6934574	0.530208333333333
413.709871599999	0.530208333333333
413.7267045	0.530208333333333
413.743599599999	0.530208333333333
413.759692299999	0.530208333333333
413.7770481	0.530208333333333
413.793221899999	0.530208333333333
413.810149999999	0.530208333333333
413.8268684	0.530208333333333
413.8432212	0.530208333333333
413.859952999999	0.530208333333333
413.876289999999	0.530208333333333
413.893161399999	0.530208333333333
413.9100653	0.530208333333333
413.9266289	0.530208333333333
413.9430426	0.530208333333333
413.9600457	0.530208333333333
413.9767163	0.530208333333333
413.993662899999	0.530208333333333
414.009853099999	0.530208333333333
414.026373799999	0.530208333333333
414.0434141	0.530208333333333
414.060110199999	0.530208333333333
414.0767908	0.530208333333333
414.093386	0.530208333333333
414.1100885	0.530208333333333
414.1268255	0.530208333333333
414.1431807	0.530208333333333
414.160110399999	0.530208333333333
414.1766546	0.530208333333333
414.1939298	0.530208333333333
414.209958099999	0.530208333333333
414.2268065	0.530208333333333
414.2435766	0.530208333333333
414.259670699999	0.530208333333333
414.276636799999	0.530208333333333
414.293686499999	0.530208333333333
414.3100287	0.530208333333333
414.32634	0.530208333333333
414.342949399999	0.530208333333333
414.360083199999	0.530208333333333
414.376603	0.530208333333333
414.393265999999	0.530208333333333
414.4098988	0.530208333333333
414.4263322	0.530208333333333
414.4431853	0.530208333333333
414.459807499999	0.530208333333333
414.4767917	0.530208333333333
414.493571399999	0.530208333333333
414.510083499999	0.530208333333333
414.5269283	0.530208333333333
414.5435375	0.530208333333333
414.5602577	0.530208333333333
414.576696399999	0.530208333333333
414.593372599999	0.530208333333333
414.609543199999	0.530208333333333
414.626888	0.530208333333333
414.6435471	0.530208333333333
414.6597419	0.530208333333333
414.6763851	0.530208333333333
414.6937683	0.530208333333333
414.710064999999	0.530208333333333
414.7270129	0.530208333333333
414.743471	0.530208333333333
414.7597165	0.530208333333333
414.7766168	0.530208333333333
414.7933672	0.530208333333333
414.809775799999	0.530208333333333
414.826254799999	0.530208333333333
414.8435136	0.530208333333333
414.8600953	0.530208333333333
414.876331799999	0.530208333333333
414.893357999999	0.530208333333333
414.909701	0.530208333333333
414.9267868	0.530208333333333
414.9431926	0.530208333333333
414.960056499999	0.530208333333333
414.9765779	0.530208333333333
414.9937259	0.530208333333333
415.009967499999	0.530208333333333
415.0263897	0.530208333333333
415.043430799999	0.530208333333333
415.0600814	0.530208333333333
415.0766397	0.530208333333333
415.093628	0.530208333333333
415.110048799999	0.530208333333333
415.1264278	0.530208333333333
415.142941599999	0.530208333333333
415.1599177	0.530208333333333
415.1767879	0.530208333333333
415.193141999999	0.530208333333333
415.2101285	0.530208333333333
415.226596699999	0.530208333333333
415.2435129	0.530208333333333
415.2597608	0.530208333333333
415.276805	0.530208333333333
415.293255099999	0.530208333333333
415.309958	0.530208333333333
415.326782499999	0.530208333333333
415.3430861	0.530208333333333
415.3600302	0.530208333333333
415.3763437	0.530208333333333
415.393381299999	0.530208333333333
415.4097371	0.530208333333333
415.4267898	0.530208333333333
415.443472299999	0.530208333333333
415.460007899999	0.530208333333333
415.476743499999	0.530208333333333
415.493779699999	0.530208333333333
415.510048499999	0.530208333333333
415.5265719	0.530208333333333
415.543130399999	0.530208333333333
415.5600777	0.530208333333333
415.576612	0.530208333333333
415.5933424	0.530208333333333
415.609921699999	0.530208333333333
415.626681799999	0.530208333333333
415.643451	0.530208333333333
415.659887	0.530208333333333
415.676509399999	0.530208333333333
415.693398099999	0.530208333333333
415.7098841	0.530208333333333
415.726832699999	0.530208333333333
415.7436222	0.530208333333333
415.759465399999	0.530208333333333
415.7761382	0.530208333333333
415.793307	0.530208333333333
415.8098848	0.530208333333333
415.8266199	0.530208333333333
415.8430294	0.530208333333333
415.8598114	0.530208333333333
415.876770899999	0.530208333333333
415.893203299999	0.530208333333333
415.910060499999	0.530208333333333
415.9262755	0.530208333333333
415.943389399999	0.530208333333333
415.9598901	0.530208333333333
415.9767931	0.530208333333333
415.993477399999	0.530208333333333
416.009571099999	0.530208333333333
416.0266194	0.530208333333333
416.043486299999	0.530208333333333
416.0599272	0.530208333333333
416.076762299999	0.530208333333333
416.093111599999	0.530208333333333
416.1096584	0.530208333333333
416.1266958	0.530208333333333
416.1431703	0.530208333333333
416.159994199999	0.530208333333333
416.176619899999	0.530208333333333
416.1935304	0.530208333333333
416.2099776	0.530208333333333
416.2262974	0.530208333333333
416.243366999999	0.530208333333333
416.2598536	0.530208333333333
416.2767439	0.530208333333333
416.2937225	0.530208333333333
416.309625499999	0.530208333333333
416.326663399999	0.530208333333333
416.343454999999	0.530208333333333
416.3600394	0.530208333333333
416.377031	0.530208333333333
416.393357399999	0.530208333333333
416.409651399999	0.530208333333333
416.426968799999	0.530208333333333
416.443351399999	0.530208333333333
416.4599836	0.530208333333333
416.4766488	0.530208333333333
416.4930177	0.530208333333333
416.5098475	0.530208333333333
416.5268779	0.530208333333333
416.5432948	0.530208333333333
416.5598983	0.530208333333333
416.576659099999	0.530208333333333
416.5932618	0.530208333333333
416.609522999999	0.530208333333333
416.626874299999	0.530208333333333
416.6433301	0.530208333333333
416.6600946	0.530208333333333
416.6762653	0.530208333333333
416.693088	0.530208333333333
416.709825999999	0.530208333333333
416.726805099999	0.530208333333333
416.742982399999	0.530208333333333
416.759797799999	0.530208333333333
416.776657799999	0.530208333333333
416.7936519	0.530208333333333
416.8105065	0.530208333333333
416.8267191	0.530208333333333
416.843480699999	0.530208333333333
416.8598213	0.530208333333333
416.8772124	0.530208333333333
416.893475399999	0.530208333333333
416.9100707	0.530208333333333
416.926823199999	0.530208333333333
416.9434925	0.530208333333333
416.9593778	0.530208333333333
416.9763232	0.530208333333333
416.9933649	0.530208333333333
417.009626599999	0.530208333333333
417.026608599999	0.530208333333333
417.043354199999	0.530208333333333
417.059991499999	0.530208333333333
417.076486299999	0.530208333333333
417.093665799999	0.530208333333333
417.1093954	0.530208333333333
417.126688099999	0.530208333333333
417.1433675	0.530208333333333
417.159668699999	0.530208333333333
417.176250699999	0.530208333333333
417.1933162	0.530208333333333
417.209802699999	0.530208333333333
417.226765199999	0.530208333333333
417.243518499999	0.530208333333333
417.2598675	0.530208333333333
417.2769283	0.530208333333333
417.2934761	0.530208333333333
417.3099107	0.530208333333333
417.32619	0.530208333333333
417.343572399999	0.530208333333333
417.3597414	0.530208333333333
417.376631599999	0.530208333333333
417.3931434	0.530208333333333
417.409823399999	0.530208333333333
417.4265065	0.530208333333333
417.4432246	0.530208333333333
417.4594498	0.530208333333333
417.4769209	0.530208333333333
417.493491099999	0.530208333333333
417.509492499999	0.530208333333333
417.5262771	0.530208333333333
417.543584599999	0.530208333333333
417.5599298	0.530208333333333
417.5767962	0.530208333333333
417.593588299999	0.530208333333333
417.6098336	0.530208333333333
417.626450899999	0.530208333333333
417.643267699999	0.530208333333333
417.6595269	0.530208333333333
417.676656199999	0.530208333333333
417.6929338	0.530208333333333
417.709551999999	0.530208333333333
417.7266819	0.530208333333333
417.7433876	0.530208333333333
417.759830399999	0.530208333333333
417.7766821	0.530208333333333
417.7938153	0.530208333333333
417.809963999999	0.530208333333333
417.8264153	0.530208333333333
417.843365199999	0.530208333333333
417.8602413	0.530208333333333
417.8761392	0.530208333333333
417.893379599999	0.530208333333333
417.9092678	0.530208333333333
417.926538199999	0.530208333333333
417.9433762	0.530208333333333
417.959616599999	0.530208333333333
417.976569799999	0.530208333333333
417.993366999999	0.530208333333333
418.009908499999	0.530208333333333
418.026549699999	0.530208333333333
418.0432722	0.530208333333333
418.060085499999	0.530208333333333
418.0760505	0.530208333333333
418.0933103	0.530208333333333
418.1095848	0.530208333333333
418.1263598	0.530208333333333
418.143290499999	0.530208333333333
418.160054999999	0.530208333333333
418.1766309	0.530208333333333
418.1934093	0.530208333333333
418.2096855	0.530208333333333
418.2262745	0.530208333333333
418.243182699999	0.530208333333333
418.260139499999	0.530208333333333
418.2766247	0.530208333333333
418.293639799999	0.530208333333333
418.310390899999	0.530208333333333
418.3262129	0.530208333333333
418.3436474	0.530208333333333
418.360171099999	0.530208333333333
418.376826799999	0.530208333333333
418.3934044	0.530208333333333
418.4098994	0.530208333333333
418.4264384	0.530208333333333
418.443294999999	0.530208333333333
418.4600891	0.530208333333333
418.476465199999	0.530208333333333
418.4931423	0.530208333333333
418.509711199999	0.530208333333333
418.526291599999	0.530208333333333
418.5431196	0.530208333333333
418.5599029	0.530208333333333
418.5766036	0.530208333333333
418.5929055	0.530208333333333
418.6096914	0.530208333333333
418.6274785	0.530208333333333
418.643203099999	0.530208333333333
418.659666899999	0.530208333333333
418.6764576	0.530208333333333
418.693307699999	0.530208333333333
418.709695299999	0.530208333333333
418.7267986	0.530208333333333
418.7429456	0.530208333333333
418.760244999999	0.530208333333333
418.776728299999	0.530208333333333
418.793414399999	0.530208333333333
418.8096913	0.530208333333333
418.8265905	0.530208333333333
418.8433074	0.530208333333333
418.859473799999	0.530208333333333
418.876703899999	0.530208333333333
418.8935425	0.530208333333333
418.9098176	0.530208333333333
418.9262855	0.530208333333333
418.943320799999	0.530208333333333
418.959783099999	0.530208333333333
418.976388499999	0.530208333333333
418.993075599999	0.530208333333333
419.009506799999	0.530208333333333
419.0267414	0.530208333333333
419.0432329	0.530208333333333
419.059704099999	0.530208333333333
419.0766244	0.530208333333333
419.0932187	0.530208333333333
419.109621	0.530208333333333
419.1262382	0.530208333333333
419.1429426	0.530208333333333
419.159755299999	0.530208333333333
419.176868799999	0.530208333333333
419.1933621	0.530208333333333
419.209816099999	0.530208333333333
419.226473799999	0.530208333333333
419.2429913	0.530208333333333
419.2595241	0.530208333333333
419.2766107	0.530208333333333
419.293183299999	0.530208333333333
419.3094593	0.530208333333333
419.326682899999	0.530208333333333
419.342946899999	0.530208333333333
419.3595194	0.530208333333333
419.3765366	0.530208333333333
419.393302799999	0.530208333333333
419.409880599999	0.530208333333333
419.426757499999	0.530208333333333
419.4433694	0.530208333333333
419.4598085	0.530208333333333
419.476851799999	0.530208333333333
419.4934294	0.530208333333333
419.509540399999	0.530208333333333
419.526240599999	0.530208333333333
419.542994099999	0.530208333333333
419.559681899999	0.530208333333333
419.580883099999	0.530208333333333
419.593012599999	0.530208333333333
419.609806699999	0.530208333333333
419.6264456	0.530208333333333
419.643153	0.530208333333333
419.6598109	0.530208333333333
419.676642199999	0.530208333333333
419.6937824	0.530208333333333
419.7095928	0.530208333333333
419.726865	0.530208333333333
419.7432155	0.530208333333333
419.759733499999	0.530208333333333
419.776612799999	0.530208333333333
419.7932286	0.530208333333333
419.8095459	0.530208333333333
419.8263221	0.530208333333333
419.842924099999	0.530208333333333
419.859599599999	0.530208333333333
419.8766318	0.530208333333333
419.8931002	0.530208333333333
419.9094348	0.530208333333333
419.926611399999	0.530208333333333
419.9431975	0.530208333333333
419.9597527	0.530208333333333
419.9760725	0.530208333333333
419.992886599999	0.530208333333333
420.0094475	0.530208333333333
420.026153199999	0.530208333333333
420.042878099999	0.530208333333333
420.0598132	0.530208333333333
420.0768732	0.530208333333333
420.093420599999	0.530208333333333
420.109906	0.530208333333333
420.1267283	0.530208333333333
420.1436145	0.530208333333333
420.160088199999	0.530208333333333
420.176581	0.530208333333333
420.193180499999	0.530208333333333
420.2097009	0.530208333333333
420.2263648	0.530208333333333
420.2426409	0.530208333333333
420.259453	0.530208333333333
420.2763233	0.530208333333333
420.2930442	0.530208333333333
420.309695999999	0.530208333333333
420.3267103	0.530208333333333
420.3437583	0.530208333333333
420.359958	0.530208333333333
420.376412699999	0.530208333333333
420.392910699999	0.530208333333333
420.4097284	0.530208333333333
420.4260274	0.530208333333333
420.4429394	0.530208333333333
420.459698899999	0.530208333333333
420.476606599999	0.530208333333333
420.492986499999	0.530208333333333
420.5095053	0.530208333333333
420.527047699999	0.530208333333333
420.543427799999	0.530208333333333
420.5597745	0.530208333333333
420.5762318	0.530208333333333
420.5933854	0.530208333333333
420.609392799999	0.530208333333333
420.626554799999	0.530208333333333
420.643352599999	0.530208333333333
420.6596252	0.530208333333333
420.6760783	0.530208333333333
420.693034299999	0.530208333333333
420.7097096	0.530208333333333
420.7268053	0.530208333333333
420.743441899999	0.530208333333333
420.759651799999	0.530208333333333
420.7766334	0.530208333333333
420.7934083	0.530208333333333
420.809623499999	0.530208333333333
420.826550899999	0.530208333333333
420.842849	0.530208333333333
420.8594219	0.530208333333333
420.8765509	0.530208333333333
420.8932129	0.530208333333333
420.9095596	0.530208333333333
420.926353899999	0.530208333333333
420.9431502	0.530208333333333
420.9593368	0.530208333333333
420.9766691	0.530208333333333
420.9930288	0.530208333333333
421.0096963	0.530208333333333
421.026813199999	0.530208333333333
421.0435745	0.530208333333333
421.0594821	0.530208333333333
421.076757299999	0.530208333333333
421.092901	0.530208333333333
421.1096718	0.530208333333333
421.126652299999	0.530208333333333
421.143125699999	0.530208333333333
421.159792799999	0.530208333333333
421.1808575	0.530208333333333
421.192931899999	0.530208333333333
421.209259599999	0.530208333333333
421.2264546	0.530208333333333
421.2430582	0.530208333333333
421.259469	0.530208333333333
421.276798499999	0.530208333333333
421.2930105	0.530208333333333
421.309221099999	0.530208333333333
421.326199399999	0.530208333333333
421.3431899	0.530208333333333
421.3594619	0.530208333333333
421.376348299999	0.530208333333333
421.393284199999	0.530208333333333
421.4094399	0.530208333333333
421.426616299999	0.530208333333333
421.4433635	0.530208333333333
421.4598197	0.530208333333333
421.4762131	0.530208333333333
421.493676499999	0.530208333333333
421.5095084	0.530208333333333
421.5269853	0.530208333333333
421.5431905	0.530208333333333
421.559405399999	0.530208333333333
421.5764101	0.530208333333333
421.5930039	0.530208333333333
421.6096208	0.530208333333333
421.6260833	0.530208333333333
421.6435818	0.530208333333333
421.659841	0.530208333333333
421.6766996	0.530208333333333
421.6931255	0.530208333333333
421.7099429	0.530208333333333
421.726717	0.530208333333333
421.743152499999	0.530208333333333
421.7595114	0.530208333333333
421.776341299999	0.530208333333333
421.7929777	0.530208333333333
421.809672599999	0.530208333333333
421.8268168	0.530208333333333
421.843032799999	0.530208333333333
421.859256899999	0.530208333333333
421.876710699999	0.530208333333333
421.8931225	0.530208333333333
421.909588199999	0.530208333333333
421.926721399999	0.530208333333333
421.943347799999	0.530208333333333
421.959772699999	0.530208333333333
421.9765252	0.530208333333333
421.993342799999	0.530208333333333
422.0092245	0.530208333333333
422.026393599999	0.530208333333333
422.0430262	0.530208333333333
422.0595776	0.530208333333333
422.0765495	0.530208333333333
422.093228199999	0.530208333333333
422.1092088	0.530208333333333
422.126166999999	0.530208333333333
422.142798299999	0.530208333333333
422.159457199999	0.530208333333333
422.1764138	0.530208333333333
422.193265899999	0.530208333333333
422.2092748	0.530208333333333
422.2264461	0.530208333333333
422.2436051	0.530208333333333
422.2595009	0.530208333333333
422.276360899999	0.530208333333333
422.293263799999	0.530208333333333
422.3094959	0.530208333333333
422.326491899999	0.530208333333333
422.343192699999	0.530208333333333
422.359637699999	0.530208333333333
422.3762511	0.530208333333333
422.3931653	0.530208333333333
422.409733099999	0.530208333333333
422.426495	0.530208333333333
422.4437583	0.530208333333333
422.459704499999	0.530208333333333
422.476128699999	0.530208333333333
422.4931363	0.530208333333333
422.509725499999	0.530208333333333
422.5267022	0.530208333333333
422.543340099999	0.530208333333333
422.559657	0.530208333333333
422.576343899999	0.530208333333333
422.5927629	0.530208333333333
422.6096418	0.530208333333333
422.6264014	0.530208333333333
422.643247	0.530208333333333
422.6595425	0.530208333333333
422.676357599999	0.530208333333333
422.6931171	0.530208333333333
422.7095045	0.530208333333333
422.726596	0.530208333333333
422.742949199999	0.530208333333333
422.759599	0.530208333333333
422.776675499999	0.530208333333333
422.7932228	0.530208333333333
422.8091311	0.530208333333333
422.826494	0.530208333333333
422.8430866	0.530208333333333
422.859532099999	0.530208333333333
422.8765644	0.530208333333333
422.8931752	0.530208333333333
422.9097532	0.530208333333333
422.926881799999	0.530208333333333
422.943111199999	0.530208333333333
422.959606799999	0.530208333333333
422.9762266	0.530208333333333
422.993118799999	0.530208333333333
423.009321099999	0.530208333333333
423.026378	0.530208333333333
423.0430023	0.530208333333333
423.059724399999	0.530208333333333
423.0759965	0.530208333333333
423.093081399999	0.530208333333333
423.1095464	0.530208333333333
423.126935099999	0.530208333333333
423.1451934	0.530208333333333
423.1599987	0.530208333333333
423.176693599999	0.530208333333333
423.193443599999	0.530208333333333
423.209412599999	0.530208333333333
423.2264587	0.530208333333333
423.2430949	0.530208333333333
423.259182299999	0.530208333333333
423.276487499999	0.530208333333333
423.2928973	0.530208333333333
423.3094683	0.530208333333333
423.326845899999	0.530208333333333
423.342964799999	0.530208333333333
423.359422699999	0.530208333333333
423.3767953	0.530208333333333
423.3931106	0.530208333333333
423.409679799999	0.530208333333333
423.426298199999	0.530208333333333
423.443226199999	0.530208333333333
423.459480799999	0.530208333333333
423.4761326	0.530208333333333
423.492839899999	0.530208333333333
423.5092384	0.530208333333333
423.5265942	0.530208333333333
423.5430626	0.530208333333333
423.559248099999	0.530208333333333
423.576625	0.530208333333333
423.5929411	0.530208333333333
423.609362599999	0.530208333333333
423.626532599999	0.530208333333333
423.6431533	0.530208333333333
423.6595688	0.530208333333333
423.676316999999	0.530208333333333
423.6932044	0.530208333333333
423.709757	0.530208333333333
423.7264522	0.530208333333333
423.7428672	0.530208333333333
423.759305099999	0.530208333333333
423.776633199999	0.530208333333333
423.792906299999	0.530208333333333
423.809269599999	0.530208333333333
423.8270206	0.530208333333333
423.8432309	0.530208333333333
423.859943799999	0.530208333333333
423.876365499999	0.530208333333333
423.892943299999	0.530208333333333
423.9095964	0.530208333333333
423.9260323	0.530208333333333
423.943034299999	0.530208333333333
423.959572999999	0.530208333333333
423.9762304	0.530208333333333
423.992802	0.530208333333333
424.009323599999	0.530208333333333
424.0260389	0.530208333333333
424.042698099999	0.530208333333333
424.0599588	0.530208333333333
424.076741899999	0.530208333333333
424.0928828	0.530208333333333
424.109944399999	0.530208333333333
424.126450399999	0.530208333333333
424.1433461	0.530208333333333
424.1596291	0.530208333333333
424.176668599999	0.530208333333333
424.192593799999	0.530208333333333
424.2096094	0.530208333333333
424.226376799999	0.530208333333333
424.242954699999	0.530208333333333
424.2593479	0.530208333333333
424.2761554	0.530208333333333
424.292987899999	0.530208333333333
424.309559599999	0.530208333333333
424.326762999999	0.530208333333333
424.343302599999	0.530208333333333
424.3594531	0.530208333333333
424.3764849	0.530208333333333
424.3931697	0.530208333333333
424.409952999999	0.530208333333333
424.4269655	0.530208333333333
424.443187299999	0.530208333333333
424.459339399999	0.530208333333333
424.476325899999	0.530208333333333
424.492963	0.530208333333333
424.5095175	0.530208333333333
424.526177199999	0.530208333333333
424.543158799999	0.530208333333333
424.5595058	0.530208333333333
424.576670199999	0.530208333333333
424.5934203	0.530208333333333
424.6097885	0.530208333333333
424.6266373	0.530208333333333
424.6427772	0.530208333333333
424.6593544	0.530208333333333
424.6764598	0.530208333333333
424.6930495	0.530208333333333
424.7097077	0.530208333333333
424.7265583	0.530208333333333
424.7430072	0.530208333333333
424.759318599999	0.530208333333333
424.7764221	0.530208333333333
424.7932525	0.530208333333333
424.8098922	0.530208333333333
424.826225	0.530208333333333
424.843218499999	0.530208333333333
424.859585599999	0.530208333333333
424.876381499999	0.530208333333333
424.8931249	0.530208333333333
424.909580199999	0.530208333333333
424.926759	0.530208333333333
424.942939199999	0.530208333333333
424.9591843	0.530208333333333
424.976136499999	0.530208333333333
424.9927552	0.530208333333333
425.0092649	0.530208333333333
425.0262508	0.530208333333333
425.043196199999	0.530208333333333
425.0594235	0.530208333333333
425.0765985	0.530208333333333
425.093082599999	0.530208333333333
425.1096745	0.530208333333333
425.1265531	0.530208333333333
425.143102499999	0.530208333333333
425.159728	0.530208333333333
425.1764894	0.530208333333333
425.193069399999	0.530208333333333
425.209824899999	0.530208333333333
425.226496499999	0.530208333333333
425.243057	0.530208333333333
425.259172499999	0.530208333333333
425.276542899999	0.530208333333333
425.2940454	0.530208333333333
425.309219999999	0.530208333333333
425.3265075	0.530208333333333
425.343242899999	0.530208333333333
425.3593824	0.530208333333333
425.3761243	0.530208333333333
425.3929112	0.530208333333333
425.409545199999	0.530208333333333
425.426342199999	0.530208333333333
425.4428664	0.530208333333333
425.4594296	0.530208333333333
425.4767741	0.530208333333333
425.4931901	0.530208333333333
425.5097742	0.530208333333333
425.5262619	0.530208333333333
425.542933	0.530208333333333
425.5597049	0.530208333333333
425.576377699999	0.530208333333333
425.5930222	0.530208333333333
425.609686399999	0.530208333333333
425.6266853	0.530208333333333
425.642905	0.530208333333333
425.659594799999	0.530208333333333
425.676367399999	0.530208333333333
425.6932075	0.530208333333333
425.709329699999	0.530208333333333
425.726170299999	0.530208333333333
425.7427865	0.530208333333333
425.7597103	0.530208333333333
425.776592699999	0.530208333333333
425.7928973	0.530208333333333
425.8096307	0.530208333333333
425.8260992	0.530208333333333
425.842607099999	0.530208333333333
425.859302299999	0.530208333333333
425.8760445	0.530208333333333
425.8930289	0.530208333333333
425.909334399999	0.530208333333333
425.9266054	0.530208333333333
425.9431356	0.530208333333333
425.9596678	0.530208333333333
425.9768466	0.530208333333333
425.9930864	0.530208333333333
426.0095979	0.530208333333333
426.0265666	0.530208333333333
426.0430035	0.530208333333333
426.059407799999	0.530208333333333
426.0767625	0.530208333333333
426.092813499999	0.530208333333333
426.109535199999	0.530208333333333
426.126858099999	0.530208333333333
426.1431587	0.530208333333333
426.159651499999	0.530208333333333
426.176353399999	0.530208333333333
426.1929789	0.530208333333333
426.209723	0.530208333333333
426.2260879	0.530208333333333
426.2431392	0.530208333333333
426.2598585	0.530208333333333
426.2761536	0.530208333333333
426.292904	0.530208333333333
426.3095558	0.530208333333333
426.326410799999	0.530208333333333
426.3432033	0.530208333333333
426.3594095	0.530208333333333
426.3763186	0.530208333333333
426.3932516	0.530208333333333
426.409591099999	0.530208333333333
426.426264299999	0.530208333333333
426.442754299999	0.530208333333333
426.459559299999	0.530208333333333
426.4762647	0.530208333333333
426.4933813	0.530208333333333
426.5096103	0.530208333333333
426.526053899999	0.530208333333333
426.543375599999	0.530208333333333
426.5595082	0.530208333333333
426.5765432	0.530208333333333
426.5931825	0.530208333333333
426.6092769	0.530208333333333
426.6265409	0.530208333333333
426.642769399999	0.530208333333333
426.6595834	0.530208333333333
426.676540599999	0.530208333333333
426.6931605	0.530208333333333
426.709528799999	0.530208333333333
426.726499599999	0.530208333333333
426.7429765	0.530208333333333
426.7596052	0.530208333333333
426.7761045	0.530208333333333
426.793100999999	0.530208333333333
426.809261099999	0.530208333333333
426.826155399999	0.530208333333333
426.8432139	0.530208333333333
426.8597394	0.530208333333333
426.8763887	0.530208333333333
426.8928317	0.530208333333333
426.9094725	0.530208333333333
426.926172099999	0.530208333333333
426.943176299999	0.530208333333333
426.959244	0.530208333333333
426.976796499999	0.530208333333333
426.9931699	0.530208333333333
427.0094947	0.530208333333333
427.0265124	0.530208333333333
427.0434791	0.530208333333333
427.0596608	0.530208333333333
427.0763462	0.530208333333333
427.093483199999	0.530208333333333
427.1110252	0.530208333333333
427.126664799999	0.530208333333333
427.1430155	0.530208333333333
427.1591419	0.530208333333333
427.175851	0.530208333333333
427.1928462	0.530208333333333
427.209213399999	0.530208333333333
427.2263894	0.530208333333333
427.242601	0.530208333333333
427.2596114	0.530208333333333
427.2763134	0.530208333333333
427.2932003	0.530208333333333
427.309553499999	0.530208333333333
427.3262134	0.530208333333333
427.343238599999	0.530208333333333
427.360003999999	0.530208333333333
427.3767203	0.530208333333333
427.3928701	0.530208333333333
427.409178999999	0.530208333333333
427.426227999999	0.530208333333333
427.44258	0.530208333333333
427.459647299999	0.530208333333333
427.476070899999	0.530208333333333
427.4935907	0.530208333333333
427.509822	0.530208333333333
427.5262617	0.530208333333333
427.543693699999	0.530208333333333
427.559563399999	0.530208333333333
427.576632099999	0.530208333333333
427.592995	0.530208333333333
427.609327499999	0.530208333333333
427.6260968	0.530208333333333
427.642876899999	0.530208333333333
427.6594765	0.530208333333333
427.676232399999	0.530208333333333
427.693412	0.530208333333333
427.709490099999	0.530208333333333
427.7264581	0.530208333333333
427.742540099999	0.530208333333333
427.7592305	0.530208333333333
427.775950699999	0.530208333333333
427.792812299999	0.530208333333333
427.809229099999	0.530208333333333
427.8260038	0.530208333333333
427.8427428	0.530208333333333
427.8591749	0.530208333333333
427.875787399999	0.530208333333333
427.892906999999	0.530208333333333
427.909542699999	0.530208333333333
427.9263081	0.530208333333333
427.942808999999	0.530208333333333
427.959734999999	0.530208333333333
427.976532999999	0.530208333333333
427.9931596	0.530208333333333
428.009629599999	0.530208333333333
428.026604	0.530208333333333
428.042785899999	0.530208333333333
428.059192399999	0.530208333333333
428.0763441	0.530208333333333
428.092382	0.530208333333333
428.1092678	0.530208333333333
428.127588599999	0.530208333333333
428.142803399999	0.530208333333333
428.159629399999	0.530208333333333
428.1760483	0.530208333333333
428.1930103	0.530208333333333
428.2092624	0.530208333333333
428.226454	0.530208333333333
428.2429064	0.530208333333333
428.259255	0.530208333333333
428.2759195	0.530208333333333
428.292778499999	0.530208333333333
428.309463299999	0.530208333333333
428.3263842	0.530208333333333
428.343497499999	0.530208333333333
428.3598195	0.530208333333333
428.376251	0.530208333333333
428.3930759	0.530208333333333
428.4096537	0.530208333333333
428.426251299999	0.530208333333333
428.4426367	0.530208333333333
428.459440899999	0.530208333333333
428.4760649	0.530208333333333
428.492855199999	0.530208333333333
428.5090266	0.530208333333333
428.5264756	0.530208333333333
428.5423685	0.530208333333333
428.5596219	0.530208333333333
428.575959899999	0.530208333333333
428.592710899999	0.530208333333333
428.609688	0.530208333333333
428.6264765	0.530208333333333
428.642826099999	0.530208333333333
428.6591862	0.530208333333333
428.675969299999	0.530208333333333
428.692573599999	0.530208333333333
428.709692599999	0.530208333333333
428.7260018	0.530208333333333
428.7426201	0.530208333333333
428.7592071	0.530208333333333
428.775889199999	0.530208333333333
428.7925461	0.530208333333333
428.8095416	0.530208333333333
428.826416399999	0.530208333333333
428.843006999999	0.530208333333333
428.8595514	0.530208333333333
428.876049799999	0.530208333333333
428.8935028	0.530208333333333
428.9095032	0.530208333333333
428.926623099999	0.530208333333333
428.942950299999	0.530208333333333
428.959228399999	0.530208333333333
428.9757136	0.530208333333333
428.9925021	0.530208333333333
429.0091882	0.530208333333333
429.025880699999	0.530208333333333
429.0426405	0.530208333333333
429.059390799999	0.530208333333333
429.0764092	0.530208333333333
429.092790399999	0.530208333333333
429.1096908	0.530208333333333
429.1272087	0.530208333333333
429.142907699999	0.530208333333333
429.159554899999	0.530208333333333
429.17602	0.530208333333333
429.1928122	0.530208333333333
429.2091873	0.530208333333333
429.225914799999	0.530208333333333
429.2428093	0.530208333333333
429.2596521	0.530208333333333
429.2759398	0.530208333333333
429.292844899999	0.530208333333333
429.3096411	0.530208333333333
429.325997999999	0.530208333333333
429.3432717	0.530208333333333
429.3596449	0.530208333333333
429.3762449	0.530208333333333
429.392516999999	0.530208333333333
429.4094048	0.530208333333333
429.4263157	0.530208333333333
429.4427805	0.530208333333333
429.459460999999	0.530208333333333
429.476483099999	0.530208333333333
429.4931074	0.530208333333333
429.5098744	0.530208333333333
429.5264448	0.530208333333333
429.542840999999	0.530208333333333
429.5592848	0.530208333333333
429.5762532	0.530208333333333
429.5928183	0.530208333333333
429.6097382	0.530208333333333
429.625860599999	0.530208333333333
429.6422482	0.530208333333333
429.659653	0.530208333333333
429.675944199999	0.530208333333333
429.692829799999	0.530208333333333
429.7095609	0.530208333333333
429.726736	0.530208333333333
429.742690499999	0.530208333333333
429.7599309	0.530208333333333
429.776059	0.530208333333333
429.792767299999	0.530208333333333
429.809436899999	0.530208333333333
429.826257199999	0.530208333333333
429.8425158	0.530208333333333
429.859552499999	0.530208333333333
429.8762682	0.530208333333333
429.892611099999	0.530208333333333
429.9094354	0.530208333333333
429.9265117	0.530208333333333
429.9426071	0.530208333333333
429.9594529	0.530208333333333
429.9760646	0.530208333333333
429.992354399999	0.530208333333333
430.0094893	0.530208333333333
430.0259811	0.530208333333333
430.0428137	0.530208333333333
430.0596632	0.530208333333333
430.0764406	0.530208333333333
430.092712899999	0.530208333333333
430.109392799999	0.530208333333333
430.126193599999	0.530208333333333
430.1423379	0.530208333333333
430.159439399999	0.530208333333333
430.176199099999	0.530208333333333
430.192631399999	0.530208333333333
430.2094708	0.530208333333333
430.225942399999	0.530208333333333
430.242619799999	0.530208333333333
430.2594813	0.530208333333333
430.2761636	0.530208333333333
430.292483099999	0.530208333333333
430.3094353	0.530208333333333
430.326327399999	0.530208333333333
430.342419199999	0.530208333333333
430.3595362	0.530208333333333
430.376441699999	0.530208333333333
430.392628899999	0.530208333333333
430.409465199999	0.530208333333333
430.4263359	0.530208333333333
430.442818699999	0.530208333333333
430.4595383	0.530208333333333
430.476231199999	0.530208333333333
430.492503099999	0.530208333333333
430.509476499999	0.530208333333333
430.526530499999	0.530208333333333
430.5423949	0.530208333333333
430.559463799999	0.530208333333333
430.5759088	0.530208333333333
430.5923035	0.530208333333333
430.6092718	0.530208333333333
430.625718699999	0.530208333333333
430.642254199999	0.530208333333333
430.6593973	0.530208333333333
430.6766239	0.530208333333333
430.6927589	0.530208333333333
430.709528599999	0.530208333333333
430.726110899999	0.530208333333333
430.742609299999	0.530208333333333
430.7595353	0.530208333333333
430.7758792	0.530208333333333
430.7926154	0.530208333333333
430.809652299999	0.530208333333333
430.825990099999	0.530208333333333
430.842607099999	0.530208333333333
430.859081099999	0.530208333333333
430.8761602	0.530208333333333
430.892324599999	0.530208333333333
430.909497299999	0.530208333333333
430.9259463	0.530208333333333
430.9427215	0.530208333333333
430.9594799	0.530208333333333
430.9765302	0.530208333333333
430.992319999999	0.530208333333333
431.009259699999	0.530208333333333
431.0261113	0.530208333333333
431.043021799999	0.530208333333333
431.059208299999	0.530208333333333
431.0763056	0.530208333333333
431.0923807	0.530208333333333
431.1090144	0.530208333333333
431.126225399999	0.530208333333333
431.1425468	0.530208333333333
431.1594085	0.530208333333333
431.1758277	0.530208333333333
431.1924412	0.530208333333333
431.2094007	0.530208333333333
431.226032299999	0.530208333333333
431.242595799999	0.530208333333333
431.2594696	0.530208333333333
431.2763274	0.530208333333333
431.292798099999	0.530208333333333
431.309427499999	0.530208333333333
431.326483	0.530208333333333
431.342874399999	0.530208333333333
431.3595294	0.530208333333333
431.3764199	0.530208333333333
431.3922464	0.530208333333333
431.409586299999	0.530208333333333
431.4258344	0.530208333333333
431.442391799999	0.530208333333333
431.4594535	0.530208333333333
431.4759273	0.530208333333333
431.492698999999	0.530208333333333
431.509157	0.530208333333333
431.5262022	0.530208333333333
431.542779799999	0.530208333333333
431.5589593	0.530208333333333
431.5759235	0.530208333333333
431.5922824	0.530208333333333
431.609342399999	0.530208333333333
431.6258468	0.530208333333333
431.642713699999	0.530208333333333
431.659965299999	0.530208333333333
431.6763566	0.530208333333333
431.692889999999	0.530208333333333
431.709341399999	0.530208333333333
431.726212199999	0.530208333333333
431.742735899999	0.530208333333333
431.759122099999	0.530208333333333
431.7760996	0.530208333333333
431.7922405	0.530208333333333
431.8094734	0.530208333333333
431.8258282	0.530208333333333
431.8428353	0.530208333333333
431.859409899999	0.530208333333333
431.8762055	0.530208333333333
431.8929479	0.530208333333333
431.9095327	0.530208333333333
431.9259845	0.530208333333333
431.942134899999	0.530208333333333
431.959314799999	0.530208333333333
431.9763532	0.530208333333333
431.992771499999	0.530208333333333
432.0093198	0.530208333333333
432.0261108	0.530208333333333
432.042323899999	0.530208333333333
432.0596779	0.530208333333333
432.0758578	0.530208333333333
432.092965999999	0.530208333333333
432.109784699999	0.530208333333333
432.1258725	0.530208333333333
432.142618	0.530208333333333
432.159497899999	0.530208333333333
432.1764752	0.530208333333333
432.1927907	0.530208333333333
432.2094952	0.530208333333333
432.2260097	0.530208333333333
432.242728699999	0.530208333333333
432.2593744	0.530208333333333
432.276044499999	0.530208333333333
432.292736599999	0.530208333333333
432.3093012	0.530208333333333
432.325997499999	0.530208333333333
432.3426254	0.530208333333333
432.3589022	0.530208333333333
432.3757492	0.530208333333333
432.3924128	0.530208333333333
432.4090754	0.530208333333333
432.4261465	0.530208333333333
432.442284999999	0.530208333333333
432.459207299999	0.530208333333333
432.475596699999	0.530208333333333
432.4928093	0.530208333333333
432.5096938	0.530208333333333
432.5264215	0.530208333333333
432.5433293	0.530208333333333
432.5594137	0.530208333333333
432.5762134	0.530208333333333
432.5928699	0.530208333333333
432.6094299	0.530208333333333
432.626189099999	0.530208333333333
432.6424589	0.530208333333333
432.6587143	0.530208333333333
432.676030799999	0.530208333333333
432.6922526	0.530208333333333
432.7090356	0.530208333333333
432.726392	0.530208333333333
432.7423315	0.530208333333333
432.7588072	0.530208333333333
432.775809899999	0.530208333333333
432.792323299999	0.530208333333333
432.808798399999	0.530208333333333
432.825949399999	0.530208333333333
432.842752199999	0.530208333333333
432.859848599999	0.530208333333333
432.8756009	0.530208333333333
432.892280499999	0.530208333333333
432.9094147	0.530208333333333
432.925778	0.530208333333333
432.942220299999	0.530208333333333
432.9590122	0.530208333333333
432.9762867	0.530208333333333
432.992786399999	0.530208333333333
433.009229499999	0.530208333333333
433.025995499999	0.530208333333333
433.042538399999	0.530208333333333
433.059313199999	0.530208333333333
433.0755995	0.530208333333333
433.092873699999	0.530208333333333
433.1088936	0.530208333333333
433.1260287	0.530208333333333
433.1424946	0.530208333333333
433.1593366	0.530208333333333
433.175690599999	0.530208333333333
433.1923577	0.530208333333333
433.209376999999	0.530208333333333
433.22635	0.530208333333333
433.242753	0.530208333333333
433.259192199999	0.530208333333333
433.2757224	0.530208333333333
433.292954699999	0.530208333333333
433.3089377	0.530208333333333
433.3260425	0.530208333333333
433.3427605	0.530208333333333
433.359372399999	0.530208333333333
433.375961399999	0.530208333333333
433.392739899999	0.530208333333333
433.4092489	0.530208333333333
433.4256895	0.530208333333333
433.442567999999	0.530208333333333
433.4595512	0.530208333333333
433.4758808	0.530208333333333
433.493027699999	0.530208333333333
433.509431099999	0.530208333333333
433.5262501	0.530208333333333
433.5427476	0.530208333333333
433.5597326	0.530208333333333
433.5762915	0.530208333333333
433.5921861	0.530208333333333
433.6093529	0.530208333333333
433.6256791	0.530208333333333
433.642647199999	0.530208333333333
433.659451899999	0.530208333333333
433.676185599999	0.530208333333333
433.692339699999	0.530208333333333
433.7094146	0.530208333333333
433.7263035	0.530208333333333
433.7428504	0.530208333333333
433.7596482	0.530208333333333
433.7761592	0.530208333333333
433.792536299999	0.530208333333333
433.809245699999	0.530208333333333
433.825709299999	0.530208333333333
433.8425748	0.530208333333333
433.8592443	0.530208333333333
433.8760026	0.530208333333333
433.892384899999	0.530208333333333
433.909728899999	0.530208333333333
433.926127799999	0.530208333333333
433.942332199999	0.530208333333333
433.9598368	0.530208333333333
433.976247	0.530208333333333
433.9944713	0.530208333333333
434.0095665	0.530208333333333
434.026062499999	0.530208333333333
434.0424919	0.530208333333333
434.0590967	0.530208333333333
434.0759751	0.530208333333333
434.0925628	0.530208333333333
434.109449	0.530208333333333
434.1261053	0.530208333333333
434.142469799999	0.530208333333333
434.1588508	0.530208333333333
434.1757632	0.530208333333333
434.1922305	0.530208333333333
434.209146699999	0.530208333333333
434.226116399999	0.530208333333333
434.242695299999	0.530208333333333
434.2592133	0.530208333333333
434.275877999999	0.530208333333333
434.2924555	0.530208333333333
434.308979599999	0.530208333333333
434.326334799999	0.530208333333333
434.3424901	0.530208333333333
434.359444199999	0.530208333333333
434.3756752	0.530208333333333
434.392804999999	0.530208333333333
434.4095627	0.530208333333333
434.4262536	0.530208333333333
434.442692899999	0.530208333333333
434.459272499999	0.530208333333333
434.475683799999	0.530208333333333
434.4925318	0.530208333333333
434.509408999999	0.530208333333333
434.5262391	0.530208333333333
434.542708499999	0.530208333333333
434.5594917	0.530208333333333
434.575869099999	0.530208333333333
434.5926977	0.530208333333333
434.6093622	0.530208333333333
434.6262743	0.530208333333333
434.642712299999	0.530208333333333
434.659277799999	0.530208333333333
434.675994599999	0.530208333333333
434.6926582	0.530208333333333
434.709039099999	0.530208333333333
434.725992199999	0.530208333333333
434.742693499999	0.530208333333333
434.759607499999	0.530208333333333
434.7761504	0.530208333333333
434.7937777	0.530208333333333
434.809124199999	0.530208333333333
434.825838299999	0.530208333333333
434.8425183	0.530208333333333
434.858957699999	0.530208333333333
434.8760932	0.530208333333333
434.892547699999	0.530208333333333
434.909365099999	0.530208333333333
434.926333699999	0.530208333333333
434.9429014	0.530208333333333
434.959266999999	0.530208333333333
434.975946199999	0.530208333333333
434.9926645	0.530208333333333
435.0092656	0.530208333333333
435.026031799999	0.530208333333333
435.042742199999	0.530208333333333
435.059249	0.530208333333333
435.075972899999	0.530208333333333
435.0927881	0.530208333333333
435.109080099999	0.530208333333333
435.1260519	0.530208333333333
435.142529899999	0.530208333333333
435.159260699999	0.530208333333333
435.175847099999	0.530208333333333
435.192650399999	0.530208333333333
435.209368	0.530208333333333
435.2258966	0.530208333333333
435.2423191	0.530208333333333
435.2592274	0.530208333333333
435.2760067	0.530208333333333
435.2927457	0.530208333333333
435.3094486	0.530208333333333
435.325777399999	0.530208333333333
435.3423815	0.530208333333333
435.359489099999	0.530208333333333
435.375879499999	0.530208333333333
435.392354199999	0.530208333333333
435.409552399999	0.530208333333333
435.4258774	0.530208333333333
435.4427196	0.530208333333333
435.4591506	0.530208333333333
435.476116899999	0.530208333333333
435.4929629	0.530208333333333
435.5094117	0.530208333333333
435.5262586	0.530208333333333
435.542478799999	0.530208333333333
435.559123999999	0.530208333333333
435.575915099999	0.530208333333333
435.59249	0.530208333333333
435.608920299999	0.530208333333333
435.625904699999	0.530208333333333
435.642790999999	0.530208333333333
435.659170299999	0.530208333333333
435.6756557	0.530208333333333
435.692721699999	0.530208333333333
435.709032999999	0.530208333333333
435.7261374	0.530208333333333
435.742893299999	0.530208333333333
435.758890499999	0.530208333333333
435.7760282	0.530208333333333
435.792767299999	0.530208333333333
435.8091415	0.530208333333333
435.8263202	0.530208333333333
435.8427813	0.530208333333333
435.859244099999	0.530208333333333
435.8760714	0.530208333333333
435.893045299999	0.530208333333333
435.909438799999	0.530208333333333
435.926291399999	0.530208333333333
435.942810299999	0.530208333333333
435.959205499999	0.530208333333333
435.9761836	0.530208333333333
435.9926725	0.530208333333333
436.0092697	0.530208333333333
436.025947599999	0.530208333333333
436.042779099999	0.530208333333333
436.059144999999	0.530208333333333
436.075793499999	0.530208333333333
436.092734999999	0.530208333333333
436.1092836	0.530208333333333
436.1255947	0.530208333333333
436.143026399999	0.530208333333333
436.159104599999	0.530208333333333
436.1757251	0.530208333333333
436.193072499999	0.530208333333333
436.209118299999	0.530208333333333
436.225898799999	0.530208333333333
436.242999399999	0.530208333333333
436.259372	0.530208333333333
436.2760123	0.530208333333333
436.2928168	0.530208333333333
436.309417699999	0.530208333333333
436.3260646	0.530208333333333
436.342756999999	0.530208333333333
436.359037599999	0.530208333333333
436.376069	0.530208333333333
436.3926291	0.530208333333333
436.409495499999	0.530208333333333
436.425499	0.530208333333333
436.4428085	0.530208333333333
436.4591541	0.530208333333333
436.475968799999	0.530208333333333
436.492681799999	0.530208333333333
436.509220399999	0.530208333333333
436.525994199999	0.530208333333333
436.542044899999	0.530208333333333
436.558948299999	0.530208333333333
436.575824299999	0.530208333333333
436.5926209	0.530208333333333
436.609417899999	0.530208333333333
436.6258983	0.530208333333333
436.6423134	0.530208333333333
436.6594381	0.530208333333333
436.6758112	0.530208333333333
436.6927295	0.530208333333333
436.709263	0.530208333333333
436.7260474	0.530208333333333
436.742644499999	0.530208333333333
436.7594443	0.530208333333333
436.77596	0.530208333333333
436.792869499999	0.530208333333333
436.8092314	0.530208333333333
436.826045299999	0.530208333333333
436.842832699999	0.530208333333333
436.859178299999	0.530208333333333
436.8759593	0.530208333333333
436.8923661	0.530208333333333
436.9089214	0.530208333333333
436.9254493	0.530208333333333
436.942743299999	0.530208333333333
436.958916	0.530208333333333
436.975895199999	0.530208333333333
436.992684399999	0.530208333333333
437.0094744	0.530208333333333
437.025726899999	0.530208333333333
437.042718799999	0.530208333333333
437.059236399999	0.530208333333333
437.0758644	0.530208333333333
437.0926799	0.530208333333333
437.108987699999	0.530208333333333
437.126188099999	0.530208333333333
437.142538599999	0.530208333333333
437.1595834	0.530208333333333
437.1761325	0.530208333333333
437.192719899999	0.530208333333333
437.208989299999	0.530208333333333
437.2265152	0.513541666666667
437.2427515	0.505208333333333
437.2591033	0.505208333333333
437.275826999999	0.505208333333333
437.2927893	0.496875
437.3091485	0.470833333333333
437.3259521	0.454166666666667
437.3435143	0.454166666666667
437.359231099999	0.454166666666667
437.3759265	0.454166666666667
437.3927809	0.454166666666667
437.409444899999	0.454166666666667
437.4258639	0.454166666666667
437.442292999999	0.454166666666667
437.458942599999	0.454166666666667
437.475913499999	0.454166666666667
437.492671399999	0.454166666666667
437.508891699999	0.454166666666667
437.525897699999	0.454166666666667
437.5425983	0.454166666666667
437.5592176	0.454166666666667
437.576198999999	0.454166666666667
437.5924858	0.454166666666667
437.608934999999	0.454166666666667
437.626162299999	0.454166666666667
437.6423927	0.454166666666667
437.6589015	0.454166666666667
437.6757725	0.454166666666667
437.6926649	0.454166666666667
437.709266899999	0.454166666666667
437.725848999999	0.454166666666667
437.7426686	0.454166666666667
437.759069199999	0.454166666666667
437.776043299999	0.454166666666667
437.7921486	0.454166666666667
437.809076099999	0.454166666666667
437.825654099999	0.435416666666667
437.8428556	0.435416666666667
437.858960299999	0.427083333333333
437.8755112	0.427083333333333
437.892700599999	0.427083333333333
437.909013099999	0.427083333333333
437.9259883	0.427083333333333
437.942751099999	0.427083333333333
437.9593743	0.427083333333333
437.9758672	0.427083333333333
437.992353099999	0.427083333333333
438.0088557	0.427083333333333
438.0258472	0.427083333333333
438.042808699999	0.427083333333333
438.059480899999	0.427083333333333
438.075873999999	0.427083333333333
438.0924023	0.427083333333333
438.109101499999	0.417708333333333
438.1259691	0.417708333333333
438.142559	0.417708333333333
438.1589404	0.417708333333333
438.1758291	0.417708333333333
438.1927068	0.417708333333333
438.2091726	0.417708333333333
438.2254992	0.417708333333333
438.242242699999	0.417708333333333
438.2593539	0.417708333333333
438.275962899999	0.417708333333333
438.2927967	0.417708333333333
438.3091212	0.417708333333333
438.325746	0.417708333333333
438.342636599999	0.417708333333333
438.3594029	0.417708333333333
438.3757563	0.417708333333333
438.3927053	0.417708333333333
438.4090166	0.417708333333333
438.425889499999	0.425
438.4426447	0.425
438.4591107	0.442708333333333
438.476220799999	0.460416666666667
438.4928069	0.460416666666667
438.5094468	0.460416666666667
438.5254618	0.460416666666667
438.542298599999	0.460416666666667
438.559917199999	0.460416666666667
438.5758025	0.460416666666667
438.593089	0.460416666666667
438.6092461	0.460416666666667
438.625785699999	0.460416666666667
438.6426268	0.460416666666667
438.65932	0.460416666666667
438.675551699999	0.460416666666667
438.6926483	0.460416666666667
438.708846799999	0.460416666666667
438.7258051	0.460416666666667
438.742642699999	0.460416666666667
438.7593945	0.460416666666667
438.775372599999	0.460416666666667
438.7928468	0.460416666666667
438.8092522	0.460416666666667
438.825869499999	0.460416666666667
438.842390999999	0.460416666666667
438.859164699999	0.460416666666667
438.8754635	0.460416666666667
438.892483799999	0.452083333333333
438.909314	0.452083333333333
438.925670299999	0.452083333333333
438.942870499999	0.434375
438.959431499999	0.434375
438.975519899999	0.434375
438.992498199999	0.426041666666667
439.0094106	0.426041666666667
439.025676499999	0.426041666666667
439.0424822	0.426041666666667
439.0591267	0.426041666666667
439.075756499999	0.426041666666667
439.0926037	0.426041666666667
439.109063899999	0.426041666666667
439.1255021	0.426041666666667
439.142886799999	0.426041666666667
439.158822099999	0.426041666666667
439.1755267	0.426041666666667
439.192413299999	0.426041666666667
439.2093453	0.426041666666667
439.225472499999	0.426041666666667
439.2424224	0.426041666666667
439.2591482	0.426041666666667
439.2759031	0.426041666666667
439.2925275	0.426041666666667
439.309154799999	0.426041666666667
439.325821599999	0.426041666666667
439.342890399999	0.426041666666667
439.3591773	0.426041666666667
439.375511499999	0.426041666666667
439.3924662	0.426041666666667
439.4092407	0.426041666666667
439.4255495	0.426041666666667
439.4421354	0.426041666666667
439.4593325	0.426041666666667
439.475628599999	0.426041666666667
439.492456	0.426041666666667
439.509120199999	0.426041666666667
439.5254065	0.426041666666667
439.542594799999	0.426041666666667
439.558816	0.426041666666667
439.5753853	0.426041666666667
439.5922659	0.426041666666667
439.609404299999	0.426041666666667
439.6254234	0.426041666666667
439.6425806	0.426041666666667
439.6655475	0.426041666666667
439.6767752	0.426041666666667
439.6922098	0.426041666666667
439.708930399999	0.426041666666667
439.725680299999	0.426041666666667
439.742012299999	0.426041666666667
439.7588397	0.426041666666667
439.7753994	0.426041666666667
439.792492799999	0.426041666666667
439.808801499999	0.426041666666667
439.8259042	0.426041666666667
439.8422358	0.426041666666667
439.859037499999	0.426041666666667
439.8758438	0.426041666666667
439.8925596	0.426041666666667
439.909282799999	0.426041666666667
439.925536799999	0.426041666666667
439.942437999999	0.426041666666667
439.959190699999	0.426041666666667
439.9755766	0.426041666666667
439.9925969	0.426041666666667
440.0092884	0.426041666666667
440.0260608	0.426041666666667
440.0427757	0.442708333333333
440.0589058	0.442708333333333
440.0757428	0.442708333333333
440.0926463	0.442708333333333
440.1090313	0.442708333333333
440.1257176	0.442708333333333
440.1424043	0.442708333333333
440.1591294	0.442708333333333
440.1758162	0.442708333333333
440.1925554	0.442708333333333
440.209234999999	0.442708333333333
440.225796399999	0.442708333333333
440.2426759	0.442708333333333
440.2591051	0.442708333333333
440.2756879	0.442708333333333
440.2925184	0.442708333333333
440.309114899999	0.442708333333333
440.325858499999	0.442708333333333
440.342976399999	0.442708333333333
440.3587203	0.442708333333333
440.3756888	0.442708333333333
440.392820499999	0.442708333333333
440.4091952	0.442708333333333
440.425978599999	0.442708333333333
440.442499	0.442708333333333
440.459282	0.442708333333333
440.476089299999	0.442708333333333
440.492432599999	0.442708333333333
440.5089804	0.442708333333333
440.525753399999	0.442708333333333
440.542334199999	0.442708333333333
440.559377699999	0.442708333333333
440.5758996	0.442708333333333
440.5926137	0.442708333333333
440.609516899999	0.435416666666667
440.6255157	0.435416666666667
440.6423152	0.435416666666667
440.6593513	0.417708333333333
440.6758978	0.417708333333333
440.692451299999	0.408333333333333
440.7091544	0.408333333333333
440.725493399999	0.408333333333333
440.742555999999	0.408333333333333
440.7590499	0.408333333333333
440.7760143	0.408333333333333
440.792365699999	0.408333333333333
440.809163899999	0.408333333333333
440.825628	0.408333333333333
440.8429067	0.408333333333333
440.859056599999	0.408333333333333
440.875791099999	0.408333333333333
440.8924571	0.408333333333333
440.909403199999	0.408333333333333
440.9256283	0.408333333333333
440.942225199999	0.408333333333333
440.958885	0.408333333333333
440.975538899999	0.408333333333333
440.992313799999	0.408333333333333
441.0091057	0.408333333333333
441.0253908	0.408333333333333
441.0426523	0.408333333333333
441.0588407	0.408333333333333
441.0754203	0.408333333333333
441.092320199999	0.408333333333333
441.108912799999	0.408333333333333
441.125683499999	0.408333333333333
441.1425363	0.428125
441.159042699999	0.428125
441.175926399999	0.428125
441.192693399999	0.445833333333333
441.2088551	0.445833333333333
441.2256497	0.445833333333333
441.242650599999	0.445833333333333
441.2595149	0.445833333333333
441.275451	0.454166666666667
441.292662299999	0.454166666666667
441.309130899999	0.454166666666667
441.3257306	0.454166666666667
441.342683	0.454166666666667
441.359261199999	0.454166666666667
441.3758055	0.454166666666667
441.392483799999	0.454166666666667
441.4090252	0.454166666666667
441.4256601	0.454166666666667
441.4424451	0.454166666666667
441.458887	0.454166666666667
441.475322099999	0.454166666666667
441.4926723	0.454166666666667
441.5091002	0.454166666666667
441.525862	0.454166666666667
441.542435799999	0.454166666666667
441.5591171	0.4625
441.575563599999	0.4625
441.5926744	0.4625
441.6090816	0.4625
441.626051099999	0.4625
441.642697699999	0.4625
441.6595278	0.4625
441.6765355	0.4625
441.692449499999	0.4625
441.709063599999	0.4625
441.726659299999	0.4625
441.742146	0.4625
441.758962299999	0.4625
441.7758463	0.4625
441.7925796	0.4625
441.808930699999	0.4625
441.8259491	0.4625
441.84243	0.4625
441.859863999999	0.4625
441.8778236	0.4625
441.892658899999	0.4625
441.9092746	0.4625
441.925887599999	0.4625
441.9424058	0.4625
441.9590319	0.4625
441.9755583	0.4625
441.992858699999	0.4625
442.0094015	0.4625
442.0257173	0.4625
442.0424082	0.4625
442.0586942	0.4625
442.0755485	0.4625
442.092479	0.4625
442.109395199999	0.4625
442.1257313	0.4625
442.142581599999	0.4625
442.159044599999	0.4625
442.1759653	0.4625
442.192505399999	0.4625
442.2088128	0.4625
442.2261031	0.4625
442.2420231	0.4625
442.2589739	0.4625
442.2756743	0.4625
442.292584	0.4625
442.309041	0.4625
442.325629	0.4625
442.3426425	0.4625
442.3590036	0.4625
442.3757883	0.4625
442.3924418	0.4625
442.4086947	0.4625
442.425688099999	0.4625
442.442356899999	0.4625
442.4589656	0.4625
442.4753924	0.4625
442.492448499999	0.4625
442.509017599999	0.4625
442.526069299999	0.4625
442.542255799999	0.4625
442.559016499999	0.4625
442.575862	0.4625
442.592481799999	0.4625
442.6090218	0.4625
442.6253951	0.4625
442.642813799999	0.4625
442.6587635	0.4625
442.675568899999	0.4625
442.6926451	0.4625
442.7089473	0.4625
442.7257192	0.4625
442.742429	0.4625
442.7588498	0.4625
442.775573899999	0.4625
442.792513599999	0.4625
442.808862	0.4625
442.8257053	0.4625
442.8426474	0.4625
442.858670799999	0.4625
442.8754743	0.4625
442.8924542	0.4625
442.909146499999	0.4625
442.925685499999	0.4625
442.9424794	0.4625
442.959003	0.4625
442.975870599999	0.4625
442.992387699999	0.4625
443.0088172	0.4625
443.025707	0.4625
443.042532799999	0.4625
443.058647899999	0.4625
443.075312299999	0.4625
443.0924428	0.4625
443.1092506	0.4625
443.125126499999	0.4625
443.1428361	0.4625
443.158892799999	0.4625
443.175617299999	0.4625
443.192439699999	0.4625
443.209016199999	0.4625
443.2258802	0.4625
443.2424861	0.4625
443.258870199999	0.4625
443.2755828	0.4625
443.292590499999	0.4625
443.3089746	0.4625
443.3254972	0.4625
443.342371799999	0.4625
443.359253099999	0.4625
443.375633	0.4625
443.3919897	0.4625
443.4089009	0.4625
443.4258255	0.4625
443.442393699999	0.4625
443.4589116	0.4625
443.475690699999	0.4625
443.491946499999	0.4625
443.508918699999	0.4625
443.525536499999	0.4625
443.5424631	0.4625
443.5589893	0.4625
443.575689599999	0.4625
443.592289699999	0.4625
443.6090884	0.4625
443.6254451	0.4625
443.6422365	0.4625
443.6590859	0.4625
443.6759336	0.4625
443.692482099999	0.4625
443.7089755	0.4625
443.725926599999	0.4625
443.7425586	0.4625
443.758903899999	0.4625
443.7751751	0.4625
443.7920391	0.4625
443.808619199999	0.4625
443.8256618	0.4625
443.842044	0.4625
443.8587663	0.4625
443.875329799999	0.4625
443.892486299999	0.4625
443.908728099999	0.4625
443.925735999999	0.4625
443.9420381	0.4625
443.9590012	0.4625
443.9757611	0.4625
443.9923731	0.4625
444.0089547	0.4625
444.0255398	0.4625
444.042347199999	0.4625
444.059098199999	0.4625
444.0755279	0.4625
444.092556799999	0.4625
444.1090513	0.4625
444.125701299999	0.4625
444.142439699999	0.4625
444.159221	0.4625
444.175364399999	0.4625
444.192326099999	0.4625
444.209101199999	0.4625
444.225919099999	0.4625
444.242458	0.4625
444.2586573	0.4625
444.275707399999	0.4625
444.292551199999	0.4625
444.3088573	0.4625
444.3258227	0.4625
444.3422753	0.4625
444.359171599999	0.4625
444.3757452	0.4625
444.392289699999	0.4625
444.408909999999	0.4625
444.425699599999	0.4625
444.442342099999	0.4625
444.4587629	0.4625
444.475972599999	0.4625
444.4924136	0.4625
444.5089197	0.4625
444.526064299999	0.4625
444.5425393	0.4625
444.558620399999	0.4625
444.5755284	0.4625
444.592553099999	0.4625
444.609429499999	0.4625
444.625708799999	0.4625
444.6423373	0.4625
444.659199399999	0.4625
444.6754544	0.4625
444.692891999999	0.4625
444.708580699999	0.4625
444.7263182	0.4625
444.742270399999	0.4625
444.758722299999	0.4625
444.775752299999	0.4625
444.792414299999	0.4625
444.8088941	0.4625
444.8257281	0.4625
444.842554	0.4625
444.858836699999	0.4625
444.875579299999	0.4625
444.8924232	0.4625
444.9084404	0.4625
444.925901099999	0.4625
444.942108099999	0.4625
444.958866	0.4625
444.9757377	0.4625
444.992515399999	0.4625
445.008645899999	0.4625
445.0257861	0.4625
445.042329899999	0.4625
445.0589246	0.4625
445.0755099	0.4625
445.0923273	0.4625
445.109038899999	0.4625
445.1256766	0.4625
445.1423454	0.4625
445.1586935	0.4625
445.175456299999	0.4625
445.1924193	0.4625
445.208916899999	0.4625
445.2256971	0.4625
445.241923899999	0.4625
445.258933999999	0.4625
445.275795099999	0.4625
445.2932894	0.4625
445.3089089	0.4625
445.325777499999	0.4625
445.342473999999	0.4625
445.3590502	0.4625
445.375746299999	0.4625
445.3926795	0.4625
445.409279199999	0.4625
445.425656799999	0.4625
445.4422656	0.4625
445.4589977	0.4625
445.4757099	0.4625
445.492394899999	0.4625
445.508798	0.4625
445.5256492	0.4625
445.542483099999	0.4625
445.558836699999	0.4625
445.5757759	0.4625
445.5921585	0.4625
445.6089169	0.4625
445.6255322	0.4625
445.6420899	0.4625
445.6589649	0.4625
445.675700999999	0.4625
445.692472199999	0.4625
445.708815399999	0.4625
445.725646499999	0.4625
445.7423049	0.4625
445.758716599999	0.4625
445.7755837	0.4625
445.792517299999	0.4625
445.8089229	0.4625
445.8263754	0.4625
445.8425239	0.4625
445.8592798	0.4625
445.875224799999	0.4625
445.892144199999	0.4625
445.9090325	0.4625
445.925603299999	0.4625
445.9420346	0.4625
445.958805499999	0.4625
445.975632999999	0.4625
445.9922806	0.4625
446.008806899999	0.4625
446.025701899999	0.4625
446.0424954	0.4625
446.0587227	0.4625
446.075690199999	0.4625
446.0923994	0.4625
446.1087706	0.4625
446.125578599999	0.4625
446.142297799999	0.4625
446.158859499999	0.4625
446.1756102	0.4625
446.1923749	0.4625
446.208769399999	0.4625
446.225963299999	0.4625
446.242474	0.4625
446.2589155	0.4625
446.2757514	0.4625
446.292350999999	0.4625
446.3087226	0.4625
446.325841	0.4625
446.3424446	0.4625
446.3591478	0.4625
446.3754497	0.4625
446.392330799999	0.4625
446.408883399999	0.4625
446.4253412	0.4625
446.4424621	0.4625
446.4588205	0.4625
446.4757831	0.4625
446.4924394	0.4625
446.508797799999	0.4625
446.525677	0.4625
446.5424483	0.4625
446.558787	0.4625
446.5756683	0.4625
446.592396399999	0.4625
446.6085666	0.4625
446.625364799999	0.4625
446.642247999999	0.4625
446.658828099999	0.4625
446.675249399999	0.4625
446.6924445	0.4625
446.7087925	0.4625
446.7256289	0.4625
446.7421065	0.4625
446.7589258	0.4625
446.775915699999	0.4625
446.792270499999	0.4625
446.808988799999	0.4625
446.8259634	0.4625
446.8423957	0.4625
446.859129799999	0.4625
446.8756251	0.4625
446.892215499999	0.4625
446.908925999999	0.4625
446.9252701	0.4625
446.942134299999	0.4625
446.958962899999	0.4625
446.975559799999	0.4625
446.9924391	0.4625
447.0088355	0.4625
447.0259453	0.4625
447.0421901	0.4625
447.0588264	0.4625
447.075223899999	0.4625
447.092381099999	0.4625
447.108996	0.4625
447.125388699999	0.4625
447.142339599999	0.4625
447.1587843	0.4625
447.1754524	0.4625
447.1923485	0.4625
447.208682799999	0.4625
447.2257107	0.4625
447.242515	0.4625
447.258518899999	0.4625
447.275678999999	0.4625
447.2921878	0.4625
447.3085456	0.4625
447.325642399999	0.4625
447.3420289	0.4625
447.3590583	0.4625
447.3753362	0.4625
447.3919963	0.4625
447.408898799999	0.4625
447.4258033	0.4625
447.4424155	0.4625
447.4588495	0.4625
447.475470699999	0.4625
447.491863699999	0.4625
447.508959399999	0.4625
447.5258435	0.4625
447.5422788	0.4625
447.558749899999	0.4625
447.575838399999	0.4625
447.5922555	0.4625
447.6089612	0.4625
447.626165	0.4625
447.641756999999	0.4625
447.6590983	0.4625
447.6755537	0.4625
447.692152699999	0.4625
447.7090043	0.4625
447.725624299999	0.4625
447.742005599999	0.4625
447.758919899999	0.4625
447.7753213	0.4625
447.7923728	0.4625
447.8086366	0.4625
447.8253926	0.4625
447.842309299999	0.4625
447.8587978	0.4625
447.8754068	0.4625
447.8922605	0.4625
447.908850899999	0.4625
447.925559599999	0.4625
447.9420132	0.4625
447.958729399999	0.4625
447.975684599999	0.4625
447.9922498	0.4625
448.0087353	0.4625
448.025629	0.4625
448.042407299999	0.4625
448.058679199999	0.4625
448.075640499999	0.4625
448.0920712	0.4625
448.1089035	0.4625
448.125239499999	0.4625
448.1421628	0.4625
448.158960899999	0.4625
448.1753787	0.4625
448.191864199999	0.4625
448.2090524	0.4625
448.2259347	0.4625
448.2419322	0.4625
448.258795299999	0.4625
448.275948099999	0.4625
448.2921276	0.4625
448.3086956	0.4625
448.3255511	0.4625
448.3422229	0.4625
448.358775	0.4625
448.375859399999	0.4625
448.3920309	0.4625
448.4087167	0.4625
448.425825699999	0.4625
448.4423466	0.4625
448.4581794	0.4625
448.4755822	0.4625
448.492264699999	0.4625
448.508338199999	0.4625
448.5255811	0.4625
448.542133399999	0.4625
448.558343299999	0.4625
448.575717399999	0.4625
448.5921916	0.4625
448.608781	0.4625
448.625869799999	0.4625
448.6418754	0.4625
448.658446599999	0.4625
448.675409199999	0.4625
448.692399299999	0.4625
448.708366299999	0.4625
448.725422799999	0.4625
448.7420727	0.4625
448.758590199999	0.4625
448.7759756	0.4625
448.792324599999	0.4625
448.8084835	0.4625
448.8260019	0.4625
448.842335599999	0.4625
448.8589039	0.4625
448.875588	0.4625
448.892337499999	0.4625
448.908743	0.4625
448.925431299999	0.4625
448.9420445	0.4625
448.958306699999	0.4625
448.975825099999	0.4625
448.991734599999	0.4625
449.0083249	0.4625
449.025404	0.4625
449.0423236	0.4625
449.0586797	0.4625
449.076008	0.4625
449.092161799999	0.4625
449.108396	0.4625
449.125816899999	0.4625
449.142176599999	0.4625
449.1585028	0.4625
449.175362999999	0.4625
449.1920713	0.4625
449.2085947	0.4625
449.2255908	0.4625
449.2421933	0.4625
449.258783099999	0.4625
449.27524	0.4625
449.292195599999	0.4625
449.308289099999	0.4625
449.3252525	0.4625
449.3420483	0.4625
449.358637699999	0.4625
449.3755474	0.4625
449.392112799999	0.4625
449.408462699999	0.4625
449.4255213	0.4625
449.4421734	0.4625
449.4583298	0.4625
449.475226	0.4625
449.4921937	0.4625
449.5084533	0.4625
449.5255079	0.4625
449.542473	0.4625
449.558728999999	0.4625
449.575498499999	0.4625
449.592341099999	0.4625
449.608582	0.4625
449.625312499999	0.4625
449.642055599999	0.4625
449.6583641	0.4625
449.675461899999	0.4625
449.6923486	0.4625
449.7085472	0.4625
449.7256486	0.4625
449.7421583	0.4625
449.758396599999	0.4625
449.775821499999	0.4625
449.792256899999	0.4625
449.808726699999	0.4625
449.825354	0.4625
449.842105299999	0.4625
449.8585906	0.4625
449.8755225	0.4625
449.892376	0.4625
449.9083031	0.4625
449.925707199999	0.4625
449.9421008	0.4625
449.958307999999	0.4625
449.9758223	0.4625
449.992450299999	0.4625
450.008379399999	0.4625
450.025564199999	0.4625
450.0426687	0.4625
450.0583928	0.4625
450.075623	0.4625
450.0921399	0.4625
450.108332399999	0.4625
450.125558399999	0.4625
450.142149599999	0.4625
450.1585729	0.4625
450.1755637	0.4625
450.1915639	0.4625
450.2084637	0.4625
450.225202899999	0.4625
450.242144	0.4625
450.2584842	0.4625
450.275666799999	0.4625
450.292355699999	0.4625
450.308563299999	0.4625
450.3258594	0.480208333333333
450.3421714	0.522916666666667
450.359078799999	0.578125
450.3756779	0.6125
450.391891599999	0.6125
450.4083412	0.6125
450.425546199999	0.6125
450.4421186	0.6125
450.458546899999	0.6125
450.475331199999	0.6125
450.492350899999	0.6125
450.5087569	0.6125
450.5256528	0.6125
450.5422123	0.6125
450.558353799999	0.6125
450.575217099999	0.6125
450.5921118	0.6125
450.608802399999	0.6125
450.628790399999	0.6125
450.6418773	0.6125
450.658622	0.6125
450.675180699999	0.6125
450.6921065	0.6125
450.7085935	0.6125
450.725763699999	0.6125
450.742269099999	0.6125
450.7584951	0.6125
450.7754632	0.6125
450.792003899999	0.6125
450.808530699999	0.6125
450.825469199999	0.6125
450.842232499999	0.6125
450.858627799999	0.6125
450.875340699999	0.6125
450.8923441	0.6125
450.908531999999	0.6125
450.925710899999	0.6125
450.942235	0.6125
450.9583077	0.6125
450.9755882	0.6125
450.9919424	0.6125
451.0086096	0.6125
451.0254313	0.6125
451.0418861	0.6125
451.0586261	0.6125
451.075618499999	0.6125
451.0920915	0.6125
451.1085526	0.6125
451.125627099999	0.6125
451.142264399999	0.6125
451.158466299999	0.6125
451.1754646	0.6125
451.192004199999	0.6125
451.208447499999	0.6125
451.2256994	0.6125
451.2416662	0.6125
451.258327	0.6125
451.276765199999	0.6125
451.2919248	0.6125
451.308675599999	0.6125
451.325499299999	0.6125
451.3418113	0.6125
451.358589099999	0.6125
451.3756165	0.6125
451.392033599999	0.6125
451.408476699999	0.6125
451.425837299999	0.6125
451.4418245	0.6125
451.458581399999	0.6125
451.4759116	0.6125
451.492209599999	0.6125
451.5087593	0.6125
451.5256178	0.6125
451.5425497	0.6125
451.558694799999	0.6125
451.575558899999	0.6125
451.5918598	0.6125
451.608254299999	0.6125
451.625177	0.6125
451.6422766	0.6125
451.6586191	0.6125
451.6753162	0.6125
451.6922675	0.6125
451.708286499999	0.6125
451.725567699999	0.6125
451.742417599999	0.6125
451.7585893	0.6125
451.7756449	0.6125
451.7921606	0.6125
451.808429	0.6125
451.8253999	0.6125
451.8424367	0.6125
451.8589427	0.6125
451.875609999999	0.6125
451.892513199999	0.6125
451.908603399999	0.6125
451.9251703	0.6125
451.941972799999	0.6125
451.9582592	0.6125
451.975657399999	0.6125
451.9918751	0.6125
452.008640599999	0.6125
452.0255066	0.6125
452.0420835	0.6125
452.058271	0.6125
452.0755842	0.6125
452.0921547	0.6125
452.108328699999	0.6125
452.1254702	0.6125
452.141822699999	0.6125
452.158642599999	0.6125
452.1750544	0.6125
452.1919431	0.6125
452.2087181	0.6125
452.225442	0.6125
452.242239699999	0.6125
452.2586839	0.6125
452.275295099999	0.6125
452.292068299999	0.6125
452.308566799999	0.6125
452.3255172	0.6125
452.3424053	0.6125
452.3584654	0.6125
452.3754831	0.6125
452.3917145	0.6125
452.4083371	0.6125
452.4255367	0.6125
452.4422783	0.6125
452.458825299999	0.6125
452.4755263	0.6125
452.491880899999	0.6125
452.5082058	0.6125
452.5254883	0.6125
452.542461	0.6125
452.558254699999	0.6125
452.5751359	0.6125
452.591970699999	0.6125
452.608662299999	0.6125
452.625468699999	0.6125
452.642100599999	0.6125
452.6584773	0.6125
452.675159799999	0.6125
452.6920123	0.6125
452.7085018	0.6125
452.725539499999	0.6125
452.7420794	0.6125
452.7591539	0.6125
452.775428399999	0.6125
452.792040099999	0.6125
452.808624099999	0.6125
452.825206799999	0.6125
452.841934599999	0.6125
452.858580499999	0.6125
452.875434699999	0.6125
452.8939468	0.6125
452.90868	0.6125
452.9253891	0.6125
452.9423368	0.6125
452.9588586	0.6125
452.9754545	0.6125
452.992123	0.6125
453.008857	0.6125
453.025621799999	0.6125
453.0420232	0.6125
453.0587361	0.6125
453.075426799999	0.6125
453.0917408	0.6125
453.1083197	0.6125
453.1254872	0.6125
453.1418575	0.6125
453.158911899999	0.6125
453.1797748	0.6125
453.1919345	0.6125
453.208467699999	0.6125
453.225682499999	0.6125
453.2420968	0.6125
453.2582759	0.6125
453.275585599999	0.6125
453.292031499999	0.6125
453.3084221	0.6125
453.3254904	0.6125
453.3422667	0.6125
453.3587769	0.6125
453.375467999999	0.6125
453.3923803	0.6125
453.408297399999	0.6125
453.4254899	0.6125
453.442044099999	0.6125
453.4583919	0.6125
453.475383399999	0.6125
453.491951399999	0.6125
453.508663899999	0.6125
453.529253899999	0.6125
453.541495699999	0.6125
453.5582872	0.6125
453.574938299999	0.6125
453.592208999999	0.6125
453.608379599999	0.6125
453.624956799999	0.6125
453.641995999999	0.6125
453.6588813	0.6125
453.675936899999	0.6125
453.6918981	0.6125
453.7088678	0.6125
453.7253095	0.6125
453.742246399999	0.6125
453.758717899999	0.6125
453.7751762	0.6125
453.7913233	0.6125
453.808256699999	0.6125
453.825152799999	0.6125
453.8419176	0.6125
453.8587204	0.6125
453.8756349	0.6125
453.892195599999	0.6125
453.908751299999	0.6125
453.925542999999	0.6125
453.9423646	0.6125
453.9586369	0.6125
453.9757928	0.6125
453.992235399999	0.6125
454.0082826	0.6125
454.0255682	0.6125
454.0420208	0.6125
454.058738399999	0.6125
454.0754086	0.6125
454.0922211	0.6125
454.1090949	0.6125
454.125178599999	0.6125
454.14219	0.6125
454.1587218	0.6125
454.175497499999	0.6125
454.1920525	0.6125
454.2087954	0.6125
454.2255208	0.6125
454.2418284	0.6125
454.258630099999	0.6125
454.275677	0.6125
454.292215199999	0.6125
454.3084745	0.6125
454.325104	0.6125
454.3419816	0.6125
454.3587705	0.6125
454.375685999999	0.6125
454.3921438	0.6125
454.4085565	0.6125
454.4254032	0.6125
454.442026399999	0.6125
454.458670999999	0.6125
454.475602899999	0.6125
454.4914634	0.6125
454.5083251	0.6125
454.525387199999	0.6125
454.5421572	0.6125
454.5585978	0.6125
454.575062999999	0.6125
454.592406	0.6125
454.6087124	0.6125
454.625144799999	0.6125
454.642256399999	0.6125
454.6583959	0.6125
454.6751436	0.6125
454.6921285	0.6125
454.7087121	0.6125
454.725532799999	0.6125
454.7420815	0.6125
454.758299599999	0.6125
454.7802254	0.6125
454.7914936	0.6125
454.8089167	0.6125
454.825132399999	0.6125
454.8421856	0.6125
454.858476199999	0.6125
454.8752427	0.6125
454.892528599999	0.6125
454.9087094	0.6125
454.9251341	0.6125
454.941491699999	0.6125
454.958593099999	0.6125
454.975530899999	0.6125
454.9917122	0.6125
455.0082329	0.6125
455.025413799999	0.6125
455.0418892	0.6125
455.0589277	0.6125
455.075005799999	0.6125
455.092135399999	0.6125
455.108909299999	0.6125
455.1252814	0.6125
455.1416351	0.6125
455.158673399999	0.6125
455.1753886	0.6125
455.1919579	0.6125
455.208634699999	0.6125
455.2254672	0.6125
455.2420095	0.6125
455.258801399999	0.6125
455.2755582	0.6125
455.292213199999	0.6125
455.3084001	0.6125
455.3251175	0.6125
455.3421524	0.6125
455.358777799999	0.6125
455.375417699999	0.6125
455.3920257	0.6125
455.4086708	0.6125
455.4253948	0.6125
455.441376899999	0.6125
455.4588551	0.6125
455.476236699999	0.6125
455.492344599999	0.6125
455.508558799999	0.6125
455.5253352	0.6125
455.5417564	0.6125
455.5588228	0.6125
455.575506499999	0.6125
455.5920442	0.6125
455.6082705	0.6125
455.625512	0.6125
455.6419465	0.6125
455.658602799999	0.6125
455.6755035	0.6125
455.691955599999	0.6125
455.708543799999	0.6125
455.72517	0.6125
455.7415204	0.6125
455.7583311	0.6125
455.7752249	0.6125
455.7918228	0.6125
455.808588999999	0.6125
455.825226999999	0.6125
455.841869299999	0.6125
455.858457099999	0.6125
455.875458799999	0.6125
455.8920492	0.6125
455.9087584	0.6125
455.925444699999	0.6125
455.9416837	0.6125
455.958679099999	0.6125
455.97575	0.6125
455.991977999999	0.6125
456.0084154	0.6125
456.025866	0.6125
456.0466141	0.6125
456.0598163	0.6125
456.0752254	0.6125
456.091941999999	0.6125
456.109119299999	0.6125
456.1250291	0.6125
456.141556299999	0.6125
456.158651299999	0.6125
456.175354399999	0.6125
456.191983199999	0.6125
456.2085336	0.6125
456.2251612	0.6125
456.241875	0.6125
456.2584287	0.6125
456.274851499999	0.6125
456.291405	0.6125
456.308593399999	0.6125
456.325193899999	0.6125
456.3419144	0.6125
456.3584967	0.6125
456.3751585	0.6125
456.3916757	0.6125
456.408716999999	0.6125
456.4250912	0.6125
456.441526199999	0.6125
456.458562999999	0.6125
456.4754218	0.6125
456.491818799999	0.6125
456.5087183	0.6125
456.525357899999	0.6125
456.541934999999	0.6125
456.5581986	0.6125
456.575223	0.6125
456.5916842	0.6125
456.6083124	0.6125
456.6252618	0.6125
456.6418317	0.6125
456.6587254	0.6125
456.675252499999	0.6125
456.6915455	0.6125
456.709001099999	0.6125
456.7253801	0.6125
456.7421823	0.6125
456.7584276	0.6125
456.7750919	0.6125
456.7916521	0.6125
456.808888199999	0.6125
456.8253267	0.6125
456.841952999999	0.6125
456.8582344	0.6125
456.875451399999	0.6125
456.8917505	0.6125
456.908837	0.6125
456.925274599999	0.6125
456.941611699999	0.6125
456.958499699999	0.6125
456.975081199999	0.6125
456.9916183	0.6125
457.0082729	0.6125
457.025282699999	0.6125
457.0414732	0.6125
457.0584006	0.6125
457.0753374	0.6125
457.091334399999	0.6125
457.1083635	0.6125
457.1254383	0.6125
457.1413877	0.6125
457.158226899999	0.6125
457.175087199999	0.6125
457.191287099999	0.6125
457.208156799999	0.6125
457.2250804	0.6125
457.2418748	0.6125
457.260007399999	0.6125
457.2749226	0.6125
457.291573699999	0.6125
457.308107	0.6125
457.3252636	0.6125
457.3415073	0.6125
457.3587738	0.6125
457.3754811	0.6125
457.3915756	0.6125
457.408879299999	0.6125
457.4252638	0.6125
457.4417379	0.6125
457.4585196	0.6125
457.4753285	0.6125
457.4915292	0.6125
457.508528799999	0.6125
457.5252787	0.6125
457.541443499999	0.6125
457.5581647	0.6125
457.5750306	0.6125
457.591492899999	0.6125
457.608478599999	0.6125
457.625195199999	0.6125
457.6417686	0.6125
457.6587727	0.6125
457.675380199999	0.6125
457.691940899999	0.6125
457.7083734	0.6125
457.725187499999	0.6125
457.7417805	0.6125
457.758046	0.6125
457.7751442	0.6125
457.791391	0.6125
457.808343999999	0.6125
457.825238199999	0.6125
457.8418647	0.6125
457.858347199999	0.6125
457.875478299999	0.6125
457.8918539	0.6125
457.9087131	0.6125
457.9250212	0.6125
457.9416851	0.6125
457.958597399999	0.6125
457.9756143	0.6125
457.991666299999	0.6125
458.008506499999	0.6125
458.0251211	0.6125
458.041860099999	0.6125
458.0593469	0.6125
458.0752901	0.6125
458.091707	0.6125
458.1082038	0.6125
458.125209399999	0.6125
458.141330699999	0.6125
458.158568399999	0.6125
458.1752959	0.6125
458.1918117	0.6125
458.2085271	0.6125
458.225141	0.6125
458.241496199999	0.6125
458.2585032	0.6125
458.275666099999	0.6125
458.2917757	0.6125
458.308212899999	0.6125
458.325287899999	0.6125
458.341559699999	0.6125
458.3580936	0.6125
458.3754076	0.6125
458.3914037	0.6125
458.408414899999	0.6125
458.425325699999	0.6125
458.441706899999	0.6125
458.4585639	0.6125
458.4751676	0.6125
458.491532499999	0.6125
458.5085027	0.6125
458.525030199999	0.6125
458.5419311	0.6125
458.558179899999	0.6125
458.575108499999	0.6125
458.591722499999	0.6125
458.608760399999	0.6125
458.625153399999	0.6125
458.6417551	0.6125
458.6584471	0.6125
458.6753768	0.6125
458.691981999999	0.6125
458.708495499999	0.6125
458.7252498	0.6125
458.7416938	0.6125
458.758351099999	0.6125
458.7749759	0.6125
458.791832999999	0.6125
458.8083498	0.6125
458.8250448	0.6125
458.841774699999	0.6125
458.8587632	0.6125
458.8752218	0.6125
458.8920147	0.6125
458.9087562	0.6125
458.9251011	0.6125
458.9414207	0.6125
458.9585161	0.6125
458.975212099999	0.6125
458.991507999999	0.6125
459.0086733	0.6125
459.025371999999	0.6125
459.0414574	0.6125
459.058322399999	0.6125
459.0752721	0.6125
459.091832999999	0.6125
459.108182	0.6125
459.1254481	0.6125
459.1416322	0.6125
459.1583684	0.6125
459.1751292	0.6125
459.1919122	0.6125
459.208495899999	0.6125
459.2251594	0.6125
459.2414891	0.6125
459.258071099999	0.6125
459.277577899999	0.6125
459.2917038	0.6125
459.3082691	0.6125
459.3252225	0.6125
459.3418041	0.6125
459.358423199999	0.6125
459.3751358	0.6125
459.3917014	0.6125
459.4083585	0.6125
459.4250935	0.6125
459.441569	0.6125
459.458434499999	0.6125
459.4752247	0.6125
459.491912099999	0.6125
459.508484499999	0.6125
459.525384699999	0.6125
459.541847099999	0.6125
459.5583619	0.6125
459.574914399999	0.6125
459.591928299999	0.6125
459.608075599999	0.6125
459.6251481	0.6125
459.642020499999	0.6125
459.659035799999	0.6125
459.6755336	0.6125
459.6916655	0.6125
459.708755	0.6125
459.7250755	0.6125
459.741307699999	0.6125
459.7580524	0.6125
459.7749753	0.6125
459.791683799999	0.6125
459.808224099999	0.6125
459.825225799999	0.6125
459.842016099999	0.6125
459.8583978	0.6125
459.875546099999	0.6125
459.8920202	0.6125
459.9085028	0.6125
459.925184999999	0.6125
459.941940999999	0.6125
459.957928299999	0.6125
459.975185599999	0.6125
459.991740099999	0.6125
460.008629	0.6125
460.0251019	0.6125
460.0416378	0.6125
460.058405999999	0.6125
460.075177199999	0.6125
460.0918039	0.6125
460.1088463	0.6125
460.125309499999	0.6125
460.1419263	0.6125
460.158780199999	0.6125
460.1751623	0.6125
460.1915314	0.6125
460.2078696	0.6125
460.225295499999	0.6125
460.2416494	0.6125
460.258469699999	0.6125
460.275240399999	0.6125
460.2917953	0.6125
460.3079595	0.6125
460.325253499999	0.6125
460.342281499999	0.6125
460.3583965	0.6125
460.3749836	0.6125
460.391912999999	0.6125
460.4082804	0.6125
460.425012199999	0.6125
460.4416439	0.6125
460.458365	0.6125
460.4753045	0.6125
460.4917516	0.6125
460.5084172	0.6125
460.525059899999	0.6125
460.5415802	0.6125
460.558623499999	0.6125
460.575071499999	0.6125
460.591886599999	0.6125
460.608103	0.6125
460.625244899999	0.6125
460.6416633	0.6125
460.6582749	0.6125
460.6752713	0.6125
460.692092699999	0.6125
460.7081677	0.6125
460.7244593	0.6125
460.7412593	0.6125
460.758503399999	0.6125
460.7749164	0.6125
460.7919008	0.6125
460.8082165	0.6125
460.8250578	0.6125
460.8416657	0.6125
460.858678099999	0.6125
460.8751641	0.6125
460.892065599999	0.6125
460.9084919	0.6125
460.9249629	0.6125
460.941452999999	0.6125
460.9579022	0.6125
460.975281	0.6125
460.991709999999	0.6125
461.008108	0.6125
461.024936899999	0.6125
461.0418205	0.6125
461.058312499999	0.6125
461.075089499999	0.6125
461.091967699999	0.6125
461.1082425	0.6125
461.125225899999	0.6125
461.1418889	0.6125
461.158445999999	0.6125
461.1750592	0.6125
461.1920044	0.6125
461.207863299999	0.6125
461.225073899999	0.6125
461.2416693	0.6125
461.2580878	0.6125
461.275059099999	0.6125
461.2917651	0.6125
461.3081427	0.6125
461.325252799999	0.6125
461.3418157	0.6125
461.3580889	0.6125
461.3751587	0.6125
461.3919268	0.6125
461.4082567	0.6125
461.425246999999	0.6125
461.4417574	0.6125
461.4584342	0.6125
461.4746902	0.6125
461.491670099999	0.6125
461.5083697	0.6125
461.5250983	0.6125
461.541805299999	0.6125
461.5587299	0.6125
461.575014499999	0.6125
461.591731699999	0.6125
461.6081632	0.6125
461.6249128	0.6125
461.641676599999	0.6125
461.658402399999	0.6125
461.6752521	0.6125
461.6918221	0.6125
461.7085067	0.6125
461.7248652	0.6125
461.7417436	0.6125
461.758072799999	0.6125
461.775024799999	0.6125
461.7917523	0.6125
461.808293499999	0.6125
461.8251536	0.6125
461.841715899999	0.6125
461.858194699999	0.6125
461.8749976	0.6125
461.8915744	0.6125
461.9082897	0.6125
461.9246777	0.6125
461.9413109	0.6125
461.958035	0.6125
461.975040699999	0.6125
461.991483199999	0.6125
462.0086468	0.6125
462.0249257	0.6125
462.041453399999	0.6125
462.0581544	0.6125
462.075217199999	0.6125
462.091857599999	0.6125
462.108274699999	0.6125
462.1251427	0.6125
462.1412824	0.6125
462.158245099999	0.6125
462.1748208	0.6125
462.191282299999	0.6125
462.207886599999	0.6125
462.225099499999	0.6125
462.2417848	0.6125
462.2582149	0.6125
462.2750852	0.6125
462.2918566	0.6125
462.3083614	0.6125
462.3252966	0.6125
462.3414662	0.6125
462.358039299999	0.6125
462.3748956	0.6125
462.391819099999	0.6125
462.408140099999	0.6125
462.4251061	0.6125
462.441822799999	0.6125
462.4581518	0.6125
462.475246	0.6125
462.4918148	0.6125
462.508234499999	0.6125
462.5252044	0.6125
462.541800399999	0.6125
462.558366099999	0.6125
462.5750345	0.6125
462.5918783	0.6125
462.608031999999	0.6125
462.6252575	0.6125
462.6416424	0.6125
462.657840999999	0.6125
462.6752695	0.6125
462.691996899999	0.6125
462.7080368	0.6125
462.725231099999	0.6125
462.7416607	0.6125
462.7583053	0.6125
462.774961499999	0.6125
462.7918917	0.6125
462.807956199999	0.6125
462.825039799999	0.6125
462.8419103	0.6125
462.858052099999	0.6125
462.875249299999	0.6125
462.8917471	0.6125
462.9080839	0.6125
462.925382099999	0.6125
462.941322	0.6125
462.9578168	0.6125
462.9754317	0.6125
462.991798399999	0.6125
463.0082917	0.6125
463.0250994	0.6125
463.042031499999	0.6125
463.0581917	0.6125
463.074849899999	0.6125
463.0918124	0.6125
463.1080833	0.6125
463.125154699999	0.6125
463.1415754	0.6125
463.1583308	0.6125
463.1748308	0.6125
463.1915002	0.6125
463.2078947	0.6125
463.2249864	0.6125
463.2416298	0.6125
463.2581298	0.6125
463.2748487	0.6125
463.2917589	0.6125
463.308467299999	0.6125
463.324407999999	0.6125
463.342121	0.6125
463.358347699999	0.6125
463.374844	0.6125
463.391839899999	0.6125
463.409141399999	0.6125
463.4248742	0.6125
463.441494799999	0.6125
463.458141499999	0.6125
463.475406099999	0.6125
463.4917816	0.6125
463.50821	0.6125
463.5251893	0.6125
463.5416577	0.6125
463.558247999999	0.6125
463.574868799999	0.6125
463.591782099999	0.6125
463.6084063	0.6125
463.625123	0.6125
463.641723	0.6125
463.6583432	0.6125
463.6747504	0.6125
463.691836	0.6125
463.7081019	0.6125
463.724982399999	0.6125
463.7415893	0.6125
463.758189599999	0.6125
463.774946	0.6125
463.791525799999	0.6125
463.807779399999	0.6125
463.8250675	0.6125
463.841721999999	0.6125
463.858305299999	0.6125
463.874953	0.6125
463.8918815	0.6125
463.9079735	0.6125
463.924916499999	0.6125
463.942003499999	0.6125
463.958445699999	0.6125
463.9751471	0.6125
463.991765199999	0.6125
464.0083661	0.6125
464.024523599999	0.6125
464.0418756	0.6125
464.058438599999	0.6125
464.074718499999	0.6125
464.091720799999	0.6125
464.1082509	0.6125
464.1251236	0.6125
464.1421431	0.6125
464.158337399999	0.6125
464.174627199999	0.6125
464.191616399999	0.6125
464.2080091	0.6125
464.224892099999	0.6125
464.241281199999	0.6125
464.2587248	0.6125
464.274952399999	0.6125
464.291707699999	0.6125
464.308231	0.6125
464.324993499999	0.6125
464.3420301	0.6125
464.358100799999	0.6125
464.374816099999	0.6125
464.3916143	0.6125
464.4081245	0.6125
464.425014099999	0.6125
464.441634999999	0.6125
464.4579721	0.6125
464.4753415	0.6125
464.491627599999	0.6125
464.5083521	0.6125
464.5250619	0.6125
464.5414801	0.6125
464.5580492	0.6125
464.5751376	0.6125
464.592	0.6125
464.608325499999	0.6125
464.625028099999	0.6125
464.6416651	0.6125
464.658409	0.6125
464.6749039	0.6125
464.691715	0.6125
464.7078383	0.6125
464.724546599999	0.6125
464.7422067	0.6125
464.757975199999	0.6125
464.7752494	0.6125
464.791760999999	0.6125
464.8084542	0.6125
464.8249019	0.6125
464.841843599999	0.6125
464.858200199999	0.6125
464.874614799999	0.6125
464.8915547	0.6125
464.908052	0.6125
464.9248903	0.6125
464.9417575	0.6125
464.958276599999	0.6125
464.975160499999	0.6125
464.991644299999	0.6125
465.008061199999	0.6125
465.0249033	0.6125
465.041732799999	0.6125
465.0582188	0.6125
465.0750638	0.6125
465.091379	0.6125
465.107749999999	0.6125
465.1249798	0.6125
465.1416817	0.6125
465.157977299999	0.6125
465.1752735	0.6125
465.1914221	0.6125
465.2078757	0.6125
465.225089099999	0.6125
465.2418184	0.6125
465.258264599999	0.6125
465.275186499999	0.6125
465.291752399999	0.6125
465.3081487	0.6125
465.325190299999	0.6125
465.3417824	0.6125
465.358267299999	0.6125
465.374692699999	0.6125
465.3916577	0.6125
465.4077742	0.6125
465.425003599999	0.6125
465.441655799999	0.6125
465.458079999999	0.6125
465.474725399999	0.6125
465.491687999999	0.6125
465.507706099999	0.6125
465.5250093	0.6125
465.5418635	0.6125
465.558201	0.6125
465.5747542	0.6125
465.5915301	0.6125
465.6077593	0.6125
465.6247962	0.6125
465.6416174	0.6125
465.658221	0.6125
465.6749808	0.6125
465.6914725	0.6125
465.707779099999	0.6125
465.7245114	0.6125
465.741822999999	0.6125
465.757875499999	0.6125
465.774879	0.6125
465.791682999999	0.6125
465.8079824	0.6125
465.8248851	0.6125
465.8417604	0.6125
465.8581915	0.6125
465.8754813	0.6125
465.8918832	0.6125
465.907988499999	0.6125
465.924897899999	0.6125
465.941602499999	0.6125
465.957958399999	0.6125
465.974498199999	0.6125
465.991456999999	0.6125
466.0080529	0.6125
466.024585499999	0.6125
466.0417124	0.6125
466.058064399999	0.6125
466.0754276	0.6125
466.092151399999	0.6125
466.108197899999	0.6125
466.125099	0.6125
466.1411401	0.6125
466.1582112	0.6125
466.1745634	0.6125
466.191439699999	0.6125
466.2079734	0.6125
466.2248241	0.6125
466.2412857	0.6125
466.2581517	0.6125
466.2743667	0.6125
466.2913485	0.6125
466.307854199999	0.6125
466.324557899999	0.6125
466.3418333	0.6125
466.358172099999	0.6125
466.3744723	0.6125
466.3914705	0.6125
466.407831099999	0.6125
466.424429199999	0.6125
466.441182699999	0.6125
466.457690599999	0.6125
466.474858	0.6125
466.4917491	0.6125
466.508112099999	0.6125
466.5253395	0.6125
466.541972999999	0.6125
466.558194499999	0.6125
466.5747021	0.6125
466.5918612	0.6125
466.6082251	0.6125
466.6244674	0.6125
466.641644599999	0.6125
466.6580368	0.6125
466.6749456	0.6125
466.6913416	0.6125
466.708281099999	0.6125
466.7244314	0.6125
466.741741899999	0.6125
466.758108599999	0.6125
466.774390199999	0.6125
466.791583099999	0.6125
466.8080009	0.6125
466.8245633	0.6125
466.841439999999	0.6125
466.858172499999	0.6125
466.8743743	0.6125
466.8917229	0.6125
466.9077963	0.6125
466.9246482	0.6125
466.941778199999	0.6125
466.957908799999	0.6125
466.974947899999	0.6125
466.991773399999	0.6125
467.008062499999	0.6125
467.025150799999	0.6125
467.0417222	0.6125
467.0579412	0.6125
467.074748499999	0.6125
467.091785	0.6125
467.108083399999	0.6125
467.124759699999	0.6125
467.1416204	0.6125
467.1577659	0.6125
467.1747546	0.6125
467.191513	0.6125
467.2079464	0.6125
467.2244505	0.6125
467.2417471	0.6125
467.257940799999	0.6125
467.2745706	0.6125
467.2920485	0.6125
467.3079946	0.6125
467.324467099999	0.6125
467.341692399999	0.6125
467.3578167	0.6125
467.374690099999	0.6125
467.391265699999	0.6125
467.407813899999	0.6125
467.424983999999	0.6125
467.441618899999	0.6125
467.457856399999	0.6125
467.474717599999	0.6125
467.491693399999	0.6125
467.5081715	0.6125
467.5252148	0.6125
467.5417253	0.6125
467.558260299999	0.6125
467.5748374	0.6125
467.591635199999	0.6125
467.6078935	0.6125
467.6252913	0.6125
467.641561599999	0.6125
467.657796799999	0.6125
467.674784299999	0.6125
467.6912446	0.6125
467.7083416	0.6125
467.724896799999	0.6125
467.7416334	0.6125
467.7580825	0.6125
467.775304899999	0.6125
467.7916974	0.6125
467.8082821	0.6125
467.824692499999	0.6125
467.841484299999	0.6125
467.8579051	0.6125
467.8746022	0.6125
467.8915124	0.6125
467.907781899999	0.6125
467.9244989	0.6125
467.941901499999	0.6125
467.958220899999	0.6125
467.9746876	0.6125
467.991525799999	0.6125
468.0079019	0.6125
468.0247941	0.6125
468.0416317	0.6125
468.057759099999	0.6125
468.074503	0.6125
468.091686999999	0.6125
468.1080299	0.6125
468.124808099999	0.6125
468.1413513	0.6125
468.158227	0.6125
468.1745836	0.6125
468.191680499999	0.6125
468.208158599999	0.6125
468.224944899999	0.6125
468.241383699999	0.6125
468.2579281	0.6125
468.274616	0.6125
468.291230299999	0.6125
468.307764599999	0.6125
468.324397699999	0.6125
468.341715199999	0.6125
468.358100099999	0.6125
468.374449499999	0.6125
468.391922899999	0.6125
468.408005499999	0.6125
468.424683599999	0.6125
468.4412671	0.6125
468.458003199999	0.6125
468.474348799999	0.6125
468.4917318	0.6125
468.508041499999	0.6125
468.524850399999	0.6125
468.541484799999	0.6125
468.557985099999	0.6125
468.5747186	0.6125
468.591755599999	0.6125
468.608101899999	0.6125
468.624412499999	0.6125
468.641101699999	0.6125
468.6579321	0.6125
468.674812599999	0.6125
468.691630599999	0.6125
468.7080228	0.6125
468.7248566	0.6125
468.7418478	0.6125
468.758159499999	0.6125
468.775092899999	0.6125
468.791657	0.6125
468.8077912	0.6125
468.824818999999	0.6125
468.841820099999	0.6125
468.857996899999	0.6125
468.874909499999	0.6125
468.891482599999	0.6125
468.9081374	0.6125
468.924689099999	0.6125
468.9413938	0.6125
468.958632299999	0.6125
468.974987699999	0.6125
468.991951	0.6125
469.007946299999	0.6125
469.0249532	0.6125
469.0416077	0.6125
469.058023199999	0.6125
469.074906999999	0.6125
469.0912303	0.6125
469.108198499999	0.6125
469.1242745	0.6125
469.141500199999	0.6125
469.1581013	0.6125
469.1747975	0.6125
469.191532899999	0.6125
469.2077702	0.6125
469.2251183	0.6125
469.2414634	0.6125
469.257916799999	0.6125
469.274876199999	0.6125
469.2914837	0.6125
469.3081318	0.6125
469.324978799999	0.6125
469.3415416	0.6125
469.3580544	0.6125
469.3748337	0.6125
469.3915019	0.6125
469.407764299999	0.6125
469.424266499999	0.6125
469.441181599999	0.6125
469.4579359	0.6125
469.4747996	0.6125
469.4915826	0.6125
469.507798199999	0.6125
469.5248285	0.6125
469.5417756	0.6125
469.558250999999	0.6125
469.574631199999	0.6125
469.591580599999	0.6125
469.608252499999	0.6125
469.624791499999	0.6125
469.6416585	0.6125
469.658005499999	0.6125
469.6747836	0.6125
469.691233299999	0.6125
469.708025499999	0.6125
469.7244394	0.6125
469.741424899999	0.6125
469.757826999999	0.6125
469.774264999999	0.6125
469.7917853	0.6125
469.808105499999	0.6125
469.8248219	0.6125
469.8413278	0.6125
469.8580831	0.6125
469.874378099999	0.6125
469.8916197	0.6125
469.907791299999	0.6125
469.9245327	0.6125
469.941553	0.6125
469.9581301	0.6125
469.974367999999	0.6125
469.9914905	0.6125
470.0084253	0.6125
470.0248186	0.6125
470.041481699999	0.6125
470.057639899999	0.6125
470.0747919	0.6125
470.0915298	0.6125
470.107894	0.6125
470.124951299999	0.6125
470.141458399999	0.6125
470.157804799999	0.6125
470.1747522	0.6125
470.1917391	0.6125
470.2080583	0.6125
470.2244455	0.6125
470.241677	0.6125
470.2578483	0.6125
470.274357099999	0.6125
470.2916526	0.6125
470.3079481	0.6125
470.3244298	0.6125
470.341672099999	0.6125
470.3584664	0.6125
470.374577199999	0.6125
470.3912291	0.6125
470.4079022	0.6125
470.4248497	0.6125
470.441408899999	0.6125
470.4578524	0.6125
470.4747318	0.6125
470.491337699999	0.6125
470.507715399999	0.6125
470.524494499999	0.6125
470.5416521	0.6125
470.557808899999	0.6125
470.574780899999	0.6125
470.5911466	0.6125
470.607723599999	0.6125
470.624750499999	0.6125
470.641476899999	0.6125
470.657968099999	0.6125
470.6747989	0.6125
470.691403399999	0.6125
470.708284099999	0.6125
470.7246756	0.6125
470.741485099999	0.6125
470.7578994	0.6125
470.7743163	0.6125
470.7913092	0.6125
470.807773099999	0.6125
470.824285	0.6125
470.841461499999	0.6125
470.857918999999	0.6125
470.8748307	0.6125
470.891694899999	0.6125
470.907694099999	0.6125
470.924501099999	0.6125
470.9415402	0.6125
470.9577413	0.6125
470.9748222	0.6125
470.991264499999	0.6125
471.0077456	0.6125
471.0242639	0.6125
471.0415139	0.6125
471.057623799999	0.6125
471.074615699999	0.6125
471.091126099999	0.6125
471.107872099999	0.6125
471.1245174	0.6125
471.141441	0.6125
471.1583998	0.6125
471.174773999999	0.6125
471.1914029	0.6125
471.208133499999	0.6125
471.2248543	0.6125
471.2416187	0.6125
471.257598599999	0.6125
471.274772999999	0.6125
471.2910636	0.6125
471.3080961	0.6125
471.324669099999	0.6125
471.341499599999	0.6125
471.357891299999	0.6125
471.3749153	0.6125
471.391387	0.6125
471.407888999999	0.6125
471.4244874	0.6125
471.4415617	0.6125
471.4575319	0.6125
471.474506	0.6125
471.4917189	0.6125
471.5076234	0.6125
471.524347199999	0.6125
471.5415735	0.6125
471.5576462	0.6125
471.574683399999	0.6125
471.591432499999	0.6125
471.607753599999	0.6125
471.6250684	0.6125
471.641454699999	0.6125
471.6578523	0.6125
471.674665099999	0.6125
471.6910853	0.6125
471.7076885	0.6125
471.7246835	0.6125
471.741211799999	0.6125
471.757644699999	0.6125
471.7749183	0.6125
471.791582	0.6125
471.8077735	0.6125
471.8245981	0.6125
471.8413738	0.6125
471.857768999999	0.6125
471.8747294	0.6125
471.8910971	0.6125
471.9077275	0.6125
471.924773999999	0.6125
471.941498599999	0.6125
471.957706499999	0.6125
471.9745003	0.6125
471.9913699	0.6125
472.007715899999	0.6125
472.0246117	0.6125
472.0412738	0.6125
472.058028599999	0.6125
472.0750941	0.6125
472.091739699999	0.6125
472.1077785	0.6125
472.124419799999	0.6125
472.141897199999	0.6125
472.158101	0.6125
472.1749007	0.6125
472.191405699999	0.6125
472.207770499999	0.6125
472.224411599999	0.6125
472.241367	0.6125
472.2578813	0.6125
472.2748899	0.6125
472.2916237	0.6125
472.3082184	0.6125
472.324533999999	0.6125
472.3412086	0.6125
472.3577853	0.6125
472.3750156	0.6125
472.3909864	0.6125
472.4074136	0.6125
472.424537	0.6125
472.441188899999	0.6125
472.4577439	0.6125
472.4752417	0.6125
472.4912803	0.6125
472.5077007	0.6125
472.524608399999	0.6125
472.542054899999	0.6125
472.557703099999	0.6125
472.5755461	0.6125
472.5916505	0.6125
472.6077626	0.6125
472.624742	0.6125
472.641413599999	0.6125
472.6578499	0.6125
472.6747774	0.6125
472.6913269	0.6125
472.707703399999	0.6125
472.724518999999	0.6125
472.7410554	0.6125
472.7582883	0.6125
472.7744895	0.6125
472.7913751	0.6125
472.8078495	0.6125
472.824742399999	0.6125
472.841375499999	0.6125
472.8580935	0.6125
472.8747582	0.6125
472.891482999999	0.6125
472.907546099999	0.6125
472.9246237	0.6125
472.940991199999	0.6125
472.957581799999	0.6125
472.9744837	0.6125
472.991478899999	0.6125
473.0079934	0.6125
473.0244348	0.6125
473.0416446	0.6125
473.057861099999	0.6125
473.0745284	0.6125
473.091491599999	0.6125
473.1080204	0.6125
473.124641099999	0.6125
473.141280299999	0.6125
473.157806499999	0.6125
473.174734499999	0.6125
473.1915285	0.6125
473.2076425	0.6125
473.224662299999	0.6125
473.2415581	0.6125
473.257929199999	0.6125
473.2748205	0.6125
473.291229199999	0.6125
473.307995599999	0.6125
473.3243072	0.6125
473.3417479	0.6125
473.357633799999	0.6125
473.3744374	0.6125
473.3914593	0.6125
473.407530699999	0.6125
473.4242766	0.6125
473.4411292	0.6125
473.458246599999	0.6125
473.474692	0.6125
473.4916484	0.6125
473.5079785	0.6125
473.5247217	0.6125
473.541038699999	0.6125
473.557827099999	0.6125
473.5744029	0.6125
473.5910466	0.6125
473.607733899999	0.6125
473.6243803	0.6125
473.6409801	0.6125
473.6575772	0.6125
473.6747663	0.6125
473.691172	0.6125
473.707875499999	0.6125
473.7246055	0.6125
473.741469299999	0.6125
473.7579274	0.6125
473.7741625	0.6125
473.791495699999	0.6125
473.8079315	0.6125
473.824891599999	0.6125
473.8412841	0.6125
473.857862299999	0.6125
473.874604099999	0.6125
473.8912255	0.6125
473.907905499999	0.6125
473.9247349	0.6125
473.9409092	0.6125
473.957536	0.6125
473.974883899999	0.6125
473.991241899999	0.6125
474.0081596	0.6125
474.024402399999	0.6125
474.040976499999	0.6125
474.057754799999	0.6125
474.074635299999	0.6125
474.0912866	0.6125
474.107391299999	0.6125
474.12439	0.6125
474.141254599999	0.6125
474.1578144	0.6125
474.174622799999	0.6125
474.1915258	0.6125
474.2078525	0.6125
474.2246078	0.6125
474.241362199999	0.6125
474.257896599999	0.6125
474.274613799999	0.6125
474.291493199999	0.6125
474.307814199999	0.6125
474.3246474	0.6125
474.341482399999	0.6125
474.3579623	0.6125
474.3749014	0.6125
474.3911174	0.6125
474.4078725	0.6125
474.4246156	0.6125
474.4412187	0.6125
474.457986199999	0.6125
474.474591499999	0.6125
474.4913534	0.6125
474.507483699999	0.6125
474.524410999999	0.6125
474.541407199999	0.6125
474.5573933	0.6125
474.574806799999	0.6125
474.590913999999	0.6125
474.6076868	0.6125
474.624862	0.6125
474.641223199999	0.6125
474.6579876	0.6125
474.6745873	0.6125
474.691435399999	0.6125
474.7078309	0.6125
474.724343	0.6125
474.741438999999	0.6125
474.7579872	0.6125
474.774713199999	0.6125
474.791144999999	0.6125
474.807422899999	0.6125
474.824225699999	0.6125
474.841408499999	0.6125
474.857780699999	0.6125
474.8745216	0.6125
474.8919498	0.6125
474.908089	0.6125
474.9243313	0.6125
474.9412372	0.6125
474.957814099999	0.6125
474.974892699999	0.6125
474.9914972	0.6125
475.007849699999	0.6125
475.024461	0.6125
475.0412369	0.6125
475.057395	0.6125
475.074256299999	0.6125
475.0911276	0.6125
475.107772799999	0.6125
475.124397199999	0.6125
475.1411561	0.6125
475.1577429	0.6125
475.1745795	0.6125
475.191175399999	0.6125
475.207766199999	0.6125
475.224835399999	0.6125
475.2412968	0.6125
475.2573542	0.6125
475.2745595	0.6125
475.291141999999	0.6125
475.308041499999	0.6125
475.3253765	0.6125
475.340946699999	0.6125
475.357481	0.6125
475.374984599999	0.6125
475.3911719	0.6125
475.4077622	0.6125
475.4247933	0.6125
475.4412539	0.6125
475.457758899999	0.6125
475.474412699999	0.6125
475.490935999999	0.6125
475.507628699999	0.6125
475.5247052	0.6125
475.541072399999	0.6125
475.5573582	0.6125
475.5747683	0.6125
475.5910033	0.6125
475.6079358	0.6125
475.624612	0.6125
475.6413668	0.6125
475.6573646	0.6125
475.6748664	0.6125
475.691164899999	0.6125
475.707654999999	0.6125
475.7243254	0.6125
475.7414676	0.6125
475.7576362	0.6125
475.774766899999	0.6125
475.7912201	0.6125
475.807480099999	0.6125
475.8248163	0.6125
475.841372299999	0.6125
475.8573804	0.6125
475.874800799999	0.6125
475.891437599999	0.6125
475.907582999999	0.6125
475.92466	0.6125
475.9412353	0.6125
475.9576019	0.6125
475.974206999999	0.6125
475.991123199999	0.6125
476.007816099999	0.6125
476.024595299999	0.6125
476.041448	0.6125
476.0576486	0.6125
476.0743803	0.6125
476.0912602	0.6125
476.1081193	0.6125
476.1246168	0.6125
476.1410608	0.6125
476.157467499999	0.6125
476.1745924	0.6125
476.191222599999	0.6125
476.2073562	0.6125
476.224882699999	0.6125
476.2411973	0.6125
476.257370599999	0.6125
476.275044999999	0.6125
476.2912305	0.6125
476.307857199999	0.6125
476.3247851	0.6125
476.341390299999	0.6125
476.357340899999	0.6125
476.3746167	0.6125
476.3911714	0.6125
476.4077177	0.6125
476.424662099999	0.6125
476.441354799999	0.6125
476.457450999999	0.6125
476.474751199999	0.6125
476.491786199999	0.6125
476.507456699999	0.6125
476.5247688	0.6125
476.540885099999	0.6125
476.557709299999	0.6125
476.5744134	0.6125
476.5909088	0.6125
476.607337599999	0.6125
476.624276699999	0.6125
476.6413057	0.6125
476.6576375	0.6125
476.674770099999	0.6125
476.691217299999	0.6125
476.7074151	0.6125
476.724788699999	0.6125
476.741254899999	0.6125
476.7578692	0.6125
476.7744926	0.6125
476.791100699999	0.6125
476.807775099999	0.6125
476.8243949	0.6125
476.841257499999	0.6125
476.857442899999	0.6125
476.874621299999	0.6125
476.8913059	0.6125
476.907186799999	0.6125
476.9246361	0.6125
476.9410693	0.6125
476.957608799999	0.6125
476.974383299999	0.6125
476.9912599	0.6125
477.007789499999	0.6125
477.0245237	0.6125
477.041656599999	0.6125
477.057679899999	0.6125
477.0747972	0.6125
477.091503	0.6125
477.1073885	0.6125
477.124569799999	0.6125
477.141556	0.6125
477.157591499999	0.6125
477.1742361	0.6125
477.1914467	0.6125
477.207722499999	0.6125
477.2244566	0.6125
477.241449599999	0.6125
477.257839499999	0.6125
477.274444899999	0.6125
477.2912349	0.6125
477.3078527	0.6125
477.3245983	0.6125
477.341491599999	0.6125
477.357766599999	0.6125
477.374260099999	0.6125
477.390934499999	0.6125
477.4075126	0.6125
477.4245581	0.6125
477.4412678	0.6125
477.4574151	0.6125
477.474620999999	0.6125
477.4908822	0.6125
477.507869999999	0.6125
477.524434499999	0.6125
477.5410745	0.6125
477.5577089	0.6125
477.574631099999	0.6125
477.59134	0.6125
477.6076064	0.6125
477.6242341	0.6125
477.6413248	0.6125
477.657832299999	0.6125
477.674849599999	0.6125
477.691136099999	0.6125
477.7077135	0.6125
477.724286199999	0.6125
477.741148499999	0.6125
477.757873899999	0.6125
477.7744797	0.6125
477.7910612	0.6125
477.8073341	0.6125
477.824303099999	0.6125
477.8411621	0.6125
477.857700799999	0.6125
477.8742636	0.6125
477.891161799999	0.6125
477.9076994	0.6125
477.9250883	0.6125
477.941122699999	0.6125
477.9575477	0.6125
477.9745967	0.6125
477.991048499999	0.6125
478.007715999999	0.6125
478.0245417	0.6125
478.0410366	0.6125
478.0578275	0.6125
478.074091799999	0.6125
478.0909901	0.6125
478.1080119	0.6125
478.1244634	0.6125
478.1409526	0.6125
478.157412199999	0.6125
478.1743411	0.6125
478.1909871	0.6125
478.2072044	0.6125
478.224246399999	0.6125
478.2405885	0.6125
478.257572699999	0.6125
478.27416	0.6125
478.291189199999	0.6125
478.307744799999	0.6125
478.324204099999	0.6125
478.341187499999	0.6125
478.357681699999	0.6125
478.374419199999	0.6125
478.391416099999	0.6125
478.4074334	0.6125
478.4244462	0.6125
478.441051899999	0.6125
478.4582783	0.6125
478.474189099999	0.6125
478.490700799999	0.6125
478.5077753	0.6125
478.524940099999	0.6125
478.541124699999	0.6125
478.557933499999	0.6125
478.5743109	0.6125
478.5908837	0.6125
478.6077713	0.6125
478.624376799999	0.6125
478.6411073	0.6125
478.657978499999	0.6125
478.6745837	0.6125
478.6908588	0.6125
478.7077333	0.6125
478.724536299999	0.6125
478.7413228	0.6125
478.7574673	0.6125
478.774263599999	0.6125
478.7912293	0.6125
478.807707399999	0.6125
478.8245976	0.6125
478.841306699999	0.6125
478.8578186	0.6125
478.8747526	0.6125
478.8911848	0.6125
478.9074241	0.6125
478.9243337	0.6125
478.941122099999	0.6125
478.9578495	0.6125
478.9748413	0.6125
478.9909989	0.6125
479.0072413	0.6125
479.0243455	0.6125
479.0412675	0.6125
479.0573533	0.6125
479.074438799999	0.6125
479.091089799999	0.6125
479.1079653	0.6125
479.1244447	0.6125
479.1411024	0.6125
479.1576722	0.6125
479.174281899999	0.6125
479.191288499999	0.6125
479.207959799999	0.6125
479.224190999999	0.6125
479.241245699999	0.6125
479.2578084	0.6125
479.2746177	0.6125
479.2911581	0.6125
479.307789799999	0.6125
479.324563499999	0.6125
479.341112599999	0.6125
479.357727799999	0.6125
479.374358999999	0.6125
479.3907259	0.6125
479.4075686	0.6125
479.4246525	0.6125
479.4411897	0.6125
479.457788899999	0.6125
479.474594099999	0.6125
479.491300299999	0.6125
479.5077241	0.6125
479.524512399999	0.6125
479.540984099999	0.6125
479.5573533	0.6125
479.574575199999	0.6125
479.5911036	0.6125
479.607842199999	0.6125
479.6244578	0.6125
479.641139799999	0.6125
479.6574143	0.6125
479.6742183	0.6125
479.6911738	0.6125
479.7077641	0.6125
479.7244579	0.6125
479.7408692	0.6125
479.7577272	0.6125
479.7743323	0.6125
479.791010499999	0.6125
479.8077121	0.6125
479.824542099999	0.6125
479.841132799999	0.6125
479.857897	0.6125
479.874560599999	0.6125
479.8912341	0.6125
479.907666999999	0.6125
479.9244928	0.6125
479.9411148	0.6125
479.9580246	0.6125
479.974249399999	0.6125
479.9910376	0.6125
480.007428299999	0.6125
480.0244808	0.6125
480.0410512	0.6125
480.057419999999	0.6125
480.0744675	0.6125
480.091042399999	0.6125
480.1075499	0.6125
480.124722899999	0.6125
480.1410928	0.6125
480.1578012	0.6125
480.174605599999	0.6125
480.1910412	0.6125
480.2076773	0.6125
480.2245317	0.6125
480.2409271	0.6125
480.2577032	0.6125
480.2742953	0.6125
480.2910469	0.6125
480.3076864	0.6125
480.3246193	0.6125
480.3416407	0.6125
480.3575093	0.6125
480.3746354	0.6125
480.3912383	0.6125
480.4078375	0.6125
480.4242654	0.6125
480.441053799999	0.6125
480.457497099999	0.6125
480.4740298	0.6125
480.490589599999	0.6125
480.507488699999	0.6125
480.5242228	0.6125
480.540988899999	0.6125
480.5576513	0.6125
480.574408099999	0.6125
480.5910304	0.6125
480.6081429	0.6125
480.6242697	0.6125
480.640874399999	0.6125
480.657723599999	0.6125
480.6745979	0.6125
480.6908205	0.6125
480.707791399999	0.6125
480.724558899999	0.6125
480.7412631	0.6125
480.757707899999	0.6125
480.7741136	0.6125
480.791013999999	0.6125
480.807902299999	0.6125
480.8246946	0.6125
480.841077999999	0.6125
480.8577527	0.6125
480.8746309	0.6125
480.891143899999	0.6125
480.9077123	0.6125
480.924594399999	0.6125
480.941116	0.6125
480.9575479	0.6125
480.974241899999	0.6125
480.991040399999	0.6125
481.007702299999	0.6125
481.024447	0.6125
481.0409346	0.6125
481.057578299999	0.6125
481.0740572	0.6125
481.0910373	0.6125
481.107614699999	0.6125
481.1243083	0.6125
481.1409933	0.6125
481.1576513	0.6125
481.1743387	0.6125
481.1909098	0.6125
481.207522299999	0.6125
481.224631399999	0.6125
481.241051399999	0.6125
481.2576848	0.6125
481.2749208	0.6125
481.290396799999	0.6125
481.3074982	0.6125
481.3246794	0.6125
481.341019	0.6125
481.3577238	0.6125
481.374599	0.6125
481.3909828	0.6125
481.407702799999	0.6125
481.4245801	0.6125
481.440634899999	0.6125
481.4579083	0.6125
481.4744113	0.6125
481.4908034	0.6125
481.5073748	0.6125
481.5248555	0.6125
481.5410917	0.6125
481.5579761	0.6125
481.574544499999	0.6125
481.5912732	0.6125
481.6077631	0.6125
481.6241106	0.6125
481.640644399999	0.6125
481.6576473	0.6125
481.674628899999	0.6125
481.690936399999	0.6125
481.7079205	0.6125
481.724489099999	0.6125
481.741336599999	0.6125
481.757503	0.6125
481.7742675	0.6125
481.791299699999	0.6125
481.8074485	0.6125
481.8244421	0.6125
481.8411459	0.6125
481.8577289	0.6125
481.874592599999	0.6125
481.8909936	0.6125
481.9077241	0.6125
481.924367799999	0.6125
481.9408286	0.6125
481.9575139	0.6125
481.9744468	0.6125
481.991109799999	0.6125
482.0069975	0.6125
482.024320799999	0.6125
482.041092199999	0.6125
482.057348699999	0.6125
482.0743699	0.6125
482.090884599999	0.6125
482.1078214	0.6125
482.124156499999	0.6125
482.141026599999	0.6125
482.157743399999	0.6125
482.173952599999	0.6125
482.1904956	0.6125
482.2076356	0.6125
482.2244193	0.6125
482.2409578	0.6125
482.257740599999	0.6125
482.274554799999	0.6125
482.291109299999	0.6125
482.3079718	0.6125
482.324392699999	0.6125
482.340978599999	0.6125
482.3577532	0.6125
482.3747605	0.6125
482.391046899999	0.6125
482.407409199999	0.6125
482.424393499999	0.6125
482.4409896	0.6125
482.4572571	0.6125
482.4745217	0.6125
482.4908293	0.6125
482.5079934	0.6125
482.5244502	0.6125
482.5408842	0.6125
482.5578195	0.6125
482.574387299999	0.6125
482.591152	0.6125
482.6077606	0.6125
482.623919799999	0.6125
482.640446599999	0.6125
482.657759799999	0.6125
482.6744199	0.6125
482.690961699999	0.6125
482.7079372	0.6125
482.7242603	0.6125
482.741172599999	0.6125
482.757843599999	0.6125
482.7746171	0.6125
482.790949599999	0.6125
482.8070886	0.6125
482.8243414	0.6125
482.8409397	0.6125
482.8575365	0.6125
482.8741837	0.6125
482.890824599999	0.6125
482.9076324	0.6125
482.924323499999	0.6125
482.940656	0.6125
482.9573775	0.6125
482.9745176	0.6125
482.990909599999	0.6125
483.007842499999	0.6125
483.024535	0.6125
483.0404819	0.6125
483.057677999999	0.6125
483.0743696	0.6125
483.0909286	0.6125
483.1076795	0.6125
483.124462799999	0.6125
483.140955399999	0.6125
483.1577441	0.6125
483.174509099999	0.6125
483.190868799999	0.6125
483.207555999999	0.6125
483.223735199999	0.6125
483.241060699999	0.6125
483.257406	0.6125
483.2738789	0.6125
483.2910665	0.6125
483.307856099999	0.6125
483.324365699999	0.6125
483.340788699999	0.6125
483.357741299999	0.6125
483.374311099999	0.6125
483.390845299999	0.6125
483.407647	0.6125
483.4242349	0.6125
483.4408992	0.6125
483.4574256	0.6125
483.4742397	0.6125
483.491000999999	0.6125
483.507893	0.6125
483.5245815	0.6125
483.5409012	0.6125
483.557457499999	0.6125
483.574389599999	0.6125
483.5911743	0.6125
483.607652799999	0.6125
483.6243386	0.6125
483.6406411	0.6125
483.6578838	0.6125
483.6743516	0.6125
483.6910257	0.6125
483.7077149	0.6125
483.724546799999	0.6125
483.740912699999	0.6125
483.757860799999	0.6125
483.7742756	0.6125
483.7907914	0.6125
483.8075769	0.6125
483.824287699999	0.6125
483.8407431	0.6125
483.8576777	0.6125
483.8746114	0.6125
483.890805499999	0.6125
483.907371099999	0.6125
483.9243521	0.6125
483.940586199999	0.6125
483.957812799999	0.6125
483.974236999999	0.6125
483.990437799999	0.6125
484.007406799999	0.6125
484.024323	0.6125
484.041026899999	0.6125
484.057638099999	0.6125
484.074373099999	0.6125
484.0911489	0.6125
484.1072404	0.6125
484.1242944	0.6125
484.140861	0.6125
484.1575949	0.6125
484.1742273	0.6125
484.190802399999	0.6125
484.2073646	0.6125
484.2240726	0.6125
484.240856699999	0.6125
484.257387899999	0.6125
484.2742835	0.6125
484.2908097	0.6125
484.307835199999	0.6125
484.3244448	0.6125
484.3408525	0.6125
484.357804099999	0.6125
484.374303099999	0.6125
484.3908543	0.6125
484.4071501	0.6125
484.4243086	0.6125
484.440874899999	0.6125
484.4575304	0.6125
484.474171899999	0.6125
484.4905609	0.6125
484.5078292	0.6125
484.524471	0.6125
484.5403043	0.6125
484.5579719	0.6125
484.574459199999	0.6125
484.590692999999	0.6125
484.6077043	0.6125
484.6241561	0.6125
484.6409414	0.6125
484.6575575	0.6125
484.674634399999	0.6125
484.690694499999	0.6125
484.7077491	0.6125
484.724232899999	0.6125
484.7404885	0.6125
484.7575147	0.6125
484.774441299999	0.6125
484.7905334	0.6125
484.807547099999	0.6125
484.824304199999	0.6125
484.840322599999	0.6125
484.8575863	0.6125
484.8744277	0.6125
484.8909028	0.6125
484.907262399999	0.6125
484.924294199999	0.6125
484.9405952	0.6125
484.9580553	0.6125
484.9741875	0.6125
484.9904325	0.6125
485.0078791	0.6125
485.024727499999	0.6125
485.0407386	0.6125
485.0578454	0.6125
485.074165499999	0.6125
485.0907892	0.6125
485.107684799999	0.6125
485.124452499999	0.6125
485.1404852	0.6125
485.157416399999	0.6125
485.1742245	0.6125
485.191279199999	0.6125
485.207643	0.6125
485.224265299999	0.6125
485.2407606	0.6125
485.257304299999	0.6125
485.274150699999	0.6125
485.2902982	0.6125
485.307640999999	0.6125
485.3244153	0.6125
485.3408094	0.6125
485.3573836	0.6125
485.3740393	0.6125
485.3905863	0.6125
485.4075422	0.6125
485.4246336	0.6125
485.440419199999	0.6125
485.457274599999	0.6125
485.474263499999	0.6125
485.490528099999	0.6125
485.5075865	0.6125
485.524265999999	0.6125
485.5406936	0.6125
485.557667599999	0.6125
485.574109599999	0.6125
485.590339699999	0.6125
485.6073185	0.6125
485.6241358	0.6125
485.6408457	0.6125
485.658105099999	0.6125
485.6742588	0.6125
485.6904336	0.6125
485.707398899999	0.6125
485.724234099999	0.6125
485.7407274	0.6125
485.757256	0.6125
485.774237299999	0.6125
485.790891299999	0.6125
485.8075971	0.6125
485.82392	0.6125
485.8404427	0.6125
485.8575236	0.6125
485.8744306	0.6125
485.8905478	0.6125
485.9077302	0.6125
485.924725899999	0.6125
485.9403972	0.6125
485.9574106	0.6125
485.974439699999	0.6125
485.990711199999	0.6125
486.007693099999	0.6125
486.024196799999	0.6125
486.040751799999	0.6125
486.0572539	0.6125
486.074317899999	0.6125
486.090799299999	0.6125
486.107670699999	0.6125
486.1242488	0.6125
486.140629899999	0.6125
486.157812099999	0.6125
486.174302599999	0.6125
486.190698099999	0.6125
486.2075773	0.6125
486.2240434	0.6125
486.240764599999	0.6125
486.2573604	0.6125
486.2740533	0.6125
486.290773399999	0.6125
486.3074984	0.6125
486.3242929	0.6125
486.341229199999	0.6125
486.3572195	0.6125
486.3741556	0.6125
486.390893299999	0.6125
486.407898599999	0.6125
486.424260999999	0.6125
486.4405161	0.6125
486.4577377	0.6125
486.4742742	0.6125
486.4906745	0.6125
486.507331	0.6125
486.524112399999	0.6125
486.540489999999	0.6125
486.557683499999	0.6125
486.5741375	0.6125
486.5909874	0.6125
486.6075628	0.6125
486.6242438	0.6125
486.6407061	0.6125
486.657346	0.6125
486.6739179	0.6125
486.690711099999	0.6125
486.7075747	0.6125
486.7241189	0.6125
486.740303699999	0.6125
486.7572734	0.6125
486.778705299999	0.6125
486.7909493	0.6125
486.8076235	0.6125
486.824081899999	0.6125
486.840996	0.6125
486.8574787	0.6125
486.874291399999	0.6125
486.8908101	0.6125
486.9072453	0.6125
486.924545999999	0.6125
486.9407686	0.6125
486.957230999999	0.6125
486.974002	0.6125
486.990299399999	0.6125
487.0077978	0.6125
487.024086699999	0.6125
487.040557599999	0.6125
487.057364099999	0.6125
487.074163099999	0.6125
487.090871099999	0.6125
487.107190199999	0.6125
487.12421	0.6125
487.140758099999	0.6125
487.157534	0.6125
487.173980899999	0.6125
487.1908417	0.6125
487.207518099999	0.6125
487.2239952	0.6125
487.240942599999	0.6125
487.2575238	0.6125
487.2743388	0.6125
487.2908978	0.6125
487.3077771	0.6125
487.324213399999	0.6125
487.3410322	0.6125
487.3575272	0.6125
487.373775599999	0.6125
487.3901742	0.6125
487.4077811	0.6125
487.424376	0.6125
487.440675899999	0.6125
487.4571615	0.6125
487.474720499999	0.6125
487.490843	0.6125
487.5073894	0.6125
487.5241999	0.6125
487.540848299999	0.6125
487.557561299999	0.6125
487.574117599999	0.6125
487.5908074	0.6125
487.6073332	0.6125
487.624303	0.6125
487.6405656	0.6125
487.6571973	0.6125
487.674298899999	0.6125
487.690348499999	0.6125
487.7077714	0.6125
487.724368499999	0.6125
487.740821099999	0.6125
487.757426599999	0.6125
487.774697399999	0.6125
487.79077	0.6125
487.8073679	0.6125
487.8240011	0.6125
487.840842699999	0.6125
487.857200099999	0.6125
487.873771199999	0.6125
487.8904551	0.6125
487.9073228	0.6125
487.924162099999	0.6125
487.9407562	0.6125
487.957498199999	0.6125
487.9738105	0.6125
487.9907506	0.6125
488.0071518	0.6125
488.0240298	0.6125
488.040417499999	0.6125
488.056994899999	0.6125
488.074026599999	0.6125
488.0907675	0.6125
488.1071858	0.6125
488.1240498	0.6125
488.1406786	0.6125
488.1575644	0.6125
488.1738896	0.6125
488.190722099999	0.6125
488.207459599999	0.6125
488.2245347	0.6125
488.240599899999	0.6125
488.2575018	0.6125
488.2740157	0.6125
488.2905733	0.6125
488.3072777	0.6125
488.324022899999	0.6125
488.3410448	0.6125
488.3574567	0.6125
488.3783955	0.6125
488.3907604	0.6125
488.4073198	0.6125
488.4240941	0.6125
488.4407328	0.6125
488.457476699999	0.6125
488.473958699999	0.6125
488.490604	0.6125
488.507032799999	0.6125
488.523952	0.6125
488.5403798	0.6125
488.557368399999	0.6125
488.5736995	0.6125
488.590817599999	0.6125
488.607326699999	0.6125
488.623939999999	0.6125
488.6412132	0.6125
488.657383299999	0.6125
488.6739136	0.6125
488.690860799999	0.6125
488.707381499999	0.6125
488.723958099999	0.6125
488.740487499999	0.6125
488.756933	0.6125
488.773823799999	0.6125
488.790319999999	0.6125
488.807520699999	0.6125
488.8241295	0.6125
488.840729099999	0.6125
488.857661399999	0.6125
488.874036099999	0.6125
488.890798799999	0.6125
488.906876399999	0.6125
488.9241115	0.6125
488.940849699999	0.6125
488.957348	0.6125
488.974288199999	0.6125
488.990643399999	0.6125
489.0073198	0.6125
489.024067099999	0.6125
489.040710499999	0.6125
489.057244	0.6125
489.0745373	0.6125
489.0909187	0.6125
489.1077528	0.6125
489.124194399999	0.6125
489.140767399999	0.6125
489.1576509	0.6125
489.174150999999	0.6125
489.1907901	0.6125
489.207011699999	0.6125
489.2243013	0.6125
489.240744799999	0.6125
489.2572252	0.6125
489.2741504	0.6125
489.290845899999	0.6125
489.307353599999	0.6125
489.3240747	0.6125
489.3406632	0.6125
489.3575734	0.6125
489.373957	0.6125
489.3905906	0.6125
489.407375799999	0.6125
489.4287484	0.6125
489.440290899999	0.6125
489.457326799999	0.6125
489.474112499999	0.6125
489.490752799999	0.6125
489.5072713	0.6125
489.524163599999	0.6125
489.541001099999	0.6125
489.5574516	0.6125
489.5743182	0.6125
489.5908136	0.6125
489.607588999999	0.6125
489.6242119	0.6125
489.6408342	0.6125
489.657356899999	0.6125
489.674125699999	0.6125
489.6907512	0.6125
489.707328699999	0.6125
489.7239783	0.6125
489.7408404	0.6125
489.7573979	0.6125
489.7742813	0.6125
489.7907596	0.6125
489.807237999999	0.6125
489.8240447	0.6125
489.8406165	0.6125
489.8573066	0.6125
489.8741758	0.6125
489.8901876	0.6125
489.9073663	0.6125
489.924078499999	0.6125
489.940745899999	0.6125
489.9576092	0.6125
489.9736752	0.6125
489.990787799999	0.6125
490.0072101	0.6125
490.024751999999	0.6125
490.040809399999	0.6125
490.057316099999	0.6125
490.073801699999	0.6125
490.090673399999	0.6125
490.107219799999	0.6125
490.124107799999	0.6125
490.140649399999	0.6125
490.157127799999	0.6125
490.1740093	0.6125
490.190842399999	0.6125
490.206953499999	0.6125
490.224070499999	0.6125
490.240811199999	0.6125
490.2572278	0.6125
490.274029699999	0.6125
490.2909586	0.6125
490.307186599999	0.6125
490.3240152	0.6125
490.341288899999	0.6125
490.3573127	0.6125
490.374102	0.6125
490.390748	0.6125
490.4071336	0.6125
490.4239252	0.6125
490.4406653	0.6125
490.4572251	0.6125
490.473923799999	0.6125
490.4908097	0.6125
490.5072064	0.6125
490.5236962	0.6125
490.5404475	0.6125
490.5572992	0.6125
490.5736282	0.6125
490.5907656	0.6125
490.607211099999	0.6125
490.6238071	0.6125
490.6408617	0.6125
490.657423799999	0.6125
490.673829099999	0.6125
490.6908128	0.6125
490.7073075	0.6125
490.724253699999	0.6125
490.740739	0.6125
490.757417999999	0.6125
490.7738934	0.6125
490.790593	0.6125
490.8069958	0.6125
490.8242359	0.6125
490.8407165	0.6125
490.857208199999	0.6125
490.8739516	0.6125
490.8907568	0.6125
490.9071791	0.6125
490.924020599999	0.6125
490.9409289	0.6125
490.9571269	0.6125
490.974323599999	0.6125
490.991214899999	0.6125
491.007115599999	0.6125
491.023840999999	0.6125
491.040890499999	0.6125
491.0572231	0.6125
491.0740938	0.6125
491.0907455	0.6125
491.1070033	0.6125
491.124041499999	0.6125
491.141182799999	0.6125
491.1574076	0.6125
491.1736716	0.6125
491.1906338	0.6125
491.2076319	0.6125
491.224142599999	0.6125
491.2413724	0.6125
491.257175399999	0.6125
491.2741055	0.6125
491.2903368	0.6125
491.307418099999	0.6125
491.323912399999	0.6125
491.340696699999	0.6125
491.3572545	0.6125
491.3737992	0.6125
491.390893999999	0.6125
491.4072698	0.6125
491.424300899999	0.6125
491.440937599999	0.6125
491.4572116	0.6125
491.4738941	0.6125
491.490971699999	0.6125
491.5073606	0.6125
491.5239587	0.6125
491.5407031	0.6125
491.5574941	0.6125
491.5734868	0.6125
491.590312599999	0.6125
491.607264499999	0.6125
491.6236623	0.6125
491.640699899999	0.6125
491.657674399999	0.6125
491.673971699999	0.6125
491.690033899999	0.6125
491.7071627	0.6125
491.723953999999	0.6125
491.7404731	0.6125
491.756884199999	0.6125
491.773925699999	0.6125
491.790624599999	0.6125
491.807370699999	0.6125
491.823944399999	0.6125
491.840726599999	0.6125
491.857533199999	0.6125
491.8741935	0.6125
491.890669799999	0.6125
491.9073958	0.6125
491.923946899999	0.6125
491.940726399999	0.6125
491.9571963	0.6125
491.9737895	0.6125
491.9908633	0.6125
492.0072794	0.6125
492.0239059	0.6125
492.0407381	0.6125
492.0569515	0.6125
492.0736903	0.6125
492.0907447	0.6125
492.107376	0.6125
492.124034799999	0.6125
492.140691899999	0.6125
492.157249299999	0.6125
492.174080399999	0.6125
492.1906786	0.6125
492.2072074	0.6125
492.224272799999	0.6125
492.24068	0.6125
492.2571498	0.6125
492.273763599999	0.6125
492.2907643	0.6125
492.3072223	0.6125
492.3240492	0.6125
492.3405114	0.6125
492.357420099999	0.6125
492.373940799999	0.6125
492.3906178	0.6125
492.407166	0.6125
492.423809399999	0.6125
492.440605399999	0.6125
492.457177099999	0.6125
492.473932299999	0.6125
492.490826599999	0.6125
492.5071355	0.6125
492.5239096	0.6125
492.540558	0.6125
492.557060499999	0.6125
492.5740182	0.6125
492.5907761	0.6125
492.607281799999	0.6125
492.623702999999	0.6125
492.640622299999	0.6125
492.656929299999	0.6125
492.674201899999	0.6125
492.6907303	0.6125
492.7071184	0.6125
492.7238977	0.6125
492.740765099999	0.6125
492.7573017	0.6125
492.773836699999	0.6125
492.790830999999	0.6125
492.806760199999	0.6125
492.824351599999	0.6125
492.840606299999	0.6125
492.857354999999	0.6125
492.8735773	0.6125
492.8904403	0.6125
492.9072785	0.6125
492.924020099999	0.6125
492.9405809	0.6125
492.956870499999	0.6125
492.9740038	0.6125
492.990296	0.6125
493.0071499	0.6125
493.0237603	0.6125
493.0407381	0.6125
493.0573613	0.6125
493.073934399999	0.6125
493.0905275	0.6125
493.1073061	0.6125
493.1240001	0.6125
493.1405975	0.6125
493.157050999999	0.6125
493.1738545	0.6125
493.190470299999	0.6125
493.207037499999	0.6125
493.223721699999	0.6125
493.2404516	0.6125
493.257331999999	0.6125
493.273936799999	0.6125
493.2912179	0.6125
493.308059399999	0.6125
493.3238962	0.6125
493.340631599999	0.6125
493.357288699999	0.6125
493.3734958	0.6125
493.390638	0.6125
493.407157199999	0.6125
493.424142899999	0.6125
493.440193599999	0.6125
493.4571833	0.6125
493.473510899999	0.6125
493.4909695	0.6125
493.507059899999	0.6125
493.5233995	0.6125
493.54062	0.6125
493.556955499999	0.6125
493.573680199999	0.6125
493.590774099999	0.6125
493.607438999999	0.6125
493.6237744	0.6125
493.6407322	0.6125
493.6567821	0.6125
493.673961	0.6125
493.690659399999	0.6125
493.707450999999	0.6125
493.7233471	0.6125
493.7402459	0.6125
493.7604034	0.6125
493.773827399999	0.6125
493.7960986	0.6125
493.8120665	0.6125
493.823378399999	0.6125
493.840929499999	0.6125
493.857393499999	0.6125
493.873806099999	0.6125
493.890458899999	0.6125
493.9072688	0.6125
493.9234754	0.6125
493.940645999999	0.6125
493.9572147	0.6125
493.973356199999	0.6125
493.9908042	0.6125
494.006855899999	0.6125
494.023882099999	0.6125
494.0407343	0.6125
494.057119599999	0.6125
494.0737411	0.6125
494.090750099999	0.6125
494.1072791	0.6125
494.123465299999	0.6125
494.140389699999	0.6125
494.1575926	0.6125
494.1737377	0.6125
494.1905527	0.6125
494.207283799999	0.6125
494.223739399999	0.6125
494.240351199999	0.6125
494.2574403	0.6125
494.274184999999	0.6125
494.2909002	0.6125
494.307342499999	0.6125
494.3234613	0.6125
494.3403817	0.6125
494.3571026	0.6125
494.3738226	0.6125
494.3905104	0.6125
494.407147299999	0.6125
494.423821599999	0.6125
494.4405572	0.6125
494.457219399999	0.6125
494.4739826	0.6125
494.490537199999	0.6125
494.507076999999	0.6125
494.5234708	0.6125
494.540770899999	0.6125
494.5571541	0.6125
494.573364899999	0.6125
494.590224299999	0.6125
494.607032899999	0.6125
494.623919799999	0.6125
494.640590999999	0.6125
494.656913999999	0.6125
494.6739583	0.6125
494.6904237	0.6125
494.707072499999	0.6125
494.7234616	0.6125
494.7407127	0.6125
494.756845299999	0.6125
494.773557799999	0.6125
494.7907281	0.6125
494.8078274	0.6125
494.823958	0.6125
494.840657399999	0.6125
494.857311299999	0.6125
494.873472599999	0.6125
494.8903126	0.6125
494.907463699999	0.6125
494.923467199999	0.6125
494.939939499999	0.6125
494.9574064	0.6125
494.9734321	0.6125
494.990223199999	0.6125
495.0071068	0.6125
495.0234519	0.6125
495.0403743	0.6125
495.056950699999	0.6125
495.0735845	0.6125
495.090258099999	0.6125
495.1077411	0.6125
495.1236946	0.6125
495.140477899999	0.6125
495.1570542	0.6125
495.1739558	0.6125
495.1903064	0.6125
495.2071896	0.6125
495.2238302	0.6125
495.2402502	0.6125
495.256976	0.6125
495.2736515	0.6125
495.2907938	0.6125
495.307158899999	0.6125
495.323718199999	0.6125
495.340604	0.6125
495.3572465	0.6125
495.3734287	0.6125
495.3905129	0.6125
495.4071808	0.6125
495.423497399999	0.6125
495.440540299999	0.6125
495.457213299999	0.6125
495.473705599999	0.6125
495.490746799999	0.6125
495.507127	0.6125
495.5235647	0.6125
495.5405751	0.6125
495.557275499999	0.6125
495.5737897	0.6125
495.590691099999	0.6125
495.607318099999	0.6125
495.6238205	0.6125
495.6405231	0.6125
495.657168199999	0.6125
495.6738885	0.6125
495.690720899999	0.6125
495.7069962	0.6125
495.7235905	0.6125
495.740227099999	0.6125
495.757079499999	0.6125
495.7739518	0.6125
495.7906524	0.6125
495.807230099999	0.6125
495.8237843	0.6125
495.8406903	0.6125
495.8572509	0.6125
495.8738877	0.6125
495.8903695	0.6125
495.906727699999	0.6125
495.923972699999	0.6125
495.9404827	0.6125
495.9567596	0.6125
495.9738109	0.6125
495.990258	0.6125
496.007277	0.6125
496.0234584	0.6125
496.0405156	0.6125
496.057297099999	0.6125
496.073840499999	0.6125
496.090834799999	0.6125
496.1071649	0.6125
496.123881199999	0.6125
496.1406307	0.6125
496.156778899999	0.6125
496.1740433	0.6125
496.190103999999	0.6125
496.206909699999	0.6125
496.223783599999	0.6125
496.2399663	0.6125
496.2571941	0.6125
496.273643	0.6125
496.290663899999	0.6125
496.307303099999	0.6125
496.3240103	0.6125
496.340690399999	0.6125
496.3575593	0.6125
496.373563499999	0.6125
496.390258099999	0.6125
496.4072079	0.6125
496.423881	0.6125
496.440567899999	0.6125
496.4574195	0.6125
496.473915899999	0.6125
496.4906935	0.6125
496.5074061	0.6125
496.523737099999	0.6125
496.540752	0.6125
496.5569956	0.6125
496.5734723	0.6125
496.590324299999	0.6125
496.6065965	0.6125
496.6237438	0.6125
496.640524199999	0.6125
496.657186799999	0.6125
496.6738031	0.6125
496.6904803	0.6125
496.7069551	0.6125
496.7238215	0.6125
496.7405844	0.6125
496.7570841	0.6125
496.773783199999	0.6125
496.7901456	0.6125
496.8067443	0.6125
496.823570299999	0.6125
496.8404622	0.6125
496.856718	0.6125
496.873754499999	0.6125
496.890485	0.6125
496.9074937	0.6125
496.9240684	0.6125
496.9405417	0.6125
496.9572395	0.6125
496.9741786	0.6125
496.990302499999	0.6125
497.007054399999	0.6125
497.0234935	0.6125
497.040319	0.6125
497.057074099999	0.6125
497.0737297	0.6125
497.090639399999	0.6125
497.10752	0.6125
497.1237788	0.6125
497.140629699999	0.6125
497.157100099999	0.6125
497.173826099999	0.6125
497.1901153	0.6125
497.2069757	0.6125
497.2234423	0.6125
497.240682	0.6125
497.2571774	0.6125
497.273846499999	0.6125
497.290667499999	0.6125
497.3071592	0.6125
497.3234604	0.6125
497.340241499999	0.6125
497.357244	0.6125
497.373831299999	0.6125
497.390653199999	0.6125
497.4067183	0.6125
497.424246199999	0.6125
497.4406419	0.6125
497.4570932	0.6125
497.473550899999	0.6125
497.4905856	0.6125
497.5069531	0.6125
497.523548599999	0.6125
497.5409154	0.6125
497.5570929	0.6125
497.573696799999	0.6125
497.590404199999	0.6125
497.607212	0.6125
497.6239962	0.6125
497.6405221	0.6125
497.6567632	0.6125
497.6739898	0.6125
497.690697399999	0.6125
497.706911599999	0.6125
497.7237577	0.6125
497.7400578	0.6125
497.756743399999	0.6125
497.773910899999	0.6125
497.7908011	0.6125
497.806839999999	0.6125
497.823680699999	0.6125
497.8405766	0.6125
497.857121399999	0.6125
497.8738134	0.6125
497.8906803	0.6125
497.9067522	0.6125
497.9233521	0.6125
497.940454699999	0.6125
497.9572327	0.6125
497.9738158	0.6125
497.990437199999	0.6125
498.0072765	0.6125
498.0235831	0.6125
498.0403246	0.6125
498.0569596	0.6125
498.0737807	0.6125
498.0905986	0.6125
498.1070304	0.6125
498.1233629	0.6125
498.1402492	0.6125
498.1568614	0.6125
498.173689099999	0.6125
498.190080599999	0.6125
498.2069992	0.6125
498.223892999999	0.6125
498.2404062	0.6125
498.2570477	0.6125
498.2738086	0.6125
498.290290999999	0.6125
498.3074165	0.6125
498.323793299999	0.6125
498.340047299999	0.6125
498.357387599999	0.6125
498.373367599999	0.6125
498.390220499999	0.6125
498.4070597	0.6125
498.423785999999	0.6125
498.440170299999	0.6125
498.456710799999	0.6125
498.473860999999	0.6125
498.4901118	0.6125
498.5069134	0.6125
498.5237232	0.6125
498.5402564	0.6125
498.5570387	0.6125
498.573520899999	0.6125
498.590471199999	0.6125
498.606954299999	0.6125
498.623873799999	0.6125
498.6405084	0.6125
498.657079299999	0.6125
498.673730799999	0.6125
498.690668099999	0.6125
498.7070747	0.6125
498.723811399999	0.6125
498.740453599999	0.6125
498.7572155	0.6125
498.7739784	0.6125
498.790541599999	0.6125
498.806925	0.6125
498.8237032	0.6125
498.840244999999	0.6125
498.856666799999	0.6125
498.873765699999	0.6125
498.890299	0.6125
498.907022699999	0.6125
498.923879299999	0.6125
498.940553199999	0.6125
498.9570767	0.6125
498.9737004	0.6125
498.990356099999	0.6125
499.0066803	0.6125
499.023249399999	0.6125
499.040257299999	0.6125
499.0568772	0.6125
499.073367399999	0.6125
499.089988999999	0.6125
499.107392399999	0.6125
499.1237868	0.6125
499.140635	0.6125
499.157244	0.6125
499.1739533	0.6125
499.190600899999	0.6125
499.206946699999	0.6125
499.223910199999	0.6125
499.2403993	0.6125
499.257115699999	0.6125
499.2737197	0.6125
499.2904577	0.6125
499.3068059	0.6125
499.323377299999	0.6125
499.3400309	0.6125
499.3572145	0.6125
499.3742948	0.6125
499.390279499999	0.6125
499.406701999999	0.6125
499.423983999999	0.6125
499.4404316	0.6125
499.457039399999	0.6125
499.473556	0.6125
499.490182799999	0.6125
499.506917299999	0.6125
499.523421899999	0.6125
499.5401126	0.6125
499.557007099999	0.6125
499.5737936	0.6125
499.590267699999	0.6125
499.6070193	0.6125
499.623796399999	0.6125
499.640420799999	0.6125
499.657098999999	0.6125
499.674117799999	0.6125
499.6902131	0.6125
499.7068745	0.6125
499.7237761	0.6125
499.739906399999	0.6125
499.7566281	0.6125
499.7737072	0.6125
499.790258399999	0.6125
499.806801899999	0.6125
499.823732	0.6125
499.8402867	0.6125
499.856564	0.6125
499.8737505	0.6125
499.890273999999	0.6125
499.906789199999	0.6125
499.923794599999	0.6125
499.9404459	0.6125
499.956901099999	0.6125
499.9738639	0.6125
499.9901021	0.6125
500.0067725	0.6125
500.0237565	0.6125
500.0401906	0.6125
500.057013299999	0.6125
500.0737875	0.6125
500.090227199999	0.6125
500.106859899999	0.6125
500.1237593	0.6125
500.140545499999	0.6125
500.1571636	0.6125
500.173876	0.6125
500.1905657	0.6125
500.2070162	0.6125
500.2233048	0.6125
500.2403028	0.6125
500.256854599999	0.6125
500.273736599999	0.6125
500.2903655	0.6125
500.3071838	0.6125
500.3242591	0.6125
500.340392599999	0.6125
500.357018799999	0.6125
500.373722599999	0.6125
500.390293199999	0.6125
500.406900999999	0.6125
500.4237759	0.6125
500.440181999999	0.6125
500.4569723	0.6125
500.4737421	0.6125
500.490012699999	0.6125
500.5066183	0.6125
500.523694099999	0.6125
500.540077799999	0.6125
500.556701	0.6125
500.573798799999	0.6125
500.590388899999	0.6125
500.6073171	0.6125
500.6237093	0.6125
500.640388899999	0.6125
500.657115999999	0.6125
500.673874999999	0.6125
500.690771299999	0.6125
500.706297899999	0.6125
500.7235734	0.6125
500.7403335	0.6125
500.756946199999	0.6125
500.773735	0.6125
500.7900175	0.6125
500.8068938	0.6125
500.8236508	0.6125
500.840807699999	0.6125
500.8569603	0.6125
500.8734163	0.6125
500.8901399	0.6125
500.907141199999	0.6125
500.923652199999	0.6125
500.9402498	0.6125
500.9566341	0.6125
500.973391199999	0.6125
500.990302499999	0.6125
501.006893399999	0.6125
501.023610499999	0.6125
501.0401857	0.6125
501.057045099999	0.6125
501.073713	0.6125
501.0901858	0.6125
501.107041499999	0.6125
501.1234921	0.6125
501.1403793	0.6125
501.1570053	0.6125
501.1736783	0.6125
501.190534099999	0.6125
501.206667699999	0.6125
501.223633099999	0.6125
501.2403883	0.6125
501.256467499999	0.6125
501.2737166	0.6125
501.2903299	0.6125
501.307337499999	0.6125
501.3238655	0.6125
501.340206	0.6125
501.356718999999	0.6125
501.37404	0.6125
501.390312899999	0.6125
501.406849	0.6125
501.4236758	0.6125
501.440328799999	0.6125
501.456904899999	0.6125
501.4735489	0.6125
501.4910375	0.6125
501.5065184	0.6125
501.5235484	0.6125
501.540418699999	0.6125
501.5567143	0.6125
501.5740951	0.6125
501.5903861	0.6125
501.6068452	0.6125
501.62374	0.6125
501.640245899999	0.6125
501.656365999999	0.6125
501.6738588	0.6125
501.690378499999	0.6125
501.706445	0.6125
501.726025	0.6125
501.740193799999	0.6125
501.756563	0.6125
501.7736079	0.6125
501.7901487	0.6125
501.8064491	0.6125
501.8236041	0.6125
501.840314499999	0.6125
501.8566143	0.6125
501.8737217	0.6125
501.8903764	0.6125
501.9067098	0.6125
501.9235156	0.6125
501.940356499999	0.6125
501.9568407	0.6125
501.9735353	0.6125
501.9903311	0.6125
502.006543699999	0.6125
502.023628299999	0.6125
502.040596299999	0.6125
502.0568601	0.6125
502.073502699999	0.6125
502.090408399999	0.6125
502.106486999999	0.6125
502.1235529	0.6125
502.140405499999	0.6125
502.156554499999	0.6125
502.1736378	0.6125
502.190271099999	0.6125
502.206687899999	0.6125
502.223670099999	0.6125
502.240173599999	0.6125
502.256758099999	0.6125
502.273662699999	0.6125
502.2901862	0.6125
502.3069274	0.6125
502.3237869	0.6125
502.339804699999	0.6125
502.356575299999	0.6125
502.3732321	0.6125
502.390296	0.6125
502.4068031	0.6125
502.423874599999	0.6125
502.440524299999	0.6125
502.4565391	0.6125
502.4735396	0.6125
502.4908355	0.6125
502.5067997	0.6125
502.5235471	0.6125
502.540843299999	0.6125
502.5568684	0.6125
502.5739256	0.6125
502.5901525	0.6125
502.606811299999	0.6125
502.624264399999	0.6125
502.640559099999	0.6125
502.656489399999	0.6125
502.673462999999	0.6125
502.6906936	0.6125
502.706431099999	0.6125
502.724019499999	0.6125
502.7401425	0.6125
502.756739599999	0.6125
502.7735303	0.6125
502.790300299999	0.6125
502.806669099999	0.6125
502.823614999999	0.6125
502.840531	0.6125
502.8567527	0.6125
502.873763899999	0.6125
502.890229299999	0.6125
502.9069542	0.6125
502.923379899999	0.6125
502.9404968	0.6125
502.956918899999	0.6125
502.973829899999	0.6125
502.990303899999	0.6125
503.006576299999	0.6125
503.0235723	0.6125
503.040673099999	0.6125
503.0567026	0.6125
503.073557799999	0.6125
503.090187999999	0.6125
503.106427899999	0.6125
503.1237949	0.6125
503.139933199999	0.6125
503.156367899999	0.6125
503.1735018	0.6125
503.1901436	0.6125
503.206381999999	0.6125
503.223373999999	0.6125
503.2400595	0.6125
503.256989	0.6125
503.2736731	0.6125
503.2903743	0.6125
503.306724499999	0.6125
503.323685599999	0.6125
503.341124099999	0.6125
503.356745499999	0.6125
503.373913099999	0.6125
503.3905206	0.6125
503.4064874	0.6125
503.4237975	0.6125
503.440264499999	0.6125
503.4563607	0.6125
503.4732945	0.6125
503.4910893	0.6125
503.506600899999	0.6125
503.523407	0.6125
503.5404248	0.6125
503.5567119	0.6125
503.5737494	0.6125
503.5902239	0.6125
503.6067502	0.6125
503.6237057	0.6125
503.6401368	0.6125
503.6563302	0.6125
503.673293299999	0.6125
503.6899802	0.6125
503.706791099999	0.6125
503.723479499999	0.6125
503.7403392	0.6125
503.757019299999	0.6125
503.7732049	0.6125
503.790443899999	0.6125
503.8063575	0.6125
503.823793299999	0.6125
503.840018299999	0.6125
503.8564774	0.6125
503.873823999999	0.6125
503.8904543	0.6125
503.906299099999	0.6125
503.923403899999	0.6125
503.9409337	0.6125
503.956835999999	0.6125
503.973945	0.6125
503.9900657	0.6125
504.006731099999	0.6125
504.023549799999	0.6125
504.0403418	0.6125
504.056601599999	0.6125
504.073587899999	0.6125
504.090210099999	0.6125
504.1063213	0.6125
504.123753499999	0.6125
504.140167299999	0.6125
504.156563299999	0.6125
504.173558099999	0.6125
504.190261199999	0.6125
504.2064143	0.6125
504.223679399999	0.6125
504.2401953	0.6125
504.2565005	0.6125
504.274008799999	0.6125
504.290477699999	0.6125
504.3067149	0.6125
504.3238826	0.6125
504.340260399999	0.6125
504.356763399999	0.6125
504.373387799999	0.6125
504.3899383	0.6125
504.4066772	0.6125
504.4236648	0.6125
504.440239199999	0.6125
504.4567769	0.6125
504.4735315	0.6125
504.490320899999	0.6125
504.506712699999	0.6125
504.5236976	0.6125
504.5404081	0.6125
504.5569877	0.6125
504.5731969	0.6125
504.590337799999	0.6125
504.606316199999	0.6125
504.6233009	0.6125
504.6401379	0.6125
504.6567031	0.6125
504.673745599999	0.6125
504.690065999999	0.6125
504.7069692	0.6125
504.723688599999	0.6125
504.740577199999	0.6125
504.7567104	0.6125
504.7733444	0.6125
504.7905094	0.6125
504.8067223	0.6125
504.8234699	0.6125
504.8403104	0.6125
504.8566089	0.6125
504.8737272	0.6125
504.890468099999	0.6125
504.9068435	0.6125
504.923295	0.6125
504.940142799999	0.6125
504.9566526	0.6125
504.973434199999	0.6125
504.990224599999	0.6125
505.006689	0.6125
505.023275699999	0.6125
505.040969199999	0.6125
505.056438	0.6125
505.0736731	0.6125
505.0901392	0.6125
505.106655799999	0.6125
505.1236756	0.6125
505.139835	0.6125
505.157045399999	0.6125
505.173354299999	0.6125
505.1902793	0.6125
505.206845399999	0.6125
505.223326699999	0.6125
505.240420499999	0.6125
505.256681399999	0.6125
505.2734856	0.6125
505.2903491	0.6125
505.3065601	0.6125
505.323685799999	0.6125
505.3399432	0.6125
505.3564898	0.6125
505.373703699999	0.6125
505.390031899999	0.6125
505.406689099999	0.6125
505.423838899999	0.6125
505.4404274	0.6125
505.4566264	0.6125
505.473595599999	0.6125
505.490293899999	0.6125
505.5064002	0.6125
505.523492099999	0.6125
505.5403533	0.6125
505.5566389	0.6125
505.5733652	0.6125
505.5901134	0.6125
505.6066683	0.6125
505.623710899999	0.6125
505.6405004	0.6125
505.6567668	0.6125
505.6734392	0.6125
505.6903371	0.6125
505.707065799999	0.6125
505.723529999999	0.6125
505.7404128	0.6125
505.7565384	0.6125
505.773803499999	0.6125
505.790171	0.6125
505.8063986	0.6125
505.8235986	0.6125
505.8401391	0.6125
505.8566689	0.6125
505.873171499999	0.6125
505.8901993	0.6125
505.9067459	0.6125
505.9237856	0.6125
505.940376199999	0.6125
505.956727899999	0.6125
505.9733606	0.6125
505.9902408	0.6125
506.0067431	0.6125
506.023769699999	0.6125
506.0401194	0.6125
506.0564366	0.6125
506.073393299999	0.6125
506.0898227	0.6125
506.106728999999	0.6125
506.1234694	0.6125
506.1401207	0.6125
506.1564291	0.6125
506.1733256	0.6125
506.1903077	0.6125
506.2066982	0.6125
506.2234509	0.6125
506.240116399999	0.6125
506.256850399999	0.6125
506.2731157	0.6125
506.2904554	0.6125
506.306596799999	0.6125
506.3234192	0.6125
506.3399482	0.6125
506.3566726	0.6125
506.373565399999	0.6125
506.390329899999	0.6125
506.406588299999	0.6125
506.423566099999	0.6125
506.4400866	0.6125
506.4568534	0.6125
506.4734068	0.6125
506.4900467	0.6125
506.5067014	0.6125
506.523012199999	0.6125
506.5401084	0.6125
506.5566578	0.6125
506.573096499999	0.6125
506.590311999999	0.6125
506.606454399999	0.6125
506.6239148	0.6125
506.640179399999	0.6125
506.6564684	0.6125
506.673074099999	0.6125
506.690017299999	0.6125
506.706676199999	0.6125
506.723512	0.6125
506.739877	0.6125
506.7563493	0.6125
506.773631499999	0.6125
506.7900223	0.6125
506.8066577	0.6125
506.8236589	0.6125
506.8402166	0.6125
506.856475299999	0.6125
506.873393399999	0.6125
506.890164599999	0.6125
506.9067294	0.6125
506.923802599999	0.6125
506.9400858	0.6125
506.9564997	0.6125
506.9733928	0.6125
506.9902453	0.6125
507.0066791	0.6125
507.023568899999	0.6125
507.040320499999	0.6125
507.056698099999	0.6125
507.0736466	0.6125
507.0897305	0.6125
507.1067451	0.6125
507.123214699999	0.6125
507.1401667	0.6125
507.1566819	0.6125
507.1736101	0.6125
507.1902461	0.6125
507.2063074	0.6125
507.2235101	0.6125
507.2402028	0.6125
507.2567215	0.6125
507.2730384	0.6125
507.290007899999	0.6125
507.3066358	0.6125
507.3234637	0.6125
507.3400858	0.6125
507.3563901	0.6125
507.373062899999	0.6125
507.390102699999	0.6125
507.4067043	0.6125
507.423607299999	0.6125
507.4402959	0.6125
507.4568818	0.6125
507.473857499999	0.6125
507.490239299999	0.6125
507.5069619	0.6125
507.5236686	0.6125
507.5399946	0.6125
507.5567142	0.6125
507.5738235	0.6125
507.590387099999	0.6125
507.606671099999	0.6125
507.6236793	0.6125
507.639781899999	0.6125
507.6563989	0.6125
507.6734122	0.6125
507.6897159	0.6125
507.706590899999	0.6125
507.723291099999	0.6125
507.740126899999	0.6125
507.756690599999	0.6125
507.7734174	0.6125
507.790016	0.6125
507.806752699999	0.6125
507.823534599999	0.6125
507.840199099999	0.6125
507.856711199999	0.6125
507.873294499999	0.6125
507.8899649	0.6125
507.906311399999	0.6125
507.923270099999	0.6125
507.9401229	0.6125
507.956877799999	0.6125
507.973074099999	0.6125
507.9899754	0.6125
508.006971999999	0.6125
508.0237468	0.6125
508.040131799999	0.6125
508.056575899999	0.6125
508.0737781	0.6125
508.0899499	0.6125
508.1064823	0.6125
508.1235959	0.6125
508.139901799999	0.6125
508.1565102	0.6125
508.1733472	0.6125
508.189960899999	0.6125
508.206663499999	0.6125
508.223207	0.6125
508.2399754	0.6125
508.256721899999	0.6125
508.2730938	0.6125
508.2899874	0.6125
508.306575199999	0.6125
508.323480499999	0.6125
508.340032599999	0.6125
508.356685899999	0.6125
508.373798799999	0.6125
508.3902689	0.6125
508.4067538	0.6125
508.4233767	0.6125
508.439958399999	0.6125
508.4564443	0.6125
508.473230299999	0.6125
508.489951199999	0.6125
508.5067223	0.6125
508.523305299999	0.6125
508.540268	0.6125
508.556918599999	0.6125
508.5733959	0.6125
508.5897479	0.6125
508.6069625	0.6125
508.623331399999	0.6125
508.639899999999	0.6125
508.656469199999	0.6125
508.673603699999	0.6125
508.6899077	0.6125
508.706471699999	0.6125
508.7235494	0.6125
508.740164999999	0.6125
508.756607699999	0.6125
508.773228499999	0.6125
508.789998499999	0.6125
508.8068005	0.6125
508.8232733	0.6125
508.840157299999	0.6125
508.856668799999	0.6125
508.8731951	0.6125
508.889853799999	0.6125
508.906550799999	0.6125
508.923421699999	0.6125
508.940100399999	0.6125
508.9567214	0.6125
508.9734419	0.6125
508.9901769	0.6125
509.0067959	0.6125
509.0233479	0.6125
509.040056999999	0.6125
509.0566689	0.6125
509.0732357	0.6125
509.089909599999	0.6125
509.1063974	0.6125
509.1234317	0.6125
509.1397928	0.6125
509.156448899999	0.6125
509.173064	0.6125
509.1900458	0.6125
509.2067135	0.6125
509.2236009	0.6125
509.240063699999	0.6125
509.2566018	0.6125
509.273268999999	0.6125
509.2898981	0.6125
509.3064681	0.6125
509.3235968	0.6125
509.3400358	0.6125
509.3564884	0.6125
509.3731601	0.6125
509.3900611	0.6125
509.406681199999	0.6125
509.423529799999	0.6125
509.440197999999	0.6125
509.4567006	0.6125
509.473045	0.6125
509.489997299999	0.6125
509.5066375	0.6125
509.523444099999	0.6125
509.5400615	0.6125
509.5566426	0.6125
509.5732527	0.6125
509.590038699999	0.6125
509.606690099999	0.6125
509.6234501	0.6125
509.640043099999	0.6125
509.656337199999	0.6125
509.6729317	0.6125
509.689692899999	0.6125
509.706400399999	0.6125
509.7236225	0.6125
509.7398562	0.6125
509.7568162	0.6125
509.773104399999	0.6125
509.7897471	0.6125
509.806871899999	0.6125
509.8232996	0.6125
509.840167099999	0.6125
509.856495599999	0.6125
509.8734656	0.6125
509.8900226	0.6125
509.906773	0.6125
509.9233784	0.6125
509.9401647	0.6125
509.956427499999	0.6125
509.972991299999	0.6125
509.990104799999	0.6125
510.0066725	0.6125
510.0236202	0.6125
510.0396855	0.6125
510.0567007	0.6125
510.0730107	0.6125
510.0896606	0.6125
510.106613399999	0.6125
510.1233809	0.6125
510.140001899999	0.6125
510.1566679	0.6125
510.1730769	0.6125
510.189755799999	0.6125
510.206620399999	0.6125
510.223580899999	0.6125
510.2398642	0.6125
510.256936999999	0.6125
510.2728847	0.6125
510.2897551	0.6125
510.3070331	0.6125
510.3232523	0.6125
510.3408326	0.6125
510.3564435	0.6125
510.373258799999	0.6125
510.389980499999	0.6125
510.4068112	0.6125
510.4236114	0.6125
510.4399386	0.6125
510.456550399999	0.6125
510.473446499999	0.6125
510.489898399999	0.6125
510.506708899999	0.6125
510.523437899999	0.6125
510.5395093	0.6125
510.5565939	0.6125
510.572991499999	0.6125
510.5900346	0.6125
510.6066593	0.6125
510.624085099999	0.6125
510.6400206	0.6125
510.656541799999	0.6125
510.6731111	0.6125
510.6900188	0.6125
510.7062453	0.6125
510.7234922	0.6125
510.739922899999	0.6125
510.7561858	0.6125
510.7742368	0.6125
510.7898821	0.6125
510.806107699999	0.6125
510.823450999999	0.6125
510.840031	0.6125
510.856248999999	0.6125
510.8732888	0.6125
510.8896392	0.6125
510.9067123	0.6125
510.923059299999	0.6125
510.939928399999	0.6125
510.956508699999	0.6125
510.9734942	0.6125
510.9894716	0.6125
511.0064249	0.6125
511.0235871	0.6125
511.0399429	0.6125
511.0566209	0.6125
511.0732423	0.6125
511.0894945	0.6125
511.106658	0.6125
511.1232039	0.6125
511.139497499999	0.6125
511.156404799999	0.6125
511.173102199999	0.6125
511.1900626	0.6125
511.206368499999	0.6125
511.2234621	0.6125
511.239420499999	0.6125
511.256646999999	0.6125
511.273288799999	0.6125
511.2911065	0.6125
511.3066709	0.6125
511.3233083	0.6125
511.3400895	0.6125
511.356177899999	0.6125
511.373030899999	0.6125
511.389855199999	0.6125
511.4064116	0.6125
511.423274999999	0.6125
511.439785	0.6125
511.4569772	0.6125
511.4732906	0.6125
511.4893772	0.6125
511.5068126	0.6125
511.5236602	0.6125
511.5407375	0.6125
511.5566663	0.6125
511.573216399999	0.6125
511.5896219	0.6125
511.606568499999	0.6125
511.623209099999	0.6125
511.639614999999	0.6125
511.6567944	0.6125
511.673088899999	0.6125
511.6894378	0.6125
511.706671899999	0.6125
511.723257	0.6125
511.7396039	0.6125
511.7565946	0.6125
511.7733475	0.6125
511.789976499999	0.6125
511.8063341	0.6125
511.8233696	0.6125
511.8395148	0.6125
511.8563724	0.6125
511.873378099999	0.6125
511.889453399999	0.6125
511.906617899999	0.6125
511.9234577	0.6125
511.9396976	0.6125
511.956529399999	0.6125
511.972821099999	0.6125
511.9894304	0.6125
512.0067825	0.6125
512.0235475	0.6125
512.0396587	0.6125
512.056575899999	0.6125
512.073455999999	0.6125
512.0896868	0.6125
512.106831499999	0.6125
512.1231934	0.6125
512.1393364	0.6125
512.1565968	0.6125
512.173623799999	0.6125
512.189731199999	0.6125
512.206474799999	0.6125
512.2232226	0.6125
512.240185	0.6125
512.2565127	0.6125
512.273142999999	0.6125
512.2897543	0.6125
512.3069213	0.6125
512.323175799999	0.6125
512.3397343	0.6125
512.356363	0.6125
512.3735037	0.6125
512.389381999999	0.6125
512.4064813	0.6125
512.4235399	0.6125
512.439978699999	0.6125
512.4568203	0.6125
512.473274499999	0.6125
512.4897444	0.6125
512.5064489	0.6125
512.5237674	0.6125
512.539513199999	0.6125
512.5566061	0.6125
512.5734446	0.6125
512.5893129	0.6125
512.6067008	0.6125
512.62331	0.6125
512.639679399999	0.6125
512.656391899999	0.6125
512.6732794	0.6125
512.689795499999	0.6125
512.7068573	0.6125
512.723284299999	0.6125
512.7394095	0.6125
512.75675	0.6125
512.7730457	0.6125
512.7896556	0.6125
512.8065504	0.6125
512.823399299999	0.6125
512.839795399999	0.6125
512.856397899999	0.6125
512.873260099999	0.6125
512.8904361	0.6125
512.906622699999	0.6125
512.923328299999	0.6125
512.9397715	0.6125
512.956587299999	0.6125
512.9731833	0.6125
512.9897345	0.6125
513.0065243	0.6125
513.023268299999	0.6125
513.039236799999	0.6125
513.056718399999	0.6125
513.0730598	0.6125
513.089733399999	0.6125
513.1066597	0.6125
513.123468399999	0.6125
513.1395334	0.6125
513.156886999999	0.6125
513.1730613	0.6125
513.1897131	0.6125
513.206694	0.6125
513.223482599999	0.6125
513.2398066	0.6125
513.256691899999	0.6125
513.272882699999	0.6125
513.289478299999	0.6125
513.3066119	0.6125
513.3231449	0.6125
513.339635099999	0.6125
513.356714799999	0.6125
513.3732464	0.6125
513.3895711	0.6125
513.4066496	0.6125
513.423253399999	0.6125
513.439931299999	0.6125
513.4564156	0.6125
513.472895299999	0.6125
513.4896823	0.6125
513.506514	0.6125
513.523003699999	0.6125
513.5399054	0.6125
513.556257099999	0.6125
513.573445499999	0.6125
513.5900149	0.6125
513.606496099999	0.6125
513.623113199999	0.6125
513.639684	0.6125
513.657198499999	0.6125
513.673187799999	0.6125
513.6897492	0.6125
513.706706	0.6125
513.723155299999	0.6125
513.7393242	0.6125
513.7565096	0.6125
513.7731403	0.6125
513.789765799999	0.6125
513.806364999999	0.6125
513.8231423	0.6125
513.840009299999	0.6125
513.8562757	0.6125
513.8732473	0.6125
513.890796	0.6125
513.9064266	0.6125
513.9232961	0.6125
513.9398351	0.6125
513.9566618	0.6125
513.973196399999	0.6125
513.989908699999	0.6125
514.006669699999	0.6125
514.0230419	0.6125
514.0402846	0.6125
514.0565799	0.6125
514.073931	0.6125
514.092642899999	0.6125
514.1073516	0.6125
514.122991499999	0.6125
514.1417388	0.6125
514.1561858	0.6125
514.1732723	0.6125
514.1891701	0.6125
514.206413999999	0.6125
514.222762099999	0.6125
514.2398263	0.6125
514.256595399999	0.6125
514.272848799999	0.6125
514.289513799999	0.6125
514.306634099999	0.6125
514.3233634	0.6125
514.339826099999	0.6125
514.3562094	0.6125
514.372988399999	0.6125
514.389298399999	0.6125
514.406748799999	0.6125
514.422947399999	0.6125
514.439952	0.6125
514.4569113	0.6125
514.473042699999	0.6125
514.489815999999	0.6125
514.506442499999	0.6125
514.523256699999	0.6125
514.539599799999	0.6125
514.556565999999	0.6125
514.5727873	0.6125
514.5897785	0.6125
514.6066673	0.6125
514.622864	0.6125
514.639744599999	0.6125
514.656249799999	0.6125
514.673214199999	0.6125
514.6897676	0.6125
514.706426999999	0.6125
514.7230046	0.6125
514.7397796	0.6125
514.7564371	0.6125
514.7736028	0.6125
514.789720399999	0.6125
514.806540299999	0.6125
514.8230796	0.6125
514.8395277	0.6125
514.8568477	0.6125
514.8729518	0.6125
514.8895484	0.6125
514.9067074	0.6125
514.9228839	0.6125
514.939777799999	0.6125
514.9564751	0.6125
514.9731144	0.6125
514.989914	0.6125
515.006778	0.6125
515.0232146	0.6125
515.0398374	0.6125
515.056562299999	0.6125
515.072802999999	0.6125
515.089645399999	0.6125
515.106473	0.6125
515.123124199999	0.6125
515.139833699999	0.6125
515.1562527	0.6125
515.173189499999	0.6125
515.1898211	0.6125
515.2064696	0.6125
515.223260799999	0.6125
515.2397181	0.6125
515.256144	0.6125
515.2732251	0.6125
515.289823599999	0.6125
515.3066989	0.6125
515.322999999999	0.6125
515.3397485	0.6125
515.3565063	0.6125
515.3729422	0.6125
515.390273499999	0.6125
515.4066372	0.6125
515.4232562	0.6125
515.4400428	0.6125
515.4566078	0.6125
515.473795399999	0.6125
515.489357599999	0.6125
515.506108199999	0.6125
515.5232705	0.6125
515.539395199999	0.6125
515.5564244	0.6125
515.5731294	0.6125
515.5898171	0.6125
515.6064597	0.6125
515.6231081	0.6125
515.6398131	0.6125
515.6564776	0.6125
515.673139	0.6125
515.689413499999	0.6125
515.706404699999	0.6125
515.723405399999	0.6125
515.7399612	0.6125
515.756240999999	0.6125
515.7728504	0.6125
515.7896701	0.6125
515.8062911	0.6125
515.823354499999	0.6125
515.839788699999	0.6125
515.856322	0.6125
515.8731658	0.6125
515.889807699999	0.6125
515.906242499999	0.6125
515.9227936	0.6125
515.9396677	0.6125
515.956577499999	0.6125
515.9727175	0.6125
515.9896137	0.6125
516.0065165	0.6125
516.022955799999	0.6125
516.0396775	0.6125
516.0562142	0.6125
516.0756446	0.6125
516.089349399999	0.6125
516.1064146	0.6125
516.1232303	0.6125
516.1398064	0.6125
516.156669399999	0.6125
516.173433	0.6125
516.1897817	0.6125
516.2063418	0.6125
516.223057499999	0.6125
516.239962299999	0.6125
516.2563818	0.6125
516.2727428	0.6125
516.2895444	0.6125
516.3065793	0.6125
516.3230262	0.6125
516.3398714	0.6125
516.3562606	0.6125
516.3729668	0.6125
516.389708899999	0.6125
516.406309499999	0.6125
516.423149099999	0.6125
516.439818899999	0.6125
516.456095899999	0.6125
516.4729553	0.6125
516.4897667	0.6125
516.5064164	0.6125
516.522955699999	0.6125
516.539235499999	0.6125
516.5565142	0.6125
516.5732276	0.6125
516.5896604	0.6125
516.606266199999	0.6125
516.6229587	0.6125
516.6393761	0.6125
516.656349	0.6125
516.673120599999	0.6125
516.690717199999	0.6125
516.706607399999	0.6125
516.723260199999	0.6125
516.739604599999	0.6125
516.7562338	0.6125
516.7733167	0.6125
516.789954499999	0.6125
516.8066074	0.6125
516.822984099999	0.6125
516.8400751	0.6125
516.856335199999	0.6125
516.8731308	0.6125
516.890282599999	0.6125
516.906345799999	0.6125
516.9231009	0.6125
516.939963999999	0.6125
516.9560837	0.6125
516.9732925	0.6125
516.9904318	0.6125
517.0062799	0.6125
517.0234351	0.6125
517.0395196	0.6125
517.056401999999	0.6125
517.072901699999	0.6125
517.0897507	0.6125
517.1064957	0.6125
517.1233057	0.6125
517.139782499999	0.6125
517.156718699999	0.6125
517.173167999999	0.6125
517.189404399999	0.6125
517.206259699999	0.6125
517.223191399999	0.6125
517.239694899999	0.6125
517.256354599999	0.6125
517.2729571	0.6125
517.2900431	0.6125
517.306401299999	0.6125
517.3226728	0.6125
517.339872	0.6125
517.3563964	0.6125
517.3733103	0.6125
517.3896439	0.6125
517.406469099999	0.6125
517.4230639	0.6125
517.439852099999	0.6125
517.4562695	0.6125
517.4731763	0.6125
517.4896989	0.6125
517.5064451	0.6125
517.522925499999	0.6125
517.5401475	0.6125
517.556429599999	0.6125
517.5724439	0.6125
517.589612	0.6125
517.606278499999	0.6125
517.6232629	0.6125
517.639705	0.6125
517.656311	0.6125
517.673045099999	0.6125
517.689691099999	0.6125
517.706140499999	0.6125
517.722819899999	0.6125
517.739647599999	0.6125
517.756014299999	0.6125
517.772956899999	0.6125
517.7891746	0.6125
517.8065256	0.6125
517.823116099999	0.6125
517.8401079	0.6125
517.8562567	0.6125
517.8732064	0.6125
517.8900753	0.6125
517.9064541	0.6125
517.9230343	0.6125
517.939828699999	0.6125
517.956425099999	0.6125
517.973470899999	0.6125
517.989896399999	0.6125
518.0062972	0.6125
518.023017799999	0.6125
518.039346199999	0.6125
518.056129	0.6125
518.0733505	0.6125
518.089535399999	0.6125
518.106221999999	0.6125
518.1228814	0.6125
518.139956399999	0.6125
518.15634	0.6125
518.173050099999	0.6125
518.189729999999	0.6125
518.206436799999	0.6125
518.222878699999	0.6125
518.2393426	0.6125
518.256444199999	0.6125
518.272906499999	0.6125
518.289725799999	0.6125
518.306638999999	0.6125
518.3227252	0.6125
518.339898099999	0.6125
518.3562573	0.6125
518.3729017	0.6125
518.390176999999	0.6125
518.4064297	0.6125
518.4228631	0.6125
518.440037599999	0.6125
518.456448299999	0.6125
518.4730817	0.6125
518.4897198	0.6125
518.5063682	0.6125
518.522486499999	0.6125
518.5401137	0.6125
518.556048199999	0.6125
518.5730403	0.6125
518.590181	0.6125
518.6063858	0.6125
518.622492799999	0.6125
518.6396841	0.6125
518.6564583	0.6125
518.6729111	0.6125
518.6895484	0.6125
518.7060551	0.6125
518.722805699999	0.6125
518.739769999999	0.6125
518.7560408	0.6125
518.7726063	0.6125
518.7894209	0.6125
518.8062689	0.6125
518.8228817	0.6125
518.8397835	0.6125
518.8563189	0.6125
518.873207899999	0.6125
518.889851499999	0.6125
518.906317499999	0.6125
518.922867599999	0.6125
518.9393395	0.6125
518.9563019	0.6125
518.972884	0.6125
518.989746599999	0.6125
519.0066265	0.6125
519.0232202	0.6125
519.0394927	0.6125
519.0565074	0.6125
519.072965599999	0.6125
519.0896618	0.6125
519.1063743	0.6125
519.122840499999	0.6125
519.139393699999	0.6125
519.156261499999	0.6125
519.173234399999	0.6125
519.1897634	0.6125
519.2065613	0.6125
519.2229443	0.6125
519.2397059	0.6125
519.256450299999	0.6125
519.272830399999	0.6125
519.2899713	0.6125
519.306380499999	0.6125
519.3228788	0.6125
519.33976	0.6125
519.356235499999	0.6125
519.3727297	0.6125
519.3898603	0.6125
519.405945199999	0.6125
519.422612099999	0.6125
519.439948699999	0.6125
519.456904299999	0.6125
519.4729184	0.6125
519.4892593	0.6125
519.5067842	0.6125
519.5228189	0.6125
519.539679	0.6125
519.5581016	0.6125
519.5732579	0.6125
519.5894653	0.6125
519.6062499	0.6125
519.622676	0.6125
519.640090399999	0.6125
519.6565653	0.6125
519.6728981	0.6125
519.6897578	0.6125
519.706530199999	0.6125
519.723319999999	0.6125
519.739657599999	0.6125
519.756167099999	0.6125
519.773053499999	0.6125
519.789229499999	0.6125
519.8065098	0.6125
519.8225458	0.6125
519.839631299999	0.6125
519.85621	0.6125
519.8728591	0.6125
519.8894174	0.6125
519.9066114	0.6125
519.9231486	0.6125
519.939699299999	0.6125
519.9559448	0.6125
519.972945799999	0.6125
519.989600399999	0.6125
520.006424699999	0.6125
520.023249899999	0.6125
520.0394154	0.6125
520.0562616	0.6125
520.072564599999	0.6125
520.0894032	0.6125
520.1063144	0.6125
520.1224985	0.6125
520.139682499999	0.6125
520.156266399999	0.6125
520.172631099999	0.6125
520.1893596	0.6125
520.2062354	0.6125
520.2226163	0.6125
520.2397659	0.6125
520.256342899999	0.6125
520.272530499999	0.6125
520.289760199999	0.6125
520.3067143	0.6125
520.3224235	0.6125
520.339803999999	0.6125
520.3560603	0.6125
520.377418599999	0.6125
520.3898227	0.6125
520.406239899999	0.6125
520.4230675	0.6125
520.4399503	0.6125
520.456257399999	0.6125
520.4725448	0.6125
520.489626099999	0.6125
520.506247699999	0.6125
520.522900299999	0.6125
520.539446899999	0.6125
520.5559029	0.6125
520.5725367	0.6125
520.5896164	0.6125
520.60622	0.6125
520.6225065	0.6125
520.6398327	0.6125
520.656289899999	0.6125
520.6727893	0.6125
520.6895349	0.6125
520.706394299999	0.6125
520.722518199999	0.6125
520.739167999999	0.6125
520.7563209	0.6125
520.772465599999	0.6125
520.789806299999	0.6125
520.8062314	0.6125
520.8228334	0.6125
520.839807799999	0.6125
520.8563435	0.6125
520.8727411	0.6125
520.8894494	0.6125
520.9064553	0.6125
520.9228488	0.6125
520.9397105	0.6125
520.956077	0.6125
520.9724953	0.6125
520.9898963	0.6125
521.006477499999	0.6125
521.022485099999	0.6125
521.0397107	0.6125
521.0561681	0.6125
521.0723345	0.6125
521.0894954	0.6125
521.1062954	0.6125
521.1225809	0.6125
521.1397115	0.6125
521.156166999999	0.6125
521.172855399999	0.6125
521.189806699999	0.6125
521.206268	0.6125
521.222561899999	0.6125
521.239387099999	0.6125
521.2562141	0.6125
521.272753499999	0.6125
521.2893912	0.6125
521.306341799999	0.6125
521.3224255	0.6125
521.3398296	0.6125
521.3562582	0.6125
521.372488399999	0.6125
521.389856399999	0.6125
521.4061998	0.6125
521.422574699999	0.6125
521.4395344	0.6125
521.456209999999	0.6125
521.4724557	0.6125
521.4898531	0.6125
521.5065638	0.6125
521.5225045	0.6125
521.5396351	0.6125
521.5558038	0.6125
521.5724346	0.6125
521.589606799999	0.6125
521.6060775	0.6125
521.622822699999	0.6125
521.6396244	0.6125
521.6562427	0.6125
521.6724864	0.6125
521.6896166	0.6125
521.7061305	0.6125
521.722466499999	0.6125
521.7393164	0.6125
521.7561288	0.6125
521.772504899999	0.6125
521.789418099999	0.6125
521.8063158	0.6125
521.8227878	0.6125
521.8397022	0.6125
521.8561844	0.6125
521.872433199999	0.6125
521.889689099999	0.6125
521.906236299999	0.6125
521.922857	0.6125
521.939588099999	0.6125
521.9560942	0.6125
521.9774209	0.6125
521.9890355	0.6125
522.0061164	0.6125
522.0227636	0.6125
522.039546999999	0.6125
522.055963199999	0.6125
522.0728948	0.6125
522.089392399999	0.6125
522.1066543	0.6125
522.122694799999	0.6125
522.1396145	0.6125
522.1561518	0.6125
522.172531599999	0.6125
522.189555999999	0.6125
522.206410299999	0.6125
522.2225774	0.6125
522.2391768	0.6125
522.256267	0.6125
522.2728288	0.6125
522.2896986	0.6125
522.306211499999	0.6125
522.3229296	0.6125
522.339254	0.6125
522.3557413	0.6125
522.3731792	0.6125
522.389922699999	0.6125
522.406572499999	0.6125
522.4227476	0.6125
522.439247699999	0.6125
522.455945799999	0.6125
522.4728522	0.6125
522.489517399999	0.6125
522.506263699999	0.6125
522.5225108	0.6125
522.5394718	0.6125
522.556185799999	0.6125
522.572992699999	0.6125
522.589591499999	0.6125
522.6063999	0.6125
522.622549999999	0.6125
522.6397271	0.6125
522.656467899999	0.6125
522.6726221	0.6125
522.689264199999	0.6125
522.7060489	0.6125
522.723050099999	0.6125
522.739462199999	0.6125
522.756159199999	0.6125
522.7727975	0.6125
522.789675	0.6125
522.805970599999	0.6125
522.8227521	0.6125
522.8396188	0.6125
522.8562004	0.6125
522.872753299999	0.6125
522.8896146	0.6125
522.906330399999	0.6125
522.9227229	0.6125
522.9396454	0.6125
522.956289299999	0.6125
522.9727734	0.6125
522.9895282	0.6125
523.006074399999	0.6125
523.0227913	0.6125
523.0395204	0.6125
523.055958	0.6125
523.072837399999	0.6125
523.0894983	0.6125
523.1061867	0.6125
523.1224476	0.6125
523.1397388	0.6125
523.156070399999	0.6125
523.172847999999	0.6125
523.1897868	0.6125
523.206136	0.6125
523.222664399999	0.6125
523.2395484	0.6125
523.255906699999	0.6125
523.2730483	0.6125
523.289402799999	0.6125
523.3058353	0.6125
523.323061999999	0.6125
523.339252899999	0.6125
523.3559889	0.6125
523.3727886	0.6125
523.389240699999	0.6125
523.4061075	0.6125
523.4223354	0.6125
523.4392849	0.6125
523.455946999999	0.6125
523.4723975	0.6125
523.4894601	0.6125
523.5063057	0.6125
523.5228904	0.6125
523.5395192	0.6125
523.555903699999	0.6125
523.5730274	0.6125
523.589564899999	0.6125
523.606102399999	0.6125
523.622412299999	0.6125
523.6399813	0.6125
523.6560989	0.6125
523.6728636	0.6125
523.689440499999	0.6125
523.706076199999	0.6125
523.722834499999	0.6125
523.739673499999	0.6125
523.7563031	0.6125
523.772848799999	0.6125
523.789464699999	0.6125
523.806128699999	0.6125
523.822813299999	0.6125
523.839196299999	0.6125
523.856008399999	0.6125
523.8728125	0.6125
523.8895023	0.6125
523.9062865	0.6125
523.922656	0.6125
523.939498799999	0.6125
523.956087	0.6125
523.972709199999	0.6125
523.9896887	0.6125
524.006237099999	0.6125
524.0228196	0.6125
524.039483799999	0.6125
524.056318399999	0.6125
524.0727197	0.6125
524.0891236	0.6125
524.106067999999	0.6125
524.122794	0.6125
524.139248199999	0.6125
524.1559282	0.6125
524.1723917	0.6125
524.189536	0.6125
524.206052699999	0.6125
524.2223925	0.6125
524.239515599999	0.6125
524.2560619	0.6125
524.2729436	0.6125
524.289463599999	0.6125
524.306247199999	0.6125
524.3227431	0.6125
524.339138099999	0.6125
524.3560394	0.6125
524.3728692	0.6125
524.389155499999	0.6125
524.406066099999	0.6125
524.422848699999	0.6125
524.439358099999	0.6125
524.4560641	0.6125
524.472573	0.6125
524.489448699999	0.6125
524.5059468	0.6125
524.524175699999	0.6125
524.5394116	0.6125
524.5559693	0.6125
524.5727129	0.6125
524.589110499999	0.6125
524.6059681	0.6125
524.622711399999	0.6125
524.6391575	0.6125
524.6557335	0.6125
524.6727163	0.6125
524.6895402	0.6125
524.705932499999	0.6125
524.722752	0.6125
524.7393278	0.6125
524.755912799999	0.6125
524.772424999999	0.6125
524.7890069	0.6125
524.805909799999	0.6125
524.8227682	0.6125
524.839486299999	0.6125
524.8560306	0.6125
524.8729586	0.6125
524.8898273	0.6125
524.9060442	0.6125
524.922932799999	0.6125
524.9394434	0.6125
524.955814899999	0.6125
524.972793499999	0.6125
524.9892568	0.6125
525.006086799999	0.6125
525.022423799999	0.6125
525.0395368	0.6125
525.055958299999	0.6125
525.0724572	0.6125
525.089122599999	0.6125
525.1059675	0.6125
525.1230104	0.6125
525.1399647	0.6125
525.155821099999	0.6125
525.1730031	0.6125
525.189296099999	0.6125
525.206286099999	0.6125
525.2227796	0.6125
525.239670999999	0.6125
525.256107699999	0.6125
525.272808399999	0.6125
525.2893945	0.6125
525.305984	0.6125
525.3223405	0.6125
525.339428599999	0.6125
525.356235599999	0.6125
525.372987299999	0.6125
525.3897448	0.6125
525.405671699999	0.6125
525.4226528	0.6125
525.4396547	0.6125
525.455927499999	0.6125
525.4723476	0.6125
525.4894362	0.6125
525.5061201	0.6125
525.5228565	0.6125
525.5394257	0.6125
525.555671599999	0.6125
525.572809499999	0.6125
525.589439599999	0.6125
525.6058771	0.6125
525.6229355	0.6125
525.639626599999	0.6125
525.656244899999	0.6125
525.6728392	0.6125
525.6895102	0.6125
525.7061894	0.6125
525.7226763	0.6125
525.739463	0.6125
525.7560199	0.6125
525.7729952	0.6125
525.789437199999	0.6125
525.8056129	0.6125
525.8223484	0.6125
525.8395756	0.6125
525.855575699999	0.6125
525.872883999999	0.6125
525.889568099999	0.6125
525.9059846	0.6125
525.9227838	0.6125
525.939396199999	0.6125
525.956174499999	0.6125
525.972390899999	0.6125
525.989350399999	0.6125
526.0059506	0.6125
526.0229922	0.6125
526.039153399999	0.6125
526.056046799999	0.6125
526.0729218	0.6125
526.0895929	0.6125
526.106119499999	0.6125
526.1228438	0.6125
526.139610099999	0.6125
526.1560831	0.6125
526.172669799999	0.6125
526.189360099999	0.6125
526.205764599999	0.6125
526.2227692	0.6125
526.2392346	0.6125
526.255969999999	0.6125
526.2729597	0.6125
526.2896157	0.6125
526.306513899999	0.6125
526.3229655	0.6125
526.339721099999	0.6125
526.355955599999	0.6125
526.3727291	0.6125
526.3892914	0.6125
526.4060223	0.6125
526.4221453	0.6125
526.439028199999	0.6125
526.455909699999	0.6125
526.4728501	0.6125
526.4896633	0.6125
526.5063469	0.6125
526.5225492	0.6125
526.539210999999	0.6125
526.5559367	0.6125
526.572827399999	0.6125
526.5893778	0.6125
526.6060585	0.6125
526.6223002	0.6125
526.6394567	0.6125
526.6559235	0.6125
526.672776199999	0.6125
526.689603	0.6125
526.706270899999	0.6125
526.7225873	0.6125
526.7392561	0.6125
526.756009799999	0.6125
526.7728892	0.6125
526.789438399999	0.6125
526.8061957	0.6125
526.822958199999	0.6125
526.8392342	0.6125
526.855634899999	0.6125
526.872944999999	0.6125
526.889005	0.6125
526.905967199999	0.6125
526.9228281	0.6125
526.9396743	0.6125
526.955916	0.6125
526.972822399999	0.6125
526.9894729	0.6125
527.00606	0.6125
527.0222054	0.6125
527.039656999999	0.6125
527.055762999999	0.6125
527.073186299999	0.6125
527.089437799999	0.6125
527.1058703	0.6125
527.1224839	0.6125
527.1395518	0.6125
527.155883099999	0.6125
527.1722547	0.6125
527.189519199999	0.6125
527.2058836	0.6125
527.2223908	0.6125
527.239073	0.6125
527.2558738	0.6125
527.2730401	0.6125
527.2893403	0.6125
527.3061436	0.6125
527.322831099999	0.6125
527.339618	0.6125
527.355946899999	0.6125
527.372821399999	0.6125
527.389538799999	0.6125
527.405894899999	0.6125
527.4224685	0.6125
527.4388291	0.6125
527.456061399999	0.6125
527.472504599999	0.6125
527.4894439	0.6125
527.506304699999	0.6125
527.5228983	0.6125
527.5393987	0.6125
527.5557567	0.6125
527.5729961	0.6125
527.5894264	0.6125
527.606195699999	0.6125
527.6224163	0.6125
527.6391365	0.6125
527.655984399999	0.6125
527.672891099999	0.6125
527.6891234	0.6125
527.7059093	0.6125
527.7227968	0.6125
527.7396258	0.6125
527.756049299999	0.6125
527.7729525	0.6125
527.7897434	0.6125
527.8059039	0.6125
527.8229069	0.6125
527.839260299999	0.6125
527.855921699999	0.6125
527.872493	0.6125
527.8892238	0.6125
527.9057438	0.6125
527.922472599999	0.6125
527.9390337	0.6125
527.9556778	0.6125
527.9726009	0.6125
527.989196099999	0.6125
528.0059071	0.6125
528.022446399999	0.6125
528.0388612	0.6125
528.0554293	0.6125
528.073016699999	0.6125
528.089302799999	0.6125
528.1060123	0.6125
528.1224315	0.6125
528.138809599999	0.6125
528.1557441	0.6125
528.172837599999	0.6125
528.189308499999	0.6125
528.2059942	0.6125
528.222540299999	0.6125
528.2400122	0.6125
528.255950899999	0.6125
528.272720999999	0.6125
528.2895239	0.6125
528.306198499999	0.6125
528.3227953	0.6125
528.3388194	0.6125
528.356124899999	0.6125
528.3724839	0.6125
528.388884	0.6125
528.4058424	0.6125
528.422857199999	0.6125
528.439245	0.6125
528.4558775	0.6125
528.472478899999	0.6125
528.4895152	0.6125
528.5059997	0.6125
528.522471499999	0.6125
528.539262499999	0.6125
528.555905499999	0.6125
528.5727293	0.6125
528.589024999999	0.6125
528.6059286	0.6125
528.622773999999	0.6125
528.6395389	0.6125
528.656173099999	0.6125
528.6726941	0.6125
528.6894949	0.6125
528.7063369	0.6125
528.7227684	0.6125
528.7396364	0.6125
528.756431999999	0.6125
528.7727767	0.6125
528.789459	0.6125
528.805633499999	0.6125
528.8227419	0.6125
528.8394669	0.6125
528.855734799999	0.6125
528.8723923	0.6125
528.8890151	0.6125
528.905459099999	0.6125
528.9225533	0.6125
528.9396498	0.6125
528.955916399999	0.6125
528.972831499999	0.6125
528.989499599999	0.6125
529.0060758	0.6125
529.022732799999	0.6125
529.039363399999	0.6125
529.0559297	0.6125
529.072719999999	0.6125
529.089347399999	0.6125
529.105822799999	0.6125
529.1227043	0.6125
529.139512	0.6125
529.1558264	0.6125
529.172457299999	0.6125
529.1895319	0.6125
529.2055099	0.6125
529.222865399999	0.6125
529.239156899999	0.6125
529.2558315	0.6125
529.2726936	0.6125
529.2893538	0.6125
529.305727299999	0.6125
529.322689	0.6125
529.339422399999	0.6125
529.3561487	0.6125
529.372958999999	0.6125
529.3892025	0.6125
529.4057827	0.6125
529.4225582	0.6125
529.4395176	0.6125
529.455907699999	0.6125
529.472631299999	0.6125
529.489128099999	0.6125
529.506086099999	0.6125
529.5228149	0.6125
529.5392296	0.6125
529.555734299999	0.6125
529.572733399999	0.6125
529.5893172	0.6125
529.605986299999	0.6125
529.6229611	0.6125
529.639307699999	0.6125
529.6559479	0.6125
529.6726076	0.6125
529.6892032	0.6125
529.7058017	0.6125
529.7224326	0.6125
529.7392728	0.6125
529.755729799999	0.6125
529.7727863	0.6125
529.7890908	0.6125
529.8059902	0.6125
529.8225453	0.6125
529.839415199999	0.6125
529.85557	0.6125
529.8728433	0.6125
529.8896774	0.6125
529.905678599999	0.6125
529.9226334	0.6125
529.938945399999	0.6125
529.9556745	0.6125
529.972733799999	0.6125
529.9892507	0.6125
530.0059181	0.6125
530.0226321	0.6125
530.03903	0.6125
530.055887099999	0.6125
530.0723343	0.6125
530.0895406	0.6125
530.1059243	0.6125
530.122836699999	0.6125
530.139706299999	0.6125
530.155686999999	0.6125
530.172780499999	0.6125
530.1892303	0.6125
530.205875899999	0.6125
530.222591899999	0.6125
530.239240899999	0.6125
530.2561067	0.6125
530.2721907	0.6125
530.2892223	0.6125
530.305510599999	0.6125
530.322819399999	0.6125
530.3392391	0.6125
530.3557482	0.6125
530.3728581	0.6125
530.3894679	0.6125
530.4056905	0.6125
530.422662399999	0.6125
530.4390539	0.6125
530.4557692	0.6125
530.4727263	0.6125
530.489275399999	0.6125
530.5057091	0.6125
530.522163099999	0.6125
530.539078199999	0.6125
530.555919199999	0.6125
530.572514	0.6125
530.5892969	0.6125
530.605670899999	0.6125
530.6225214	0.6125
530.639235199999	0.6125
530.6554793	0.6125
530.6721613	0.6125
530.6893351	0.6125
530.705687299999	0.6125
530.7221473	0.6125
530.7392774	0.6125
530.7554842	0.6125
530.772125099999	0.6125
530.789224499999	0.6125
530.8054606	0.6125
530.8226993	0.6125
530.839231999999	0.6125
530.855723	0.6125
530.872802899999	0.6125
530.889592199999	0.6125
530.9056346	0.6125
530.922817899999	0.6125
530.938603199999	0.6125
530.9556686	0.6125
530.9729017	0.6125
530.9891356	0.6125
531.0057473	0.6125
531.022791699999	0.6125
531.039349	0.6125
531.055632	0.6125
531.0730802	0.6125
531.089334699999	0.6125
531.1057363	0.6125
531.1226633	0.6125
531.1396501	0.6125
531.1557483	0.6125
531.172740999999	0.6125
531.1891491	0.6125
531.205754299999	0.6125
531.2225644	0.6125
531.239183199999	0.6125
531.2557761	0.6125
531.272403399999	0.6125
531.288931999999	0.6125
531.305557	0.6125
531.3224567	0.6125
531.339202599999	0.6125
531.3557327	0.6125
531.372403799999	0.6125
531.3889868	0.6125
531.405793399999	0.6125
531.422913699999	0.6125
531.439138199999	0.6125
531.4557557	0.6125
531.472817499999	0.6125
531.489260099999	0.6125
531.5059499	0.6125
531.5228265	0.6125
531.5393476	0.6125
531.5554555	0.6125
531.573017399999	0.6125
531.5889658	0.6125
531.6053598	0.6125
531.622777899999	0.6125
531.639192799999	0.6125
531.655832799999	0.6125
531.6721394	0.6125
531.689165899999	0.6125
531.705810799999	0.6125
531.7227483	0.6125
531.7394009	0.6125
531.7555281	0.6125
531.7728615	0.6125
531.789080199999	0.6125
531.805629699999	0.6125
531.822526399999	0.6125
531.839129999999	0.6125
531.8555705	0.6125
531.8725546	0.6125
531.8891254	0.6125
531.9055088	0.6125
531.9226098	0.6125
531.9391202	0.6125
531.9559396	0.6125
531.9726609	0.6125
531.988664799999	0.6125
532.006075599999	0.6125
532.0223191	0.6125
532.039309299999	0.6125
532.0554586	0.6125
532.072419399999	0.6125
532.089269399999	0.6125
532.1058605	0.6125
532.1222964	0.6125
532.139221599999	0.6125
532.155712299999	0.6125
532.1722652	0.6125
532.189151899999	0.6125
532.2057679	0.6125
532.2221782	0.6125
532.2391504	0.6125
532.255302299999	0.6125
532.2727379	0.6125
532.2892592	0.6125
532.3056227	0.6125
532.322717999999	0.6125
532.3394529	0.6125
532.3558568	0.6125
532.373082599999	0.6125
532.389672099999	0.6125
532.4057206	0.6125
532.422706599999	0.6125
532.4392658	0.6125
532.455717899999	0.6125
532.472223199999	0.6125
532.4889286	0.6125
532.5057146	0.6125
532.522704	0.6125
532.5392591	0.6125
532.555876699999	0.6125
532.5723472	0.6125
532.588917499999	0.6125
532.6056614	0.6125
532.622717099999	0.6125
532.639460599999	0.6125
532.656021299999	0.6125
532.6725853	0.6125
532.6892087	0.6125
532.705848099999	0.6125
532.7226824	0.6125
532.739004499999	0.6125
532.7557816	0.6125
532.772555199999	0.6125
532.7890062	0.6125
532.806039399999	0.6125
532.822818099999	0.6125
532.8393847	0.6125
532.855245899999	0.6125
532.8722008	0.6125
532.8893141	0.6125
532.905693	0.6125
532.922575799999	0.6125
532.9391129	0.6125
532.955442199999	0.6125
532.972496099999	0.6125
532.988863299999	0.6125
533.005638299999	0.6125
533.022325	0.6125
533.039187699999	0.6125
533.0557199	0.6125
533.0728389	0.6125
533.089048	0.6125
533.105288999999	0.6125
533.122644999999	0.6125
533.1392987	0.6125
533.1555214	0.6125
533.172465199999	0.6125
533.188925799999	0.6125
533.2054733	0.6125
533.222602399999	0.6125
533.238993399999	0.6125
533.255698999999	0.6125
533.272484399999	0.6125
533.2891012	0.6125
533.3061375	0.6125
533.3226018	0.6125
533.3390356	0.6125
533.355827199999	0.6125
533.3722984	0.6125
533.3888259	0.6125
533.4054302	0.6125
533.422702299999	0.6125
533.4388068	0.6125
533.455837799999	0.6125
533.4726501	0.6125
533.4886179	0.6125
533.505449499999	0.6125
533.522556	0.6125
533.5388729	0.6125
533.555785	0.6125
533.572961299999	0.6125
533.589359699999	0.6125
533.6058453	0.6125
533.6223438	0.6125
533.639404	0.6125
533.656250399999	0.6125
533.6725594	0.6125
533.688744599999	0.6125
533.705587599999	0.6125
533.7227384	0.6125
533.7392783	0.6125
533.7558463	0.6125
533.7727827	0.6125
533.7886891	0.6125
533.805724999999	0.6125
533.8226612	0.6125
533.8391972	0.6125
533.8557986	0.6125
533.872270399999	0.6125
533.8891759	0.6125
533.9058319	0.6125
533.922524299999	0.6125
533.939032699999	0.6125
533.955633899999	0.6125
533.9726628	0.6125
533.9890551	0.6125
534.005787999999	0.6125
534.022307599999	0.6125
534.0388101	0.6125
534.055391999999	0.6125
534.0723552	0.6125
534.0889717	0.6125
534.1057437	0.6125
534.122641	0.6125
534.139606299999	0.6125
534.1557243	0.6125
534.172748	0.6125
534.189236099999	0.6125
534.205749999999	0.6125
534.2225983	0.6125
534.2387254	0.6125
534.255687399999	0.6125
534.2722632	0.6125
534.2890909	0.6125
534.305748799999	0.6125
534.3226706	0.6125
534.339067	0.6125
534.3558299	0.6125
534.372664699999	0.6125
534.3893302	0.6125
534.4054504	0.6125
534.422557299999	0.6125
534.439084799999	0.6125
534.4559063	0.6125
534.472270099999	0.6125
534.488932599999	0.6125
534.5055594	0.6125
534.522482199999	0.6125
534.5387624	0.6125
534.5553365	0.6125
534.572619899999	0.6125
534.5886769	0.6125
534.6057507	0.6125
534.622313	0.6125
534.6393423	0.6125
534.655301199999	0.6125
534.671915	0.6125
534.689218899999	0.6125
534.7057134	0.6125
534.722116	0.6125
534.738974	0.6125
534.7556982	0.6125
534.772803899999	0.6125
534.789056299999	0.6125
534.8057129	0.6125
534.822473099999	0.6125
534.8390086	0.6125
534.8554282	0.6125
534.8726019	0.6125
534.889313	0.6125
534.905729399999	0.6125
534.9224834	0.6125
534.9391466	0.6125
534.955715399999	0.6125
534.972369399999	0.6125
534.988974299999	0.6125
535.005438599999	0.6125
535.022408	0.6125
535.038928	0.6125
535.055393299999	0.6125
535.072580599999	0.6125
535.0889805	0.6125
535.1059016	0.6125
535.122416599999	0.6125
535.1388367	0.6125
535.1555479	0.6125
535.172365199999	0.6125
535.1890562	0.6125
535.205694599999	0.6125
535.2222972	0.6125
535.239202799999	0.6125
535.2555299	0.6125
535.2726414	0.6125
535.2889139	0.6125
535.3058445	0.6125
535.322611299999	0.6125
535.3392625	0.6125
535.355484299999	0.6125
535.3726577	0.6125
535.3887987	0.6125
535.4055073	0.6125
535.4222204	0.6125
535.439298499999	0.6125
535.4557374	0.6125
535.472364099999	0.6125
535.4892593	0.6125
535.505786999999	0.6125
535.5224297	0.6125
535.539002099999	0.6125
535.5556933	0.6125
535.5726264	0.6125
535.5888854	0.6125
535.6067134	0.6125
535.6224877	0.6125
535.6387988	0.6125
535.6558563	0.6125
535.6728733	0.6125
535.689052	0.6125
535.705467799999	0.6125
535.7224305	0.6125
535.739060499999	0.6125
535.755665299999	0.6125
535.772524399999	0.6125
535.7888705	0.6125
535.8054684	0.6125
535.822488999999	0.6125
535.838797099999	0.6125
535.8557384	0.6125
535.8722018	0.6125
535.888984099999	0.6125
535.9053539	0.6125
535.9221607	0.6125
535.939219899999	0.6125
535.9557244	0.6125
535.9726333	0.6125
535.988808999999	0.6125
536.005258599999	0.6125
536.022833599999	0.6125
536.039072299999	0.6125
536.055780999999	0.6125
536.072321099999	0.6125
536.0891211	0.6125
536.105669299999	0.6125
536.1222812	0.6125
536.1394069	0.6125
536.1557323	0.6125
536.172163499999	0.6125
536.1890899	0.6125
536.205797	0.6125
536.2222161	0.6125
536.239303799999	0.6125
536.2555642	0.6125
536.272594499999	0.6125
536.288928299999	0.6125
536.305941899999	0.6125
536.322190299999	0.6125
536.3390605	0.6125
536.3558531	0.6125
536.372459499999	0.6125
536.388907699999	0.6125
536.405735099999	0.6125
536.4224927	0.6125
536.438970699999	0.6125
536.4557743	0.6125
536.472817399999	0.6125
536.489211999999	0.6125
536.5053313	0.6125
536.522504199999	0.6125
536.539137799999	0.6125
536.555673899999	0.6125
536.5726134	0.6125
536.5888551	0.6125
536.605618199999	0.6125
536.6226379	0.6125
536.6391003	0.6125
536.655524199999	0.6125
536.672410499999	0.6125
536.689337199999	0.6125
536.705876399999	0.6125
536.722145399999	0.6125
536.738668999999	0.6125
536.7557207	0.6125
536.7724374	0.6125
536.7889713	0.6125
536.805417699999	0.6125
536.822394999999	0.6125
536.8387782	0.6125
536.855672999999	0.6125
536.8725773	0.6125
536.8892467	0.6125
536.905807499999	0.6125
536.922470799999	0.6125
536.9392252	0.6125
536.955528699999	0.6125
536.9724713	0.6125
536.9890177	0.6125
537.0058156	0.6125
537.0224303	0.6125
537.039240999999	0.6125
537.055369199999	0.6125
537.0724713	0.6125
537.089029999999	0.6125
537.105142799999	0.6125
537.122343399999	0.6125
537.138837799999	0.6125
537.1555254	0.6125
537.1723585	0.6125
537.1890417	0.6125
537.2057711	0.6125
537.2221823	0.6125
537.2391597	0.6125
537.2553767	0.6125
537.2725807	0.6125
537.2888907	0.6125
537.3059108	0.6125
537.3224978	0.6125
537.3392176	0.6125
537.355877	0.6125
537.3723739	0.6125
537.388895999999	0.6125
537.406262699999	0.6125
537.422422099999	0.6125
537.439044899999	0.6125
537.4554154	0.6125
537.472043399999	0.6125
537.488989199999	0.6125
537.5056368	0.6125
537.5223559	0.6125
537.538922299999	0.6125
537.5553095	0.6125
537.5725837	0.6125
537.5893178	0.6125
537.6055774	0.6125
537.622305999999	0.6125
537.6387796	0.6125
537.655805799999	0.6125
537.672499599999	0.6125
537.6890341	0.6125
537.705671299999	0.6125
537.7223096	0.6125
537.7387707	0.6125
537.7557754	0.6125
537.7719533	0.6125
537.788531599999	0.6125
537.8057752	0.6125
537.8225837	0.6125
537.838956699999	0.6125
537.855978899999	0.6125
537.872267399999	0.6125
537.888465999999	0.6125
537.905892399999	0.6125
537.922325	0.6125
537.938933199999	0.6125
537.9556273	0.6125
537.9723415	0.6125
537.988831299999	0.6125
538.005694099999	0.6125
538.0221206	0.6125
538.038514299999	0.6125
538.055421399999	0.6125
538.072411599999	0.6125
538.0890216	0.6125
538.105595599999	0.6125
538.1224155	0.6125
538.138441399999	0.6125
538.1557728	0.6125
538.172545799999	0.6125
538.1886393	0.6125
538.2056235	0.6125
538.2223822	0.6125
538.2388329	0.6125
538.2552876	0.6125
538.2718097	0.6125
538.2889435	0.6125
538.305541399999	0.6125
538.322473599999	0.6125
538.338994799999	0.6125
538.3558183	0.6125
538.372631099999	0.6125
538.3888263	0.6125
538.405874599999	0.6125
538.4220244	0.6125
538.438807799999	0.6125
538.4553933	0.6125
538.4723624	0.6125
538.488867599999	0.6125
538.5057264	0.6125
538.5225138	0.6125
538.5388864	0.6125
538.555771599999	0.6125
538.572350199999	0.6125
538.5888367	0.6125
538.605387699999	0.6125
538.622412299999	0.6125
538.638566799999	0.6125
538.6556561	0.6125
538.6723076	0.6125
538.688991499999	0.6125
538.7054438	0.6125
538.7222389	0.6125
538.7388518	0.6125
538.7551562	0.6125
538.7724221	0.6125
538.789288499999	0.6125
538.8055632	0.6125
538.822230299999	0.6125
538.838789699999	0.6125
538.855754499999	0.6125
538.872331699999	0.6125
538.8884067	0.6125
538.9058385	0.6125
538.922420299999	0.6125
538.9388374	0.6125
538.955795999999	0.6125
538.9723624	0.6125
538.988854699999	0.6125
539.005370999999	0.6125
539.022293	0.6125
539.0383949	0.6125
539.0557921	0.6125
539.072517199999	0.6125
539.088526299999	0.6125
539.105807	0.6125
539.1222732	0.6125
539.138700799999	0.6125
539.155336899999	0.6125
539.1724663	0.6125
539.1887141	0.6125
539.205445299999	0.6125
539.221833099999	0.6125
539.2389992	0.6125
539.255584699999	0.6125
539.272761599999	0.6125
539.2888094	0.6125
539.305931899999	0.6125
539.3222392	0.6125
539.338543999999	0.6125
539.355754499999	0.6125
539.372293799999	0.6125
539.388858699999	0.6125
539.405232399999	0.6125
539.4219318	0.6125
539.4387898	0.6125
539.456106099999	0.6125
539.4721125	0.6125
539.4883714	0.6125
539.505061299999	0.6125
539.5225179	0.6125
539.538550599999	0.6125
539.555337399999	0.6125
539.5724879	0.6125
539.588655899999	0.6125
539.605573899999	0.6125
539.622319599999	0.6125
539.6387172	0.6125
539.6552395	0.6125
539.6722697	0.6125
539.688513499999	0.6125
539.705952699999	0.6125
539.7221033	0.6125
539.738693699999	0.6125
539.755850099999	0.6125
539.7726281	0.6125
539.7889599	0.6125
539.8055859	0.6125
539.8221894	0.6125
539.838658899999	0.6125
539.8552863	0.6125
539.8724279	0.6125
539.8883497	0.6125
539.905599799999	0.6125
539.9221412	0.6125
539.9384928	0.6125
539.955821799999	0.6125
539.9723104	0.6125
539.988405599999	0.6125
540.005757299999	0.6125
540.022246799999	0.6125
540.0385526	0.6125
540.0553413	0.6125
540.072224899999	0.6125
540.088519299999	0.6125
540.105540799999	0.6125
540.122198399999	0.6125
540.1384911	0.6125
540.1557876	0.6125
540.1723359	0.6125
540.1888983	0.6125
540.205597499999	0.6125
540.2222266	0.6125
540.2386381	0.6125
540.255574	0.6125
540.272821299999	0.6125
540.2883814	0.6125
540.305824599999	0.6125
540.3220979	0.6125
540.3388829	0.6125
540.3554134	0.6125
540.3722872	0.6125
540.3886667	0.6125
540.405673499999	0.6125
540.422404	0.6125
540.4385496	0.6125
540.4557785	0.6125
540.4721746	0.6125
540.4887026	0.6125
540.5052618	0.6125
540.522382599999	0.6125
540.5388004	0.6125
540.555660399999	0.6125
540.5723137	0.6125
540.5888533	0.6125
540.6050114	0.6125
540.622207199999	0.6125
540.638782	0.6125
540.655558199999	0.6125
540.672433399999	0.6125
540.688665799999	0.6125
540.7052968	0.6125
540.7222856	0.6125
540.7386492	0.6125
540.7551299	0.6125
540.772265299999	0.6125
540.7883795	0.6125
540.805812899999	0.6125
540.8219733	0.6125
540.8382691	0.6125
540.855330699999	0.6125
540.872276599999	0.6125
540.888904199999	0.6125
540.9053926	0.6125
540.9222977	0.6125
540.938500499999	0.6125
540.9557569	0.6125
540.9721622	0.6125
540.9885619	0.6125
541.005431199999	0.6125
541.0221046	0.6125
541.0387249	0.6125
541.055484199999	0.6125
541.072447799999	0.6125
541.088856599999	0.6125
541.1056764	0.6125
541.122255499999	0.6125
541.138442099999	0.6125
541.155092	0.6125
541.1719655	0.6125
541.1885323	0.6125
541.205467299999	0.6125
541.2220499	0.6125
541.2386049	0.6125
541.2555452	0.6125
541.272405	0.6125
541.288671599999	0.6125
541.3054403	0.6125
541.3219365	0.6125
541.3383329	0.6125
541.355592499999	0.6125
541.3721704	0.6125
541.3887737	0.6125
541.4053907	0.6125
541.4221369	0.6125
541.4384132	0.6125
541.4558367	0.6125
541.4721777	0.6125
541.4890311	0.6125
541.505632599999	0.6125
541.5220419	0.6125
541.538810599999	0.6125
541.555110099999	0.6125
541.5723094	0.6125
541.5886845	0.6125
541.605339299999	0.6125
541.6222172	0.6125
541.638890599999	0.6125
541.655841	0.6125
541.6719132	0.6125
541.688690999999	0.6125
541.7053497	0.6125
541.7222354	0.6125
541.7385429	0.6125
541.7555187	0.6125
541.7719669	0.6125
541.7887947	0.6125
541.8055864	0.6125
541.822247999999	0.6125
541.8386697	0.6125
541.8555024	0.6125
541.871872399999	0.6125
541.8888896	0.6125
541.9053433	0.6125
541.921987399999	0.6125
541.938786	0.6125
541.9558017	0.6125
541.9723336	0.6125
541.988957	0.6125
542.005353899999	0.6125
542.0218072	0.6125
542.038965	0.6125
542.055450399999	0.6125
542.072337	0.6125
542.088779	0.6125
542.1054224	0.6125
542.1225304	0.6125
542.1391884	0.6125
542.155543999999	0.6125
542.1722639	0.6125
542.189025999999	0.6125
542.2055966	0.6125
542.2220264	0.6125
542.2387358	0.6125
542.2554346	0.6125
542.2723613	0.6125
542.288737299999	0.6125
542.3053203	0.6125
542.3219955	0.6125
542.3388473	0.6125
542.355248499999	0.6125
542.371998299999	0.6125
542.388904599999	0.6125
542.405535499999	0.6125
542.4220422	0.6125
542.438835	0.6125
542.455999199999	0.6125
542.4725658	0.6125
542.4885152	0.6125
542.505363699999	0.6125
542.521633599999	0.6125
542.5388361	0.6125
542.5553216	0.6125
542.572311999999	0.6125
542.588782999999	0.6125
542.6052365	0.6125
542.622139399999	0.6125
542.6391476	0.6125
542.6560523	0.6125
542.672334	0.6125
542.6887941	0.6125
542.705595699999	0.6125
542.722050599999	0.6125
542.738787099999	0.6125
542.755318	0.6125
542.7718129	0.6125
542.788640299999	0.6125
542.8057333	0.6125
542.822295299999	0.6125
542.8389173	0.6125
542.855469399999	0.6125
542.871903499999	0.6125
542.888782399999	0.6125
542.905532799999	0.6125
542.922232399999	0.6125
542.938843899999	0.6125
542.955477099999	0.6125
542.9725399	0.6125
542.988676299999	0.6125
543.005579799999	0.6125
543.0217088	0.6125
543.038148299999	0.6125
543.055135699999	0.6125
543.072167599999	0.6125
543.0883686	0.6125
543.105483699999	0.6125
543.121916399999	0.6125
543.138636299999	0.6125
543.155456099999	0.6125
543.172268599999	0.6125
543.1890767	0.6125
543.205282899999	0.6125
543.2218119	0.6125
543.238564699999	0.6125
543.255239499999	0.6125
543.2721696	0.6125
543.288344799999	0.6125
543.305874799999	0.6125
543.322359899999	0.6125
543.338895999999	0.6125
543.355678	0.6125
543.372075599999	0.6125
543.3891152	0.6125
543.405535999999	0.6125
543.422120099999	0.6125
543.438912299999	0.6125
543.455135599999	0.6125
543.4721389	0.6125
543.488477899999	0.6125
543.505093999999	0.6125
543.5221487	0.6125
543.5387722	0.6125
543.555271099999	0.6125
543.5720057	0.6125
543.5886665	0.6125
543.605070699999	0.6125
543.6220011	0.6125
543.6390536	0.6125
543.6554268	0.6125
543.671895699999	0.6125
543.688851499999	0.6125
543.705555099999	0.6125
543.7217757	0.6125
543.738832	0.6125
543.7552195	0.6125
543.7720432	0.6125
543.788557299999	0.6125
543.8055287	0.6125
543.8218159	0.6125
543.839231999999	0.6125
543.8555748	0.6125
543.872049299999	0.6125
543.889033199999	0.6125
543.905228299999	0.6125
543.9214144	0.6125
543.938628	0.6125
543.955032999999	0.6125
543.9723077	0.6125
543.9885619	0.6125
544.0052479	0.6125
544.0219087	0.6125
544.0388797	0.6125
544.0551988	0.6125
544.072138199999	0.6125
544.088797599999	0.6125
544.105427	0.6125
544.122146899999	0.6125
544.139162199999	0.6125
544.155134299999	0.6125
544.171995999999	0.6125
544.188588999999	0.6125
544.2053546	0.6125
544.2221025	0.6125
544.2385017	0.6125
544.255323799999	0.6125
544.272209899999	0.6125
544.288646	0.6125
544.305419599999	0.6125
544.3223346	0.6125
544.338907099999	0.6125
544.3558887	0.6125
544.372459099999	0.6125
544.3885218	0.6125
544.405052499999	0.6125
544.421565099999	0.6125
544.4388374	0.6125
544.455095599999	0.6125
544.4722931	0.6125
544.4889236	0.6125
544.505275	0.6125
544.5220457	0.6125
544.5384777	0.6125
544.555227399999	0.6125
544.572106199999	0.6125
544.588749699999	0.6125
544.605241099999	0.6125
544.6220127	0.6125
544.638581699999	0.6125
544.655505	0.6125
544.671490299999	0.6125
544.688856999999	0.6125
544.7055273	0.6125
544.7219722	0.6125
544.7387831	0.6125
544.7558583	0.6125
544.7725476	0.6125
544.7892465	0.6125
544.8062304	0.6125
544.8222429	0.6125
544.8388145	0.6125
544.855444299999	0.6125
544.8720809	0.6125
544.8888092	0.6125
544.904939599999	0.6125
544.9220521	0.6125
544.938802299999	0.6125
544.9555332	0.6125
544.9723047	0.6125
544.988769699999	0.6125
545.0052213	0.6125
545.022060499999	0.6125
545.038947499999	0.6125
545.0552548	0.6125
545.072250699999	0.6125
545.088449899999	0.6125
545.1050834	0.6125
545.121898599999	0.6125
545.1385894	0.6125
545.1555228	0.6125
545.1719248	0.6125
545.1888663	0.6125
545.205497399999	0.6125
545.2220399	0.6125
545.238904899999	0.6125
545.255148699999	0.6125
545.2723983	0.6125
545.288862799999	0.6125
545.305687499999	0.6125
545.3215327	0.6125
545.3387549	0.6125
545.3555406	0.6125
545.372274799999	0.6125
545.3885573	0.6125
545.405156399999	0.6125
545.421626099999	0.6125
545.4391576	0.6125
545.4553381	0.6125
545.4719393	0.6125
545.4887707	0.6125
545.5051617	0.6125
545.5222257	0.6125
545.538852799999	0.6125
545.555575699999	0.6125
545.571782499999	0.6125
545.5889222	0.6125
545.605501499999	0.6125
545.6220999	0.6125
545.638323499999	0.6125
545.655194499999	0.6125
545.672184999999	0.6125
545.688915799999	0.6125
545.705526899999	0.6125
545.722281699999	0.6125
545.739320299999	0.6125
545.755372	0.6125
545.7720209	0.6125
545.788873799999	0.6125
545.8052866	0.6125
545.8220302	0.6125
545.8385049	0.6125
545.855291	0.6125
545.872124	0.6125
545.8883638	0.6125
545.9052008	0.6125
545.924079599999	0.6125
545.939324299999	0.6125
545.955509799999	0.6125
545.972077099999	0.6125
545.988494499999	0.6125
546.005290499999	0.6125
546.0220236	0.6125
546.038800699999	0.6125
546.055429599999	0.6125
546.0723431	0.6125
546.088785899999	0.6125
546.105292599999	0.6125
546.121764699999	0.6125
546.138733999999	0.6125
546.1553961	0.6125
546.171948599999	0.6125
546.188972999999	0.6125
546.2053073	0.6125
546.2220185	0.6125
546.238734799999	0.6125
546.2564103	0.6125
546.276093799999	0.6125
546.290487699999	0.6125
546.3055354	0.6125
546.322049799999	0.6125
546.3388257	0.6125
546.3554219	0.6125
546.3719241	0.6125
546.3887556	0.6125
546.405282299999	0.6125
546.4219945	0.6125
546.438745799999	0.6125
546.4553035	0.6125
546.4717802	0.6125
546.4889083	0.6125
546.5051588	0.6125
546.521972299999	0.6125
546.540192099999	0.6125
546.555275299999	0.6125
546.5719911	0.6125
546.5888914	0.6125
546.605210399999	0.6125
546.622047299999	0.6125
546.6384775	0.6125
546.656556	0.6125
546.675233399999	0.6125
546.6889549	0.6125
546.705219699999	0.6125
546.721888399999	0.6125
546.7381681	0.6125
546.755991	0.6125
546.7715947	0.6125
546.788416799999	0.6125
546.8054973	0.6125
546.822073599999	0.6125
546.8384386	0.6125
546.856172299999	0.6125
546.874486399999	0.6125
546.8882311	0.6125
546.9096093	0.6125
546.9219475	0.6125
546.9387781	0.6125
546.963666799999	0.6125
546.974443999999	0.6125
546.991012199999	0.6125
547.0049321	0.6125
547.0245177	0.6125
547.041130799999	0.6125
547.0550998	0.6125
547.0719414	0.6125
547.088362199999	0.6125
547.1053753	0.6125
547.1216649	0.6125
547.1383854	0.6125
547.1550398	0.6125
547.171629099999	0.6125
547.188534499999	0.6125
547.2053398	0.6125
547.2216012	0.6125
547.2389711	0.6125
547.2553055	0.6125
547.272522699999	0.6125
547.2920607	0.6125
547.3088812	0.6125
547.326018899999	0.6125
547.341942599999	0.6125
547.3578954	0.6125
547.3731934	0.6125
547.3901417	0.6125
547.407143599999	0.6125
547.4226509	0.6125
547.440480699999	0.6125
547.4553473	0.6125
547.472519899999	0.6125
547.4886025	0.6125
547.506630399999	0.6125
547.5226581	0.6125
547.5384083	0.6125
547.554785699999	0.6125
547.5717921	0.6125
547.5886205	0.6125
547.6052112	0.6125
547.6220261	0.6125
547.6385856	0.6125
547.6553188	0.6125
547.672008099999	0.6125
547.688583599999	0.6125
547.705366699999	0.6125
547.7218355	0.6125
547.738599599999	0.6125
547.7550364	0.6125
547.771970199999	0.6125
547.7886117	0.6125
547.805263599999	0.6125
547.821673799999	0.6125
547.8385547	0.6125
547.855115799999	0.6125
547.8718228	0.6125
547.888685299999	0.6125
547.9074197	0.6125
547.926227399999	0.6125
547.9397	0.6125
547.9552501	0.6125
547.971978299999	0.6125
547.9900572	0.6125
548.005344699999	0.6125
548.021604	0.6125
548.0384232	0.6125
548.0555513	0.6125
548.071883699999	0.6125
548.088809	0.6125
548.1054091	0.6125
548.121634399999	0.6125
548.1387491	0.6125
548.1550933	0.6125
548.1716373	0.6125
548.1886889	0.6125
548.205429799999	0.6125
548.222038399999	0.6125
548.2385417	0.6125
548.2552669	0.6125
548.271837099999	0.6125
548.288786499999	0.6125
548.305602199999	0.6125
548.3217668	0.6125
548.3382801	0.6125
548.355274199999	0.6125
548.3715367	0.6125
548.3886919	0.6125
548.405298999999	0.6125
548.4216023	0.6125
548.4388006	0.6125
548.455195299999	0.6125
548.4717605	0.6125
548.488569599999	0.6125
548.505219899999	0.6125
548.5216119	0.6125
548.538835799999	0.6125
548.5551735	0.6125
548.5720857	0.6125
548.588707499999	0.6125
548.6052997	0.6125
548.6218635	0.6125
548.638185399999	0.6125
548.655073999999	0.6125
548.671880499999	0.6125
548.688854399999	0.6125
548.7051126	0.6125
548.721781599999	0.6125
548.7386928	0.6125
548.755203899999	0.6125
548.771766999999	0.6125
548.788283999999	0.6125
548.8054201	0.6125
548.8214859	0.6125
548.8387822	0.6125
548.8552264	0.6125
548.871839099999	0.6125
548.888601199999	0.6125
548.905510899999	0.6125
548.921773999999	0.6125
548.9387658	0.6125
548.9552587	0.6125
548.9718194	0.6125
548.988344699999	0.6125
549.0051999	0.6125
549.0217825	0.6125
549.0385718	0.6125
549.054980999999	0.6125
549.071384899999	0.6125
549.088662599999	0.6125
549.105486199999	0.6125
549.1217462	0.6125
549.1387214	0.6125
549.155120599999	0.6125
549.1719595	0.6125
549.1888393	0.6125
549.205242499999	0.6125
549.221503399999	0.6125
549.238637599999	0.6125
549.255135599999	0.6125
549.2718182	0.6125
549.288584299999	0.6125
549.3049548	0.6125
549.321797699999	0.6125
549.3383103	0.6125
549.355285799999	0.6125
549.3721208	0.6125
549.3887299	0.6125
549.4050646	0.6125
549.422143999999	0.6125
549.4385152	0.6125
549.455101799999	0.6125
549.4720289	0.6125
549.4885422	0.6125
549.505134999999	0.6125
549.521947499999	0.6125
549.5385959	0.6125
549.5549962	0.6125
549.571606	0.6125
549.5888354	0.6125
549.605465899999	0.6125
549.6216568	0.6125
549.638536099999	0.6125
549.6552594	0.6125
549.671953599999	0.6125
549.693992699999	0.6125
549.705510899999	0.6125
549.7219988	0.6125
549.738557899999	0.6125
549.755122899999	0.6125
549.771791499999	0.6125
549.788658799999	0.6125
549.805081099999	0.6125
549.821938399999	0.6125
549.838776699999	0.6125
549.8551884	0.6125
549.8720856	0.6125
549.888551599999	0.6125
549.9052474	0.6125
549.9217277	0.6125
549.9385508	0.6125
549.954879	0.6125
549.9718623	0.6125
549.9887666	0.6125
550.0051312	0.6125
550.0218159	0.6125
550.0389206	0.6125
550.055208799999	0.6125
550.0720494	0.6125
550.0887532	0.6125
550.1050375	0.6125
550.1217884	0.6125
550.1381947	0.6125
550.154977699999	0.6125
550.1718065	0.6125
550.1881797	0.6125
550.2050147	0.6125
550.2220264	0.6125
550.238610799999	0.6125
550.255175499999	0.6125
550.2723841	0.6125
550.288553099999	0.6125
550.3049789	0.6125
550.321722299999	0.6125
550.3387291	0.6125
550.355340599999	0.6125
550.371665299999	0.6125
550.388582699999	0.6125
550.405089	0.6125
550.421848399999	0.6125
550.438545999999	0.6125
550.4552298	0.6125
550.471861499999	0.6125
550.4885552	0.6125
550.5050474	0.6125
550.521671699999	0.6125
550.5385271	0.6125
550.5550924	0.6125
550.5712661	0.6125
550.5887784	0.6125
550.6049557	0.6125
550.6218247	0.6125
550.6384198	0.6125
550.654958499999	0.6125
550.6713419	0.6125
550.6885359	0.6125
550.704845599999	0.6125
550.7217765	0.6125
550.7389144	0.6125
550.7549543	0.6125
550.771363399999	0.6125
550.789145799999	0.6125
550.8049432	0.6125
550.8216017	0.6125
550.838715999999	0.6125
550.8550338	0.6125
550.871640799999	0.6125
550.888495499999	0.6125
550.905247199999	0.6125
550.922169799999	0.6125
550.941825	0.6125
550.955166299999	0.6125
550.971452299999	0.6125
550.988673299999	0.6125
551.005071299999	0.6125
551.0243414	0.6125
551.039121199999	0.6125
551.0551311	0.6125
551.0714762	0.6125
551.088497899999	0.6125
551.1050213	0.6125
551.1217922	0.6125
551.138150999999	0.6125
551.1554195	0.6125
551.171831	0.6125
551.1884271	0.6125
551.205308199999	0.6125
551.2218083	0.6125
551.238829399999	0.6125
551.2551844	0.6125
551.271525599999	0.6125
551.288454299999	0.6125
551.305039	0.6125
551.321926299999	0.6125
551.338210899999	0.6125
551.3547247	0.6125
551.3718991	0.6125
551.388544599999	0.6125
551.4051218	0.6125
551.4215558	0.6125
551.438599399999	0.6125
551.454987599999	0.6125
551.471884699999	0.6125
551.488143899999	0.6125
551.504981499999	0.6125
551.521381199999	0.6125
551.5386203	0.6125
551.555177099999	0.6125
551.571497399999	0.6125
551.588585099999	0.6125
551.605054199999	0.6125
551.621479699999	0.6125
551.638474099999	0.6125
551.655594399999	0.6125
551.6719661	0.6125
551.6885801	0.6125
551.705268399999	0.6125
551.721879999999	0.6125
551.738687399999	0.6125
551.7552092	0.6125
551.7715217	0.6125
551.788172799999	0.6125
551.804980399999	0.6125
551.8214659	0.6125
551.8381996	0.6125
551.8556049	0.6125
551.8718743	0.6125
551.8884868	0.6125
551.905075299999	0.6125
551.921850899999	0.6125
551.9385635	0.6125
551.955975	0.6125
551.9716628	0.6125
551.9884526	0.6125
552.0047146	0.6125
552.0217784	0.6125
552.0387535	0.6125
552.055284399999	0.6125
552.0718437	0.6125
552.0885251	0.6125
552.1049039	0.6125
552.1220822	0.6125
552.1386126	0.6125
552.155085799999	0.6125
552.1721313	0.6125
552.188463699999	0.6125
552.204973299999	0.6125
552.2217352	0.6125
552.238342099999	0.6125
552.2547147	0.6125
552.272036799999	0.6125
552.288074999999	0.6125
552.3051042	0.6125
552.32208	0.6125
552.338575299999	0.6125
552.355038799999	0.6125
552.372050399999	0.6125
552.388335899999	0.6125
552.404711499999	0.6125
552.422039399999	0.6125
552.4384512	0.6125
552.4548903	0.6125
552.4717839	0.6125
552.488517199999	0.6125
552.504943	0.6125
552.521974499999	0.6125
552.5381534	0.6125
552.554622899999	0.6125
552.5713841	0.6125
552.5885793	0.6125
552.604667899999	0.6125
552.6213355	0.6125
552.638791799999	0.6125
552.6546159	0.6125
552.671794499999	0.6125
552.688521999999	0.6125
552.7054406	0.6125
552.7222648	0.6125
552.7383801	0.6125
552.755072299999	0.6125
552.7718741	0.6125
552.7887008	0.6125
552.8048897	0.6125
552.8218607	0.6125
552.8384336	0.6125
552.8550926	0.6125
552.8715864	0.6125
552.8885609	0.6125
552.9053323	0.6125
552.921995	0.6125
552.9380548	0.6125
552.9548907	0.6125
552.9720294	0.6125
552.988451699999	0.6125
553.0049886	0.6125
553.0223147	0.6125
553.038785	0.6125
553.055009	0.6125
553.0716152	0.6125
553.088698899999	0.6125
553.121620399999	0.6125
553.1387415	0.6125
553.171925799999	0.6125
553.2052411	0.6125
553.221958499999	0.6125
553.2383647	0.6125
553.2549233	0.6125
553.271854	0.6125
553.2884317	0.6125
553.3048264	0.6125
553.3217016	0.6125
553.338372499999	0.6125
553.3550509	0.6125
553.3718197	0.6125
553.3880954	0.6125
553.4051763	0.6125
553.4219127	0.6125
553.438559599999	0.6125
553.455041099999	0.6125
553.4718729	0.6125
553.5054811	0.6125
553.521947099999	0.6125
553.538629	0.6125
553.5552097	0.6125
553.571477199999	0.6125
553.6053728	0.6125
553.638317299999	0.6125
553.655046299999	0.6125
553.6719969	0.6125
553.6883677	0.6125
553.705226499999	0.6125
553.7387632	0.6125
553.7719963	0.6125
553.8049186	0.6125
553.8217405	0.6125
553.8382162	0.6125
553.854909899999	0.6125
553.8715555	0.6125
553.8881641	0.6125
553.905206099999	0.6125
553.92199	0.6125
553.9385385	0.6125
553.955366599999	0.6125
553.988696199999	0.6125
554.022074099999	0.6125
554.0551025	0.6125
554.0720255	0.6125
554.1047167	0.6125
554.1217859	0.6125
554.138524399999	0.6125
554.1719802	0.6125
554.2048792	0.6125
554.225771599999	0.6125
554.238837899999	0.6125
554.254953199999	0.6125
554.271920499999	0.6125
554.288731799999	0.6125
554.3228578	0.6125
554.355605	0.6125
554.3884222	0.6125
554.4222793	0.6125
554.4552742	0.6125
554.4884536	0.6125
554.521490499999	0.6125
554.5383113	0.6125
554.554972999999	0.6125
554.588737499999	0.6125
554.6220366	0.6125
554.655279199999	0.6125
554.688512999999	0.6125
554.7219467	0.6125
554.7549321	0.6125
554.7712974	0.6125
554.788602899999	0.6125
554.821676699999	0.6125
554.854945399999	0.6125
554.8891883	0.6125
554.9218962	0.6125
554.9552949	0.6125
554.9883178	0.6125
555.021802599999	0.6125
555.0548893	0.6125
555.0719651	0.6125
555.1052567	0.6125
555.1385062	0.6125
555.172039399999	0.6125
555.205091999999	0.6125
555.2382939	0.6125
555.2551724	0.6125
555.2884348	0.6125
555.321570999999	0.6125
555.355528999999	0.6125
555.388731999999	0.6125
555.4218956	0.6125
555.455599499999	0.6125
555.4883307	0.6125
555.521794699999	0.6125
555.555243899999	0.6125
555.588634899999	0.6125
555.621902899999	0.6125
555.655231999999	0.6125
555.688378999999	0.6125
555.7217247	0.6125
555.754835299999	0.6125
555.7890069	0.6125
555.821693899999	0.6125
555.855248999999	0.6125
555.8717122	0.6125
555.905608599999	0.6125
555.938556399999	0.6125
555.9713342	0.6125
556.004800299999	0.6125
556.038161799999	0.6125
556.071977	0.6125
556.1050632	0.6125
556.138419399999	0.6125
556.1717775	0.6125
556.205037799999	0.6125
556.238350099999	0.6125
556.2720448	0.6125
556.3052812	0.6125
556.338588299999	0.6125
556.371655399999	0.6125
556.4049337	0.6125
556.438638	0.6125
556.471799299999	0.6125
556.504757199999	0.6125
556.5386665	0.6125
556.5721556	0.6125
556.605226	0.6125
556.6382354	0.6125
556.671448399999	0.6125
556.704725899999	0.6125
556.7386313	0.6125
556.771582699999	0.6125
556.804822499999	0.6125
556.838392799999	0.6125
556.8718313	0.6125
556.9048981	0.6125
556.938600699999	0.6125
556.971402599999	0.6125
557.004811999999	0.6125
557.0387623	0.6125
557.0719989	0.6125
557.1048733	0.6125
557.138491199999	0.6125
557.171939999999	0.6125
557.204851099999	0.6125
557.243182499999	0.6125
557.2721864	0.6125
557.304901699999	0.6125
557.3387305	0.6125
557.3714702	0.6125
557.4048091	0.6125
557.438585	0.6125
557.471766799999	0.6125
557.5049707	0.6125
557.538732399999	0.6125
557.5716267	0.6125
557.6048421	0.6125
557.638266299999	0.6125
557.672047399999	0.6125
557.704744899999	0.6125
557.738737899999	0.6125
557.771450599999	0.6125
557.8047726	0.6125
557.838048299999	0.6125
557.871369	0.6125
557.905046	0.6125
557.9385156	0.6125
557.971870599999	0.6125
558.005146799999	0.6125
558.038124399999	0.6125
558.071383699999	0.6125
558.104918399999	0.6125
558.138131899999	0.6125
558.1715083	0.6125
558.2047926	0.6125
558.2382966	0.6125
558.271886199999	0.6125
558.3051201	0.6125
558.3386015	0.6125
558.371909199999	0.6125
558.4050462	0.6125
558.4385649	0.6125
558.4717966	0.6125
558.5047974	0.6125
558.5385122	0.6125
558.572055199999	0.6125
558.605126199999	0.6125
558.638437099999	0.6125
558.671402499999	0.6125
558.7049405	0.6125
558.7382159	0.6125
558.7718576	0.6125
558.804625299999	0.6125
558.8384221	0.6125
558.871817599999	0.6125
558.905137	0.6125
558.9385383	0.6125
558.9717788	0.6125
559.0046481	0.6125
559.0387185	0.6125
559.071908299999	0.6125
559.104927199999	0.6125
559.138073399999	0.6125
559.1716331	0.6125
559.204908999999	0.6125
559.238460699999	0.6125
559.271836899999	0.6125
559.3048893	0.6125
559.3382766	0.6125
559.3719071	0.6125
559.4048311	0.6125
559.4384341	0.6125
559.472038499999	0.6125
559.504859899999	0.6125
559.5385889	0.6125
559.571363999999	0.6125
559.605008799999	0.6125
559.6378509	0.6125
559.6747467	0.6125
559.703983099999	0.6125
559.7372176	0.6125
559.7709127	0.6125
559.803713699999	0.6125
559.837390199999	0.6125
559.8708171	0.6125
559.903766199999	0.6125
559.9375703	0.6125
559.9705865	0.6125
560.0041291	0.6125
560.037077499999	0.6125
560.070862199999	0.6125
560.104166399999	0.6125
560.137296899999	0.6125
560.1703652	0.6125
560.2039761	0.6125
560.2370437	0.6125
560.271102899999	0.6125
560.304034399999	0.6125
560.3373821	0.6125
560.3703458	0.6125
560.404213	0.6125
560.4375209	0.6125
560.471223199999	0.6125
560.503699399999	0.6125
560.5373725	0.6125
560.5706156	0.6125
560.6035803	0.6125
560.637234	0.6125
560.6707268	0.6125
560.7041524	0.6125
560.7373757	0.6125
560.7710566	0.6125
560.804141299999	0.6125
560.8374913	0.6125
560.871066999999	0.6125
560.904186899999	0.6125
560.937247999999	0.6125
560.971066599999	0.6125
561.004002799999	0.6125
561.037563499999	0.6125
561.0709264	0.6125
561.1035612	0.6125
561.1373496	0.6125
561.170827399999	0.6125
561.204107199999	0.6125
561.2373896	0.6125
561.270889599999	0.6125
561.304060099999	0.6125
561.337498399999	0.6125
561.3703901	0.6125
561.4041897	0.6125
561.436990699999	0.604166666666667
561.471307999999	0.595833333333333
561.504278699999	0.5875
561.537533899999	0.570833333333333
561.5705799	0.570833333333333
561.603964899999	0.570833333333333
561.637224399999	0.570833333333333
561.6706041	0.570833333333333
561.7039264	0.570833333333333
561.7374868	0.570833333333333
561.7709501	0.553125
561.804254	0.553125
561.837371299999	0.553125
561.872094799999	0.553125
561.903942499999	0.553125
561.9376926	0.553125
561.971115699999	0.553125
562.0040402	0.535416666666667
562.037506799999	0.527083333333333
562.070505199999	0.527083333333333
562.104069	0.527083333333333
562.136992999999	0.510416666666667
562.171377799999	0.484375
562.2040824	0.484375
562.2378325	0.484375
562.270978899999	0.484375
562.303765899999	0.484375
562.3368942	0.484375
562.370553	0.466666666666667
562.403950999999	0.458333333333333
562.4371536	0.458333333333333
562.4708081	0.458333333333333
562.5040363	0.458333333333333
562.536953399999	0.458333333333333
562.570822299999	0.458333333333333
562.6042646	0.458333333333333
562.637145299999	0.458333333333333
562.6714797	0.458333333333333
562.7041621	0.458333333333333
562.7374831	0.458333333333333
562.7707568	0.475
562.8038148	0.475
562.837026499999	0.475
562.8709387	0.475
562.904150099999	0.475
562.936922299999	0.475
562.970367499999	0.475
563.0036437	0.475
563.037216299999	0.475
563.0707932	0.475
563.1041286	0.475
563.136897799999	0.475
563.171217599999	0.475
563.204252799999	0.475
563.2370716	0.475
563.2710227	0.475
563.304115399999	0.475
563.337380399999	0.475
563.3704337	0.475
563.403635	0.475
563.436880699999	0.475
563.4703461	0.475
563.5036868	0.475
563.536912	0.475
563.570705599999	0.475
563.604190499999	0.475
563.637423499999	0.475
563.670846	0.475
563.7038076	0.475
563.736724799999	0.475
563.770701199999	0.475
563.804126999999	0.475
563.837102799999	0.475
563.870732199999	0.475
563.9038019	0.475
563.936964799999	0.475
563.9707517	0.475
564.0039785	0.475
564.036899799999	0.475
564.070634399999	0.475
564.103646899999	0.475
564.1368839	0.475
564.1704579	0.475
564.2041565	0.475
564.2367662	0.475
564.270785199999	0.475
564.3036506	0.475
564.3369029	0.475
564.370817999999	0.475
564.4039384	0.475
564.436772499999	0.475
564.4708599	0.475
564.503875199999	0.475
564.5374224	0.475
564.570752799999	0.475
564.6039009	0.475
564.636727999999	0.475
564.6707975	0.475
564.704021099999	0.475
564.736959	0.475
564.7706553	0.475
564.804060199999	0.475
564.8372056	0.475
564.870626899999	0.475
564.903749399999	0.475
564.9368589	0.475
564.970852099999	0.475
565.0045751	0.475
565.0371133	0.475
565.070701199999	0.475
565.1041325	0.475
565.1368164	0.475
565.170737099999	0.475
565.204220299999	0.475
565.236816899999	0.475
565.2708266	0.475
565.304251	0.475
565.337275299999	0.475
565.370445	0.475
565.4036969	0.475
565.436696	0.475
565.4711798	0.475
565.5042428	0.475
565.536912899999	0.475
565.570927299999	0.475
565.6040759	0.475
565.637139199999	0.475
565.670471599999	0.475
565.7037187	0.475
565.7371131	0.475
565.770933999999	0.475
565.804112	0.475
565.836806099999	0.475
565.870832799999	0.475
565.903688799999	0.475
565.937088	0.475
565.971056199999	0.475
566.0038581	0.475
566.036956999999	0.475
566.070656299999	0.475
566.103622199999	0.475
566.136849	0.475
566.1703977	0.475
566.2042723	0.475
566.2369745	0.475
566.2705139	0.475
566.303544199999	0.475
566.3368217	0.475
566.3708105	0.475
566.4043857	0.475
566.437768399999	0.475
566.4707117	0.475
566.5040615	0.475
566.5372898	0.475
566.570792199999	0.475
566.6039452	0.475
566.6371763	0.475
566.670763399999	0.475
566.704091899999	0.475
566.737349399999	0.475
566.7707624	0.475
566.803845599999	0.475
566.8375686	0.475
566.8708226	0.475
566.903825799999	0.475
566.937378699999	0.475
566.9708046	0.475
567.0040866	0.475
567.036816899999	0.475
567.0704121	0.475
567.104047	0.475
567.136798899999	0.475
567.1707441	0.475
567.2042089	0.475
567.2372116	0.475
567.270814199999	0.475
567.304315099999	0.475
567.337198599999	0.475
567.3710065	0.475
567.403822599999	0.475
567.4372176	0.475
567.4705896	0.475
567.503846299999	0.475
567.537178099999	0.475
567.5709042	0.475
567.6042485	0.475
567.637148	0.475
567.670702599999	0.475
567.7053871	0.475
567.7372508	0.475
567.7710718	0.475
567.8038503	0.475
567.837537199999	0.475
567.870488799999	0.475
567.9041209	0.475
567.9370316	0.475
567.9708222	0.475
568.0044012	0.475
568.0373627	0.475
568.0707003	0.475
568.104283199999	0.475
568.1372622	0.475
568.1706643	0.475
568.2042794	0.475
568.2377219	0.475
568.270863799999	0.475
568.303959499999	0.475
568.337282	0.475
568.370330199999	0.475
568.404213299999	0.475
568.4368998	0.475
568.4707393	0.475
568.504037799999	0.475
568.5370826	0.475
568.5702732	0.475
568.604187499999	0.475
568.6368889	0.475
568.6709873	0.475
568.703635299999	0.475
568.737566999999	0.475
568.771004599999	0.475
568.8046208	0.475
568.8369986	0.475
568.8707146	0.475
568.903992	0.475
568.9370591	0.475
568.9709281	0.475
569.004201	0.475
569.038013699999	0.475
569.070136099999	0.475
569.1037042	0.475
569.137693899999	0.475
569.1707576	0.475
569.2040941	0.475
569.237356	0.475
569.270403099999	0.475
569.3036096	0.475
569.3372775	0.475
569.370789199999	0.475
569.4047899	0.475
569.437343199999	0.475
569.4706927	0.475
569.503970799999	0.475
569.537239699999	0.475
569.5703318	0.475
569.6043255	0.475
569.637120699999	0.475
569.6709155	0.475
569.7036093	0.475
569.7373001	0.475
569.770773599999	0.475
569.804076599999	0.475
569.837328199999	0.475
569.8705432	0.475
569.9035606	0.475
569.937448999999	0.475
569.970664699999	0.475
570.004013199999	0.475
570.037016599999	0.475
570.0710223	0.475
570.1043227	0.475
570.137537	0.475
570.1705969	0.475
570.204296899999	0.475
570.2367589	0.475
570.270632999999	0.475
570.303993899999	0.475
570.337513199999	0.475
570.3705346	0.475
570.404139099999	0.475
570.4372374	0.475
570.4705746	0.475
570.5039631	0.475
570.5375294	0.475
570.5707832	0.475
570.6041822	0.475
570.6370982	0.475
570.6706921	0.475
570.704107299999	0.475
570.737004799999	0.475
570.770552999999	0.475
570.8041304	0.475
570.8375	0.475
570.870671899999	0.475
570.903813	0.475
570.936826599999	0.475
570.970931	0.475
571.004211799999	0.475
571.0371705	0.475
571.0705313	0.475
571.1039899	0.475
571.1375269	0.475
571.170458699999	0.475
571.204178	0.475
571.237102399999	0.475
571.270669699999	0.475
571.308022599999	0.475
571.337486799999	0.475
571.370480099999	0.475
571.404029099999	0.475
571.4376318	0.475
571.4708179	0.475
571.503794599999	0.475
571.537269199999	0.475
571.5710092	0.475
571.6042492	0.475
571.6371732	0.475
571.670618599999	0.475
571.7035939	0.475
571.737321	0.475
571.770683399999	0.475
571.8041027	0.475
571.837092399999	0.475
571.8706053	0.475
571.9039434	0.475
571.936812899999	0.475
571.970353799999	0.475
572.0041175	0.475
572.0373112	0.475
572.070536499999	0.475
572.1040734	0.475
572.1372531	0.475
572.1706666	0.475
572.2042089	0.475
572.237145599999	0.475
572.2705068	0.475
572.304227799999	0.475
572.3370602	0.475
572.370936699999	0.475
572.403847299999	0.475
572.437123	0.475
572.470118099999	0.475
572.503666699999	0.475
572.537303499999	0.475
572.570046899999	0.475
572.603934299999	0.475
572.6207097	0.475
572.6540477	0.475
572.687496	0.475
572.7201176	0.475
572.7539755	0.475
572.786644899999	0.475
572.8208096	0.475
572.853903599999	0.475
572.870448199999	0.475
572.904080599999	0.475
572.936932099999	0.475
572.970024699999	0.475
573.0040678	0.475
573.020435599999	0.475
573.0374655	0.475
573.070653299999	0.475
573.087239699999	0.475
573.103761799999	0.475
573.1373735	0.475
573.170169499999	0.475
573.1870917	0.475
573.2039852	0.475
573.2368013	0.475
573.2536241	0.475
573.2875411	0.475
573.3037115	0.475
573.337371899999	0.475
573.3539623	0.475
573.3870926	0.475
573.4042418	0.475
573.4204578	0.475
573.437213499999	0.475
573.4534982	0.475
573.470560199999	0.475
573.4868597	0.475
573.503725699999	0.475
573.5376878	0.475
573.5558426	0.475
573.5877203	0.475
573.6043105	0.475
573.6209966	0.475
573.6382531	0.475
573.654678499999	0.475
573.687775699999	0.475
573.703962099999	0.475
573.738108	0.475
573.7545169	0.475
573.788016	0.475
573.8044851	0.475
573.8378035	0.475
573.854140599999	0.475
573.887456199999	0.475
573.904567099999	0.475
573.920792	0.475
573.937864199999	0.475
573.9540276	0.475
573.9877597	0.475
574.004394699999	0.475
574.038028299999	0.475
574.0542756	0.475
574.088077199999	0.475
574.1046152	0.475
574.120802799999	0.475
574.1377889	0.475
574.1539401	0.475
574.187871399999	0.475
574.204808699999	0.475
574.2374193	0.475
574.254698399999	0.475
574.287943699999	0.475
574.304407199999	0.475
574.3379682	0.475
574.3545496	0.475
574.3879981	0.475
574.4042812	0.475
574.438013999999	0.475
574.4543471	0.475
574.4877385	0.475
574.504357	0.475
574.520875599999	0.475
574.5376953	0.475
574.5541912	0.475
574.5705394	0.475
574.587933899999	0.475
574.6041772	0.475
574.620891099999	0.475
574.6377648	0.475
574.6548766	0.475
574.670985199999	0.475
574.6875234	0.475
574.7044655	0.475
574.720976699999	0.475
574.737403499999	0.475
574.7544964	0.475
574.7878704	0.475
574.8043215	0.475
574.837385399999	0.475
574.8546092	0.475
574.887861499999	0.475
574.9043501	0.475
574.9378055	0.475
574.954231	0.475
574.987569399999	0.475
575.004419499999	0.475
575.0376841	0.475
575.054100799999	0.475
575.070489299999	0.475
575.0875756	0.475
575.1041053	0.475
575.1210133	0.475
575.1370214	0.475
575.154303099999	0.475
575.171092099999	0.475
575.1873496	0.475
575.2039685	0.475
575.220352599999	0.475
575.237446399999	0.475
575.254533099999	0.475
575.2707101	0.475
575.287496	0.475
575.3041822	0.475
575.3211045	0.475
575.337632799999	0.475
575.3546394	0.475
575.3708256	0.475
575.3875861	0.475
575.4042788	0.475
575.420489599999	0.475
575.437208099999	0.475
575.453885499999	0.475
575.4702502	0.475
575.487676199999	0.475
575.504128099999	0.475
575.5205613	0.475
575.537634099999	0.475
575.554318799999	0.475
575.570406299999	0.475
575.587414699999	0.475
575.6043537	0.475
575.6203227	0.475
575.637476999999	0.475
575.654302999999	0.475
575.670519099999	0.475
575.6875574	0.475
575.7041709	0.475
575.720395599999	0.475
575.737531399999	0.475
575.7545584	0.475
575.7705399	0.475
575.787360599999	0.475
575.804189699999	0.475
575.8209423	0.475
575.837482899999	0.475
575.8541661	0.475
575.870874699999	0.475
575.8872118	0.475
575.9041669	0.475
575.9207275	0.475
575.937356799999	0.475
575.9540115	0.475
575.9708077	0.475
575.9871439	0.475
576.004386899999	0.475
576.0208779	0.475
576.0374635	0.475
576.0542378	0.475
576.0734569	0.475
576.087876199999	0.475
576.1044415	0.475
576.120677899999	0.475
576.1374588	0.475
576.154239199999	0.475
576.1707158	0.475
576.187431799999	0.475
576.203696099999	0.475
576.2205957	0.475
576.2371267	0.475
576.2540639	0.475
576.270987299999	0.475
576.2873513	0.475
576.3042393	0.475
576.320363999999	0.475
576.3375762	0.475
576.354249399999	0.475
576.370814899999	0.475
576.3873586	0.475
576.4038291	0.475
576.4205115	0.475
576.437434699999	0.475
576.4537099	0.475
576.470980399999	0.475
576.487437	0.475
576.504526799999	0.475
576.520863399999	0.475
576.537463199999	0.475
576.5542324	0.475
576.5705798	0.475
576.587481699999	0.475
576.604467599999	0.475
576.620891099999	0.475
576.637414899999	0.475
576.6539881	0.475
576.6709464	0.475
576.687335199999	0.475
576.704689599999	0.475
576.7212313	0.475
576.7373223	0.475
576.754380199999	0.475
576.7709362	0.475
576.787319599999	0.475
576.804281299999	0.475
576.8204153	0.475
576.837072699999	0.475
576.8537061	0.475
576.8705451	0.475
576.8867744	0.475
576.9040176	0.475
576.920552199999	0.475
576.936864099999	0.475
576.9544287	0.475
576.9709483	0.475
576.9877694	0.475
577.004485199999	0.475
577.0204502	0.475
577.0384317	0.475
577.0543001	0.475
577.0702899	0.475
577.0872992	0.475
577.103893199999	0.475
577.120387499999	0.475
577.137076399999	0.475
577.1538414	0.475
577.1708297	0.475
577.1890545	0.475
577.204408099999	0.475
577.2209078	0.475
577.237010399999	0.475
577.2537567	0.475
577.2712309	0.475
577.287388399999	0.475
577.3037061	0.475
577.320386699999	0.475
577.3369803	0.475
577.353834899999	0.475
577.3705062	0.475
577.387627599999	0.475
577.4037426	0.475
577.4211913	0.475
577.4372558	0.475
577.4538471	0.475
577.4709346	0.475
577.4873173	0.475
577.5042133	0.475
577.5203603	0.475
577.537039399999	0.475
577.554031899999	0.475
577.5711425	0.475
577.586802999999	0.475
577.6039007	0.475
577.6209178	0.475
577.637417899999	0.475
577.6540725	0.475
577.6707557	0.475
577.687391799999	0.475
577.7041904	0.475
577.7203868	0.475
577.7370278	0.475
577.7542164	0.475
577.770430899999	0.475
577.7869537	0.475
577.8038907	0.475
577.8203985	0.475
577.836989199999	0.475
577.854062799999	0.475
577.8710617	0.475
577.887723399999	0.475
577.904263099999	0.475
577.921049899999	0.475
577.937340199999	0.475
577.9540264	0.475
577.970754299999	0.475
577.9868202	0.475
578.0039786	0.475
578.020950599999	0.475
578.0369396	0.475
578.053749899999	0.475
578.0705856	0.475
578.0870183	0.475
578.104097199999	0.475
578.1210831	0.475
578.137561099999	0.475
578.1540656	0.475
578.170491499999	0.475
578.1870503	0.475
578.203914299999	0.475
578.220477399999	0.475
578.236831599999	0.475
578.254306999999	0.475
578.270734	0.475
578.2874821	0.475
578.3037012	0.475
578.320901599999	0.475
578.3370817	0.475
578.354010599999	0.475
578.370722299999	0.475
578.387589299999	0.475
578.4036908	0.475
578.4203155	0.475
578.437235799999	0.475
578.4540541	0.475
578.4708003	0.475
578.4871937	0.475
578.504256499999	0.475
578.5208022	0.475
578.5373793	0.475
578.5542145	0.475
578.5709019	0.475
578.5873831	0.475
578.604414199999	0.475
578.6209283	0.475
578.637059199999	0.475
578.6537541	0.475
578.6707013	0.475
578.687061099999	0.475
578.7041362	0.475
578.7208384	0.475
578.7369856	0.475
578.754018299999	0.475
578.770815999999	0.475
578.7871264	0.475
578.8044943	0.475
578.8209375	0.475
578.836855199999	0.475
578.8541289	0.475
578.870747499999	0.475
578.8869471	0.475
578.904197899999	0.475
578.9207566	0.475
578.9369508	0.475
578.954168499999	0.475
578.9707425	0.475
578.987277499999	0.475
579.0043626	0.475
579.020680099999	0.475
579.036826799999	0.475
579.0536514	0.475
579.0708114	0.475
579.0876528	0.475
579.104100899999	0.475
579.120655299999	0.475
579.136943199999	0.475
579.154060899999	0.475
579.170764	0.475
579.1870457	0.475
579.203590599999	0.475
579.220872899999	0.475
579.236985	0.475
579.254287	0.475
579.2709415	0.475
579.287501399999	0.475
579.304376999999	0.475
579.320308099999	0.475
579.337159	0.475
579.3536353	0.475
579.37055	0.475
579.387255199999	0.475
579.4037277	0.475
579.4204419	0.475
579.4368986	0.475
579.4538557	0.475
579.4706016	0.475
579.487302199999	0.475
579.5040098	0.475
579.5203702	0.475
579.5368387	0.475
579.5540052	0.475
579.570634399999	0.475
579.587463299999	0.475
579.6036439	0.475
579.620792799999	0.475
579.6370634	0.475
579.654151999999	0.475
579.6706937	0.475
579.6873927	0.475
579.7041897	0.475
579.7212154	0.475
579.737119599999	0.475
579.7537716	0.475
579.770435599999	0.475
579.7868805	0.475
579.804057099999	0.475
579.820793899999	0.475
579.839735699999	0.475
579.8540518	0.475
579.8707232	0.475
579.8873285	0.475
579.9041805	0.475
579.921615499999	0.475
579.9373933	0.475
579.9541941	0.475
579.970780799999	0.475
579.9871097	0.475
580.0039453	0.475
580.0206143	0.475
580.037038699999	0.475
580.0541586	0.475
580.070416	0.475
580.086910999999	0.475
580.1042467	0.475
580.120728899999	0.475
580.137587599999	0.475
580.154006299999	0.475
580.1707787	0.475
580.1874923	0.475
580.2038636	0.475
580.221361299999	0.475
580.237300399999	0.475
580.254002299999	0.475
580.2705036	0.475
580.2876478	0.475
580.304082	0.475
580.3203145	0.475
580.337042499999	0.475
580.3542591	0.475
580.370690799999	0.475
580.387397	0.475
580.404107099999	0.475
580.420627	0.475
580.4372385	0.475
580.4539491	0.475
580.470809199999	0.475
580.487328599999	0.475
580.504058099999	0.475
580.5203354	0.475
580.5372946	0.475
580.553823599999	0.475
580.5708318	0.475
580.5870539	0.475
580.6042527	0.475
580.620737599999	0.475
580.637750499999	0.475
580.654037699999	0.475
580.6707447	0.475
580.6875267	0.475
580.7037646	0.475
580.7206817	0.475
580.7368492	0.475
580.753690099999	0.475
580.7702838	0.475
580.786860699999	0.475
580.80394	0.475
580.820923499999	0.475
580.8368947	0.475
580.853976099999	0.475
580.870660199999	0.475
580.8874589	0.475
580.9039717	0.475
580.920710199999	0.475
580.9372083	0.475
580.953669699999	0.475
580.97031	0.475
580.9868675	0.475
581.0042177	0.475
581.0207154	0.475
581.0371927	0.475
581.053972299999	0.475
581.070801499999	0.475
581.0871927	0.475
581.104483599999	0.475
581.1206813	0.475
581.1368746	0.475
581.153635799999	0.475
581.1705881	0.475
581.1872311	0.475
581.204094399999	0.475
581.2203571	0.475
581.2371932	0.475
581.253889199999	0.475
581.2705417	0.475
581.2871028	0.475
581.304141299999	0.475
581.320645399999	0.475
581.3368163	0.475
581.354024699999	0.475
581.370723399999	0.475
581.387361499999	0.475
581.4042193	0.475
581.4206066	0.475
581.4372122	0.475
581.4536997	0.475
581.4706731	0.475
581.4874332	0.475
581.5047452	0.475
581.5207486	0.475
581.537393099999	0.475
581.553931099999	0.475
581.5705742	0.475
581.587289599999	0.475
581.6044469	0.475
581.620951999999	0.475
581.6372758	0.475
581.6536552	0.475
581.6702638	0.475
581.687083	0.475
581.7039625	0.475
581.720859399999	0.475
581.737370299999	0.475
581.7537777	0.475
581.770353299999	0.475
581.7873344	0.475
581.804059399999	0.475
581.821088899999	0.475
581.837352299999	0.475
581.8542761	0.475
581.8704417	0.475
581.8870619	0.475
581.9039083	0.475
581.9206273	0.475
581.9371814	0.475
581.9536732	0.475
581.9706914	0.475
581.9873794	0.475
582.0041832	0.475
582.0211359	0.475
582.0374611	0.475
582.053824299999	0.475
582.070948799999	0.475
582.087135399999	0.475
582.1039494	0.475
582.1204622	0.475
582.1369551	0.475
582.153924499999	0.475
582.1707878	0.475
582.1867968	0.475
582.204021099999	0.475
582.220754499999	0.475
582.2367097	0.475
582.2538539	0.475
582.2707412	0.475
582.287382199999	0.475
582.3039641	0.475
582.3203513	0.475
582.337052299999	0.475
582.3536595	0.475
582.3705758	0.475
582.387189599999	0.475
582.403539499999	0.475
582.420607499999	0.475
582.436749	0.475
582.4540637	0.475
582.4709659	0.475
582.4873751	0.475
582.5040406	0.475
582.520697399999	0.475
582.5372831	0.475
582.5540268	0.475
582.5709392	0.475
582.5868457	0.475
582.603663999999	0.475
582.6206377	0.475
582.6369367	0.475
582.65389	0.475
582.6706822	0.475
582.687377499999	0.475
582.703976	0.475
582.720761299999	0.475
582.736908499999	0.475
582.753851699999	0.475
582.770320799999	0.475
582.787372	0.475
582.803948899999	0.475
582.820727099999	0.475
582.8371989	0.475
582.8535941	0.475
582.8702435	0.475
582.8867942	0.475
582.904029099999	0.475
582.9201656	0.475
582.9375561	0.475
582.954045699999	0.475
582.970684399999	0.475
582.987606899999	0.475
583.0040414	0.475
583.0203265	0.475
583.0373646	0.475
583.0539561	0.475
583.0703421	0.475
583.087322699999	0.475
583.1038467	0.475
583.120609	0.475
583.136927699999	0.475
583.1538087	0.475
583.1702338	0.475
583.186924199999	0.475
583.2036579	0.475
583.2207116	0.475
583.2370063	0.475
583.254031199999	0.475
583.2702743	0.475
583.2868553	0.475
583.3042018	0.475
583.321069299999	0.475
583.337232299999	0.475
583.3539199	0.475
583.3701739	0.475
583.387082499999	0.475
583.4040422	0.475
583.420545999999	0.475
583.4373723	0.475
583.4538691	0.475
583.470291899999	0.475
583.487279299999	0.475
583.5042685	0.475
583.520896399999	0.475
583.5370057	0.475
583.554217499999	0.475
583.570526	0.475
583.5870847	0.475
583.6039628	0.475
583.620284299999	0.475
583.6368838	0.475
583.654046	0.475
583.6707252	0.475
583.6870259	0.475
583.703787199999	0.475
583.720905499999	0.475
583.7372521	0.475
583.756130299999	0.475
583.771214099999	0.475
583.7920638	0.475
583.804128999999	0.475
583.8251292	0.475
583.836909799999	0.475
583.8536281	0.475
583.870962399999	0.475
583.8872046	0.475
583.904401999999	0.475
583.9208727	0.475
583.937354799999	0.475
583.953970799999	0.475
583.9705656	0.475
583.987225	0.475
584.003884899999	0.475
584.0204146	0.475
584.036828099999	0.475
584.0538453	0.475
584.0705564	0.475
584.0867743	0.475
584.1039365	0.475
584.120342699999	0.475
584.136908099999	0.475
584.1541596	0.475
584.170738399999	0.475
584.1869296	0.475
584.204069699999	0.475
584.220559799999	0.475
584.237501699999	0.475
584.253788499999	0.475
584.270653699999	0.475
584.286782599999	0.475
584.304005999999	0.475
584.320602299999	0.475
584.337360199999	0.475
584.3538179	0.475
584.370752999999	0.475
584.387262599999	0.475
584.403982999999	0.475
584.420685999999	0.475
584.437381799999	0.475
584.454303799999	0.475
584.4702945	0.475
584.487187	0.475
584.5038986	0.475
584.5205262	0.475
584.5370687	0.475
584.5539039	0.475
584.570524399999	0.475
584.586942999999	0.475
584.603544	0.475
584.6201395	0.475
584.6369391	0.475
584.6536406	0.475
584.6704125	0.475
584.687148999999	0.475
584.7039286	0.475
584.720511	0.475
584.7368686	0.475
584.7538144	0.475
584.7701957	0.475
584.787326299999	0.475
584.803551	0.475
584.8205897	0.475
584.8371259	0.475
584.853459299999	0.475
584.870677399999	0.475
584.887403199999	0.475
584.9040061	0.475
584.9208264	0.475
584.936977099999	0.475
584.953852199999	0.475
584.9704849	0.475
584.9867863	0.475
585.003371899999	0.475
585.0204927	0.475
585.037283	0.475
585.0533619	0.475
585.070726899999	0.475
585.086918399999	0.475
585.1038462	0.475
585.1202328	0.475
585.137400799999	0.475
585.153852199999	0.475
585.1704627	0.475
585.1868723	0.475
585.203846699999	0.475
585.2203019	0.475
585.2373565	0.475
585.253753499999	0.475
585.270494099999	0.475
585.2872503	0.475
585.3034644	0.475
585.3205571	0.475
585.336816399999	0.475
585.353673	0.475
585.370943899999	0.475
585.3874559	0.475
585.4036689	0.475
585.4206835	0.475
585.4375697	0.475
585.4539501	0.475
585.4705285	0.475
585.4867052	0.475
585.503714099999	0.475
585.520664799999	0.475
585.5368653	0.475
585.554033199999	0.475
585.5706762	0.475
585.587199899999	0.475
585.6035674	0.475
585.62043	0.475
585.6372543	0.475
585.6533719	0.475
585.6705925	0.475
585.6871286	0.475
585.7039427	0.475
585.7202401	0.475
585.737383799999	0.475
585.754369699999	0.475
585.7706024	0.475
585.787299199999	0.475
585.803891299999	0.475
585.820598099999	0.475
585.837350899999	0.475
585.854012999999	0.475
585.8706052	0.475
585.887432899999	0.475
585.903990399999	0.475
585.920321899999	0.475
585.937288499999	0.475
585.9540025	0.475
585.970674699999	0.475
585.987246899999	0.475
586.0037518	0.475
586.0205238	0.475
586.0368374	0.475
586.0536174	0.475
586.0709256	0.475
586.0872322	0.475
586.103412199999	0.475
586.120566899999	0.475
586.137010199999	0.475
586.153921499999	0.475
586.171058499999	0.475
586.186832199999	0.475
586.203286299999	0.475
586.220579899999	0.475
586.2368718	0.475
586.253882399999	0.475
586.2705406	0.475
586.2869369	0.475
586.303924	0.475
586.320519	0.475
586.3370731	0.475
586.3541262	0.475
586.370170499999	0.475
586.386659899999	0.475
586.403933199999	0.475
586.4202632	0.475
586.437073599999	0.475
586.453820799999	0.475
586.470246899999	0.475
586.4869265	0.475
586.5037648	0.475
586.520463299999	0.475
586.5368915	0.475
586.553821	0.475
586.570688899999	0.475
586.586855199999	0.475
586.6040232	0.475
586.6207607	0.475
586.6373506	0.475
586.653974899999	0.475
586.670826299999	0.475
586.687201299999	0.475
586.704206699999	0.475
586.7204895	0.475
586.7369632	0.475
586.754079699999	0.475
586.7708097	0.475
586.7872054	0.475
586.8038326	0.475
586.8205577	0.475
586.8368292	0.475
586.8538626	0.475
586.8702035	0.475
586.886819799999	0.475
586.9033543	0.475
586.9202501	0.475
586.9368687	0.475
586.954624999999	0.475
586.9706128	0.475
586.9872878	0.475
587.003478299999	0.475
587.0206251	0.475
587.0372737	0.475
587.053733999999	0.475
587.0705051	0.475
587.086984899999	0.475
587.103684999999	0.475
587.1206869	0.475
587.137037099999	0.475
587.1537331	0.475
587.170614899999	0.475
587.186762099999	0.475
587.203751499999	0.475
587.2207635	0.475
587.237149	0.475
587.253758399999	0.475
587.2706982	0.475
587.2872032	0.475
587.3033663	0.475
587.320205499999	0.475
587.3371141	0.475
587.353815199999	0.475
587.370500599999	0.475
587.3867851	0.475
587.403490299999	0.475
587.420407	0.475
587.437102499999	0.475
587.4537627	0.475
587.470555299999	0.475
587.4868006	0.475
587.5038078	0.475
587.520161099999	0.475
587.5373443	0.475
587.553392299999	0.475
587.5705351	0.475
587.587545199999	0.483333333333333
587.603816999999	0.501041666666667
587.620665199999	0.509375
587.6373924	0.509375
587.653809699999	0.509375
587.6704733	0.509375
587.687299499999	0.509375
587.703959799999	0.509375
587.7203089	0.509375
587.7366852	0.509375
587.753406399999	0.509375
587.7702912	0.509375
587.7866562	0.509375
587.8037458	0.509375
587.8202119	0.509375
587.8371511	0.509375
587.8537603	0.509375
587.8705235	0.509375
587.887167399999	0.509375
587.9036818	0.509375
587.9204635	0.509375
587.936600599999	0.509375
587.953419199999	0.509375
587.970108199999	0.509375
587.9866926	0.509375
588.00407	0.509375
588.0203722	0.509375
588.036775	0.509375
588.054212599999	0.509375
588.0706997	0.509375
588.0867866	0.509375
588.1035256	0.509375
588.1204768	0.509375
588.1373119	0.509375
588.1539815	0.509375
588.1706483	0.509375
588.187075999999	0.509375
588.203802	0.509375
588.220363199999	0.509375
588.2372281	0.509375
588.253675999999	0.509375
588.2703788	0.509375
588.287148699999	0.509375
588.3034234	0.509375
588.3205007	0.509375
588.336876799999	0.509375
588.353852599999	0.509375
588.370416	0.509375
588.3869195	0.509375
588.4038923	0.509375
588.4200542	0.509375
588.4370217	0.509375
588.453764	0.509375
588.4704557	0.509375
588.487033099999	0.509375
588.5040971	0.509375
588.520554999999	0.509375
588.536641	0.509375
588.5536477	0.509375
588.570813599999	0.509375
588.587055399999	0.509375
588.6037191	0.509375
588.6201845	0.509375
588.636936899999	0.509375
588.6538378	0.509375
588.6704377	0.509375
588.6870924	0.509375
588.703627899999	0.509375
588.719872	0.509375
588.736668199999	0.509375
588.7540881	0.509375
588.7707789	0.509375
588.7870899	0.509375
588.8040419	0.509375
588.8203962	0.509375
588.837244699999	0.509375
588.8536525	0.509375
588.870589599999	0.509375
588.886585599999	0.509375
588.903746399999	0.509375
588.9210383	0.509375
588.936993099999	0.509375
588.9540318	0.509375
588.9706102	0.509375
588.986937899999	0.509375
589.0041985	0.509375
589.020030799999	0.509375
589.037071399999	0.509375
589.0536501	0.509375
589.0706654	0.509375
589.087004399999	0.509375
589.1034672	0.509375
589.1201999	0.509375
589.1370392	0.509375
589.153916099999	0.509375
589.1705446	0.509375
589.1871186	0.509375
589.203509999999	0.509375
589.220292499999	0.509375
589.2368743	0.509375
589.2534897	0.509375
589.2708189	0.509375
589.287080399999	0.509375
589.304023199999	0.509375
589.3202198	0.509375
589.3368243	0.509375
589.353835	0.509375
589.3701765	0.509375
589.3867707	0.509375
589.403831	0.509375
589.4204648	0.509375
589.4369551	0.509375
589.4541836	0.509375
589.470582399999	0.509375
589.486990799999	0.509375
589.503611599999	0.509375
589.520828399999	0.509375
589.536811999999	0.509375
589.553564999999	0.509375
589.570473399999	0.509375
589.5866644	0.509375
589.6035519	0.509375
589.6205327	0.509375
589.6366891	0.509375
589.6536105	0.509375
589.6704517	0.509375
589.687316	0.509375
589.7039631	0.509375
589.720353899999	0.509375
589.7370593	0.509375
589.753867599999	0.509375
589.7705208	0.509375
589.786977799999	0.509375
589.8034099	0.509375
589.8202838	0.509375
589.8369237	0.509375
589.853404799999	0.509375
589.8702889	0.509375
589.8872058	0.509375
589.903554799999	0.509375
589.920152	0.509375
589.9371499	0.509375
589.9538556	0.509375
589.9700298	0.509375
589.987512999999	0.509375
590.003753399999	0.509375
590.0207845	0.509375
590.036951999999	0.509375
590.053752	0.509375
590.070469499999	0.509375
590.0869754	0.509375
590.1038217	0.509375
590.1203581	0.509375
590.1370431	0.509375
590.154232899999	0.509375
590.170181799999	0.509375
590.186467099999	0.509375
590.203993499999	0.509375
590.220584899999	0.509375
590.236837599999	0.509375
590.253508999999	0.509375
590.270057199999	0.509375
590.2867649	0.509375
590.3037195	0.509375
590.320256499999	0.509375
590.336990199999	0.509375
590.3537036	0.509375
590.3701806	0.509375
590.3870682	0.509375
590.4039077	0.509375
590.4205353	0.509375
590.4370297	0.509375
590.4535282	0.509375
590.4698111	0.509375
590.486678099999	0.509375
590.503652799999	0.509375
590.5200405	0.509375
590.5367596	0.509375
590.554206	0.509375
590.570162999999	0.509375
590.5873622	0.509375
590.6038068	0.509375
590.620452499999	0.509375
590.637188799999	0.509375
590.654003099999	0.509375
590.6704007	0.509375
590.687056899999	0.509375
590.703506399999	0.509375
590.7204463	0.509375
590.7365813	0.509375
590.753674699999	0.509375
590.7700275	0.509375
590.7867363	0.509375
590.8039374	0.509375
590.820589999999	0.509375
590.836833799999	0.509375
590.853662699999	0.509375
590.870520099999	0.509375
590.8873083	0.509375
590.9038542	0.509375
590.920461999999	0.509375
590.9368559	0.509375
590.9537025	0.509375
590.9703909	0.509375
590.986738199999	0.509375
591.003770699999	0.509375
591.020425	0.509375
591.0371859	0.509375
591.053599	0.509375
591.070343599999	0.509375
591.0872092	0.509375
591.1039967	0.509375
591.1200589	0.509375
591.1372468	0.509375
591.153309099999	0.509375
591.1701524	0.509375
591.1869521	0.509375
591.2039669	0.509375
591.220690599999	0.509375
591.2369917	0.509375
591.253885599999	0.509375
591.2702445	0.509375
591.2868406	0.509375
591.3037743	0.509375
591.320731	0.509375
591.3368805	0.509375
591.353364099999	0.509375
591.370021899999	0.509375
591.3864563	0.509375
591.4038574	0.509375
591.4202152	0.509375
591.4365733	0.509375
591.453776699999	0.509375
591.4701571	0.509375
591.4869781	0.509375
591.503949999999	0.509375
591.520275	0.509375
591.536980499999	0.509375
591.553615899999	0.509375
591.570524899999	0.509375
591.586652499999	0.509375
591.6039407	0.509375
591.620556399999	0.509375
591.6368992	0.509375
591.6539869	0.509375
591.670241999999	0.509375
591.686785399999	0.509375
591.703932699999	0.509375
591.720627899999	0.509375
591.7368767	0.509375
591.7535516	0.509375
591.7702831	0.509375
591.7868567	0.509375
591.8040339	0.509375
591.8201701	0.509375
591.836643099999	0.509375
591.853407699999	0.509375
591.8705357	0.509375
591.886608999999	0.509375
591.9034046	0.509375
591.920770999999	0.509375
591.9369441	0.509375
591.9539226	0.509375
591.9703204	0.509375
591.9873743	0.509375
592.0034805	0.509375
592.020421099999	0.509375
592.0368676	0.509375
592.053773299999	0.509375
592.070323399999	0.509375
592.0866103	0.509375
592.1037098	0.509375
592.1200129	0.509375
592.136677199999	0.509375
592.1539169	0.509375
592.170504899999	0.509375
592.187174899999	0.509375
592.2036038	0.509375
592.220387699999	0.509375
592.2369074	0.509375
592.2536807	0.509375
592.270797499999	0.509375
592.287097599999	0.509375
592.303301	0.509375
592.3198422	0.509375
592.3368093	0.509375
592.3538684	0.509375
592.370351299999	0.509375
592.386942399999	0.509375
592.404062899999	0.509375
592.420103799999	0.509375
592.4368945	0.509375
592.453825799999	0.509375
592.470331899999	0.509375
592.4869915	0.509375
592.503868999999	0.509375
592.5203364	0.509375
592.5369554	0.509375
592.553459999999	0.509375
592.5703144	0.509375
592.5867634	0.509375
592.6039026	0.509375
592.620071699999	0.509375
592.6365074	0.509375
592.6539944	0.509375
592.670522599999	0.509375
592.687169	0.509375
592.7037611	0.509375
592.720403599999	0.509375
592.7366364	0.509375
592.753838	0.509375
592.7699255	0.509375
592.786585999999	0.509375
592.803878399999	0.509375
592.8200209	0.509375
592.836720099999	0.509375
592.853369599999	0.509375
592.8704554	0.509375
592.886615599999	0.509375
592.9037566	0.509375
592.920144299999	0.509375
592.936594299999	0.509375
592.9535393	0.509375
592.9701317	0.509375
592.987453299999	0.509375
593.0039891	0.509375
593.020135	0.509375
593.036364699999	0.509375
593.053583999999	0.509375
593.0705056	0.509375
593.086767299999	0.509375
593.103500699999	0.509375
593.1204862	0.509375
593.136783399999	0.509375
593.1538175	0.509375
593.1706141	0.509375
593.1868747	0.509375
593.2037113	0.509375
593.220281499999	0.509375
593.2363894	0.509375
593.253657599999	0.509375
593.2699784	0.509375
593.2866385	0.509375
593.303813899999	0.509375
593.3203668	0.509375
593.336395099999	0.509375
593.353762999999	0.509375
593.3700903	0.509375
593.3865443	0.509375
593.4036913	0.509375
593.420300999999	0.509375
593.4365997	0.509375
593.4539704	0.509375
593.470378999999	0.509375
593.486833399999	0.509375
593.503413799999	0.509375
593.5202831	0.509375
593.5364015	0.509375
593.553661999999	0.509375
593.5698808	0.509375
593.586837899999	0.509375
593.6041711	0.509375
593.6203189	0.509375
593.6367197	0.509375
593.653606999999	0.509375
593.6701772	0.509375
593.6868852	0.509375
593.704402699999	0.509375
593.7202978	0.509375
593.736352899999	0.509375
593.753594	0.509375
593.7697134	0.509375
593.7864228	0.509375
593.8033171	0.509375
593.820173499999	0.509375
593.8367252	0.509375
593.8532576	0.509375
593.8704283	0.509375
593.886906799999	0.509375
593.903345799999	0.509375
593.9205176	0.509375
593.936426099999	0.509375
593.953662499999	0.509375
593.9700226	0.509375
593.986588199999	0.509375
594.0034157	0.509375
594.020288199999	0.509375
594.036852699999	0.509375
594.053669	0.509375
594.070295799999	0.509375
594.086647499999	0.509375
594.1036115	0.509375
594.120202999999	0.509375
594.1367169	0.509375
594.1538236	0.509375
594.1705624	0.509375
594.186706199999	0.509375
594.2038095	0.509375
594.2200846	0.509375
594.236348699999	0.509375
594.2535203	0.509375
594.269896	0.509375
594.287010399999	0.509375
594.3035443	0.509375
594.320661299999	0.509375
594.3364253	0.509375
594.353792299999	0.509375
594.370278099999	0.509375
594.3866277	0.509375
594.403309699999	0.509375
594.420467499999	0.509375
594.437005399999	0.509375
594.4537075	0.509375
594.4699378	0.509375
594.486420699999	0.509375
594.503760199999	0.509375
594.5200731	0.509375
594.5365544	0.509375
594.5533541	0.509375
594.570119499999	0.509375
594.586955199999	0.509375
594.603936799999	0.509375
594.620321799999	0.509375
594.6364863	0.509375
594.6535988	0.509375
594.6698824	0.509375
594.6865591	0.509375
594.7034988	0.509375
594.720339	0.509375
594.736421199999	0.509375
594.753287699999	0.509375
594.7702665	0.509375
594.787154099999	0.509375
594.8034639	0.509375
594.820741	0.509375
594.8367861	0.509375
594.853954699999	0.509375
594.870330999999	0.509375
594.8867925	0.509375
594.904151	0.509375
594.9202994	0.509375
594.9364527	0.509375
594.9536905	0.509375
594.969871499999	0.509375
594.9867194	0.509375
595.003528599999	0.509375
595.0202683	0.509375
595.036617	0.509375
595.054020099999	0.509375
595.0702726	0.509375
595.086465799999	0.509375
595.103695299999	0.509375
595.1202926	0.509375
595.1367641	0.509375
595.1537222	0.509375
595.1701722	0.509375
595.1867102	0.509375
595.203650799999	0.509375
595.219619099999	0.509375
595.2366237	0.509375
595.2533212	0.509375
595.269934999999	0.509375
595.2867228	0.509375
595.303481899999	0.509375
595.3205386	0.509375
595.336800399999	0.509375
595.353991	0.509375
595.3700057	0.509375
595.386439299999	0.509375
595.4037294	0.509375
595.419921199999	0.509375
595.4366303	0.509375
595.453312299999	0.509375
595.4703818	0.509375
595.486510999999	0.509375
595.5035855	0.509375
595.520267999999	0.509375
595.536810199999	0.509375
595.553800999999	0.509375
595.5703469	0.509375
595.586595299999	0.509375
595.6034916	0.509375
595.6201427	0.509375
595.636619299999	0.509375
595.6531741	0.509375
595.6704388	0.509375
595.686773599999	0.509375
595.703409899999	0.509375
595.720230499999	0.509375
595.7364688	0.509375
595.753862099999	0.509375
595.770234	0.509375
595.786500499999	0.509375
595.8035032	0.509375
595.8204787	0.509375
595.836677499999	0.509375
595.853635699999	0.509375
595.8704911	0.509375
595.8864869	0.509375
595.9031853	0.509375
595.9199565	0.509375
595.9367047	0.509375
595.953676599999	0.509375
595.970313299999	0.509375
595.9867791	0.509375
596.0035424	0.509375
596.0200645	0.509375
596.0365224	0.509375
596.0535278	0.509375
596.0702845	0.509375
596.0866363	0.509375
596.1035403	0.509375
596.1199738	0.509375
596.136669	0.509375
596.1536227	0.509375
596.169863499999	0.509375
596.1866488	0.509375
596.203580199999	0.509375
596.2202662	0.509375
596.237045	0.509375
596.253524999999	0.509375
596.2700441	0.509375
596.286512	0.509375
596.3035015	0.509375
596.320334499999	0.509375
596.3366102	0.509375
596.3531825	0.509375
596.3700596	0.509375
596.3863947	0.509375
596.4032923	0.509375
596.420471699999	0.509375
596.436482499999	0.509375
596.4534822	0.509375
596.4698719	0.509375
596.4870923	0.509375
596.5034925	0.509375
596.5200392	0.509375
596.536725399999	0.509375
596.553204899999	0.509375
596.570048299999	0.509375
596.5865581	0.509375
596.603590299999	0.509375
596.620322899999	0.509375
596.636845	0.509375
596.6532349	0.509375
596.6701832	0.509375
596.6865223	0.509375
596.7035738	0.509375
596.7199818	0.509375
596.736982099999	0.509375
596.7536069	0.509375
596.7697306	0.509375
596.7866771	0.509375
596.803573499999	0.509375
596.819852299999	0.509375
596.836675299999	0.509375
596.853668899999	0.509375
596.870231399999	0.509375
596.8868625	0.509375
596.9036406	0.509375
596.920138099999	0.509375
596.936620199999	0.509375
596.953187399999	0.509375
596.970221	0.509375
596.9866469	0.509375
597.003493099999	0.509375
597.020366899999	0.509375
597.036566299999	0.509375
597.053523	0.509375
597.070194	0.509375
597.086699699999	0.509375
597.103743299999	0.509375
597.1202844	0.509375
597.1365091	0.509375
597.1533709	0.509375
597.170407	0.509375
597.186378699999	0.509375
597.203715199999	0.509375
597.220318	0.509375
597.236396699999	0.509375
597.2534682	0.509375
597.2699864	0.509375
597.286450899999	0.509375
597.3031703	0.509375
597.3202426	0.509375
597.336503	0.509375
597.353439799999	0.509375
597.370061699999	0.509375
597.3869688	0.509375
597.403643199999	0.509375
597.420453	0.509375
597.436362699999	0.509375
597.453469999999	0.509375
597.470030199999	0.509375
597.486577199999	0.509375
597.5031377	0.509375
597.5196209	0.509375
597.5366796	0.509375
597.55361	0.509375
597.5699059	0.509375
597.586743299999	0.509375
597.6075783	0.509375
597.6202987	0.509375
597.636685099999	0.509375
597.6536276	0.509375
597.670154099999	0.509375
597.686291399999	0.509375
597.703734999999	0.509375
597.7200157	0.509375
597.736779399999	0.509375
597.7532001	0.509375
597.7703199	0.509375
597.7866618	0.509375
597.803615899999	0.509375
597.8205097	0.509375
597.836329999999	0.509375
597.8536526	0.509375
597.8697788	0.509375
597.886782099999	0.509375
597.9037117	0.509375
597.9203312	0.509375
597.936699	0.509375
597.9532328	0.509375
597.9702221	0.509375
597.9864707	0.509375
598.0034547	0.509375
598.0204183	0.509375
598.036399299999	0.509375
598.0534817	0.509375
598.0701359	0.509375
598.086762999999	0.509375
598.1036798	0.509375
598.120672599999	0.509375
598.136681	0.509375
598.153359899999	0.509375
598.170153499999	0.509375
598.18664	0.509375
598.2032915	0.509375
598.220265499999	0.509375
598.2366574	0.509375
598.253634899999	0.509375
598.2703348	0.509375
598.286622	0.509375
598.3037144	0.509375
598.3201934	0.509375
598.3368905	0.509375
598.3531758	0.509375
598.37011	0.509375
598.3867458	0.509375
598.403132699999	0.509375
598.4198397	0.509375
598.436751599999	0.509375
598.453869	0.509375
598.470358299999	0.509375
598.4868369	0.509375
598.503511999999	0.509375
598.5201128	0.509375
598.5365763	0.509375
598.5535408	0.509375
598.5701461	0.509375
598.5868795	0.509375
598.6029571	0.509375
598.6202102	0.509375
598.6368028	0.509375
598.653517	0.509375
598.670270699999	0.509375
598.6868151	0.509375
598.7032788	0.509375
598.720156099999	0.509375
598.7367005	0.509375
598.753325899999	0.509375
598.769941099999	0.509375
598.786631499999	0.509375
598.803489999999	0.509375
598.819869299999	0.509375
598.8365724	0.509375
598.8528596	0.509375
598.8701348	0.509375
598.8866512	0.509375
598.9033473	0.509375
598.919725399999	0.509375
598.936746699999	0.509375
598.9536093	0.509375
598.9700096	0.509375
598.9867792	0.509375
599.003164999999	0.509375
599.020336099999	0.509375
599.0366753	0.509375
599.053009099999	0.509375
599.0700244	0.509375
599.0868934	0.509375
599.1031863	0.509375
599.119911999999	0.509375
599.1364721	0.509375
599.152972399999	0.509375
599.169665699999	0.509375
599.1865062	0.509375
599.2075387	0.509375
599.22017	0.509375
599.2364473	0.509375
599.253503499999	0.509375
599.2699659	0.509375
599.2867828	0.509375
599.3031999	0.509375
599.3200241	0.509375
599.336819499999	0.509375
599.3535149	0.509375
599.3700762	0.509375
599.386408099999	0.509375
599.4036317	0.509375
599.4203517	0.509375
599.4364933	0.509375
599.453581	0.509375
599.4702029	0.509375
599.4866076	0.509375
599.5038735	0.509375
599.520213299999	0.509375
599.5363068	0.509375
599.553322899999	0.509375
599.569747799999	0.509375
599.586873599999	0.509375
599.603645699999	0.509375
599.6202617	0.509375
599.636744199999	0.509375
599.653629699999	0.509375
599.669578999999	0.509375
599.6866444	0.509375
599.703600899999	0.509375
599.7200108	0.509375
599.736725	0.509375
599.7536424	0.509375
599.769939399999	0.509375
599.7865943	0.509375
599.803259099999	0.509375
599.8196953	0.509375
599.836893799999	0.509375
599.853505399999	0.509375
599.8700572	0.509375
599.8864525	0.509375
599.903119299999	0.509375
599.9200144	0.509375
599.9365659	0.509375
599.953607099999	0.509375
599.969938099999	0.509375
599.9866598	0.509375
600.003443099999	0.509375
