time	rating_intensity
0.0226190999997016	0
0.0360382999997455	0
0.0634977999998227	0
0.0767815999997765	0
0.101765399999749	0
0.119162599999981	0
0.135269799999605	0
0.152317399999902	0
0.168621199999961	0
0.185135499999888	0
0.201870099999724	0
0.218428299999687	0
0.23512989999972	0
0.251947699999619	0
0.268164399999932	0
0.285177499999918	0
0.301817499999743	0
0.318326099999922	0
0.338407099999586	0
0.352880799999639	0
0.369626299999709	0
0.386137699999836	0
0.40280329999996	0
0.41931779999959	0
0.435983199999555	0
0.452930999999808	0
0.469494999999824	0
0.486146899999767	0
0.50291019999986	0
0.519454299999779	0
0.535993399999825	0
0.552394999999706	0
0.569332599999598	0
0.58603789999961	0
0.603167599999779	0
0.619382499999574	0
0.636525199999596	0
0.652977599999758	0
0.669658099999651	0
0.686366799999632	0
0.702976199999739	0
0.719364799999767	0
0.735844499999985	0
0.752923699999883	0
0.76942949999966	0
0.786254799999824	0
0.802779599999667	0
0.819106399999782	0
0.836012599999776	0
0.852467799999886	0
0.869465899999796	0
0.886149599999953	0
0.903087899999719	0
0.9194822999998	0
0.936047599999711	0
0.952786899999865	0
0.969046199999866	0
0.985637799999949	0
1.00232539999979	0
1.01885619999985	0
1.03593529999989	0
1.05256139999983	0
1.06971009999961	0
1.08612099999982	0
1.10257479999973	0
1.11958559999994	0
1.1359682999996	0
1.15309600000001	0
1.16944109999986	0
1.18585139999959	0
1.20276969999986	0
1.21939379999958	0
1.23582929999975	0
1.25256799999988	0
1.26929179999979	0
1.28567569999996	0
1.30302019999999	0
1.31964309999967	0
1.3358089999997	0
1.35280719999992	0
1.36970329999986	0
1.38639759999978	0
1.40282649999972	0
1.41940859999977	0
1.43590889999996	0
1.45296239999971	0
1.46943659999988	0
1.48592069999995	0
1.50283659999968	0
1.51913599999989	0
1.53570169999966	0
1.55266139999958	0
1.56978179999987	0
1.58582419999993	0
1.60266749999982	0
1.61939149999989	0
1.63583429999971	0
1.6527458999999	0
1.6691237	0
1.68572139999969	0
1.7029921999997	0
1.7194113999999	0
1.73583139999982	0
1.75267039999972	0
1.7694921999996	0
1.78573749999987	0
1.80299579999974	0
1.8195125999996	0
1.83600219999971	0
1.85279999999966	0
1.86942199999976	0
1.88572369999974	0
1.90274779999982	0
1.91939059999959	0
1.93592239999998	0
1.95289409999987	0
1.96962989999975	0
1.98552219999965	0
2.00252699999965	0
2.01940449999984	0
2.03562929999998	0
2.05271139999968	0
2.06904509999958	0
2.08607349999966	0
2.1027767999999	0
2.11904059999961	0
2.13589509999974	0
2.15292389999968	0
2.16906119999976	0
2.18545509999967	0
2.20236389999991	0
2.21976659999973	0
2.23612269999967	0
2.25280679999969	0
2.2696062	0
2.28583819999994	0
2.30252889999974	0
2.31957889999967	0
2.33580239999992	0
2.35283679999975	0
2.36932909999996	0
2.38542409999991	0
2.40238169999975	0
2.41902029999983	0
2.43623659999957	0
2.4527877999999	0
2.46955229999958	0
2.48591469999974	0
2.50225099999989	0
2.5196818999998	0
2.53613759999962	0
2.55288029999974	0
2.5690869	0
2.58541869999999	0
2.60251209999979	0
2.61903499999971	0
2.63559599999962	0
2.65216919999966	0
2.66939379999985	0
2.6859814999998	0
2.7024908999997	0
2.71958499999982	0
2.73550039999964	0
2.75227409999979	0
2.76938389999987	0
2.78589759999977	0
2.80234709999968	0
2.81876859999966	0
2.83579399999962	0
2.85234979999996	0
2.86943269999983	0
2.88647829999991	0
2.90269949999993	0
2.9195522	0
2.93641789999992	0
2.95253579999962	0
2.96907039999996	0
2.98562839999977	0
3.00289509999993	0
3.0193962999997	0
3.0359311999996	0
3.05235229999971	0
3.0697081999997	0
3.08608809999987	0
3.10286389999965	0
3.11948629999961	0
3.13544239999965	0
3.15252939999982	0
3.16965989999971	0
3.18598469999961	0
3.20289529999991	0
3.21933959999978	0
3.23535969999966	0
3.25281849999965	0
3.26936949999981	0
3.28591579999966	0
3.30272779999996	0
3.3194469	0
3.3360373999999	0
3.35303939999994	0
3.36916499999961	0
3.3855752999998	0
3.40308919999961	0
3.41914339999994	0
3.43556919999992	0
3.45254699999987	0
3.46935799999983	0
3.48576679999996	0
3.50282169999991	0
3.5195805999997	0
3.53545609999992	0
3.55271999999968	0
3.56898969999975	0
3.58576919999996	0
3.60230909999973	0
3.61940679999998	0
3.63610039999958	0
3.6528873999996	0
3.66906329999983	0
3.68601199999966	0
3.7028266999996	0
3.71944839999969	0
3.73536839999997	0
3.75227469999982	0
3.76929839999957	0
3.7854711	0
3.80268029999979	0
3.81892799999969	0
3.83549449999964	0
3.8532909999999	0
3.86950089999982	0
3.88584619999983	0
3.90230769999971	0
3.91963549999991	0
3.9353471999998	0
3.95272029999978	0
3.96927229999983	0
3.98538519999966	0
4.0026370999999	0
4.01911389999987	0
4.0355970999999	0
4.05283629999985	0
4.06937379999999	0
4.08590199999981	0
4.10235079999984	0
4.11911889999965	0
4.13535469999988	0
4.15281959999993	0
4.16983479999999	0
4.18753239999978	0
4.20287549999966	0
4.21927309999955	0
4.23564629999964	0
4.25253349999957	0
4.26969179999969	0
4.28566719999981	0
4.30237869999974	0
4.31927799999994	0
4.33564709999973	0
4.35290229999964	0
4.369103	0
4.38545789999989	0
4.40272259999983	0
4.41909029999988	0
4.43535999999995	0
4.45299019999993	0
4.46948329999987	0
4.48544819999961	0
4.50278959999969	0
4.51885679999987	0
4.53550309999991	0
4.55282539999962	0
4.56956009999976	0
4.58542659999966	0
4.6030023999997	0
4.61907529999962	0
4.63577959999975	0
4.65286609999976	0
4.66961209999999	0
4.68612469999971	0
4.70262179999963	0
4.71919909999997	0
4.73540159999993	0
4.75225899999987	0
4.76949929999955	0
4.78566109999974	0
4.80265069999996	0
4.81909279999991	0
4.83569429999989	0
4.85277979999955	0
4.86896559999968	0
4.88565889999973	0
4.90280299999995	0
4.91941589999988	0
4.93554989999984	0
4.95276939999985	0
4.96925609999971	0
4.98565059999964	0
5.00247009999975	0
5.01934289999963	0
5.03591289999986	0
5.05300119999993	0
5.06941789999973	0
5.08564979999983	0
5.10260839999955	0
5.11944499999981	0
5.13537049999968	0
5.15284709999969	0
5.16895049999994	0
5.18651849999969	0
5.20224859999962	0
5.21945989999995	0
5.2358508999996	0
5.25287629999957	0
5.26952379999966	0
5.28550059999998	0
5.30280599999969	0
5.31947989999981	0
5.33544459999985	0
5.35270459999992	0
5.36939219999977	0
5.38565299999982	0
5.40300409999963	0
5.41900389999955	0
5.43569239999988	0
5.45224459999963	0
5.46943139999985	0
5.48581809999996	0
5.50297349999983	0
5.51944469999989	0
5.53541639999958	0
5.55258669999967	0
5.56889999999976	0
5.58584379999957	0
5.60278789999984	0
5.61928159999979	0
5.63579859999982	0
5.65299909999976	0
5.66933629999994	0
5.68543659999978	0
5.70235009999988	0
5.7185586999999	0
5.73529619999999	0
5.75241199999982	0
5.76941429999988	0
5.78586509999968	0
5.80301279999958	0
5.81930329999977	0
5.83593349999956	0
5.85266249999995	0
5.86918749999995	0
5.88599479999993	0
5.90211929999987	0
5.91950299999962	0
5.93546169999991	0
5.95242229999985	0
5.96876109999994	0
5.98568379999961	0
6.00274779999972	0
6.01932419999957	0
6.03577859999996	0
6.0529177999997	0
6.06926829999975	0
6.08575959999962	0
6.10276149999981	0
6.11905959999967	0
6.1357068999996	0
6.15234029999965	0
6.1691837999997	0
6.18566979999969	0
6.20224359999975	0
6.21917129999974	0
6.23596409999982	0
6.25274589999981	0
6.26879669999971	0
6.28582019999976	0
6.30235239999956	0
6.31929159999981	0
6.33563939999976	0
6.35285649999969	0
6.36891709999963	0
6.38583709999966	0
6.40269869999975	0
6.41926399999966	0
6.43555789999982	0
6.45236369999975	0
6.4688357	0
6.48587949999956	0
6.50271299999986	0
6.51935969999977	0
6.53616109999984	0
6.55281209999976	0
6.56938579999996	0
6.58580159999974	0
6.6029225999996	0
6.61896589999969	0
6.63585059999969	0
6.65244959999973	0
6.66891129999976	0
6.68585129999974	0
6.7027535999996	0
6.71938069999987	0
6.73552169999994	0
6.75270739999996	0
6.76944029999959	0
6.78568769999993	0
6.80253939999966	0
6.81931019999956	0
6.8354247999996	0
6.85231739999972	0
6.86897379999982	0
6.8856394999998	0
6.90216689999988	0
6.91881189999958	0
6.93570539999973	0
6.95268049999959	0
6.96935199999962	0
6.98593329999994	0
7.0023841999996	0
7.01916699999992	0
7.03561649999983	0
7.05306819999987	0
7.06963629999973	0
7.08592939999971	0
7.10223429999996	0
7.11894569999959	0
7.13615359999994	0
7.15289699999994	0
7.16942909999989	0
7.18589269999984	0
7.20265319999999	0
7.21931839999979	0
7.23535569999967	0
7.25296639999988	0
7.26895309999964	0
7.28597669999999	0
7.30277339999975	0
7.31927229999974	0
7.3353775999999	0
7.35232789999964	0
7.36911269999973	0
7.38537499999984	0
7.4029117	0
7.41930409999986	0
7.43591759999981	0
7.45228839999982	0
7.46900389999973	0
7.48557019999998	0
7.50253949999978	0
7.51933859999963	0
7.53559059999998	0
7.55219639999996	0
7.5687197999996	0
7.58536639999966	0
7.6023866999999	0
7.61919489999991	0
7.63561789999994	0
7.65229629999976	0
7.66901459999963	0
7.68596389999993	0
7.70278829999961	0
7.71932909999987	0
7.73559159999968	0
7.7526799999996	0
7.76873119999982	0
7.78564469999992	0
7.80224539999972	0
7.81919249999964	0
7.83578109999962	0
7.85223209999958	0
7.86881519999997	0
7.88520819999985	0
7.90210209999987	0
7.91935859999967	0
7.93582039999956	0
7.95269839999992	0
7.96951599999966	0
7.9858033999999	0
8.00256739999986	0
8.01924739999959	0
8.03593179999962	0
8.05198189999965	0
8.06857879999961	0
8.0857532	0
8.10215549999975	0
8.11919909999961	0
8.13567829999965	0
8.15212539999993	0
8.16921919999959	0
8.18595229999983	0
8.20266299999957	0
8.21870899999976	0
8.23525839999957	0
8.25194689999989	0
8.26919529999986	0
8.28541559999985	0
8.30244529999982	0
8.31914199999983	0
8.33651929999996	0
8.35450229999969	0
8.36951519999957	0
8.38590609999983	0
8.40244409999968	0
8.41923039999983	0
8.43577819999973	0
8.45233979999966	0
8.46931179999956	0
8.48591829999987	0
8.50270879999971	0
8.51918599999999	0
8.53546969999979	0
8.55206929999986	0
8.56871109999975	0
8.58591659999956	0
8.60238129999971	0
8.61888739999995	0
8.63601599999993	0
8.6526300999999	0
8.66918019999957	0
8.68528619999961	0
8.70221749999973	0
8.71919939999998	0
8.73577449999993	0
8.7520712999999	0
8.76931070000001	0
8.78516469999977	0
8.80245649999961	0
8.8192511999996	0
8.83597899999995	0
8.85210849999976	0
8.86968139999999	0
8.88596689999986	0
8.9024744999997	0
8.91950779999979	0
8.93589979999979	0
8.95209549999981	0
8.9692871999996	0
8.98574559999997	0
9.00227249999989	0
9.01913399999967	0
9.03556579999986	0
9.05209119999972	0
9.06888089999984	0
9.08579869999994	0
9.10260329999983	0
9.11922639999966	0
9.13534189999973	0
9.1521573	0
9.16925039999978	0
9.18515929999967	0
9.20206149999967	0
9.21858909999992	0
9.23564639999995	0
9.25207409999985	0
9.26885519999996	0
9.28505489999998	0
9.3022974999999	0
9.31950009999991	0
9.33546839999963	0
9.3531968999996	0
9.36958159999995	0
9.38553429999956	0
9.40330139999969	0
9.41961419999961	0
9.43572359999962	0
9.45258719999993	0
9.46883619999971	0
9.48516059999974	0
9.50256069999978	0
9.51931849999983	0
9.53596689999995	0
9.55293439999969	0
9.56883339999968	0
9.58561379999992	0
9.60262709999961	0
9.6195332999996	0
9.63607319999983	0
9.65206389999958	0
9.66931219999969	0
9.68621109999958	0
9.70260549999966	0
9.71914839999999	0
9.73576959999991	0
9.75216869999986	0
9.76917269999967	0
9.78612239999984	0
9.80249359999971	0
9.81895559999975	0
9.83617499999991	0
9.85190599999987	0
9.86907359999987	0
9.88598999999977	0
9.90255819999993	0
9.91930889999958	0
9.93576459999986	0
9.95247669999981	0
9.96898039999996	0
9.98571659999971	0
10.0024356999998	0
10.0190862999998	0
10.0355254999999	0
10.0524361999996	0
10.0687739	0
10.0851377999998	0
10.1018421999997	0
10.1187774	0
10.1353442	0
10.1520581	0
10.1691240999999	0
10.1853410999997	0
10.2020881999997	0
10.2187485999998	0
10.2353860999997	0
10.2518845999998	0
10.2685223999997	0
10.2853174999996	0
10.3024295999999	0
10.3187393999997	0
10.3358638999998	0
10.3524375999996	0
10.3688973999997	0
10.3857820999997	0
10.4027533999997	0
10.4186422999996	0
10.4352222999996	0
10.4518051999999	0
10.4687864999996	0
10.4853703999997	0
10.5024031999997	0
10.519092	0
10.5356285999997	0
10.5520683	0
10.5688521999996	0
10.5859496999997	0
10.6024493999998	0
10.6190680999998	0
10.6359676999996	0
10.6526477999996	0
10.6685319999997	0
10.6858964999997	0
10.7020457999997	0
10.7188891999999	0
10.7356526999997	0
10.7527467	0
10.7686686999996	0
10.7853640999997	0
10.8022889999997	0
10.8191809	0
10.8358202999998	0
10.8523499999997	0
10.8689537999999	0
10.8859104999997	0
10.902611	0
10.9190392999999	0
10.9352740999998	0
10.9524035999998	0
10.9684173999999	0
10.9856013999997	0
11.0019891999996	0
11.0193884999999	0
11.035347	0
11.0528563999997	0
11.0689646999999	0
11.0860640999999	0
11.1024761999997	0
11.1190030999996	0
11.1357166999996	0
11.1528006999997	0
11.1695720999996	0
11.1855350999999	0
11.2019081999997	0
11.2191338999996	0
11.2356120999998	0
11.2525718999996	0
11.2689678999996	0
11.2855098	0
11.3027018999996	0
11.3191949999996	0
11.3356740999998	0
11.3522925999996	0
11.3695362999997	0
11.3853528999998	0
11.4023542999998	0
11.4185702999998	0
11.4352924	0
11.4525604999999	0
11.4691074999996	0
11.4857221999996	0
11.5022387999998	0
11.5191285999999	0
11.5353527999996	0
11.5525481	0
11.5689235999998	0
11.5856937999997	0
11.6026362999996	0
11.6189716999997	0
11.6358894	0
11.6522346999996	0
11.6684040999999	0
11.6858440999999	0
11.7024956999999	0
11.7185065999997	0
11.7356550999998	0
11.7521769	0
11.7685136999999	0
11.7859027	0
11.8024991999996	0
11.8188716999998	0
11.8352481999996	0
11.8525805999998	0
11.8690214999997	0
11.8852451999996	0
11.9019959999996	0
11.9182916	0
11.9353334999996	0
11.9523993999996	0
11.9688752999996	0
11.9853786999997	0
12.0021488999996	0
12.0183834999998	0
12.0358941	0
12.0524578999998	0
12.0715029999997	0
12.0862863999996	0
12.1022158999999	0
12.1233116999997	0
12.1397072999998	0
12.1523637999999	0
12.1691342999998	0
12.1857091999996	0
12.202448	0
12.2189694999997	0
12.2357345999999	0
12.2523216	0
12.2684236999999	0
12.2850914999999	0
12.3019734999998	0
12.3188866999999	0
12.3355204999998	0
12.3524986999996	0
12.3686928999996	0
12.3857429	0
12.4025443999999	0
12.4185468999999	0
12.4355925999998	0
12.4525326999997	0
12.4684576	0
12.4858507999998	0
12.5023370999997	0
12.5189787999998	0
12.5357597999996	0
12.5525079999998	0
12.5684514	0
12.5853908999998	0
12.6022110999997	0
12.6185349999996	0
12.6356369999999	0
12.6520684999996	0
12.6684868999996	0
12.6859643999996	0
12.7024502999998	0
12.7184390999996	0
12.7356347999998	0
12.7521359999996	0
12.7685190999996	0
12.7852328999998	0
12.8023257	0
12.8184369999999	0
12.8355157999999	0
12.8519210999998	0
12.8684244999999	0
12.8851761999999	0
12.9019534999998	0
12.9189447999997	0
12.9356364999999	0
12.952053	0
12.9683806999997	0
12.9854766999997	0
13.0023176999998	0
13.0186827999996	0
13.0355790999997	0
13.0525954999998	0
13.0687859	0
13.0858853999998	0
13.1020174999999	0
13.1184393999997	0
13.1353908999999	0
13.1524317999997	0
13.1685639999996	0
13.1860780999996	0
13.2024239999996	0
13.2183520999997	0
13.2357608999996	0
13.2526230999997	0
13.2686207999996	0
13.2850740999997	0
13.3020587999999	0
13.3184036999996	0
13.3353334999997	0
13.3524345999999	0
13.3684025999996	0
13.3852793999999	0
13.4024958999998	0
13.4183243999996	0
13.4360465	0
13.4524354999999	0
13.4686833999999	0
13.4856299999997	0
13.5021912999996	0
13.5185134999997	0
13.5353263999996	0
13.5522981999998	0
13.5684322999996	0
13.5856239999998	0
13.6022669999998	0
13.6184267999997	0
13.6358393999999	0
13.652341	0
13.6683393999997	0
13.6874922999996	0
13.7023734999998	0
13.7187145999997	0
13.7356855999997	0
13.7523782999997	0
13.7686996999996	0
13.7858371999996	0
13.8024977	0
13.8186656999997	0
13.8354998	0
13.8520767999998	0
13.8690535999999	0
13.8857298999997	0
13.9024149999996	0
13.9193552999996	0
13.9355499999997	0
13.9521983999998	0
13.9684608999996	0
13.9856596999998	0
14.0023687999997	0
14.0183226999998	0
14.035547	0
14.0524290999997	0
14.0684110999996	0
14.0855033999997	0
14.1022964999997	0
14.1183776999997	0
14.1353273999998	0
14.1518186999997	0
14.1682501999999	0
14.1856832999997	0
14.2023584999997	0
14.2183617999999	0
14.2355710999996	0
14.2522829	0
14.2684027999999	0
14.2855493999996	0
14.3025594999999	0
14.3184655999999	0
14.3356589	0
14.3522461999996	0
14.3685450999997	0
14.3857631999999	0
14.4022486999997	0
14.4186737	0
14.4357051999996	0
14.4519225999998	0
14.4684004999999	0
14.4855668999999	0
14.5019141999996	0
14.5184298999998	0
14.5355262999997	0
14.5526013999997	0
14.5684815	0
14.5856529999996	0
14.6022776	0
14.6183765999999	0
14.6355673999997	0
14.6524468999996	0
14.6689068999999	0
14.6855762999999	0
14.7020226999998	0
14.7187617999998	0
14.7352111999999	0
14.7524184999997	0
14.7687080999999	0
14.7856195999998	0
14.8023862999999	0
14.8183910999996	0
14.8355713999999	0
14.8524463999997	0
14.8687349999996	0
14.8856060999997	0
14.9023278	0
14.9187597999999	0
14.9354181999997	0
14.9520485999997	0
14.9685146999996	0
14.9855475999998	0
15.0022776999999	0
15.0184937999998	0
15.0354659999998	0
15.0521640999996	0
15.0686701	0
15.0853658999999	0
15.1021722999999	0
15.1187298	0
15.1355786999998	0
15.1521183	0
15.1685573	0
15.1856857999996	0
15.2022499999998	0
15.2186391999999	0
15.2352403	0
15.2523415999999	0
15.2688138999997	0
15.2852552999998	0
15.3020766999998	0
15.3185006999997	0
15.3355711999998	0
15.3523805	0
15.3681969999998	0
15.3855525999998	0
15.4021868999998	0
15.4186665999996	0
15.4355403	0
15.4522763999998	0
15.4683432999996	0
15.4853589999998	0
15.5021660999996	0
15.518517	0
15.5355685999998	0
15.5518287	0
15.5686643999998	0
15.5853026	0
15.6023946999999	0
15.6188146999998	0
15.6352915999996	0
15.6519187999997	0
15.6688029999996	0
15.6857296999997	0
15.7023217999999	0
15.7181191	0
15.7353897999997	0
15.7520428999997	0
15.7690495999996	0
15.7852452999996	0
15.8023788999999	0
15.8191161999998	0
15.8351659999998	0
15.8521515999996	0
15.8688333999999	0
15.8852699999998	0
15.9023731999996	0
15.9181360999996	0
15.9355641999996	0
15.9519514999997	0
15.9684060999998	0
15.9855183	0
16.0024481999999	0
16.0186847	0
16.0357306999999	0
16.0521933	0
16.0730183999999	0
16.0852677999997	0
16.1021265999998	0
16.1187206999998	0
16.1352419	0
16.1518037999999	0
16.1689170999998	0
16.1855390999999	0
16.2021960999996	0
16.2182783999997	0
16.2356974999998	0
16.2521088999997	0
16.2685253	0
16.2853472999996	0
16.3019689999996	0
16.3187383999998	0
16.3355202999996	0
16.3523868999996	0
16.3693503	0
16.3853405	0
16.4022273999999	0
16.4187386999997	0
16.4354091999999	0
16.4520368999997	0
16.4689783999997	0
16.4853405999997	0
16.5038055	0
16.5185005999997	0
16.5357591999996	0
16.5523042999998	0
16.5688585999997	0
16.5851350999997	0
16.6020898999996	0
16.6194742999996	0
16.6355119	0
16.6521454999997	0
16.6696493999998	0
16.6855114	0
16.7034466999999	0
16.7181554999997	0
16.7356560999997	0
16.7521067999996	0
16.7689212999999	0
16.7853920999996	0
16.8021623	0
16.8190584999998	0
16.8352024999999	0
16.8521701999998	0
16.8684550999997	0
16.8857724	0
16.9022416999996	0
16.9188303999999	0
16.9352907999996	0
16.9520138999997	0
16.9688950999998	0
16.9856516999998	0
17.0021217999997	0
17.0187838999996	0
17.0353049999999	0
17.0517783999999	0
17.0682178999996	0
17.0856845999997	0
17.1022988999998	0
17.1186659999998	0
17.1357501999996	0
17.1522370999996	0
17.1689036999996	0
17.1855195999997	0
17.2020825	0
17.2187515999999	0
17.2357075999998	0
17.2521279999996	0
17.2686408999998	0
17.2853937999998	0
17.3022154999999	0
17.3186615999998	0
17.3355586999996	0
17.3521007999998	0
17.3682642999997	0
17.3852992999996	0
17.4020908999996	0
17.4189141999996	0
17.4356051999998	0
17.452057	0
17.4682783999997	0
17.4856406999997	0
17.5019665	0
17.5186372999997	0
17.5354831	0
17.5520443999999	0
17.5686243999999	0
17.5854065999997	0
17.6029002999999	0
17.6185567999996	0
17.635366	0
17.6523273999996	0
17.6688399999998	0
17.6855507999999	0
17.7021377999999	0
17.7188025999999	0
17.7354306999996	0
17.7520374999999	0
17.768775	0
17.7854888999996	0
17.8021334999999	0
17.8188059999998	0
17.8353846	0
17.8517526999999	0
17.8688199999997	0
17.8853749	0
17.9019942	0
17.9187554999999	0
17.9353107999996	0
17.9519034999998	0
17.9687752999998	0
17.9855923999999	0
18.0018698999997	0
18.0185662999997	0
18.0353630999998	0
18.0521423999999	0
18.0688819999996	0
18.0853039999997	0
18.1019287999998	0
18.1190649999999	0
18.1355970999998	0
18.1519364999999	0
18.1685986999996	0
18.1854921999998	0
18.2020393999996	0
18.2183497999999	0
18.2350422	0
18.2521790999999	0
18.2685159999996	0
18.2852344999997	0
18.3017460999999	0
18.3185080999997	0
18.3353153999997	0
18.3518311999997	0
18.3684694999997	0
18.3854026999998	0
18.4020139999998	0
18.4188068999997	0
18.4354810999998	0
18.4525163999997	0
18.4681807999996	0
18.4855737999997	0
18.5023765999999	0
18.5190287999999	0
18.5353169	0
18.5521246999997	0
18.5688537999999	0
18.5853276999997	0
18.6024015999997	0
18.6189133999997	0
18.6359281	0
18.6522279999999	0
18.6683750999996	0
18.6852147999998	0
18.7021261999998	0
18.7188279999996	0
18.7353313999997	0
18.7521115	0
18.7687423999996	0
18.7852343999998	0
18.8017617999999	0
18.8183915	0
18.8352738999997	0
18.8519291999996	0
18.8687771999998	0
18.8852801999997	0
18.9023794	0
18.9188159999999	0
18.9353354999998	0
18.9518567999999	0
18.9687090999996	0
18.9855762999996	0
19.0020181	0
19.0187354	0
19.0358180999997	0
19.0518832999996	0
19.0685328	0
19.0855883999998	0
19.1019861999998	0
19.1188333999999	0
19.1353432999999	0
19.1520307999999	0
19.1680537999996	0
19.1853173	0
19.2018400999996	0
19.2187371	0
19.2356049	0
19.2515234999996	0
19.2685267999996	0
19.2851954999996	0
19.3018781999999	0
19.3186575999998	0
19.3353014999998	0
19.3516906999998	0
19.3687565999999	0
19.3851166999998	0
19.4020247999997	0
19.4185084999999	0
19.4353168999996	0
19.4517591999997	0
19.4687270999998	0
19.4853830999996	0
19.5022111999997	0
19.5188110999998	0
19.5352988999998	0
19.5520988999997	0
19.5685452999996	0
19.5852037999998	0
19.6017849	0
19.6181705999998	0
19.6353267	0
19.6520313999999	0
19.6684227999999	0
19.6851326999999	0
19.7017841999996	0
19.7188377999996	0
19.7353638999998	0
19.7520499999996	0
19.7687904999998	0
19.7852277999996	0
19.8017589999999	0
19.8186094999996	0
19.8350865999996	0
19.8520245999998	0
19.8688436999996	0
19.8849743999999	0
19.9021075999999	0
19.9188379999996	0
19.9352261999998	0
19.9522539	0
19.9686703999996	0
19.9852426999996	0
20.0018794999996	0
20.0187804999996	0
20.0351450999997	0
20.0520751999998	0
20.0685888999997	0
20.0851602999996	0
20.1019102999999	0
20.1187382999997	0
20.1352780999996	0
20.1520693999996	0
20.1688558999999	0
20.1850783999998	0
20.2020484999998	0
20.2185967999999	0
20.2353450999999	0
20.2520279999999	0
20.2684945999999	0
20.2848329999997	0
20.3019148999997	0
20.3187241999999	0
20.3353778999999	0
20.3519864999998	0
20.3689526999997	0
20.3853462999996	0
20.4017650999999	0
20.4186892999996	0
20.4350425999996	0
20.4517965	0
20.4681330999997	0
20.4851839999997	0
20.5016870999998	0
20.5185904999998	0
20.5349659999997	0
20.5517219999997	0
20.5686231999998	0
20.5849846999999	0
20.6018082999999	0
20.6179950999999	0
20.6347505999997	0
20.6513683999997	0
20.6685242999997	0
20.6849743999996	0
20.7016596999997	0
20.7187130999996	0
20.7354894999999	0
20.7519225999999	0
20.7686739999999	0
20.7854771999996	0
20.8018432999997	0
20.8186936999996	0
20.8352703999999	0
20.8514057999996	0
20.8687510999998	0
20.8853329999997	0
20.9019737999997	0
20.9184771999999	0
20.9353248999996	0
20.9520533999998	0
20.9687247999996	0
20.9854492999998	0
21.0015076999998	0
21.0186225999996	0
21.0353640999997	0
21.0523467999997	0
21.0688139999997	0
21.0852637999997	0
21.1017078	0
21.1182766999996	0
21.1351651	0
21.1518735999998	0
21.1685881999997	0
21.1854226999999	0
21.2018924999998	0
21.2185973999999	0
21.2355116999997	0
21.2518244999997	0
21.2683594999999	0
21.2854137999998	0
21.3016543999997	0
21.3184487999997	0
21.3355807999997	0
21.3514492999998	0
21.3687375	0
21.3852394999999	0
21.4015148999997	0
21.4187196999997	0
21.4352712999998	0
21.4519728999999	0
21.4686299999998	0
21.4853138999997	0
21.5020531999999	0
21.5185709999996	0
21.5349585999998	0
21.5521465999996	0
21.5684693999997	0
21.5848744999998	0
21.6017182999999	0
21.6186444999998	0
21.6349304999999	0
21.6523404	0
21.6686365999999	0
21.6856406999996	0
21.7020637999999	0
21.7186506999997	0
21.7358633999997	0
21.7519543999997	0
21.7686338999997	0
21.7853220999996	0
21.8019731999998	0
21.8182889	0
21.8350352999996	0
21.8513999999996	0
21.8685308999998	0
21.8851444999996	0
21.9019687	0
21.9185912999997	0
21.9353308	0
21.9520687999998	0
21.9685942999999	0
21.9852841999996	0
22.0015954999999	0
22.0187725999999	0
22.0353468999997	0
22.0514902	0
22.0683967999998	0
22.0847917999999	0
22.1016414999999	0
22.1187698999997	0
22.1353037999997	0
22.1516143999997	0
22.1685463999997	0
22.1851462	0
22.2016145999996	0
22.2185817999998	0
22.2353009999997	0
22.2517644999998	0
22.2683914999998	0
22.2847671999998	0
22.3017977	0
22.3185297999999	0
22.3347454	0
22.3517552999997	0
22.3684454999998	0
22.3849241999997	0
22.4015697999998	0
22.4189337999996	0
22.4353564999997	0
22.4520404999998	0
22.4681742999996	0
22.4851564999999	0
22.5018332	0
22.5186921999998	0
22.5353698999998	0
22.5519420999999	0
22.5687099999996	0
22.5850791999997	0
22.6019669999996	0
22.6185129999999	0
22.6351106999996	0
22.6518082999996	0
22.6682314	0
22.6846394999998	0
22.7018301999997	0
22.7183154999998	0
22.7350995999996	0
22.7518838999999	0
22.7684194999997	0
22.7851202999996	0
22.8020127	0
22.8184570999997	0
22.8348228	0
22.8515593999996	0
22.8691140999999	0
22.8851688	0
22.9015634999996	0
22.9184034	0
22.9348570999996	0
22.9518921999997	0
22.9680237999996	0
22.9852524999997	0
23.0018744999998	0
23.0180882	0
23.0352505999999	0
23.0520838999996	0
23.0685821999996	0
23.0849380999998	0
23.1014138999999	0
23.1188466999997	0
23.1346629999998	0
23.1513311999997	0
23.1683758999998	0
23.1858748	0
23.2013991999997	0
23.2187429999999	0
23.2352129999999	0
23.2519092999996	0
23.2685612999999	0
23.2850953999996	0
23.3015243999998	0
23.3185345999996	0
23.3349563999996	0
23.3517019999999	0
23.3686511999999	0
23.3849419999997	0
23.4013313999999	0
23.4218145	0
23.4370847999999	0
23.4515717999998	0
23.4689144999998	0
23.4856025999998	0
23.5016877999997	0
23.5186509999999	0
23.5350176999996	0
23.5515342999997	0
23.5687504999996	0
23.5850684999996	0
23.6019321999997	0
23.6181991999997	0
23.6355141999998	0
23.6513777999999	0
23.6687192999998	0
23.6850839999997	0
23.7015910999999	0
23.7187307999998	0
23.7352887999996	0
23.7518924999999	0
23.7685461999999	0
23.7848350999998	0
23.8013271999998	0
23.8182291999997	0
23.8348471999998	0
23.8518746999998	0
23.8685694999999	0
23.8849687999996	0
23.9014183999998	0
23.9185779999998	0
23.9352215999997	0
23.9515240999999	0
23.9685575999997	0
23.9848327	0
24.0017217999998	0
24.0185053999999	0
24.0353325999999	0
24.0521117999997	0
24.0682352999997	0
24.0851352999998	0
24.1019434	0
24.1183581999999	0
24.1352005999997	0
24.1515764999999	0
24.1685162999997	0
24.1850181	0
24.2018647999998	0
24.2184514999999	0
24.2351936999999	0
24.2518875999999	0
24.2678373999997	0
24.2851334999996	0
24.3017243999998	0
24.3182170999999	0
24.3351300999998	0
24.3518439999998	0
24.3681523999999	0
24.3853552999999	0
24.4019687	0
24.4189107999996	0
24.4350112999996	0
24.4519855999997	0
24.4686761999997	0
24.4852062999998	0
24.5018329999998	0
24.5185554	0
24.5350923999999	0
24.5520431	0
24.5681711999996	0
24.5851173999999	0
24.6012999999998	0
24.618352	0
24.6350723999999	0
24.6515095999998	0
24.6684902999996	0
24.6854859	0
24.7018736999999	0
24.7180706999998	0
24.7351698999996	0
24.7518688999999	0
24.7686618999996	0
24.7851916999998	0
24.8017553	0
24.8182718999997	0
24.8351019999996	0
24.8518651999998	0
24.8681222999999	0
24.8850041999999	0
24.9017988999999	0
24.9185755999997	0
24.9350009	0
24.951693	0
24.9686874999998	0
24.9848024999997	0
25.0016627	0
25.0186550999997	0
25.0351083999999	0
25.0516760999999	0
25.0681411999999	0
25.0850982999996	0
25.1013088999998	0
25.1182881	0
25.1350837	0
25.1518506999996	0
25.1684596	0
25.1847674999999	0
25.2018049999997	0
25.2184798999997	0
25.2350437999999	0
25.2514858	0
25.2683139999999	0
25.2853332999998	0
25.3020379999998	0
25.3187094	0
25.3349512	0
25.3514858999997	0
25.3681133999999	0
25.3849367999997	0
25.4020194999998	0.00625
25.4185166999996	0.00625
25.4352342999996	0.0583333333333333
25.4522589999997	0.105208333333333
25.4685920999996	0.13125
25.4851299999996	0.15625
25.5033208999998	0.164583333333333
25.5185414999996	0.164583333333333
25.5349253999998	0.164583333333333
25.5514235999999	0.164583333333333
25.5682767999997	0.164583333333333
25.5847403999996	0.164583333333333
25.6012658999998	0.164583333333333
25.6183556999999	0.164583333333333
25.6351384999998	0.164583333333333
25.6519331999998	0.164583333333333
25.6686492999997	0.164583333333333
25.6849625	0.164583333333333
25.7019854999999	0.164583333333333
25.7186131999997	0.164583333333333
25.7350308	0.164583333333333
25.7519681999997	0.164583333333333
25.7685881999996	0.15625
25.7850291999998	0.15625
25.8020064999996	0.15625
25.8186770999996	0.163541666666667
25.8350054999996	0.163541666666667
25.8517800999998	0.163541666666667
25.8682727999999	0.163541666666667
25.8853193999998	0.163541666666667
25.9017399999998	0.163541666666667
25.9183513999997	0.163541666666667
25.9351632999997	0.163541666666667
25.9511868999998	0.163541666666667
25.9683642	0.163541666666667
25.9847046	0.163541666666667
26.0014458999999	0.163541666666667
26.0182957999996	0.163541666666667
26.0348593999997	0.163541666666667
26.0513363999999	0.163541666666667
26.0742475999996	0.163541666666667
26.0854780999998	0.163541666666667
26.1018107	0.163541666666667
26.1183163999999	0.163541666666667
26.1350070999997	0.163541666666667
26.1516748999998	0.163541666666667
26.1684673	0.163541666666667
26.1849380999997	0.163541666666667
26.2018443999996	0.163541666666667
26.2186042999997	0.163541666666667
26.2347535999997	0.163541666666667
26.2518487999996	0.163541666666667
26.2683251999997	0.163541666666667
26.285077	0.163541666666667
26.3017545999996	0.163541666666667
26.3183335999997	0.163541666666667
26.3348965999999	0.163541666666667
26.3518614	0.163541666666667
26.3678227999999	0.163541666666667
26.3848337999998	0.163541666666667
26.4018529999998	0.163541666666667
26.4184686999997	0.163541666666667
26.4350232999996	0.163541666666667
26.4514830999997	0.163541666666667
26.4684536	0.163541666666667
26.4849448	0.163541666666667
26.5011927999999	0.163541666666667
26.5182854999998	0.163541666666667
26.5350331999998	0.163541666666667
26.5516802999996	0.163541666666667
26.5680802999996	0.163541666666667
26.5850268999998	0.163541666666667
26.6019381999999	0.163541666666667
26.6187458999998	0.163541666666667
26.6350429999998	0.163541666666667
26.6519138999997	0.163541666666667
26.6685033999997	0.163541666666667
26.6851772	0.163541666666667
26.7018524999999	0.163541666666667
26.7188576999997	0.163541666666667
26.7350982999997	0.163541666666667
26.7518677999997	0.163541666666667
26.7682480999997	0.163541666666667
26.7847741999999	0.163541666666667
26.8020001	0.163541666666667
26.8182959999999	0.163541666666667
26.8351933999998	0.163541666666667
26.8519838999996	0.163541666666667
26.8684779999999	0.163541666666667
26.8851043	0.163541666666667
26.9013833999998	0.163541666666667
26.9180706999996	0.163541666666667
26.9349820999996	0.163541666666667
26.9516408	0.163541666666667
26.9684709999997	0.163541666666667
26.9848554999999	0.163541666666667
27.0019781999999	0.163541666666667
27.018466	0.163541666666667
27.0352223999998	0.163541666666667
27.0516465999999	0.163541666666667
27.0684705999997	0.163541666666667
27.0895685999999	0.163541666666667
27.1031387999997	0.163541666666667
27.1178757999996	0.163541666666667
27.1347180999996	0.163541666666667
27.1514665	0.163541666666667
27.1684381	0.163541666666667
27.1849391999999	0.163541666666667
27.2058847999997	0.163541666666667
27.2183060999996	0.163541666666667
27.234876	0.163541666666667
27.2520430999998	0.163541666666667
27.2681861999999	0.163541666666667
27.2845798999997	0.163541666666667
27.3015893999996	0.163541666666667
27.3184987999998	0.163541666666667
27.3350118999997	0.163541666666667
27.3519087999998	0.163541666666667
27.3683739999997	0.163541666666667
27.3848919999996	0.163541666666667
27.4021275999999	0.163541666666667
27.4181268999996	0.163541666666667
27.4345222999996	0.163541666666667
27.4513362999996	0.163541666666667
27.4684181999996	0.163541666666667
27.4851431999996	0.163541666666667
27.5015603999996	0.163541666666667
27.5180466999996	0.163541666666667
27.5346399	0.163541666666667
27.5518331999997	0.163541666666667
27.5683999999997	0.163541666666667
27.5849604999999	0.163541666666667
27.6020430999997	0.163541666666667
27.6183056999998	0.163541666666667
27.6349684999996	0.163541666666667
27.6515751999996	0.163541666666667
27.6683309	0.163541666666667
27.6849902999998	0.163541666666667
27.7015222999999	0.163541666666667
27.7180361999999	0.163541666666667
27.7352365999996	0.163541666666667
27.7518185999998	0.163541666666667
27.7685702999997	0.163541666666667
27.7851186999997	0.163541666666667
27.8016240999996	0.163541666666667
27.8185322999998	0.163541666666667
27.8348484999997	0.163541666666667
27.8513672999998	0.163541666666667
27.8683873	0.163541666666667
27.8847711999997	0.163541666666667
27.9013618999998	0.163541666666667
27.9176865999998	0.163541666666667
27.9347163999996	0.163541666666667
27.9513207999998	0.163541666666667
27.9684018999997	0.163541666666667
27.9847943999998	0.163541666666667
28.0013927	0.163541666666667
28.0180536999997	0.163541666666667
28.0348673999997	0.163541666666667
28.0514575999996	0.163541666666667
28.0683810999999	0.163541666666667
28.0849857999997	0.163541666666667
28.1022198999999	0.163541666666667
28.1183456999997	0.163541666666667
28.1348200999996	0.163541666666667
28.1519801999998	0.163541666666667
28.1683254999998	0.163541666666667
28.1854134999999	0.163541666666667
28.2011777999996	0.163541666666667
28.2183102999998	0.163541666666667
28.2349445	0.163541666666667
28.2517928999996	0.163541666666667
28.2682562999998	0.163541666666667
28.2851272999997	0.163541666666667
28.3018122999997	0.163541666666667
28.3184586999996	0.163541666666667
28.3349251999998	0.163541666666667
28.3514306999996	0.163541666666667
28.3681646	0.163541666666667
28.3850258999996	0.163541666666667
28.4017556999997	0.163541666666667
28.4183321999999	0.163541666666667
28.4348313999999	0.163541666666667
28.4517162999996	0.163541666666667
28.4681568999999	0.163541666666667
28.4847817999998	0.163541666666667
28.5013041999996	0.163541666666667
28.5181886999999	0.163541666666667
28.5350017999999	0.163541666666667
28.5515047999997	0.163541666666667
28.5681279999999	0.163541666666667
28.5848116999996	0.163541666666667
28.6015986999996	0.163541666666667
28.6183893999996	0.163541666666667
28.6349617999999	0.163541666666667
28.6518372999999	0.163541666666667
28.6684121999997	0.163541666666667
28.6850611999998	0.163541666666667
28.7019851	0.163541666666667
28.7184530999998	0.163541666666667
28.7347682	0.163541666666667
28.7510221999996	0.163541666666667
28.7683011999998	0.163541666666667
28.7849137999997	0.163541666666667
28.8019039999999	0.163541666666667
28.8179937	0.163541666666667
28.8349525999997	0.163541666666667
28.8517290999998	0.163541666666667
28.8726999999999	0.163541666666667
28.8848367999999	0.163541666666667
28.9014035999999	0.163541666666667
28.9178846999998	0.163541666666667
28.9346283999998	0.163541666666667
28.9518831999999	0.163541666666667
28.9685161999996	0.163541666666667
28.9846885999996	0.163541666666667
29.0017955999997	0.163541666666667
29.0182944999997	0.163541666666667
29.0348494	0.163541666666667
29.0514696999999	0.163541666666667
29.0683698999997	0.163541666666667
29.0850336999997	0.163541666666667
29.1020349999999	0.163541666666667
29.1182150999998	0.163541666666667
29.1345399999996	0.163541666666667
29.1512232	0.163541666666667
29.1684263999996	0.163541666666667
29.1848525999999	0.163541666666667
29.2014147999998	0.163541666666667
29.2178989999998	0.163541666666667
29.2350121999998	0.163541666666667
29.2519394999999	0.163541666666667
29.2684193999999	0.163541666666667
29.2846832999999	0.163541666666667
29.3014029999999	0.163541666666667
29.318327	0.163541666666667
29.3348266999997	0.163541666666667
29.3518803999996	0.163541666666667
29.3683459999997	0.163541666666667
29.3847522999999	0.163541666666667
29.4015144999998	0.163541666666667
29.4183270999997	0.163541666666667
29.4349135999996	0.163541666666667
29.4517006999999	0.163541666666667
29.4683458	0.163541666666667
29.4849601999999	0.163541666666667
29.5014475999997	0.163541666666667
29.5181924999997	0.163541666666667
29.5351824999998	0.163541666666667
29.5516055999997	0.163541666666667
29.5683259999996	0.163541666666667
29.5846053999999	0.163541666666667
29.6012850999996	0.163541666666667
29.6183573999997	0.163541666666667
29.6349178999999	0.163541666666667
29.6517406999997	0.163541666666667
29.6681893	0.163541666666667
29.6848945999996	0.163541666666667
29.7015082999997	0.163541666666667
29.7183316999999	0.163541666666667
29.7354608999999	0.163541666666667
29.7517720999999	0.163541666666667
29.7705710999999	0.163541666666667
29.7887476999999	0.163541666666667
29.8049769999998	0.163541666666667
29.8180024999997	0.163541666666667
29.8347073	0.163541666666667
29.8528203999999	0.163541666666667
29.8681526999999	0.163541666666667
29.8852256999999	0.163541666666667
29.9013522999999	0.163541666666667
29.9179775999996	0.163541666666667
29.9347069999999	0.163541666666667
29.9514749999998	0.163541666666667
29.9679411999996	0.163541666666667
29.9844664999996	0.163541666666667
30.0018561999996	0.163541666666667
30.0183766999999	0.163541666666667
30.0353134999996	0.163541666666667
30.0517906999999	0.163541666666667
30.0683283999997	0.163541666666667
30.0847479999998	0.163541666666667
30.1017706999996	0.163541666666667
30.1185475999996	0.163541666666667
30.1347387999999	0.163541666666667
30.1517967999998	0.163541666666667
30.1683518999998	0.163541666666667
30.1846380999996	0.163541666666667
30.2017516999999	0.163541666666667
30.2187591999996	0.163541666666667
30.2345789999999	0.163541666666667
30.2517773999998	0.163541666666667
30.2683414999997	0.163541666666667
30.2844327999996	0.163541666666667
30.3015402999999	0.163541666666667
30.3180711	0.163541666666667
30.3343931999998	0.163541666666667
30.3515510999996	0.163541666666667
30.3683603999998	0.163541666666667
30.3849782999996	0.163541666666667
30.4017491	0.163541666666667
30.4181362999998	0.163541666666667
30.4343113999998	0.163541666666667
30.4516755999998	0.163541666666667
30.4683475999996	0.163541666666667
30.4852519999999	0.163541666666667
30.5012067999996	0.163541666666667
30.5182737999999	0.163541666666667
30.5348925999997	0.163541666666667
30.5516312999998	0.163541666666667
30.5683758999999	0.163541666666667
30.5847656999999	0.163541666666667
30.6016367999996	0.163541666666667
30.6184966999999	0.163541666666667
30.6345438999997	0.163541666666667
30.6516683	0.163541666666667
30.6682717999997	0.163541666666667
30.6843000999997	0.163541666666667
30.7013523999999	0.163541666666667
30.7180220999999	0.163541666666667
30.7343684999996	0.163541666666667
30.7518315999996	0.163541666666667
30.7681384999996	0.163541666666667
30.7848546999999	0.163541666666667
30.8019972999996	0.163541666666667
30.8180934999996	0.163541666666667
30.8345597999996	0.163541666666667
30.8514301999999	0.163541666666667
30.8680350999998	0.163541666666667
30.8845404999997	0.163541666666667
30.9016626999996	0.163541666666667
30.9182819999996	0.163541666666667
30.9348567999996	0.163541666666667
30.9519686999997	0.163541666666667
30.9681962999998	0.163541666666667
30.9848682999996	0.163541666666667
31.0016449	0.163541666666667
31.0177967999998	0.163541666666667
31.0345536999998	0.163541666666667
31.0513311	0.163541666666667
31.0682103999998	0.163541666666667
31.0850621	0.163541666666667
31.1012898999998	0.163541666666667
31.1180649999997	0.163541666666667
31.1345695999998	0.163541666666667
31.1518143999997	0.163541666666667
31.1678793999999	0.163541666666667
31.1846775999998	0.163541666666667
31.2016684999999	0.163541666666667
31.2184577999997	0.163541666666667
31.234528	0.163541666666667
31.2513326999997	0.163541666666667
31.2681161999999	0.163541666666667
31.2846642999998	0.163541666666667
31.3015244999997	0.163541666666667
31.3184276999996	0.163541666666667
31.3346419	0.163541666666667
31.3517736999997	0.163541666666667
31.3680504999998	0.163541666666667
31.3846924999998	0.163541666666667
31.4015590999998	0.163541666666667
31.4181844	0.163541666666667
31.4344609	0.163541666666667
31.4518034999996	0.163541666666667
31.4679680999998	0.163541666666667
31.4847416999996	0.163541666666667
31.5015791999999	0.163541666666667
31.5183546999997	0.163541666666667
31.5348943999998	0.163541666666667
31.5516367999999	0.163541666666667
31.5682311999999	0.163541666666667
31.5848586999996	0.163541666666667
31.6016728999998	0.163541666666667
31.6181512999997	0.163541666666667
31.6349512999996	0.163541666666667
31.6515624999997	0.163541666666667
31.6676485999997	0.163541666666667
31.6847597999999	0.163541666666667
31.7014575999997	0.163541666666667
31.7176870999997	0.163541666666667
31.7347927999999	0.163541666666667
31.7516297999996	0.163541666666667
31.7681994	0.163541666666667
31.7846275999996	0.163541666666667
31.8013509999996	0.163541666666667
31.8180728999996	0.163541666666667
31.8346256	0.163541666666667
31.8515475999998	0.163541666666667
31.8681984	0.163541666666667
31.8848156999998	0.163541666666667
31.9009274999999	0.163541666666667
31.9181979	0.163541666666667
31.9345565999997	0.163541666666667
31.9510397999998	0.163541666666667
31.9679100999997	0.163541666666667
31.9846937999996	0.163541666666667
32.0014908999997	0.163541666666667
32.0180958999999	0.163541666666667
32.0346168999999	0.163541666666667
32.0515605999999	0.163541666666667
32.0681108999997	0.163541666666667
32.0845643999996	0.163541666666667
32.1013340999998	0.163541666666667
32.1180814999998	0.163541666666667
32.1348804999998	0.163541666666667
32.1515952999998	0.163541666666667
32.1679363999997	0.163541666666667
32.1847905	0.163541666666667
32.2015855999998	0.163541666666667
32.2180816999999	0.163541666666667
32.2347545999996	0.163541666666667
32.2515521999999	0.163541666666667
32.2683428999999	0.163541666666667
32.2844225999997	0.163541666666667
32.3013324999997	0.163541666666667
32.3180131999998	0.163541666666667
32.3346563999999	0.163541666666667
32.3513067999997	0.163541666666667
32.3685935999997	0.163541666666667
32.3846156	0.163541666666667
32.4014149999998	0.163541666666667
32.4182889999997	0.163541666666667
32.4345423999998	0.163541666666667
32.4513524999998	0.163541666666667
32.4680067999998	0.163541666666667
32.4849260999999	0.163541666666667
32.5015772999996	0.163541666666667
32.5180720999997	0.163541666666667
32.5344656999996	0.163541666666667
32.5511754999998	0.163541666666667
32.5676569999996	0.163541666666667
32.5844110999997	0.163541666666667
32.6016778999997	0.163541666666667
32.6177896999998	0.163541666666667
32.6347369999999	0.163541666666667
32.6512751999999	0.163541666666667
32.6681346999999	0.163541666666667
32.6845377999998	0.163541666666667
32.7015369999999	0.163541666666667
32.7182161999999	0.163541666666667
32.7342722999997	0.163541666666667
32.7516185999998	0.163541666666667
32.7679571999997	0.163541666666667
32.7850178999997	0.163541666666667
32.8015232999996	0.163541666666667
32.817638	0.163541666666667
32.8348358999997	0.163541666666667
32.8512616999997	0.163541666666667
32.8681978	0.163541666666667
32.8849171999996	0.163541666666667
32.9016870999999	0.163541666666667
32.9181520999996	0.163541666666667
32.9345929999999	0.163541666666667
32.9514303999999	0.163541666666667
32.9681919	0.163541666666667
32.9846447999998	0.163541666666667
33.0015331	0.163541666666667
33.0178873	0.163541666666667
33.0344271999998	0.163541666666667
33.0508751999996	0.163541666666667
33.0682201999998	0.163541666666667
33.0843235999996	0.163541666666667
33.1015912999997	0.163541666666667
33.1181847999997	0.163541666666667
33.1347821999998	0.163541666666667
33.1514386999997	0.163541666666667
33.1682420999996	0.163541666666667
33.1846492	0.163541666666667
33.2015686	0.163541666666667
33.2180794999999	0.163541666666667
33.2347393999999	0.163541666666667
33.2520514999997	0.163541666666667
33.2681794999999	0.163541666666667
33.2850758	0.163541666666667
33.3017249999998	0.163541666666667
33.3180896999997	0.163541666666667
33.3346033999997	0.163541666666667
33.3510855	0.163541666666667
33.3681586999996	0.163541666666667
33.3847375999999	0.163541666666667
33.4014029	0.163541666666667
33.4179845999997	0.163541666666667
33.4347471999999	0.163541666666667
33.4508890999996	0.163541666666667
33.4680679999997	0.163541666666667
33.4847427	0.163541666666667
33.5011946999998	0.163541666666667
33.5181802999996	0.163541666666667
33.5349420999996	0.163541666666667
33.5514039	0.163541666666667
33.5678666999997	0.163541666666667
33.5848288999996	0.163541666666667
33.6014913999998	0.163541666666667
33.6184628999999	0.163541666666667
33.6347523999998	0.163541666666667
33.6516148999999	0.163541666666667
33.6680465999998	0.163541666666667
33.6844345999998	0.163541666666667
33.7018518999998	0.163541666666667
33.7180791999999	0.163541666666667
33.7343042999996	0.163541666666667
33.7516538999998	0.163541666666667
33.7681935999999	0.163541666666667
33.7846551999996	0.163541666666667
33.8014303999998	0.163541666666667
33.8180742999998	0.163541666666667
33.8344079999997	0.163541666666667
33.8514602999999	0.163541666666667
33.8683215999999	0.163541666666667
33.8846190999998	0.163541666666667
33.9015585999996	0.163541666666667
33.9181887999998	0.163541666666667
33.9346367999997	0.163541666666667
33.9515729	0.163541666666667
33.9682804999998	0.163541666666667
33.9845303999996	0.163541666666667
34.0013018	0.163541666666667
34.0183539	0.163541666666667
34.0346404999996	0.163541666666667
34.0512663999998	0.163541666666667
34.0683732999996	0.163541666666667
34.0847917999999	0.163541666666667
34.1012593999999	0.163541666666667
34.1182104999998	0.163541666666667
34.1346865999999	0.163541666666667
34.1512057999998	0.163541666666667
34.1682970999996	0.163541666666667
34.1849742999998	0.163541666666667
34.2014905999999	0.163541666666667
34.2177297999997	0.163541666666667
34.2343451999996	0.163541666666667
34.2512345999999	0.163541666666667
34.2677799999997	0.163541666666667
34.2843020999999	0.163541666666667
34.3013741	0.163541666666667
34.3180877	0.163541666666667
34.3347164999996	0.163541666666667
34.3512640999998	0.163541666666667
34.3681008999997	0.163541666666667
34.3851015999999	0.163541666666667
34.4011814999999	0.163541666666667
34.4181469999999	0.163541666666667
34.4343767999999	0.163541666666667
34.4513281	0.163541666666667
34.4677763999998	0.163541666666667
34.4847903999998	0.163541666666667
34.5012150999996	0.163541666666667
34.5179494999998	0.163541666666667
34.5349015999996	0.163541666666667
34.5512478999999	0.163541666666667
34.5681479999998	0.163541666666667
34.5847715	0.163541666666667
34.6012390999999	0.163541666666667
34.6180672999999	0.163541666666667
34.6346203999997	0.163541666666667
34.6511771999999	0.163541666666667
34.6678886	0.163541666666667
34.6850465999996	0.163541666666667
34.7016466	0.163541666666667
34.718038	0.163541666666667
34.7347804999999	0.163541666666667
34.7514211999996	0.163541666666667
34.7680683999997	0.163541666666667
34.7844992999999	0.163541666666667
34.8013756999999	0.163541666666667
34.8177459999997	0.163541666666667
34.8344731999996	0.163541666666667
34.8514787999998	0.163541666666667
34.8683097999997	0.163541666666667
34.8847803999997	0.163541666666667
34.9013040999998	0.163541666666667
34.9176902999998	0.163541666666667
34.9347865999998	0.163541666666667
34.9515935999998	0.163541666666667
34.9679113999996	0.163541666666667
34.9844487999999	0.163541666666667
35.0014220999997	0.163541666666667
35.0174725999996	0.163541666666667
35.0344954999996	0.163541666666667
35.0515397999998	0.163541666666667
35.0681009	0.163541666666667
35.0851914	0.163541666666667
35.1013995999997	0.163541666666667
35.1175795999998	0.163541666666667
35.1346396999998	0.163541666666667
35.1515618999997	0.163541666666667
35.1677946999998	0.163541666666667
35.1846829999999	0.163541666666667
35.2015061999996	0.163541666666667
35.2179668999997	0.163541666666667
35.2345308999998	0.163541666666667
35.2515056999996	0.163541666666667
35.2682667999998	0.163541666666667
35.2846749999999	0.163541666666667
35.3011047999998	0.163541666666667
35.3180774999996	0.163541666666667
35.3347320999997	0.163541666666667
35.3514023999996	0.163541666666667
35.3680818999997	0.163541666666667
35.3848247999999	0.163541666666667
35.4014831	0.163541666666667
35.4180483999999	0.163541666666667
35.4348464999998	0.163541666666667
35.4513182999999	0.163541666666667
35.4681241999997	0.163541666666667
35.4843390999999	0.163541666666667
35.5016892999997	0.163541666666667
35.5179519999997	0.163541666666667
35.5347800999998	0.163541666666667
35.5513259999998	0.163541666666667
35.5680957999998	0.163541666666667
35.5848370999997	0.163541666666667
35.6015187999997	0.163541666666667
35.6180789	0.163541666666667
35.6347216999998	0.163541666666667
35.6514822999998	0.163541666666667
35.6682480999998	0.163541666666667
35.6842818999999	0.163541666666667
35.7014886999996	0.163541666666667
35.7180944999996	0.163541666666667
35.7346887999997	0.163541666666667
35.7515526999996	0.163541666666667
35.7682204999996	0.163541666666667
35.7847828999998	0.163541666666667
35.8016014	0.163541666666667
35.8181149999996	0.163541666666667
35.8346514999998	0.163541666666667
35.8516304999998	0.163541666666667
35.8679899999997	0.163541666666667
35.8847323999998	0.163541666666667
35.9014447	0.163541666666667
35.9179239999999	0.163541666666667
35.9344706999996	0.163541666666667
35.9513720999998	0.163541666666667
35.9679556999999	0.163541666666667
35.9846350999997	0.163541666666667
36.0015403999996	0.163541666666667
36.0178831999997	0.163541666666667
36.0344732999997	0.163541666666667
36.0512830999996	0.163541666666667
36.0677898999998	0.163541666666667
36.0846770999997	0.163541666666667
36.1013737999997	0.163541666666667
36.1177143999998	0.163541666666667
36.1341141999997	0.163541666666667
36.1514530999998	0.163541666666667
36.1679753999997	0.163541666666667
36.1848596999998	0.163541666666667
36.2018591999999	0.163541666666667
36.2180520999996	0.163541666666667
36.2347253999997	0.163541666666667
36.2514588999998	0.163541666666667
36.2681026999999	0.163541666666667
36.2842994999996	0.163541666666667
36.3015431999997	0.163541666666667
36.3177092999999	0.163541666666667
36.3346664999999	0.163541666666667
36.3513687999998	0.163541666666667
36.3673847	0.163541666666667
36.3846512999999	0.163541666666667
36.4012659	0.163541666666667
36.4180297999997	0.163541666666667
36.4344843999997	0.163541666666667
36.4514021999998	0.163541666666667
36.4683142999997	0.163541666666667
36.4848558999997	0.163541666666667
36.5014517999998	0.163541666666667
36.5182927999999	0.163541666666667
36.5346285999999	0.163541666666667
36.5515005999996	0.163541666666667
36.5680909999996	0.163541666666667
36.5845704999997	0.163541666666667
36.6009941999996	0.163541666666667
36.6180496999996	0.163541666666667
36.6344609999996	0.163541666666667
36.6514705	0.163541666666667
36.6680803999998	0.163541666666667
36.6842979999997	0.163541666666667
36.7018693999999	0.163541666666667
36.7181074999999	0.163541666666667
36.7342954999999	0.163541666666667
36.7516132999999	0.163541666666667
36.7678818999998	0.163541666666667
36.7845098999996	0.163541666666667
36.8015277999998	0.163541666666667
36.8185761999998	0.163541666666667
36.8342849999999	0.163541666666667
36.8512262999998	0.163541666666667
36.8679425999999	0.163541666666667
36.8842373999996	0.163541666666667
36.9012379999999	0.163541666666667
36.9180996999999	0.163541666666667
36.9347150999997	0.163541666666667
36.9510756	0.163541666666667
36.9678093999996	0.163541666666667
36.9845370999997	0.163541666666667
37.0015524999999	0.163541666666667
37.0179788999999	0.163541666666667
37.0344379999997	0.163541666666667
37.0513840999997	0.163541666666667
37.0682267999996	0.163541666666667
37.0845170999996	0.163541666666667
37.1014698999998	0.163541666666667
37.1179964999997	0.163541666666667
37.1346460999998	0.163541666666667
37.1515425999996	0.163541666666667
37.1680017999997	0.163541666666667
37.1846966999997	0.163541666666667
37.2013898999999	0.163541666666667
37.2176587999998	0.163541666666667
37.2346038999999	0.163541666666667
37.2511973999999	0.163541666666667
37.2679955999997	0.163541666666667
37.2848531999998	0.163541666666667
37.3008328999999	0.163541666666667
37.3175689	0.163541666666667
37.3343351999997	0.163541666666667
37.3512083999999	0.163541666666667
37.3675869999997	0.163541666666667
37.3845412999999	0.163541666666667
37.4010687	0.163541666666667
37.4184041999997	0.163541666666667
37.4349776999998	0.163541666666667
37.4513834999998	0.163541666666667
37.4679910999998	0.163541666666667
37.4843338999999	0.163541666666667
37.5012652999999	0.163541666666667
37.5177789999998	0.163541666666667
37.5343909999997	0.163541666666667
37.5514592999998	0.163541666666667
37.5678809999999	0.163541666666667
37.5846925999999	0.163541666666667
37.6013719999996	0.163541666666667
37.6179857999996	0.163541666666667
37.6346024999998	0.163541666666667
37.6513806999997	0.163541666666667
37.6678310999996	0.163541666666667
37.6843403999997	0.163541666666667
37.7014508999996	0.163541666666667
37.7178948999999	0.163541666666667
37.7347146999996	0.163541666666667
37.7517157999996	0.163541666666667
37.7678109999997	0.163541666666667
37.7846614999999	0.163541666666667
37.8013645999999	0.163541666666667
37.8175487999997	0.163541666666667
37.8345534999999	0.163541666666667
37.8515195999998	0.163541666666667
37.8681299	0.171875
37.8846983999997	0.18125
37.9015058999998	0.18125
37.9180318999997	0.18125
37.9346047999998	0.190625
37.9516350999997	0.190625
37.9683792999999	0.190625
37.9847209999998	0.198958333333333
38.0013746999998	0.198958333333333
38.0185112999998	0.207291666666667
38.0346950999997	0.216666666666667
38.0509901999999	0.216666666666667
38.0680106	0.216666666666667
38.0843231999997	0.225
38.1010029999998	0.233333333333333
38.1179681999997	0.233333333333333
38.1346246999997	0.241666666666667
38.1511227999999	0.25
38.1677708999996	0.259375
38.1848521999996	0.267708333333333
38.2013227999996	0.267708333333333
38.2182808999996	0.267708333333333
38.2347285999999	0.267708333333333
38.2513591999996	0.267708333333333
38.2682188999997	0.284375
38.2848379999996	0.301041666666667
38.3014128	0.317708333333333
38.3182379	0.335416666666667
38.3342336999999	0.335416666666667
38.3508448999996	0.335416666666667
38.3678833999998	0.335416666666667
38.3847586999996	0.335416666666667
38.4012779	0.335416666666667
38.4178613999998	0.335416666666667
38.4343802999997	0.335416666666667
38.4513451999997	0.335416666666667
38.4679174999997	0.335416666666667
38.4841663999996	0.335416666666667
38.5010445999997	0.335416666666667
38.5179143999999	0.335416666666667
38.5343247999999	0.335416666666667
38.5510758999999	0.335416666666667
38.5674169999998	0.335416666666667
38.5843166	0.335416666666667
38.6009411999999	0.335416666666667
38.6178811999998	0.335416666666667
38.634411	0.335416666666667
38.6513141999999	0.335416666666667
38.6680584999999	0.335416666666667
38.6846189999997	0.335416666666667
38.7016761999998	0.34375
38.7184643999999	0.385416666666667
38.7349924999999	0.39375
38.7517542999999	0.420833333333333
38.7688307999997	0.477083333333333
38.7846039999999	0.511458333333333
38.8012445999998	0.528125
38.8180263999998	0.545833333333333
38.8343642	0.545833333333333
38.8512947999998	0.545833333333333
38.8676693999996	0.545833333333333
38.8847684999996	0.545833333333333
38.9013731	0.545833333333333
38.9181633999997	0.554166666666667
38.9347918999997	0.5625
38.9513567999998	0.5625
38.9678224999998	0.5625
38.9844251	0.5625
39.0016314	0.571875
39.0177494	0.571875
39.0344442999999	0.571875
39.0512081999996	0.571875
39.0676044999996	0.571875
39.0846410999998	0.571875
39.1009077999997	0.571875
39.1178462999997	0.571875
39.1346710999997	0.571875
39.1511793999998	0.571875
39.1680236999996	0.571875
39.1843360999997	0.571875
39.2014476999998	0.571875
39.2179967999996	0.571875
39.2349923999996	0.571875
39.2510399999996	0.571875
39.2674604999997	0.571875
39.2847075	0.571875
39.3013383999996	0.571875
39.3178486999996	0.571875
39.3345866	0.571875
39.3510980999999	0.563541666666667
39.3685728999999	0.555208333333333
39.3849154999998	0.538541666666667
39.4009911999997	0.538541666666667
39.4177173999997	0.538541666666667
39.4344030999996	0.538541666666667
39.4513319999996	0.538541666666667
39.4673793999996	0.538541666666667
39.4843867999998	0.538541666666667
39.5016028	0.538541666666667
39.5177215999997	0.538541666666667
39.5342558999996	0.538541666666667
39.5513380999996	0.538541666666667
39.5676043999997	0.538541666666667
39.5844244	0.538541666666667
39.6010938999998	0.538541666666667
39.6173205	0.538541666666667
39.6345880999997	0.538541666666667
39.6513852999997	0.538541666666667
39.6678588	0.538541666666667
39.6845648999997	0.538541666666667
39.7014160999997	0.538541666666667
39.7173890999998	0.538541666666667
39.7344975999999	0.538541666666667
39.7510079999997	0.538541666666667
39.7677383999999	0.538541666666667
39.7844923999996	0.538541666666667
39.8014072999999	0.538541666666667
39.8176208999998	0.538541666666667
39.8343464999998	0.538541666666667
39.8512766999997	0.538541666666667
39.8682558999999	0.538541666666667
39.8846394999996	0.538541666666667
39.9013056999997	0.538541666666667
39.9174126999997	0.538541666666667
39.9345328999998	0.538541666666667
39.9507540999998	0.538541666666667
39.9675086999996	0.538541666666667
39.9845314999998	0.538541666666667
40.0016173999998	0.538541666666667
40.0176713999999	0.538541666666667
40.0343459999999	0.538541666666667
40.0511798999996	0.538541666666667
40.0673470999996	0.538541666666667
40.0846597	0.538541666666667
40.1012563999998	0.538541666666667
40.1173653999999	0.538541666666667
40.1347538999999	0.538541666666667
40.1516274999999	0.538541666666667
40.1676130999999	0.538541666666667
40.1843397999996	0.538541666666667
40.2016289999997	0.538541666666667
40.2173009999997	0.538541666666667
40.2343615999998	0.538541666666667
40.2513612999996	0.538541666666667
40.2677641999999	0.538541666666667
40.2845458999996	0.538541666666667
40.3012153999998	0.538541666666667
40.3178246999996	0.538541666666667
40.3348116999996	0.545833333333333
40.3509222999996	0.554166666666667
40.3678785999996	0.563541666666667
40.3842603999997	0.563541666666667
40.4010165	0.580208333333333
40.4178248999997	0.580208333333333
40.4342652999999	0.580208333333333
40.4511193999997	0.580208333333333
40.4675791	0.580208333333333
40.4844005999998	0.580208333333333
40.5010095999996	0.580208333333333
40.5176069999998	0.580208333333333
40.5343703999997	0.588541666666667
40.5512521999999	0.596875
40.5678411999997	0.596875
40.5845755999999	0.596875
40.6012592999996	0.596875
40.6176817999999	0.596875
40.6342029999996	0.596875
40.6520103999997	0.596875
40.6676130999999	0.596875
40.6846523999998	0.596875
40.7012785999996	0.596875
40.7174536999996	0.596875
40.7343004999998	0.596875
40.7514074999999	0.596875
40.7671310999999	0.596875
40.7846761999999	0.596875
40.8012396999998	0.596875
40.8177686999998	0.596875
40.8345417999999	0.596875
40.8511218999997	0.596875
40.8682706999998	0.596875
40.8846520999996	0.596875
40.9011229999996	0.596875
40.9172866999997	0.596875
40.9345946999997	0.596875
40.9512895999997	0.596875
40.9675816999998	0.596875
40.9845115999997	0.596875
41.0012303999997	0.596875
41.0174766999999	0.589583333333333
41.0343075999999	0.589583333333333
41.0512282	0.589583333333333
41.0679134999996	0.589583333333333
41.0842997	0.589583333333333
41.1014498999998	0.589583333333333
41.1179942999997	0.589583333333333
41.1345623999996	0.589583333333333
41.1510523999996	0.589583333333333
41.1675511999997	0.589583333333333
41.1843228999996	0.589583333333333
41.2011970999997	0.589583333333333
41.2172963999997	0.589583333333333
41.2341755999996	0.589583333333333
41.2506866999997	0.589583333333333
41.2676497999996	0.589583333333333
41.2846614	0.589583333333333
41.3012140999999	0.589583333333333
41.3177122999996	0.589583333333333
41.3345525	0.589583333333333
41.3509025999997	0.589583333333333
41.3678554999997	0.589583333333333
41.3845345	0.589583333333333
41.4009827	0.589583333333333
41.4178847999997	0.589583333333333
41.4341870999997	0.589583333333333
41.4510606999997	0.589583333333333
41.4672764999996	0.589583333333333
41.4841873999999	0.589583333333333
41.5013626999998	0.589583333333333
41.5174172999996	0.589583333333333
41.5345331999997	0.589583333333333
41.5507329999996	0.589583333333333
41.5675201999998	0.589583333333333
41.584527	0.589583333333333
41.6012802999999	0.589583333333333
41.6176385999997	0.589583333333333
41.6346712	0.589583333333333
41.6511575999998	0.589583333333333
41.6681329999997	0.589583333333333
41.6843411999998	0.589583333333333
41.7012095	0.589583333333333
41.7176310999998	0.589583333333333
41.7341745999997	0.589583333333333
41.7511596999998	0.589583333333333
41.7675423999999	0.589583333333333
41.784138	0.589583333333333
41.8014247999999	0.589583333333333
41.8177989999999	0.589583333333333
41.8343758999999	0.589583333333333
41.8508201	0.589583333333333
41.8672737999996	0.589583333333333
41.8844061999998	0.589583333333333
41.9012737999997	0.589583333333333
41.9177097999996	0.589583333333333
41.9343981999996	0.589583333333333
41.9511768999996	0.589583333333333
41.9677099999999	0.589583333333333
41.9846647999998	0.589583333333333
42.00074	0.589583333333333
42.0173021999999	0.589583333333333
42.0344232999996	0.589583333333333
42.0511710999999	0.589583333333333
42.0678043999997	0.589583333333333
42.0858039999998	0.589583333333333
42.1015576999998	0.589583333333333
42.1173773999999	0.589583333333333
42.1345373999998	0.589583333333333
42.1512736	0.589583333333333
42.1679108999997	0.589583333333333
42.1845280999996	0.589583333333333
42.2013718999997	0.589583333333333
42.2191673999996	0.589583333333333
42.2342688999997	0.589583333333333
42.2510738999999	0.589583333333333
42.2677971999997	0.589583333333333
42.2845106999998	0.589583333333333
42.3009475999997	0.589583333333333
42.3178031999996	0.589583333333333
42.3346858	0.589583333333333
42.3511650999999	0.589583333333333
42.3679987999999	0.589583333333333
42.3845566999998	0.589583333333333
42.4009704999999	0.589583333333333
42.4178253	0.589583333333333
42.4344059999999	0.589583333333333
42.4514117999997	0.589583333333333
42.4677233999996	0.589583333333333
42.4842449999996	0.589583333333333
42.5010087999999	0.589583333333333
42.5171001999997	0.589583333333333
42.5341580999998	0.589583333333333
42.5508486999997	0.589583333333333
42.5674210999996	0.589583333333333
42.5843688999998	0.589583333333333
42.6010150999996	0.589583333333333
42.6174898999998	0.589583333333333
42.6344451999998	0.589583333333333
42.6511885	0.589583333333333
42.6671551999998	0.589583333333333
42.6863060999999	0.589583333333333
42.7010302999997	0.589583333333333
42.7175813999997	0.589583333333333
42.7341184999996	0.589583333333333
42.7512569999999	0.589583333333333
42.7674636999996	0.589583333333333
42.7841860999997	0.589583333333333
42.8010798999999	0.589583333333333
42.8176085	0.589583333333333
42.8342590999996	0.589583333333333
42.8509258999998	0.589583333333333
42.8676655999998	0.589583333333333
42.8845110999996	0.589583333333333
42.9011377999996	0.589583333333333
42.9175713	0.589583333333333
42.9344102	0.589583333333333
42.9510355999996	0.589583333333333
42.9675084999999	0.589583333333333
42.9844568999997	0.589583333333333
43.0010687999998	0.589583333333333
43.0176498999999	0.589583333333333
43.0344136999997	0.589583333333333
43.0509837	0.589583333333333
43.0674564999999	0.589583333333333
43.0843215999998	0.589583333333333
43.1014083999999	0.589583333333333
43.1196593	0.589583333333333
43.1343297999997	0.589583333333333
43.1512795999997	0.589583333333333
43.1676378999996	0.589583333333333
43.1841917999996	0.589583333333333
43.2010926999997	0.589583333333333
43.2175716999996	0.589583333333333
43.2344682999997	0.589583333333333
43.2507039999996	0.589583333333333
43.2677296999996	0.589583333333333
43.2878334999996	0.589583333333333
43.3010912999998	0.589583333333333
43.3179436999999	0.589583333333333
43.3340527999999	0.589583333333333
43.3512800999997	0.589583333333333
43.3677812999999	0.589583333333333
43.3847575	0.589583333333333
43.4009160999999	0.589583333333333
43.4178540999997	0.589583333333333
43.4343105999997	0.589583333333333
43.4512328999999	0.589583333333333
43.4677831999998	0.589583333333333
43.4842623999998	0.589583333333333
43.5005926999997	0.589583333333333
43.5175070999999	0.589583333333333
43.5343489999996	0.589583333333333
43.5509824999999	0.589583333333333
43.5673597999998	0.589583333333333
43.5844119999997	0.589583333333333
43.6008826999996	0.589583333333333
43.6170493	0.589583333333333
43.6342291999999	0.589583333333333
43.6509699999997	0.589583333333333
43.6674827999996	0.589583333333333
43.6840017	0.589583333333333
43.7007443999996	0.589583333333333
43.7177610999997	0.589583333333333
43.7342957999999	0.589583333333333
43.7508796999996	0.589583333333333
43.7679063999999	0.589583333333333
43.7843232999999	0.589583333333333
43.8010405	0.589583333333333
43.8181946999998	0.589583333333333
43.8345026999996	0.589583333333333
43.8511080999997	0.589583333333333
43.8672594	0.589583333333333
43.8843688999996	0.589583333333333
43.9006787999997	0.589583333333333
43.9177086	0.589583333333333
43.9340472999997	0.589583333333333
43.9510748999996	0.589583333333333
43.9672925999998	0.589583333333333
43.9840983999998	0.589583333333333
44.0007839	0.589583333333333
44.0177687999999	0.589583333333333
44.0342259999998	0.589583333333333
44.0510022999997	0.589583333333333
44.0673208999997	0.589583333333333
44.0845654	0.589583333333333
44.1012813999996	0.589583333333333
44.1177706999997	0.589583333333333
44.1341445999997	0.589583333333333
44.1507638999997	0.589583333333333
44.1677626999999	0.589583333333333
44.1840287	0.589583333333333
44.2008151999999	0.589583333333333
44.2178116999999	0.589583333333333
44.2343108999999	0.589583333333333
44.2511745999996	0.589583333333333
44.2674252999996	0.589583333333333
44.2846188999997	0.589583333333333
44.3008709999999	0.589583333333333
44.3177514999998	0.589583333333333
44.3342340999998	0.589583333333333
44.3509749	0.589583333333333
44.3671942999999	0.589583333333333
44.3843132999996	0.589583333333333
44.4008928999997	0.589583333333333
44.4170320999997	0.589583333333333
44.4344308	0.589583333333333
44.4511842999996	0.589583333333333
44.4677988999997	0.589583333333333
44.4844540999998	0.589583333333333
44.5008490999999	0.589583333333333
44.5177776999999	0.589583333333333
44.5345219999999	0.589583333333333
44.5510863	0.589583333333333
44.5677842999999	0.589583333333333
44.5844760999998	0.589583333333333
44.6006110999997	0.589583333333333
44.6176141999999	0.589583333333333
44.6343187999996	0.589583333333333
44.6507227999996	0.589583333333333
44.6674537999997	0.589583333333333
44.6839517999997	0.589583333333333
44.7007110999998	0.589583333333333
44.7178085999999	0.589583333333333
44.7344870999996	0.589583333333333
44.7514917999997	0.589583333333333
44.7677339999996	0.589583333333333
44.7842596999999	0.589583333333333
44.8010821999997	0.589583333333333
44.8177117999999	0.589583333333333
44.8342008999998	0.589583333333333
44.8506995999996	0.589583333333333
44.8673374999998	0.589583333333333
44.8844151999997	0.589583333333333
44.9006811999998	0.589583333333333
44.9177442999999	0.589583333333333
44.9343322999998	0.589583333333333
44.9511444	0.589583333333333
44.9676593999998	0.589583333333333
44.9842133999996	0.589583333333333
45.0012565999996	0.589583333333333
45.0176219999998	0.589583333333333
45.0340960999997	0.589583333333333
45.0510690999999	0.589583333333333
45.0675813999997	0.589583333333333
45.0840503999998	0.589583333333333
45.1009394999996	0.589583333333333
45.1177263	0.589583333333333
45.1341246999996	0.589583333333333
45.1508379999996	0.589583333333333
45.1678214999997	0.589583333333333
45.1843262999996	0.589583333333333
45.2014055999998	0.589583333333333
45.2177532999999	0.589583333333333
45.2342033999998	0.589583333333333
45.2511885999998	0.589583333333333
45.2676087	0.589583333333333
45.2842048999996	0.589583333333333
45.3010585999996	0.589583333333333
45.3176488999998	0.589583333333333
45.3340626999998	0.589583333333333
45.3508198	0.589583333333333
45.3674311	0.589583333333333
45.3841240999996	0.589583333333333
45.4005250999999	0.589583333333333
45.4177176999997	0.589583333333333
45.4342666999996	0.589583333333333
45.4510461	0.589583333333333
45.4673466999998	0.589583333333333
45.4842243999997	0.589583333333333
45.5016056999998	0.589583333333333
45.5177187999998	0.589583333333333
45.5341869999997	0.589583333333333
45.5507180999998	0.589583333333333
45.5676538999996	0.589583333333333
45.5843360999997	0.589583333333333
45.6006417999997	0.589583333333333
45.6173419999996	0.589583333333333
45.6339961999997	0.589583333333333
45.6510492999996	0.589583333333333
45.6681377	0.589583333333333
45.6842655999999	0.589583333333333
45.7006715999996	0.589583333333333
45.7178973999999	0.589583333333333
45.7344079	0.589583333333333
45.7509961999999	0.589583333333333
45.7678240999999	0.589583333333333
45.7842132999999	0.589583333333333
45.8010378999998	0.589583333333333
45.8170307999999	0.589583333333333
45.8343406999998	0.589583333333333
45.8510699999997	0.589583333333333
45.8677929999999	0.589583333333333
45.8840588999997	0.589583333333333
45.9009434	0.589583333333333
45.9181946999997	0.589583333333333
45.9341360999997	0.589583333333333
45.9510995999999	0.589583333333333
45.9674177999996	0.589583333333333
45.9843142	0.589583333333333
46.0007205999996	0.589583333333333
46.0177203999997	0.589583333333333
46.0342148	0.589583333333333
46.0506865999996	0.589583333333333
46.0672710999997	0.589583333333333
46.0839217999996	0.589583333333333
46.1008162999997	0.589583333333333
46.1176954999996	0.589583333333333
46.1344645999998	0.589583333333333
46.1510721999998	0.589583333333333
46.1676398999998	0.589583333333333
46.1844025999999	0.589583333333333
46.2010381999999	0.589583333333333
46.2176695999997	0.589583333333333
46.2339907999999	0.589583333333333
46.2508304999997	0.589583333333333
46.2675921	0.589583333333333
46.2837887999999	0.589583333333333
46.3008593	0.589583333333333
46.3174786	0.589583333333333
46.3340961999997	0.589583333333333
46.3504653999998	0.589583333333333
46.3669115999996	0.589583333333333
46.3841392999998	0.589583333333333
46.4010596999997	0.589583333333333
46.4175770999996	0.589583333333333
46.4341037999998	0.589583333333333
46.4512714999996	0.589583333333333
46.46758	0.589583333333333
46.4843027999996	0.589583333333333
46.5011576999996	0.589583333333333
46.5176625999998	0.589583333333333
46.5346082999999	0.589583333333333
46.5510658999997	0.589583333333333
46.5677261999999	0.589583333333333
46.5844041999999	0.589583333333333
46.6012538	0.589583333333333
46.6169717999996	0.589583333333333
46.6344817999998	0.589583333333333
46.6509692	0.589583333333333
46.6675044999997	0.589583333333333
46.6842330999998	0.589583333333333
46.7008434999998	0.589583333333333
46.7175900999996	0.589583333333333
46.7339632999997	0.589583333333333
46.7506391999996	0.589583333333333
46.7674181999996	0.589583333333333
46.7839511999996	0.589583333333333
46.8007982999998	0.589583333333333
46.8173336	0.589583333333333
46.8339653999997	0.589583333333333
46.8506731999996	0.589583333333333
46.8672156999996	0.589583333333333
46.8839825999999	0.589583333333333
46.9007738999999	0.589583333333333
46.9175891	0.589583333333333
46.9339130999997	0.589583333333333
46.9506632999996	0.589583333333333
46.9674691999999	0.589583333333333
46.9837930999997	0.589583333333333
47.0008724999998	0.589583333333333
47.0175922999997	0.589583333333333
47.0339839999997	0.589583333333333
47.0509566999999	0.589583333333333
47.0677417999996	0.589583333333333
47.0840486999996	0.589583333333333
47.1006356999997	0.589583333333333
47.1174190999996	0.589583333333333
47.1344473999998	0.589583333333333
47.1509418999999	0.589583333333333
47.1676288999997	0.589583333333333
47.1839983	0.589583333333333
47.2006523	0.589583333333333
47.2177288999997	0.589583333333333
47.2342165	0.589583333333333
47.2507329	0.589583333333333
47.2672748999998	0.589583333333333
47.2841561999999	0.589583333333333
47.3004964999996	0.589583333333333
47.3172763999996	0.589583333333333
47.3339383999996	0.589583333333333
47.3504267999997	0.589583333333333
47.3675060999999	0.589583333333333
47.3840725999999	0.589583333333333
47.4005701999999	0.589583333333333
47.4180073999996	0.589583333333333
47.4341336999996	0.589583333333333
47.4510900999999	0.589583333333333
47.4679348999998	0.589583333333333
47.4844199999998	0.589583333333333
47.5008925999996	0.589583333333333
47.5178446999998	0.589583333333333
47.5339555999999	0.589583333333333
47.5508367999996	0.589583333333333
47.5677013999998	0.589583333333333
47.5842370999999	0.589583333333333
47.6004214	0.589583333333333
47.6175593999997	0.589583333333333
47.6342144999999	0.589583333333333
47.6504771999998	0.589583333333333
47.6678000999996	0.589583333333333
47.6843290999996	0.589583333333333
47.7011761999997	0.589583333333333
47.7177161999998	0.589583333333333
47.7340841999999	0.589583333333333
47.7509602999999	0.589583333333333
47.7678136999998	0.589583333333333
47.7841836999996	0.589583333333333
47.8008609999997	0.589583333333333
47.8178217999998	0.589583333333333
47.8343258	0.589583333333333
47.8505415	0.589583333333333
47.8676910999998	0.589583333333333
47.8841990999999	0.589583333333333
47.9007606999999	0.589583333333333
47.9177090999997	0.589583333333333
47.9338238999999	0.589583333333333
47.9506088999997	0.589583333333333
47.9674190999999	0.589583333333333
47.9841500999996	0.589583333333333
48.0009201999997	0.589583333333333
48.0179039	0.589583333333333
48.0340827999999	0.589583333333333
48.0509109999998	0.589583333333333
48.0678242999998	0.589583333333333
48.0843968999998	0.589583333333333
48.1008916999999	0.589583333333333
48.1176650999996	0.589583333333333
48.1340694999999	0.589583333333333
48.1508598999999	0.589583333333333
48.1672259999996	0.589583333333333
48.1837422999997	0.589583333333333
48.2007358999999	0.589583333333333
48.2174238999996	0.589583333333333
48.234254	0.589583333333333
48.2509396999999	0.589583333333333
48.2676079999997	0.589583333333333
48.2841782999999	0.589583333333333
48.300898	0.589583333333333
48.3177048999996	0.589583333333333
48.3337002999997	0.589583333333333
48.3508244	0.589583333333333
48.3673808999997	0.589583333333333
48.3843330999998	0.589583333333333
48.4009403	0.589583333333333
48.4177450999996	0.589583333333333
48.4343074999997	0.589583333333333
48.4507051999999	0.589583333333333
48.4672934999999	0.589583333333333
48.4840773999999	0.589583333333333
48.5010002999998	0.589583333333333
48.5174889	0.589583333333333
48.5341464999997	0.589583333333333
48.5510326999997	0.589583333333333
48.5676325999998	0.589583333333333
48.5843600999997	0.589583333333333
48.6005824999997	0.589583333333333
48.6175645999997	0.589583333333333
48.6345882999999	0.589583333333333
48.6508076999999	0.589583333333333
48.6677013999997	0.589583333333333
48.6840625	0.589583333333333
48.7008092999999	0.589583333333333
48.7179105999999	0.589583333333333
48.7340612999997	0.589583333333333
48.7505220999997	0.589583333333333
48.7671616999996	0.589583333333333
48.7842116999996	0.589583333333333
48.8007067999997	0.589583333333333
48.8174998	0.589583333333333
48.8339933999996	0.589583333333333
48.8509070999999	0.589583333333333
48.8674795999996	0.589583333333333
48.8843598999997	0.589583333333333
48.9006515999999	0.589583333333333
48.9170406999997	0.589583333333333
48.9341735999997	0.589583333333333
48.9511644999998	0.589583333333333
48.9674054999996	0.589583333333333
48.9841827999999	0.589583333333333
49.0006173999996	0.589583333333333
49.0173637999997	0.589583333333333
49.0340093999998	0.589583333333333
49.0505490999999	0.589583333333333
49.0675463999996	0.589583333333333
49.0838998999998	0.589583333333333
49.1006279999997	0.589583333333333
49.1174888999999	0.589583333333333
49.1338938999997	0.589583333333333
49.1507027999996	0.589583333333333
49.1672650999999	0.589583333333333
49.1838492999996	0.589583333333333
49.2006069999998	0.589583333333333
49.2169427999997	0.589583333333333
49.2339892999998	0.589583333333333
49.2509358999996	0.589583333333333
49.2675728999998	0.589583333333333
49.2843037999996	0.589583333333333
49.3008636999998	0.589583333333333
49.3175678999996	0.589583333333333
49.3340896999998	0.589583333333333
49.3511517999996	0.589583333333333
49.3676005999996	0.589583333333333
49.3841143	0.589583333333333
49.4009610999997	0.589583333333333
49.4174860999997	0.589583333333333
49.4340821999999	0.589583333333333
49.4502635999997	0.589583333333333
49.4676620999999	0.589583333333333
49.4840628999996	0.589583333333333
49.5002619999996	0.589583333333333
49.5171369	0.589583333333333
49.5342140999996	0.589583333333333
49.5512137999999	0.589583333333333
49.5675087999998	0.589583333333333
49.584312	0.589583333333333
49.6008075	0.589583333333333
49.6169452999998	0.589583333333333
49.6340938999997	0.589583333333333
49.6508388999996	0.589583333333333
49.6673950999998	0.589583333333333
49.6841562	0.589583333333333
49.7008729999998	0.589583333333333
49.7181837999997	0.589583333333333
49.7340546999999	0.589583333333333
49.7505845999999	0.589583333333333
49.7673772999997	0.589583333333333
49.7841758	0.589583333333333
49.8012418999997	0.589583333333333
49.8174317999997	0.589583333333333
49.8342110999997	0.589583333333333
49.8506865999998	0.589583333333333
49.8675436999997	0.589583333333333
49.8836693999997	0.589583333333333
49.9004925999998	0.589583333333333
49.9175476999999	0.589583333333333
49.9340377999997	0.589583333333333
49.9506098999996	0.589583333333333
49.9675732999999	0.589583333333333
49.9841667999999	0.589583333333333
50.0007185999998	0.589583333333333
50.0174717	0.589583333333333
50.0338879999999	0.589583333333333
50.0508698999997	0.589583333333333
50.0675729	0.589583333333333
50.0841682999999	0.589583333333333
50.1008032999998	0.589583333333333
50.1175218999997	0.589583333333333
50.1337967999998	0.589583333333333
50.1512161999999	0.589583333333333
50.1671942999997	0.589583333333333
50.1841504999998	0.589583333333333
50.2004926999998	0.589583333333333
50.2174829999999	0.589583333333333
50.2342192999999	0.589583333333333
50.2503700999996	0.589583333333333
50.2677816999999	0.589583333333333
50.2841076999998	0.589583333333333
50.3008610999996	0.589583333333333
50.3174681999999	0.589583333333333
50.3341891999999	0.589583333333333
50.3505307999999	0.589583333333333
50.3673233	0.589583333333333
50.3838884999996	0.589583333333333
50.4002770999996	0.589583333333333
50.4175596	0.589583333333333
50.4346369	0.589583333333333
50.4504730999997	0.589583333333333
50.4671071999996	0.589583333333333
50.4841844999996	0.589583333333333
50.5004915	0.589583333333333
50.5175514999996	0.589583333333333
50.5340855999998	0.589583333333333
50.5507693999998	0.589583333333333
50.5675299999998	0.589583333333333
50.5837865999997	0.589583333333333
50.6009133999996	0.589583333333333
50.6168722999996	0.589583333333333
50.6338171999996	0.589583333333333
50.6504446999998	0.589583333333333
50.6675465999997	0.589583333333333
50.6839431999997	0.589583333333333
50.7005505999996	0.589583333333333
50.7173518	0.589583333333333
50.7342658999996	0.589583333333333
50.7507953999998	0.589583333333333
50.7676355999997	0.589583333333333
50.7841080999997	0.589583333333333
50.8003371	0.589583333333333
50.8172463999999	0.589583333333333
50.8340767999998	0.589583333333333
50.8508304999996	0.589583333333333
50.8671430999998	0.589583333333333
50.8841080999996	0.589583333333333
50.9003137	0.589583333333333
50.917254	0.589583333333333
50.9341115999996	0.589583333333333
50.9503590999998	0.589583333333333
50.9674729999997	0.589583333333333
50.9840682999998	0.589583333333333
51.0007462999997	0.589583333333333
51.0175256999996	0.589583333333333
51.0340183999997	0.589583333333333
51.0505848999996	0.589583333333333
51.0675643	0.589583333333333
51.0840774999997	0.589583333333333
51.1008551999998	0.589583333333333
51.1175155999999	0.589583333333333
51.133875	0.589583333333333
51.1505272999998	0.589583333333333
51.1673113999996	0.589583333333333
51.1841148999997	0.589583333333333
51.2003415999998	0.589583333333333
51.2173134	0.589583333333333
51.2339979999997	0.589583333333333
51.2502668999996	0.589583333333333
51.2673396999999	0.589583333333333
51.2838238999998	0.589583333333333
51.3001043999998	0.589583333333333
51.3167848999997	0.589583333333333
51.3336949999998	0.589583333333333
51.3505960999996	0.589583333333333
51.3673262999996	0.589583333333333
51.3840379999997	0.589583333333333
51.4007017999998	0.589583333333333
51.4177448999999	0.589583333333333
51.4340411999997	0.589583333333333
51.4504135999996	0.589583333333333
51.4674207999997	0.589583333333333
51.4840375999997	0.589583333333333
51.5003998999996	0.589583333333333
51.5174967999997	0.589583333333333
51.5340443999999	0.589583333333333
51.5502288999996	0.589583333333333
51.5672470999998	0.589583333333333
51.5840493999999	0.589583333333333
51.6006060999998	0.589583333333333
51.6169465999997	0.589583333333333
51.6340906999999	0.589583333333333
51.6509240999999	0.589583333333333
51.6678164999998	0.589583333333333
51.6840233999997	0.589583333333333
51.7005698999997	0.589583333333333
51.7173419999999	0.589583333333333
51.7338	0.589583333333333
51.7501021999997	0.589583333333333
51.7672728999996	0.589583333333333
51.7840209999999	0.589583333333333
51.8007845999996	0.589583333333333
51.8171785	0.589583333333333
51.8340171	0.589583333333333
51.8502570999999	0.589583333333333
51.8670217999997	0.589583333333333
51.8836159999996	0.589583333333333
51.9007575999999	0.589583333333333
51.9173306999996	0.589583333333333
51.9339866999999	0.589583333333333
51.9509844999998	0.589583333333333
51.9675017	0.589583333333333
51.9838870999997	0.589583333333333
52.0003041	0.589583333333333
52.0174264999996	0.589583333333333
52.0340380999996	0.589583333333333
52.0503111999997	0.589583333333333
52.0671755999997	0.589583333333333
52.0842522999997	0.589583333333333
52.1007146999996	0.589583333333333
52.1174543999996	0.589583333333333
52.1336348	0.589583333333333
52.1508406999997	0.589583333333333
52.1672135999997	0.589583333333333
52.1839803999997	0.589583333333333
52.2007974999997	0.589583333333333
52.2174615999998	0.589583333333333
52.2340344999998	0.589583333333333
52.2507624999998	0.589583333333333
52.2674846	0.589583333333333
52.2840867	0.589583333333333
52.3005187999997	0.589583333333333
52.3170811	0.589583333333333
52.3340377999998	0.589583333333333
52.3500513999998	0.589583333333333
52.3675085	0.589583333333333
52.3837660999998	0.589583333333333
52.4003853999998	0.589583333333333
52.4173747999998	0.589583333333333
52.4340195	0.589583333333333
52.4507013999996	0.589583333333333
52.4672907999998	0.589583333333333
52.4838534999999	0.589583333333333
52.5007122999996	0.589583333333333
52.5172769999999	0.589583333333333
52.5338893999997	0.589583333333333
52.5505330999999	0.589583333333333
52.5671252999996	0.589583333333333
52.5836126999998	0.589583333333333
52.6007480999997	0.589583333333333
52.6175456999999	0.589583333333333
52.6337325999998	0.589583333333333
52.6507703999996	0.589583333333333
52.6675706999999	0.589583333333333
52.6839439999999	0.589583333333333
52.7005029999996	0.589583333333333
52.7173336999999	0.589583333333333
52.7338307999999	0.589583333333333
52.7506132999997	0.589583333333333
52.7673439999999	0.589583333333333
52.7839891999997	0.589583333333333
52.8002167999998	0.589583333333333
52.8171459999999	0.589583333333333
52.8336350999998	0.589583333333333
52.8505747999998	0.589583333333333
52.8674241999997	0.589583333333333
52.8839804999998	0.589583333333333
52.9004885999998	0.589583333333333
52.9171015999996	0.589583333333333
52.9338369999996	0.589583333333333
52.9507395999999	0.589583333333333
52.9671173999996	0.589583333333333
52.9839045999997	0.589583333333333
53.0007449999998	0.589583333333333
53.0175133999996	0.589583333333333
53.0341472999999	0.589583333333333
53.0507108999996	0.589583333333333
53.0673268999999	0.589583333333333
53.0837799999999	0.589583333333333
53.1002269999999	0.589583333333333
53.1175073999998	0.589583333333333
53.1339369999996	0.589583333333333
53.1507514	0.589583333333333
53.1675508999997	0.589583333333333
53.1840611999996	0.589583333333333
53.2007820999997	0.589583333333333
53.2174070999999	0.589583333333333
53.2338	0.589583333333333
53.2504494999998	0.589583333333333
53.2676010999999	0.589583333333333
53.2840021999996	0.589583333333333
53.3007451999997	0.589583333333333
53.3172148999997	0.589583333333333
53.3337944	0.589583333333333
53.3500977999997	0.589583333333333
53.3674542999997	0.589583333333333
53.3839355999999	0.589583333333333
53.4002808999999	0.589583333333333
53.4170958	0.589583333333333
53.4339255	0.589583333333333
53.4506309999997	0.589583333333333
53.4675035999999	0.589583333333333
53.48371	0.589583333333333
53.5008212999996	0.589583333333333
53.5174453999998	0.589583333333333
53.5341608999997	0.589583333333333
53.5507455999996	0.589583333333333
53.5671622999998	0.589583333333333
53.5837011999997	0.589583333333333
53.6004886999999	0.589583333333333
53.6173934999997	0.589583333333333
53.6339307999997	0.589583333333333
53.6506012	0.589583333333333
53.6675397999998	0.589583333333333
53.6838402999997	0.589583333333333
53.7006620999996	0.589583333333333
53.7172068999998	0.589583333333333
53.7337752999997	0.589583333333333
53.7502726999996	0.589583333333333
53.7675079999999	0.589583333333333
53.7839219999996	0.589583333333333
53.8012166999997	0.589583333333333
53.8170943999999	0.589583333333333
53.8339853999996	0.589583333333333
53.8505676999998	0.589583333333333
53.8674707999999	0.589583333333333
53.8843016999999	0.589583333333333
53.9003512999998	0.589583333333333
53.9170955	0.589583333333333
53.9339400999997	0.589583333333333
53.9505096999997	0.589583333333333
53.9669227999998	0.589583333333333
53.9838009999999	0.589583333333333
54.0010160999996	0.589583333333333
54.0169677999997	0.589583333333333
54.0337009999998	0.589583333333333
54.0507309999998	0.589583333333333
54.0673520999999	0.589583333333333
54.0840460999998	0.589583333333333
54.1006964999997	0.589583333333333
54.1178734999999	0.589583333333333
54.1338139	0.589583333333333
54.1505634999999	0.589583333333333
54.1669099999999	0.589583333333333
54.1840208999997	0.589583333333333
54.2003497999999	0.589583333333333
54.2169914999999	0.589583333333333
54.2340152999996	0.589583333333333
54.2506942	0.589583333333333
54.2674632999997	0.589583333333333
54.2840607999997	0.589583333333333
54.3006584	0.589583333333333
54.3174610999999	0.589583333333333
54.3339113999996	0.589583333333333
54.3506643999999	0.589583333333333
54.3674228999998	0.589583333333333
54.3840139999998	0.589583333333333
54.4010499999999	0.589583333333333
54.4170122999999	0.589583333333333
54.4337115999997	0.589583333333333
54.4506317999999	0.589583333333333
54.4673768999996	0.589583333333333
54.4840101	0.589583333333333
54.5003145999999	0.589583333333333
54.5173823999999	0.589583333333333
54.5337221	0.589583333333333
54.5506954999996	0.589583333333333
54.5671122999997	0.589583333333333
54.5837950999999	0.589583333333333
54.6004555999998	0.589583333333333
54.6170615999999	0.589583333333333
54.6337142999996	0.589583333333333
54.6503159999997	0.589583333333333
54.6674390999997	0.589583333333333
54.6838717999999	0.589583333333333
54.7006626999996	0.589583333333333
54.7174325999999	0.589583333333333
54.7336555999996	0.589583333333333
54.7507627	0.589583333333333
54.7674814999996	0.589583333333333
54.7840116999996	0.589583333333333
54.8005923999999	0.589583333333333
54.8174062999997	0.589583333333333
54.8339935999998	0.589583333333333
54.8502423	0.589583333333333
54.8673541999997	0.589583333333333
54.8835604999999	0.589583333333333
54.9004620999999	0.589583333333333
54.9175480999997	0.589583333333333
54.9338471999999	0.589583333333333
54.9506544999999	0.589583333333333
54.9671845999997	0.589583333333333
54.9843874999997	0.589583333333333
55.0004686999996	0.589583333333333
55.0169764999996	0.589583333333333
55.0338687999997	0.589583333333333
55.0506674999997	0.589583333333333
55.0674641999999	0.589583333333333
55.0837377999997	0.589583333333333
55.1004164999999	0.589583333333333
55.1168675999998	0.589583333333333
55.1337597999996	0.589583333333333
55.1504898999997	0.589583333333333
55.1671810999997	0.589583333333333
55.1836464999997	0.589583333333333
55.2008072999997	0.589583333333333
55.2173412999996	0.589583333333333
55.2339072999998	0.589583333333333
55.2507257999996	0.589583333333333
55.2673428999997	0.589583333333333
55.2835599999999	0.589583333333333
55.3005285999998	0.589583333333333
55.3170071	0.589583333333333
55.3343005999996	0.589583333333333
55.3502552	0.589583333333333
55.3675369999996	0.589583333333333
55.3835586999999	0.589583333333333
55.4006892999996	0.589583333333333
55.4172400999996	0.589583333333333
55.4339582999996	0.589583333333333
55.4508923999997	0.589583333333333
55.4670808999999	0.589583333333333
55.4838083	0.589583333333333
55.5006368999998	0.589583333333333
55.5173728999998	0.589583333333333
55.5334429	0.589583333333333
55.5505543999998	0.589583333333333
55.5672794999996	0.589583333333333
55.5839156999996	0.589583333333333
55.6009949999998	0.589583333333333
55.6173156	0.589583333333333
55.6337934999997	0.589583333333333
55.6506632999999	0.589583333333333
55.6674033999998	0.589583333333333
55.6839010999997	0.589583333333333
55.7006922999999	0.589583333333333
55.7173149999999	0.589583333333333
55.7335480999996	0.589583333333333
55.7508043999997	0.589583333333333
55.7673738999997	0.589583333333333
55.7840411999996	0.589583333333333
55.8009381999996	0.589583333333333
55.8171843999999	0.589583333333333
55.8340940999997	0.589583333333333
55.8506662999998	0.589583333333333
55.8673868999999	0.589583333333333
55.8838070999996	0.589583333333333
55.9006830999997	0.589583333333333
55.9171961999996	0.589583333333333
55.9338025999996	0.589583333333333
55.9506406999999	0.589583333333333
55.9669138999998	0.589583333333333
55.9836195999997	0.589583333333333
56.0003905999997	0.589583333333333
56.0170779	0.589583333333333
56.0336426999997	0.589583333333333
56.0504094999997	0.589583333333333
56.0673047999999	0.589583333333333
56.0834055999999	0.589583333333333
56.1000219999996	0.589583333333333
56.1171572999997	0.589583333333333
56.1337602999997	0.589583333333333
56.1504430999998	0.589583333333333
56.1669990999999	0.589583333333333
56.1838055999997	0.589583333333333
56.2006690999997	0.589583333333333
56.2171257999998	0.589583333333333
56.2335830999996	0.589583333333333
56.2508371999998	0.589583333333333
56.2671548999997	0.589583333333333
56.2836645999996	0.589583333333333
56.3002905999997	0.589583333333333
56.3172348999997	0.589583333333333
56.3337790999999	0.589583333333333
56.3512085999996	0.589583333333333
56.3673100999999	0.589583333333333
56.3840150999999	0.589583333333333
56.4007812	0.589583333333333
56.4171973999996	0.589583333333333
56.4339605999999	0.589583333333333
56.4501309999996	0.589583333333333
56.4670643999998	0.589583333333333
56.4837515999998	0.589583333333333
56.5002715999999	0.589583333333333
56.5173384999998	0.589583333333333
56.5334174	0.589583333333333
56.5502637	0.589583333333333
56.5672557999997	0.589583333333333
56.5837388999998	0.589583333333333
56.6008545999998	0.589583333333333
56.6170706999997	0.589583333333333
56.6337304999997	0.589583333333333
56.6505694999996	0.589583333333333
56.6673578	0.589583333333333
56.6838573999999	0.589583333333333
56.7011752999997	0.589583333333333
56.7238294999997	0.589583333333333
56.7424452999999	0.589583333333333
56.7604386999997	0.589583333333333
56.778284	0.589583333333333
56.7964932999998	0.589583333333333
56.8160154999996	0.589583333333333
56.8329881	0.589583333333333
56.8584243999999	0.589583333333333
56.8779503999999	0.589583333333333
56.8974731999997	0.589583333333333
56.9159683999997	0.589583333333333
56.9299569	0.589583333333333
56.9510187999999	0.589583333333333
56.9679188999999	0.589583333333333
56.9845382999997	0.589583333333333
57.0000553999998	0.589583333333333
57.0167038999998	0.589583333333333
57.0338519999996	0.589583333333333
57.0504202999996	0.589583333333333
57.0668686999998	0.589583333333333
57.0840223999999	0.589583333333333
57.1006058999997	0.589583333333333
57.1170918999997	0.589583333333333
57.1337526999996	0.589583333333333
57.1502965999998	0.589583333333333
57.1675950999997	0.589583333333333
57.1838364999999	0.589583333333333
57.2003523999997	0.589583333333333
57.2170306999997	0.589583333333333
57.2335147999997	0.589583333333333
57.2506182999996	0.589583333333333
57.2668807	0.589583333333333
57.2839531	0.589583333333333
57.3006057999996	0.589583333333333
57.3172568	0.589583333333333
57.3337122999997	0.589583333333333
57.3503302999998	0.589583333333333
57.3672152999998	0.589583333333333
57.3835026999996	0.589583333333333
57.4005086999996	0.589583333333333
57.4174205999998	0.589583333333333
57.4341875999999	0.589583333333333
57.4515291999996	0.589583333333333
57.4690257999996	0.589583333333333
57.4839668999998	0.589583333333333
57.5006181999997	0.589583333333333
57.5170111999996	0.589583333333333
57.5340544999999	0.589583333333333
57.5506121999997	0.589583333333333
57.5670596	0.589583333333333
57.5836006999998	0.589583333333333
57.6003115999997	0.589583333333333
57.6172222999999	0.589583333333333
57.6336385	0.589583333333333
57.6506356	0.589583333333333
57.6670224999998	0.589583333333333
57.6835647999997	0.589583333333333
57.7002419999999	0.589583333333333
57.7173192999999	0.589583333333333
57.7335741999996	0.589583333333333
57.7504445999998	0.589583333333333
57.7669056999998	0.589583333333333
57.7836823999996	0.589583333333333
57.8007374999997	0.589583333333333
57.8170406999998	0.589583333333333
57.8339193999996	0.589583333333333
57.8505824999997	0.589583333333333
57.8673543999998	0.589583333333333
57.8841095999996	0.589583333333333
57.9001712999998	0.589583333333333
57.9184289	0.589583333333333
57.9339303999996	0.589583333333333
57.9505921999998	0.589583333333333
57.9673687	0.589583333333333
57.9835349	0.589583333333333
58.0007085999996	0.589583333333333
58.017245	0.589583333333333
58.0335217999996	0.589583333333333
58.0505718999998	0.589583333333333
58.0672317999997	0.589583333333333
58.0836065999997	0.589583333333333
58.1005277999998	0.589583333333333
58.1170660999996	0.589583333333333
58.1340393999999	0.589583333333333
58.1506886999996	0.589583333333333
58.1672064999998	0.589583333333333
58.1832012	0.589583333333333
58.2004668	0.589583333333333
58.216958	0.589583333333333
58.2335988999998	0.589583333333333
58.2506881999998	0.589583333333333
58.2671375	0.589583333333333
58.2838913999999	0.589583333333333
58.3003397999996	0.589583333333333
58.3168473999999	0.589583333333333
58.3334900999998	0.589583333333333
58.3506595999997	0.589583333333333
58.3667576999997	0.589583333333333
58.3834933999997	0.589583333333333
58.3999226999999	0.589583333333333
58.4171174999997	0.589583333333333
58.4338092999997	0.589583333333333
58.4505695999997	0.589583333333333
58.4669215999998	0.589583333333333
58.4845218999999	0.589583333333333
58.5005149999997	0.589583333333333
58.5171811999999	0.589583333333333
58.5335986999999	0.589583333333333
58.5508785999996	0.589583333333333
58.5672719999998	0.589583333333333
58.5834556	0.589583333333333
58.6006085999998	0.589583333333333
58.6172582999998	0.589583333333333
58.6338029999997	0.589583333333333
58.6506370999996	0.589583333333333
58.6671087999998	0.589583333333333
58.6839692999997	0.589583333333333
58.7008060999997	0.589583333333333
58.7171042	0.589583333333333
58.7340694999998	0.589583333333333
58.7504021	0.589583333333333
58.7671235999996	0.589583333333333
58.7835193999999	0.589583333333333
58.8005397999996	0.589583333333333
58.8172149999996	0.589583333333333
58.8335051999998	0.589583333333333
58.8500171999999	0.589583333333333
58.8669238999996	0.589583333333333
58.8834726	0.589583333333333
58.9000886999997	0.589583333333333
58.9172125999999	0.589583333333333
58.9336510999997	0.589583333333333
58.9502413999999	0.589583333333333
58.9670400999998	0.589583333333333
58.9838458999998	0.589583333333333
59.0007088999996	0.589583333333333
59.0171547999998	0.589583333333333
59.0334835999997	0.589583333333333
59.0505736999999	0.589583333333333
59.0670843999997	0.589583333333333
59.0833336999999	0.589583333333333
59.1002276999998	0.589583333333333
59.1172668999998	0.589583333333333
59.1334688999996	0.589583333333333
59.1510728999997	0.589583333333333
59.1671067999996	0.589583333333333
59.1835385999998	0.589583333333333
59.2001785999996	0.589583333333333
59.2171706999998	0.589583333333333
59.233581	0.589583333333333
59.2505472999997	0.589583333333333
59.2671943999999	0.589583333333333
59.2838594999998	0.589583333333333
59.3002972999998	0.589583333333333
59.3170864999997	0.589583333333333
59.3335964999997	0.589583333333333
59.3504116999998	0.589583333333333
59.3671775999996	0.589583333333333
59.3834264999996	0.589583333333333
59.4003197999996	0.589583333333333
59.4169793999999	0.589583333333333
59.4339235999996	0.589583333333333
59.4504616999998	0.589583333333333
59.4672000999999	0.589583333333333
59.4838156999999	0.589583333333333
59.4999610999998	0.589583333333333
59.5168595999999	0.589583333333333
59.5336731999996	0.589583333333333
59.55053	0.589583333333333
59.5668436999999	0.589583333333333
59.5833957999998	0.589583333333333
59.6007701999997	0.589583333333333
59.6170834999998	0.589583333333333
59.6338000999999	0.589583333333333
59.6506120999998	0.589583333333333
59.6670538999997	0.589583333333333
59.6834687999999	0.589583333333333
59.7004029999998	0.589583333333333
59.7174505999997	0.589583333333333
59.7338224999999	0.589583333333333
59.7501177999998	0.589583333333333
59.7667228999999	0.589583333333333
59.7834288999998	0.589583333333333
59.7999319999999	0.589583333333333
59.8170433999999	0.589583333333333
59.8337098999996	0.589583333333333
59.8501855	0.589583333333333
59.8670247	0.589583333333333
59.8839837999999	0.589583333333333
59.9004669999999	0.589583333333333
59.9191477999998	0.589583333333333
59.9338009999997	0.589583333333333
59.9504403999999	0.589583333333333
59.9673339999999	0.589583333333333
59.9834293999997	0.589583333333333
60.0004688999998	0.589583333333333
60.0167594999998	0.589583333333333
60.0333063999997	0.589583333333333
60.0501151999997	0.589583333333333
60.0670694999999	0.589583333333333
60.0839234	0.589583333333333
60.1001680999998	0.589583333333333
60.1171439	0.589583333333333
60.1335104999998	0.589583333333333
60.1504820999999	0.589583333333333
60.1670625999996	0.589583333333333
60.1837313999999	0.589583333333333
60.2004644999997	0.589583333333333
60.2170673999999	0.589583333333333
60.2334641999996	0.589583333333333
60.2501612999999	0.589583333333333
60.2669472999996	0.589583333333333
60.2839073999999	0.589583333333333
60.3003372999997	0.589583333333333
60.3170161999997	0.589583333333333
60.3332677999997	0.589583333333333
60.3506998999997	0.589583333333333
60.3670064999997	0.589583333333333
60.3844172999998	0.589583333333333
60.4005873999999	0.589583333333333
60.4169216999999	0.589583333333333
60.4337979999996	0.589583333333333
60.4503135999998	0.589583333333333
60.4668737999996	0.589583333333333
60.4837763999999	0.589583333333333
60.5007081999997	0.589583333333333
60.5170612999996	0.589583333333333
60.5336135999996	0.589583333333333
60.5504199999996	0.589583333333333
60.5671961999997	0.589583333333333
60.5835549999997	0.589583333333333
60.6001849999998	0.589583333333333
60.6167446999998	0.589583333333333
60.6337738999996	0.589583333333333
60.6505167999999	0.589583333333333
60.6670366999997	0.589583333333333
60.6834225999996	0.589583333333333
60.6999837999997	0.589583333333333
60.7170097999997	0.589583333333333
60.7332318999997	0.589583333333333
60.7500078999997	0.589583333333333
60.7668498999997	0.589583333333333
60.7837669999999	0.589583333333333
60.8005297	0.589583333333333
60.8170878999999	0.589583333333333
60.8337402999996	0.589583333333333
60.8506722999996	0.589583333333333
60.8669833999998	0.589583333333333
60.8833439	0.589583333333333
60.9047271999998	0.589583333333333
60.9168136999997	0.589583333333333
60.9336067999998	0.589583333333333
60.9504127999999	0.589583333333333
60.9670762999999	0.589583333333333
60.9836086999999	0.589583333333333
61.0004511999996	0.589583333333333
61.0168375999997	0.589583333333333
61.0335103999996	0.589583333333333
61.0509522999996	0.589583333333333
61.0667406999996	0.589583333333333
61.0838740999998	0.589583333333333
61.1001111999999	0.589583333333333
61.1169234999998	0.589583333333333
61.1333245999999	0.589583333333333
61.1500969999997	0.589583333333333
61.1666443999998	0.589583333333333
61.1836430999997	0.589583333333333
61.2004102999999	0.589583333333333
61.2169590999997	0.589583333333333
61.2332858	0.589583333333333
61.2502737999998	0.589583333333333
61.2671870999998	0.589583333333333
61.2836125999997	0.589583333333333
61.3004007	0.589583333333333
61.3169524	0.589583333333333
61.3335752999997	0.589583333333333
61.3506512999998	0.589583333333333
61.3666601999998	0.589583333333333
61.3835099999997	0.589583333333333
61.4005064999997	0.589583333333333
61.4171727999997	0.589583333333333
61.4333359999996	0.589583333333333
61.4505365	0.589583333333333
61.4669900999997	0.589583333333333
61.4837659999998	0.589583333333333
61.5004266999999	0.589583333333333
61.5169788999997	0.589583333333333
61.5334501999996	0.589583333333333
61.5505337999998	0.589583333333333
61.5670193999999	0.589583333333333
61.5835899999997	0.589583333333333
61.6004538999996	0.589583333333333
61.6170791	0.589583333333333
61.6333964999999	0.589583333333333
61.6503369999996	0.589583333333333
61.6666971999998	0.589583333333333
61.6837259999998	0.589583333333333
61.7002567	0.589583333333333
61.7167129999998	0.589583333333333
61.7336355999996	0.589583333333333
61.7506208999998	0.589583333333333
61.7671815999997	0.589583333333333
61.7834530999999	0.589583333333333
61.8004907	0.589583333333333
61.8174521999999	0.589583333333333
61.8333948	0.589583333333333
61.8498629999999	0.589583333333333
61.8668957	0.589583333333333
61.8834518999997	0.589583333333333
61.9000848999999	0.589583333333333
61.9168418999998	0.589583333333333
61.9336628999999	0.589583333333333
61.9503285999999	0.589583333333333
61.9668925999999	0.589583333333333
61.9839687999997	0.589583333333333
62.0006141999997	0.589583333333333
62.0166373999996	0.589583333333333
62.0334696999998	0.589583333333333
62.0502930999996	0.589583333333333
62.0669341999997	0.589583333333333
62.0838040999997	0.589583333333333
62.1005286	0.589583333333333
62.1168043999996	0.589583333333333
62.1334188999999	0.589583333333333
62.1501865999999	0.589583333333333
62.1666180999996	0.589583333333333
62.1837635999996	0.589583333333333
62.2007337999999	0.589583333333333
62.2170487999997	0.589583333333333
62.2336105999998	0.589583333333333
62.2503875999996	0.589583333333333
62.2668229999999	0.589583333333333
62.2833737999999	0.589583333333333
62.3003673999997	0.589583333333333
62.3170497999999	0.589583333333333
62.3337356999996	0.589583333333333
62.350414	0.589583333333333
62.3669682	0.589583333333333
62.3837001999996	0.589583333333333
62.4002525999999	0.589583333333333
62.4169880999998	0.589583333333333
62.4335554999998	0.589583333333333
62.4505182999997	0.589583333333333
62.4668935999998	0.589583333333333
62.4838395999996	0.589583333333333
62.5047371999999	0.589583333333333
62.5167440999999	0.589583333333333
62.5339763999996	0.589583333333333
62.5499738999997	0.589583333333333
62.5666241999998	0.589583333333333
62.5838166999997	0.589583333333333
62.6000053999996	0.589583333333333
62.6169820999999	0.589583333333333
62.6337156	0.589583333333333
62.6501776999999	0.589583333333333
62.6669311999999	0.589583333333333
62.6837267999999	0.589583333333333
62.7003458999998	0.589583333333333
62.7168595999997	0.589583333333333
62.7341861	0.589583333333333
62.7500669999999	0.589583333333333
62.7666962999997	0.589583333333333
62.7839199	0.589583333333333
62.8003827999996	0.589583333333333
62.8169743999997	0.589583333333333
62.8335835999997	0.589583333333333
62.8501842999999	0.589583333333333
62.8667348999998	0.589583333333333
62.8835139999996	0.589583333333333
62.9000039999996	0.589583333333333
62.9170410999996	0.589583333333333
62.9336294999998	0.589583333333333
62.9499886999997	0.589583333333333
62.9670325999996	0.589583333333333
62.9838981999997	0.589583333333333
63.0001387999996	0.589583333333333
63.0167950999999	0.589583333333333
63.0331317999999	0.589583333333333
63.0502944	0.589583333333333
63.0666705999997	0.589583333333333
63.0838523999996	0.589583333333333
63.0997880999998	0.589583333333333
63.1169817999998	0.589583333333333
63.1337057999999	0.589583333333333
63.1504926999996	0.589583333333333
63.1668877999996	0.589583333333333
63.1833266999997	0.589583333333333
63.2004070999997	0.589583333333333
63.2166986999996	0.589583333333333
63.2335585999999	0.589583333333333
63.2503021999996	0.589583333333333
63.2666617999998	0.589583333333333
63.2833787	0.589583333333333
63.3003633999997	0.589583333333333
63.3170703999999	0.589583333333333
63.3334307999999	0.589583333333333
63.3499002999997	0.589583333333333
63.3668594999999	0.589583333333333
63.3834528999996	0.589583333333333
63.4000510999999	0.589583333333333
63.4168774999998	0.589583333333333
63.4336841999998	0.589583333333333
63.4503503999999	0.589583333333333
63.4666440999999	0.589583333333333
63.4844148999996	0.589583333333333
63.5002064999999	0.589583333333333
63.5169545999997	0.589583333333333
63.5333888999999	0.589583333333333
63.5502790999999	0.589583333333333
63.5668390999999	0.589583333333333
63.5833885999996	0.589583333333333
63.6006122999997	0.589583333333333
63.6169433	0.589583333333333
63.6338014999997	0.589583333333333
63.6500405999996	0.589583333333333
63.6672838	0.589583333333333
63.6837962999998	0.589583333333333
63.7000782999999	0.589583333333333
63.7167288999999	0.589583333333333
63.7337657999997	0.589583333333333
63.7500095999999	0.589583333333333
63.7666116999999	0.589583333333333
63.7836914	0.589583333333333
63.7997824999998	0.589583333333333
63.8169291999998	0.589583333333333
63.8337815999998	0.589583333333333
63.8503808999999	0.589583333333333
63.8670009999996	0.589583333333333
63.8836862999997	0.589583333333333
63.9001317999996	0.589583333333333
63.9167524	0.589583333333333
63.9333778999999	0.589583333333333
63.9501856999996	0.589583333333333
63.9665778999997	0.589583333333333
63.9831869	0.589583333333333
63.9998642999999	0.589583333333333
64.0168272999999	0.589583333333333
64.0337129	0.589583333333333
64.0501173999996	0.589583333333333
64.0672129999998	0.589583333333333
64.0842976999998	0.589583333333333
64.1000801999999	0.589583333333333
64.1170643999999	0.589583333333333
64.1338940999999	0.589583333333333
64.1502037999999	0.589583333333333
64.1668356999999	0.589583333333333
64.1833237999999	0.589583333333333
64.2002157999996	0.589583333333333
64.2169848999997	0.589583333333333
64.2334978999997	0.589583333333333
64.2503536999998	0.589583333333333
64.2668646999996	0.589583333333333
64.2839918999998	0.589583333333333
64.3000307999996	0.589583333333333
64.3170585999997	0.589583333333333
64.3333192999999	0.589583333333333
64.3503097999996	0.589583333333333
64.3667777999999	0.589583333333333
64.3838468999998	0.589583333333333
64.3999398999999	0.589583333333333
64.4169749999996	0.589583333333333
64.4337186999996	0.589583333333333
64.4500177999998	0.589583333333333
64.4668846999998	0.589583333333333
64.4837423999998	0.589583333333333
64.5009746999999	0.589583333333333
64.5167632999996	0.589583333333333
64.5334685999997	0.589583333333333
64.5501288999999	0.589583333333333
64.5668892999997	0.589583333333333
64.5836876999997	0.589583333333333
64.6005760999997	0.589583333333333
64.6167870999998	0.589583333333333
64.6337675	0.589583333333333
64.6503009999997	0.589583333333333
64.6668866999998	0.589583333333333
64.6838881999997	0.589583333333333
64.6997013999999	0.589583333333333
64.7165964999999	0.589583333333333
64.7332669999996	0.589583333333333
64.7504077999997	0.589583333333333
64.7668678999999	0.589583333333333
64.7835314999998	0.589583333333333
64.7997440999998	0.589583333333333
64.8164747999999	0.589583333333333
64.8338325	0.589583333333333
64.8505961999999	0.589583333333333
64.8665929999997	0.589583333333333
64.8837933	0.589583333333333
64.8999793999997	0.589583333333333
64.9169340999997	0.589583333333333
64.9336598	0.589583333333333
64.9503101999999	0.589583333333333
64.9669696999999	0.589583333333333
64.9834500999996	0.589583333333333
65.0000648999999	0.589583333333333
65.0168513999997	0.589583333333333
65.0338783999996	0.589583333333333
65.0501936999999	0.589583333333333
65.0668536999997	0.589583333333333
65.0834086	0.589583333333333
65.1001239999996	0.589583333333333
65.1169089	0.589583333333333
65.1336419999998	0.589583333333333
65.1498299999998	0.589583333333333
65.1666383999996	0.589583333333333
65.1830113999999	0.589583333333333
65.2001532999998	0.589583333333333
65.2167885999997	0.589583333333333
65.2335231999996	0.589583333333333
65.2499102999996	0.589583333333333
65.2667618999999	0.589583333333333
65.2837692999997	0.589583333333333
65.3002735	0.589583333333333
65.3168563999998	0.589583333333333
65.3332776999996	0.589583333333333
65.3503259999998	0.589583333333333
65.3668773999998	0.589583333333333
65.3835257999999	0.589583333333333
65.4001071999996	0.589583333333333
65.4169055999996	0.589583333333333
65.4334371999998	0.589583333333333
65.4497029999998	0.589583333333333
65.4668892	0.589583333333333
65.4835804999998	0.589583333333333
65.5001953999999	0.589583333333333
65.5164407999996	0.589583333333333
65.5337750999997	0.589583333333333
65.5502732	0.589583333333333
65.5668148	0.589583333333333
65.5836549999999	0.589583333333333
65.6000512999999	0.589583333333333
65.6166856999998	0.589583333333333
65.6335310999998	0.589583333333333
65.6498186999997	0.589583333333333
65.6668152999996	0.589583333333333
65.6837130999997	0.589583333333333
65.7000550999996	0.589583333333333
65.7168505999998	0.589583333333333
65.7335294	0.589583333333333
65.7500364999996	0.589583333333333
65.7667907	0.589583333333333
65.7835204999997	0.589583333333333
65.7996346	0.589583333333333
65.8166681999996	0.589583333333333
65.8336410999996	0.589583333333333
65.8498527999996	0.589583333333333
65.8665471999998	0.589583333333333
65.8837543999998	0.589583333333333
65.9000338999999	0.589583333333333
65.9168802999998	0.589583333333333
65.9334933999999	0.589583333333333
65.9506010999999	0.589583333333333
65.9666679999996	0.589583333333333
65.9837460999997	0.589583333333333
65.9995839999997	0.589583333333333
66.0167548999998	0.589583333333333
66.0333129999999	0.589583333333333
66.0501732999996	0.589583333333333
66.0667470999997	0.589583333333333
66.0834688	0.589583333333333
66.0998376999996	0.589583333333333
66.1164978999996	0.589583333333333
66.1337357999996	0.589583333333333
66.1496574999996	0.589583333333333
66.1666319999999	0.589583333333333
66.1830805	0.589583333333333
66.2002373999999	0.589583333333333
66.2163999999998	0.589583333333333
66.2335088	0.589583333333333
66.2495900999998	0.589583333333333
66.2664450999996	0.589583333333333
66.2831157999999	0.589583333333333
66.3000362999996	0.589583333333333
66.3167144999998	0.589583333333333
66.3334358999996	0.589583333333333
66.3499164999998	0.589583333333333
66.3666363999996	0.589583333333333
66.3837008999999	0.589583333333333
66.3996781999999	0.589583333333333
66.4165705999999	0.589583333333333
66.4332891999998	0.589583333333333
66.4495351999999	0.589583333333333
66.4663550999999	0.589583333333333
66.4838740999999	0.589583333333333
66.5000880999996	0.589583333333333
66.5165642999996	0.589583333333333
66.5334140999998	0.589583333333333
66.5499728999998	0.589583333333333
66.5664244999998	0.589583333333333
66.5836171999999	0.589583333333333
66.5996748999996	0.589583333333333
66.6169106999996	0.589583333333333
66.6336958999996	0.589583333333333
66.6500250999998	0.589583333333333
66.6666203999998	0.589583333333333
66.6839690999996	0.589583333333333
66.6998047999996	0.589583333333333
66.7162827999996	0.589583333333333
66.7336125999996	0.589583333333333
66.7494597	0.589583333333333
66.7664906999998	0.589583333333333
66.7837983999998	0.589583333333333
66.7998723999999	0.589583333333333
66.8163525	0.589583333333333
66.8338299999996	0.589583333333333
66.8500199999999	0.589583333333333
66.8664242	0.589583333333333
66.8838539999997	0.589583333333333
66.9002191999998	0.589583333333333
66.9162598999997	0.589583333333333
66.9331997999998	0.589583333333333
66.9500067999998	0.589583333333333
66.9666851999996	0.589583333333333
66.9835910999996	0.589583333333333
66.999593	0.589583333333333
67.0165174999997	0.589583333333333
67.0334291999998	0.589583333333333
67.0498023999999	0.589583333333333
67.0664204	0.589583333333333
67.0837281999998	0.589583333333333
67.0999754999998	0.589583333333333
67.1173761	0.589583333333333
67.1340670999998	0.589583333333333
67.1502154999998	0.589583333333333
67.1673229999997	0.589583333333333
67.1834580999998	0.589583333333333
67.1999555999996	0.589583333333333
67.2166954999998	0.589583333333333
67.2335268999996	0.589583333333333
67.2497166999997	0.589583333333333
67.2666214999999	0.589583333333333
67.2835240999998	0.589583333333333
67.3000654999996	0.589583333333333
67.3163943999998	0.589583333333333
67.3337606	0.589583333333333
67.3505210999997	0.596875
67.3666624999996	0.596875
67.3832674999999	0.596875
67.3997958999998	0.596875
67.4164532999998	0.596875
67.4337504999999	0.596875
67.4497360999999	0.596875
67.4664306999998	0.596875
67.4836978999997	0.596875
67.4997934999997	0.596875
67.5164801999999	0.596875
67.5335716999998	0.596875
67.5496537999998	0.596875
67.5664113999997	0.596875
67.5835298999996	0.596875
67.6001057999997	0.596875
67.6164858999996	0.596875
67.6333118999996	0.596875
67.6496631999998	0.60625
67.6667939999998	0.614583333333333
67.6832442999998	0.614583333333333
67.6997821999998	0.614583333333333
67.7167494999999	0.614583333333333
67.7337401999998	0.614583333333333
67.7503355999997	0.614583333333333
67.7666703999998	0.614583333333333
67.7837708999996	0.614583333333333
67.7999115999996	0.622916666666667
67.8166870999999	0.63125
67.8334906	0.63125
67.8501464999999	0.639583333333333
67.8662749999999	0.639583333333333
67.8836520999998	0.639583333333333
67.8997580999999	0.639583333333333
67.9164056	0.639583333333333
67.9335449999999	0.639583333333333
67.9495703999996	0.639583333333333
67.9667700999998	0.639583333333333
67.9838504999998	0.639583333333333
68.0003228999999	0.639583333333333
68.0164221999999	0.639583333333333
68.0335132999999	0.639583333333333
68.0498223999998	0.639583333333333
68.0666365999996	0.639583333333333
68.0836552999999	0.639583333333333
68.0998537999999	0.639583333333333
68.1163707999999	0.639583333333333
68.1333247999996	0.639583333333333
68.1497770999999	0.639583333333333
68.1666118999997	0.639583333333333
68.1834632999999	0.639583333333333
68.1999036999996	0.639583333333333
68.2164546999998	0.639583333333333
68.2335899	0.639583333333333
68.2502118999996	0.639583333333333
68.2665764999997	0.639583333333333
68.2834123999996	0.639583333333333
68.2997338999999	0.639583333333333
68.3166795999996	0.639583333333333
68.3338906999998	0.639583333333333
68.3501484999997	0.639583333333333
68.3667504999999	0.639583333333333
68.3831419999997	0.639583333333333
68.4001642999997	0.639583333333333
68.4164596999999	0.639583333333333
68.4332020999996	0.639583333333333
68.4500028999996	0.639583333333333
68.4668425	0.639583333333333
68.4834906999999	0.639583333333333
68.4998331999996	0.639583333333333
68.5164477999997	0.639583333333333
68.5335908999996	0.639583333333333
68.5502658999999	0.639583333333333
68.5661717999997	0.639583333333333
68.5834624999998	0.639583333333333
68.6002205999998	0.639583333333333
68.6164964999998	0.639583333333333
68.6334214999997	0.639583333333333
68.6497634999996	0.639583333333333
68.6666308999997	0.639583333333333
68.6840012999996	0.639583333333333
68.6998648999997	0.639583333333333
68.7165213999997	0.639583333333333
68.7334956999998	0.639583333333333
68.7502210999996	0.639583333333333
68.7662943999999	0.639583333333333
68.7835485999999	0.639583333333333
68.7998342999999	0.639583333333333
68.8167056999996	0.639583333333333
68.8335675999997	0.639583333333333
68.8502273999998	0.639583333333333
68.8663883999998	0.639583333333333
68.8837057999999	0.639583333333333
68.8997668999996	0.639583333333333
68.9167918999997	0.639583333333333
68.933959	0.639583333333333
68.9497761999996	0.639583333333333
68.9671936999998	0.639583333333333
68.9834432999996	0.639583333333333
68.9994896999997	0.639583333333333
69.0166926999996	0.639583333333333
69.0335176999997	0.639583333333333
69.0497799	0.639583333333333
69.0666447999997	0.639583333333333
69.0836479	0.639583333333333
69.0996671999997	0.639583333333333
69.1169062999998	0.639583333333333
69.1336546999996	0.639583333333333
69.1496345999999	0.639583333333333
69.1666679999998	0.639583333333333
69.1833007999999	0.639583333333333
69.1997710999999	0.639583333333333
69.2165080999998	0.639583333333333
69.2336323999998	0.639583333333333
69.2498857999999	0.639583333333333
69.2665872999996	0.639583333333333
69.2832831999999	0.639583333333333
69.3000248999997	0.639583333333333
69.3163581999997	0.639583333333333
69.3333447	0.639583333333333
69.3496442999999	0.639583333333333
69.3667106999997	0.639583333333333
69.3831350999999	0.639583333333333
69.3994166999996	0.639583333333333
69.4166882999998	0.639583333333333
69.4336074999997	0.639583333333333
69.4498285	0.639583333333333
69.4666152999998	0.639583333333333
69.4834387999999	0.639583333333333
69.4994919999999	0.639583333333333
69.5165771999996	0.639583333333333
69.5336266999998	0.639583333333333
69.5505389999998	0.639583333333333
69.5664299999999	0.639583333333333
69.5834439999999	0.639583333333333
69.6000406999997	0.639583333333333
69.6166329999996	0.639583333333333
69.6334938999998	0.639583333333333
69.6495719	0.639583333333333
69.6666218999999	0.639583333333333
69.6835075999998	0.639583333333333
69.6996643999996	0.639583333333333
69.7166445999997	0.639583333333333
69.7335387999997	0.639583333333333
69.7499640999999	0.639583333333333
69.7666199999999	0.639583333333333
69.7830371	0.639583333333333
69.7999207999997	0.639583333333333
69.8162933999997	0.639583333333333
69.8333258999996	0.639583333333333
69.8496141999999	0.639583333333333
69.8665501999999	0.639583333333333
69.8828859999999	0.639583333333333
69.8997547999998	0.639583333333333
69.9166168999996	0.639583333333333
69.9333815999998	0.639583333333333
69.9497289999999	0.639583333333333
69.9663207999997	0.639583333333333
69.9833658999996	0.639583333333333
69.9997496999999	0.639583333333333
70.0173118999996	0.639583333333333
70.0334274999996	0.639583333333333
70.0497302999997	0.639583333333333
70.0668572	0.639583333333333
70.0835029	0.639583333333333
70.0999085999997	0.639583333333333
70.1165573999997	0.639583333333333
70.1336864	0.639583333333333
70.1499887	0.639583333333333
70.1666765999998	0.639583333333333
70.1830209	0.639583333333333
70.1995562999996	0.639583333333333
70.2163724999996	0.639583333333333
70.2337235	0.639583333333333
70.2494690999997	0.639583333333333
70.2665196999997	0.639583333333333
70.2838432999997	0.639583333333333
70.2998416999999	0.639583333333333
70.3163882999997	0.639583333333333
70.3336206999998	0.639583333333333
70.3498936999999	0.639583333333333
70.3666327999999	0.639583333333333
70.3832515999998	0.639583333333333
70.3997093999997	0.639583333333333
70.4164929999997	0.639583333333333
70.4332407999996	0.639583333333333
70.4496712999999	0.639583333333333
70.4666688999996	0.639583333333333
70.4830833999999	0.639583333333333
70.4998433999999	0.639583333333333
70.5166250999996	0.639583333333333
70.5336225999999	0.639583333333333
70.5498720999999	0.639583333333333
70.5668731999999	0.639583333333333
70.5833515999998	0.639583333333333
70.6000035999996	0.639583333333333
70.6166506	0.639583333333333
70.6334389999997	0.639583333333333
70.6499196999998	0.639583333333333
70.6665171	0.639583333333333
70.6837681999996	0.639583333333333
70.6995663999996	0.639583333333333
70.7162829999997	0.639583333333333
70.7335611999997	0.639583333333333
70.7495199	0.639583333333333
70.7665282999997	0.639583333333333
70.7832851999997	0.639583333333333
70.8002124999998	0.639583333333333
70.8165790999997	0.639583333333333
70.8332347999999	0.639583333333333
70.8500507999997	0.639583333333333
70.8667243	0.639583333333333
70.8835738999996	0.639583333333333
70.8996490999998	0.639583333333333
70.9163610999999	0.639583333333333
70.9335837999997	0.639583333333333
70.9499922	0.639583333333333
70.9663675999996	0.639583333333333
70.9830270999996	0.639583333333333
70.9999862999998	0.639583333333333
71.0168778999996	0.639583333333333
71.0334622999999	0.639583333333333
71.0501593999998	0.639583333333333
71.0668156999996	0.639583333333333
71.0832653999996	0.639583333333333
71.0997756999996	0.639583333333333
71.1164096999996	0.639583333333333
71.1333898999997	0.639583333333333
71.1496421999996	0.639583333333333
71.1666679999998	0.639583333333333
71.1836561999999	0.639583333333333
71.1997051999997	0.639583333333333
71.2166168999997	0.639583333333333
71.2334658999998	0.639583333333333
71.2496914999997	0.639583333333333
71.2666673999997	0.639583333333333
71.2835563999997	0.639583333333333
71.2999166999998	0.639583333333333
71.3166853999996	0.639583333333333
71.3333447999998	0.639583333333333
71.3496697999999	0.639583333333333
71.3666233999998	0.639583333333333
71.3833931999998	0.639583333333333
71.3994847999998	0.639583333333333
71.4164788999997	0.639583333333333
71.4335655999998	0.639583333333333
71.4495552999997	0.639583333333333
71.4667467999998	0.639583333333333
71.4839410999998	0.639583333333333
71.5001695999999	0.639583333333333
71.5165905999997	0.639583333333333
71.5335325999999	0.639583333333333
71.5497254999996	0.639583333333333
71.5667431999996	0.639583333333333
71.5830687999996	0.639583333333333
71.5996536999996	0.639583333333333
71.6165938999998	0.639583333333333
71.6332695999999	0.639583333333333
71.6498484999997	0.639583333333333
71.6662407999997	0.639583333333333
71.6835643999998	0.639583333333333
71.6996635999999	0.639583333333333
71.7165530999996	0.639583333333333
71.7333309999999	0.639583333333333
71.7496388	0.639583333333333
71.7663885999996	0.639583333333333
71.7833127999997	0.639583333333333
71.7997223999996	0.639583333333333
71.8164340999997	0.639583333333333
71.8332928999998	0.639583333333333
71.8496570999996	0.639583333333333
71.8664500999998	0.639583333333333
71.8832528999997	0.639583333333333
71.8996252999996	0.639583333333333
71.9167098999997	0.639583333333333
71.9332847999999	0.639583333333333
71.9496130999996	0.639583333333333
71.9666590999996	0.639583333333333
71.9837263999998	0.639583333333333
72.0000218999999	0.639583333333333
72.0166814999998	0.639583333333333
72.0334787999996	0.639583333333333
72.0498226	0.639583333333333
72.0666725999999	0.639583333333333
72.0836722999998	0.639583333333333
72.0998126999998	0.639583333333333
72.1161896999997	0.639583333333333
72.1332000999996	0.639583333333333
72.1497252999998	0.639583333333333
72.1666021999999	0.639583333333333
72.1833526999999	0.639583333333333
72.1997488999996	0.639583333333333
72.2160458999997	0.639583333333333
72.2333248999998	0.639583333333333
72.2497001999996	0.639583333333333
72.2663914	0.639583333333333
72.2836106999998	0.639583333333333
72.2999381	0.639583333333333
72.3164350999996	0.639583333333333
72.3334579999996	0.639583333333333
72.3498917999996	0.639583333333333
72.3666609999996	0.639583333333333
72.3832158999999	0.639583333333333
72.400001	0.639583333333333
72.4167008999998	0.639583333333333
72.4333030999996	0.639583333333333
72.4498381999997	0.639583333333333
72.4666212999996	0.639583333333333
72.4834744	0.639583333333333
72.4997474999996	0.639583333333333
72.5168210999996	0.639583333333333
72.5333211999996	0.639583333333333
72.5497161999997	0.639583333333333
72.5662951999998	0.639583333333333
72.5834680999997	0.639583333333333
72.5995073999998	0.639583333333333
72.6163036999997	0.639583333333333
72.6333547999998	0.639583333333333
72.6496852999999	0.639583333333333
72.6666243	0.639583333333333
72.6838399999997	0.639583333333333
72.6999985999996	0.639583333333333
72.7164281999999	0.639583333333333
72.7333288	0.639583333333333
72.7501098999996	0.639583333333333
72.7665276999996	0.639583333333333
72.7827303999998	0.639583333333333
72.7997588999997	0.639583333333333
72.8166349999997	0.639583333333333
72.8331968999996	0.639583333333333
72.8498955999999	0.639583333333333
72.8667707999998	0.639583333333333
72.8829846999997	0.639583333333333
72.8996912999996	0.639583333333333
72.9166587	0.639583333333333
72.9332568	0.639583333333333
72.9498938999996	0.639583333333333
72.9662875999998	0.639583333333333
72.9833343999999	0.639583333333333
72.9998611999999	0.639583333333333
73.0162650999996	0.639583333333333
73.0331458999999	0.639583333333333
73.0495433999999	0.639583333333333
73.0662875999997	0.639583333333333
73.0831139999996	0.639583333333333
73.0996908999996	0.639583333333333
73.1166174	0.639583333333333
73.1332264999996	0.639583333333333
73.1496662	0.639583333333333
73.1664859999996	0.639583333333333
73.1828259999997	0.639583333333333
73.1998707999996	0.639583333333333
73.2166017	0.639583333333333
73.2332755999996	0.639583333333333
73.2493439	0.639583333333333
73.2668955999998	0.639583333333333
73.2830729999996	0.639583333333333
73.2998866999997	0.639583333333333
73.3168128999996	0.639583333333333
73.3331506999998	0.639583333333333
73.3495957999999	0.639583333333333
73.3664870999996	0.639583333333333
73.3831662999996	0.639583333333333
73.3998408999996	0.639583333333333
73.4165915999997	0.639583333333333
73.4334891999997	0.639583333333333
73.4495908999997	0.639583333333333
73.466551	0.639583333333333
73.4830161999998	0.639583333333333
73.4999319999997	0.639583333333333
73.5166261999998	0.639583333333333
73.5334467999996	0.639583333333333
73.5496885999996	0.639583333333333
73.5664614999996	0.639583333333333
73.5836549999999	0.639583333333333
73.5999066999998	0.639583333333333
73.6168029999999	0.639583333333333
73.6329913	0.639583333333333
73.6498904	0.639583333333333
73.6665601999998	0.639583333333333
73.6830958999999	0.639583333333333
73.6997239999996	0.639583333333333
73.7162138999997	0.639583333333333
73.7334644999996	0.639583333333333
73.7498350999999	0.639583333333333
73.7666719999997	0.639583333333333
73.7833781999998	0.639583333333333
73.8001465999996	0.639583333333333
73.8164260999997	0.639583333333333
73.8331361999999	0.639583333333333
73.8497379999999	0.639583333333333
73.8664598999999	0.639583333333333
73.8835540999999	0.639583333333333
73.8996834999998	0.639583333333333
73.9162632999996	0.639583333333333
73.9330138999999	0.639583333333333
73.9496205999999	0.639583333333333
73.9663367999997	0.639583333333333
73.9832405999996	0.639583333333333
73.9996639999999	0.639583333333333
74.0164875999999	0.639583333333333
74.0333057999997	0.639583333333333
74.0499719999998	0.639583333333333
74.0661540999999	0.639583333333333
74.0837608999996	0.639583333333333
74.0998979999999	0.639583333333333
74.1161164999999	0.639583333333333
74.1330894999996	0.639583333333333
74.1497012	0.639583333333333
74.1667968999996	0.639583333333333
74.1836857999997	0.639583333333333
74.1998822999999	0.639583333333333
74.2163917999997	0.639583333333333
74.2335311999996	0.639583333333333
74.2493261999998	0.639583333333333
74.2665824999999	0.639583333333333
74.2833114999999	0.639583333333333
74.2998955999997	0.639583333333333
74.3165710999997	0.639583333333333
74.333052	0.639583333333333
74.3499938	0.639583333333333
74.3663956999999	0.639583333333333
74.3831889999997	0.639583333333333
74.3998211999997	0.639583333333333
74.4164810999996	0.639583333333333
74.4333641999997	0.639583333333333
74.4497531999996	0.639583333333333
74.4663290999997	0.639583333333333
74.4832266999997	0.639583333333333
74.4996558999997	0.639583333333333
74.5166658999997	0.639583333333333
74.5335089999999	0.639583333333333
74.5499275999996	0.639583333333333
74.5665818999996	0.639583333333333
74.5833269	0.639583333333333
74.5998663999999	0.639583333333333
74.6165527999997	0.639583333333333
74.6332484999998	0.639583333333333
74.6495749999999	0.639583333333333
74.6660559999996	0.639583333333333
74.6827697999997	0.639583333333333
74.6994412999998	0.639583333333333
74.7160946999998	0.639583333333333
74.7330360999999	0.639583333333333
74.7492841999997	0.639583333333333
74.7664224999999	0.639583333333333
74.7832114999997	0.639583333333333
74.7996458999996	0.639583333333333
74.8163881999999	0.639583333333333
74.8332627999998	0.639583333333333
74.8499201999998	0.639583333333333
74.8664226999999	0.639583333333333
74.8829885999999	0.639583333333333
74.8997952999998	0.639583333333333
74.9166415	0.639583333333333
74.9329876999996	0.639583333333333
74.9498564999999	0.639583333333333
74.9667175	0.639583333333333
74.9834532	0.639583333333333
74.9998306999996	0.639583333333333
75.0166944999996	0.639583333333333
75.0333768999999	0.639583333333333
75.0499593	0.639583333333333
75.0665713999997	0.639583333333333
75.0833552999998	0.639583333333333
75.0995214999998	0.639583333333333
75.1166604	0.639583333333333
75.1331644999996	0.639583333333333
75.1501126999997	0.639583333333333
75.1664979999996	0.639583333333333
75.1833155999998	0.639583333333333
75.1999239999996	0.639583333333333
75.2163839999998	0.639583333333333
75.2333039999999	0.639583333333333
75.2499067999997	0.639583333333333
75.2662793	0.639583333333333
75.2832281999999	0.639583333333333
75.2995476999999	0.639583333333333
75.3166586999996	0.639583333333333
75.3330070999996	0.639583333333333
75.3492843999998	0.639583333333333
75.3663109999998	0.639583333333333
75.3828989999997	0.639583333333333
75.3997474999996	0.639583333333333
75.4164638999996	0.639583333333333
75.4329503999998	0.639583333333333
75.4496664999997	0.639583333333333
75.4665461999998	0.639583333333333
75.4831010999997	0.639583333333333
75.4992901999999	0.639583333333333
75.5164494999999	0.639583333333333
75.5333720999997	0.639583333333333
75.5491718999997	0.639583333333333
75.5666450999997	0.639583333333333
75.5832444999996	0.639583333333333
75.5992891999999	0.639583333333333
75.6167630999998	0.639583333333333
75.6333563999997	0.639583333333333
75.6492349999999	0.639583333333333
75.6666142999998	0.639583333333333
75.6834663	0.639583333333333
75.6994823999999	0.639583333333333
75.7163375999999	0.639583333333333
75.7330330999998	0.639583333333333
75.7493237999997	0.639583333333333
75.7664366999998	0.639583333333333
75.7829477999999	0.639583333333333
75.7995913999998	0.639583333333333
75.8165746999998	0.639583333333333
75.8332516999999	0.639583333333333
75.8498750999997	0.639583333333333
75.8663784999999	0.639583333333333
75.8831665999996	0.639583333333333
75.8992786999997	0.639583333333333
75.9165626999998	0.639583333333333
75.9329373999999	0.639583333333333
75.9492944999997	0.639583333333333
75.9665624999998	0.639583333333333
75.9832552999997	0.639583333333333
75.9992557999999	0.639583333333333
76.0165168999997	0.639583333333333
76.0331231999999	0.639583333333333
76.0496008999999	0.639583333333333
76.0665517999996	0.639583333333333
76.0832956999998	0.639583333333333
76.0993983999997	0.639583333333333
76.1165334999996	0.639583333333333
76.1330307999997	0.639583333333333
76.1493551999997	0.639583333333333
76.1666183999996	0.639583333333333
76.1833310999996	0.639583333333333
76.1992498	0.639583333333333
76.2164168999998	0.639583333333333
76.2336172999999	0.639583333333333
76.2493634999996	0.639583333333333
76.2665001999999	0.639583333333333
76.2833028	0.639583333333333
76.2992587999997	0.639583333333333
76.3162157999996	0.639583333333333
76.3331703999997	0.639583333333333
76.3498237999997	0.639583333333333
76.3666384999997	0.639583333333333
76.3832945999998	0.639583333333333
76.3994769999999	0.639583333333333
76.4164114999999	0.639583333333333
76.4334985999999	0.639583333333333
76.4492160999998	0.639583333333333
76.4666444	0.639583333333333
76.4835112999999	0.639583333333333
76.4996061999996	0.639583333333333
76.5164003999998	0.639583333333333
76.5333414999996	0.639583333333333
76.5498187999997	0.639583333333333
76.5666391999998	0.639583333333333
76.5829119	0.639583333333333
76.5995902	0.639583333333333
76.6163876999999	0.639583333333333
76.6330270999997	0.639583333333333
76.6496104999997	0.639583333333333
76.6661368999999	0.639583333333333
76.6830292	0.639583333333333
76.6991433999997	0.639583333333333
76.7162655999996	0.639583333333333
76.7330182999999	0.639583333333333
76.7494727999997	0.639583333333333
76.7661301999997	0.639583333333333
76.7829637999998	0.639583333333333
76.7992814999998	0.639583333333333
76.8162563999999	0.639583333333333
76.8329426999999	0.639583333333333
76.8498231999997	0.639583333333333
76.8665332999999	0.639583333333333
76.8829953999998	0.639583333333333
76.8991114999999	0.639583333333333
76.9162254999997	0.639583333333333
76.9330230999999	0.639583333333333
76.9498729999996	0.639583333333333
76.966371	0.639583333333333
76.9832503999996	0.639583333333333
76.9999021999997	0.639583333333333
77.0161097999999	0.639583333333333
77.0332641	0.639583333333333
77.0492903999998	0.639583333333333
77.066331	0.639583333333333
77.0829903999997	0.639583333333333
77.0994828999997	0.639583333333333
77.1161735999999	0.639583333333333
77.1332207999999	0.639583333333333
77.1497473999998	0.639583333333333
77.1660352999997	0.639583333333333
77.1832648999998	0.639583333333333
77.1991449999996	0.639583333333333
77.2164512999998	0.639583333333333
77.2331934999997	0.639583333333333
77.2494081	0.639583333333333
77.2663766999999	0.639583333333333
77.2836659999998	0.639583333333333
77.2995274	0.639583333333333
77.3163845999998	0.639583333333333
77.3328016999999	0.639583333333333
77.3493790999996	0.639583333333333
77.3661582	0.639583333333333
77.3831811999999	0.639583333333333
77.3994801999997	0.639583333333333
77.4160405999996	0.639583333333333
77.4333145999999	0.639583333333333
77.4491900999997	0.639583333333333
77.4663767999996	0.639583333333333
77.4832870999999	0.639583333333333
77.4996275999997	0.639583333333333
77.516455	0.639583333333333
77.5332708999999	0.639583333333333
77.5494666999998	0.639583333333333
77.5663714999996	0.639583333333333
77.5831414999998	0.639583333333333
77.5992552999996	0.639583333333333
77.6166258999997	0.639583333333333
77.6333409999997	0.639583333333333
77.6491896999996	0.639583333333333
77.6662907	0.639583333333333
77.6831469999997	0.639583333333333
77.6997239999996	0.639583333333333
77.7163668999997	0.639583333333333
77.7333844999998	0.639583333333333
77.7496569999998	0.639583333333333
77.7664566999997	0.639583333333333
77.7828041999996	0.639583333333333
77.7995495999999	0.639583333333333
77.8162546999997	0.639583333333333
77.8330217999996	0.639583333333333
77.8491098	0.639583333333333
77.8677038999999	0.639583333333333
77.8834043999996	0.639583333333333
77.8992231999996	0.639583333333333
77.9165484999999	0.639583333333333
77.9331361999998	0.639583333333333
77.9497248999996	0.639583333333333
77.9663478999996	0.639583333333333
77.9832262	0.639583333333333
77.9998314999998	0.639583333333333
78.015993	0.639583333333333
78.0327539999998	0.639583333333333
78.0499473999998	0.639583333333333
78.0662794999998	0.639583333333333
78.0833363999996	0.639583333333333
78.0993779999999	0.639583333333333
78.1163275999997	0.639583333333333
78.1327713999999	0.639583333333333
78.1490494999998	0.639583333333333
78.1663619999999	0.639583333333333
78.1831055999996	0.639583333333333
78.1992268999998	0.639583333333333
78.2161678999996	0.639583333333333
78.2331281999996	0.639583333333333
78.2496566999998	0.639583333333333
78.2661624999996	0.639583333333333
78.2830734999998	0.639583333333333
78.2989689999999	0.639583333333333
78.3161722	0.639583333333333
78.3333131999998	0.639583333333333
78.3497641999998	0.639583333333333
78.3664401999999	0.639583333333333
78.3830971999996	0.639583333333333
78.3997390999998	0.639583333333333
78.4163199999998	0.639583333333333
78.4330922999998	0.639583333333333
78.4496927999999	0.639583333333333
78.4661695	0.639583333333333
78.4831518999999	0.639583333333333
78.4995462999996	0.639583333333333
78.5162947999997	0.639583333333333
78.5330903999998	0.639583333333333
78.5493803999998	0.639583333333333
78.5663425999996	0.639583333333333
78.5830265	0.639583333333333
78.5997647999998	0.639583333333333
78.6167117999998	0.639583333333333
78.6330218999997	0.639583333333333
78.650267	0.639583333333333
78.6664042999996	0.639583333333333
78.6833435999997	0.639583333333333
78.699764	0.639583333333333
78.7160159999999	0.639583333333333
78.7326908	0.639583333333333
78.7499998999997	0.639583333333333
78.7663155999999	0.639583333333333
78.7834346999998	0.639583333333333
78.7997880999997	0.639583333333333
78.8160936999998	0.639583333333333
78.8332579999997	0.639583333333333
78.8492557	0.639583333333333
78.8660212	0.639583333333333
78.8832480999999	0.639583333333333
78.8995676	0.639583333333333
78.9161546999999	0.639583333333333
78.9330717999997	0.639583333333333
78.9496267	0.639583333333333
78.9664000999996	0.639583333333333
78.9831902999999	0.639583333333333
78.9991983	0.639583333333333
79.0160386999996	0.639583333333333
79.0331511999998	0.639583333333333
79.0493839999999	0.639583333333333
79.0660629999998	0.639583333333333
79.0830546999996	0.639583333333333
79.0995959999996	0.639583333333333
79.1161407	0.639583333333333
79.1330335999996	0.639583333333333
79.1495577999999	0.639583333333333
79.1663563999996	0.639583333333333
79.1829795999997	0.639583333333333
79.1996578999997	0.639583333333333
79.2162388999996	0.639583333333333
79.2330439999996	0.639583333333333
79.2496925999999	0.639583333333333
79.2658078999998	0.639583333333333
79.2830949999998	0.639583333333333
79.2997375999998	0.639583333333333
79.3160349999998	0.639583333333333
79.3333697999997	0.639583333333333
79.3498384999998	0.639583333333333
79.3664948999999	0.639583333333333
79.3834490999998	0.639583333333333
79.3995633999998	0.639583333333333
79.4157388999997	0.639583333333333
79.4326749999996	0.639583333333333
79.4495007999999	0.639583333333333
79.4662203999997	0.639583333333333
79.4829852999997	0.639583333333333
79.4995173999996	0.639583333333333
79.5160119999996	0.639583333333333
79.5329816999997	0.639583333333333
79.5493392999997	0.639583333333333
79.5660257999998	0.639583333333333
79.5829573999999	0.639583333333333
79.5997321999998	0.639583333333333
79.6165440999998	0.639583333333333
79.6328613999999	0.639583333333333
79.6494350999997	0.639583333333333
79.6663750999996	0.639583333333333
79.6833462	0.639583333333333
79.6997155999998	0.639583333333333
79.7163632999996	0.639583333333333
79.7328235999998	0.639583333333333
79.7496084999998	0.639583333333333
79.7665356999996	0.639583333333333
79.7825154999996	0.639583333333333
79.7997308999998	0.639583333333333
79.8164650999997	0.639583333333333
79.8327562999998	0.639583333333333
79.8491142999997	0.639583333333333
79.8664916999996	0.639583333333333
79.8831501999998	0.639583333333333
79.8997638999999	0.639583333333333
79.9166706999999	0.639583333333333
79.9328716	0.639583333333333
79.9495371999997	0.639583333333333
79.9663455	0.639583333333333
79.9830348999999	0.639583333333333
79.9990906999997	0.639583333333333
80.0161275999999	0.639583333333333
80.0330313999998	0.639583333333333
80.0489289999996	0.639583333333333
80.0662791	0.639583333333333
80.0833114999996	0.639583333333333
80.0996723999997	0.639583333333333
80.1163747999999	0.639583333333333
80.1330323999996	0.639583333333333
80.1497464999998	0.639583333333333
80.1665369999996	0.639583333333333
80.1832300999999	0.639583333333333
80.1992495	0.639583333333333
80.2163395999996	0.639583333333333
80.2329550999998	0.639583333333333
80.2496916999999	0.639583333333333
80.2661535999996	0.639583333333333
80.2826499999996	0.639583333333333
80.2996785999999	0.639583333333333
80.3161123	0.639583333333333
80.332676	0.639583333333333
80.3497112999999	0.639583333333333
80.3661763999999	0.639583333333333
80.3829523999998	0.639583333333333
80.3993324999997	0.639583333333333
80.4162758999996	0.639583333333333
80.4330410999996	0.639583333333333
80.4491158999999	0.639583333333333
80.4668671999998	0.639583333333333
80.4824852999996	0.639583333333333
80.4994945999997	0.639583333333333
80.5159719999997	0.639583333333333
80.5329369999999	0.639583333333333
80.5496985	0.639583333333333
80.5663910999997	0.639583333333333
80.5827461999997	0.639583333333333
80.5996926999997	0.639583333333333
80.6164882999997	0.639583333333333
80.6331793999998	0.639583333333333
80.6499478999999	0.639583333333333
80.6666876999998	0.639583333333333
80.6833356999996	0.639583333333333
80.6996835999998	0.639583333333333
80.7161223999997	0.639583333333333
80.7329436999999	0.639583333333333
80.7497517999996	0.639583333333333
80.7658160999999	0.639583333333333
80.7826404999996	0.639583333333333
80.7992371999999	0.639583333333333
80.8163208999999	0.639583333333333
80.8327737999998	0.639583333333333
80.8497298999996	0.639583333333333
80.866133	0.639583333333333
80.8830251999998	0.639583333333333
80.8996539999998	0.639583333333333
80.9159886999996	0.639583333333333
80.9330836999998	0.639583333333333
80.949674	0.639583333333333
80.9662667999996	0.639583333333333
80.9830075	0.639583333333333
80.9993193999999	0.639583333333333
81.0158945999997	0.639583333333333
81.0331265999998	0.639583333333333
81.0491365999997	0.639583333333333
81.0662991999998	0.639583333333333
81.0833982999998	0.639583333333333
81.0996590999998	0.639583333333333
81.1161220999998	0.639583333333333
81.1333277999997	0.639583333333333
81.1499593999997	0.639583333333333
81.1660702999998	0.639583333333333
81.1829860999997	0.639583333333333
81.1994952999999	0.639583333333333
81.2157745999998	0.639583333333333
81.2328207999999	0.639583333333333
81.2494394999999	0.639583333333333
81.2662072999997	0.639583333333333
81.2829890999997	0.639583333333333
81.2996902999998	0.639583333333333
81.3161914999996	0.639583333333333
81.3327929999996	0.639583333333333
81.3493004999996	0.639583333333333
81.3662012	0.639583333333333
81.3829065999998	0.639583333333333
81.3992678999998	0.639583333333333
81.4166044999997	0.639583333333333
81.4329232	0.639583333333333
81.4496043999998	0.639583333333333
81.4662300999998	0.639583333333333
81.4830228999999	0.639583333333333
81.4995328999998	0.639583333333333
81.5159460999998	0.639583333333333
81.5330184999998	0.639583333333333
81.5494328	0.639583333333333
81.5659287999997	0.639583333333333
81.5832217999996	0.639583333333333
81.5999110999996	0.639583333333333
81.6163779999997	0.639583333333333
81.6329833999998	0.639583333333333
81.6496007999999	0.639583333333333
81.6670134999999	0.639583333333333
81.6833090999999	0.639583333333333
81.6996382999996	0.639583333333333
81.7162375999997	0.639583333333333
81.7330177999997	0.639583333333333
81.7492636999996	0.639583333333333
81.7662701999998	0.639583333333333
81.7828096999997	0.639583333333333
81.7994930999998	0.639583333333333
81.8161227999999	0.639583333333333
81.8330053	0.639583333333333
81.8498336999996	0.639583333333333
81.8660464999998	0.639583333333333
81.8830785999999	0.639583333333333
81.8996591999999	0.639583333333333
81.9163792999998	0.639583333333333
81.9326800999997	0.639583333333333
81.9496499999996	0.639583333333333
81.9659449999999	0.639583333333333
81.9826181999997	0.639583333333333
82.0000044999997	0.639583333333333
82.0163601999998	0.639583333333333
82.0331338999999	0.639583333333333
82.0500299999999	0.639583333333333
82.0660897999996	0.639583333333333
82.0828264999996	0.639583333333333
82.0996770999996	0.639583333333333
82.1160491999999	0.639583333333333
82.1328947999996	0.639583333333333
82.1496260999998	0.639583333333333
82.1663559999997	0.639583333333333
82.1830198999996	0.639583333333333
82.1996383999999	0.639583333333333
82.2161615	0.639583333333333
82.2329579999996	0.639583333333333
82.2494521999997	0.639583333333333
82.2666343999999	0.639583333333333
82.2830248999999	0.639583333333333
82.3002315999997	0.639583333333333
82.3160786999997	0.639583333333333
82.3325470999998	0.639583333333333
82.3496336999997	0.639583333333333
82.3658090999998	0.639583333333333
82.3828108999996	0.639583333333333
82.3996408999997	0.639583333333333
82.4166367999997	0.639583333333333
82.4328180999996	0.639583333333333
82.4493920999998	0.639583333333333
82.4667534999999	0.639583333333333
82.4829851999998	0.639583333333333
82.4994397999999	0.639583333333333
82.5163278	0.639583333333333
82.5328638999999	0.639583333333333
82.5496999999996	0.639583333333333
82.5659633999999	0.639583333333333
82.5829783999998	0.639583333333333
82.5995314999996	0.639583333333333
82.6163663999996	0.639583333333333
82.6327982999996	0.639583333333333
82.6496693999998	0.639583333333333
82.6662566	0.639583333333333
82.6834806999996	0.639583333333333
82.6997545999998	0.639583333333333
82.7162782999999	0.639583333333333
82.7329487999996	0.639583333333333
82.7496335999999	0.639583333333333
82.7661955999997	0.639583333333333
82.7826186999996	0.639583333333333
82.7996787999996	0.639583333333333
82.8160675999998	0.639583333333333
82.8329621999997	0.639583333333333
82.8496263999996	0.639583333333333
82.8667191	0.639583333333333
82.8830883999999	0.639583333333333
82.8996063999998	0.639583333333333
82.9155988999996	0.639583333333333
82.9331236999997	0.639583333333333
82.9495056999999	0.639583333333333
82.9664451999997	0.639583333333333
82.9828373999999	0.639583333333333
82.9994729	0.639583333333333
83.0161122	0.639583333333333
83.0327329999996	0.639583333333333
83.0491957999998	0.639583333333333
83.0662177999998	0.639583333333333
83.0829964999998	0.639583333333333
83.0991494999998	0.639583333333333
83.1164173999996	0.639583333333333
83.1325577999996	0.639583333333333
83.1495826999999	0.639583333333333
83.1662437999998	0.639583333333333
83.1823033999999	0.639583333333333
83.1996033999999	0.639583333333333
83.2169122999999	0.639583333333333
83.2327099999998	0.639583333333333
83.2496873999999	0.639583333333333
83.2661075999999	0.639583333333333
83.2831460999996	0.639583333333333
83.2995202999996	0.639583333333333
83.3162993999999	0.639583333333333
83.3328647999997	0.639583333333333
83.3494812999998	0.639583333333333
83.3659149999999	0.639583333333333
83.3829553999999	0.639583333333333
83.3989265999999	0.639583333333333
83.4161559999998	0.639583333333333
83.4331348999999	0.639583333333333
83.4491161999999	0.639583333333333
83.4662055999997	0.639583333333333
83.4834763999997	0.639583333333333
83.4995663999998	0.639583333333333
83.5160129999999	0.639583333333333
83.5327232	0.639583333333333
83.5496072999999	0.639583333333333
83.5660279999997	0.639583333333333
83.5827077999998	0.639583333333333
83.5997124999999	0.639583333333333
83.6162849999996	0.639583333333333
83.6327429999997	0.639583333333333
83.6495915999999	0.639583333333333
83.6656841999998	0.639583333333333
83.6827137999999	0.639583333333333
83.6987867999997	0.639583333333333
83.7159478999997	0.639583333333333
83.7328527	0.639583333333333
83.7495721999999	0.639583333333333
83.7661359999997	0.639583333333333
83.7828433999998	0.639583333333333
83.7996125999998	0.639583333333333
83.8163930999999	0.639583333333333
83.8324147999997	0.639583333333333
83.8488923999998	0.639583333333333
83.8656277	0.639583333333333
83.8829228	0.639583333333333
83.8996029	0.639583333333333
83.9159590999998	0.639583333333333
83.9322112999998	0.639583333333333
83.9488770999997	0.639583333333333
83.9659091999997	0.639583333333333
83.9828068999996	0.639583333333333
83.9996124999998	0.639583333333333
84.0159322999998	0.639583333333333
84.0327705	0.639583333333333
84.0493764999997	0.639583333333333
84.0662559999996	0.639583333333333
84.0825747999997	0.639583333333333
84.0993031999997	0.639583333333333
84.1163217999997	0.639583333333333
84.1323730999998	0.639583333333333
84.1495793999998	0.639583333333333
84.1663424999997	0.639583333333333
84.1826683999998	0.639583333333333
84.1997064999996	0.639583333333333
84.2159800999998	0.639583333333333
84.2325004999998	0.639583333333333
84.2496885999999	0.639583333333333
84.2661211	0.639583333333333
84.2824210999997	0.639583333333333
84.2995745999997	0.639583333333333
84.3165036999999	0.639583333333333
84.3322217	0.639583333333333
84.3495914999999	0.639583333333333
84.3660692999997	0.639583333333333
84.3823338999996	0.639583333333333
84.3997409999997	0.639583333333333
84.4163005999999	0.639583333333333
84.4331625999998	0.639583333333333
84.4495301999996	0.639583333333333
84.4661328999996	0.639583333333333
84.4825357	0.639583333333333
84.4992003999996	0.639583333333333
84.5158692999998	0.639583333333333
84.5325046999997	0.639583333333333
84.5495503999996	0.639583333333333
84.5662828	0.639583333333333
84.5824001999999	0.639583333333333
84.5992886999998	0.639583333333333
84.6161478999998	0.639583333333333
84.6327091999997	0.639583333333333
84.6493205999996	0.639583333333333
84.6661535999997	0.639583333333333
84.6828700999999	0.639583333333333
84.6996227999998	0.639583333333333
84.7159304999996	0.639583333333333
84.7324654999998	0.639583333333333
84.7491405999999	0.639583333333333
84.7660688999999	0.639583333333333
84.7821747999997	0.639583333333333
84.7990579999996	0.639583333333333
84.8162927999997	0.639583333333333
84.8326131999997	0.639583333333333
84.8495802999996	0.639583333333333
84.8663124	0.639583333333333
84.8824620999999	0.639583333333333
84.8997808999998	0.639583333333333
84.9161075999996	0.639583333333333
84.9329097	0.639583333333333
84.9495440999999	0.639583333333333
84.9659752999996	0.639583333333333
84.9830655999999	0.639583333333333
84.9990578999996	0.639583333333333
85.0160898999998	0.639583333333333
85.0325710999996	0.639583333333333
85.0491892	0.639583333333333
85.0663938999996	0.639583333333333
85.0825722999998	0.639583333333333
85.0995368999997	0.639583333333333
85.1162450999996	0.639583333333333
85.1323719999996	0.639583333333333
85.1495381	0.639583333333333
85.1661402999998	0.639583333333333
85.1830443999997	0.632291666666667
85.1993593999996	0.632291666666667
85.2162172999997	0.632291666666667
85.2330643999999	0.632291666666667
85.2496420999996	0.632291666666667
85.2663917	0.632291666666667
85.2826170999997	0.632291666666667
85.2990947999997	0.632291666666667
85.3160466999998	0.632291666666667
85.3326321	0.632291666666667
85.3495505999999	0.632291666666667
85.3660903	0.632291666666667
85.3823118999999	0.632291666666667
85.3994232999999	0.632291666666667
85.4163320999996	0.632291666666667
85.4329019999996	0.632291666666667
85.4494150999999	0.632291666666667
85.4658923999996	0.632291666666667
85.4825406999998	0.632291666666667
85.4994275999998	0.632291666666667
85.5158853999997	0.632291666666667
85.5321339999996	0.632291666666667
85.5491374999997	0.632291666666667
85.5658681	0.632291666666667
85.5826442999996	0.632291666666667
85.5995240999996	0.632291666666667
85.6160034999998	0.632291666666667
85.6324227999999	0.632291666666667
85.6492257	0.632291666666667
85.6656759999996	0.632291666666667
85.6827306999999	0.632291666666667
85.6995734999996	0.632291666666667
85.7158766999996	0.632291666666667
85.7332453999998	0.632291666666667
85.7496770999996	0.632291666666667
85.7661439999997	0.632291666666667
85.7829715999997	0.632291666666667
85.7994685999997	0.632291666666667
85.8158632	0.632291666666667
85.8328230999996	0.632291666666667
85.8496531999999	0.632291666666667
85.8662494999999	0.632291666666667
85.8824044999997	0.632291666666667
85.8994509999998	0.632291666666667
85.9162650999997	0.632291666666667
85.9321338999998	0.632291666666667
85.9496529999997	0.632291666666667
85.9661318999997	0.632291666666667
85.9825770999996	0.632291666666667
85.9997512999998	0.632291666666667
86.0160779999997	0.632291666666667
86.0326891	0.632291666666667
86.0490702999996	0.632291666666667
86.0660728999997	0.632291666666667
86.0829000999997	0.632291666666667
86.0995766999999	0.632291666666667
86.1162040999998	0.632291666666667
86.1324328999999	0.632291666666667
86.1497334999999	0.632291666666667
86.1657605999999	0.632291666666667
86.1824250999998	0.632291666666667
86.1996955	0.632291666666667
86.2161833999999	0.632291666666667
86.2328193999997	0.632291666666667
86.2491652999997	0.632291666666667
86.2661009999997	0.632291666666667
86.2826397999997	0.632291666666667
86.2993412999999	0.632291666666667
86.3161613999996	0.632291666666667
86.3323823999999	0.632291666666667
86.3495762999996	0.632291666666667
86.3658264999999	0.632291666666667
86.3826326999997	0.632291666666667
86.3996216999999	0.632291666666667
86.4160327999998	0.632291666666667
86.4320984999999	0.632291666666667
86.4494535999997	0.632291666666667
86.4661163999999	0.632291666666667
86.4824414	0.632291666666667
86.4990865	0.632291666666667
86.5160558999996	0.632291666666667
86.5326734999999	0.632291666666667
86.5490771	0.632291666666667
86.5661604999996	0.632291666666667
86.5828105999999	0.632291666666667
86.5996433999999	0.632291666666667
86.6161178999996	0.632291666666667
86.6327896999996	0.632291666666667
86.6492237999996	0.632291666666667
86.6657312999996	0.632291666666667
86.6824534999996	0.632291666666667
86.6989021999998	0.632291666666667
86.7160491999998	0.632291666666667
86.7327470999999	0.632291666666667
86.7494455999999	0.632291666666667
86.766122	0.632291666666667
86.7827775999999	0.632291666666667
86.7997389999996	0.632291666666667
86.8159387999999	0.632291666666667
86.8322969999999	0.632291666666667
86.8511946999997	0.632291666666667
86.8657827999996	0.632291666666667
86.882208	0.632291666666667
86.8995817999999	0.632291666666667
86.9161265999996	0.632291666666667
86.9322806999999	0.632291666666667
86.9494849999996	0.632291666666667
86.9661622999997	0.632291666666667
86.9828753999996	0.632291666666667
86.9991974999998	0.632291666666667
87.0160102999998	0.632291666666667
87.0327057999998	0.632291666666667
87.0493417999996	0.632291666666667
87.0658156	0.632291666666667
87.0832377999996	0.632291666666667
87.0996188999998	0.632291666666667
87.1163496999998	0.632291666666667
87.1328328999998	0.632291666666667
87.1493013999998	0.632291666666667
87.1659273999999	0.632291666666667
87.1825849999996	0.632291666666667
87.2007862999999	0.632291666666667
87.2162417	0.632291666666667
87.2325094999997	0.632291666666667
87.2492179999999	0.632291666666667
87.2654416999999	0.632291666666667
87.282557	0.632291666666667
87.2993277999999	0.632291666666667
87.3157407999997	0.632291666666667
87.3322457999998	0.632291666666667
87.3492058999996	0.632291666666667
87.3661038999999	0.632291666666667
87.3826184	0.632291666666667
87.3992744999996	0.632291666666667
87.4159577999999	0.632291666666667
87.4324919999999	0.632291666666667
87.4493454999997	0.632291666666667
87.466066	0.632291666666667
87.4830499	0.632291666666667
87.4992845999996	0.632291666666667
87.5158847999996	0.632291666666667
87.5322778999998	0.632291666666667
87.5493361999997	0.632291666666667
87.5659671999997	0.632291666666667
87.5825301999998	0.632291666666667
87.5993709999998	0.632291666666667
87.6161638999997	0.632291666666667
87.6327113999996	0.632291666666667
87.6493178999999	0.632291666666667
87.6659227999999	0.632291666666667
87.6826643999998	0.632291666666667
87.699224	0.632291666666667
87.7160604999999	0.632291666666667
87.7326758999998	0.632291666666667
87.7490316999997	0.632291666666667
87.7659258999997	0.632291666666667
87.7828078999996	0.632291666666667
87.7989083999996	0.632291666666667
87.8163490999996	0.632291666666667
87.8326895999999	0.632291666666667
87.8490582999998	0.632291666666667
87.8659788	0.632291666666667
87.8829205999996	0.632291666666667
87.899324	0.632291666666667
87.9157502999997	0.632291666666667
87.9326501999999	0.632291666666667
87.9495578999999	0.632291666666667
87.9656266999996	0.632291666666667
87.9824933999998	0.632291666666667
87.9992526999999	0.632291666666667
88.0156801999997	0.632291666666667
88.0325509999998	0.632291666666667
88.0506449	0.632291666666667
88.0659087999998	0.632291666666667
88.0827436999998	0.632291666666667
88.099334	0.632291666666667
88.1161007999999	0.632291666666667
88.1325183999998	0.632291666666667
88.1492573999999	0.632291666666667
88.1658379999999	0.632291666666667
88.1822195	0.632291666666667
88.1993543999997	0.632291666666667
88.2159962999999	0.632291666666667
88.2328436999996	0.632291666666667
88.2490630999996	0.632291666666667
88.2659001999996	0.632291666666667
88.2821306999999	0.632291666666667
88.2989677999999	0.632291666666667
88.3156319	0.632291666666667
88.3329171999999	0.632291666666667
88.3493532999996	0.632291666666667
88.3656986999999	0.632291666666667
88.3827152999997	0.632291666666667
88.3993591999997	0.632291666666667
88.4159471999997	0.632291666666667
88.4324032	0.632291666666667
88.4495438999998	0.632291666666667
88.4659230999996	0.632291666666667
88.4823999999999	0.632291666666667
88.4989119999996	0.632291666666667
88.5160338999999	0.632291666666667
88.5323026999999	0.632291666666667
88.5493748999997	0.632291666666667
88.5661992999999	0.632291666666667
88.5825431999997	0.632291666666667
88.5992861	0.632291666666667
88.6159405999997	0.632291666666667
88.6321366999996	0.632291666666667
88.6489987	0.632291666666667
88.6663077999997	0.632291666666667
88.6827884999998	0.632291666666667
88.6997445999996	0.632291666666667
88.7158574999999	0.632291666666667
88.7326986999997	0.632291666666667
88.7492934999996	0.632291666666667
88.7659862999999	0.632291666666667
88.7824029999997	0.632291666666667
88.7995237999999	0.632291666666667
88.8157532999999	0.632291666666667
88.8326099999999	0.632291666666667
88.8494336999997	0.632291666666667
88.8658733999996	0.632291666666667
88.8823791	0.632291666666667
88.8997611999998	0.632291666666667
88.9156126999997	0.632291666666667
88.9328125999996	0.632291666666667
88.9491817999997	0.632291666666667
88.9658110999999	0.632291666666667
88.9824852999996	0.632291666666667
88.9993571	0.632291666666667
89.0157416999996	0.632291666666667
89.0326900999999	0.632291666666667
89.0493677999998	0.632291666666667
89.0657692999998	0.632291666666667
89.0824509999998	0.632291666666667
89.0988485999997	0.632291666666667
89.1157797999999	0.632291666666667
89.1326984999996	0.632291666666667
89.1493572999998	0.632291666666667
89.1659969999996	0.632291666666667
89.1829726999999	0.632291666666667
89.1992178999999	0.632291666666667
89.2159739999997	0.632291666666667
89.2324970999998	0.623958333333333
89.2494712999996	0.615625
89.2655587999998	0.615625
89.2823995999997	0.607291666666667
89.2992687999999	0.607291666666667
89.3157515999997	0.607291666666667
89.3326510999996	0.607291666666667
89.3491574	0.607291666666667
89.3660584999998	0.607291666666667
89.3824949999998	0.607291666666667
89.3994782	0.607291666666667
89.4161216999996	0.607291666666667
89.4322024999997	0.607291666666667
89.4494599999998	0.607291666666667
89.4655817999997	0.607291666666667
89.4823119999996	0.607291666666667
89.4988744999996	0.607291666666667
89.5156367	0.607291666666667
89.5326762	0.607291666666667
89.5489693999998	0.607291666666667
89.5657597999998	0.607291666666667
89.5825306999996	0.607291666666667
89.5994410999997	0.607291666666667
89.6160293999997	0.607291666666667
89.6327072999998	0.607291666666667
89.6494604	0.607291666666667
89.6660787999999	0.607291666666667
89.6827825999999	0.607291666666667
89.6993900999996	0.607291666666667
89.7157718999997	0.607291666666667
89.7323587999999	0.607291666666667
89.7491121999997	0.607291666666667
89.7658692999998	0.607291666666667
89.7826150999999	0.607291666666667
89.7990713999998	0.607291666666667
89.8158586	0.607291666666667
89.8330847999996	0.607291666666667
89.8495051	0.607291666666667
89.8659088999998	0.607291666666667
89.8827394999998	0.607291666666667
89.8990130999996	0.607291666666667
89.9159237999997	0.607291666666667
89.9327117999997	0.607291666666667
89.9491644	0.607291666666667
89.9659951999997	0.607291666666667
89.9826752999998	0.607291666666667
89.9990000999996	0.607291666666667
90.015688	0.607291666666667
90.0326923999996	0.607291666666667
90.0488554999997	0.607291666666667
90.0659922999998	0.607291666666667
90.0824937999996	0.607291666666667
90.0993012999998	0.607291666666667
90.1157062999996	0.607291666666667
90.1324293999996	0.607291666666667
90.1492254	0.607291666666667
90.1656045	0.607291666666667
90.1829771999996	0.607291666666667
90.1993699999998	0.607291666666667
90.2157837999998	0.607291666666667
90.2327108999998	0.607291666666667
90.2493119999999	0.607291666666667
90.2655658999997	0.607291666666667
90.2825958999997	0.607291666666667
90.2993568999996	0.607291666666667
90.3161490999996	0.607291666666667
90.3327264	0.607291666666667
90.3492782999997	0.607291666666667
90.3658899999996	0.607291666666667
90.3824876999997	0.607291666666667
90.3993251999996	0.607291666666667
90.4160509999997	0.607291666666667
90.4330285999999	0.607291666666667
90.4492901999997	0.607291666666667
90.4656594999997	0.607291666666667
90.4823289999999	0.607291666666667
90.4992675999997	0.607291666666667
90.5159190999998	0.607291666666667
90.5323882999996	0.607291666666667
90.5491451999997	0.607291666666667
90.5654928999998	0.607291666666667
90.5827575999997	0.607291666666667
90.5990041	0.607291666666667
90.6159304999996	0.607291666666667
90.6327724999996	0.607291666666667
90.6490428999996	0.607291666666667
90.6656908999998	0.607291666666667
90.6830289	0.607291666666667
90.6989390999997	0.607291666666667
90.7159724999997	0.607291666666667
90.7327595999996	0.607291666666667
90.7491424999998	0.607291666666667
90.7658581999999	0.607291666666667
90.7826663999999	0.607291666666667
90.7994335999997	0.607291666666667
90.8159030999996	0.607291666666667
90.8326904999999	0.607291666666667
90.8490622999998	0.607291666666667
90.8658727999996	0.607291666666667
90.8823149	0.607291666666667
90.8996626999997	0.607291666666667
90.9159445999999	0.607291666666667
90.9328968999998	0.607291666666667
90.9493121999999	0.607291666666667
90.9655629999997	0.607291666666667
90.9824549	0.607291666666667
90.9991798999999	0.607291666666667
91.0157304999998	0.607291666666667
91.0327270999996	0.607291666666667
91.0492608	0.607291666666667
91.0658470999997	0.607291666666667
91.0829484999999	0.607291666666667
91.0992761999996	0.607291666666667
91.1159008999998	0.607291666666667
91.1325171999997	0.607291666666667
91.1491907999998	0.607291666666667
91.1658932999999	0.607291666666667
91.182636	0.607291666666667
91.1993986999996	0.607291666666667
91.2158203999998	0.607291666666667
91.2322749999998	0.607291666666667
91.2493454999999	0.607291666666667
91.2653920999996	0.607291666666667
91.2826885999998	0.607291666666667
91.2994572999996	0.607291666666667
91.3158188999996	0.607291666666667
91.3323608999999	0.607291666666667
91.3489367999996	0.607291666666667
91.3657897999997	0.607291666666667
91.3824461999998	0.607291666666667
91.4006096999997	0.607291666666667
91.4157184999999	0.607291666666667
91.4321524999996	0.607291666666667
91.4490941999998	0.607291666666667
91.4659316999996	0.607291666666667
91.4826225999996	0.607291666666667
91.4992880999998	0.607291666666667
91.5156692999999	0.607291666666667
91.5321405999998	0.607291666666667
91.5491192999998	0.607291666666667
91.5657822999997	0.607291666666667
91.5824541999996	0.607291666666667
91.5990634	0.607291666666667
91.6156987999998	0.607291666666667
91.6326115999996	0.607291666666667
91.6491864	0.607291666666667
91.6662180999997	0.607291666666667
91.6822257999997	0.607291666666667
91.6993270999997	0.607291666666667
91.7160904999996	0.607291666666667
91.7327021999999	0.607291666666667
91.7493440999997	0.607291666666667
91.7655285999999	0.607291666666667
91.7828534999999	0.607291666666667
91.7992629999999	0.607291666666667
91.8154259999997	0.607291666666667
91.8326852999999	0.607291666666667
91.8491868999999	0.607291666666667
91.8659143999998	0.607291666666667
91.8829632999996	0.607291666666667
91.8992435999999	0.607291666666667
91.9158616	0.607291666666667
91.9322198	0.607291666666667
91.9487534	0.607291666666667
91.9659095999996	0.607291666666667
91.9827652999998	0.607291666666667
91.9991115999997	0.607291666666667
92.0155187999999	0.607291666666667
92.0325768999996	0.607291666666667
92.0493812999998	0.607291666666667
92.0659111	0.607291666666667
92.0826110999997	0.607291666666667
92.0993279999998	0.607291666666667
92.1156653999997	0.607291666666667
92.1329331999996	0.607291666666667
92.1491016	0.607291666666667
92.1658152	0.607291666666667
92.1822652999999	0.607291666666667
92.1989347999997	0.607291666666667
92.2154938999997	0.607291666666667
92.2319470999996	0.607291666666667
92.2487225	0.607291666666667
92.2655584999998	0.607291666666667
92.2824071999999	0.607291666666667
92.2986685999999	0.607291666666667
92.3159175999999	0.607291666666667
92.3326405999996	0.607291666666667
92.3491422999996	0.607291666666667
92.3659343999998	0.607291666666667
92.3821509999998	0.607291666666667
92.3992228999996	0.607291666666667
92.4157107999999	0.607291666666667
92.4325400999996	0.607291666666667
92.4491059999996	0.607291666666667
92.4659125999997	0.607291666666667
92.4827877999996	0.607291666666667
92.4987798999996	0.607291666666667
92.5156557999999	0.607291666666667
92.5325522999997	0.607291666666667
92.5488136999998	0.607291666666667
92.5656767999999	0.607291666666667
92.5821166999999	0.607291666666667
92.5993692999996	0.607291666666667
92.6158596999999	0.607291666666667
92.6326850999999	0.607291666666667
92.6493048999996	0.607291666666667
92.6657584	0.607291666666667
92.6824603999999	0.607291666666667
92.6989342999996	0.607291666666667
92.7161096	0.607291666666667
92.7327031	0.607291666666667
92.7491722	0.607291666666667
92.7657832	0.607291666666667
92.7827209999996	0.607291666666667
92.7991722999996	0.607291666666667
92.8153875999997	0.607291666666667
92.8325195999996	0.607291666666667
92.8492523	0.607291666666667
92.8654949999996	0.607291666666667
92.8822855999997	0.607291666666667
92.8989929999998	0.607291666666667
92.9157904999997	0.607291666666667
92.9323942999999	0.607291666666667
92.9492181999999	0.607291666666667
92.9655951999998	0.607291666666667
92.9827112999997	0.607291666666667
92.9993342999996	0.607291666666667
93.0157217999999	0.607291666666667
93.0326686999997	0.607291666666667
93.0489656	0.607291666666667
93.0656046999998	0.607291666666667
93.0827202999999	0.607291666666667
93.0993864999996	0.607291666666667
93.1155921	0.607291666666667
93.1326875	0.607291666666667
93.1492019999996	0.607291666666667
93.1657682999999	0.607291666666667
93.1826584999999	0.607291666666667
93.1993760999999	0.607291666666667
93.2154050999998	0.607291666666667
93.232638	0.607291666666667
93.2494016999999	0.607291666666667
93.2653146999996	0.607291666666667
93.2828467999998	0.607291666666667
93.2989327999999	0.607291666666667
93.3155668999998	0.607291666666667
93.3319146999997	0.607291666666667
93.3489448999999	0.607291666666667
93.3652980999996	0.607291666666667
93.3822894999998	0.607291666666667
93.3992553999997	0.607291666666667
93.4154535999996	0.607291666666667
93.4328118999997	0.607291666666667
93.4491939999998	0.607291666666667
93.465346	0.607291666666667
93.4823740999996	0.607291666666667
93.4988762999997	0.607291666666667
93.5157440999997	0.607291666666667
93.5319780999998	0.607291666666667
93.5487142999996	0.607291666666667
93.5658134999999	0.607291666666667
93.5827163999998	0.607291666666667
93.5989129999998	0.607291666666667
93.61582	0.607291666666667
93.6326289999997	0.607291666666667
93.6491873999998	0.607291666666667
93.6654031999997	0.607291666666667
93.6825839999997	0.607291666666667
93.6993739999998	0.607291666666667
93.7155849999999	0.607291666666667
93.7322284999996	0.607291666666667
93.7492327	0.607291666666667
93.7656288999997	0.607291666666667
93.7824943999999	0.607291666666667
93.7988084999997	0.607291666666667
93.8153222999999	0.607291666666667
93.8323326999998	0.607291666666667
93.8492356999996	0.607291666666667
93.8652029	0.607291666666667
93.8823079999997	0.607291666666667
93.8990131999999	0.607291666666667
93.9156836999996	0.607291666666667
93.9323192999996	0.607291666666667
93.9492131999996	0.607291666666667
93.9659607999997	0.607291666666667
93.9824609999996	0.607291666666667
93.9993304	0.607291666666667
94.0153612999998	0.607291666666667
94.0326303999996	0.607291666666667
94.0490069999996	0.607291666666667
94.0652990999997	0.607291666666667
94.0826029	0.607291666666667
94.0990594	0.607291666666667
94.1157303999998	0.607291666666667
94.1324511999997	0.607291666666667
94.1489142999999	0.607291666666667
94.1658077999996	0.607291666666667
94.1824898	0.607291666666667
94.1990444999997	0.607291666666667
94.2155742	0.607291666666667
94.2324962999996	0.607291666666667
94.2489738999998	0.607291666666667
94.2654642999996	0.607291666666667
94.2822894999999	0.607291666666667
94.2990324999996	0.607291666666667
94.3155561999997	0.607291666666667
94.3320519999997	0.607291666666667
94.3491296999996	0.607291666666667
94.3659187999997	0.607291666666667
94.3826147	0.607291666666667
94.3990952999998	0.607291666666667
94.4155394999998	0.607291666666667
94.4328066999997	0.607291666666667
94.4491706999997	0.607291666666667
94.4655656999998	0.607291666666667
94.4825461999999	0.607291666666667
94.5035647999998	0.607291666666667
94.5156978	0.607291666666667
94.5324912999999	0.607291666666667
94.5483946999998	0.607291666666667
94.5657094999997	0.607291666666667
94.5819836999999	0.607291666666667
94.5991335999997	0.607291666666667
94.6156196999996	0.607291666666667
94.6324286999998	0.607291666666667
94.6491251999996	0.607291666666667
94.6656381999996	0.607291666666667
94.6820577999997	0.607291666666667
94.6993029999999	0.607291666666667
94.7152090999998	0.607291666666667
94.7324874999999	0.607291666666667
94.7492165999997	0.607291666666667
94.7652561	0.607291666666667
94.7823914999999	0.607291666666667
94.7990928999998	0.607291666666667
94.8151836999996	0.607291666666667
94.8326235999998	0.607291666666667
94.8492305999998	0.607291666666667
94.8653584999997	0.607291666666667
94.8835460999999	0.607291666666667
94.8993283	0.607291666666667
94.9153449999999	0.607291666666667
94.9329152999999	0.607291666666667
94.9493932999999	0.607291666666667
94.9652859999997	0.607291666666667
94.9825647999996	0.607291666666667
94.9992551999999	0.607291666666667
95.0152197999996	0.607291666666667
95.0324942999996	0.607291666666667
95.0489688999996	0.607291666666667
95.0653678999997	0.607291666666667
95.0821887999996	0.607291666666667
95.0991548999996	0.607291666666667
95.1154229999997	0.607291666666667
95.1324452999997	0.607291666666667
95.1492294	0.607291666666667
95.165344	0.607291666666667
95.1827813999998	0.607291666666667
95.1990806999997	0.607291666666667
95.2155823999997	0.607291666666667
95.2325062	0.607291666666667
95.2493207999996	0.607291666666667
95.2653452999998	0.607291666666667
95.2822481999997	0.607291666666667
95.2992509999999	0.607291666666667
95.3154474999997	0.607291666666667
95.3325266999996	0.607291666666667
95.3489500999999	0.607291666666667
95.36537	0.607291666666667
95.3824602999998	0.607291666666667
95.3993866999999	0.607291666666667
95.4153332999999	0.607291666666667
95.4327507999997	0.607291666666667
95.4491717999999	0.607291666666667
95.4649588999996	0.607291666666667
95.4825546999996	0.607291666666667
95.4987395999997	0.607291666666667
95.5153257999996	0.607291666666667
95.5321457999999	0.607291666666667
95.5492448	0.607291666666667
95.5653774999996	0.607291666666667
95.5829014999999	0.607291666666667
95.5990959999999	0.607291666666667
95.6153715999999	0.607291666666667
95.6324636999998	0.607291666666667
95.6490640999996	0.607291666666667
95.6655311	0.607291666666667
95.6826348999998	0.607291666666667
95.6991572999996	0.607291666666667
95.7154521999996	0.607291666666667
95.7321350999996	0.607291666666667
95.7491809999997	0.607291666666667
95.7657337999999	0.607291666666667
95.7824606999998	0.607291666666667
95.7994592	0.607291666666667
95.8152246	0.607291666666667
95.8325705999996	0.607291666666667
95.8495860999997	0.607291666666667
95.8653477999997	0.607291666666667
95.8824777	0.607291666666667
95.8987274999999	0.607291666666667
95.9151344999996	0.607291666666667
95.9323993999997	0.607291666666667
95.9488827999999	0.607291666666667
95.9654999999998	0.607291666666667
95.9823140999997	0.607291666666667
95.9991326999998	0.607291666666667
96.0155073999999	0.607291666666667
96.0326539999996	0.607291666666667
96.0487189999999	0.607291666666667
96.0656027999999	0.607291666666667
96.0825938999997	0.607291666666667
96.1032279999999	0.607291666666667
96.1154494999996	0.607291666666667
96.1324880999996	0.607291666666667
96.1488668999996	0.607291666666667
96.1653793999999	0.607291666666667
96.1828105999998	0.607291666666667
96.1986144999996	0.607291666666667
96.2153930999998	0.607291666666667
96.2321270999996	0.607291666666667
96.2492987999999	0.607291666666667
96.2658544999999	0.607291666666667
96.2825753999996	0.607291666666667
96.2994292999997	0.607291666666667
96.3155280999999	0.607291666666667
96.3324579999999	0.607291666666667
96.3491929999996	0.607291666666667
96.3655885999997	0.607291666666667
96.3823931999996	0.607291666666667
96.3991967999996	0.607291666666667
96.4156092999997	0.607291666666667
96.4320282999997	0.607291666666667
96.4489054999999	0.607291666666667
96.4656187999999	0.607291666666667
96.4823296999998	0.607291666666667
96.4991728	0.607291666666667
96.5154358	0.607291666666667
96.5324358999997	0.607291666666667
96.5487641999998	0.607291666666667
96.5652534999999	0.607291666666667
96.5818857999998	0.607291666666667
96.5986433999997	0.607291666666667
96.6153485999998	0.607291666666667
96.6319513999997	0.607291666666667
96.6490639999997	0.607291666666667
96.6652156999999	0.607291666666667
96.6826232999997	0.607291666666667
96.6992091999996	0.607291666666667
96.7156142999997	0.607291666666667
96.7325784	0.607291666666667
96.7491849999997	0.607291666666667
96.7656002999997	0.607291666666667
96.7828966999996	0.607291666666667
96.7990476	0.607291666666667
96.8150241999997	0.607291666666667
96.8321514999998	0.607291666666667
96.8485100999997	0.607291666666667
96.8655987999996	0.607291666666667
96.8823155999999	0.607291666666667
96.8991122999996	0.607291666666667
96.9156444999999	0.607291666666667
96.9324039999997	0.607291666666667
96.9488005999997	0.607291666666667
96.9658796999997	0.607291666666667
96.9821850999997	0.607291666666667
96.9990187999997	0.607291666666667
97.0154358999998	0.607291666666667
97.0318143999998	0.607291666666667
97.0489030999997	0.607291666666667
97.0655978999998	0.607291666666667
97.0821385999998	0.607291666666667
97.0989998999999	0.607291666666667
97.1155285	0.607291666666667
97.1321918999997	0.607291666666667
97.1489672999996	0.607291666666667
97.1655345999998	0.607291666666667
97.1825355999999	0.607291666666667
97.1989676999997	0.607291666666667
97.2155360999996	0.607291666666667
97.2325031999999	0.607291666666667
97.2490349999998	0.607291666666667
97.2655916999997	0.607291666666667
97.2825795999997	0.607291666666667
97.2990695999997	0.607291666666667
97.3150959	0.607291666666667
97.3322588999999	0.607291666666667
97.3486240999996	0.607291666666667
97.3650731999996	0.607291666666667
97.3827270999996	0.607291666666667
97.3987287	0.607291666666667
97.4156196999998	0.607291666666667
97.4321080999998	0.607291666666667
97.4487787999997	0.607291666666667
97.4654312999996	0.607291666666667
97.4825483999998	0.607291666666667
97.4991078999997	0.607291666666667
97.5153671999997	0.607291666666667
97.5322736999997	0.607291666666667
97.5489004999999	0.607291666666667
97.5653413	0.607291666666667
97.5821461999999	0.607291666666667
97.5986522999997	0.607291666666667
97.6157361999999	0.607291666666667
97.6325215999996	0.607291666666667
97.6488876999997	0.607291666666667
97.6654175999997	0.607291666666667
97.6820984999999	0.607291666666667
97.6993048999998	0.607291666666667
97.7156458999998	0.607291666666667
97.7323176	0.607291666666667
97.7494456999998	0.607291666666667
97.7655410999996	0.607291666666667
97.7822660999996	0.607291666666667
97.7988691999999	0.607291666666667
97.8151024999997	0.607291666666667
97.8321494999996	0.607291666666667
97.8482838	0.607291666666667
97.8652525999996	0.607291666666667
97.8823780999996	0.607291666666667
97.8990725999997	0.607291666666667
97.9152218999998	0.607291666666667
97.9322953999999	0.607291666666667
97.9490469999996	0.607291666666667
97.9652509999996	0.607291666666667
97.9821402999996	0.607291666666667
97.9983712999997	0.607291666666667
98.0156668	0.607291666666667
98.0320946999996	0.607291666666667
98.0486057999997	0.607291666666667
98.0657074999999	0.607291666666667
98.0822562999997	0.607291666666667
98.0989230999999	0.607291666666667
98.1158426999996	0.607291666666667
98.1326107	0.607291666666667
98.1488869	0.607291666666667
98.1658437999999	0.607291666666667
98.1824442999996	0.607291666666667
98.1984759999996	0.607291666666667
98.2151828999999	0.607291666666667
98.2319558999998	0.607291666666667
98.2483106999998	0.607291666666667
98.2651758999996	0.607291666666667
98.2820976999997	0.607291666666667
98.2990034999998	0.607291666666667
98.3158979	0.607291666666667
98.3324921999997	0.607291666666667
98.3490535999999	0.607291666666667
98.3654029999998	0.607291666666667
98.3822816999996	0.607291666666667
98.3987565999996	0.607291666666667
98.4156359999997	0.607291666666667
98.4323307	0.607291666666667
98.4486533999998	0.607291666666667
98.4650763999998	0.607291666666667
98.4823541999999	0.607291666666667
98.4989653999996	0.607291666666667
98.5152712999998	0.607291666666667
98.5322809999998	0.607291666666667
98.5485041999996	0.607291666666667
98.5658343999999	0.607291666666667
98.5821558999996	0.607291666666667
98.5991798999999	0.607291666666667
98.6157111999996	0.607291666666667
98.6322609999997	0.607291666666667
98.6488836999997	0.607291666666667
98.6652769999996	0.607291666666667
98.6823853999999	0.607291666666667
98.6989675	0.607291666666667
98.7154131999996	0.607291666666667
98.7320672999999	0.607291666666667
98.7489283999998	0.607291666666667
98.7656296999999	0.607291666666667
98.7826012999999	0.607291666666667
98.7987921999998	0.607291666666667
98.8155634	0.607291666666667
98.8322801999998	0.607291666666667
98.8490715999997	0.607291666666667
98.8657171999998	0.607291666666667
98.8824434999997	0.607291666666667
98.8989408999996	0.607291666666667
98.9155329999999	0.607291666666667
98.9322628999998	0.607291666666667
98.9487279	0.607291666666667
98.9655704999996	0.607291666666667
98.9821508999999	0.607291666666667
98.9989627	0.607291666666667
99.0155787999997	0.607291666666667
99.0324785999996	0.607291666666667
99.0486304999999	0.607291666666667
99.0654811999998	0.607291666666667
99.0823158999997	0.607291666666667
99.0991184	0.607291666666667
99.1155227999998	0.607291666666667
99.1324569999997	0.607291666666667
99.1489049999996	0.607291666666667
99.1652454999999	0.607291666666667
99.1820098999997	0.607291666666667
99.1985996999997	0.607291666666667
99.2151048999999	0.607291666666667
99.2322002999999	0.607291666666667
99.2493145999997	0.607291666666667
99.2656092999996	0.607291666666667
99.2826138999999	0.607291666666667
99.2990513999998	0.607291666666667
99.3152661999998	0.607291666666667
99.3321874999997	0.607291666666667
99.3490459999998	0.607291666666667
99.36564	0.607291666666667
99.3822650999996	0.607291666666667
99.3985030999997	0.607291666666667
99.4156045999998	0.607291666666667
99.4323212999998	0.607291666666667
99.4486239999997	0.607291666666667
99.4657290999999	0.607291666666667
99.4826352999999	0.607291666666667
99.4984686999996	0.607291666666667
99.5155826999999	0.607291666666667
99.5324503999996	0.607291666666667
99.5487886999999	0.607291666666667
99.5653070999997	0.607291666666667
99.5821361999997	0.607291666666667
99.5986272999999	0.607291666666667
99.6155507999997	0.607291666666667
99.6323109999998	0.607291666666667
99.6489936999997	0.607291666666667
99.6656019999996	0.607291666666667
99.6820122999998	0.607291666666667
99.6990547999999	0.607291666666667
99.7156226999996	0.607291666666667
99.7323216999998	0.607291666666667
99.7490527999998	0.607291666666667
99.765418	0.607291666666667
99.7821425999996	0.607291666666667
99.7990339999997	0.607291666666667
99.8156212999997	0.607291666666667
99.8322217999998	0.607291666666667
99.8489213999997	0.607291666666667
99.8652331999997	0.607291666666667
99.8819891999997	0.607291666666667
99.8990342999996	0.607291666666667
99.9155182	0.607291666666667
99.9318817999997	0.607291666666667
99.9494197999998	0.607291666666667
99.9655663999997	0.607291666666667
99.9820563999997	0.607291666666667
99.9994138999996	0.607291666666667
100.015614	0.607291666666667
100.0321959	0.607291666666667
100.048929	0.607291666666667
100.065363	0.607291666666667
100.082231	0.607291666666667
100.0990607	0.607291666666667
100.1149967	0.607291666666667
100.1323009	0.607291666666667
100.1487098	0.607291666666667
100.1656639	0.607291666666667
100.1823075	0.614583333333333
100.1988137	0.614583333333333
100.215383	0.622916666666667
100.2321637	0.622916666666667
100.2490639	0.622916666666667
100.2654791	0.622916666666667
100.2823968	0.622916666666667
100.2984515	0.622916666666667
100.3153687	0.622916666666667
100.3324317	0.622916666666667
100.3487515	0.622916666666667
100.3653396	0.622916666666667
100.382113	0.622916666666667
100.3989784	0.622916666666667
100.4154973	0.622916666666667
100.4323152	0.622916666666667
100.4492114	0.622916666666667
100.4655926	0.622916666666667
100.4822383	0.622916666666667
100.4988325	0.622916666666667
100.5151646	0.622916666666667
100.5322126	0.622916666666667
100.5487896	0.622916666666667
100.5655667	0.622916666666667
100.5822153	0.622916666666667
100.5983686	0.622916666666667
100.6157438	0.622916666666667
100.6320848	0.622916666666667
100.6484362	0.622916666666667
100.6655712	0.622916666666667
100.6824773	0.622916666666667
100.6990571	0.622916666666667
100.715451	0.622916666666667
100.7320298	0.622916666666667
100.7489621	0.622916666666667
100.7650085	0.622916666666667
100.782086	0.622916666666667
100.7987335	0.622916666666667
100.8153944	0.622916666666667
100.8317395	0.622916666666667
100.8489688	0.622916666666667
100.8655338	0.622916666666667
100.8822495	0.622916666666667
100.8988491	0.622916666666667
100.915787	0.622916666666667
100.9322541	0.622916666666667
100.9488574	0.622916666666667
100.965702	0.622916666666667
100.9821539	0.622916666666667
100.9987952	0.622916666666667
101.0158322	0.622916666666667
101.0320494	0.622916666666667
101.0488183	0.622916666666667
101.0654507	0.622916666666667
101.0818347	0.622916666666667
101.0987392	0.622916666666667
101.1156334	0.622916666666667
101.1323698	0.622916666666667
101.1489358	0.622916666666667
101.1656859	0.622916666666667
101.1822846	0.622916666666667
101.1986926	0.622916666666667
101.2155251	0.622916666666667
101.2322838	0.622916666666667
101.2486743	0.622916666666667
101.2652735	0.622916666666667
101.282022	0.622916666666667
101.298745	0.622916666666667
101.3157092	0.622916666666667
101.3323875	0.622916666666667
101.3486709	0.622916666666667
101.3653216	0.622916666666667
101.3823398	0.622916666666667
101.3988597	0.622916666666667
101.4152304	0.622916666666667
101.4317982	0.622916666666667
101.4486783	0.622916666666667
101.4653228	0.622916666666667
101.4818163	0.622916666666667
101.4987734	0.622916666666667
101.5157893	0.622916666666667
101.5320882	0.622916666666667
101.5485024	0.622916666666667
101.5656756	0.622916666666667
101.5821242	0.622916666666667
101.5985074	0.622916666666667
101.615633	0.622916666666667
101.6323113	0.622916666666667
101.6488802	0.622916666666667
101.6654253	0.622916666666667
101.6823393	0.622916666666667
101.6987531	0.622916666666667
101.7151369	0.622916666666667
101.732041	0.622916666666667
101.7487468	0.622916666666667
101.7651697	0.622916666666667
101.7821763	0.622916666666667
101.7987595	0.622916666666667
101.8152195	0.622916666666667
101.832322	0.622916666666667
101.8488853	0.622916666666667
101.8655676	0.622916666666667
101.8822205	0.622916666666667
101.8990897	0.622916666666667
101.9153717	0.622916666666667
101.9328691	0.622916666666667
101.9486749	0.622916666666667
101.9654113	0.622916666666667
101.9820783	0.622916666666667
101.9988499	0.622916666666667
102.0153219	0.622916666666667
102.0318569	0.622916666666667
102.0486258	0.622916666666667
102.065258	0.622916666666667
102.0822174	0.622916666666667
102.100052	0.622916666666667
102.1227853	0.622916666666667
102.1332859	0.622916666666667
102.1531093	0.622916666666667
102.1650468	0.622916666666667
102.1823685	0.622916666666667
102.1982117	0.622916666666667
102.2154926	0.622916666666667
102.2326354	0.622916666666667
102.2496289	0.622916666666667
102.2651049	0.622916666666667
102.2821697	0.622916666666667
102.299028	0.622916666666667
102.315176	0.622916666666667
102.3318616	0.622916666666667
102.348382	0.622916666666667
102.3654646	0.622916666666667
102.3826489	0.622916666666667
102.398517	0.622916666666667
102.4151687	0.622916666666667
102.432307	0.622916666666667
102.4485095	0.622916666666667
102.4651914	0.622916666666667
102.4822217	0.622916666666667
102.498282	0.622916666666667
102.5154897	0.622916666666667
102.5319092	0.622916666666667
102.548636	0.622916666666667
102.5654128	0.622916666666667
102.5822272	0.622916666666667
102.5982644	0.622916666666667
102.6155764	0.622916666666667
102.6321754	0.622916666666667
102.648509	0.622916666666667
102.6651859	0.622916666666667
102.6822803	0.622916666666667
102.6988429	0.622916666666667
102.7158141	0.622916666666667
102.7321627	0.622916666666667
102.7490347	0.622916666666667
102.7654527	0.622916666666667
102.7820574	0.622916666666667
102.7982735	0.622916666666667
102.8154155	0.622916666666667
102.8323073	0.622916666666667
102.8486431	0.622916666666667
102.865715	0.622916666666667
102.8821746	0.622916666666667
102.8986239	0.622916666666667
102.9152559	0.622916666666667
102.9321687	0.622916666666667
102.9482555	0.622916666666667
102.9651266	0.622916666666667
102.9821319	0.622916666666667
102.9981771	0.622916666666667
103.0153998	0.622916666666667
103.0324327	0.622916666666667
103.0482494	0.622916666666667
103.0655099	0.622916666666667
103.0823186	0.622916666666667
103.0988446	0.622916666666667
103.1152804	0.622916666666667
103.1321107	0.622916666666667
103.1482809	0.622916666666667
103.1655258	0.622916666666667
103.1823584	0.622916666666667
103.1982821	0.622916666666667
103.2155664	0.622916666666667
103.2316683	0.622916666666667
103.2488257	0.622916666666667
103.2651227	0.622916666666667
103.2825942	0.622916666666667
103.2982274	0.622916666666667
103.315296	0.622916666666667
103.3321092	0.622916666666667
103.3482746	0.622916666666667
103.3654417	0.622916666666667
103.3817466	0.622916666666667
103.3981984	0.622916666666667
103.4155325	0.622916666666667
103.43219	0.622916666666667
103.4481976	0.622916666666667
103.4654698	0.622916666666667
103.4822422	0.622916666666667
103.4982302	0.622916666666667
103.5151281	0.622916666666667
103.5322039	0.622916666666667
103.5482346	0.622916666666667
103.5651499	0.622916666666667
103.5821467	0.622916666666667
103.5983268	0.622916666666667
103.6158141	0.622916666666667
103.6452239	0.622916666666667
103.6683512	0.622916666666667
103.684327	0.622916666666667
103.6988603	0.622916666666667
103.7148335	0.622916666666667
103.7314522	0.622916666666667
103.7485731	0.622916666666667
103.7650334	0.622916666666667
103.781923	0.622916666666667
103.7986274	0.622916666666667
103.8152736	0.622916666666667
103.8318334	0.622916666666667
103.8485811	0.622916666666667
103.8652026	0.622916666666667
103.8818661	0.622916666666667
103.8986282	0.622916666666667
103.9151401	0.622916666666667
103.9318309	0.622916666666667
103.9483254	0.622916666666667
103.9649686	0.622916666666667
103.9819149	0.622916666666667
103.9985858	0.622916666666667
104.015149	0.622916666666667
104.0320295	0.622916666666667
104.048337	0.622916666666667
104.0655619	0.622916666666667
104.0822807	0.622916666666667
104.0987597	0.622916666666667
104.1151149	0.622916666666667
104.1323899	0.622916666666667
104.1483834	0.622916666666667
104.1656238	0.622916666666667
104.1821961	0.622916666666667
104.1987573	0.622916666666667
104.2163729	0.622916666666667
104.2320832	0.622916666666667
104.2484328	0.622916666666667
104.2646642	0.622916666666667
104.2822328	0.622916666666667
104.2985951	0.622916666666667
104.3154098	0.622916666666667
104.3321794	0.622916666666667
104.3485242	0.622916666666667
104.3652027	0.622916666666667
104.3821638	0.622916666666667
104.3981562	0.622916666666667
104.4151241	0.622916666666667
104.4320203	0.622916666666667
104.4483535	0.622916666666667
104.4654529	0.622916666666667
104.4820047	0.622916666666667
104.4988114	0.622916666666667
104.5153447	0.622916666666667
104.5318303	0.622916666666667
104.5485736	0.622916666666667
104.5655169	0.622916666666667
104.5986009	0.622916666666667
104.6157977	0.622916666666667
104.6486874	0.622916666666667
104.682322	0.622916666666667
104.7160587	0.622916666666667
104.7489176	0.622916666666667
104.7652202	0.622916666666667
104.7821493	0.622916666666667
104.7984051	0.622916666666667
104.8156669	0.622916666666667
104.8487388	0.622916666666667
104.865066	0.622916666666667
104.8822727	0.622916666666667
104.9154754	0.622916666666667
104.9487657	0.622916666666667
104.9650993	0.622916666666667
104.9818694	0.622916666666667
104.9984904	0.622916666666667
105.015402	0.622916666666667
105.0315174	0.622916666666667
105.0485814	0.622916666666667
105.0654697	0.622916666666667
105.0820859	0.622916666666667
105.0981272	0.622916666666667
105.1153953	0.622916666666667
105.1319896	0.622916666666667
105.1485633	0.622916666666667
105.1653549	0.622916666666667
105.1819971	0.622916666666667
105.1987125	0.622916666666667
105.2153732	0.622916666666667
105.2321062	0.622916666666667
105.2485171	0.622916666666667
105.2656558	0.622916666666667
105.2820575	0.622916666666667
105.2985708	0.622916666666667
105.3152301	0.622916666666667
105.3316333	0.622916666666667
105.348551	0.622916666666667
105.3650175	0.622916666666667
105.3822697	0.622916666666667
105.4152007	0.622916666666667
105.448743	0.622916666666667
105.4655474	0.622916666666667
105.4823623	0.622916666666667
105.515779	0.622916666666667
105.5485844	0.622916666666667
105.5652482	0.622916666666667
105.598564	0.622916666666667
105.6152693	0.622916666666667
105.6320498	0.622916666666667
105.6653851	0.622916666666667
105.6987374	0.622916666666667
105.715349	0.622916666666667
105.7325352	0.622916666666667
105.7654447	0.622916666666667
105.7981383	0.622916666666667
105.8152893	0.622916666666667
105.8321892	0.622916666666667
105.86549	0.622916666666667
105.8984548	0.622916666666667
105.9155608	0.622916666666667
105.9490795	0.622916666666667
105.9650901	0.622916666666667
105.9821015	0.622916666666667
105.9981085	0.622916666666667
106.0154393	0.622916666666667
106.0485682	0.622916666666667
106.0819467	0.622916666666667
106.115097	0.622916666666667
106.1487303	0.622916666666667
106.1822586	0.622916666666667
106.2151134	0.622916666666667
106.2484564	0.622916666666667
106.2821238	0.622916666666667
106.3154408	0.622916666666667
106.3487184	0.622916666666667
106.3822366	0.622916666666667
106.4152963	0.622916666666667
106.4491507	0.622916666666667
106.4821838	0.622916666666667
106.5154529	0.622916666666667
106.5487111	0.622916666666667
106.5822304	0.622916666666667
106.6154326	0.622916666666667
106.6488037	0.622916666666667
106.6822431	0.622916666666667
106.7152279	0.622916666666667
106.7486612	0.622916666666667
106.7822297	0.622916666666667
106.8154912	0.622916666666667
106.849208	0.622916666666667
106.8822143	0.622916666666667
106.9154913	0.622916666666667
106.9487599	0.622916666666667
106.9822073	0.622916666666667
107.0150606	0.622916666666667
107.0484484	0.622916666666667
107.0821773	0.622916666666667
107.1155409	0.622916666666667
107.1486576	0.622916666666667
107.1822707	0.622916666666667
107.2150659	0.622916666666667
107.2484613	0.622916666666667
107.2826478	0.622916666666667
107.3155063	0.622916666666667
107.3489033	0.622916666666667
107.3821808	0.622916666666667
107.4153895	0.622916666666667
107.4487264	0.622916666666667
107.4823476	0.622916666666667
107.5151979	0.622916666666667
107.5487082	0.622916666666667
107.5821943	0.622916666666667
107.6155021	0.622916666666667
107.6483167	0.622916666666667
107.6821251	0.622916666666667
107.7150406	0.622916666666667
107.7487674	0.622916666666667
107.7823276	0.622916666666667
107.8152858	0.622916666666667
107.8484561	0.622916666666667
107.8821491	0.622916666666667
107.9154626	0.622916666666667
107.9487172	0.622916666666667
107.9821292	0.622916666666667
108.015735	0.622916666666667
108.0487177	0.622916666666667
108.0821273	0.622916666666667
108.1155469	0.622916666666667
108.1486852	0.622916666666667
108.1821328	0.622916666666667
108.2149935	0.622916666666667
108.2486776	0.622916666666667
108.2821955	0.622916666666667
108.3154313	0.622916666666667
108.3489864	0.622916666666667
108.3820345	0.622916666666667
108.4153679	0.622916666666667
108.4489963	0.622916666666667
108.4817037	0.622916666666667
108.5155699	0.622916666666667
108.5485682	0.622916666666667
108.5820268	0.622916666666667
108.615425	0.622916666666667
108.6485879	0.622916666666667
108.6824366	0.622916666666667
108.7153169	0.622916666666667
108.7481513	0.622916666666667
108.7819274	0.622916666666667
108.8148599	0.622916666666667
108.8485168	0.622916666666667
108.8822275	0.622916666666667
108.915278	0.622916666666667
108.9486196	0.622916666666667
108.9819617	0.622916666666667
109.0152694	0.622916666666667
109.0482428	0.622916666666667
109.0822563	0.622916666666667
109.1154866	0.622916666666667
109.1492027	0.622916666666667
109.1821028	0.622916666666667
109.2152453	0.622916666666667
109.2488166	0.622916666666667
109.2820597	0.622916666666667
109.3152349	0.622916666666667
109.3483283	0.622916666666667
109.3820318	0.622916666666667
109.4148721	0.622916666666667
109.4483857	0.622916666666667
109.4821031	0.622916666666667
109.5152932	0.622916666666667
109.5486043	0.622916666666667
109.5815241	0.622916666666667
109.6153515	0.622916666666667
109.6482323	0.622916666666667
109.6821925	0.622916666666667
109.715338	0.622916666666667
109.7482923	0.622916666666667
109.7816282	0.622916666666667
109.8154405	0.622916666666667
109.8485446	0.622916666666667
109.8815681	0.622916666666667
109.9150262	0.622916666666667
109.9494947	0.622916666666667
109.9807809	0.622916666666667
110.0138069	0.622916666666667
110.0475396	0.622916666666667
110.0806293	0.622916666666667
110.1145843	0.622916666666667
110.1475981	0.622916666666667
110.1809447	0.622916666666667
110.2140106	0.622916666666667
110.2473663	0.622916666666667
110.2806453	0.622916666666667
110.314046	0.622916666666667
110.3475484	0.622916666666667
110.3804721	0.622916666666667
110.4137293	0.622916666666667
110.4472021	0.622916666666667
110.4811176	0.622916666666667
110.5141007	0.622916666666667
110.5477641	0.622916666666667
110.5808116	0.622916666666667
110.6139584	0.622916666666667
110.6471891	0.622916666666667
110.6807232	0.622916666666667
110.7144407	0.622916666666667
110.7475138	0.622916666666667
110.7803595	0.622916666666667
110.8139698	0.622916666666667
110.8477334	0.622916666666667
110.8808404	0.622916666666667
110.9140569	0.622916666666667
110.9472473	0.622916666666667
110.9807292	0.622916666666667
111.0141216	0.622916666666667
111.0478074	0.622916666666667
111.0808067	0.622916666666667
111.1139485	0.622916666666667
111.1475213	0.622916666666667
111.1811208	0.622916666666667
111.2141055	0.622916666666667
111.2475955	0.622916666666667
111.2808102	0.622916666666667
111.3145896	0.622916666666667
111.3473133	0.622916666666667
111.3807824	0.622916666666667
111.4136681	0.622916666666667
111.4478212	0.622916666666667
111.4811885	0.622916666666667
111.5143003	0.622916666666667
111.5472852	0.622916666666667
111.5804091	0.622916666666667
111.614203	0.622916666666667
111.6472145	0.622916666666667
111.6810375	0.622916666666667
111.7142685	0.622916666666667
111.7477374	0.622916666666667
111.7807214	0.622916666666667
111.8138185	0.622916666666667
111.8475096	0.622916666666667
111.8807393	0.622916666666667
111.9146217	0.622916666666667
111.9473565	0.622916666666667
111.9807442	0.622916666666667
112.0140652	0.622916666666667
112.0474896	0.622916666666667
112.0808123	0.622916666666667
112.114038	0.622916666666667
112.1471431	0.622916666666667
112.1809829	0.622916666666667
112.2137316	0.622916666666667
112.2472112	0.622916666666667
112.2808191	0.622916666666667
112.3141345	0.622916666666667
112.3474211	0.622916666666667
112.3807544	0.622916666666667
112.4139314	0.622916666666667
112.447495	0.622916666666667
112.481028	0.622916666666667
112.5140546	0.622916666666667
112.5475271	0.622916666666667
112.5806268	0.622916666666667
112.6143665	0.622916666666667
112.6474787	0.622916666666667
112.6808287	0.622916666666667
112.7141759	0.622916666666667
112.7476844	0.622916666666667
112.7807348	0.622916666666667
112.8138779	0.622916666666667
112.8478475	0.622916666666667
112.8809847	0.622916666666667
112.9140938	0.622916666666667
112.9474887	0.622916666666667
112.9807572	0.622916666666667
113.0141488	0.622916666666667
113.04758	0.622916666666667
113.0803419	0.622916666666667
113.1143363	0.622916666666667
113.1470941	0.622916666666667
113.1803203	0.622916666666667
113.2138352	0.622916666666667
113.2476949	0.622916666666667
113.2811928	0.622916666666667
113.31404	0.622916666666667
113.3472367	0.622916666666667
113.3805737	0.622916666666667
113.4136637	0.622916666666667
113.447627	0.63125
113.4809599	0.63125
113.5143878	0.63125
113.5471322	0.63125
113.5806283	0.63125
113.6138239	0.63125
113.6476181	0.63125
113.6803684	0.63125
113.7142827	0.63125
113.7479158	0.63125
113.7806681	0.63125
113.8141264	0.63125
113.8475813	0.63125
113.8811377	0.63125
113.9139951	0.63125
113.9471141	0.63125
113.9805781	0.63125
114.013649	0.63125
114.0470531	0.63125
114.0803436	0.63125
114.114218	0.63125
114.1470409	0.63125
114.180309	0.63125
114.2143994	0.63125
114.247765	0.63125
114.2808655	0.63125
114.3140897	0.63125
114.3471865	0.63125
114.3803649	0.63125
114.4142569	0.63125
114.4476134	0.63125
114.4812364	0.63125
114.5142649	0.63125
114.5471595	0.640625
114.58071	0.640625
114.6143286	0.640625
114.647377	0.640625
114.6811862	0.640625
114.7142065	0.640625
114.7469752	0.640625
114.7807718	0.640625
114.813783	0.640625
114.8474425	0.640625
114.8808686	0.640625
114.9141468	0.640625
114.9477136	0.640625
114.9803198	0.640625
115.0136702	0.640625
115.0476342	0.640625
115.0807572	0.640625
115.1137203	0.640625
115.1477487	0.640625
115.1810121	0.640625
115.2140777	0.640625
115.2472162	0.640625
115.280801	0.640625
115.3144165	0.640625
115.3475541	0.640625
115.3806725	0.640625
115.4136148	0.640625
115.4469597	0.640625
115.480898	0.640625
115.5141156	0.640625
115.5472909	0.640625
115.5806506	0.640625
115.615022	0.640625
115.6471624	0.640625
115.6803995	0.640625
115.7140476	0.640625
115.7475422	0.640625
115.7806963	0.640625
115.8140591	0.640625
115.8474569	0.640625
115.8809486	0.640625
115.9139351	0.640625
115.9470395	0.640625
115.9803718	0.640625
116.0141428	0.640625
116.0476803	0.640625
116.0811276	0.640625
116.1138615	0.640625
116.1474907	0.640625
116.1808924	0.640625
116.2140087	0.640625
116.2477488	0.640625
116.280948	0.640625
116.3140363	0.640625
116.3471477	0.640625
116.3803645	0.640625
116.4138561	0.640625
116.4471042	0.640625
116.4810231	0.640625
116.5141175	0.640625
116.5474619	0.640625
116.5807904	0.640625
116.6146157	0.640625
116.6472565	0.640625
116.6804436	0.640625
116.7138046	0.640625
116.7475654	0.640625
116.780394	0.640625
116.8137868	0.640625
116.8473537	0.640625
116.8804184	0.640625
116.9147743	0.640625
116.9475243	0.640625
116.9810448	0.640625
117.0139014	0.640625
117.0471695	0.640625
117.0808449	0.640625
117.1142044	0.640625
117.1472799	0.640625
117.1808618	0.640625
117.2139307	0.640625
117.2474551	0.640625
117.280852	0.640625
117.3140237	0.640625
117.3473546	0.640625
117.3803283	0.640625
117.4147111	0.640625
117.4479575	0.640625
117.4810076	0.640625
117.5135881	0.640625
117.5474657	0.640625
117.5802933	0.640625
117.6147583	0.640625
117.647244	0.640625
117.6808409	0.640625
117.7142073	0.640625
117.7469736	0.640625
117.7805129	0.640625
117.8138949	0.640625
117.8474667	0.640625
117.8806229	0.640625
117.9138396	0.640625
117.9474897	0.640625
117.9805891	0.640625
118.0142813	0.640625
118.0470493	0.640625
118.0804304	0.640625
118.1140545	0.640625
118.1473275	0.640625
118.1818951	0.640625
118.2141296	0.640625
118.2470069	0.640625
118.2803645	0.640625
118.3140011	0.640625
118.3476577	0.640625
118.3804647	0.640625
118.4140996	0.640625
118.447371	0.640625
118.4811717	0.640625
118.5139626	0.640625
118.5476489	0.640625
118.5807824	0.640625
118.6141428	0.640625
118.6474236	0.640625
118.6805608	0.640625
118.7135926	0.640625
118.746995	0.640625
118.7808487	0.640625
118.8140241	0.640625
118.8473803	0.640625
118.8806775	0.640625
118.9135101	0.640625
118.9475288	0.640625
118.980217	0.640625
119.0138494	0.640625
119.047438	0.640625
119.0804904	0.640625
119.1142348	0.640625
119.1471621	0.640625
119.1804092	0.640625
119.2136209	0.640625
119.2474323	0.640625
119.280653	0.640625
119.3138181	0.640625
119.3471857	0.640625
119.3808192	0.640625
119.4135528	0.640625
119.447436	0.640625
119.4804441	0.640625
119.5140457	0.640625
119.546977	0.640625
119.5806661	0.640625
119.6138915	0.640625
119.6474404	0.640625
119.6809226	0.640625
119.713777	0.640625
119.7473039	0.640625
119.7808932	0.640625
119.8136954	0.640625
119.8475295	0.640625
119.8805822	0.640625
119.9139575	0.640625
119.9469869	0.640625
119.9806685	0.640625
120.0139922	0.640625
120.0473892	0.640625
120.0808599	0.640625
120.1135462	0.640625
120.1475232	0.640625
120.1808616	0.640625
120.2140341	0.640625
120.2472845	0.640625
120.2804188	0.640625
120.3141133	0.640625
120.3472064	0.640625
120.3805376	0.640625
120.4137747	0.640625
120.4471236	0.640625
120.4808015	0.640625
120.5141267	0.640625
120.5474411	0.640625
120.5807422	0.640625
120.6136827	0.640625
120.6476443	0.640625
120.6808844	0.640625
120.7142571	0.640625
120.7473311	0.640625
120.7803263	0.640625
120.8135195	0.640625
120.8474685	0.640625
120.880957	0.640625
120.9139161	0.640625
120.9471203	0.640625
120.9809227	0.640625
121.0137411	0.640625
121.0477883	0.640625
121.080413	0.640625
121.1145554	0.640625
121.1474797	0.640625
121.1812632	0.640625
121.2136647	0.640625
121.2473307	0.640625
121.2803612	0.640625
121.3140326	0.640625
121.3470163	0.640625
121.3806229	0.640625
121.4135637	0.640625
121.4473945	0.640625
121.4803145	0.640625
121.5178272	0.640625
121.5473217	0.640625
121.5808807	0.640625
121.6138824	0.640625
121.6469914	0.640625
121.6801589	0.640625
121.7140977	0.640625
121.7470768	0.640625
121.7806751	0.640625
121.8137523	0.640625
121.8474696	0.640625
121.8809488	0.640625
121.9141597	0.640625
121.9474884	0.640625
121.9806696	0.640625
122.013477	0.640625
122.0476284	0.640625
122.080818	0.640625
122.1138927	0.640625
122.146942	0.640625
122.1809994	0.640625
122.2138276	0.640625
122.2473133	0.640625
122.2806708	0.640625
122.3135466	0.640625
122.3469308	0.640625
122.3806589	0.640625
122.4135061	0.640625
122.4472218	0.640625
122.4811765	0.640625
122.5139072	0.640625
122.5473936	0.640625
122.5803249	0.640625
122.6136567	0.640625
122.6473393	0.640625
122.6803461	0.640625
122.7138648	0.640625
122.7469315	0.640625
122.7803282	0.640625
122.8135493	0.640625
122.847316	0.640625
122.8808178	0.640625
122.9143302	0.640625
122.9474993	0.640625
122.9800581	0.640625
123.0137439	0.640625
123.0472	0.640625
123.0808786	0.640625
123.1141789	0.640625
123.1468814	0.640625
123.1807409	0.640625
123.2138706	0.640625
123.2472722	0.640625
123.2808323	0.640625
123.3140235	0.640625
123.3469852	0.640625
123.3805749	0.640625
123.4139441	0.640625
123.447456	0.640625
123.4813442	0.640625
123.5138389	0.640625
123.5471629	0.640625
123.5804608	0.640625
123.6135373	0.640625
123.6474423	0.640625
123.6808147	0.640625
123.7139627	0.640625
123.7468429	0.640625
123.7804905	0.640625
123.8137455	0.640625
123.8474547	0.640625
123.880359	0.640625
123.9142539	0.640625
123.9468826	0.640625
123.9805701	0.640625
124.013719	0.640625
124.0471547	0.640625
124.0805745	0.640625
124.1138978	0.633333333333333
124.1473758	0.633333333333333
124.1807138	0.633333333333333
124.2133869	0.633333333333333
124.2470733	0.633333333333333
124.2807855	0.633333333333333
124.313846	0.633333333333333
124.3305671	0.633333333333333
124.3637408	0.633333333333333
124.3805702	0.633333333333333
124.4136484	0.633333333333333
124.430348	0.633333333333333
124.4470931	0.633333333333333
124.480765	0.633333333333333
124.4972184	0.633333333333333
124.5302108	0.633333333333333
124.5640449	0.633333333333333
124.5803243	0.633333333333333
124.5969328	0.633333333333333
124.6306953	0.633333333333333
124.6635108	0.633333333333333
124.6799799	0.633333333333333
124.713462	0.633333333333333
124.7303342	0.633333333333333
124.7635717	0.633333333333333
124.7804876	0.633333333333333
124.7968551	0.633333333333333
124.830615	0.633333333333333
124.8467237	0.633333333333333
124.8805543	0.633333333333333
124.8969314	0.633333333333333
124.9305951	0.633333333333333
124.9469494	0.633333333333333
124.980404	0.633333333333333
124.9970428	0.633333333333333
125.0306034	0.633333333333333
125.0469139	0.633333333333333
125.0806513	0.633333333333333
125.0970055	0.633333333333333
125.1137838	0.625
125.1304025	0.625
125.1472195	0.625
125.1806407	0.625
125.2138765	0.625
125.230285	0.625
125.2473129	0.625
125.2636361	0.625
125.2807202	0.625
125.3142042	0.625
125.3302126	0.625
125.3525197	0.625
125.3804324	0.625
125.3967027	0.625
125.4134482	0.625
125.4303245	0.625
125.4465422	0.625
125.4637655	0.625
125.4803835	0.625
125.4968836	0.625
125.5171033	0.625
125.5311245	0.625
125.5480595	0.625
125.5646439	0.625
125.5811761	0.625
125.5980931	0.625
125.6146561	0.625
125.6478288	0.625
125.6642157	0.625
125.6807653	0.625
125.6976662	0.625
125.714217	0.625
125.7306768	0.625
125.7472869	0.625
125.7810366	0.625
125.7973279	0.625
125.831185	0.625
125.8478482	0.625
125.8814864	0.615625
125.8974871	0.607291666666667
125.9139443	0.607291666666667
125.9307454	0.607291666666667
125.9474545	0.607291666666667
125.9644493	0.607291666666667
125.981171	0.607291666666667
125.9977783	0.607291666666667
126.0147038	0.607291666666667
126.0310425	0.607291666666667
126.0474572	0.607291666666667
126.0645806	0.607291666666667
126.080886	0.607291666666667
126.0978826	0.607291666666667
126.1144832	0.607291666666667
126.1311185	0.607291666666667
126.1473323	0.607291666666667
126.1644595	0.607291666666667
126.1808012	0.607291666666667
126.1978014	0.607291666666667
126.2142881	0.607291666666667
126.230854	0.607291666666667
126.247949	0.607291666666667
126.2647745	0.607291666666667
126.2817809	0.607291666666667
126.2975151	0.607291666666667
126.3147704	0.607291666666667
126.3312135	0.607291666666667
126.3477391	0.607291666666667
126.3647042	0.607291666666667
126.381138	0.607291666666667
126.3975511	0.607291666666667
126.4144449	0.607291666666667
126.4312281	0.607291666666667
126.4474691	0.607291666666667
126.4643347	0.607291666666667
126.4811793	0.607291666666667
126.4979503	0.607291666666667
126.5146911	0.607291666666667
126.5308639	0.607291666666667
126.547787	0.607291666666667
126.5647094	0.597916666666667
126.5816163	0.597916666666667
126.5975834	0.589583333333333
126.6141461	0.589583333333333
126.6317205	0.589583333333333
126.6472978	0.58125
126.6646486	0.571875
126.6813646	0.571875
126.6978658	0.571875
126.714379	0.571875
126.7309265	0.571875
126.7474407	0.571875
126.7647191	0.571875
126.7813003	0.571875
126.7975397	0.571875
126.8146025	0.571875
126.8307813	0.571875
126.8475013	0.571875
126.864589	0.571875
126.8812072	0.571875
126.8975107	0.571875
126.9146154	0.571875
126.9313436	0.571875
126.9474019	0.571875
126.9644664	0.571875
126.9813906	0.571875
126.9977895	0.571875
127.0146493	0.571875
127.0308548	0.571875
127.0474849	0.571875
127.0641528	0.571875
127.081423	0.571875
127.0976014	0.571875
127.1141288	0.571875
127.1315012	0.571875
127.1475056	0.571875
127.1644711	0.571875
127.1812121	0.571875
127.1974952	0.571875
127.2140496	0.571875
127.2307884	0.571875
127.2477589	0.571875
127.2644377	0.571875
127.2811523	0.571875
127.2974595	0.571875
127.3144741	0.571875
127.3306088	0.571875
127.3476389	0.571875
127.3644686	0.571875
127.3808716	0.571875
127.3976011	0.571875
127.4140966	0.571875
127.4307203	0.571875
127.447383	0.571875
127.464391	0.571875
127.481102	0.571875
127.4974235	0.571875
127.5145464	0.571875
127.5306248	0.571875
127.547815	0.571875
127.5644234	0.571875
127.5808621	0.571875
127.5978508	0.571875
127.614494	0.571875
127.6311126	0.571875
127.6476225	0.571875
127.6646724	0.571875
127.6811825	0.571875
127.6972831	0.571875
127.7145681	0.571875
127.7313969	0.571875
127.7475948	0.571875
127.7644895	0.571875
127.7807528	0.571875
127.7977828	0.571875
127.8145095	0.571875
127.8309327	0.571875
127.8475799	0.571875
127.8641511	0.571875
127.8808189	0.571875
127.8975907	0.571875
127.9145514	0.571875
127.9310013	0.571875
127.9472166	0.571875
127.9643864	0.571875
127.9813797	0.571875
127.9977508	0.571875
128.0147904	0.571875
128.0309887	0.571875
128.0479781	0.571875
128.0643843	0.571875
128.0810238	0.571875
128.0977694	0.571875
128.1145506	0.571875
128.1308689	0.571875
128.1477514	0.571875
128.16419	0.571875
128.1810111	0.571875
128.1975541	0.571875
128.2143744	0.571875
128.2310052	0.571875
128.2476365	0.571875
128.2642716	0.571875
128.2809957	0.571875
128.2973062	0.571875
128.3138305	0.571875
128.3309751	0.571875
128.3476453	0.571875
128.3645737	0.571875
128.3810004	0.571875
128.3975622	0.571875
128.4144975	0.571875
128.4309753	0.571875
128.4473755	0.571875
128.4643818	0.571875
128.4809334	0.5625
128.4970614	0.5625
128.5143825	0.5625
128.5304414	0.5625
128.5473292	0.5625
128.5643127	0.5625
128.5809826	0.5625
128.5976723	0.5625
128.6141379	0.5625
128.6309304	0.5625
128.6476623	0.5625
128.6640426	0.5625
128.6813426	0.5625
128.6975922	0.5625
128.7144639	0.5625
128.7310972	0.5625
128.7475189	0.5625
128.7642914	0.5625
128.780935	0.5625
128.7977412	0.5625
128.8145004	0.5625
128.8311179	0.5625
128.8475532	0.5625
128.8644112	0.5625
128.8808047	0.5625
128.8974071	0.5625
128.9145351	0.5625
128.9312717	0.5625
128.9478282	0.5625
128.9643444	0.5625
128.9810515	0.5625
128.996996	0.5625
129.0138531	0.5625
129.0308599	0.5625
129.047533	0.5625
129.0639535	0.5625
129.0810397	0.5625
129.097804	0.5625
129.114165	0.5625
129.1309423	0.5625
129.1475162	0.5625
129.1643307	0.5625
129.180948	0.5625
129.1973467	0.5625
129.2140489	0.5625
129.2305515	0.5625
129.2474831	0.5625
129.2642451	0.5625
129.2809423	0.5625
129.2974965	0.5625
129.3144791	0.5625
129.3309077	0.5625
129.3477547	0.5625
129.364238	0.5625
129.3808745	0.5625
129.3977802	0.5625
129.4139544	0.5625
129.4311218	0.5625
129.4475426	0.5625
129.4641895	0.5625
129.4808493	0.5625
129.4973536	0.5625
129.5146695	0.5625
129.5309921	0.5625
129.5477103	0.5625
129.5640646	0.5625
129.5808738	0.5625
129.5975128	0.5625
129.6144444	0.5625
129.6308487	0.5625
129.6475026	0.5625
129.6639268	0.5625
129.6806252	0.5625
129.6975185	0.5625
129.7139727	0.5625
129.7309488	0.5625
129.7474868	0.5625
129.7644104	0.5625
129.7808685	0.5625
129.7976794	0.5625
129.8144324	0.5625
129.8308501	0.5625
129.8478689	0.5625
129.8643012	0.5625
129.8811171	0.5625
129.897274	0.5625
129.9137915	0.5625
129.9304582	0.5625
129.9474482	0.5625
129.9644262	0.5625
129.9810656	0.5625
129.9972421	0.5625
130.0141631	0.5625
130.0309049	0.5625
130.0477273	0.5625
130.0644526	0.5625
130.0805219	0.5625
130.0975395	0.5625
130.1145646	0.5625
130.1308926	0.5625
130.1475371	0.5625
130.1644774	0.5625
130.181133	0.5625
130.1974258	0.5625
130.2143949	0.5625
130.23117	0.5625
130.2475607	0.5625
130.2641904	0.5625
130.2809437	0.5625
130.2978707	0.5625
130.3137565	0.5625
130.3308552	0.5625
130.3475002	0.5625
130.3643636	0.5625
130.3808987	0.5625
130.3972582	0.5625
130.4138813	0.5625
130.4306724	0.5625
130.4475303	0.5625
130.4644344	0.5625
130.4808999	0.5625
130.4973303	0.5625
130.5144145	0.5625
130.5307445	0.5625
130.547486	0.5625
130.5639686	0.5625
130.5804458	0.5625
130.5972093	0.5625
130.614221	0.5625
130.6309577	0.5625
130.6473386	0.5625
130.6644035	0.5625
130.6810713	0.5625
130.697237	0.5625
130.7139552	0.5625
130.7304704	0.5625
130.7470602	0.5625
130.7645825	0.5625
130.7808036	0.5625
130.7973738	0.5625
130.814036	0.5625
130.8306256	0.5625
130.8473252	0.5625
130.8643951	0.5625
130.8811357	0.5625
130.8975574	0.5625
130.91439	0.5625
130.9310417	0.5625
130.9470935	0.5625
130.9639674	0.5625
130.980487	0.5625
130.997496	0.5625
131.0143888	0.5625
131.0305409	0.5625
131.0473571	0.5625
131.0643805	0.5625
131.0811585	0.5625
131.0976838	0.5625
131.1139484	0.5625
131.1309667	0.5625
131.1471077	0.5625
131.164381	0.5625
131.1807588	0.5625
131.1970375	0.5625
131.2142124	0.5625
131.2307859	0.5625
131.2477126	0.5625
131.2643877	0.5625
131.2810484	0.5625
131.2976795	0.5625
131.3143909	0.5625
131.3313144	0.5625
131.3476835	0.5625
131.3645142	0.5625
131.380818	0.5625
131.3973837	0.5625
131.4141321	0.5625
131.4305943	0.5625
131.4471914	0.5625
131.4638897	0.5625
131.4808474	0.5625
131.4974127	0.5625
131.5140541	0.5625
131.5308589	0.5625
131.5471792	0.5625
131.5643587	0.5625
131.5810061	0.5625
131.59768	0.5625
131.6144504	0.5625
131.630911	0.5625
131.6475337	0.5625
131.6641751	0.5625
131.6810559	0.5625
131.6970348	0.5625
131.7139274	0.5625
131.731065	0.5625
131.7473101	0.5625
131.7643515	0.5625
131.7807975	0.5625
131.7975726	0.5625
131.8141294	0.5625
131.8308156	0.5625
131.8476546	0.5625
131.8640436	0.5625
131.8804594	0.5625
131.8970759	0.5625
131.9141871	0.5625
131.9308025	0.5625
131.9471976	0.5625
131.9646863	0.5625
131.980713	0.5625
131.9974579	0.5625
132.0145617	0.5625
132.0309172	0.5625
132.0472084	0.5625
132.0641865	0.5625
132.0807161	0.5625
132.097309	0.5625
132.1141141	0.5625
132.1305915	0.5625
132.1476028	0.5625
132.1642014	0.5625
132.180961	0.5625
132.1976087	0.5625
132.2142351	0.5625
132.2308563	0.5625
132.2475839	0.5625
132.2644489	0.5625
132.2808254	0.5625
132.2974665	0.5625
132.3142894	0.5625
132.3309404	0.5625
132.347411	0.5625
132.3643316	0.5625
132.3809016	0.5625
132.3972313	0.5625
132.4143586	0.5625
132.4306867	0.5625
132.4472255	0.5625
132.4642243	0.5625
132.4807304	0.5625
132.4975765	0.5625
132.5137378	0.5625
132.5309491	0.5625
132.5470451	0.5625
132.5645978	0.5625
132.5804211	0.5625
132.5973679	0.5625
132.6146874	0.5625
132.6308467	0.5625
132.647655	0.5625
132.6643634	0.5625
132.6807309	0.5625
132.6971009	0.5625
132.7138743	0.5625
132.7304704	0.5625
132.7470541	0.5625
132.7641966	0.5625
132.7803702	0.5625
132.7974483	0.5625
132.8141364	0.5625
132.8304265	0.5625
132.8472443	0.5625
132.8642529	0.5625
132.8806139	0.5625
132.8973299	0.5625
132.9143219	0.5625
132.9305822	0.5625
132.9470645	0.5625
132.9639406	0.5625
132.9805324	0.5625
132.9974461	0.5625
133.0141482	0.5625
133.0304288	0.5625
133.0474302	0.5625
133.0642219	0.5625
133.0804184	0.5625
133.0973445	0.5625
133.1141083	0.5625
133.1306054	0.5625
133.1471285	0.5625
133.1648234	0.5625
133.1806161	0.5625
133.1974087	0.5625
133.2144457	0.5625
133.2307531	0.5625
133.2474698	0.5625
133.2639272	0.5625
133.2808248	0.5625
133.2971403	0.5625
133.3139567	0.5625
133.3307403	0.5625
133.3469638	0.5625
133.3646653	0.5625
133.3810208	0.5625
133.3972458	0.5625
133.4144429	0.5625
133.4310848	0.5625
133.4473278	0.5625
133.4642833	0.5625
133.4808236	0.5625
133.4971147	0.5625
133.5141717	0.5625
133.5310941	0.5625
133.547152	0.5625
133.563899	0.5625
133.5809591	0.5625
133.5973779	0.5625
133.6144756	0.5625
133.6303704	0.5625
133.6470593	0.5625
133.6643059	0.5625
133.6811365	0.5625
133.6970686	0.5625
133.7143956	0.5625
133.7310836	0.5625
133.7470656	0.5625
133.7643163	0.5625
133.7807333	0.5625
133.7971516	0.5625
133.8142694	0.5625
133.8309268	0.5625
133.8473238	0.5625
133.8643624	0.5625
133.8804519	0.5625
133.8973614	0.5625
133.9144401	0.5625
133.9307891	0.5625
133.9474583	0.5625
133.964154	0.5625
133.9809973	0.5625
133.9968734	0.5625
134.0141198	0.5625
134.0309751	0.5625
134.0470065	0.5625
134.0642962	0.5625
134.081141	0.5625
134.0971957	0.5625
134.1141771	0.5625
134.1308556	0.5625
134.1471912	0.5625
134.1643922	0.5625
134.180533	0.5625
134.1970324	0.5625
134.2142447	0.5625
134.2309069	0.5625
134.2469733	0.5625
134.2643736	0.5625
134.2809345	0.5625
134.2973418	0.5625
134.3144366	0.5625
134.3310455	0.5625
134.3472322	0.5625
134.3640095	0.5625
134.3811068	0.5625
134.3969849	0.5625
134.4141854	0.5625
134.431028	0.5625
134.4476556	0.5625
134.4642003	0.5625
134.4810731	0.5625
134.4971491	0.5625
134.5142046	0.5625
134.5309226	0.5625
134.5474745	0.5625
134.5643613	0.5625
134.5811537	0.5625
134.5969702	0.5625
134.6144188	0.5625
134.6311266	0.5625
134.647629	0.5625
134.6639949	0.5625
134.6806101	0.5625
134.6976326	0.5625
134.7138791	0.5625
134.7304905	0.5625
134.7470476	0.5625
134.7642006	0.5625
134.7806658	0.5625
134.7971598	0.5625
134.8141676	0.5625
134.8305831	0.5625
134.8476533	0.5625
134.8642573	0.5625
134.8808179	0.5625
134.8973682	0.5625
134.9139526	0.5625
134.930758	0.5625
134.9469277	0.5625
134.964156	0.5625
134.9807803	0.5625
134.9969473	0.5625
135.0138124	0.5625
135.030692	0.5625
135.0470661	0.5625
135.0642788	0.5625
135.0809727	0.5625
135.097439	0.5625
135.1144783	0.5625
135.1308975	0.5625
135.1475411	0.5625
135.1644735	0.5625
135.1808787	0.5625
135.1968624	0.5625
135.2143806	0.5625
135.2307674	0.5625
135.2472593	0.5625
135.2640397	0.5625
135.2808483	0.5625
135.2970301	0.5625
135.314304	0.5625
135.3308225	0.5625
135.347431	0.5625
135.3645389	0.5625
135.3808414	0.5625
135.3969196	0.5625
135.4144907	0.5625
135.4309386	0.5625
135.447482	0.5625
135.464248	0.5625
135.4805734	0.5625
135.4973492	0.5625
135.5142555	0.5625
135.5308612	0.5625
135.5471559	0.5625
135.5644196	0.5625
135.5807958	0.5625
135.5971712	0.5625
135.6138265	0.5625
135.6305146	0.5625
135.6474429	0.5625
135.6638257	0.5625
135.6808376	0.5625
135.6970102	0.5625
135.7139244	0.5625
135.7305036	0.5625
135.7473935	0.5625
135.7637548	0.5625
135.7808651	0.5625
135.7975308	0.5625
135.8142995	0.5625
135.8310818	0.5625
135.8474205	0.5625
135.8641641	0.5625
135.8807196	0.5625
135.8975288	0.5625
135.9138837	0.5625
135.9306226	0.5625
135.9473262	0.5625
135.9641013	0.5625
135.9806615	0.5625
135.997672	0.5625
136.0138089	0.5625
136.0304702	0.5625
136.0476119	0.5625
136.0642541	0.5625
136.0804429	0.5625
136.0975022	0.5625
136.1141962	0.5625
136.1304061	0.5625
136.1473886	0.5625
136.1641665	0.5625
136.1804835	0.5625
136.1978911	0.5625
136.2142201	0.5625
136.2309374	0.5625
136.2475581	0.5625
136.26429	0.5625
136.2809592	0.5625
136.2975672	0.5625
136.3142969	0.5625
136.3308448	0.5625
136.3472349	0.5625
136.3637375	0.5625
136.3805768	0.5625
136.3972295	0.5625
136.4140635	0.5625
136.4302433	0.5625
136.4470397	0.5625
136.4638253	0.5625
136.4805369	0.5625
136.4970005	0.5625
136.5140415	0.5625
136.5304196	0.5625
136.5467443	0.5625
136.5637871	0.5625
136.5803093	0.5625
136.5970256	0.5625
136.6140057	0.5625
136.6307304	0.5625
136.64726	0.5625
136.6641858	0.5625
136.6809335	0.5625
136.6972524	0.5625
136.7137891	0.5625
136.7305237	0.5625
136.7478613	0.5625
136.7636701	0.5625
136.7807886	0.5625
136.7975866	0.5625
136.8141459	0.5625
136.8307452	0.5625
136.8472679	0.5625
136.8638574	0.5625
136.8801373	0.5625
136.8970604	0.5625
136.9140533	0.5625
136.9306091	0.5625
136.9473182	0.5625
136.963886	0.5625
136.9804512	0.5625
136.9975291	0.5625
137.0141437	0.5625
137.0304501	0.5625
137.0473542	0.5625
137.0638755	0.5625
137.0805596	0.5625
137.0973005	0.5625
137.1138781	0.5625
137.130741	0.5625
137.1473381	0.5625
137.1643665	0.5625
137.1809097	0.5625
137.1972546	0.5625
137.2144975	0.5625
137.2308066	0.5625
137.2475397	0.5625
137.2642919	0.5625
137.2807349	0.5625
137.2972622	0.5625
137.3141341	0.5625
137.3308038	0.5625
137.3469071	0.5625
137.3640395	0.5625
137.3806173	0.5625
137.3971526	0.5625
137.4142149	0.5625
137.4306034	0.5625
137.4471127	0.5625
137.464132	0.5625
137.4806062	0.5625
137.4970645	0.5625
137.5140693	0.5625
137.5305439	0.5625
137.5471566	0.5625
137.5639868	0.5625
137.580451	0.5625
137.597439	0.5625
137.6142743	0.5625
137.6305827	0.5625
137.6474451	0.5625
137.6643925	0.5625
137.6806981	0.5625
137.6971816	0.5625
137.7141879	0.5625
137.7304028	0.5625
137.7471359	0.5625
137.7643343	0.5625
137.7806134	0.5625
137.7975009	0.5625
137.8142833	0.5625
137.8304335	0.5625
137.847075	0.5625
137.8637191	0.5625
137.8805539	0.5625
137.8972271	0.5625
137.9137019	0.5625
137.9303111	0.5625
137.9470758	0.5625
137.9639631	0.5625
137.9844675	0.5625
137.9971814	0.5625
138.0138628	0.5625
138.0305546	0.5625
138.0474297	0.5625
138.0639428	0.5625
138.0806723	0.5625
138.0969882	0.5625
138.1140326	0.5625
138.1304144	0.5625
138.1472572	0.5625
138.164279	0.5625
138.180977	0.5625
138.1973342	0.5625
138.2141589	0.5625
138.2305337	0.5625
138.2471482	0.5625
138.2640769	0.5625
138.280769	0.5625
138.2971702	0.5625
138.3140314	0.5625
138.3305256	0.5625
138.3472098	0.5625
138.3641868	0.5625
138.3806705	0.5625
138.3972312	0.5625
138.413916	0.5625
138.4308196	0.5625
138.4472053	0.5625
138.4640446	0.5625
138.4805789	0.5625
138.4972277	0.5625
138.5143543	0.5625
138.5305712	0.5625
138.5472075	0.5625
138.5636617	0.5625
138.5805	0.5625
138.5971077	0.5625
138.6139196	0.5625
138.6305143	0.5625
138.6470994	0.5625
138.6640298	0.5625
138.6808876	0.5625
138.6971686	0.5625
138.7139671	0.5625
138.7306156	0.5625
138.7468932	0.5625
138.7636029	0.5625
138.7807096	0.5625
138.7973952	0.5625
138.8137174	0.5625
138.8305243	0.5625
138.847052	0.5625
138.8638524	0.579166666666667
138.8807989	0.595833333333333
138.8972313	0.595833333333333
138.9138608	0.595833333333333
138.9307054	0.595833333333333
138.9474379	0.595833333333333
138.9641902	0.595833333333333
138.9806541	0.595833333333333
138.996952	0.595833333333333
139.0139815	0.595833333333333
139.0304891	0.595833333333333
139.0474747	0.595833333333333
139.0635134	0.595833333333333
139.0803012	0.595833333333333
139.0969125	0.595833333333333
139.1140565	0.595833333333333
139.1307031	0.595833333333333
139.147525	0.595833333333333
139.1638139	0.595833333333333
139.1804928	0.595833333333333
139.1973268	0.595833333333333
139.2140564	0.595833333333333
139.2307617	0.595833333333333
139.2475447	0.595833333333333
139.2636539	0.595833333333333
139.2805632	0.595833333333333
139.2967625	0.595833333333333
139.3136163	0.595833333333333
139.3305297	0.595833333333333
139.3474406	0.595833333333333
139.3642193	0.595833333333333
139.3807307	0.595833333333333
139.3972446	0.595833333333333
139.4142118	0.595833333333333
139.4308102	0.595833333333333
139.4469808	0.595833333333333
139.463613	0.595833333333333
139.480447	0.595833333333333
139.4973819	0.595833333333333
139.5143488	0.595833333333333
139.530271	0.595833333333333
139.547096	0.595833333333333
139.5637227	0.595833333333333
139.5846875	0.595833333333333
139.5971468	0.595833333333333
139.6136982	0.595833333333333
139.6307558	0.595833333333333
139.6476692	0.595833333333333
139.6638886	0.595833333333333
139.6806974	0.595833333333333
139.6970398	0.595833333333333
139.7140291	0.595833333333333
139.7305044	0.595833333333333
139.747554	0.595833333333333
139.7641733	0.595833333333333
139.7801488	0.595833333333333
139.7972692	0.595833333333333
139.8138783	0.595833333333333
139.8304698	0.595833333333333
139.8469379	0.595833333333333
139.8642588	0.595833333333333
139.8805483	0.595833333333333
139.8969419	0.595833333333333
139.9141759	0.595833333333333
139.930636	0.595833333333333
139.9471234	0.595833333333333
139.9642058	0.595833333333333
139.9801376	0.595833333333333
139.9975389	0.595833333333333
140.0137552	0.595833333333333
140.0301243	0.595833333333333
140.0470094	0.595833333333333
140.0637626	0.595833333333333
140.0803318	0.595833333333333
140.0973652	0.595833333333333
140.1136603	0.595833333333333
140.1307123	0.595833333333333
140.1475124	0.595833333333333
140.1637111	0.595833333333333
140.1801096	0.595833333333333
140.1970309	0.595833333333333
140.2139042	0.595833333333333
140.2307336	0.595833333333333
140.2472909	0.595833333333333
140.2635795	0.595833333333333
140.28011	0.595833333333333
140.2971237	0.595833333333333
140.3139967	0.595833333333333
140.3301652	0.595833333333333
140.3472457	0.595833333333333
140.3642393	0.595833333333333
140.3808285	0.595833333333333
140.3969753	0.595833333333333
140.4141542	0.595833333333333
140.4305167	0.595833333333333
140.4475883	0.595833333333333
140.4643624	0.595833333333333
140.4802466	0.595833333333333
140.4967674	0.595833333333333
140.5134459	0.595833333333333
140.5305998	0.595833333333333
140.547495	0.595833333333333
140.5636222	0.595833333333333
140.5803063	0.595833333333333
140.5971702	0.595833333333333
140.6139499	0.595833333333333
140.6301906	0.595833333333333
140.6472248	0.595833333333333
140.6636638	0.595833333333333
140.6806996	0.595833333333333
140.697432	0.595833333333333
140.7140666	0.595833333333333
140.7306701	0.595833333333333
140.7474185	0.595833333333333
140.7640468	0.595833333333333
140.7803112	0.595833333333333
140.7968431	0.595833333333333
140.8136728	0.595833333333333
140.8306644	0.595833333333333
140.847077	0.595833333333333
140.8642206	0.595833333333333
140.8808151	0.595833333333333
140.8972414	0.595833333333333
140.9138451	0.595833333333333
140.9303882	0.595833333333333
140.9471859	0.595833333333333
140.964163	0.595833333333333
140.9800443	0.595833333333333
140.997129	0.595833333333333
141.0141429	0.595833333333333
141.0302839	0.595833333333333
141.0478293	0.595833333333333
141.0640987	0.595833333333333
141.0800858	0.595833333333333
141.0973818	0.595833333333333
141.1141043	0.595833333333333
141.1306465	0.595833333333333
141.1471196	0.595833333333333
141.1640452	0.595833333333333
141.1806658	0.595833333333333
141.1971845	0.595833333333333
141.2139542	0.595833333333333
141.2302211	0.595833333333333
141.2470873	0.595833333333333
141.2634797	0.595833333333333
141.2807137	0.595833333333333
141.2973025	0.595833333333333
141.3141411	0.595833333333333
141.3303315	0.595833333333333
141.3470401	0.595833333333333
141.3641059	0.595833333333333
141.3806057	0.595833333333333
141.3976282	0.595833333333333
141.4137867	0.595833333333333
141.4306516	0.595833333333333
141.4471471	0.595833333333333
141.4638695	0.595833333333333
141.4806806	0.595833333333333
141.4972402	0.595833333333333
141.5141151	0.595833333333333
141.5304495	0.595833333333333
141.5478704	0.595833333333333
141.5634541	0.595833333333333
141.5806326	0.595833333333333
141.5972972	0.595833333333333
141.6139605	0.595833333333333
141.6302436	0.595833333333333
141.647245	0.595833333333333
141.6638939	0.595833333333333
141.6805013	0.595833333333333
141.6970453	0.595833333333333
141.7134787	0.595833333333333
141.7301562	0.595833333333333
141.7474007	0.595833333333333
141.7642213	0.595833333333333
141.780598	0.595833333333333
141.7973457	0.595833333333333
141.8142754	0.595833333333333
141.8301002	0.595833333333333
141.8472964	0.595833333333333
141.8636203	0.595833333333333
141.8801683	0.595833333333333
141.8967816	0.595833333333333
141.9138769	0.595833333333333
141.9300892	0.595833333333333
141.946948	0.595833333333333
141.9636403	0.595833333333333
141.980565	0.595833333333333
141.9972105	0.595833333333333
142.0140685	0.595833333333333
142.0304726	0.595833333333333
142.0469091	0.595833333333333
142.0640849	0.595833333333333
142.0804025	0.595833333333333
142.0968331	0.595833333333333
142.1134689	0.595833333333333
142.1299028	0.595833333333333
142.146718	0.595833333333333
142.1633642	0.595833333333333
142.1801619	0.595833333333333
142.1972063	0.595833333333333
142.2135657	0.595833333333333
142.2300853	0.595833333333333
142.2468946	0.595833333333333
142.2645777	0.595833333333333
142.2801421	0.595833333333333
142.2970578	0.595833333333333
142.3154858	0.595833333333333
142.330544	0.595833333333333
142.3471063	0.595833333333333
142.3639558	0.595833333333333
142.3804594	0.595833333333333
142.3971531	0.595833333333333
142.4138453	0.595833333333333
142.4300675	0.595833333333333
142.4471038	0.595833333333333
142.4640819	0.595833333333333
142.4805804	0.595833333333333
142.4969952	0.595833333333333
142.5140742	0.595833333333333
142.5305721	0.595833333333333
142.5472012	0.595833333333333
142.5640202	0.595833333333333
142.5800888	0.595833333333333
142.5970164	0.595833333333333
142.613862	0.595833333333333
142.6303418	0.595833333333333
142.6471609	0.595833333333333
142.6640196	0.595833333333333
142.6800785	0.595833333333333
142.6971367	0.595833333333333
142.7136166	0.595833333333333
142.7307425	0.595833333333333
142.7468642	0.595833333333333
142.7637156	0.595833333333333
142.7802253	0.595833333333333
142.7970564	0.595833333333333
142.8139659	0.595833333333333
142.8300462	0.595833333333333
142.8470494	0.595833333333333
142.86408	0.595833333333333
142.8805271	0.595833333333333
142.8967788	0.595833333333333
142.9135295	0.595833333333333
142.9300617	0.595833333333333
142.9472819	0.595833333333333
142.9639101	0.595833333333333
142.9802532	0.595833333333333
142.9965142	0.595833333333333
143.0134725	0.595833333333333
143.0303318	0.595833333333333
143.0467909	0.595833333333333
143.0634639	0.595833333333333
143.0801685	0.595833333333333
143.0973803	0.595833333333333
143.1139081	0.595833333333333
143.1303769	0.595833333333333
143.1471331	0.595833333333333
143.1640352	0.595833333333333
143.1804949	0.595833333333333
143.1975102	0.595833333333333
143.2135299	0.595833333333333
143.2307634	0.595833333333333
143.2473452	0.595833333333333
143.2634803	0.595833333333333
143.2805485	0.595833333333333
143.2972884	0.595833333333333
143.3134538	0.595833333333333
143.3303983	0.595833333333333
143.3472681	0.595833333333333
143.3640484	0.595833333333333
143.3806879	0.595833333333333
143.3969752	0.595833333333333
143.4139432	0.595833333333333
143.4305711	0.595833333333333
143.4470584	0.595833333333333
143.4637231	0.595833333333333
143.4810489	0.595833333333333
143.4971061	0.595833333333333
143.5134332	0.595833333333333
143.5301769	0.595833333333333
143.5470911	0.595833333333333
143.5637501	0.595833333333333
143.5802559	0.595833333333333
143.5972283	0.595833333333333
143.6140307	0.595833333333333
143.6305313	0.595833333333333
143.6478195	0.595833333333333
143.6634567	0.595833333333333
143.6802558	0.595833333333333
143.6971808	0.595833333333333
143.713858	0.595833333333333
143.7304063	0.595833333333333
143.7470035	0.595833333333333
143.7636737	0.595833333333333
143.7805085	0.595833333333333
143.7970522	0.595833333333333
143.8139113	0.595833333333333
143.8303467	0.595833333333333
143.8467806	0.595833333333333
143.8635203	0.595833333333333
143.8804689	0.595833333333333
143.8971753	0.595833333333333
143.9135172	0.595833333333333
143.9306752	0.595833333333333
143.9473108	0.595833333333333
143.9638641	0.595833333333333
143.9801516	0.595833333333333
143.996862	0.595833333333333
144.0134977	0.595833333333333
144.0305229	0.595833333333333
144.0472697	0.595833333333333
144.0635669	0.595833333333333
144.0808425	0.595833333333333
144.0972077	0.595833333333333
144.1135541	0.595833333333333
144.1305295	0.595833333333333
144.1475708	0.595833333333333
144.1640685	0.595833333333333
144.1804577	0.595833333333333
144.1972156	0.595833333333333
144.2138421	0.595833333333333
144.2301896	0.595833333333333
144.2474756	0.595833333333333
144.2632487	0.595833333333333
144.2805681	0.595833333333333
144.2973031	0.595833333333333
144.3135987	0.595833333333333
144.3303877	0.595833333333333
144.3475003	0.595833333333333
144.3638578	0.595833333333333
144.3804385	0.595833333333333
144.3967155	0.595833333333333
144.4139463	0.595833333333333
144.4304323	0.595833333333333
144.4467253	0.595833333333333
144.4634848	0.595833333333333
144.4805579	0.595833333333333
144.4967914	0.595833333333333
144.5141126	0.595833333333333
144.5303045	0.595833333333333
144.5469151	0.595833333333333
144.5642418	0.595833333333333
144.5804816	0.595833333333333
144.5968861	0.595833333333333
144.6138827	0.595833333333333
144.6301225	0.595833333333333
144.6470547	0.595833333333333
144.6640206	0.595833333333333
144.6801303	0.595833333333333
144.6967473	0.595833333333333
144.7137811	0.595833333333333
144.7299921	0.595833333333333
144.7470537	0.595833333333333
144.7635848	0.595833333333333
144.7805725	0.595833333333333
144.7967182	0.595833333333333
144.8136499	0.595833333333333
144.8302703	0.595833333333333
144.8470308	0.595833333333333
144.8634426	0.595833333333333
144.8806648	0.595833333333333
144.8967393	0.595833333333333
144.9135425	0.595833333333333
144.9303396	0.595833333333333
144.9470518	0.595833333333333
144.9634805	0.595833333333333
144.9804721	0.595833333333333
144.9969611	0.595833333333333
145.0134508	0.595833333333333
145.0309938	0.595833333333333
145.0471269	0.595833333333333
145.0639661	0.595833333333333
145.080699	0.595833333333333
145.0968918	0.595833333333333
145.1138229	0.595833333333333
145.1306128	0.595833333333333
145.1470982	0.595833333333333
145.1638794	0.595833333333333
145.1800983	0.595833333333333
145.1970694	0.595833333333333
145.2135631	0.595833333333333
145.2307345	0.595833333333333
145.2470391	0.595833333333333
145.2640195	0.595833333333333
145.2805365	0.595833333333333
145.2971198	0.595833333333333
145.3141015	0.595833333333333
145.3305205	0.595833333333333
145.3470795	0.595833333333333
145.364056	0.595833333333333
145.3800476	0.595833333333333
145.3968955	0.595833333333333
145.4135762	0.595833333333333
145.4299179	0.595833333333333
145.4468983	0.595833333333333
145.4636607	0.595833333333333
145.4803235	0.595833333333333
145.4969562	0.595833333333333
145.5137686	0.595833333333333
145.5321031	0.595833333333333
145.5471275	0.595833333333333
145.5638507	0.595833333333333
145.5806888	0.595833333333333
145.5967902	0.595833333333333
145.6133769	0.595833333333333
145.6301021	0.595833333333333
145.6469641	0.595833333333333
145.6638152	0.595833333333333
145.68011	0.595833333333333
145.6968085	0.595833333333333
145.7138128	0.595833333333333
145.7306951	0.595833333333333
145.7468625	0.595833333333333
145.7633998	0.595833333333333
145.7804188	0.595833333333333
145.7970838	0.595833333333333
145.8137238	0.595833333333333
145.8305706	0.595833333333333
145.8471875	0.595833333333333
145.8632335	0.595833333333333
145.8806057	0.595833333333333
145.8966848	0.595833333333333
145.9134816	0.595833333333333
145.9303884	0.595833333333333
145.9474955	0.595833333333333
145.9634599	0.595833333333333
145.9807572	0.595833333333333
145.9973711	0.595833333333333
146.0138009	0.595833333333333
146.0308123	0.595833333333333
146.0469966	0.595833333333333
146.063434	0.595833333333333
146.0800802	0.595833333333333
146.0970844	0.595833333333333
146.1135533	0.595833333333333
146.1304649	0.595833333333333
146.1470851	0.595833333333333
146.163466	0.595833333333333
146.1806047	0.595833333333333
146.1969833	0.595833333333333
146.2137672	0.595833333333333
146.2303404	0.595833333333333
146.2471947	0.595833333333333
146.2637073	0.595833333333333
146.2803915	0.595833333333333
146.2963996	0.595833333333333
146.3134365	0.595833333333333
146.3300151	0.595833333333333
146.3466722	0.595833333333333
146.3630497	0.595833333333333
146.3800088	0.595833333333333
146.3971262	0.595833333333333
146.4139701	0.595833333333333
146.4303844	0.595833333333333
146.4468241	0.595833333333333
146.4636231	0.595833333333333
146.4799904	0.595833333333333
146.497229	0.595833333333333
146.5131987	0.595833333333333
146.5304624	0.595833333333333
146.5467406	0.595833333333333
146.5634131	0.595833333333333
146.5802225	0.595833333333333
146.5966615	0.595833333333333
146.6136744	0.595833333333333
146.6305326	0.595833333333333
146.6470465	0.595833333333333
146.6634779	0.595833333333333
146.6800796	0.595833333333333
146.6970075	0.595833333333333
146.7137144	0.595833333333333
146.730003	0.595833333333333
146.746803	0.595833333333333
146.7636306	0.595833333333333
146.7804173	0.595833333333333
146.796667	0.595833333333333
146.8135291	0.595833333333333
146.8301898	0.595833333333333
146.8466911	0.595833333333333
146.8640365	0.595833333333333
146.881201	0.595833333333333
146.8973315	0.595833333333333
146.9139868	0.595833333333333
146.9310064	0.595833333333333
146.947003	0.595833333333333
146.9636881	0.595833333333333
146.9804208	0.595833333333333
146.996921	0.595833333333333
147.0137611	0.595833333333333
147.0300593	0.595833333333333
147.0466218	0.595833333333333
147.0634691	0.595833333333333
147.0802748	0.595833333333333
147.0990876	0.595833333333333
147.1133244	0.595833333333333
147.1302261	0.595833333333333
147.1469333	0.595833333333333
147.1639514	0.595833333333333
147.1804118	0.595833333333333
147.1969457	0.595833333333333
147.2161179	0.595833333333333
147.2304914	0.595833333333333
147.2469981	0.595833333333333
147.2640076	0.595833333333333
147.2804697	0.595833333333333
147.297136	0.595833333333333
147.3135991	0.595833333333333
147.330915	0.595833333333333
147.3471909	0.595833333333333
147.363636	0.595833333333333
147.3808694	0.595833333333333
147.3970717	0.595833333333333
147.4137414	0.595833333333333
147.4305143	0.595833333333333
147.446859	0.595833333333333
147.4633848	0.595833333333333
147.4799557	0.595833333333333
147.4969813	0.595833333333333
147.5136018	0.595833333333333
147.529979	0.595833333333333
147.5470488	0.595833333333333
147.5638172	0.595833333333333
147.5804616	0.595833333333333
147.5967041	0.595833333333333
147.6136948	0.595833333333333
147.6297083	0.595833333333333
147.6467755	0.595833333333333
147.6633068	0.595833333333333
147.6801548	0.595833333333333
147.6968578	0.595833333333333
147.7133265	0.595833333333333
147.7304452	0.595833333333333
147.7474565	0.595833333333333
147.7636625	0.595833333333333
147.7801998	0.595833333333333
147.7968631	0.595833333333333
147.813717	0.595833333333333
147.8304252	0.595833333333333
147.8469766	0.595833333333333
147.8633266	0.595833333333333
147.8799316	0.595833333333333
147.8968441	0.595833333333333
147.9135237	0.595833333333333
147.9299255	0.595833333333333
147.9466402	0.595833333333333
147.964291	0.595833333333333
147.9800456	0.595833333333333
147.9971584	0.595833333333333
148.0136182	0.595833333333333
148.0300605	0.595833333333333
148.0465152	0.595833333333333
148.0631687	0.595833333333333
148.0803075	0.595833333333333
148.0968529	0.595833333333333
148.1136411	0.595833333333333
148.1303745	0.595833333333333
148.1467733	0.595833333333333
148.1630781	0.595833333333333
148.1801826	0.595833333333333
148.1967611	0.595833333333333
148.2138781	0.595833333333333
148.2300763	0.595833333333333
148.2474716	0.595833333333333
148.2637016	0.595833333333333
148.2803413	0.595833333333333
148.2966901	0.595833333333333
148.3132471	0.595833333333333
148.3311281	0.595833333333333
148.3466324	0.595833333333333
148.3635399	0.595833333333333
148.380134	0.595833333333333
148.396883	0.595833333333333
148.4133706	0.595833333333333
148.4304137	0.595833333333333
148.4469725	0.595833333333333
148.4634413	0.595833333333333
148.4803791	0.595833333333333
148.497066	0.595833333333333
148.5132014	0.595833333333333
148.5305366	0.595833333333333
148.547018	0.595833333333333
148.563151	0.595833333333333
148.5801373	0.595833333333333
148.5965019	0.595833333333333
148.6133703	0.595833333333333
148.6298459	0.595833333333333
148.6467366	0.595833333333333
148.6633602	0.595833333333333
148.6803482	0.595833333333333
148.6972441	0.595833333333333
148.7131272	0.595833333333333
148.7304844	0.595833333333333
148.7464358	0.595833333333333
148.7634609	0.595833333333333
148.7800762	0.595833333333333
148.7969134	0.595833333333333
148.8133611	0.595833333333333
148.8298959	0.595833333333333
148.8467714	0.595833333333333
148.8634218	0.595833333333333
148.880358	0.595833333333333
148.8966484	0.595833333333333
148.9136798	0.595833333333333
148.9305831	0.595833333333333
148.9470634	0.595833333333333
148.9631117	0.595833333333333
148.9803267	0.595833333333333
148.9967989	0.595833333333333
149.0133265	0.595833333333333
149.0299112	0.595833333333333
149.0471365	0.595833333333333
149.0632975	0.595833333333333
149.0798976	0.595833333333333
149.0966454	0.595833333333333
149.1134998	0.595833333333333
149.1298062	0.595833333333333
149.1467131	0.595833333333333
149.1637263	0.595833333333333
149.1803441	0.595833333333333
149.1968495	0.595833333333333
149.213309	0.595833333333333
149.2297796	0.595833333333333
149.2466099	0.595833333333333
149.2630746	0.595833333333333
149.2798982	0.595833333333333
149.2972898	0.595833333333333
149.3130653	0.595833333333333
149.3298916	0.595833333333333
149.3469231	0.595833333333333
149.3631779	0.595833333333333
149.3798719	0.595833333333333
149.3973832	0.595833333333333
149.413278	0.595833333333333
149.4298251	0.595833333333333
149.4465832	0.595833333333333
149.4636664	0.595833333333333
149.479799	0.595833333333333
149.4967766	0.595833333333333
149.5130624	0.595833333333333
149.5298057	0.595833333333333
149.5470135	0.595833333333333
149.563975	0.595833333333333
149.5798022	0.595833333333333
149.5969664	0.595833333333333
149.6133078	0.595833333333333
149.6302191	0.595833333333333
149.6469542	0.595833333333333
149.6636789	0.595833333333333
149.6804507	0.595833333333333
149.6965499	0.595833333333333
149.7130935	0.595833333333333
149.7298598	0.595833333333333
149.7467351	0.595833333333333
149.7633937	0.595833333333333
149.7803845	0.595833333333333
149.7965479	0.595833333333333
149.8131319	0.595833333333333
149.8300919	0.595833333333333
149.8467661	0.595833333333333
149.8636523	0.595833333333333
149.8798371	0.595833333333333
149.8973294	0.595833333333333
149.9133022	0.595833333333333
149.9297429	0.595833333333333
149.9463492	0.595833333333333
149.963131	0.595833333333333
149.9798835	0.595833333333333
149.9964314	0.595833333333333
150.0136449	0.595833333333333
150.0303124	0.595833333333333
150.0466969	0.595833333333333
150.0637842	0.595833333333333
150.0801057	0.595833333333333
150.0966972	0.595833333333333
150.1136167	0.595833333333333
150.1307848	0.595833333333333
150.146974	0.595833333333333
150.1633914	0.595833333333333
150.1803488	0.595833333333333
150.196516	0.595833333333333
150.2131445	0.595833333333333
150.2302347	0.595833333333333
150.2469308	0.595833333333333
150.2636869	0.595833333333333
150.2803689	0.595833333333333
150.2971604	0.595833333333333
150.3132191	0.595833333333333
150.331683	0.595833333333333
150.3464363	0.595833333333333
150.3637825	0.595833333333333
150.3797121	0.595833333333333
150.3967363	0.595833333333333
150.4131894	0.595833333333333
150.4297272	0.595833333333333
150.4465817	0.595833333333333
150.4632558	0.595833333333333
150.4797597	0.595833333333333
150.4967408	0.595833333333333
150.5132351	0.595833333333333
150.5307286	0.595833333333333
150.5472575	0.595833333333333
150.5637868	0.595833333333333
150.579993	0.595833333333333
150.5971136	0.595833333333333
150.6133141	0.595833333333333
150.6297447	0.595833333333333
150.6465292	0.595833333333333
150.6629759	0.595833333333333
150.6799911	0.595833333333333
150.6966381	0.595833333333333
150.7134095	0.595833333333333
150.7306564	0.595833333333333
150.7468847	0.595833333333333
150.7635778	0.595833333333333
150.7798134	0.595833333333333
150.7967929	0.595833333333333
150.8133051	0.595833333333333
150.83021	0.595833333333333
150.8466843	0.595833333333333
150.8635542	0.595833333333333
150.8805004	0.595833333333333
150.8971782	0.595833333333333
150.9131504	0.595833333333333
150.9304073	0.595833333333333
150.9468343	0.595833333333333
150.9635248	0.595833333333333
150.9798923	0.595833333333333
150.9962526	0.595833333333333
151.0136197	0.595833333333333
151.0298642	0.595833333333333
151.0469689	0.595833333333333
151.0636068	0.595833333333333
151.0802795	0.595833333333333
151.0964531	0.595833333333333
151.1130896	0.595833333333333
151.1304847	0.595833333333333
151.1468293	0.595833333333333
151.1632162	0.595833333333333
151.1798699	0.595833333333333
151.1965181	0.595833333333333
151.2134273	0.595833333333333
151.2297246	0.595833333333333
151.2466996	0.595833333333333
151.2632049	0.595833333333333
151.2800652	0.595833333333333
151.2963556	0.595833333333333
151.3136216	0.595833333333333
151.3307476	0.595833333333333
151.3469567	0.595833333333333
151.3637009	0.595833333333333
151.3799034	0.595833333333333
151.3966717	0.595833333333333
151.4134998	0.595833333333333
151.4298728	0.595833333333333
151.4467387	0.595833333333333
151.4637575	0.595833333333333
151.480362	0.595833333333333
151.4965514	0.595833333333333
151.5136696	0.595833333333333
151.5302148	0.595833333333333
151.5466897	0.595833333333333
151.5634313	0.595833333333333
151.579823	0.595833333333333
151.5968959	0.595833333333333
151.6130708	0.595833333333333
151.6301059	0.595833333333333
151.6467638	0.595833333333333
151.6636458	0.595833333333333
151.6796383	0.595833333333333
151.696763	0.595833333333333
151.7135883	0.595833333333333
151.7297816	0.595833333333333
151.7464232	0.595833333333333
151.7631833	0.595833333333333
151.780116	0.595833333333333
151.7963323	0.595833333333333
151.8136087	0.595833333333333
151.8300761	0.595833333333333
151.846979	0.595833333333333
151.8634851	0.595833333333333
151.8798764	0.595833333333333
151.8965043	0.595833333333333
151.9135657	0.595833333333333
151.9298935	0.595833333333333
151.9464431	0.595833333333333
151.9632388	0.595833333333333
151.9803671	0.595833333333333
151.9964156	0.595833333333333
152.0135387	0.595833333333333
152.0299984	0.595833333333333
152.0464144	0.595833333333333
152.0634587	0.595833333333333
152.0797698	0.595833333333333
152.0965604	0.595833333333333
152.1137198	0.595833333333333
152.130202	0.595833333333333
152.1467442	0.595833333333333
152.1636167	0.595833333333333
152.1803049	0.595833333333333
152.1968197	0.595833333333333
152.213698	0.595833333333333
152.2299047	0.595833333333333
152.2462653	0.595833333333333
152.2634874	0.595833333333333
152.2803733	0.595833333333333
152.2966906	0.595833333333333
152.313415	0.595833333333333
152.3304518	0.595833333333333
152.3469635	0.595833333333333
152.3634908	0.595833333333333
152.3798686	0.595833333333333
152.3968258	0.595833333333333
152.4136124	0.595833333333333
152.4305738	0.595833333333333
152.4466322	0.595833333333333
152.4633558	0.595833333333333
152.4803653	0.595833333333333
152.4967043	0.595833333333333
152.5134853	0.595833333333333
152.5296481	0.595833333333333
152.5466513	0.595833333333333
152.5629303	0.595833333333333
152.580177	0.595833333333333
152.5963363	0.595833333333333
152.6137663	0.595833333333333
152.629752	0.595833333333333
152.646405	0.595833333333333
152.663583	0.595833333333333
152.6801849	0.595833333333333
152.6966686	0.595833333333333
152.7134344	0.595833333333333
152.7299455	0.595833333333333
152.7466788	0.595833333333333
152.7634355	0.595833333333333
152.7801692	0.595833333333333
152.7969156	0.595833333333333
152.8140065	0.595833333333333
152.8302541	0.595833333333333
152.8465858	0.595833333333333
152.8633079	0.595833333333333
152.8797958	0.595833333333333
152.8968882	0.595833333333333
152.9136851	0.595833333333333
152.9301752	0.595833333333333
152.9469685	0.595833333333333
152.9634148	0.595833333333333
152.9797789	0.595833333333333
152.9966577	0.595833333333333
153.0133922	0.595833333333333
153.030163	0.595833333333333
153.0462757	0.595833333333333
153.0633402	0.595833333333333
153.0797785	0.595833333333333
153.0964926	0.595833333333333
153.1132209	0.595833333333333
153.1303447	0.595833333333333
153.1471924	0.595833333333333
153.1636222	0.595833333333333
153.1798176	0.595833333333333
153.1968648	0.595833333333333
153.2131647	0.595833333333333
153.2302772	0.595833333333333
153.2464654	0.595833333333333
153.2636384	0.595833333333333
153.2803513	0.595833333333333
153.2970114	0.595833333333333
153.3134911	0.595833333333333
153.3298272	0.595833333333333
153.3469885	0.595833333333333
153.3632907	0.595833333333333
153.3801737	0.595833333333333
153.39637	0.595833333333333
153.4134808	0.595833333333333
153.4302725	0.595833333333333
153.4462469	0.595833333333333
153.4632295	0.595833333333333
153.4803906	0.595833333333333
153.4963269	0.595833333333333
153.5137328	0.595833333333333
153.5301429	0.595833333333333
153.546967	0.595833333333333
153.5633659	0.595833333333333
153.5805614	0.595833333333333
153.5966884	0.595833333333333
153.6135326	0.595833333333333
153.6299195	0.595833333333333
153.6464679	0.595833333333333
153.66372	0.595833333333333
153.6797403	0.595833333333333
153.6970054	0.595833333333333
153.7132667	0.595833333333333
153.7304495	0.595833333333333
153.7468848	0.595833333333333
153.7639117	0.595833333333333
153.7797007	0.595833333333333
153.7967175	0.595833333333333
153.8134148	0.595833333333333
153.8301734	0.595833333333333
153.8471605	0.595833333333333
153.8636343	0.595833333333333
153.8797232	0.595833333333333
153.8967872	0.595833333333333
153.9135588	0.595833333333333
153.9299271	0.595833333333333
153.9463222	0.595833333333333
153.9633753	0.595833333333333
153.9801403	0.595833333333333
153.996716	0.595833333333333
154.0130402	0.595833333333333
154.029806	0.595833333333333
154.0464556	0.595833333333333
154.0636182	0.595833333333333
154.0799183	0.595833333333333
154.0967132	0.595833333333333
154.1135005	0.595833333333333
154.1302738	0.595833333333333
154.1467477	0.595833333333333
154.1631166	0.595833333333333
154.1797056	0.595833333333333
154.1967048	0.595833333333333
154.2132687	0.595833333333333
154.2304957	0.595833333333333
154.2468034	0.595833333333333
154.2632389	0.595833333333333
154.2801864	0.595833333333333
154.2966672	0.595833333333333
154.3130481	0.595833333333333
154.3305172	0.595833333333333
154.3467807	0.595833333333333
154.3636049	0.595833333333333
154.3797089	0.595833333333333
154.3965008	0.595833333333333
154.4130103	0.595833333333333
154.4300772	0.595833333333333
154.4465446	0.595833333333333
154.4631519	0.595833333333333
154.4802097	0.595833333333333
154.4963763	0.595833333333333
154.513781	0.595833333333333
154.5303117	0.595833333333333
154.5463129	0.595833333333333
154.5634562	0.595833333333333
154.5800607	0.595833333333333
154.5971693	0.595833333333333
154.6134847	0.595833333333333
154.6302043	0.595833333333333
154.6464579	0.595833333333333
154.6634679	0.595833333333333
154.6800461	0.595833333333333
154.696585	0.595833333333333
154.7134251	0.595833333333333
154.7301307	0.595833333333333
154.7469513	0.595833333333333
154.7636524	0.595833333333333
154.7802479	0.595833333333333
154.7964296	0.595833333333333
154.813559	0.595833333333333
154.8300724	0.595833333333333
154.8466529	0.595833333333333
154.8634585	0.595833333333333
154.8801336	0.595833333333333
154.8965429	0.595833333333333
154.9134042	0.595833333333333
154.9301813	0.595833333333333
154.946449	0.595833333333333
154.9638489	0.595833333333333
154.9798382	0.595833333333333
154.9964828	0.595833333333333
155.0137645	0.595833333333333
155.0301444	0.595833333333333
155.0464616	0.595833333333333
155.063169	0.595833333333333
155.0797843	0.595833333333333
155.0964762	0.595833333333333
155.1135789	0.595833333333333
155.1301577	0.595833333333333
155.1466777	0.595833333333333
155.1636175	0.595833333333333
155.1801404	0.595833333333333
155.1966343	0.595833333333333
155.2134229	0.595833333333333
155.2301204	0.595833333333333
155.2466375	0.595833333333333
155.2630759	0.595833333333333
155.2796401	0.595833333333333
155.2965869	0.595833333333333
155.3130872	0.595833333333333
155.3297382	0.595833333333333
155.3465445	0.595833333333333
155.3630867	0.595833333333333
155.3799338	0.595833333333333
155.3966762	0.595833333333333
155.4134957	0.595833333333333
155.4299044	0.595833333333333
155.4463565	0.595833333333333
155.4631521	0.595833333333333
155.4801002	0.595833333333333
155.4964431	0.595833333333333
155.5133579	0.595833333333333
155.5299169	0.595833333333333
155.5464009	0.595833333333333
155.5635395	0.595833333333333
155.580108	0.595833333333333
155.5965659	0.595833333333333
155.6132389	0.595833333333333
155.6302254	0.595833333333333
155.646751	0.595833333333333
155.6632861	0.595833333333333
155.6797034	0.595833333333333
155.696692	0.595833333333333
155.7134232	0.595833333333333
155.729784	0.595833333333333
155.7464958	0.595833333333333
155.7632796	0.595833333333333
155.7800578	0.595833333333333
155.7964225	0.595833333333333
155.8135402	0.595833333333333
155.8300945	0.595833333333333
155.8462873	0.595833333333333
155.8631488	0.595833333333333
155.8801651	0.595833333333333
155.8967522	0.595833333333333
155.9130362	0.595833333333333
155.9300198	0.595833333333333
155.9463762	0.595833333333333
155.9633343	0.595833333333333
155.9797232	0.595833333333333
155.9963952	0.595833333333333
156.0135575	0.595833333333333
156.0299718	0.595833333333333
156.0463429	0.595833333333333
156.0637784	0.595833333333333
156.0796391	0.595833333333333
156.0962791	0.595833333333333
156.1138565	0.595833333333333
156.1297831	0.595833333333333
156.1463079	0.595833333333333
156.1631639	0.595833333333333
156.180115	0.595833333333333
156.1968014	0.595833333333333
156.2136644	0.595833333333333
156.2297175	0.595833333333333
156.2464778	0.595833333333333
156.2629338	0.595833333333333
156.2800891	0.595833333333333
156.2967264	0.595833333333333
156.3134369	0.595833333333333
156.3295975	0.595833333333333
156.3465228	0.595833333333333
156.363033	0.595833333333333
156.379609	0.595833333333333
156.3963325	0.595833333333333
156.4134675	0.595833333333333
156.430332	0.595833333333333
156.4464622	0.595833333333333
156.4642955	0.595833333333333
156.4799721	0.595833333333333
156.4964451	0.595833333333333
156.5129832	0.595833333333333
156.5297012	0.595833333333333
156.5462902	0.595833333333333
156.5629248	0.595833333333333
156.5798514	0.595833333333333
156.5964026	0.595833333333333
156.6138139	0.595833333333333
156.6297574	0.595833333333333
156.6464729	0.595833333333333
156.6634624	0.595833333333333
156.6797313	0.595833333333333
156.6960467	0.595833333333333
156.7133844	0.595833333333333
156.7297512	0.595833333333333
156.7464112	0.595833333333333
156.7633326	0.595833333333333
156.7797379	0.595833333333333
156.7964727	0.595833333333333
156.8134356	0.595833333333333
156.8296756	0.595833333333333
156.8463605	0.595833333333333
156.8633997	0.595833333333333
156.8802262	0.595833333333333
156.896187	0.595833333333333
156.9135212	0.595833333333333
156.9295749	0.595833333333333
156.9465333	0.595833333333333
156.9634672	0.595833333333333
156.9801619	0.595833333333333
156.9960535	0.595833333333333
157.0133633	0.595833333333333
157.0296505	0.595833333333333
157.0467986	0.595833333333333
157.0634714	0.595833333333333
157.0798469	0.595833333333333
157.0961914	0.595833333333333
157.1136089	0.595833333333333
157.1298094	0.595833333333333
157.1462229	0.595833333333333
157.1634004	0.595833333333333
157.1796045	0.595833333333333
157.1960528	0.595833333333333
157.2136243	0.595833333333333
157.2296371	0.595833333333333
157.2460652	0.595833333333333
157.2629871	0.595833333333333
157.2796096	0.595833333333333
157.2960661	0.595833333333333
157.3129794	0.595833333333333
157.3298534	0.595833333333333
157.3463548	0.595833333333333
157.3631083	0.595833333333333
157.3797477	0.595833333333333
157.3967045	0.595833333333333
157.4130122	0.595833333333333
157.4297279	0.595833333333333
157.4466994	0.595833333333333
157.4633553	0.595833333333333
157.4797853	0.595833333333333
157.4964554	0.595833333333333
157.5133351	0.595833333333333
157.5296307	0.595833333333333
157.5464704	0.595833333333333
157.563121	0.595833333333333
157.5805127	0.595833333333333
157.5962562	0.595833333333333
157.6132958	0.595833333333333
157.6300165	0.595833333333333
157.6463318	0.595833333333333
157.663312	0.595833333333333
157.6796024	0.595833333333333
157.6960191	0.595833333333333
157.7133368	0.595833333333333
157.7298149	0.595833333333333
157.7462884	0.595833333333333
157.7632475	0.595833333333333
157.7796683	0.595833333333333
157.7962795	0.595833333333333
157.8129737	0.595833333333333
157.8296348	0.595833333333333
157.8460021	0.595833333333333
157.8633049	0.595833333333333
157.8799355	0.595833333333333
157.8962683	0.595833333333333
157.9135596	0.595833333333333
157.9300139	0.595833333333333
157.9462973	0.595833333333333
157.9633746	0.595833333333333
157.9796581	0.595833333333333
157.9960424	0.595833333333333
158.0131817	0.595833333333333
158.0295725	0.595833333333333
158.0462979	0.595833333333333
158.0629576	0.595833333333333
158.0801335	0.595833333333333
158.0962867	0.595833333333333
158.1140772	0.595833333333333
158.1301263	0.595833333333333
158.1465872	0.595833333333333
158.1635013	0.595833333333333
158.1797026	0.595833333333333
158.1962935	0.595833333333333
158.2133356	0.595833333333333
158.229916	0.595833333333333
158.2461385	0.595833333333333
158.2629316	0.595833333333333
158.2796687	0.595833333333333
158.2961468	0.595833333333333
158.3129285	0.595833333333333
158.3295886	0.595833333333333
158.3461624	0.595833333333333
158.3633388	0.595833333333333
158.3799489	0.595833333333333
158.3964637	0.595833333333333
158.4136266	0.595833333333333
158.4300818	0.595833333333333
158.446345	0.595833333333333
158.4630009	0.595833333333333
158.4799433	0.595833333333333
158.496059	0.595833333333333
158.5132887	0.595833333333333
158.5301131	0.595833333333333
158.5465583	0.595833333333333
158.5632544	0.595833333333333
158.5799706	0.595833333333333
158.5962638	0.595833333333333
158.6138319	0.595833333333333
158.6300973	0.595833333333333
158.6467607	0.595833333333333
158.6635352	0.595833333333333
158.6797708	0.595833333333333
158.6960344	0.595833333333333
158.71332	0.595833333333333
158.7299437	0.595833333333333
158.7459864	0.595833333333333
158.7629528	0.595833333333333
158.7795812	0.595833333333333
158.7959857	0.595833333333333
158.8136388	0.595833333333333
158.8297581	0.595833333333333
158.8460452	0.595833333333333
158.8638456	0.595833333333333
158.8795738	0.595833333333333
158.8963482	0.595833333333333
158.9134712	0.595833333333333
158.9295378	0.595833333333333
158.9460321	0.595833333333333
158.9629238	0.595833333333333
158.9796357	0.595833333333333
158.9960036	0.595833333333333
159.012865	0.595833333333333
159.0297453	0.595833333333333
159.0461226	0.595833333333333
159.063129	0.595833333333333
159.0797167	0.595833333333333
159.0961568	0.595833333333333
159.1134468	0.595833333333333
159.1295511	0.595833333333333
159.146029	0.595833333333333
159.1634138	0.595833333333333
159.1795587	0.595833333333333
159.1960533	0.595833333333333
159.2129178	0.595833333333333
159.2295613	0.595833333333333
159.2463044	0.595833333333333
159.2634248	0.595833333333333
159.2804391	0.595833333333333
159.2966125	0.595833333333333
159.3131882	0.595833333333333
159.3302342	0.595833333333333
159.3466004	0.595833333333333
159.3632427	0.595833333333333
159.3795557	0.595833333333333
159.3961373	0.595833333333333
159.4129882	0.595833333333333
159.4296111	0.595833333333333
159.4459364	0.595833333333333
159.4633846	0.595833333333333
159.4799943	0.595833333333333
159.4962204	0.595833333333333
159.5131979	0.595833333333333
159.5297832	0.595833333333333
159.5462131	0.595833333333333
159.5629003	0.595833333333333
159.5797497	0.595833333333333
159.595988	0.595833333333333
159.6134462	0.595833333333333
159.6296362	0.595833333333333
159.6460146	0.595833333333333
159.6631223	0.595833333333333
159.6795774	0.595833333333333
159.696014	0.595833333333333
159.7136307	0.595833333333333
159.7299106	0.595833333333333
159.746292	0.595833333333333
159.7634444	0.595833333333333
159.779696	0.595833333333333
159.7966877	0.595833333333333
159.8132176	0.595833333333333
159.8295448	0.595833333333333
159.8464187	0.595833333333333
159.8632722	0.595833333333333
159.8795648	0.595833333333333
159.8961804	0.595833333333333
159.9132254	0.595833333333333
159.9300102	0.595833333333333
159.9461076	0.595833333333333
159.9632654	0.595833333333333
159.9797853	0.595833333333333
159.9967302	0.595833333333333
160.0132764	0.595833333333333
160.029652	0.595833333333333
160.0463599	0.595833333333333
160.0631565	0.595833333333333
160.0798318	0.595833333333333
160.0959721	0.595833333333333
160.1130736	0.595833333333333
160.1296545	0.595833333333333
160.1460823	0.595833333333333
160.162717	0.595833333333333
160.1797715	0.595833333333333
160.1966048	0.595833333333333
160.2136523	0.595833333333333
160.2293879	0.595833333333333
160.2468089	0.595833333333333
160.2634586	0.595833333333333
160.2795119	0.595833333333333
160.2959576	0.595833333333333
160.3131423	0.595833333333333
160.3297661	0.595833333333333
160.3460609	0.595833333333333
160.3633194	0.595833333333333
160.3797873	0.595833333333333
160.3962079	0.595833333333333
160.4129994	0.595833333333333
160.4295362	0.595833333333333
160.4464431	0.595833333333333
160.4632681	0.595833333333333
160.4797464	0.595833333333333
160.4965302	0.595833333333333
160.5134082	0.595833333333333
160.5295848	0.595833333333333
160.5464661	0.595833333333333
160.5629711	0.595833333333333
160.5798297	0.595833333333333
160.5966374	0.595833333333333
160.6132683	0.595833333333333
160.6298393	0.595833333333333
160.6461217	0.595833333333333
160.6635981	0.595833333333333
160.6795788	0.595833333333333
160.6961949	0.595833333333333
160.7132949	0.595833333333333
160.7297844	0.595833333333333
160.7468113	0.595833333333333
160.7633319	0.595833333333333
160.7795156	0.595833333333333
160.7960591	0.595833333333333
160.8135184	0.595833333333333
160.8294175	0.595833333333333
160.846634	0.595833333333333
160.8632427	0.595833333333333
160.8795011	0.595833333333333
160.8962831	0.595833333333333
160.9132271	0.595833333333333
160.9298078	0.595833333333333
160.9466445	0.595833333333333
160.9634192	0.595833333333333
160.9795355	0.595833333333333
160.9966204	0.595833333333333
161.0132077	0.595833333333333
161.0298862	0.595833333333333
161.0466468	0.595833333333333
161.0634468	0.595833333333333
161.0795843	0.595833333333333
161.095865	0.595833333333333
161.1132859	0.595833333333333
161.1298113	0.595833333333333
161.1461188	0.595833333333333
161.1627635	0.595833333333333
161.1797344	0.595833333333333
161.1964091	0.595833333333333
161.2133455	0.595833333333333
161.229445	0.595833333333333
161.2461409	0.595833333333333
161.2633503	0.595833333333333
161.2798404	0.595833333333333
161.2959681	0.595833333333333
161.3127437	0.595833333333333
161.3297455	0.595833333333333
161.3463647	0.595833333333333
161.3633334	0.595833333333333
161.3799804	0.595833333333333
161.3960532	0.595833333333333
161.4130266	0.595833333333333
161.4297506	0.595833333333333
161.4466205	0.595833333333333
161.4629453	0.595833333333333
161.4799968	0.595833333333333
161.4963211	0.595833333333333
161.5131397	0.595833333333333
161.5294993	0.595833333333333
161.545899	0.595833333333333
161.5628332	0.595833333333333
161.579827	0.595833333333333
161.5965644	0.595833333333333
161.6128202	0.595833333333333
161.6294906	0.595833333333333
161.6470032	0.595833333333333
161.6634785	0.595833333333333
161.6796158	0.595833333333333
161.6960033	0.595833333333333
161.7132139	0.595833333333333
161.7301992	0.595833333333333
161.7467387	0.588541666666667
161.7631896	0.588541666666667
161.7794261	0.588541666666667
161.7959562	0.588541666666667
161.8131598	0.588541666666667
161.8293397	0.588541666666667
161.8464499	0.588541666666667
161.8631623	0.588541666666667
161.8798455	0.588541666666667
161.8963769	0.588541666666667
161.9137408	0.588541666666667
161.9297998	0.588541666666667
161.946966	0.588541666666667
161.9633205	0.588541666666667
161.979365	0.588541666666667
161.9961477	0.588541666666667
162.0133149	0.588541666666667
162.0294928	0.588541666666667
162.0460213	0.588541666666667
162.0627242	0.588541666666667
162.0798337	0.588541666666667
162.0965646	0.588541666666667
162.1134159	0.588541666666667
162.1311234	0.588541666666667
162.146334	0.588541666666667
162.1632146	0.588541666666667
162.1795746	0.588541666666667
162.1963125	0.588541666666667
162.2133547	0.580208333333333
162.2297692	0.580208333333333
162.2466952	0.580208333333333
162.2630886	0.580208333333333
162.2794574	0.580208333333333
162.2987178	0.580208333333333
162.3127978	0.580208333333333
162.3297645	0.570833333333333
162.3463188	0.570833333333333
162.3629464	0.570833333333333
162.379942	0.570833333333333
162.3961218	0.570833333333333
162.4132353	0.570833333333333
162.4300878	0.570833333333333
162.4461023	0.570833333333333
162.4643798	0.570833333333333
162.4797059	0.570833333333333
162.4963716	0.570833333333333
162.513281	0.570833333333333
162.5297388	0.570833333333333
162.5464651	0.570833333333333
162.5632834	0.570833333333333
162.5798161	0.570833333333333
162.596186	0.570833333333333
162.6131182	0.570833333333333
162.6294498	0.570833333333333
162.6463221	0.570833333333333
162.6631245	0.570833333333333
162.679449	0.570833333333333
162.6963849	0.570833333333333
162.7127499	0.570833333333333
162.7295193	0.570833333333333
162.7460451	0.570833333333333
162.7631589	0.570833333333333
162.7793776	0.570833333333333
162.7961107	0.570833333333333
162.8129369	0.570833333333333
162.8299001	0.570833333333333
162.8461906	0.570833333333333
162.8629138	0.570833333333333
162.8799056	0.570833333333333
162.8966414	0.570833333333333
162.9132889	0.570833333333333
162.9298111	0.570833333333333
162.9464532	0.570833333333333
162.9634979	0.570833333333333
162.9794958	0.570833333333333
162.9962415	0.570833333333333
163.0132653	0.570833333333333
163.0292627	0.570833333333333
163.0464111	0.570833333333333
163.0628534	0.570833333333333
163.0799192	0.570833333333333
163.0964801	0.570833333333333
163.1132861	0.570833333333333
163.1299685	0.570833333333333
163.1466034	0.570833333333333
163.1631298	0.570833333333333
163.1798489	0.570833333333333
163.1959159	0.570833333333333
163.2130511	0.570833333333333
163.2296861	0.570833333333333
163.2462597	0.570833333333333
163.2628862	0.570833333333333
163.2798562	0.570833333333333
163.2963599	0.570833333333333
163.3133266	0.570833333333333
163.3298395	0.570833333333333
163.3461595	0.570833333333333
163.3629934	0.570833333333333
163.3793991	0.570833333333333
163.3965003	0.570833333333333
163.413127	0.570833333333333
163.4298678	0.570833333333333
163.4463649	0.570833333333333
163.4631161	0.570833333333333
163.479789	0.570833333333333
163.4960534	0.570833333333333
163.5130392	0.570833333333333
163.5298568	0.570833333333333
163.5467104	0.570833333333333
163.5631182	0.570833333333333
163.5798534	0.570833333333333
163.5963566	0.570833333333333
163.6130683	0.570833333333333
163.6298098	0.570833333333333
163.6464805	0.570833333333333
163.6631719	0.570833333333333
163.6795258	0.570833333333333
163.6962968	0.570833333333333
163.7129591	0.570833333333333
163.7296102	0.570833333333333
163.7464277	0.570833333333333
163.7632553	0.570833333333333
163.7800336	0.570833333333333
163.7961876	0.570833333333333
163.8128527	0.570833333333333
163.8296927	0.570833333333333
163.8464137	0.570833333333333
163.8630066	0.570833333333333
163.8798651	0.570833333333333
163.8961886	0.570833333333333
163.9130739	0.570833333333333
163.929977	0.570833333333333
163.9464183	0.570833333333333
163.963016	0.570833333333333
163.9797429	0.570833333333333
163.9965006	0.570833333333333
164.0131724	0.570833333333333
164.0297244	0.570833333333333
164.0467286	0.570833333333333
164.0634864	0.570833333333333
164.0797236	0.570833333333333
164.0964311	0.570833333333333
164.1130074	0.570833333333333
164.1297457	0.570833333333333
164.1462453	0.570833333333333
164.1627721	0.570833333333333
164.1796799	0.570833333333333
164.1961544	0.570833333333333
164.2131046	0.570833333333333
164.2295686	0.570833333333333
164.2467077	0.570833333333333
164.2632472	0.570833333333333
164.2797342	0.570833333333333
164.2964542	0.570833333333333
164.3131109	0.570833333333333
164.3298152	0.570833333333333
164.3470072	0.570833333333333
164.3631747	0.570833333333333
164.3795731	0.570833333333333
164.3966176	0.570833333333333
164.4130605	0.570833333333333
164.4297113	0.570833333333333
164.4462254	0.570833333333333
164.4632296	0.570833333333333
164.4796394	0.570833333333333
164.4963772	0.570833333333333
164.5131026	0.570833333333333
164.5297298	0.570833333333333
164.5463731	0.570833333333333
164.5626434	0.570833333333333
164.580301	0.570833333333333
164.5963095	0.570833333333333
164.6128782	0.570833333333333
164.629667	0.570833333333333
164.6460024	0.570833333333333
164.6630478	0.570833333333333
164.6796104	0.570833333333333
164.6960475	0.570833333333333
164.7137586	0.570833333333333
164.7295745	0.570833333333333
164.7464101	0.570833333333333
164.7630414	0.570833333333333
164.779778	0.570833333333333
164.7962779	0.570833333333333
164.8131118	0.570833333333333
164.8298245	0.570833333333333
164.8464832	0.570833333333333
164.8631949	0.570833333333333
164.8795866	0.570833333333333
164.8966872	0.570833333333333
164.9128473	0.570833333333333
164.9297164	0.570833333333333
164.9463878	0.570833333333333
164.963058	0.570833333333333
164.9790933	0.570833333333333
164.9960268	0.570833333333333
165.012409	0.570833333333333
165.0298128	0.570833333333333
165.0459878	0.570833333333333
165.0631028	0.570833333333333
165.079209	0.570833333333333
165.0963269	0.570833333333333
165.1130469	0.570833333333333
165.1297275	0.570833333333333
165.1464985	0.570833333333333
165.1632401	0.570833333333333
165.1795518	0.570833333333333
165.1964314	0.570833333333333
165.21279	0.570833333333333
165.2293217	0.570833333333333
165.2463215	0.570833333333333
165.2632465	0.570833333333333
165.2797319	0.570833333333333
165.296313	0.570833333333333
165.3132637	0.570833333333333
165.3297383	0.570833333333333
165.346134	0.570833333333333
165.3628538	0.570833333333333
165.3797437	0.570833333333333
165.3961965	0.570833333333333
165.4129096	0.570833333333333
165.4291005	0.570833333333333
165.4464517	0.570833333333333
165.4632951	0.570833333333333
165.4791902	0.570833333333333
165.496667	0.570833333333333
165.5127208	0.570833333333333
165.5295207	0.570833333333333
165.5461174	0.570833333333333
165.56308	0.570833333333333
165.5796981	0.570833333333333
165.5968371	0.570833333333333
165.6132086	0.570833333333333
165.6297095	0.570833333333333
165.6464171	0.570833333333333
165.6631069	0.570833333333333
165.6795401	0.570833333333333
165.6961551	0.570833333333333
165.7130562	0.570833333333333
165.7297593	0.570833333333333
165.7463416	0.570833333333333
165.76302	0.570833333333333
165.7797022	0.570833333333333
165.7960979	0.570833333333333
165.8129875	0.570833333333333
165.8296733	0.570833333333333
165.8461932	0.570833333333333
165.8627839	0.570833333333333
165.8798198	0.570833333333333
165.8958807	0.570833333333333
165.9129093	0.570833333333333
165.9297657	0.570833333333333
165.9458556	0.570833333333333
165.9632165	0.570833333333333
165.9790728	0.570833333333333
165.9958827	0.570833333333333
166.013061	0.570833333333333
166.0294267	0.570833333333333
166.0462687	0.570833333333333
166.0631531	0.570833333333333
166.0794164	0.570833333333333
166.0962777	0.570833333333333
166.1125605	0.570833333333333
166.1294618	0.570833333333333
166.1464133	0.570833333333333
166.1629894	0.570833333333333
166.1795345	0.570833333333333
166.1962568	0.570833333333333
166.2130881	0.570833333333333
166.2294026	0.570833333333333
166.2465776	0.570833333333333
166.2630556	0.570833333333333
166.279664	0.570833333333333
166.2960496	0.570833333333333
166.3127779	0.570833333333333
166.329618	0.570833333333333
166.3462757	0.570833333333333
166.363009	0.570833333333333
166.3790564	0.570833333333333
166.3966345	0.570833333333333
166.4130119	0.570833333333333
166.4294486	0.570833333333333
166.4463109	0.570833333333333
166.4631497	0.570833333333333
166.4796567	0.570833333333333
166.4962328	0.570833333333333
166.5129999	0.570833333333333
166.5293275	0.570833333333333
166.5463486	0.570833333333333
166.5629788	0.570833333333333
166.5793052	0.570833333333333
166.596135	0.570833333333333
166.6130863	0.570833333333333
166.6298363	0.570833333333333
166.6467175	0.570833333333333
166.6631155	0.570833333333333
166.6795109	0.570833333333333
166.6965382	0.570833333333333
166.7129871	0.570833333333333
166.7295357	0.570833333333333
166.7463054	0.570833333333333
166.7627347	0.570833333333333
166.7792079	0.570833333333333
166.7960693	0.570833333333333
166.8130795	0.570833333333333
166.8295512	0.570833333333333
166.8460715	0.570833333333333
166.8630157	0.570833333333333
166.8794841	0.570833333333333
166.8963442	0.570833333333333
166.9130375	0.570833333333333
166.9295618	0.570833333333333
166.9464147	0.570833333333333
166.962987	0.570833333333333
166.9798151	0.570833333333333
166.9964828	0.570833333333333
167.012559	0.570833333333333
167.0296799	0.570833333333333
167.0460265	0.570833333333333
167.0627839	0.570833333333333
167.079651	0.570833333333333
167.0966148	0.570833333333333
167.1128651	0.570833333333333
167.1296407	0.570833333333333
167.1465029	0.570833333333333
167.1629555	0.570833333333333
167.1793125	0.570833333333333
167.1961782	0.570833333333333
167.2128577	0.570833333333333
167.2295364	0.570833333333333
167.2459937	0.570833333333333
167.2624117	0.570833333333333
167.2793939	0.570833333333333
167.2960536	0.570833333333333
167.3128446	0.570833333333333
167.329698	0.570833333333333
167.3463017	0.570833333333333
167.3629002	0.570833333333333
167.3795086	0.570833333333333
167.3960028	0.570833333333333
167.4129649	0.570833333333333
167.4289712	0.570833333333333
167.4459235	0.570833333333333
167.4628894	0.570833333333333
167.4790216	0.570833333333333
167.4964438	0.570833333333333
167.5129419	0.570833333333333
167.5296862	0.570833333333333
167.5463692	0.570833333333333
167.5631469	0.570833333333333
167.5794885	0.570833333333333
167.5961345	0.570833333333333
167.6129279	0.570833333333333
167.629115	0.570833333333333
167.646138	0.570833333333333
167.6626542	0.570833333333333
167.6796304	0.570833333333333
167.6961622	0.570833333333333
167.7129738	0.570833333333333
167.7295925	0.570833333333333
167.7463387	0.570833333333333
167.7629628	0.570833333333333
167.7796787	0.570833333333333
167.7958763	0.570833333333333
167.8126137	0.570833333333333
167.8294121	0.570833333333333
167.8461276	0.570833333333333
167.8628114	0.570833333333333
167.8790526	0.570833333333333
167.8962129	0.570833333333333
167.9130817	0.570833333333333
167.9295468	0.570833333333333
167.9458822	0.570833333333333
167.9630277	0.570833333333333
167.9794881	0.570833333333333
167.9963684	0.570833333333333
168.012976	0.570833333333333
168.0298038	0.570833333333333
168.0461755	0.570833333333333
168.0630242	0.570833333333333
168.0796448	0.570833333333333
168.0964503	0.570833333333333
168.112473	0.570833333333333
168.129636	0.570833333333333
168.1463127	0.570833333333333
168.1627703	0.570833333333333
168.1794905	0.570833333333333
168.1960597	0.570833333333333
168.2127989	0.570833333333333
168.2290915	0.570833333333333
168.2457058	0.570833333333333
168.263025	0.570833333333333
168.2795689	0.570833333333333
168.2960494	0.570833333333333
168.313089	0.570833333333333
168.329413	0.570833333333333
168.3457173	0.570833333333333
168.3628569	0.570833333333333
168.3796077	0.570833333333333
168.3962588	0.570833333333333
168.4131265	0.570833333333333
168.4296024	0.570833333333333
168.4460566	0.570833333333333
168.4634	0.570833333333333
168.4796604	0.570833333333333
168.4963778	0.570833333333333
168.5127906	0.570833333333333
168.5297239	0.570833333333333
168.5459448	0.570833333333333
168.562579	0.570833333333333
168.5792641	0.570833333333333
168.5961783	0.570833333333333
168.6129336	0.570833333333333
168.6294285	0.570833333333333
168.6460245	0.570833333333333
168.6629948	0.570833333333333
168.6796253	0.570833333333333
168.6963019	0.570833333333333
168.7132592	0.570833333333333
168.7295113	0.570833333333333
168.7461619	0.570833333333333
168.7629676	0.570833333333333
168.779437	0.570833333333333
168.7963351	0.570833333333333
168.8129284	0.570833333333333
168.829569	0.570833333333333
168.8462113	0.570833333333333
168.8625352	0.570833333333333
168.8798352	0.570833333333333
168.8958754	0.570833333333333
168.9128844	0.570833333333333
168.929422	0.570833333333333
168.9464236	0.570833333333333
168.9632861	0.570833333333333
168.979508	0.570833333333333
168.9961702	0.570833333333333
169.0125391	0.570833333333333
169.0289757	0.570833333333333
169.0458079	0.570833333333333
169.0625041	0.570833333333333
169.0794978	0.570833333333333
169.0959253	0.570833333333333
169.1127381	0.570833333333333
169.1295194	0.570833333333333
169.1464628	0.570833333333333
169.1628772	0.570833333333333
169.1795055	0.570833333333333
169.1962188	0.570833333333333
169.2125684	0.570833333333333
169.2295537	0.570833333333333
169.2460706	0.570833333333333
169.2629222	0.570833333333333
169.2791903	0.570833333333333
169.2959645	0.570833333333333
169.3127067	0.570833333333333
169.3289967	0.570833333333333
169.3461064	0.570833333333333
169.3627919	0.570833333333333
169.3792368	0.570833333333333
169.3960747	0.570833333333333
169.4130641	0.570833333333333
169.4294584	0.570833333333333
169.4463737	0.570833333333333
169.4627968	0.570833333333333
169.4791545	0.570833333333333
169.4960464	0.570833333333333
169.5129548	0.570833333333333
169.5293741	0.570833333333333
169.5460724	0.570833333333333
169.5627336	0.570833333333333
169.5795063	0.570833333333333
169.5960112	0.570833333333333
169.6129688	0.570833333333333
169.6296697	0.570833333333333
169.6461215	0.570833333333333
169.6623983	0.570833333333333
169.6791336	0.570833333333333
169.6958396	0.570833333333333
169.7129077	0.570833333333333
169.7295187	0.570833333333333
169.7459307	0.570833333333333
169.7630378	0.570833333333333
169.7795168	0.570833333333333
169.7960619	0.570833333333333
169.8126618	0.570833333333333
169.829546	0.570833333333333
169.8461884	0.570833333333333
169.8630789	0.570833333333333
169.8793697	0.570833333333333
169.8958427	0.570833333333333
169.9126931	0.570833333333333
169.9292109	0.570833333333333
169.9460901	0.570833333333333
169.9629425	0.570833333333333
169.9794753	0.570833333333333
169.9957604	0.570833333333333
170.012987	0.570833333333333
170.0294408	0.570833333333333
170.0462503	0.570833333333333
170.0630917	0.570833333333333
170.0796927	0.570833333333333
170.0961783	0.570833333333333
170.1125053	0.570833333333333
170.1299288	0.570833333333333
170.1459542	0.570833333333333
170.1625386	0.570833333333333
170.1795452	0.570833333333333
170.1961926	0.570833333333333
170.2126455	0.570833333333333
170.2295303	0.570833333333333
170.2460898	0.570833333333333
170.2628	0.570833333333333
170.2791684	0.570833333333333
170.2960782	0.570833333333333
170.3128938	0.570833333333333
170.3298678	0.570833333333333
170.3462666	0.570833333333333
170.3626838	0.570833333333333
170.3796125	0.570833333333333
170.3959263	0.570833333333333
170.412951	0.570833333333333
170.4293797	0.570833333333333
170.4457773	0.570833333333333
170.4626841	0.570833333333333
170.4794981	0.570833333333333
170.4958956	0.570833333333333
170.5127247	0.570833333333333
170.529416	0.570833333333333
170.5462072	0.570833333333333
170.5628128	0.570833333333333
170.5794939	0.570833333333333
170.5962514	0.570833333333333
170.6127649	0.570833333333333
170.6296523	0.570833333333333
170.646488	0.570833333333333
170.6624919	0.570833333333333
170.6794862	0.570833333333333
170.6961677	0.570833333333333
170.7130509	0.570833333333333
170.7298167	0.570833333333333
170.7459665	0.570833333333333
170.7628928	0.570833333333333
170.7799735	0.570833333333333
170.7959376	0.570833333333333
170.8127335	0.570833333333333
170.829461	0.570833333333333
170.84619	0.570833333333333
170.8625196	0.570833333333333
170.8793383	0.570833333333333
170.8956914	0.570833333333333
170.912503	0.570833333333333
170.928815	0.570833333333333
170.9453622	0.570833333333333
170.962838	0.570833333333333
170.9793828	0.570833333333333
170.9959627	0.570833333333333
171.0124854	0.570833333333333
171.0293251	0.570833333333333
171.0459339	0.570833333333333
171.0624711	0.570833333333333
171.0789061	0.570833333333333
171.0957706	0.570833333333333
171.112793	0.570833333333333
171.1290671	0.570833333333333
171.1457026	0.570833333333333
171.1626692	0.570833333333333
171.1792824	0.570833333333333
171.1959068	0.570833333333333
171.2125054	0.570833333333333
171.2294866	0.570833333333333
171.2463083	0.570833333333333
171.2627612	0.570833333333333
171.279709	0.570833333333333
171.2961252	0.570833333333333
171.3127885	0.570833333333333
171.3294829	0.570833333333333
171.3461096	0.570833333333333
171.3627816	0.570833333333333
171.3794585	0.570833333333333
171.3962256	0.570833333333333
171.4127233	0.570833333333333
171.4294343	0.570833333333333
171.445793	0.570833333333333
171.4628099	0.570833333333333
171.4794154	0.570833333333333
171.495519	0.570833333333333
171.5126055	0.570833333333333
171.5291642	0.570833333333333
171.5455738	0.570833333333333
171.5621813	0.570833333333333
171.5831224	0.570833333333333
171.5955229	0.570833333333333
171.6126151	0.570833333333333
171.6294985	0.570833333333333
171.6461167	0.570833333333333
171.6629742	0.570833333333333
171.6794431	0.570833333333333
171.6960352	0.570833333333333
171.712765	0.570833333333333
171.7294952	0.570833333333333
171.7460854	0.570833333333333
171.7626984	0.570833333333333
171.779119	0.570833333333333
171.7957305	0.570833333333333
171.8124543	0.570833333333333
171.8294713	0.570833333333333
171.8461469	0.570833333333333
171.8626782	0.570833333333333
171.8794473	0.570833333333333
171.8959934	0.570833333333333
171.9127247	0.570833333333333
171.9291665	0.570833333333333
171.9458276	0.570833333333333
171.9625091	0.570833333333333
171.9792279	0.570833333333333
171.995833	0.570833333333333
172.0127908	0.570833333333333
172.0292893	0.570833333333333
172.0457135	0.570833333333333
172.0627224	0.570833333333333
172.0796337	0.570833333333333
172.0960473	0.570833333333333
172.1130359	0.570833333333333
172.1295108	0.570833333333333
172.1460312	0.570833333333333
172.1627863	0.570833333333333
172.179318	0.570833333333333
172.1959583	0.570833333333333
172.2127546	0.570833333333333
172.229529	0.570833333333333
172.2459123	0.570833333333333
172.2627883	0.570833333333333
172.2791487	0.570833333333333
172.2959071	0.570833333333333
172.3127694	0.570833333333333
172.3294726	0.570833333333333
172.3457545	0.570833333333333
172.3630494	0.570833333333333
172.3795029	0.570833333333333
172.3961232	0.570833333333333
172.4129905	0.570833333333333
172.4299205	0.570833333333333
172.4458998	0.570833333333333
172.4625705	0.570833333333333
172.4795876	0.570833333333333
172.4961786	0.570833333333333
172.5128229	0.570833333333333
172.5292424	0.570833333333333
172.5460402	0.570833333333333
172.5627975	0.570833333333333
172.5794806	0.570833333333333
172.5960031	0.570833333333333
172.6127671	0.570833333333333
172.6297864	0.570833333333333
172.6464438	0.570833333333333
172.6631378	0.570833333333333
172.6796219	0.570833333333333
172.69589	0.570833333333333
172.7124713	0.570833333333333
172.7291194	0.570833333333333
172.7458853	0.570833333333333
172.7628206	0.570833333333333
172.7794207	0.570833333333333
172.7961221	0.570833333333333
172.8127885	0.570833333333333
172.8293894	0.570833333333333
172.8457045	0.570833333333333
172.8625268	0.570833333333333
172.8793291	0.570833333333333
172.8961953	0.570833333333333
172.9129322	0.570833333333333
172.9293251	0.570833333333333
172.9459988	0.570833333333333
172.9627927	0.570833333333333
172.9793208	0.570833333333333
172.9956473	0.570833333333333
173.0127485	0.570833333333333
173.0294845	0.570833333333333
173.0461663	0.570833333333333
173.0625727	0.570833333333333
173.0797829	0.570833333333333
173.0959073	0.570833333333333
173.1129311	0.570833333333333
173.1296732	0.570833333333333
173.1460463	0.570833333333333
173.1627612	0.570833333333333
173.1839937	0.570833333333333
173.196063	0.570833333333333
173.2133218	0.570833333333333
173.2292776	0.570833333333333
173.2461563	0.570833333333333
173.2621911	0.570833333333333
173.2794466	0.570833333333333
173.2956448	0.570833333333333
173.3125796	0.570833333333333
173.3293898	0.570833333333333
173.3458878	0.570833333333333
173.3627144	0.570833333333333
173.379486	0.570833333333333
173.3961039	0.570833333333333
173.4124854	0.570833333333333
173.429442	0.570833333333333
173.4456115	0.570833333333333
173.4626974	0.570833333333333
173.4792276	0.570833333333333
173.4959752	0.570833333333333
173.5126562	0.570833333333333
173.5294167	0.570833333333333
173.546437	0.570833333333333
173.5626896	0.570833333333333
173.5790392	0.570833333333333
173.596261	0.570833333333333
173.6129005	0.570833333333333
173.6294774	0.570833333333333
173.645697	0.570833333333333
173.6626864	0.570833333333333
173.6791797	0.570833333333333
173.6959736	0.570833333333333
173.7127116	0.570833333333333
173.7289548	0.570833333333333
173.7460554	0.570833333333333
173.7627624	0.570833333333333
173.779485	0.570833333333333
173.7959732	0.570833333333333
173.8129636	0.570833333333333
173.8294572	0.570833333333333
173.8459653	0.570833333333333
173.8624932	0.570833333333333
173.8793707	0.570833333333333
173.8960714	0.570833333333333
173.9127332	0.570833333333333
173.9293432	0.570833333333333
173.9459541	0.570833333333333
173.9625081	0.570833333333333
173.9795398	0.570833333333333
173.9958106	0.570833333333333
174.0128811	0.570833333333333
174.0291988	0.570833333333333
174.045997	0.570833333333333
174.0629006	0.570833333333333
174.0792019	0.570833333333333
174.095796	0.570833333333333
174.1126209	0.570833333333333
174.1292306	0.570833333333333
174.1458255	0.570833333333333
174.1631979	0.570833333333333
174.1792489	0.570833333333333
174.1960251	0.570833333333333
174.2128258	0.570833333333333
174.2292995	0.570833333333333
174.245844	0.570833333333333
174.262404	0.570833333333333
174.2793099	0.570833333333333
174.295709	0.570833333333333
174.3123282	0.570833333333333
174.3293098	0.570833333333333
174.3459651	0.570833333333333
174.362595	0.570833333333333
174.3797475	0.570833333333333
174.3960054	0.570833333333333
174.41262	0.570833333333333
174.4289777	0.570833333333333
174.4454216	0.570833333333333
174.4630349	0.570833333333333
174.4793985	0.570833333333333
174.4957804	0.570833333333333
174.5125141	0.570833333333333
174.5294009	0.570833333333333
174.5458221	0.570833333333333
174.5624993	0.570833333333333
174.5789855	0.570833333333333
174.5956604	0.570833333333333
174.6126316	0.570833333333333
174.6296322	0.570833333333333
174.6459531	0.570833333333333
174.6621942	0.570833333333333
174.6791806	0.570833333333333
174.6955082	0.570833333333333
174.7126386	0.570833333333333
174.7293567	0.570833333333333
174.7460667	0.570833333333333
174.7621636	0.570833333333333
174.7794552	0.570833333333333
174.795762	0.570833333333333
174.8122876	0.570833333333333
174.8294116	0.570833333333333
174.8459158	0.570833333333333
174.8621703	0.570833333333333
174.8790556	0.570833333333333
174.896083	0.570833333333333
174.9121371	0.570833333333333
174.9297171	0.570833333333333
174.945963	0.570833333333333
174.9622631	0.570833333333333
174.9793861	0.570833333333333
174.9960478	0.570833333333333
175.0123046	0.570833333333333
175.0290065	0.570833333333333
175.0459066	0.570833333333333
175.06244	0.570833333333333
175.0794619	0.570833333333333
175.0957399	0.570833333333333
175.1121273	0.570833333333333
175.1291187	0.570833333333333
175.1460023	0.570833333333333
175.1624854	0.570833333333333
175.1791815	0.570833333333333
175.1959376	0.570833333333333
175.2123368	0.570833333333333
175.2290162	0.570833333333333
175.2461751	0.570833333333333
175.2626774	0.570833333333333
175.2793695	0.570833333333333
175.2961901	0.570833333333333
175.3125145	0.570833333333333
175.3293257	0.570833333333333
175.346115	0.570833333333333
175.3625967	0.570833333333333
175.3794386	0.570833333333333
175.3959713	0.570833333333333
175.4126914	0.570833333333333
175.4291361	0.570833333333333
175.4459724	0.570833333333333
175.4620743	0.570833333333333
175.4793206	0.570833333333333
175.4959054	0.570833333333333
175.5124718	0.570833333333333
175.5293476	0.570833333333333
175.5460145	0.570833333333333
175.5619717	0.570833333333333
175.5793244	0.570833333333333
175.5959113	0.570833333333333
175.6126362	0.570833333333333
175.6292724	0.570833333333333
175.6458928	0.570833333333333
175.6621447	0.570833333333333
175.6789048	0.570833333333333
175.6957068	0.570833333333333
175.7126035	0.570833333333333
175.7292934	0.570833333333333
175.7459243	0.570833333333333
175.7623278	0.570833333333333
175.7791541	0.570833333333333
175.795783	0.570833333333333
175.8122282	0.570833333333333
175.8289541	0.570833333333333
175.8458204	0.570833333333333
175.8624667	0.570833333333333
175.8790625	0.570833333333333
175.8960483	0.570833333333333
175.9124432	0.570833333333333
175.9298216	0.570833333333333
175.9467492	0.570833333333333
175.9639967	0.570833333333333
175.9792835	0.570833333333333
175.9958528	0.570833333333333
176.0126347	0.570833333333333
176.0290267	0.570833333333333
176.0457121	0.570833333333333
176.0622683	0.570833333333333
176.0794095	0.570833333333333
176.0959171	0.570833333333333
176.1123185	0.570833333333333
176.1291995	0.570833333333333
176.1458047	0.570833333333333
176.1625866	0.570833333333333
176.1793325	0.570833333333333
176.1962223	0.570833333333333
176.2124662	0.570833333333333
176.2293725	0.570833333333333
176.2457012	0.570833333333333
176.2623546	0.570833333333333
176.2786467	0.570833333333333
176.2955769	0.570833333333333
176.3121771	0.570833333333333
176.3290448	0.570833333333333
176.3455002	0.570833333333333
176.362808	0.570833333333333
176.3792431	0.570833333333333
176.3956542	0.570833333333333
176.4124408	0.570833333333333
176.4290654	0.570833333333333
176.446024	0.570833333333333
176.4624485	0.570833333333333
176.4793304	0.570833333333333
176.4959123	0.570833333333333
176.5122284	0.570833333333333
176.5292822	0.570833333333333
176.5458417	0.570833333333333
176.5621457	0.570833333333333
176.5791947	0.570833333333333
176.5961052	0.570833333333333
176.612464	0.570833333333333
176.6292074	0.570833333333333
176.6458267	0.570833333333333
176.6625391	0.570833333333333
176.6793543	0.570833333333333
176.6959695	0.570833333333333
176.7124608	0.570833333333333
176.7291087	0.570833333333333
176.7458282	0.570833333333333
176.7624465	0.570833333333333
176.7792355	0.570833333333333
176.7957398	0.570833333333333
176.8129228	0.570833333333333
176.8290204	0.570833333333333
176.8459276	0.570833333333333
176.8620532	0.570833333333333
176.8792241	0.570833333333333
176.8959369	0.570833333333333
176.9125259	0.570833333333333
176.9293109	0.570833333333333
176.9459372	0.570833333333333
176.9623159	0.570833333333333
176.9786449	0.570833333333333
176.9956876	0.570833333333333
177.012203	0.570833333333333
177.0302869	0.570833333333333
177.0459456	0.570833333333333
177.0620174	0.570833333333333
177.0794177	0.570833333333333
177.0959239	0.570833333333333
177.1124509	0.570833333333333
177.1293476	0.570833333333333
177.1460188	0.570833333333333
177.162186	0.570833333333333
177.179174	0.570833333333333
177.1960883	0.570833333333333
177.2122372	0.570833333333333
177.2294727	0.570833333333333
177.2474241	0.570833333333333
177.2620621	0.570833333333333
177.2792525	0.570833333333333
177.2956439	0.570833333333333
177.3124362	0.570833333333333
177.3292348	0.570833333333333
177.345882	0.570833333333333
177.3621534	0.570833333333333
177.379183	0.570833333333333
177.3955656	0.570833333333333
177.4126659	0.570833333333333
177.4291238	0.570833333333333
177.4457422	0.570833333333333
177.4623582	0.570833333333333
177.4789373	0.570833333333333
177.4957642	0.570833333333333
177.512322	0.570833333333333
177.5293394	0.570833333333333
177.5455387	0.570833333333333
177.5624127	0.570833333333333
177.5792638	0.570833333333333
177.595746	0.570833333333333
177.6123734	0.570833333333333
177.6295936	0.570833333333333
177.6459116	0.570833333333333
177.6624495	0.570833333333333
177.6797698	0.570833333333333
177.6958246	0.570833333333333
177.7124704	0.570833333333333
177.729532	0.570833333333333
177.7461014	0.570833333333333
177.7625039	0.570833333333333
177.7791885	0.570833333333333
177.7954098	0.570833333333333
177.8121738	0.570833333333333
177.8292587	0.570833333333333
177.8458953	0.570833333333333
177.8621996	0.570833333333333
177.8791646	0.570833333333333
177.8958619	0.570833333333333
177.9124576	0.570833333333333
177.9293801	0.570833333333333
177.9459235	0.570833333333333
177.9620108	0.570833333333333
177.979106	0.570833333333333
177.9957862	0.570833333333333
178.0127569	0.570833333333333
178.0289155	0.570833333333333
178.0459179	0.570833333333333
178.06252	0.570833333333333
178.0793481	0.570833333333333
178.0954992	0.570833333333333
178.1126615	0.578125
178.1292194	0.578125
178.1461832	0.578125
178.162586	0.578125
178.1791662	0.578125
178.1957638	0.578125
178.2126827	0.578125
178.2289472	0.578125
178.2458393	0.578125
178.2622373	0.578125
178.2792608	0.578125
178.2958089	0.578125
178.3125422	0.578125
178.3294138	0.578125
178.3457803	0.578125
178.3625989	0.578125
178.3792195	0.578125
178.3956072	0.578125
178.4124229	0.578125
178.4289999	0.578125
178.4456911	0.578125
178.4636777	0.578125
178.4792046	0.578125
178.4960261	0.578125
178.5124715	0.578125
178.5289258	0.578125
178.5457531	0.578125
178.5624601	0.578125
178.5792389	0.578125
178.5956614	0.578125
178.6127951	0.578125
178.6291994	0.578125
178.645666	0.578125
178.662261	0.578125
178.6786766	0.578125
178.6954037	0.578125
178.7121106	0.578125
178.7291431	0.578125
178.7457547	0.578125
178.7625102	0.578125
178.7792982	0.578125
178.7954102	0.578125
178.8126565	0.578125
178.8291873	0.578125
178.8457377	0.578125
178.8624545	0.578125
178.8789456	0.578125
178.8959437	0.578125
178.9125225	0.578125
178.9292676	0.578125
178.9455922	0.578125
178.9621263	0.578125
178.9791293	0.578125
178.9954265	0.578125
179.0121513	0.578125
179.0291423	0.578125
179.0457678	0.578125
179.0620849	0.578125
179.0789221	0.578125
179.095701	0.578125
179.112858	0.578125
179.1291557	0.578125
179.1457293	0.578125
179.1624861	0.578125
179.1793481	0.578125
179.1956643	0.578125
179.2123085	0.578125
179.2294453	0.578125
179.2457248	0.578125
179.2618606	0.578125
179.2792361	0.578125
179.2953584	0.578125
179.312044	0.578125
179.3291417	0.578125
179.3456832	0.578125
179.362625	0.578125
179.3793122	0.578125
179.3957636	0.578125
179.4124753	0.578125
179.4292046	0.578125
179.4455909	0.578125
179.4622668	0.578125
179.478815	0.578125
179.49568	0.578125
179.512429	0.578125
179.5293816	0.578125
179.5454164	0.578125
179.5621509	0.578125
179.5793227	0.578125
179.5954677	0.578125
179.6123013	0.578125
179.6291638	0.578125
179.6456932	0.578125
179.6625208	0.578125
179.6793436	0.578125
179.6956754	0.578125
179.712299	0.578125
179.7293672	0.578125
179.7457324	0.578125
179.7625041	0.578125
179.7786696	0.578125
179.7954462	0.578125
179.8123669	0.578125
179.8288659	0.578125
179.8453657	0.578125
179.8624547	0.578125
179.8795265	0.578125
179.895473	0.578125
179.912377	0.578125
179.9291738	0.578125
179.9454439	0.578125
179.9626814	0.578125
179.9790869	0.578125
179.9958835	0.578125
180.0124756	0.578125
180.0287966	0.578125
180.0455671	0.578125
180.0618754	0.578125
180.0794433	0.578125
180.0957775	0.578125
180.1124803	0.578125
180.1289756	0.578125
180.1455996	0.578125
180.1625041	0.578125
180.178906	0.578125
180.1955023	0.578125
180.2121584	0.578125
180.2291925	0.578125
180.2457651	0.578125
180.2626353	0.578125
180.2790762	0.578125
180.2956191	0.578125
180.3121212	0.578125
180.3286486	0.578125
180.3457983	0.578125
180.361839	0.578125
180.3786745	0.578125
180.3956079	0.578125
180.4122947	0.578125
180.4292168	0.578125
180.4461784	0.578125
180.4621687	0.578125
180.4798238	0.578125
180.4957176	0.578125
180.5124503	0.578125
180.5289827	0.578125
180.5455335	0.578125
180.5620849	0.578125
180.5789657	0.578125
180.5954367	0.578125
180.6124548	0.578125
180.6293776	0.578125
180.6456323	0.578125
180.6627424	0.578125
180.6788601	0.578125
180.6957272	0.578125
180.7123251	0.578125
180.7290869	0.578125
180.7459643	0.578125
180.7622803	0.578125
180.7791912	0.578125
180.7957084	0.578125
180.8123861	0.578125
180.8291425	0.578125
180.8455694	0.578125
180.8624152	0.578125
180.8788365	0.578125
180.8957691	0.578125
180.9122428	0.578125
180.9293132	0.578125
180.9456206	0.578125
180.9626269	0.578125
180.9785261	0.578125
180.9955314	0.578125
181.0124808	0.578125
181.0286725	0.578125
181.0457051	0.578125
181.0624261	0.578125
181.0791552	0.578125
181.0955777	0.578125
181.1121198	0.578125
181.1285932	0.578125
181.1458972	0.578125
181.1622443	0.578125
181.1790712	0.578125
181.1957637	0.578125
181.2125056	0.578125
181.229139	0.578125
181.2455006	0.578125
181.2620229	0.578125
181.2791821	0.578125
181.295763	0.578125
181.3120555	0.578125
181.3290632	0.578125
181.3458392	0.578125
181.3627813	0.578125
181.3789397	0.578125
181.3956176	0.578125
181.4127883	0.578125
181.4289903	0.578125
181.4457438	0.578125
181.4623792	0.578125
181.4791315	0.578125
181.4955652	0.578125
181.5122469	0.578125
181.5290889	0.578125
181.5451072	0.578125
181.5624503	0.578125
181.5786831	0.578125
181.595874	0.578125
181.6125546	0.578125
181.6296878	0.578125
181.6452943	0.578125
181.6626261	0.578125
181.6788835	0.578125
181.6955935	0.578125
181.7122185	0.578125
181.7290424	0.578125
181.7454545	0.578125
181.762334	0.578125
181.7787162	0.578125
181.7959029	0.578125
181.8123707	0.578125
181.8293309	0.578125
181.8454685	0.578125
181.8625616	0.578125
181.879098	0.578125
181.8956432	0.578125
181.9126185	0.578125
181.9285996	0.578125
181.9455275	0.578125
181.9620575	0.578125
181.9787716	0.578125
181.995607	0.578125
182.0125512	0.578125
182.028831	0.578125
182.0453652	0.578125
182.0624597	0.578125
182.078864	0.578125
182.0954819	0.578125
182.1124167	0.578125
182.1291226	0.578125
182.1458993	0.578125
182.1624406	0.578125
182.1791725	0.578125
182.1954756	0.578125
182.2124541	0.578125
182.2291852	0.578125
182.2454735	0.578125
182.2620326	0.578125
182.2791899	0.578125
182.2956374	0.578125
182.3120695	0.578125
182.3292298	0.578125
182.3458678	0.578125
182.362134	0.578125
182.3786758	0.578125
182.3955544	0.578125
182.4120668	0.578125
182.4291843	0.578125
182.4456722	0.578125
182.4624656	0.578125
182.4793343	0.578125
182.4949515	0.578125
182.5120197	0.578125
182.5288638	0.578125
182.5456953	0.578125
182.5624318	0.578125
182.5786916	0.578125
182.595412	0.578125
182.6123423	0.578125
182.6291553	0.578125
182.6455737	0.578125
182.6624273	0.578125
182.6791971	0.578125
182.6954308	0.578125
182.7124124	0.578125
182.728674	0.578125
182.7455083	0.578125
182.7623945	0.578125
182.7789781	0.578125
182.7957901	0.578125
182.8121098	0.578125
182.8290981	0.578125
182.8455139	0.578125
182.8622573	0.578125
182.8794348	0.578125
182.8954944	0.578125
182.9118033	0.578125
182.929418	0.578125
182.9457227	0.578125
182.9621865	0.578125
182.9791116	0.578125
182.9955871	0.578125
183.0124909	0.578125
183.0287281	0.578125
183.045449	0.578125
183.0623592	0.578125
183.0788142	0.578125
183.0956946	0.560416666666667
183.1122202	0.552083333333333
183.1287653	0.552083333333333
183.1452873	0.552083333333333
183.1624987	0.552083333333333
183.1787499	0.552083333333333
183.1953535	0.552083333333333
183.2118824	0.552083333333333
183.2289035	0.552083333333333
183.2455401	0.552083333333333
183.2622052	0.552083333333333
183.2787801	0.552083333333333
183.2955063	0.552083333333333
183.3126274	0.552083333333333
183.3291159	0.552083333333333
183.3457407	0.552083333333333
183.3626906	0.552083333333333
183.3789102	0.552083333333333
183.395526	0.552083333333333
183.4125242	0.552083333333333
183.4290754	0.552083333333333
183.445521	0.552083333333333
183.4619951	0.552083333333333
183.4785452	0.552083333333333
183.4954885	0.552083333333333
183.5120278	0.552083333333333
183.529368	0.552083333333333
183.5456425	0.552083333333333
183.5624516	0.552083333333333
183.5793747	0.552083333333333
183.595679	0.552083333333333
183.6123461	0.552083333333333
183.6289878	0.552083333333333
183.6454793	0.552083333333333
183.6620344	0.552083333333333
183.6789163	0.552083333333333
183.6954705	0.552083333333333
183.7126422	0.552083333333333
183.7290023	0.552083333333333
183.745463	0.552083333333333
183.7620845	0.552083333333333
183.7789571	0.552083333333333
183.7956444	0.552083333333333
183.8123997	0.552083333333333
183.8290345	0.552083333333333
183.8454085	0.552083333333333
183.862068	0.552083333333333
183.8790382	0.552083333333333
183.8951876	0.552083333333333
183.9123837	0.552083333333333
183.9284599	0.552083333333333
183.9455892	0.552083333333333
183.9623867	0.552083333333333
183.9787359	0.552083333333333
183.9952505	0.552083333333333
184.0120485	0.552083333333333
184.029073	0.552083333333333
184.0452038	0.552083333333333
184.0623066	0.552083333333333
184.0791441	0.552083333333333
184.0953638	0.552083333333333
184.1123253	0.552083333333333
184.1294591	0.552083333333333
184.1457845	0.552083333333333
184.1624066	0.552083333333333
184.1791884	0.552083333333333
184.1951894	0.552083333333333
184.2124607	0.552083333333333
184.2292749	0.552083333333333
184.2452179	0.552083333333333
184.2622722	0.552083333333333
184.2793148	0.552083333333333
184.2952517	0.552083333333333
184.3128916	0.552083333333333
184.3293458	0.552083333333333
184.3455295	0.552083333333333
184.3623939	0.552083333333333
184.3792374	0.552083333333333
184.3951971	0.552083333333333
184.4121118	0.552083333333333
184.4288145	0.552083333333333
184.4454743	0.552083333333333
184.4623379	0.552083333333333
184.4786345	0.552083333333333
184.4951867	0.552083333333333
184.5127155	0.552083333333333
184.5287766	0.552083333333333
184.5455891	0.552083333333333
184.5619181	0.552083333333333
184.5788646	0.552083333333333
184.5953733	0.552083333333333
184.6123617	0.552083333333333
184.6290674	0.552083333333333
184.6453035	0.552083333333333
184.6621386	0.552083333333333
184.6790649	0.552083333333333
184.695073	0.552083333333333
184.7125184	0.552083333333333
184.7289258	0.552083333333333
184.7454763	0.552083333333333
184.7620318	0.552083333333333
184.7788773	0.552083333333333
184.7955234	0.552083333333333
184.8123106	0.552083333333333
184.8288367	0.552083333333333
184.8452788	0.552083333333333
184.8622867	0.552083333333333
184.8790758	0.552083333333333
184.8953761	0.552083333333333
184.9118152	0.552083333333333
184.9283835	0.552083333333333
184.9451043	0.552083333333333
184.9620063	0.552083333333333
184.9790327	0.552083333333333
184.9953639	0.552083333333333
185.0118926	0.552083333333333
185.0289362	0.552083333333333
185.0454308	0.552083333333333
185.0623996	0.552083333333333
185.0790062	0.552083333333333
185.095528	0.552083333333333
185.1121141	0.552083333333333
185.1288357	0.552083333333333
185.1452014	0.552083333333333
185.1622577	0.552083333333333
185.1785517	0.552083333333333
185.1952454	0.552083333333333
185.2121965	0.552083333333333
185.2285499	0.552083333333333
185.2451762	0.552083333333333
185.2622109	0.552083333333333
185.2791302	0.552083333333333
185.2953112	0.552083333333333
185.3124525	0.552083333333333
185.3286325	0.552083333333333
185.3452248	0.552083333333333
185.3622259	0.552083333333333
185.3787086	0.552083333333333
185.3950733	0.552083333333333
185.4119645	0.552083333333333
185.4285963	0.552083333333333
185.4451676	0.552083333333333
185.4623618	0.552083333333333
185.4789691	0.552083333333333
185.4955579	0.552083333333333
185.5125057	0.552083333333333
185.5291163	0.552083333333333
185.5453256	0.552083333333333
185.5622693	0.552083333333333
185.5788363	0.552083333333333
185.5951702	0.552083333333333
185.6124967	0.552083333333333
185.6289562	0.552083333333333
185.6452454	0.552083333333333
185.6622647	0.552083333333333
185.6787769	0.552083333333333
185.6950114	0.552083333333333
185.7120836	0.552083333333333
185.7289332	0.552083333333333
185.7456265	0.552083333333333
185.7623057	0.552083333333333
185.7789563	0.552083333333333
185.7953707	0.552083333333333
185.8121095	0.552083333333333
185.8290377	0.552083333333333
185.8450966	0.552083333333333
185.8622444	0.552083333333333
185.8785253	0.552083333333333
185.8953476	0.552083333333333
185.9118941	0.552083333333333
185.9284248	0.552083333333333
185.9452013	0.552083333333333
185.9624776	0.552083333333333
185.9791059	0.552083333333333
185.9952221	0.552083333333333
186.0123061	0.552083333333333
186.029022	0.552083333333333
186.0451394	0.552083333333333
186.0619695	0.552083333333333
186.0786275	0.552083333333333
186.095194	0.552083333333333
186.1123348	0.552083333333333
186.1284419	0.552083333333333
186.1451284	0.552083333333333
186.1624066	0.552083333333333
186.17909	0.552083333333333
186.1951896	0.552083333333333
186.2118804	0.552083333333333
186.2285698	0.552083333333333
186.2452036	0.552083333333333
186.2622606	0.552083333333333
186.2789564	0.552083333333333
186.2950938	0.552083333333333
186.3124636	0.552083333333333
186.3290586	0.552083333333333
186.3453526	0.552083333333333
186.362234	0.552083333333333
186.3782263	0.552083333333333
186.3953156	0.552083333333333
186.4124839	0.552083333333333
186.4292502	0.552083333333333
186.4452511	0.552083333333333
186.4622233	0.552083333333333
186.4787759	0.552083333333333
186.4952381	0.552083333333333
186.5123479	0.552083333333333
186.5291395	0.552083333333333
186.5451312	0.552083333333333
186.5621909	0.552083333333333
186.579249	0.552083333333333
186.5953965	0.552083333333333
186.6120095	0.552083333333333
186.6288329	0.552083333333333
186.6454684	0.552083333333333
186.662323	0.552083333333333
186.6789348	0.552083333333333
186.69521	0.552083333333333
186.7122016	0.552083333333333
186.7286316	0.552083333333333
186.7453417	0.552083333333333
186.7619852	0.552083333333333
186.7787321	0.552083333333333
186.7953667	0.552083333333333
186.8124459	0.552083333333333
186.8290607	0.552083333333333
186.8453541	0.552083333333333
186.8623749	0.552083333333333
186.8788702	0.552083333333333
186.8952576	0.552083333333333
186.9122168	0.552083333333333
186.9291533	0.552083333333333
186.9457456	0.552083333333333
186.9628024	0.552083333333333
186.9789717	0.552083333333333
186.9955071	0.552083333333333
187.0122651	0.552083333333333
187.0288777	0.552083333333333
187.0455735	0.552083333333333
187.062285	0.552083333333333
187.0788658	0.552083333333333
187.0951746	0.552083333333333
187.1122274	0.552083333333333
187.128922	0.552083333333333
187.1454539	0.552083333333333
187.1623554	0.552083333333333
187.1782798	0.552083333333333
187.1954186	0.552083333333333
187.2124337	0.552083333333333
187.2288859	0.552083333333333
187.245528	0.552083333333333
187.261954	0.552083333333333
187.2788848	0.552083333333333
187.2954438	0.552083333333333
187.3119808	0.552083333333333
187.3288882	0.552083333333333
187.3457299	0.552083333333333
187.3616733	0.552083333333333
187.378744	0.552083333333333
187.3955993	0.552083333333333
187.4122925	0.552083333333333
187.4289756	0.552083333333333
187.4452036	0.552083333333333
187.4620329	0.552083333333333
187.4788065	0.552083333333333
187.4953117	0.552083333333333
187.512281	0.552083333333333
187.528865	0.552083333333333
187.5455274	0.552083333333333
187.5621972	0.552083333333333
187.5785499	0.552083333333333
187.5951445	0.552083333333333
187.6121809	0.552083333333333
187.6288461	0.552083333333333
187.6453556	0.552083333333333
187.6623398	0.552083333333333
187.67887	0.552083333333333
187.6953059	0.552083333333333
187.7122953	0.552083333333333
187.7285231	0.552083333333333
187.7460924	0.552083333333333
187.7618973	0.552083333333333
187.7788296	0.552083333333333
187.7950673	0.552083333333333
187.8124151	0.552083333333333
187.8282871	0.552083333333333
187.8455557	0.552083333333333
187.8623181	0.552083333333333
187.8790127	0.552083333333333
187.8954056	0.552083333333333
187.9118948	0.552083333333333
187.9287772	0.552083333333333
187.9454923	0.552083333333333
187.9622777	0.552083333333333
187.9792581	0.552083333333333
187.9953848	0.552083333333333
188.0121509	0.552083333333333
188.0285761	0.552083333333333
188.0450837	0.552083333333333
188.0621708	0.552083333333333
188.0789801	0.552083333333333
188.0951175	0.552083333333333
188.1120832	0.552083333333333
188.1288114	0.552083333333333
188.1451116	0.552083333333333
188.1622723	0.552083333333333
188.1788342	0.552083333333333
188.1953306	0.552083333333333
188.2122465	0.552083333333333
188.2288725	0.552083333333333
188.2453447	0.552083333333333
188.2618225	0.552083333333333
188.2790805	0.552083333333333
188.2950523	0.552083333333333
188.311888	0.552083333333333
188.3287236	0.552083333333333
188.3457584	0.552083333333333
188.3621318	0.552083333333333
188.3787923	0.552083333333333
188.3951095	0.552083333333333
188.4121051	0.552083333333333
188.4287181	0.552083333333333
188.4450383	0.552083333333333
188.4621074	0.552083333333333
188.4784577	0.552083333333333
188.4953815	0.552083333333333
188.5121739	0.552083333333333
188.5287146	0.552083333333333
188.545561	0.552083333333333
188.5619915	0.552083333333333
188.5784314	0.552083333333333
188.5953034	0.552083333333333
188.6122551	0.552083333333333
188.6287525	0.552083333333333
188.6454081	0.552083333333333
188.662199	0.552083333333333
188.6787376	0.552083333333333
188.6953234	0.552083333333333
188.7119661	0.552083333333333
188.729002	0.552083333333333
188.7454756	0.552083333333333
188.7619062	0.552083333333333
188.7788775	0.552083333333333
188.7955351	0.552083333333333
188.8124419	0.552083333333333
188.828919	0.552083333333333
188.8453908	0.552083333333333
188.8619679	0.552083333333333
188.8787893	0.552083333333333
188.8954928	0.552083333333333
188.9120687	0.552083333333333
188.9288688	0.552083333333333
188.9457963	0.552083333333333
188.9622751	0.552083333333333
188.9788852	0.552083333333333
188.9952336	0.552083333333333
189.0121457	0.552083333333333
189.0284688	0.552083333333333
189.0452396	0.552083333333333
189.0622717	0.552083333333333
189.0787322	0.552083333333333
189.0953716	0.552083333333333
189.112116	0.552083333333333
189.1284346	0.552083333333333
189.1454254	0.552083333333333
189.1621437	0.552083333333333
189.1787696	0.552083333333333
189.1955552	0.552083333333333
189.2118396	0.552083333333333
189.2285304	0.552083333333333
189.2455052	0.552083333333333
189.261987	0.552083333333333
189.2787797	0.552083333333333
189.2954225	0.552083333333333
189.3120987	0.552083333333333
189.3284899	0.552083333333333
189.3453878	0.552083333333333
189.3621167	0.552083333333333
189.3785816	0.552083333333333
189.3951621	0.552083333333333
189.4117674	0.552083333333333
189.428211	0.552083333333333
189.4451983	0.552083333333333
189.4614305	0.552083333333333
189.4786112	0.552083333333333
189.4950557	0.552083333333333
189.5115078	0.552083333333333
189.5285541	0.552083333333333
189.5451117	0.552083333333333
189.5620432	0.552083333333333
189.5785524	0.552083333333333
189.5949854	0.552083333333333
189.6117699	0.552083333333333
189.628517	0.552083333333333
189.6455284	0.552083333333333
189.6615833	0.552083333333333
189.6782965	0.552083333333333
189.6952868	0.552083333333333
189.7122795	0.552083333333333
189.728316	0.552083333333333
189.7454086	0.552083333333333
189.7615389	0.552083333333333
189.7784213	0.552083333333333
189.795617	0.552083333333333
189.8122074	0.552083333333333
189.8287632	0.552083333333333
189.845323	0.552083333333333
189.8621118	0.552083333333333
189.8785788	0.552083333333333
189.8951915	0.552083333333333
189.9117566	0.552083333333333
189.9286402	0.552083333333333
189.9453701	0.552083333333333
189.9623621	0.552083333333333
189.9786851	0.552083333333333
189.9954128	0.552083333333333
190.0121504	0.552083333333333
190.0286826	0.552083333333333
190.0456014	0.552083333333333
190.0618637	0.552083333333333
190.0788559	0.552083333333333
190.0954047	0.552083333333333
190.1121588	0.552083333333333
190.1285888	0.552083333333333
190.1453604	0.552083333333333
190.1621725	0.552083333333333
190.1786894	0.552083333333333
190.1955255	0.552083333333333
190.2120057	0.552083333333333
190.2287364	0.552083333333333
190.2454028	0.552083333333333
190.2619119	0.552083333333333
190.2786718	0.552083333333333
190.2951137	0.552083333333333
190.3121565	0.552083333333333
190.328804	0.552083333333333
190.3455446	0.552083333333333
190.3619775	0.552083333333333
190.3783356	0.552083333333333
190.3950984	0.552083333333333
190.4117526	0.552083333333333
190.4286588	0.552083333333333
190.445371	0.552083333333333
190.4617534	0.552083333333333
190.4785425	0.552083333333333
190.4950947	0.552083333333333
190.5120738	0.552083333333333
190.5286687	0.552083333333333
190.5453411	0.552083333333333
190.5622619	0.552083333333333
190.5786163	0.552083333333333
190.5951094	0.552083333333333
190.6117684	0.552083333333333
190.6285573	0.552083333333333
190.6454142	0.552083333333333
190.6619438	0.552083333333333
190.6787592	0.552083333333333
190.6954176	0.552083333333333
190.7120842	0.552083333333333
190.728524	0.552083333333333
190.7454089	0.552083333333333
190.7625862	0.552083333333333
190.778542	0.552083333333333
190.7954678	0.552083333333333
190.8123084	0.552083333333333
190.8283996	0.552083333333333
190.8451699	0.552083333333333
190.8617343	0.552083333333333
190.8787592	0.552083333333333
190.8949235	0.552083333333333
190.9120959	0.552083333333333
190.9286636	0.552083333333333
190.9453077	0.552083333333333
190.9620954	0.552083333333333
190.9785421	0.552083333333333
190.9955619	0.552083333333333
191.0119685	0.552083333333333
191.0287074	0.552083333333333
191.0449278	0.552083333333333
191.0621039	0.552083333333333
191.0785652	0.552083333333333
191.0950896	0.552083333333333
191.1120861	0.552083333333333
191.128725	0.552083333333333
191.1456054	0.552083333333333
191.1622513	0.552083333333333
191.1787886	0.552083333333333
191.1952859	0.552083333333333
191.2120304	0.552083333333333
191.2284623	0.552083333333333
191.2454249	0.552083333333333
191.262134	0.552083333333333
191.2780834	0.552083333333333
191.2949329	0.552083333333333
191.3120294	0.552083333333333
191.3286328	0.552083333333333
191.3456962	0.552083333333333
191.3622857	0.552083333333333
191.3786377	0.552083333333333
191.3950246	0.552083333333333
191.4121132	0.552083333333333
191.4286828	0.552083333333333
191.4453956	0.552083333333333
191.4621098	0.552083333333333
191.4789121	0.552083333333333
191.4950003	0.552083333333333
191.5120562	0.552083333333333
191.5287235	0.552083333333333
191.5454059	0.552083333333333
191.5620188	0.552083333333333
191.5789319	0.552083333333333
191.5952304	0.552083333333333
191.6118827	0.552083333333333
191.6290339	0.552083333333333
191.6451178	0.552083333333333
191.6617471	0.552083333333333
191.678388	0.552083333333333
191.6953963	0.552083333333333
191.7118542	0.552083333333333
191.728751	0.552083333333333
191.7448923	0.552083333333333
191.7619544	0.552083333333333
191.7785698	0.552083333333333
191.7952873	0.552083333333333
191.8118679	0.552083333333333
191.828786	0.552083333333333
191.8448643	0.552083333333333
191.8617732	0.552083333333333
191.8784256	0.552083333333333
191.895146	0.552083333333333
191.9119115	0.552083333333333
191.9284755	0.552083333333333
191.9454972	0.552083333333333
191.9621175	0.552083333333333
191.9784354	0.552083333333333
191.9952012	0.552083333333333
192.011947	0.552083333333333
192.0285986	0.552083333333333
192.0454221	0.552083333333333
192.0620512	0.552083333333333
192.078728	0.552083333333333
192.095539	0.552083333333333
192.1120155	0.552083333333333
192.1284686	0.552083333333333
192.1451448	0.552083333333333
192.1620911	0.552083333333333
192.1784768	0.552083333333333
192.1955836	0.552083333333333
192.2120407	0.552083333333333
192.2286467	0.552083333333333
192.2451005	0.552083333333333
192.2618781	0.552083333333333
192.2786007	0.552083333333333
192.2954813	0.552083333333333
192.3120161	0.552083333333333
192.3283705	0.552083333333333
192.3454164	0.552083333333333
192.3620088	0.552083333333333
192.3785657	0.552083333333333
192.3953193	0.552083333333333
192.4120823	0.552083333333333
192.4283309	0.552083333333333
192.4447556	0.552083333333333
192.4617338	0.552083333333333
192.4783054	0.552083333333333
192.4947356	0.552083333333333
192.511847	0.552083333333333
192.5284654	0.552083333333333
192.5454267	0.552083333333333
192.5618263	0.552083333333333
192.5786161	0.552083333333333
192.5952486	0.552083333333333
192.6119876	0.552083333333333
192.6285826	0.552083333333333
192.6450344	0.552083333333333
192.6622365	0.552083333333333
192.6783174	0.552083333333333
192.6953206	0.552083333333333
192.7120342	0.552083333333333
192.7285182	0.552083333333333
192.7451698	0.552083333333333
192.7620635	0.552083333333333
192.7782845	0.552083333333333
192.795444	0.552083333333333
192.8113858	0.552083333333333
192.8283016	0.552083333333333
192.8454604	0.552083333333333
192.8617648	0.552083333333333
192.8785508	0.552083333333333
192.8953374	0.552083333333333
192.9119402	0.552083333333333
192.9284273	0.552083333333333
192.9454276	0.552083333333333
192.9620556	0.552083333333333
192.9782608	0.552083333333333
192.9955096	0.552083333333333
193.0118549	0.552083333333333
193.0281558	0.552083333333333
193.0454136	0.552083333333333
193.0623865	0.552083333333333
193.078292	0.552083333333333
193.0953733	0.552083333333333
193.1120229	0.552083333333333
193.1284496	0.552083333333333
193.1451774	0.552083333333333
193.1620101	0.552083333333333
193.1784514	0.552083333333333
193.1955498	0.552083333333333
193.212109	0.552083333333333
193.2279905	0.552083333333333
193.2453671	0.552083333333333
193.2620663	0.552083333333333
193.2780551	0.552083333333333
193.2954342	0.552083333333333
193.3116627	0.552083333333333
193.3284447	0.552083333333333
193.3453215	0.552083333333333
193.362144	0.552083333333333
193.3784106	0.552083333333333
193.3952906	0.552083333333333
193.4119816	0.552083333333333
193.4284874	0.552083333333333
193.4449879	0.552083333333333
193.4619774	0.552083333333333
193.4784688	0.552083333333333
193.4952848	0.552083333333333
193.5123947	0.552083333333333
193.5285478	0.552083333333333
193.5449237	0.552083333333333
193.5617831	0.552083333333333
193.5786236	0.552083333333333
193.5953045	0.552083333333333
193.6116923	0.552083333333333
193.6287046	0.552083333333333
193.644899	0.552083333333333
193.6617775	0.552083333333333
193.6780044	0.552083333333333
193.6950109	0.552083333333333
193.7119606	0.552083333333333
193.7280038	0.552083333333333
193.7453288	0.552083333333333
193.7613517	0.552083333333333
193.7782953	0.552083333333333
193.7953218	0.552083333333333
193.8116384	0.552083333333333
193.8279987	0.552083333333333
193.8452945	0.552083333333333
193.8622904	0.552083333333333
193.8780261	0.552083333333333
193.8953646	0.552083333333333
193.911956	0.552083333333333
193.9282553	0.552083333333333
193.9448714	0.552083333333333
193.9620743	0.552083333333333
193.9780345	0.552083333333333
193.9948296	0.552083333333333
194.0121159	0.552083333333333
194.0281339	0.552083333333333
194.0449876	0.552083333333333
194.0621181	0.552083333333333
194.0782252	0.552083333333333
194.0951959	0.552083333333333
194.1119145	0.552083333333333
194.1281235	0.552083333333333
194.1449789	0.552083333333333
194.1614739	0.552083333333333
194.1779853	0.552083333333333
194.1949777	0.552083333333333
194.2119006	0.552083333333333
194.2285395	0.552083333333333
194.2454387	0.552083333333333
194.2622172	0.552083333333333
194.2781256	0.552083333333333
194.2952465	0.552083333333333
194.3116752	0.552083333333333
194.3285923	0.552083333333333
194.3453102	0.552083333333333
194.3616439	0.552083333333333
194.378065	0.552083333333333
194.3955261	0.552083333333333
194.4114262	0.552083333333333
194.4277993	0.552083333333333
194.4449182	0.552083333333333
194.4622102	0.552083333333333
194.4780571	0.552083333333333
194.4952187	0.552083333333333
194.5120818	0.552083333333333
194.5283151	0.552083333333333
194.5452376	0.552083333333333
194.5618884	0.552083333333333
194.5780189	0.552083333333333
194.5953967	0.552083333333333
194.6117277	0.552083333333333
194.6283226	0.552083333333333
194.6453371	0.552083333333333
194.6617014	0.552083333333333
194.6780323	0.552083333333333
194.6948792	0.552083333333333
194.7121128	0.552083333333333
194.7280236	0.552083333333333
194.7453808	0.552083333333333
194.7619827	0.552083333333333
194.778138	0.552083333333333
194.7949762	0.552083333333333
194.8120506	0.552083333333333
194.8280775	0.552083333333333
194.8451769	0.552083333333333
194.8617565	0.552083333333333
194.8779972	0.552083333333333
194.8951364	0.552083333333333
194.9120774	0.552083333333333
194.9283808	0.552083333333333
194.944658	0.552083333333333
194.9616791	0.552083333333333
194.9779902	0.552083333333333
194.9951493	0.552083333333333
195.0121765	0.552083333333333
195.0279743	0.552083333333333
195.0448598	0.552083333333333
195.0617923	0.552083333333333
195.0780905	0.552083333333333
195.0949931	0.552083333333333
195.1119428	0.552083333333333
195.1279077	0.552083333333333
195.1453038	0.552083333333333
195.1622898	0.552083333333333
195.1783372	0.552083333333333
195.1949385	0.552083333333333
195.2122536	0.552083333333333
195.2279724	0.552083333333333
195.2449692	0.552083333333333
195.2619159	0.552083333333333
195.2784078	0.552083333333333
195.2949302	0.552083333333333
195.3120227	0.552083333333333
195.3280753	0.552083333333333
195.345462	0.552083333333333
195.3616232	0.552083333333333
195.3778002	0.552083333333333
195.3954974	0.552083333333333
195.4120797	0.552083333333333
195.4284156	0.552083333333333
195.4451988	0.552083333333333
195.4620747	0.552083333333333
195.4787778	0.552083333333333
195.4951412	0.552083333333333
195.5115756	0.552083333333333
195.5284801	0.552083333333333
195.5449808	0.552083333333333
195.5618565	0.552083333333333
195.5784424	0.552083333333333
195.595004	0.552083333333333
195.6122483	0.552083333333333
195.628934	0.552083333333333
195.644947	0.552083333333333
195.6619648	0.552083333333333
195.6785535	0.552083333333333
195.6949586	0.552083333333333
195.7119712	0.552083333333333
195.7284832	0.552083333333333
195.7452049	0.552083333333333
195.7617923	0.552083333333333
195.7784375	0.552083333333333
195.7954169	0.552083333333333
195.81197	0.552083333333333
195.8283638	0.552083333333333
195.8450732	0.552083333333333
195.8617064	0.552083333333333
195.8779769	0.552083333333333
195.8951443	0.552083333333333
195.9116281	0.552083333333333
195.9284313	0.552083333333333
195.9451898	0.552083333333333
195.9619704	0.552083333333333
195.9780833	0.552083333333333
195.9952361	0.552083333333333
196.0118061	0.552083333333333
196.028339	0.552083333333333
196.0451705	0.552083333333333
196.0617955	0.552083333333333
196.0785905	0.552083333333333
196.0951052	0.552083333333333
196.1118133	0.552083333333333
196.1282698	0.552083333333333
196.1450265	0.552083333333333
196.1615257	0.552083333333333
196.1784766	0.552083333333333
196.1952712	0.552083333333333
196.2122692	0.552083333333333
196.2284945	0.552083333333333
196.2452758	0.552083333333333
196.2619346	0.552083333333333
196.2784159	0.552083333333333
196.2949766	0.552083333333333
196.311902	0.552083333333333
196.3280171	0.552083333333333
196.3453341	0.552083333333333
196.3618843	0.552083333333333
196.3781763	0.552083333333333
196.3950331	0.552083333333333
196.4118453	0.552083333333333
196.4279234	0.552083333333333
196.44524	0.552083333333333
196.4615532	0.552083333333333
196.4784915	0.552083333333333
196.4949123	0.552083333333333
196.5119402	0.552083333333333
196.5284202	0.552083333333333
196.5455943	0.552083333333333
196.5620401	0.552083333333333
196.578405	0.552083333333333
196.5952251	0.552083333333333
196.6117185	0.552083333333333
196.6284158	0.552083333333333
196.6448139	0.552083333333333
196.6622138	0.552083333333333
196.6784994	0.552083333333333
196.6949149	0.552083333333333
196.7118525	0.552083333333333
196.7284006	0.552083333333333
196.7449466	0.552083333333333
196.7618415	0.552083333333333
196.7784935	0.552083333333333
196.7950604	0.552083333333333
196.8118992	0.552083333333333
196.8281293	0.552083333333333
196.8452587	0.552083333333333
196.8614766	0.552083333333333
196.8784783	0.552083333333333
196.8951223	0.552083333333333
196.9114124	0.552083333333333
196.9279834	0.552083333333333
196.9451164	0.552083333333333
196.9617971	0.552083333333333
196.9785095	0.552083333333333
196.9950604	0.552083333333333
197.0121589	0.552083333333333
197.0283398	0.552083333333333
197.0452493	0.552083333333333
197.061706	0.552083333333333
197.0785446	0.552083333333333
197.0950197	0.552083333333333
197.1114553	0.552083333333333
197.1278887	0.552083333333333
197.1451148	0.552083333333333
197.1617893	0.552083333333333
197.1784617	0.552083333333333
197.1952048	0.552083333333333
197.2119642	0.552083333333333
197.2283343	0.552083333333333
197.2450007	0.552083333333333
197.2618639	0.552083333333333
197.2780945	0.552083333333333
197.2951067	0.552083333333333
197.3117071	0.552083333333333
197.3281775	0.552083333333333
197.3448881	0.552083333333333
197.3615704	0.552083333333333
197.3784314	0.552083333333333
197.395037	0.552083333333333
197.4117658	0.552083333333333
197.4284552	0.552083333333333
197.4446542	0.552083333333333
197.4618575	0.552083333333333
197.4780747	0.552083333333333
197.4949021	0.552083333333333
197.5120939	0.552083333333333
197.5283466	0.552083333333333
197.5449834	0.552083333333333
197.5617107	0.552083333333333
197.5783239	0.552083333333333
197.5949293	0.552083333333333
197.6117285	0.552083333333333
197.6282727	0.552083333333333
197.6450992	0.552083333333333
197.6617915	0.552083333333333
197.6787288	0.552083333333333
197.6951176	0.552083333333333
197.7116126	0.552083333333333
197.7279278	0.552083333333333
197.7451002	0.552083333333333
197.7615825	0.552083333333333
197.7785198	0.552083333333333
197.7951988	0.552083333333333
197.8118032	0.552083333333333
197.8283032	0.552083333333333
197.8451461	0.552083333333333
197.8614205	0.552083333333333
197.8778824	0.552083333333333
197.8949498	0.552083333333333
197.9114394	0.552083333333333
197.9283357	0.552083333333333
197.9448972	0.552083333333333
197.9617373	0.552083333333333
197.9785918	0.552083333333333
197.9948112	0.552083333333333
198.0115353	0.552083333333333
198.0284344	0.552083333333333
198.0453053	0.552083333333333
198.0614508	0.552083333333333
198.0779339	0.552083333333333
198.0950567	0.552083333333333
198.1117835	0.552083333333333
198.1283649	0.552083333333333
198.145046	0.552083333333333
198.1614596	0.552083333333333
198.1778991	0.552083333333333
198.1949201	0.552083333333333
198.2115048	0.552083333333333
198.2280327	0.552083333333333
198.2448407	0.552083333333333
198.2617611	0.552083333333333
198.2783926	0.552083333333333
198.2950618	0.552083333333333
198.3117154	0.552083333333333
198.3277114	0.552083333333333
198.3448748	0.552083333333333
198.3617431	0.552083333333333
198.3784561	0.552083333333333
198.3951737	0.552083333333333
198.4114204	0.552083333333333
198.4284357	0.552083333333333
198.445116	0.552083333333333
198.4616024	0.552083333333333
198.4779108	0.552083333333333
198.4947181	0.552083333333333
198.5117877	0.552083333333333
198.5278999	0.552083333333333
198.5446964	0.552083333333333
198.561631	0.552083333333333
198.5785201	0.552083333333333
198.5948962	0.552083333333333
198.6117658	0.552083333333333
198.6289424	0.552083333333333
198.644905	0.552083333333333
198.6615916	0.552083333333333
198.6784724	0.552083333333333
198.6946997	0.552083333333333
198.7118312	0.552083333333333
198.7282022	0.552083333333333
198.7452544	0.552083333333333
198.7618542	0.552083333333333
198.7785471	0.552083333333333
198.7950407	0.552083333333333
198.8117506	0.552083333333333
198.8284157	0.552083333333333
198.8451193	0.552083333333333
198.8615105	0.552083333333333
198.8784689	0.552083333333333
198.8951059	0.552083333333333
198.911459	0.552083333333333
198.9283941	0.552083333333333
198.9449113	0.552083333333333
198.9615575	0.552083333333333
198.9779759	0.552083333333333
198.9951212	0.552083333333333
199.0114318	0.552083333333333
199.0284066	0.552083333333333
199.0449222	0.552083333333333
199.0618308	0.552083333333333
199.0784317	0.552083333333333
199.0951869	0.552083333333333
199.1117915	0.552083333333333
199.1280137	0.552083333333333
199.144681	0.552083333333333
199.161546	0.552083333333333
199.1788037	0.552083333333333
199.1946009	0.552083333333333
199.2113847	0.552083333333333
199.2280572	0.552083333333333
199.2451616	0.552083333333333
199.2615902	0.552083333333333
199.2785208	0.552083333333333
199.2949141	0.552083333333333
199.3119627	0.552083333333333
199.328389	0.552083333333333
199.3450167	0.552083333333333
199.3617804	0.552083333333333
199.3784086	0.552083333333333
199.3949418	0.552083333333333
199.4119346	0.552083333333333
199.4277817	0.552083333333333
199.4449351	0.552083333333333
199.4616991	0.552083333333333
199.4781436	0.552083333333333
199.4946043	0.552083333333333
199.5114403	0.552083333333333
199.5281325	0.552083333333333
199.5448627	0.552083333333333
199.5618796	0.552083333333333
199.5780347	0.552083333333333
199.5949703	0.552083333333333
199.6118384	0.552083333333333
199.628572	0.552083333333333
199.6446088	0.552083333333333
199.661443	0.552083333333333
199.6778037	0.552083333333333
199.6948562	0.552083333333333
199.7117227	0.552083333333333
199.7286294	0.552083333333333
199.7448437	0.552083333333333
199.7621791	0.552083333333333
199.7783517	0.552083333333333
199.7950119	0.552083333333333
199.8121145	0.552083333333333
199.8284732	0.552083333333333
199.8458529	0.552083333333333
199.8618922	0.552083333333333
199.8776203	0.552083333333333
199.895067	0.552083333333333
199.9119219	0.552083333333333
199.9282592	0.552083333333333
199.9446841	0.552083333333333
199.961798	0.552083333333333
199.9784241	0.552083333333333
199.9948718	0.552083333333333
200.0111706	0.552083333333333
200.0278256	0.552083333333333
200.0448284	0.552083333333333
200.061702	0.552083333333333
200.0784313	0.552083333333333
200.0950417	0.552083333333333
200.1116147	0.552083333333333
200.1279587	0.552083333333333
200.1447891	0.552083333333333
200.1611779	0.552083333333333
200.1783737	0.552083333333333
200.1949005	0.552083333333333
200.211951	0.552083333333333
200.229146	0.552083333333333
200.2447226	0.552083333333333
200.2616688	0.552083333333333
200.2787559	0.552083333333333
200.2948452	0.552083333333333
200.3116878	0.552083333333333
200.3284588	0.552083333333333
200.3450356	0.552083333333333
200.3615466	0.552083333333333
200.3780051	0.552083333333333
200.3950232	0.552083333333333
200.4116037	0.552083333333333
200.4283519	0.552083333333333
200.4454549	0.552083333333333
200.4612394	0.552083333333333
200.4784943	0.552083333333333
200.4948363	0.552083333333333
200.5115639	0.552083333333333
200.5286188	0.552083333333333
200.5449871	0.552083333333333
200.561875	0.552083333333333
200.5784918	0.552083333333333
200.5950958	0.552083333333333
200.6115034	0.552083333333333
200.6283524	0.552083333333333
200.6448614	0.552083333333333
200.6611751	0.552083333333333
200.6777861	0.552083333333333
200.6949267	0.552083333333333
200.7117114	0.552083333333333
200.7284114	0.552083333333333
200.7449661	0.552083333333333
200.7613934	0.552083333333333
200.778039	0.552083333333333
200.7946464	0.552083333333333
200.8117745	0.552083333333333
200.8277479	0.552083333333333
200.844959	0.552083333333333
200.8615437	0.552083333333333
200.8778975	0.552083333333333
200.8949379	0.552083333333333
200.9114145	0.552083333333333
200.9279449	0.552083333333333
200.9447282	0.552083333333333
200.9616184	0.552083333333333
200.9780155	0.552083333333333
200.9948899	0.552083333333333
201.011653	0.552083333333333
201.0283886	0.552083333333333
201.0447764	0.552083333333333
201.061745	0.552083333333333
201.0779807	0.552083333333333
201.0950571	0.552083333333333
201.1116474	0.552083333333333
201.1280996	0.552083333333333
201.1453255	0.552083333333333
201.1615798	0.552083333333333
201.1783531	0.552083333333333
201.1950761	0.552083333333333
201.2116214	0.552083333333333
201.2283153	0.552083333333333
201.2448938	0.552083333333333
201.2616333	0.552083333333333
201.2784286	0.552083333333333
201.2948517	0.552083333333333
201.3116103	0.552083333333333
201.32827	0.552083333333333
201.344601	0.552083333333333
201.361728	0.552083333333333
201.3775935	0.552083333333333
201.3949432	0.552083333333333
201.4115944	0.552083333333333
201.4282018	0.552083333333333
201.4446526	0.552083333333333
201.4616696	0.552083333333333
201.4784108	0.552083333333333
201.4947585	0.552083333333333
201.5114401	0.552083333333333
201.528217	0.552083333333333
201.5447051	0.552083333333333
201.5616185	0.552083333333333
201.5782529	0.552083333333333
201.5947293	0.552083333333333
201.6114864	0.552083333333333
201.6282142	0.552083333333333
201.6450414	0.552083333333333
201.6618373	0.552083333333333
201.6784197	0.552083333333333
201.6948151	0.552083333333333
201.7117164	0.552083333333333
201.728238	0.552083333333333
201.7449001	0.552083333333333
201.7614726	0.552083333333333
201.7783048	0.552083333333333
201.794849	0.552083333333333
201.8117477	0.552083333333333
201.8283599	0.552083333333333
201.8451317	0.552083333333333
201.8617703	0.552083333333333
201.8776925	0.552083333333333
201.8943952	0.552083333333333
201.9109324	0.552083333333333
201.9281962	0.552083333333333
201.9446278	0.552083333333333
201.9615444	0.552083333333333
201.9783949	0.552083333333333
201.9950624	0.552083333333333
202.0113464	0.552083333333333
202.0282696	0.552083333333333
202.0449945	0.552083333333333
202.061755	0.552083333333333
202.0783337	0.552083333333333
202.0949753	0.552083333333333
202.1117836	0.552083333333333
202.1280471	0.552083333333333
202.1445395	0.552083333333333
202.1610562	0.552083333333333
202.1777987	0.552083333333333
202.1948477	0.552083333333333
202.2117705	0.552083333333333
202.2279607	0.552083333333333
202.2449249	0.552083333333333
202.2613366	0.552083333333333
202.2783289	0.552083333333333
202.2949518	0.552083333333333
202.311178	0.552083333333333
202.32789	0.552083333333333
202.3451112	0.552083333333333
202.3614533	0.552083333333333
202.3780216	0.552083333333333
202.3948265	0.552083333333333
202.4116418	0.552083333333333
202.4280466	0.552083333333333
202.4448492	0.552083333333333
202.4614838	0.552083333333333
202.4787584	0.552083333333333
202.494828	0.552083333333333
202.511098	0.552083333333333
202.5282533	0.552083333333333
202.5450116	0.552083333333333
202.5613682	0.552083333333333
202.5785645	0.552083333333333
202.5950361	0.552083333333333
202.611522	0.552083333333333
202.6281698	0.552083333333333
202.6448386	0.552083333333333
202.6610443	0.552083333333333
202.6785916	0.552083333333333
202.6947284	0.552083333333333
202.7110798	0.552083333333333
202.7282628	0.552083333333333
202.7447586	0.552083333333333
202.7611677	0.552083333333333
202.7782951	0.552083333333333
202.7947737	0.552083333333333
202.8113541	0.552083333333333
202.8277927	0.552083333333333
202.8448588	0.552083333333333
202.8612625	0.552083333333333
202.8781706	0.552083333333333
202.8946814	0.552083333333333
202.9116464	0.552083333333333
202.9284149	0.552083333333333
202.9449157	0.552083333333333
202.9616741	0.552083333333333
202.9784638	0.552083333333333
202.9950651	0.552083333333333
203.0111113	0.552083333333333
203.028825	0.552083333333333
203.0450762	0.552083333333333
203.0609566	0.552083333333333
203.0782474	0.552083333333333
203.0947832	0.552083333333333
203.1111023	0.552083333333333
203.1281594	0.552083333333333
203.1450211	0.552083333333333
203.1611703	0.552083333333333
203.1783496	0.552083333333333
203.1946462	0.552083333333333
203.2116337	0.552083333333333
203.2283	0.552083333333333
203.2444683	0.552083333333333
203.2613048	0.552083333333333
203.2780079	0.552083333333333
203.2947537	0.552083333333333
203.311285	0.552083333333333
203.3279906	0.552083333333333
203.344914	0.552083333333333
203.3612018	0.552083333333333
203.3782371	0.552083333333333
203.3947895	0.552083333333333
203.4113454	0.552083333333333
203.4283321	0.552083333333333
203.4452226	0.552083333333333
203.4612857	0.552083333333333
203.4786	0.552083333333333
203.4949078	0.552083333333333
203.5111675	0.552083333333333
203.5284099	0.552083333333333
203.5448968	0.552083333333333
203.5612846	0.552083333333333
203.5783534	0.552083333333333
203.594925	0.552083333333333
203.611153	0.552083333333333
203.6283562	0.552083333333333
203.6447616	0.552083333333333
203.6611261	0.552083333333333
203.6781634	0.552083333333333
203.6945825	0.552083333333333
203.7109442	0.552083333333333
203.7281073	0.552083333333333
203.7446864	0.552083333333333
203.7615448	0.552083333333333
203.7781845	0.552083333333333
203.7948876	0.552083333333333
203.8114824	0.552083333333333
203.8278603	0.552083333333333
203.8446764	0.552083333333333
203.8611806	0.552083333333333
203.8783572	0.552083333333333
203.8951177	0.552083333333333
203.9109055	0.552083333333333
203.9282332	0.552083333333333
203.94488	0.552083333333333
203.9613365	0.552083333333333
203.9781687	0.552083333333333
203.9947515	0.552083333333333
204.0112331	0.552083333333333
204.028194	0.552083333333333
204.0446624	0.552083333333333
204.0611934	0.552083333333333
204.0785762	0.552083333333333
204.0947887	0.552083333333333
204.1110659	0.552083333333333
204.1280467	0.552083333333333
204.1447749	0.552083333333333
204.1609493	0.552083333333333
204.1779088	0.552083333333333
204.1949201	0.552083333333333
204.2111947	0.552083333333333
204.2282554	0.552083333333333
204.2448781	0.552083333333333
204.2614673	0.552083333333333
204.2782638	0.552083333333333
204.2950577	0.552083333333333
204.3115125	0.552083333333333
204.3281168	0.552083333333333
204.3445002	0.552083333333333
204.3613329	0.552083333333333
204.3778816	0.552083333333333
204.3945049	0.552083333333333
204.4110246	0.552083333333333
204.4279427	0.552083333333333
204.4446202	0.552083333333333
204.4608856	0.552083333333333
204.4786321	0.552083333333333
204.4946647	0.552083333333333
204.5113296	0.552083333333333
204.5283765	0.552083333333333
204.5447553	0.552083333333333
204.5611679	0.552083333333333
204.578202	0.552083333333333
204.5949652	0.552083333333333
204.6119398	0.552083333333333
204.6279992	0.552083333333333
204.6447769	0.552083333333333
204.6612317	0.552083333333333
204.677992	0.552083333333333
204.6948927	0.552083333333333
204.711413	0.552083333333333
204.7278332	0.552083333333333
204.7447852	0.552083333333333
204.7610294	0.552083333333333
204.7782203	0.552083333333333
204.7947396	0.552083333333333
204.8113135	0.552083333333333
204.8283575	0.552083333333333
204.8447772	0.552083333333333
204.8613804	0.552083333333333
204.8782535	0.552083333333333
204.8947805	0.552083333333333
204.9115616	0.552083333333333
204.9280407	0.552083333333333
204.9447567	0.552083333333333
204.9610815	0.552083333333333
204.9782108	0.552083333333333
204.9946958	0.552083333333333
205.0114363	0.552083333333333
205.0280417	0.552083333333333
205.0448205	0.552083333333333
205.0612073	0.552083333333333
205.0781928	0.552083333333333
205.0943244	0.552083333333333
205.1113187	0.552083333333333
205.1277729	0.552083333333333
205.1444809	0.552083333333333
205.1613228	0.552083333333333
205.1824498	0.552083333333333
205.1943485	0.552083333333333
205.2111181	0.552083333333333
205.2283882	0.552083333333333
205.244848	0.552083333333333
205.2613744	0.552083333333333
205.2783726	0.552083333333333
205.2948391	0.552083333333333
205.3114857	0.552083333333333
205.3282289	0.552083333333333
205.3447456	0.552083333333333
205.360982	0.552083333333333
205.3780684	0.552083333333333
205.394596	0.552083333333333
205.4113424	0.552083333333333
205.427968	0.552083333333333
205.4446941	0.552083333333333
205.4613324	0.552083333333333
205.4779244	0.552083333333333
205.4944701	0.552083333333333
205.5115055	0.552083333333333
205.5281344	0.552083333333333
205.5454166	0.552083333333333
205.5612815	0.552083333333333
205.5781267	0.552083333333333
205.5947826	0.552083333333333
205.6113405	0.552083333333333
205.6279284	0.552083333333333
205.6447701	0.552083333333333
205.6616552	0.552083333333333
205.6779134	0.552083333333333
205.6943653	0.552083333333333
205.7110787	0.552083333333333
205.7283484	0.552083333333333
205.7449068	0.552083333333333
205.7612883	0.552083333333333
205.778228	0.552083333333333
205.7949793	0.552083333333333
205.8113527	0.552083333333333
205.8278812	0.552083333333333
205.8446068	0.552083333333333
205.8613016	0.552083333333333
205.8777991	0.552083333333333
205.8947147	0.552083333333333
205.9114348	0.552083333333333
205.9279867	0.552083333333333
205.9446813	0.552083333333333
205.9613472	0.552083333333333
205.9779445	0.552083333333333
205.9947008	0.552083333333333
206.0116173	0.552083333333333
206.0280519	0.552083333333333
206.0448131	0.552083333333333
206.0617057	0.552083333333333
206.0779422	0.552083333333333
206.0944048	0.552083333333333
206.1125798	0.552083333333333
206.1280364	0.552083333333333
206.1446064	0.552083333333333
206.1611901	0.552083333333333
206.1781223	0.552083333333333
206.194837	0.552083333333333
206.2111261	0.552083333333333
206.2278884	0.552083333333333
206.2446381	0.552083333333333
206.2615858	0.552083333333333
206.2782392	0.552083333333333
206.2947005	0.552083333333333
206.311016	0.552083333333333
206.3281705	0.552083333333333
206.344413	0.552083333333333
206.3615404	0.552083333333333
206.3777518	0.552083333333333
206.3945014	0.552083333333333
206.4115007	0.552083333333333
206.4282027	0.552083333333333
206.4445376	0.552083333333333
206.4612124	0.552083333333333
206.4782321	0.552083333333333
206.4944338	0.552083333333333
206.51154	0.552083333333333
206.5281864	0.552083333333333
206.5446776	0.552083333333333
206.561286	0.552083333333333
206.5781571	0.552083333333333
206.5943437	0.552083333333333
206.6114333	0.552083333333333
206.6282017	0.552083333333333
206.6443748	0.552083333333333
206.6614253	0.552083333333333
206.6782476	0.552083333333333
206.6947709	0.552083333333333
206.7116811	0.552083333333333
206.7279062	0.552083333333333
206.7444978	0.552083333333333
206.7614763	0.552083333333333
206.7821956	0.552083333333333
206.7944067	0.552083333333333
206.8112076	0.552083333333333
206.8279997	0.552083333333333
206.8445522	0.552083333333333
206.8616836	0.552083333333333
206.8793163	0.552083333333333
206.8945793	0.552083333333333
206.9115161	0.552083333333333
206.9281827	0.552083333333333
206.9447041	0.552083333333333
206.9612703	0.552083333333333
206.9777339	0.552083333333333
206.9941004	0.552083333333333
207.0111093	0.552083333333333
207.0279429	0.552083333333333
207.0442767	0.552083333333333
207.0608192	0.552083333333333
207.078066	0.552083333333333
207.0950362	0.552083333333333
207.1117014	0.552083333333333
207.1284287	0.552083333333333
207.1446747	0.552083333333333
207.1614268	0.552083333333333
207.1783048	0.552083333333333
207.1946024	0.552083333333333
207.2137067	0.552083333333333
207.2278237	0.552083333333333
207.244517	0.552083333333333
207.2613197	0.552083333333333
207.2777566	0.552083333333333
207.2944191	0.552083333333333
207.3110468	0.552083333333333
207.3277555	0.552083333333333
207.3441428	0.552083333333333
207.3613086	0.552083333333333
207.3773419	0.552083333333333
207.3951728	0.552083333333333
207.4107727	0.552083333333333
207.4275217	0.552083333333333
207.4446758	0.552083333333333
207.4609353	0.552083333333333
207.4780752	0.552083333333333
207.4945958	0.552083333333333
207.5110171	0.552083333333333
207.5277942	0.552083333333333
207.5445471	0.552083333333333
207.561308	0.552083333333333
207.5780341	0.552083333333333
207.5947918	0.552083333333333
207.6113997	0.552083333333333
207.6280391	0.552083333333333
207.6445745	0.552083333333333
207.6615285	0.552083333333333
207.6783189	0.552083333333333
207.6944006	0.552083333333333
207.7112619	0.552083333333333
207.7279802	0.552083333333333
207.7444929	0.552083333333333
207.7613186	0.552083333333333
207.7780475	0.552083333333333
207.7945922	0.552083333333333
207.811151	0.552083333333333
207.8278646	0.552083333333333
207.8446164	0.552083333333333
207.8611685	0.552083333333333
207.8780859	0.552083333333333
207.8946882	0.552083333333333
207.9111034	0.552083333333333
207.9281896	0.552083333333333
207.9445313	0.552083333333333
207.961307	0.552083333333333
207.9779905	0.552083333333333
207.994597	0.552083333333333
208.0112549	0.552083333333333
208.028031	0.552083333333333
208.0447606	0.552083333333333
208.0617252	0.552083333333333
208.0778896	0.552083333333333
208.0948398	0.552083333333333
208.1112235	0.552083333333333
208.1280522	0.552083333333333
208.1445429	0.552083333333333
208.1612	0.552083333333333
208.1773916	0.552083333333333
208.1939717	0.552083333333333
208.210757	0.552083333333333
208.2275698	0.552083333333333
208.2442523	0.552083333333333
208.261191	0.552083333333333
208.2780885	0.552083333333333
208.2944674	0.552083333333333
208.3118999	0.552083333333333
208.3280707	0.552083333333333
208.3444463	0.552083333333333
208.3615774	0.552083333333333
208.3788366	0.552083333333333
208.3944007	0.552083333333333
208.4111195	0.552083333333333
208.4282643	0.552083333333333
208.4447443	0.552083333333333
208.461509	0.552083333333333
208.478175	0.552083333333333
208.4945438	0.552083333333333
208.511435	0.552083333333333
208.5278674	0.552083333333333
208.5444968	0.552083333333333
208.5618517	0.552083333333333
208.577881	0.552083333333333
208.5947139	0.552083333333333
208.6122819	0.552083333333333
208.6282369	0.552083333333333
208.6443453	0.552083333333333
208.6614626	0.552083333333333
208.6779391	0.552083333333333
208.6944838	0.552083333333333
208.7111675	0.552083333333333
208.72788	0.552083333333333
208.7443359	0.552083333333333
208.7610231	0.552083333333333
208.778167	0.552083333333333
208.7946905	0.552083333333333
208.8114379	0.552083333333333
208.8274424	0.552083333333333
208.8444667	0.552083333333333
208.8613656	0.552083333333333
208.8774723	0.552083333333333
208.8944075	0.552083333333333
208.9118291	0.552083333333333
208.9279787	0.552083333333333
208.9447017	0.552083333333333
208.9616863	0.552083333333333
208.9780862	0.552083333333333
208.9941998	0.552083333333333
209.0112488	0.552083333333333
209.0281704	0.552083333333333
209.0443358	0.552083333333333
209.060975	0.552083333333333
209.0780771	0.552083333333333
209.0943504	0.552083333333333
209.1114327	0.552083333333333
209.1280721	0.552083333333333
209.1445405	0.552083333333333
209.1614783	0.552083333333333
209.1781553	0.552083333333333
209.1947208	0.552083333333333
209.211104	0.552083333333333
209.227754	0.552083333333333
209.2446492	0.552083333333333
209.2612526	0.552083333333333
209.2780182	0.552083333333333
209.2943324	0.552083333333333
209.3114475	0.552083333333333
209.327824	0.552083333333333
209.3442587	0.552083333333333
209.3613396	0.552083333333333
209.3780889	0.552083333333333
209.3944405	0.552083333333333
209.4113556	0.552083333333333
209.4279714	0.552083333333333
209.4441549	0.552083333333333
209.4609369	0.552083333333333
209.4782978	0.552083333333333
209.494412	0.552083333333333
209.5115059	0.552083333333333
209.5281382	0.552083333333333
209.5447392	0.552083333333333
209.5614947	0.552083333333333
209.5776213	0.552083333333333
209.5944695	0.552083333333333
209.611331	0.552083333333333
209.6281478	0.552083333333333
209.6443504	0.552083333333333
209.6607821	0.552083333333333
209.6779015	0.552083333333333
209.6943928	0.552083333333333
209.7112741	0.552083333333333
209.7279557	0.552083333333333
209.7442749	0.552083333333333
209.7613875	0.552083333333333
209.7781507	0.552083333333333
209.7944729	0.552083333333333
209.8116936	0.552083333333333
209.8278785	0.552083333333333
209.8446067	0.552083333333333
209.8612428	0.552083333333333
209.8779069	0.552083333333333
209.8943189	0.552083333333333
209.9106866	0.552083333333333
209.9280041	0.552083333333333
209.9443381	0.552083333333333
209.9610228	0.552083333333333
209.9778054	0.552083333333333
209.9943665	0.552083333333333
210.0117243	0.552083333333333
210.0275322	0.552083333333333
210.0444119	0.552083333333333
210.0615116	0.552083333333333
210.077976	0.552083333333333
210.0945751	0.552083333333333
210.1110387	0.552083333333333
210.1278773	0.552083333333333
210.1444674	0.552083333333333
210.1615016	0.552083333333333
210.1779471	0.552083333333333
210.1943293	0.552083333333333
210.2110855	0.552083333333333
210.2275754	0.552083333333333
210.2446115	0.552083333333333
210.2614401	0.552083333333333
210.2780068	0.552083333333333
210.2945345	0.552083333333333
210.3112895	0.552083333333333
210.3277609	0.552083333333333
210.3447513	0.552083333333333
210.3614145	0.552083333333333
210.3780753	0.552083333333333
210.3944933	0.552083333333333
210.4113159	0.552083333333333
210.4280386	0.552083333333333
210.4442299	0.552083333333333
210.4610224	0.552083333333333
210.4775118	0.552083333333333
210.4944662	0.552083333333333
210.5110565	0.552083333333333
210.5278914	0.552083333333333
210.5442395	0.552083333333333
210.5613118	0.552083333333333
210.5778496	0.552083333333333
210.5946194	0.552083333333333
210.6118579	0.552083333333333
210.6280239	0.552083333333333
210.6444263	0.552083333333333
210.6613762	0.552083333333333
210.6779559	0.552083333333333
210.6941364	0.552083333333333
210.7114597	0.552083333333333
210.7277128	0.552083333333333
210.744339	0.552083333333333
210.7613831	0.552083333333333
210.7775788	0.552083333333333
210.7939786	0.552083333333333
210.8113554	0.552083333333333
210.8273656	0.552083333333333
210.8440684	0.552083333333333
210.8616035	0.552083333333333
210.8778227	0.552083333333333
210.8941948	0.552083333333333
210.9112801	0.552083333333333
210.9281105	0.552083333333333
210.9441904	0.552083333333333
210.960739	0.552083333333333
210.9780336	0.552083333333333
210.9940222	0.552083333333333
211.0105413	0.552083333333333
211.0279761	0.552083333333333
211.0440672	0.552083333333333
211.061351	0.552083333333333
211.0781618	0.552083333333333
211.0945823	0.552083333333333
211.1108773	0.552083333333333
211.1278541	0.552083333333333
211.1441193	0.552083333333333
211.1610913	0.552083333333333
211.1780643	0.552083333333333
211.1945115	0.552083333333333
211.2137019	0.552083333333333
211.2314439	0.552083333333333
211.2444377	0.552083333333333
211.2611371	0.552083333333333
211.2781765	0.552083333333333
211.2943595	0.552083333333333
211.311528	0.552083333333333
211.3281465	0.552083333333333
211.344583	0.552083333333333
211.3614156	0.552083333333333
211.3778254	0.552083333333333
211.3946111	0.552083333333333
211.4108715	0.552083333333333
211.4276625	0.552083333333333
211.4443821	0.552083333333333
211.4608683	0.552083333333333
211.4780387	0.552083333333333
211.4941985	0.552083333333333
211.5114389	0.552083333333333
211.5283012	0.552083333333333
211.5445892	0.552083333333333
211.5619219	0.552083333333333
211.5779479	0.552083333333333
211.5943716	0.552083333333333
211.6114259	0.552083333333333
211.6282405	0.552083333333333
211.6443074	0.552083333333333
211.6610328	0.552083333333333
211.6779106	0.552083333333333
211.6939961	0.552083333333333
211.7111586	0.552083333333333
211.7282425	0.552083333333333
211.7445156	0.552083333333333
211.7612733	0.552083333333333
211.7780393	0.552083333333333
211.7942805	0.552083333333333
211.8112721	0.552083333333333
211.8281246	0.552083333333333
211.8441159	0.552083333333333
211.861263	0.552083333333333
211.878124	0.552083333333333
211.8942231	0.552083333333333
211.9110442	0.552083333333333
211.9281144	0.552083333333333
211.9439831	0.552083333333333
211.9613671	0.552083333333333
211.9778337	0.552083333333333
211.9943318	0.552083333333333
212.0114438	0.552083333333333
212.0278976	0.552083333333333
212.0444643	0.552083333333333
212.0614877	0.552083333333333
212.0780684	0.552083333333333
212.0945335	0.552083333333333
212.1115047	0.552083333333333
212.1278175	0.552083333333333
212.1442197	0.552083333333333
212.1613853	0.552083333333333
212.1783275	0.552083333333333
212.1942858	0.552083333333333
212.2112368	0.552083333333333
212.2277367	0.552083333333333
212.2448389	0.552083333333333
212.2609715	0.552083333333333
212.2779363	0.552083333333333
212.2940611	0.552083333333333
212.3110498	0.552083333333333
212.3279433	0.552083333333333
212.3441132	0.552083333333333
212.3614312	0.552083333333333
212.3776043	0.552083333333333
212.3941157	0.552083333333333
212.4112522	0.552083333333333
212.4277178	0.552083333333333
212.4444111	0.552083333333333
212.4613099	0.552083333333333
212.4778838	0.552083333333333
212.4940675	0.552083333333333
212.5113589	0.552083333333333
212.5277958	0.552083333333333
212.5442631	0.552083333333333
212.560983	0.552083333333333
212.5777215	0.552083333333333
212.5943616	0.552083333333333
212.6113097	0.552083333333333
212.6276522	0.552083333333333
212.6443619	0.552083333333333
212.6612295	0.552083333333333
212.6778779	0.552083333333333
212.6942653	0.552083333333333
212.7120132	0.552083333333333
212.7274858	0.552083333333333
212.7440785	0.552083333333333
212.7611724	0.552083333333333
212.7779328	0.552083333333333
212.7940108	0.552083333333333
212.8111791	0.552083333333333
212.8276016	0.552083333333333
212.8439762	0.552083333333333
212.8609304	0.552083333333333
212.8778783	0.552083333333333
212.8940958	0.552083333333333
212.9111318	0.552083333333333
212.9276205	0.552083333333333
212.9442941	0.552083333333333
212.9612991	0.552083333333333
212.9775635	0.552083333333333
212.9940781	0.552083333333333
213.0113865	0.552083333333333
213.0279273	0.552083333333333
213.0440772	0.552083333333333
213.0613141	0.552083333333333
213.0774853	0.552083333333333
213.0943759	0.552083333333333
213.1115766	0.552083333333333
213.1274865	0.552083333333333
213.1444834	0.552083333333333
213.1610374	0.552083333333333
213.1779868	0.552083333333333
213.1940803	0.552083333333333
213.2113112	0.552083333333333
213.2281586	0.552083333333333
213.2441963	0.552083333333333
213.2612613	0.552083333333333
213.2779207	0.552083333333333
213.2940996	0.552083333333333
213.3112144	0.552083333333333
213.3279753	0.552083333333333
213.3445124	0.552083333333333
213.3608159	0.552083333333333
213.3776117	0.552083333333333
213.3943851	0.552083333333333
213.4112109	0.552083333333333
213.4276514	0.552083333333333
213.4443387	0.552083333333333
213.4610509	0.552083333333333
213.478176	0.552083333333333
213.4943126	0.552083333333333
213.5109023	0.552083333333333
213.5277329	0.552083333333333
213.5440455	0.552083333333333
213.5613063	0.552083333333333
213.5777481	0.552083333333333
213.5941063	0.552083333333333
213.6114916	0.552083333333333
213.6280652	0.552083333333333
213.6438856	0.552083333333333
213.6614573	0.552083333333333
213.6779308	0.552083333333333
213.6942963	0.552083333333333
213.7113937	0.552083333333333
213.7285481	0.552083333333333
213.7443001	0.552083333333333
213.7620552	0.552083333333333
213.7775339	0.552083333333333
213.7941419	0.552083333333333
213.8105972	0.552083333333333
213.8274185	0.552083333333333
213.844212	0.552083333333333
213.8608142	0.552083333333333
213.8780873	0.552083333333333
213.8946349	0.552083333333333
213.9113341	0.552083333333333
213.9279189	0.552083333333333
213.9444814	0.552083333333333
213.961125	0.552083333333333
213.9778171	0.552083333333333
213.994745	0.552083333333333
214.0111308	0.552083333333333
214.0280783	0.552083333333333
214.0440829	0.552083333333333
214.0612467	0.552083333333333
214.07796	0.552083333333333
214.0944684	0.552083333333333
214.1109356	0.552083333333333
214.1275397	0.552083333333333
214.1442962	0.552083333333333
214.161388	0.552083333333333
214.1778264	0.552083333333333
214.1943777	0.552083333333333
214.2112822	0.552083333333333
214.2278505	0.552083333333333
214.2444501	0.552083333333333
214.2613019	0.552083333333333
214.2774283	0.552083333333333
214.2938522	0.552083333333333
214.3111962	0.552083333333333
214.3271201	0.552083333333333
214.3444659	0.552083333333333
214.3617163	0.552083333333333
214.3774375	0.552083333333333
214.394131	0.552083333333333
214.4110098	0.552083333333333
214.4278573	0.552083333333333
214.444438	0.552083333333333
214.4612021	0.552083333333333
214.4774376	0.552083333333333
214.4944644	0.552083333333333
214.5109104	0.552083333333333
214.5279421	0.552083333333333
214.5439125	0.552083333333333
214.5612057	0.552083333333333
214.5776897	0.552083333333333
214.5941509	0.552083333333333
214.611179	0.552083333333333
214.6279355	0.552083333333333
214.6443201	0.552083333333333
214.6613574	0.552083333333333
214.6777578	0.552083333333333
214.6943265	0.552083333333333
214.7111745	0.552083333333333
214.7275619	0.552083333333333
214.7444575	0.552083333333333
214.7612507	0.552083333333333
214.7775165	0.552083333333333
214.7944582	0.552083333333333
214.8111253	0.552083333333333
214.8278689	0.552083333333333
214.8439607	0.552083333333333
214.8608577	0.552083333333333
214.877601	0.552083333333333
214.8944412	0.552083333333333
214.9109692	0.552083333333333
214.9276328	0.552083333333333
214.9445357	0.552083333333333
214.9611184	0.552083333333333
214.9774787	0.552083333333333
214.9941761	0.552083333333333
215.0107799	0.552083333333333
215.0276222	0.552083333333333
215.0442251	0.552083333333333
215.0609629	0.552083333333333
215.0775172	0.552083333333333
215.0944133	0.552083333333333
215.110678	0.552083333333333
215.1275883	0.552083333333333
215.1445233	0.552083333333333
215.1610655	0.552083333333333
215.17791	0.552083333333333
215.1943391	0.552083333333333
215.2108353	0.552083333333333
215.2274324	0.552083333333333
215.2443615	0.552083333333333
215.2610834	0.552083333333333
215.2776233	0.552083333333333
215.2941604	0.552083333333333
215.311174	0.552083333333333
215.3275359	0.552083333333333
215.3440788	0.552083333333333
215.3614109	0.552083333333333
215.3775682	0.552083333333333
215.3940238	0.552083333333333
215.4111266	0.552083333333333
215.4276646	0.552083333333333
215.4443967	0.552083333333333
215.4607026	0.552083333333333
215.4774114	0.552083333333333
215.4938642	0.552083333333333
215.5106515	0.552083333333333
215.5274106	0.552083333333333
215.5442354	0.552083333333333
215.5614514	0.552083333333333
215.5776849	0.552083333333333
215.5940877	0.552083333333333
215.6110762	0.552083333333333
215.6278446	0.552083333333333
215.6440907	0.552083333333333
215.6610307	0.552083333333333
215.6792131	0.552083333333333
215.6977667	0.552083333333333
215.7117136	0.552083333333333
215.7319482	0.552083333333333
215.7454931	0.552083333333333
215.7638902	0.552083333333333
215.78	0.552083333333333
215.7977099	0.552083333333333
215.813586	0.552083333333333
215.8301125	0.552083333333333
215.8460829	0.552083333333333
215.8634783	0.552083333333333
215.8831325	0.552083333333333
215.8968881	0.552083333333333
215.9105635	0.552083333333333
215.9271722	0.552083333333333
215.9438959	0.552083333333333
215.9609647	0.552083333333333
215.9770884	0.552083333333333
215.9940719	0.552083333333333
216.0109826	0.552083333333333
216.02753	0.552083333333333
216.0439369	0.552083333333333
216.0606672	0.552083333333333
216.0780191	0.552083333333333
216.0941546	0.552083333333333
216.1108849	0.552083333333333
216.1276341	0.552083333333333
216.1441872	0.552083333333333
216.1613965	0.552083333333333
216.1783297	0.552083333333333
216.1943352	0.552083333333333
216.2106056	0.552083333333333
216.2277275	0.552083333333333
216.2439043	0.552083333333333
216.2610401	0.552083333333333
216.2780489	0.552083333333333
216.2944166	0.552083333333333
216.310838	0.552083333333333
216.3280052	0.552083333333333
216.3444036	0.552083333333333
216.3614403	0.552083333333333
216.3774481	0.552083333333333
216.394722	0.552083333333333
216.4108107	0.552083333333333
216.4272815	0.552083333333333
216.4444837	0.552083333333333
216.4610619	0.552083333333333
216.4784862	0.552083333333333
216.4943535	0.552083333333333
216.5108149	0.552083333333333
216.5275586	0.552083333333333
216.5441848	0.552083333333333
216.5612411	0.552083333333333
216.5776857	0.552083333333333
216.5943111	0.552083333333333
216.6110457	0.552083333333333
216.627899	0.552083333333333
216.6441045	0.552083333333333
216.6607681	0.552083333333333
216.6774833	0.552083333333333
216.6939719	0.552083333333333
216.7110324	0.552083333333333
216.7275023	0.552083333333333
216.7445553	0.552083333333333
216.761413	0.552083333333333
216.7778065	0.552083333333333
216.7945241	0.552083333333333
216.8112175	0.552083333333333
216.8274144	0.552083333333333
216.844591	0.560416666666667
216.8612577	0.560416666666667
216.8776254	0.560416666666667
216.8945518	0.569791666666667
216.911412	0.578125
216.9278922	0.578125
216.9443545	0.578125
216.9612493	0.578125
216.9776892	0.578125
216.9944658	0.578125
217.0109074	0.578125
217.0277285	0.578125
217.0441565	0.578125
217.061306	0.586458333333333
217.0777352	0.586458333333333
217.0937848	0.586458333333333
217.1111068	0.586458333333333
217.1276579	0.586458333333333
217.1440247	0.586458333333333
217.161102	0.586458333333333
217.1776527	0.586458333333333
217.194365	0.586458333333333
217.2110325	0.586458333333333
217.2278241	0.586458333333333
217.2445416	0.586458333333333
217.2607515	0.586458333333333
217.2773439	0.586458333333333
217.2945925	0.586458333333333
217.3110285	0.586458333333333
217.3276739	0.586458333333333
217.3439258	0.586458333333333
217.3611099	0.586458333333333
217.3775769	0.586458333333333
217.3943384	0.586458333333333
217.410712	0.586458333333333
217.4276897	0.586458333333333
217.4440165	0.586458333333333
217.4610108	0.586458333333333
217.4775315	0.586458333333333
217.4943436	0.586458333333333
217.5107545	0.586458333333333
217.5273274	0.586458333333333
217.5446437	0.594791666666667
217.560689	0.594791666666667
217.577176	0.594791666666667
217.5938952	0.594791666666667
217.6109981	0.594791666666667
217.6279105	0.594791666666667
217.643876	0.594791666666667
217.6608412	0.594791666666667
217.6770383	0.594791666666667
217.6943089	0.594791666666667
217.7113506	0.594791666666667
217.7279797	0.594791666666667
217.744384	0.594791666666667
217.7613579	0.594791666666667
217.7778871	0.594791666666667
217.7943576	0.594791666666667
217.8111779	0.594791666666667
217.8274624	0.594791666666667
217.8443349	0.594791666666667
217.8609457	0.594791666666667
217.8776758	0.594791666666667
217.8940033	0.594791666666667
217.9110384	0.594791666666667
217.9278215	0.594791666666667
217.9443178	0.594791666666667
217.9611245	0.594791666666667
217.9776745	0.594791666666667
217.9940651	0.594791666666667
218.0110195	0.594791666666667
218.0275699	0.594791666666667
218.0437929	0.594791666666667
218.0606086	0.594791666666667
218.0776662	0.594791666666667
218.0943452	0.594791666666667
218.1114137	0.594791666666667
218.1276766	0.594791666666667
218.144118	0.594791666666667
218.1611893	0.594791666666667
218.178011	0.594791666666667
218.1942997	0.594791666666667
218.2109145	0.594791666666667
218.2273497	0.594791666666667
218.2444451	0.594791666666667
218.2607637	0.594791666666667
218.2775167	0.594791666666667
218.2942383	0.594791666666667
218.310994	0.594791666666667
218.3275635	0.594791666666667
218.3444877	0.594791666666667
218.3612357	0.594791666666667
218.3776079	0.594791666666667
218.3939466	0.594791666666667
218.4107576	0.594791666666667
218.4277978	0.594791666666667
218.4444726	0.594791666666667
218.4607292	0.594791666666667
218.4773634	0.594791666666667
218.4943028	0.594791666666667
218.5109466	0.594791666666667
218.5275656	0.594791666666667
218.5444072	0.594791666666667
218.5612025	0.594791666666667
218.5774611	0.594791666666667
218.5942457	0.594791666666667
218.6108406	0.594791666666667
218.6281283	0.594791666666667
218.644281	0.594791666666667
218.6609511	0.594791666666667
218.677785	0.594791666666667
218.6938523	0.594791666666667
218.7109773	0.594791666666667
218.7274043	0.594791666666667
218.744422	0.594791666666667
218.7610105	0.594791666666667
218.7776002	0.594791666666667
218.794165	0.594791666666667
218.810528	0.594791666666667
218.8271316	0.594791666666667
218.8442738	0.594791666666667
218.8608285	0.594791666666667
218.877642	0.594791666666667
218.8940958	0.594791666666667
218.9109022	0.594791666666667
218.9275733	0.594791666666667
218.944135	0.594791666666667
218.9603714	0.594791666666667
218.9773637	0.594791666666667
218.9936087	0.594791666666667
219.0107998	0.594791666666667
219.0274464	0.594791666666667
219.0441476	0.594791666666667
219.0608741	0.594791666666667
219.0773354	0.594791666666667
219.094224	0.594791666666667
219.1108188	0.594791666666667
219.1276306	0.594791666666667
219.1436555	0.594791666666667
219.1609616	0.594791666666667
219.1775102	0.594791666666667
219.1943237	0.594791666666667
219.2116896	0.594791666666667
219.2272358	0.594791666666667
219.2438477	0.594791666666667
219.2604557	0.594791666666667
219.2774337	0.594791666666667
219.2942698	0.594791666666667
219.3106938	0.594791666666667
219.32796	0.594791666666667
219.344137	0.594791666666667
219.3607369	0.594791666666667
219.3775313	0.594791666666667
219.3940539	0.594791666666667
219.4108384	0.594791666666667
219.427576	0.594791666666667
219.4444984	0.594791666666667
219.4607019	0.594791666666667
219.4775966	0.594791666666667
219.4942011	0.594791666666667
219.5109464	0.594791666666667
219.5272793	0.594791666666667
219.544634	0.594791666666667
219.5610651	0.594791666666667
219.5775635	0.594791666666667
219.5942716	0.594791666666667
219.6109698	0.594791666666667
219.627454	0.594791666666667
219.6438823	0.594791666666667
219.6608681	0.594791666666667
219.6772547	0.594791666666667
219.6942505	0.594791666666667
219.7110318	0.594791666666667
219.7275443	0.594791666666667
219.7442339	0.594791666666667
219.7610035	0.594791666666667
219.7770497	0.594791666666667
219.7942024	0.594791666666667
219.8109852	0.594791666666667
219.8275903	0.594791666666667
219.8441796	0.594791666666667
219.8610968	0.594791666666667
219.8773067	0.594791666666667
219.8942136	0.594791666666667
219.9107901	0.594791666666667
219.9274126	0.594791666666667
219.9440151	0.594791666666667
219.9609075	0.594791666666667
219.9773625	0.594791666666667
219.9944655	0.594791666666667
220.0111276	0.594791666666667
220.0272039	0.594791666666667
220.0441801	0.594791666666667
220.0605969	0.594791666666667
220.0775164	0.594791666666667
220.0942502	0.594791666666667
220.1110457	0.594791666666667
220.1274006	0.594791666666667
220.143763	0.594791666666667
220.1608507	0.594791666666667
220.1773853	0.594791666666667
220.1939287	0.594791666666667
220.2105889	0.594791666666667
220.2269184	0.594791666666667
220.2441434	0.594791666666667
220.2607412	0.594791666666667
220.2775564	0.594791666666667
220.2939567	0.594791666666667
220.3109511	0.594791666666667
220.3270921	0.594791666666667
220.3442014	0.594791666666667
220.3609461	0.594791666666667
220.376971	0.594791666666667
220.3941689	0.594791666666667
220.4113108	0.594791666666667
220.4268619	0.594791666666667
220.444146	0.594791666666667
220.461243	0.594791666666667
220.4769632	0.594791666666667
220.4941157	0.594791666666667
220.5111777	0.594791666666667
220.5272094	0.594791666666667
220.5439397	0.594791666666667
220.5608574	0.594791666666667
220.577005	0.594791666666667
220.5941354	0.594791666666667
220.6108876	0.594791666666667
220.6272594	0.594791666666667
220.6438445	0.594791666666667
220.6610628	0.594791666666667
220.6774105	0.594791666666667
220.6942972	0.594791666666667
220.7107478	0.594791666666667
220.727037	0.594791666666667
220.7443286	0.594791666666667
220.7610096	0.594791666666667
220.7772021	0.594791666666667
220.794124	0.594791666666667
220.810982	0.594791666666667
220.8273231	0.594791666666667
220.8437539	0.594791666666667
220.8609851	0.594791666666667
220.8769808	0.594791666666667
220.8938786	0.594791666666667
220.9110505	0.594791666666667
220.9271945	0.594791666666667
220.944014	0.594791666666667
220.9608047	0.594791666666667
220.9775518	0.594791666666667
220.9939854	0.594791666666667
221.0107893	0.594791666666667
221.0273283	0.594791666666667
221.0441888	0.594791666666667
221.0607657	0.594791666666667
221.0774849	0.594791666666667
221.0940874	0.594791666666667
221.1108774	0.594791666666667
221.1274549	0.594791666666667
221.1440625	0.594791666666667
221.1606842	0.594791666666667
221.1773076	0.594791666666667
221.1936941	0.594791666666667
221.2105989	0.594791666666667
221.2273275	0.594791666666667
221.2437831	0.594791666666667
221.2608142	0.594791666666667
221.27747	0.594791666666667
221.2938861	0.594791666666667
221.3106897	0.594791666666667
221.327552	0.594791666666667
221.3439222	0.594791666666667
221.3612238	0.594791666666667
221.37736	0.594791666666667
221.3942955	0.594791666666667
221.4109168	0.594791666666667
221.4270001	0.594791666666667
221.4439807	0.594791666666667
221.460923	0.594791666666667
221.4770548	0.594791666666667
221.4941307	0.594791666666667
221.5106829	0.594791666666667
221.5274621	0.594791666666667
221.5440987	0.594791666666667
221.5609559	0.594791666666667
221.576996	0.594791666666667
221.5942956	0.594791666666667
221.6105556	0.594791666666667
221.6269296	0.594791666666667
221.6439423	0.594791666666667
221.6606966	0.594791666666667
221.6774597	0.594791666666667
221.6942942	0.594791666666667
221.7111239	0.604166666666667
221.7275206	0.6125
221.7440007	0.605208333333333
221.7608106	0.605208333333333
221.7777049	0.596875
221.794246	0.588541666666667
221.8109526	0.588541666666667
221.8273175	0.588541666666667
221.8441188	0.588541666666667
221.8608537	0.588541666666667
221.8774754	0.588541666666667
221.8943895	0.588541666666667
221.9109036	0.588541666666667
221.9269247	0.588541666666667
221.944168	0.588541666666667
221.9610521	0.588541666666667
221.9770279	0.588541666666667
221.9941064	0.588541666666667
222.010959	0.588541666666667
222.0273823	0.588541666666667
222.0441698	0.588541666666667
222.061033	0.588541666666667
222.0768534	0.588541666666667
222.0943276	0.588541666666667
222.1108314	0.588541666666667
222.1269232	0.588541666666667
222.1439414	0.588541666666667
222.1607932	0.588541666666667
222.1770307	0.588541666666667
222.1941597	0.588541666666667
222.210646	0.588541666666667
222.227069	0.588541666666667
222.2443581	0.588541666666667
222.2608501	0.588541666666667
222.2769094	0.588541666666667
222.2936378	0.588541666666667
222.3109252	0.588541666666667
222.327336	0.588541666666667
222.3446355	0.588541666666667
222.3606387	0.588541666666667
222.3774224	0.588541666666667
222.3937389	0.588541666666667
222.4108683	0.588541666666667
222.4270014	0.588541666666667
222.4442623	0.588541666666667
222.461493	0.588541666666667
222.4774173	0.588541666666667
222.4941753	0.588541666666667
222.5106813	0.588541666666667
222.5272453	0.588541666666667
222.5440884	0.588541666666667
222.5608204	0.588541666666667
222.577304	0.588541666666667
222.5938662	0.588541666666667
222.6106276	0.588541666666667
222.6274825	0.588541666666667
222.6436777	0.588541666666667
222.660262	0.588541666666667
222.6775008	0.588541666666667
222.6940074	0.588541666666667
222.7109959	0.588541666666667
222.7267637	0.588541666666667
222.7441512	0.588541666666667
222.7612321	0.588541666666667
222.7769055	0.588541666666667
222.7941517	0.588541666666667
222.8107392	0.588541666666667
222.8273544	0.588541666666667
222.8439823	0.588541666666667
222.8609689	0.588541666666667
222.8773856	0.588541666666667
222.8940622	0.588541666666667
222.9108806	0.588541666666667
222.9271549	0.588541666666667
222.9440401	0.588541666666667
222.9608456	0.588541666666667
222.9773134	0.588541666666667
222.9941444	0.588541666666667
223.0104364	0.588541666666667
223.0271239	0.588541666666667
223.0441219	0.588541666666667
223.0609104	0.588541666666667
223.077241	0.588541666666667
223.0940337	0.588541666666667
223.1109941	0.588541666666667
223.1270142	0.588541666666667
223.143903	0.588541666666667
223.1605613	0.588541666666667
223.1774086	0.588541666666667
223.194195	0.588541666666667
223.2108829	0.588541666666667
223.2275719	0.588541666666667
223.2440669	0.588541666666667
223.2605874	0.588541666666667
223.2776933	0.588541666666667
223.2940146	0.588541666666667
223.3109818	0.588541666666667
223.3268754	0.588541666666667
223.3441749	0.588541666666667
223.3604355	0.588541666666667
223.3770572	0.588541666666667
223.3937173	0.588541666666667
223.4106852	0.588541666666667
223.4275275	0.588541666666667
223.4441641	0.588541666666667
223.4609465	0.588541666666667
223.4773927	0.588541666666667
223.4940622	0.588541666666667
223.5108043	0.588541666666667
223.5274279	0.588541666666667
223.544109	0.588541666666667
223.560848	0.588541666666667
223.5772832	0.588541666666667
223.5940449	0.588541666666667
223.6107361	0.588541666666667
223.6273924	0.588541666666667
223.6436638	0.588541666666667
223.6605678	0.588541666666667
223.6775269	0.588541666666667
223.6943342	0.588541666666667
223.7117013	0.588541666666667
223.7276583	0.588541666666667
223.7442041	0.588541666666667
223.7607362	0.588541666666667
223.7768578	0.588541666666667
223.7939458	0.588541666666667
223.8107755	0.588541666666667
223.8270761	0.588541666666667
223.8438048	0.588541666666667
223.8607957	0.588541666666667
223.8770597	0.588541666666667
223.8938795	0.588541666666667
223.9108193	0.588541666666667
223.9272031	0.588541666666667
223.9438457	0.588541666666667
223.9608035	0.588541666666667
223.9769307	0.588541666666667
223.9940423	0.588541666666667
224.0109439	0.588541666666667
224.0268266	0.588541666666667
224.0438369	0.588541666666667
224.0606177	0.588541666666667
224.0774024	0.588541666666667
224.0939714	0.588541666666667
224.1108929	0.588541666666667
224.127193	0.588541666666667
224.1443365	0.588541666666667
224.1606516	0.588541666666667
224.1773532	0.588541666666667
224.1944088	0.588541666666667
224.2106202	0.588541666666667
224.227028	0.588541666666667
224.2439764	0.588541666666667
224.2604712	0.588541666666667
224.2772609	0.588541666666667
224.293868	0.588541666666667
224.3108114	0.588541666666667
224.3272348	0.588541666666667
224.3440064	0.588541666666667
224.3609041	0.588541666666667
224.3776177	0.588541666666667
224.3938308	0.588541666666667
224.4104305	0.588541666666667
224.4270529	0.588541666666667
224.4438858	0.588541666666667
224.4607392	0.588541666666667
224.4771165	0.588541666666667
224.493946	0.588541666666667
224.5106415	0.588541666666667
224.5268043	0.588541666666667
224.5442026	0.588541666666667
224.5606379	0.588541666666667
224.5773402	0.588541666666667
224.5938201	0.588541666666667
224.6109431	0.588541666666667
224.6271452	0.588541666666667
224.643943	0.588541666666667
224.6609138	0.588541666666667
224.6771612	0.588541666666667
224.6938796	0.588541666666667
224.7104748	0.588541666666667
224.7273698	0.588541666666667
224.7438452	0.588541666666667
224.7605214	0.588541666666667
224.7767904	0.588541666666667
224.7938875	0.588541666666667
224.8105507	0.588541666666667
224.8273443	0.588541666666667
224.8438342	0.588541666666667
224.8609995	0.588541666666667
224.8775444	0.588541666666667
224.8940956	0.588541666666667
224.9103279	0.588541666666667
224.9273981	0.588541666666667
224.9439052	0.588541666666667
224.9608622	0.588541666666667
224.9770545	0.588541666666667
224.9939029	0.588541666666667
225.0102697	0.588541666666667
225.0270881	0.588541666666667
225.0439335	0.588541666666667
225.060721	0.588541666666667
225.0778126	0.588541666666667
225.0939465	0.588541666666667
225.1111418	0.588541666666667
225.1274226	0.588541666666667
225.1438663	0.588541666666667
225.1608717	0.588541666666667
225.1771595	0.588541666666667
225.1938178	0.588541666666667
225.210685	0.588541666666667
225.2273038	0.588541666666667
225.2441695	0.588541666666667
225.2605555	0.588541666666667
225.2776672	0.588541666666667
225.2940586	0.588541666666667
225.3107882	0.588541666666667
225.3272893	0.588541666666667
225.3438048	0.588541666666667
225.3606891	0.588541666666667
225.3775531	0.588541666666667
225.3939353	0.588541666666667
225.4107023	0.588541666666667
225.4269154	0.588541666666667
225.4439174	0.588541666666667
225.4608298	0.588541666666667
225.4774346	0.588541666666667
225.4939902	0.588541666666667
225.5123862	0.588541666666667
225.5275557	0.588541666666667
225.5437024	0.588541666666667
225.5606223	0.588541666666667
225.577474	0.588541666666667
225.5938937	0.588541666666667
225.6104751	0.588541666666667
225.6267545	0.588541666666667
225.6442156	0.588541666666667
225.6606632	0.588541666666667
225.6770783	0.588541666666667
225.6937843	0.588541666666667
225.7107036	0.588541666666667
225.7272892	0.588541666666667
225.7440083	0.588541666666667
225.7606912	0.588541666666667
225.7774154	0.588541666666667
225.7938287	0.588541666666667
225.8105949	0.588541666666667
225.8272895	0.588541666666667
225.8440972	0.588541666666667
225.8605535	0.588541666666667
225.877884	0.588541666666667
225.8938234	0.588541666666667
225.9107076	0.588541666666667
225.9272982	0.588541666666667
225.943577	0.588541666666667
225.9608122	0.588541666666667
225.9773478	0.588541666666667
225.9939453	0.588541666666667
226.0108812	0.588541666666667
226.0273652	0.588541666666667
226.0440624	0.588541666666667
226.0608813	0.588541666666667
226.0773233	0.588541666666667
226.0940974	0.588541666666667
226.1107212	0.588541666666667
226.1267702	0.588541666666667
226.1438074	0.588541666666667
226.1607697	0.588541666666667
226.1773904	0.588541666666667
226.1937835	0.588541666666667
226.2106193	0.588541666666667
226.2272547	0.588541666666667
226.2442735	0.588541666666667
226.2606779	0.588541666666667
226.277641	0.588541666666667
226.2937701	0.588541666666667
226.3104178	0.588541666666667
226.3273455	0.588541666666667
226.3439903	0.588541666666667
226.3603242	0.588541666666667
226.3773342	0.588541666666667
226.3936835	0.588541666666667
226.4104571	0.588541666666667
226.4268981	0.588541666666667
226.444201	0.588541666666667
226.4604907	0.588541666666667
226.4775208	0.588541666666667
226.4944174	0.588541666666667
226.5107726	0.588541666666667
226.5272951	0.588541666666667
226.54417	0.588541666666667
226.5604002	0.588541666666667
226.5772218	0.588541666666667
226.5938089	0.588541666666667
226.6104079	0.588541666666667
226.627698	0.588541666666667
226.6440507	0.588541666666667
226.6605949	0.588541666666667
226.6773672	0.588541666666667
226.6938312	0.588541666666667
226.7106247	0.588541666666667
226.7271372	0.588541666666667
226.7436734	0.588541666666667
226.7606364	0.588541666666667
226.7772427	0.588541666666667
226.7937841	0.588541666666667
226.8104073	0.588541666666667
226.8272542	0.588541666666667
226.8435548	0.588541666666667
226.8607479	0.588541666666667
226.8775879	0.588541666666667
226.8938254	0.588541666666667
226.9109579	0.588541666666667
226.9268383	0.588541666666667
226.9437382	0.588541666666667
226.9607249	0.588541666666667
226.977427	0.588541666666667
226.993672	0.588541666666667
227.0105488	0.588541666666667
227.0273558	0.588541666666667
227.0440674	0.588541666666667
227.0604328	0.588541666666667
227.0774802	0.588541666666667
227.0941148	0.588541666666667
227.1103207	0.588541666666667
227.1273973	0.588541666666667
227.1435531	0.588541666666667
227.1604212	0.588541666666667
227.177151	0.588541666666667
227.1938877	0.588541666666667
227.2104344	0.588541666666667
227.2279238	0.588541666666667
227.2439663	0.588541666666667
227.2605546	0.588541666666667
227.2770918	0.588541666666667
227.2937797	0.588541666666667
227.3104009	0.588541666666667
227.327153	0.588541666666667
227.3435445	0.588541666666667
227.3606075	0.588541666666667
227.3774049	0.588541666666667
227.3938227	0.588541666666667
227.4109675	0.588541666666667
227.4271668	0.588541666666667
227.4438538	0.588541666666667
227.4607005	0.588541666666667
227.4772898	0.588541666666667
227.4938484	0.588541666666667
227.5105225	0.588541666666667
227.5273991	0.588541666666667
227.543692	0.588541666666667
227.5604824	0.588541666666667
227.5766967	0.588541666666667
227.5935728	0.588541666666667
227.6104797	0.588541666666667
227.6270633	0.588541666666667
227.6439618	0.588541666666667
227.6602476	0.588541666666667
227.6773772	0.588541666666667
227.6937718	0.588541666666667
227.7106192	0.588541666666667
227.7272311	0.588541666666667
227.7435706	0.588541666666667
227.7605447	0.588541666666667
227.7774617	0.588541666666667
227.7935089	0.588541666666667
227.8103268	0.588541666666667
227.8271965	0.588541666666667
227.8439511	0.588541666666667
227.8605194	0.588541666666667
227.8775029	0.588541666666667
227.8937713	0.588541666666667
227.9106222	0.588541666666667
227.9273136	0.588541666666667
227.943585	0.588541666666667
227.9605708	0.588541666666667
227.9770719	0.588541666666667
227.9936017	0.588541666666667
228.0104838	0.588541666666667
228.0270644	0.588541666666667
228.043856	0.588541666666667
228.0611224	0.588541666666667
228.0769032	0.588541666666667
228.0935788	0.588541666666667
228.110182	0.588541666666667
228.1271962	0.588541666666667
228.1436393	0.588541666666667
228.160662	0.588541666666667
228.1772719	0.588541666666667
228.1937015	0.588541666666667
228.2105779	0.588541666666667
228.2266281	0.588541666666667
228.2438439	0.588541666666667
228.2605566	0.588541666666667
228.2771659	0.588541666666667
228.2940427	0.588541666666667
228.3105725	0.588541666666667
228.3270997	0.588541666666667
228.3440792	0.588541666666667
228.3606002	0.588541666666667
228.377575	0.588541666666667
228.3936796	0.588541666666667
228.410661	0.588541666666667
228.4273235	0.588541666666667
228.4438545	0.588541666666667
228.460674	0.588541666666667
228.4769061	0.588541666666667
228.4938551	0.588541666666667
228.5106161	0.588541666666667
228.5272329	0.588541666666667
228.5438127	0.588541666666667
228.5610099	0.588541666666667
228.5765303	0.588541666666667
228.5937338	0.588541666666667
228.6105425	0.588541666666667
228.6272954	0.588541666666667
228.6437342	0.588541666666667
228.6605838	0.588541666666667
228.6774291	0.588541666666667
228.6939085	0.588541666666667
228.7104757	0.588541666666667
228.7269205	0.588541666666667
228.743894	0.588541666666667
228.7605625	0.588541666666667
228.7771606	0.588541666666667
228.7940104	0.588541666666667
228.810465	0.588541666666667
228.8275141	0.588541666666667
228.8436186	0.588541666666667
228.8605319	0.588541666666667
228.8767317	0.588541666666667
228.8936786	0.588541666666667
228.9104092	0.588541666666667
228.9271017	0.588541666666667
228.9438294	0.588541666666667
228.9605727	0.588541666666667
228.9771027	0.588541666666667
228.9935287	0.588541666666667
229.0102736	0.588541666666667
229.0274078	0.588541666666667
229.0435398	0.588541666666667
229.0600141	0.588541666666667
229.077205	0.588541666666667
229.0941246	0.588541666666667
229.1104822	0.588541666666667
229.1272581	0.588541666666667
229.1435101	0.588541666666667
229.1607725	0.588541666666667
229.176551	0.588541666666667
229.1938083	0.588541666666667
229.2105789	0.588541666666667
229.2272502	0.588541666666667
229.2435481	0.588541666666667
229.2604216	0.588541666666667
229.2769554	0.588541666666667
229.2938639	0.588541666666667
229.31074	0.588541666666667
229.3272927	0.588541666666667
229.3439109	0.588541666666667
229.3608027	0.588541666666667
229.3773572	0.588541666666667
229.3937151	0.588541666666667
229.410414	0.588541666666667
229.4271076	0.588541666666667
229.4438854	0.588541666666667
229.4605598	0.588541666666667
229.4767747	0.588541666666667
229.494227	0.588541666666667
229.5102073	0.588541666666667
229.5269956	0.588541666666667
229.5434304	0.588541666666667
229.560708	0.588541666666667
229.5771272	0.588541666666667
229.5936568	0.588541666666667
229.6102048	0.588541666666667
229.6268005	0.588541666666667
229.6434894	0.588541666666667
229.6599909	0.588541666666667
229.6774766	0.588541666666667
229.6936587	0.588541666666667
229.7104596	0.588541666666667
229.7273383	0.588541666666667
229.743741	0.588541666666667
229.760522	0.588541666666667
229.7767684	0.588541666666667
229.7939778	0.588541666666667
229.8105255	0.588541666666667
229.827104	0.588541666666667
229.8438049	0.588541666666667
229.8604486	0.588541666666667
229.8774658	0.588541666666667
229.8938707	0.588541666666667
229.9105166	0.588541666666667
229.92709	0.588541666666667
229.9436269	0.588541666666667
229.9605264	0.588541666666667
229.976853	0.588541666666667
229.9937402	0.588541666666667
230.010504	0.588541666666667
230.0271583	0.588541666666667
230.0434089	0.588541666666667
230.0603247	0.588541666666667
230.0772531	0.588541666666667
230.0938636	0.588541666666667
230.1105308	0.588541666666667
230.1269623	0.588541666666667
230.143628	0.588541666666667
230.1605365	0.588541666666667
230.1775068	0.588541666666667
230.1935929	0.588541666666667
230.2105275	0.588541666666667
230.2271626	0.588541666666667
230.2436694	0.588541666666667
230.2606355	0.588541666666667
230.2775317	0.588541666666667
230.2937618	0.588541666666667
230.3106597	0.588541666666667
230.3272891	0.588541666666667
230.3436201	0.588541666666667
230.3605355	0.588541666666667
230.3773537	0.588541666666667
230.3936501	0.588541666666667
230.4103148	0.588541666666667
230.4270951	0.588541666666667
230.4438741	0.588541666666667
230.4599654	0.588541666666667
230.4772608	0.588541666666667
230.4936352	0.588541666666667
230.5103525	0.588541666666667
230.5272664	0.588541666666667
230.5434002	0.588541666666667
230.56006	0.588541666666667
230.5774824	0.588541666666667
230.5938464	0.588541666666667
230.610524	0.588541666666667
230.6277457	0.588541666666667
230.6436534	0.588541666666667
230.660626	0.588541666666667
230.6770859	0.588541666666667
230.6936562	0.588541666666667
230.7106074	0.588541666666667
230.7279949	0.588541666666667
230.7439992	0.588541666666667
230.7605894	0.588541666666667
230.7771279	0.588541666666667
230.7934054	0.588541666666667
230.8105015	0.588541666666667
230.8271715	0.588541666666667
230.8435975	0.588541666666667
230.8604176	0.588541666666667
230.8773209	0.588541666666667
230.8938767	0.588541666666667
230.9102706	0.588541666666667
230.9271578	0.588541666666667
230.9434882	0.588541666666667
230.9605881	0.588541666666667
230.9769242	0.588541666666667
230.9936824	0.588541666666667
231.0103581	0.588541666666667
231.0271162	0.588541666666667
231.043822	0.588541666666667
231.0606365	0.588541666666667
231.0771981	0.588541666666667
231.0936594	0.588541666666667
231.110339	0.588541666666667
231.1270976	0.588541666666667
231.1437782	0.588541666666667
231.1608811	0.588541666666667
231.1774325	0.588541666666667
231.1938116	0.588541666666667
231.2106647	0.588541666666667
231.2271146	0.588541666666667
231.2438282	0.588541666666667
231.2604425	0.588541666666667
231.2771294	0.588541666666667
231.293386	0.588541666666667
231.3104859	0.588541666666667
231.3265912	0.588541666666667
231.343346	0.588541666666667
231.360497	0.588541666666667
231.3772388	0.588541666666667
231.3936409	0.588541666666667
231.4106598	0.588541666666667
231.4271865	0.588541666666667
231.4439464	0.588541666666667
231.4606727	0.588541666666667
231.4772615	0.588541666666667
231.4934299	0.588541666666667
231.5104846	0.588541666666667
231.5264883	0.588541666666667
231.5439429	0.588541666666667
231.5603956	0.588541666666667
231.5769963	0.588541666666667
231.5934639	0.588541666666667
231.6102757	0.588541666666667
231.627288	0.588541666666667
231.6437276	0.588541666666667
231.6604374	0.588541666666667
231.6768381	0.588541666666667
231.6935584	0.588541666666667
231.7105312	0.588541666666667
231.7268951	0.588541666666667
231.7437193	0.588541666666667
231.760098	0.588541666666667
231.7771539	0.588541666666667
231.7936929	0.588541666666667
231.8107709	0.588541666666667
231.827049	0.588541666666667
231.8437201	0.588541666666667
231.8601066	0.588541666666667
231.8771397	0.588541666666667
231.8935923	0.588541666666667
231.9105529	0.588541666666667
231.9271207	0.588541666666667
231.943871	0.588541666666667
231.9603411	0.588541666666667
231.9767121	0.588541666666667
231.9937114	0.588541666666667
232.0105751	0.588541666666667
232.0268149	0.588541666666667
232.043675	0.588541666666667
232.0605402	0.588541666666667
232.0774971	0.588541666666667
232.0938368	0.588541666666667
232.1103276	0.588541666666667
232.1272032	0.588541666666667
232.1436572	0.588541666666667
232.1602224	0.588541666666667
232.1770062	0.588541666666667
232.193791	0.588541666666667
232.2106078	0.588541666666667
232.227083	0.588541666666667
232.2433741	0.588541666666667
232.2603792	0.588541666666667
232.2773849	0.588541666666667
232.2937671	0.588541666666667
232.3105865	0.588541666666667
232.3271431	0.588541666666667
232.3436546	0.588541666666667
232.3600793	0.588541666666667
232.377063	0.588541666666667
232.3938738	0.588541666666667
232.4105091	0.588541666666667
232.4274742	0.588541666666667
232.4446046	0.588541666666667
232.4603309	0.588541666666667
232.4776544	0.588541666666667
232.4933367	0.588541666666667
232.5100711	0.588541666666667
232.5269228	0.588541666666667
232.5437723	0.588541666666667
232.5605737	0.588541666666667
232.5771334	0.588541666666667
232.5937302	0.588541666666667
232.6104058	0.588541666666667
232.6273628	0.588541666666667
232.6435128	0.588541666666667
232.6603509	0.588541666666667
232.6771651	0.588541666666667
232.6933917	0.588541666666667
232.7098139	0.588541666666667
232.7267865	0.588541666666667
232.7440027	0.588541666666667
232.7603991	0.588541666666667
232.7769896	0.588541666666667
232.7934193	0.588541666666667
232.8101367	0.588541666666667
232.827143	0.588541666666667
232.8434575	0.588541666666667
232.8598348	0.588541666666667
232.8768661	0.588541666666667
232.8938049	0.588541666666667
232.9106302	0.588541666666667
232.9272265	0.588541666666667
232.9433978	0.588541666666667
232.9599833	0.588541666666667
232.976947	0.588541666666667
232.9935858	0.588541666666667
233.0101407	0.588541666666667
233.0269595	0.588541666666667
233.0436583	0.588541666666667
233.0600081	0.588541666666667
233.0772737	0.588541666666667
233.0936187	0.588541666666667
233.1099308	0.588541666666667
233.1269981	0.588541666666667
233.1437205	0.588541666666667
233.1602519	0.588541666666667
233.1771771	0.588541666666667
233.1937072	0.588541666666667
233.2103095	0.588541666666667
233.2270791	0.588541666666667
233.2433819	0.588541666666667
233.2602422	0.588541666666667
233.2772344	0.588541666666667
233.2937407	0.588541666666667
233.3103856	0.588541666666667
233.3265622	0.588541666666667
233.3439161	0.588541666666667
233.359854	0.588541666666667
233.3766965	0.588541666666667
233.3939998	0.588541666666667
233.4104343	0.588541666666667
233.4268485	0.588541666666667
233.4436428	0.588541666666667
233.460248	0.588541666666667
233.4773306	0.588541666666667
233.493577	0.588541666666667
233.5102331	0.588541666666667
233.5270662	0.588541666666667
233.5438355	0.588541666666667
233.5600002	0.588541666666667
233.5772266	0.588541666666667
233.5934705	0.588541666666667
233.6100201	0.588541666666667
233.6269491	0.588541666666667
233.643335	0.588541666666667
233.6598484	0.588541666666667
233.6771557	0.588541666666667
233.6936222	0.588541666666667
233.7104236	0.588541666666667
233.7269648	0.588541666666667
233.7434495	0.588541666666667
233.7599935	0.588541666666667
233.7771908	0.588541666666667
233.7936442	0.588541666666667
233.8104191	0.588541666666667
233.8270713	0.588541666666667
233.8437856	0.588541666666667
233.860109	0.588541666666667
233.8769046	0.588541666666667
233.8935097	0.588541666666667
233.9101872	0.588541666666667
233.9268895	0.588541666666667
233.9433433	0.588541666666667
233.9600736	0.588541666666667
233.9767382	0.588541666666667
233.9934514	0.588541666666667
234.0103825	0.588541666666667
234.0268158	0.588541666666667
234.0436013	0.588541666666667
234.0599682	0.588541666666667
234.0771106	0.588541666666667
234.0933014	0.588541666666667
234.1102149	0.588541666666667
234.1270026	0.588541666666667
234.1436122	0.588541666666667
234.1600551	0.588541666666667
234.1772556	0.588541666666667
234.1935267	0.588541666666667
234.2103384	0.588541666666667
234.2269212	0.588541666666667
234.2434014	0.588541666666667
234.2603675	0.588541666666667
234.2769676	0.588541666666667
234.2932861	0.588541666666667
234.3103386	0.588541666666667
234.326573	0.588541666666667
234.343513	0.588541666666667
234.3603859	0.588541666666667
234.3771938	0.588541666666667
234.3934704	0.588541666666667
234.4098961	0.588541666666667
234.426927	0.588541666666667
234.4437042	0.588541666666667
234.4601201	0.588541666666667
234.4769505	0.588541666666667
234.493414	0.588541666666667
234.5105632	0.588541666666667
234.5269702	0.588541666666667
234.5433373	0.588541666666667
234.5599488	0.588541666666667
234.576912	0.588541666666667
234.5935722	0.588541666666667
234.6098697	0.588541666666667
234.6269236	0.588541666666667
234.6436032	0.588541666666667
234.6599381	0.588541666666667
234.6769965	0.588541666666667
234.6935969	0.588541666666667
234.709884	0.588541666666667
234.7272619	0.588541666666667
234.7434633	0.588541666666667
234.759853	0.588541666666667
234.7771617	0.588541666666667
234.7934165	0.588541666666667
234.8101513	0.588541666666667
234.8271663	0.588541666666667
234.843668	0.588541666666667
234.8600747	0.588541666666667
234.8767024	0.588541666666667
234.8935382	0.588541666666667
234.909951	0.588541666666667
234.9271336	0.588541666666667
234.9433923	0.588541666666667
234.9603418	0.588541666666667
234.9764799	0.588541666666667
234.9931875	0.588541666666667
235.0101692	0.588541666666667
235.0265333	0.588541666666667
235.043375	0.588541666666667
235.0601278	0.588541666666667
235.0768534	0.588541666666667
235.093525	0.588541666666667
235.1100343	0.588541666666667
235.1268654	0.588541666666667
235.1434793	0.588541666666667
235.1602149	0.588541666666667
235.177004	0.588541666666667
235.193278	0.588541666666667
235.2097958	0.588541666666667
235.2270775	0.588541666666667
235.2433473	0.588541666666667
235.2596718	0.588541666666667
235.2772349	0.588541666666667
235.2934619	0.588541666666667
235.3101123	0.588541666666667
235.3268763	0.588541666666667
235.3436476	0.588541666666667
235.3596787	0.588541666666667
235.3768472	0.588541666666667
235.3934541	0.588541666666667
235.4101163	0.588541666666667
235.4269816	0.588541666666667
235.4435912	0.588541666666667
235.4606919	0.588541666666667
235.4767458	0.588541666666667
235.4935713	0.588541666666667
235.5095818	0.588541666666667
235.5268384	0.588541666666667
235.5434572	0.588541666666667
235.5605599	0.588541666666667
235.5772147	0.588541666666667
235.593287	0.588541666666667
235.6100768	0.588541666666667
235.6272444	0.588541666666667
235.6440029	0.588541666666667
235.6597806	0.588541666666667
235.677162	0.588541666666667
235.6937681	0.588541666666667
235.7096173	0.588541666666667
235.7265406	0.588541666666667
235.7436517	0.588541666666667
235.7597913	0.588541666666667
235.7770986	0.588541666666667
235.7934095	0.588541666666667
235.8101597	0.588541666666667
235.8270751	0.588541666666667
235.8434778	0.588541666666667
235.860153	0.588541666666667
235.8771172	0.588541666666667
235.8932443	0.588541666666667
235.9100351	0.588541666666667
235.9268233	0.588541666666667
235.9434684	0.588541666666667
235.9595557	0.588541666666667
235.9769846	0.588541666666667
235.9936314	0.588541666666667
236.010225	0.588541666666667
236.0268729	0.588541666666667
236.043511	0.588541666666667
236.0601098	0.588541666666667
236.0771807	0.588541666666667
236.0934319	0.588541666666667
236.1100596	0.588541666666667
236.1266585	0.588541666666667
236.1434556	0.588541666666667
236.1603486	0.588541666666667
236.1765979	0.588541666666667
236.1932284	0.588541666666667
236.210154	0.588541666666667
236.2268861	0.588541666666667
236.2432236	0.588541666666667
236.2599316	0.588541666666667
236.27717	0.588541666666667
236.2936201	0.588541666666667
236.3099841	0.588541666666667
236.3267847	0.588541666666667
236.3432473	0.588541666666667
236.3597502	0.588541666666667
236.3767702	0.588541666666667
236.3933176	0.588541666666667
236.4101181	0.588541666666667
236.4270145	0.588541666666667
236.4434415	0.588541666666667
236.4596676	0.588541666666667
236.4770096	0.588541666666667
236.4934013	0.588541666666667
236.5103267	0.588541666666667
236.5268276	0.588541666666667
236.543707	0.588541666666667
236.5598712	0.588541666666667
236.5769614	0.588541666666667
236.5933591	0.588541666666667
236.6103283	0.588541666666667
236.6272251	0.588541666666667
236.6433134	0.588541666666667
236.6599428	0.588541666666667
236.676847	0.588541666666667
236.6936695	0.588541666666667
236.7097289	0.588541666666667
236.727018	0.588541666666667
236.743582	0.588541666666667
236.7603127	0.588541666666667
236.7770177	0.588541666666667
236.7933027	0.588541666666667
236.8100513	0.588541666666667
236.8270836	0.588541666666667
236.843292	0.588541666666667
236.8602458	0.588541666666667
236.8777235	0.588541666666667
236.893449	0.588541666666667
236.9099871	0.588541666666667
236.9266658	0.588541666666667
236.9433956	0.588541666666667
236.9600026	0.588541666666667
236.9768331	0.588541666666667
236.9935339	0.588541666666667
237.0096358	0.588541666666667
237.0271815	0.588541666666667
237.0434028	0.588541666666667
237.0601271	0.588541666666667
237.0775758	0.588541666666667
237.0936325	0.588541666666667
237.1102091	0.588541666666667
237.126888	0.588541666666667
237.143347	0.588541666666667
237.1604243	0.588541666666667
237.1768838	0.588541666666667
237.193381	0.588541666666667
237.2101594	0.588541666666667
237.2269672	0.588541666666667
237.2432504	0.588541666666667
237.2598667	0.588541666666667
237.2764832	0.588541666666667
237.293232	0.588541666666667
237.310343	0.588541666666667
237.3268314	0.588541666666667
237.3433337	0.588541666666667
237.3598348	0.588541666666667
237.3768766	0.588541666666667
237.393433	0.588541666666667
237.4104041	0.588541666666667
237.4269432	0.588541666666667
237.4432783	0.588541666666667
237.4598754	0.588541666666667
237.4768731	0.588541666666667
237.4936493	0.588541666666667
237.509937	0.588541666666667
237.5273051	0.588541666666667
237.5432289	0.588541666666667
237.5597243	0.588541666666667
237.5770979	0.588541666666667
237.5934856	0.588541666666667
237.6101923	0.588541666666667
237.6265452	0.588541666666667
237.6433489	0.588541666666667
237.6601731	0.588541666666667
237.6770394	0.588541666666667
237.6930309	0.588541666666667
237.7097658	0.588541666666667
237.7273156	0.588541666666667
237.7433375	0.588541666666667
237.7601992	0.588541666666667
237.7770527	0.588541666666667
237.7930806	0.588541666666667
237.8105057	0.588541666666667
237.8268969	0.588541666666667
237.8434453	0.588541666666667
237.8598816	0.588541666666667
237.8764996	0.588541666666667
237.8932801	0.588541666666667
237.9096697	0.588541666666667
237.9270806	0.588541666666667
237.9435563	0.588541666666667
237.9601018	0.588541666666667
237.9768197	0.588541666666667
237.9940295	0.588541666666667
238.0101533	0.588541666666667
238.0268459	0.588541666666667
238.0434662	0.588541666666667
238.0606849	0.588541666666667
238.0766976	0.588541666666667
238.0934566	0.588541666666667
238.10984	0.588541666666667
238.1270512	0.588541666666667
238.1430938	0.588541666666667
238.1599592	0.588541666666667
238.1767845	0.588541666666667
238.1934559	0.588541666666667
238.2099988	0.570833333333333
238.2272037	0.578125
238.2436587	0.578125
238.2602627	0.578125
238.2763851	0.578125
238.2929706	0.578125
238.3098441	0.578125
238.3268581	0.578125
238.3431236	0.578125
238.3602633	0.578125
238.37685	0.578125
238.3933879	0.578125
238.4105126	0.578125
238.4268478	0.578125
238.4436643	0.595833333333333
238.4599422	0.595833333333333
238.4766558	0.595833333333333
238.4933888	0.595833333333333
238.5097362	0.595833333333333
238.5265678	0.595833333333333
238.5433744	0.595833333333333
238.5597344	0.595833333333333
238.5767663	0.595833333333333
238.5938979	0.595833333333333
238.6099663	0.595833333333333
238.626851	0.595833333333333
238.6429633	0.595833333333333
238.659717	0.595833333333333
238.6768726	0.595833333333333
238.6929329	0.595833333333333
238.7100204	0.595833333333333
238.7268213	0.595833333333333
238.7442366	0.595833333333333
238.7600644	0.595833333333333
238.7813086	0.595833333333333
238.792815	0.595833333333333
238.8100397	0.595833333333333
238.8266003	0.595833333333333
238.8429838	0.595833333333333
238.8602201	0.595833333333333
238.8770313	0.595833333333333
238.893339	0.595833333333333
238.9099118	0.595833333333333
238.9268259	0.595833333333333
238.9429282	0.595833333333333
238.9600445	0.595833333333333
238.9767936	0.595833333333333
238.9929921	0.595833333333333
239.0098282	0.595833333333333
239.0267023	0.595833333333333
239.0434181	0.595833333333333
239.0596417	0.595833333333333
239.0769177	0.595833333333333
239.0932478	0.595833333333333
239.1099176	0.595833333333333
239.1266233	0.595833333333333
239.1431591	0.595833333333333
239.159824	0.595833333333333
239.1771049	0.595833333333333
239.1929245	0.595833333333333
239.2099481	0.595833333333333
239.2267552	0.595833333333333
239.2430849	0.595833333333333
239.2602455	0.595833333333333
239.2768512	0.595833333333333
239.2935058	0.595833333333333
239.3097461	0.595833333333333
239.3269625	0.595833333333333
239.343296	0.595833333333333
239.3603322	0.595833333333333
239.3766499	0.595833333333333
239.3930534	0.595833333333333
239.4098495	0.595833333333333
239.4269425	0.595833333333333
239.4428746	0.595833333333333
239.4599923	0.595833333333333
239.4767698	0.595833333333333
239.4937294	0.595833333333333
239.5102859	0.595833333333333
239.5268481	0.595833333333333
239.5429093	0.595833333333333
239.5602059	0.595833333333333
239.5768455	0.595833333333333
239.5930265	0.595833333333333
239.6103279	0.595833333333333
239.6268301	0.595833333333333
239.6433193	0.595833333333333
239.6597097	0.595833333333333
239.6767938	0.595833333333333
239.6933195	0.595833333333333
239.7098671	0.595833333333333
239.7268058	0.595833333333333
239.7428836	0.595833333333333
239.760313	0.595833333333333
239.7768425	0.595833333333333
239.7932238	0.595833333333333
239.8098771	0.595833333333333
239.8271796	0.595833333333333
239.8430298	0.595833333333333
239.8602736	0.595833333333333
239.8769278	0.595833333333333
239.8931736	0.595833333333333
239.9097885	0.595833333333333
239.9268188	0.595833333333333
239.9430472	0.595833333333333
239.9598959	0.595833333333333
239.9767986	0.595833333333333
239.9932536	0.595833333333333
240.0101078	0.595833333333333
240.0267437	0.595833333333333
240.0429296	0.595833333333333
240.0596957	0.595833333333333
240.0766887	0.595833333333333
240.0927763	0.595833333333333
240.1103599	0.595833333333333
240.1267865	0.595833333333333
240.1431171	0.595833333333333
240.1597895	0.595833333333333
240.1768329	0.595833333333333
240.1932298	0.595833333333333
240.2100939	0.595833333333333
240.2268105	0.595833333333333
240.2432174	0.595833333333333
240.2597783	0.595833333333333
240.2766858	0.595833333333333
240.2934317	0.595833333333333
240.3099341	0.595833333333333
240.3269034	0.595833333333333
240.343146	0.595833333333333
240.3598083	0.595833333333333
240.3810477	0.595833333333333
240.3931294	0.595833333333333
240.4100941	0.595833333333333
240.4263467	0.595833333333333
240.4430021	0.595833333333333
240.4598006	0.595833333333333
240.4765347	0.595833333333333
240.4935174	0.595833333333333
240.510201	0.595833333333333
240.5267518	0.595833333333333
240.5431651	0.595833333333333
240.559733	0.595833333333333
240.5768798	0.595833333333333
240.5930601	0.595833333333333
240.6101301	0.595833333333333
240.6266963	0.595833333333333
240.6432038	0.595833333333333
240.6601566	0.595833333333333
240.6767543	0.595833333333333
240.6928119	0.595833333333333
240.7101021	0.595833333333333
240.7267055	0.595833333333333
240.7438579	0.595833333333333
240.7604709	0.595833333333333
240.7772419	0.595833333333333
240.793509	0.595833333333333
240.8098365	0.595833333333333
240.8266839	0.595833333333333
240.8428226	0.595833333333333
240.8602126	0.595833333333333
240.8764883	0.595833333333333
240.893243	0.595833333333333
240.91011	0.595833333333333
240.9268009	0.595833333333333
240.9433318	0.595833333333333
240.9598689	0.595833333333333
240.9768104	0.595833333333333
240.9933488	0.595833333333333
241.0099249	0.595833333333333
241.0267952	0.595833333333333
241.0432042	0.595833333333333
241.0598156	0.595833333333333
241.0767218	0.595833333333333
241.0932062	0.595833333333333
241.1097394	0.595833333333333
241.1264555	0.595833333333333
241.1431607	0.595833333333333
241.1603171	0.595833333333333
241.1766788	0.595833333333333
241.1932075	0.595833333333333
241.2104081	0.595833333333333
241.2265932	0.595833333333333
241.2430958	0.595833333333333
241.2597098	0.595833333333333
241.2768824	0.595833333333333
241.2932977	0.595833333333333
241.3102556	0.595833333333333
241.3267765	0.595833333333333
241.3434286	0.595833333333333
241.3596786	0.595833333333333
241.3768332	0.595833333333333
241.3932597	0.595833333333333
241.4102952	0.595833333333333
241.4268097	0.595833333333333
241.4434487	0.595833333333333
241.459813	0.595833333333333
241.476453	0.595833333333333
241.4932665	0.595833333333333
241.5096478	0.595833333333333
241.5266777	0.595833333333333
241.5431132	0.595833333333333
241.560087	0.595833333333333
241.5766836	0.595833333333333
241.5934504	0.595833333333333
241.6100837	0.595833333333333
241.6269533	0.595833333333333
241.6432489	0.595833333333333
241.659812	0.595833333333333
241.6771149	0.595833333333333
241.6933299	0.595833333333333
241.710053	0.595833333333333
241.7264852	0.595833333333333
241.7432826	0.595833333333333
241.7599909	0.595833333333333
241.7769213	0.595833333333333
241.7932555	0.595833333333333
241.8097331	0.595833333333333
241.8268127	0.595833333333333
241.843068	0.595833333333333
241.8597842	0.595833333333333
241.8765551	0.595833333333333
241.8933443	0.595833333333333
241.9098124	0.595833333333333
241.9267182	0.595833333333333
241.9433602	0.595833333333333
241.9600446	0.595833333333333
241.9767593	0.595833333333333
241.9932916	0.595833333333333
242.0100729	0.595833333333333
242.027033	0.595833333333333
242.0432932	0.595833333333333
242.0599933	0.595833333333333
242.0769021	0.595833333333333
242.0934582	0.595833333333333
242.1099599	0.595833333333333
242.1266186	0.595833333333333
242.1429792	0.595833333333333
242.1597804	0.595833333333333
242.1767265	0.595833333333333
242.1936677	0.595833333333333
242.2098442	0.595833333333333
242.2266069	0.595833333333333
242.2433291	0.595833333333333
242.2601015	0.595833333333333
242.2766171	0.595833333333333
242.2929203	0.595833333333333
242.3100524	0.595833333333333
242.3267017	0.595833333333333
242.3428254	0.595833333333333
242.3596835	0.595833333333333
242.3763901	0.595833333333333
242.3932656	0.595833333333333
242.4102123	0.595833333333333
242.4266784	0.595833333333333
242.4429808	0.595833333333333
242.4597763	0.595833333333333
242.4769332	0.595833333333333
242.4932969	0.595833333333333
242.5099293	0.595833333333333
242.5266067	0.595833333333333
242.5437457	0.595833333333333
242.5596172	0.595833333333333
242.5767503	0.595833333333333
242.5933807	0.595833333333333
242.6098901	0.595833333333333
242.6265495	0.595833333333333
242.6431129	0.595833333333333
242.6600956	0.595833333333333
242.6766065	0.595833333333333
242.6933662	0.595833333333333
242.7098668	0.595833333333333
242.7266503	0.595833333333333
242.7428464	0.595833333333333
242.7598702	0.595833333333333
242.7766177	0.595833333333333
242.7931009	0.595833333333333
242.8096374	0.595833333333333
242.8266091	0.595833333333333
242.8433586	0.595833333333333
242.8602331	0.595833333333333
242.8763494	0.595833333333333
242.893101	0.595833333333333
242.9100867	0.595833333333333
242.9270502	0.595833333333333
242.9432849	0.595833333333333
242.9604932	0.595833333333333
242.9763456	0.595833333333333
242.992901	0.595833333333333
243.0097468	0.595833333333333
243.0265327	0.595833333333333
243.0432433	0.595833333333333
243.0603509	0.595833333333333
243.0764421	0.595833333333333
243.0935287	0.595833333333333
243.1096776	0.595833333333333
243.1266309	0.595833333333333
243.1436257	0.595833333333333
243.1599993	0.595833333333333
243.1762361	0.595833333333333
243.1933471	0.595833333333333
243.2098986	0.595833333333333
243.2262374	0.595833333333333
243.2432504	0.595833333333333
243.2596561	0.595833333333333
243.2762271	0.595833333333333
243.293574	0.595833333333333
243.3099951	0.595833333333333
243.3266683	0.595833333333333
243.3436091	0.595833333333333
243.3597384	0.595833333333333
243.3761387	0.595833333333333
243.393256	0.595833333333333
243.4100226	0.595833333333333
243.426269	0.595833333333333
243.443236	0.595833333333333
243.459667	0.595833333333333
243.4763248	0.595833333333333
243.4933789	0.595833333333333
243.5096392	0.595833333333333
243.5267588	0.595833333333333
243.543244	0.595833333333333
243.5599854	0.595833333333333
243.5767654	0.595833333333333
243.5933495	0.595833333333333
243.6099711	0.595833333333333
243.626306	0.595833333333333
243.6432297	0.595833333333333
243.6594785	0.595833333333333
243.676669	0.595833333333333
243.6929971	0.595833333333333
243.7097433	0.595833333333333
243.7266509	0.595833333333333
243.7427429	0.595833333333333
243.7596405	0.595833333333333
243.7769571	0.595833333333333
243.7931984	0.595833333333333
243.8098094	0.595833333333333
243.8266981	0.595833333333333
243.8428892	0.595833333333333
243.8596255	0.595833333333333
243.8767822	0.595833333333333
243.893331	0.595833333333333
243.9101965	0.595833333333333
243.9264535	0.595833333333333
243.9429365	0.595833333333333
243.9597719	0.595833333333333
243.976649	0.595833333333333
243.9931151	0.595833333333333
244.0101637	0.595833333333333
244.0266651	0.595833333333333
244.0430649	0.595833333333333
244.0604076	0.595833333333333
244.0765615	0.595833333333333
244.0932121	0.595833333333333
244.109883	0.595833333333333
244.1266235	0.595833333333333
244.1429485	0.595833333333333
244.1596788	0.595833333333333
244.1764592	0.595833333333333
244.1929005	0.595833333333333
244.2096329	0.595833333333333
244.2265641	0.595833333333333
244.2432754	0.595833333333333
244.2596608	0.595833333333333
244.2764665	0.595833333333333
244.2929972	0.595833333333333
244.3099178	0.595833333333333
244.3263291	0.595833333333333
244.3431478	0.595833333333333
244.3596252	0.595833333333333
244.3765251	0.595833333333333
244.3937119	0.595833333333333
244.4096866	0.595833333333333
244.4262188	0.595833333333333
244.4430001	0.595833333333333
244.4600207	0.595833333333333
244.4763688	0.595833333333333
244.4932911	0.595833333333333
244.5099877	0.595833333333333
244.526692	0.595833333333333
244.5432198	0.595833333333333
244.5595863	0.595833333333333
244.5766118	0.595833333333333
244.5932772	0.595833333333333
244.6100132	0.595833333333333
244.6266977	0.595833333333333
244.6433873	0.595833333333333
244.6594066	0.595833333333333
244.6762527	0.595833333333333
244.6928166	0.595833333333333
244.710017	0.595833333333333
244.726631	0.595833333333333
244.7431569	0.595833333333333
244.7595681	0.595833333333333
244.7769032	0.595833333333333
244.7931503	0.595833333333333
244.8099334	0.595833333333333
244.826396	0.595833333333333
244.8438565	0.595833333333333
244.859605	0.595833333333333
244.8760265	0.595833333333333
244.8931857	0.595833333333333
244.9099757	0.595833333333333
244.9266523	0.595833333333333
244.9428759	0.595833333333333
244.9599451	0.595833333333333
244.9763397	0.595833333333333
244.9933137	0.595833333333333
245.0098371	0.595833333333333
245.0263532	0.595833333333333
245.0430982	0.595833333333333
245.0599338	0.595833333333333
245.0762401	0.595833333333333
245.0930214	0.595833333333333
245.1097119	0.595833333333333
245.1269758	0.588541666666667
245.142797	0.588541666666667
245.1598769	0.588541666666667
245.1767421	0.588541666666667
245.1930512	0.588541666666667
245.2099304	0.588541666666667
245.2266967	0.588541666666667
245.2431748	0.588541666666667
245.259727	0.588541666666667
245.2766788	0.580208333333333
245.293262	0.580208333333333
245.3098751	0.580208333333333
245.3267357	0.580208333333333
245.3430029	0.580208333333333
245.3602383	0.580208333333333
245.3763491	0.580208333333333
245.3932938	0.580208333333333
245.4096245	0.580208333333333
245.4263762	0.580208333333333
245.4430975	0.571875
245.4597526	0.571875
245.4767912	0.579166666666667
245.4934728	0.571875
245.5097726	0.554166666666667
245.5265332	0.554166666666667
245.5430189	0.554166666666667
245.5596617	0.545833333333333
245.576493	0.545833333333333
245.5933088	0.545833333333333
245.6099685	0.545833333333333
245.6263331	0.545833333333333
245.6429715	0.545833333333333
245.6594922	0.545833333333333
245.6763947	0.545833333333333
245.6933509	0.545833333333333
245.7095539	0.545833333333333
245.7263305	0.545833333333333
245.7430106	0.545833333333333
245.7598866	0.545833333333333
245.7765159	0.545833333333333
245.7933288	0.545833333333333
245.8102991	0.545833333333333
245.8265736	0.545833333333333
245.8431843	0.545833333333333
245.8596475	0.545833333333333
245.8762325	0.545833333333333
245.8932237	0.545833333333333
245.9101604	0.545833333333333
245.9263321	0.545833333333333
245.9432363	0.545833333333333
245.9598694	0.545833333333333
245.9764248	0.545833333333333
245.9928129	0.545833333333333
246.0095351	0.545833333333333
246.0264698	0.545833333333333
246.0431083	0.545833333333333
246.0596383	0.545833333333333
246.076188	0.545833333333333
246.0931737	0.545833333333333
246.1097058	0.545833333333333
246.12661	0.545833333333333
246.1432378	0.545833333333333
246.1596786	0.545833333333333
246.1764798	0.545833333333333
246.1932061	0.545833333333333
246.2095943	0.545833333333333
246.2264563	0.545833333333333
246.2429214	0.545833333333333
246.2596594	0.545833333333333
246.276583	0.545833333333333
246.2930474	0.545833333333333
246.3095767	0.545833333333333
246.326555	0.545833333333333
246.343151	0.545833333333333
246.3596141	0.545833333333333
246.3763963	0.545833333333333
246.3933943	0.545833333333333
246.4095581	0.545833333333333
246.4265746	0.545833333333333
246.4432961	0.545833333333333
246.4597986	0.545833333333333
246.4764435	0.545833333333333
246.4929047	0.545833333333333
246.5097045	0.545833333333333
246.526375	0.545833333333333
246.5431482	0.545833333333333
246.5598256	0.545833333333333
246.5764615	0.545833333333333
246.5929093	0.545833333333333
246.6096822	0.545833333333333
246.6264868	0.545833333333333
246.6430584	0.545833333333333
246.659572	0.545833333333333
246.6759709	0.545833333333333
246.693424	0.545833333333333
246.7094818	0.545833333333333
246.7262673	0.545833333333333
246.7431412	0.545833333333333
246.7599793	0.545833333333333
246.7768732	0.545833333333333
246.7931592	0.545833333333333
246.8095622	0.545833333333333
246.8263825	0.545833333333333
246.8432169	0.545833333333333
246.8601056	0.545833333333333
246.8763026	0.545833333333333
246.8933858	0.545833333333333
246.9097962	0.545833333333333
246.9263941	0.545833333333333
246.9429574	0.545833333333333
246.9599019	0.545833333333333
246.9766019	0.545833333333333
246.9930934	0.545833333333333
247.0100462	0.545833333333333
247.0263028	0.545833333333333
247.0430204	0.545833333333333
247.059652	0.545833333333333
247.076386	0.545833333333333
247.0933739	0.545833333333333
247.1094895	0.545833333333333
247.126439	0.545833333333333
247.1434884	0.545833333333333
247.1599123	0.545833333333333
247.1760031	0.545833333333333
247.1933936	0.545833333333333
247.2098647	0.545833333333333
247.2261033	0.545833333333333
247.2432769	0.545833333333333
247.2595174	0.545833333333333
247.2759977	0.545833333333333
247.2931467	0.545833333333333
247.309691	0.545833333333333
247.3261177	0.545833333333333
247.343085	0.545833333333333
247.3592478	0.545833333333333
247.3762768	0.545833333333333
247.3930813	0.545833333333333
247.4100149	0.545833333333333
247.4257673	0.545833333333333
247.4431282	0.545833333333333
247.4599473	0.545833333333333
247.4761511	0.545833333333333
247.4930898	0.545833333333333
247.5103907	0.545833333333333
247.5271956	0.545833333333333
247.5435117	0.545833333333333
247.5594544	0.545833333333333
247.5760466	0.545833333333333
247.5927636	0.545833333333333
247.609662	0.545833333333333
247.6258209	0.545833333333333
247.6434083	0.545833333333333
247.6600452	0.545833333333333
247.6760269	0.545833333333333
247.6931371	0.545833333333333
247.7098477	0.545833333333333
247.7262104	0.545833333333333
247.7430698	0.545833333333333
247.7598548	0.545833333333333
247.776696	0.545833333333333
247.793099	0.545833333333333
247.8098528	0.545833333333333
247.826077	0.545833333333333
247.8430554	0.545833333333333
247.859876	0.545833333333333
247.8762764	0.545833333333333
247.8926267	0.545833333333333
247.9097925	0.545833333333333
247.9264171	0.545833333333333
247.9427957	0.545833333333333
247.9599418	0.545833333333333
247.9768663	0.545833333333333
247.9927568	0.545833333333333
248.009866	0.545833333333333
248.0263541	0.545833333333333
248.043175	0.545833333333333
248.0601546	0.545833333333333
248.0765076	0.545833333333333
248.0933107	0.545833333333333
248.109768	0.545833333333333
248.1265017	0.545833333333333
248.1430287	0.545833333333333
248.1596373	0.545833333333333
248.1764783	0.545833333333333
248.1929262	0.545833333333333
248.2093049	0.545833333333333
248.2260885	0.545833333333333
248.2428302	0.545833333333333
248.2596007	0.545833333333333
248.2761586	0.545833333333333
248.2926448	0.545833333333333
248.3101213	0.545833333333333
248.325808	0.545833333333333
248.3429268	0.545833333333333
248.3592826	0.545833333333333
248.3758712	0.545833333333333
248.3931051	0.545833333333333
248.4099553	0.545833333333333
248.4264357	0.545833333333333
248.4432911	0.545833333333333
248.4597991	0.545833333333333
248.476231	0.545833333333333
248.4935291	0.545833333333333
248.5097431	0.545833333333333
248.5265792	0.545833333333333
248.5434271	0.545833333333333
248.5597831	0.545833333333333
248.5768291	0.545833333333333
248.5927431	0.545833333333333
248.6099598	0.545833333333333
248.6258724	0.545833333333333
248.64279	0.545833333333333
248.6597027	0.545833333333333
248.6759487	0.545833333333333
248.6929325	0.545833333333333
248.7099637	0.545833333333333
248.7264637	0.545833333333333
248.7435731	0.545833333333333
248.7598183	0.545833333333333
248.7761561	0.545833333333333
248.7931469	0.545833333333333
248.8098526	0.545833333333333
248.8262402	0.545833333333333
248.8431558	0.545833333333333
248.8593523	0.545833333333333
248.8762502	0.545833333333333
248.8930477	0.545833333333333
248.9101678	0.545833333333333
248.9258218	0.545833333333333
248.9432066	0.545833333333333
248.9599905	0.545833333333333
248.9762759	0.545833333333333
248.9932637	0.545833333333333
249.0097597	0.545833333333333
249.026524	0.545833333333333
249.0431234	0.545833333333333
249.0599783	0.545833333333333
249.0761988	0.545833333333333
249.0931232	0.545833333333333
249.1098303	0.545833333333333
249.1263624	0.545833333333333
249.1426829	0.545833333333333
249.1596536	0.545833333333333
249.1764418	0.545833333333333
249.1933931	0.545833333333333
249.2098236	0.545833333333333
249.2261093	0.545833333333333
249.2431292	0.545833333333333
249.2598318	0.545833333333333
249.2758798	0.545833333333333
249.292727	0.545833333333333
249.3098446	0.545833333333333
249.3261548	0.545833333333333
249.3429808	0.545833333333333
249.3599241	0.545833333333333
249.3757726	0.545833333333333
249.3930016	0.545833333333333
249.4099088	0.545833333333333
249.425867	0.545833333333333
249.4428988	0.545833333333333
249.4599332	0.545833333333333
249.4758621	0.545833333333333
249.4935302	0.545833333333333
249.5098635	0.545833333333333
249.5261666	0.545833333333333
249.5429119	0.545833333333333
249.5596751	0.545833333333333
249.5758447	0.545833333333333
249.5930092	0.545833333333333
249.6096957	0.545833333333333
249.62622	0.545833333333333
249.6430355	0.545833333333333
249.6600346	0.545833333333333
249.67613	0.545833333333333
249.6932264	0.545833333333333
249.709688	0.545833333333333
249.7264436	0.545833333333333
249.7428856	0.545833333333333
249.7597653	0.545833333333333
249.7761385	0.545833333333333
249.7928564	0.545833333333333
249.8093629	0.545833333333333
249.8257863	0.545833333333333
249.8426266	0.545833333333333
249.8597014	0.545833333333333
249.8761947	0.545833333333333
249.8932051	0.545833333333333
249.9098744	0.545833333333333
249.926047	0.545833333333333
249.9432515	0.545833333333333
249.9598267	0.545833333333333
249.9760651	0.545833333333333
249.9929358	0.545833333333333
250.0099108	0.545833333333333
250.0263356	0.545833333333333
250.0431006	0.545833333333333
250.0597413	0.545833333333333
250.0762876	0.545833333333333
250.0928678	0.553125
250.1104378	0.553125
250.1263041	0.553125
250.1431866	0.553125
250.1598499	0.553125
250.1763846	0.553125
250.1931036	0.553125
250.2096827	0.553125
250.2262541	0.5625
250.2430212	0.5625
250.2592853	0.5625
250.2758121	0.5625
250.2930497	0.5625
250.3093955	0.5625
250.3260499	0.5625
250.3428678	0.5625
250.3599399	0.5625
250.3765326	0.5625
250.3929565	0.5625
250.4099256	0.5625
250.4265049	0.5625
250.442824	0.5625
250.4597279	0.5625
250.4761804	0.5625
250.4929522	0.5625
250.5096463	0.5625
250.526339	0.5625
250.5429577	0.5625
250.559841	0.5625
250.5760165	0.5625
250.5932514	0.5625
250.6097402	0.5625
250.6264333	0.5625
250.6430713	0.5625
250.6593933	0.5625
250.6759923	0.5625
250.6929445	0.5625
250.7094904	0.5625
250.7264757	0.5625
250.7428262	0.5625
250.7597353	0.5625
250.7761186	0.5625
250.7926722	0.5625
250.8097517	0.5625
250.8265239	0.5625
250.8430642	0.5625
250.8596879	0.5625
250.8765775	0.5625
250.8930563	0.5625
250.9097353	0.5625
250.9263496	0.5625
250.942685	0.5625
250.9593157	0.5625
250.9758693	0.5625
250.9930822	0.5625
251.0096155	0.5625
251.0265219	0.5625
251.0428959	0.5625
251.0598167	0.5625
251.0760603	0.5625
251.0930057	0.5625
251.1096909	0.5625
251.1262348	0.5625
251.1429662	0.5625
251.1594371	0.5625
251.1763752	0.5625
251.1926896	0.5625
251.2095882	0.5625
251.2261358	0.5625
251.2426699	0.5625
251.2593813	0.5625
251.2761536	0.5625
251.2931358	0.5625
251.3098592	0.5625
251.3266191	0.5625
251.3431491	0.5625
251.3596693	0.5625
251.3760693	0.5625
251.3927679	0.5625
251.4096552	0.5625
251.4257034	0.5625
251.4425973	0.5625
251.4596807	0.5625
251.4764237	0.5625
251.4927372	0.5625
251.5097535	0.5625
251.5265772	0.5625
251.5432847	0.5625
251.5597441	0.5625
251.5762607	0.5625
251.5928691	0.5625
251.6095649	0.5625
251.6260123	0.5625
251.6429351	0.5625
251.6593178	0.5625
251.6759738	0.5625
251.6929628	0.5625
251.7093238	0.5625
251.7263407	0.5625
251.7431709	0.5625
251.7596222	0.5625
251.7765196	0.5625
251.7930393	0.5625
251.8095793	0.5625
251.826347	0.5625
251.8431102	0.5625
251.8593507	0.5625
251.875956	0.5625
251.8929322	0.5625
251.9095318	0.5625
251.9257726	0.5625
251.94284	0.5625
251.9592778	0.5625
251.9765624	0.5625
251.9931374	0.5625
252.0096769	0.5625
252.0266156	0.5625
252.0428071	0.5625
252.0596474	0.5625
252.0762611	0.5625
252.0927312	0.5625
252.1097273	0.5625
252.1263414	0.5625
252.1429345	0.5625
252.1596231	0.5625
252.1761544	0.5625
252.1926661	0.5625
252.209874	0.5625
252.2264586	0.5625
252.2427966	0.5625
252.2598415	0.5625
252.2763337	0.5625
252.2929988	0.5625
252.3096395	0.5625
252.3260927	0.5625
252.3427563	0.5625
252.3595896	0.5625
252.3759431	0.5625
252.3926167	0.5625
252.4092614	0.5625
252.4261248	0.5625
252.4428427	0.5625
252.4595903	0.5625
252.4763207	0.5625
252.4932083	0.5625
252.5098486	0.5625
252.5264357	0.5625
252.5428999	0.5625
252.5596927	0.5625
252.5760432	0.5625
252.5931205	0.5625
252.6095622	0.5625
252.6263237	0.5625
252.6429024	0.5625
252.659648	0.5625
252.6760563	0.5625
252.6929399	0.5625
252.7096176	0.5625
252.7261332	0.5625
252.7431308	0.5625
252.759464	0.5625
252.776371	0.5625
252.7929795	0.5625
252.8095833	0.5625
252.8263251	0.5625
252.842844	0.5625
252.8597619	0.5625
252.8761239	0.5625
252.8925587	0.5625
252.9093432	0.5625
252.9258071	0.5625
252.943	0.5625
252.9595073	0.5625
252.976306	0.5625
252.9928499	0.5625
253.0095974	0.5625
253.0262317	0.5625
253.0427791	0.5625
253.0596846	0.5625
253.0763488	0.5625
253.0927229	0.5625
253.1095888	0.5625
253.1260649	0.5625
253.142974	0.5625
253.1596136	0.5625
253.176359	0.5625
253.1928351	0.5625
253.2100202	0.5625
253.2262833	0.5625
253.2429506	0.5625
253.259534	0.5625
253.2763756	0.5625
253.2927838	0.5625
253.3092539	0.5625
253.3259526	0.5625
253.3429336	0.5625
253.3592883	0.5625
253.3759423	0.5625
253.3924843	0.5625
253.4094701	0.5625
253.4261209	0.5625
253.4427236	0.5625
253.4596616	0.5625
253.4764983	0.5625
253.4929263	0.5625
253.5094959	0.5625
253.5262656	0.5625
253.5426994	0.5625
253.559623	0.5625
253.5763288	0.5625
253.5931546	0.5625
253.6091291	0.5625
253.6259474	0.5625
253.6427957	0.5625
253.6595956	0.5625
253.6762793	0.5625
253.692929	0.5625
253.7095994	0.5625
253.7261878	0.5625
253.7426902	0.5625
253.7592595	0.5625
253.7764484	0.5625
253.7927239	0.5625
253.8095378	0.5625
253.8261065	0.5625
253.8425846	0.5625
253.8594437	0.5625
253.8759287	0.5625
253.892599	0.5625
253.9096479	0.5625
253.9261978	0.5625
253.9426068	0.5625
253.9594473	0.5625
253.9761831	0.5625
253.9927725	0.5625
254.0096696	0.5625
254.0262637	0.5625
254.0435903	0.5625
254.0593948	0.5625
254.0763368	0.5625
254.0930147	0.5625
254.1095276	0.5625
254.1264032	0.5625
254.1425761	0.5625
254.1597412	0.5625
254.1763719	0.5625
254.1928016	0.5625
254.2093767	0.5625
254.2261105	0.5625
254.2427029	0.5625
254.259667	0.5625
254.276519	0.5625
254.2926525	0.5625
254.3091983	0.5625
254.3260147	0.5625
254.3427954	0.5625
254.3594083	0.5625
254.3760472	0.5625
254.3925706	0.5625
254.4093825	0.5625
254.4259628	0.5625
254.4427274	0.5625
254.4590212	0.5625
254.476256	0.5625
254.492787	0.5625
254.5098864	0.5625
254.5260283	0.5625
254.5426509	0.5625
254.5598193	0.5625
254.5761007	0.5625
254.5926373	0.5625
254.6095309	0.5625
254.6262795	0.5625
254.6424812	0.5625
254.6595985	0.5625
254.6763456	0.5625
254.6930327	0.5625
254.7096836	0.5625
254.726213	0.5625
254.7427811	0.5625
254.7593117	0.5625
254.7763608	0.5625
254.7928075	0.5625
254.8092425	0.5625
254.8262544	0.5625
254.8429029	0.5625
254.8595717	0.5625
254.8757738	0.5625
254.8925281	0.5625
254.9095531	0.5625
254.9264462	0.5625
254.9427783	0.5625
254.959822	0.5625
254.9763837	0.5625
254.9929214	0.5625
255.0097945	0.5625
255.0259512	0.5625
255.0426721	0.5625
255.0594144	0.5625
255.076148	0.5625
255.0925339	0.5625
255.1092569	0.5625
255.1260587	0.5625
255.1426543	0.5625
255.1592877	0.5625
255.1760252	0.5625
255.1925181	0.5625
255.209268	0.5625
255.2260105	0.5625
255.2425155	0.5625
255.2593571	0.5625
255.2761523	0.5625
255.2926941	0.5625
255.309586	0.5625
255.3262134	0.5625
255.3428152	0.5625
255.3594547	0.5625
255.3762192	0.5625
255.3929255	0.5625
255.4095143	0.5625
255.4265972	0.5625
255.4426159	0.5625
255.4591037	0.5625
255.4767302	0.5625
255.4927717	0.5625
255.5092066	0.5625
255.5261731	0.5625
255.5426176	0.5625
255.5595444	0.5625
255.5760377	0.5625
255.5929742	0.5625
255.6098725	0.5625
255.6258959	0.5625
255.6426201	0.5625
255.6590477	0.5625
255.6759462	0.5625
255.6924891	0.5625
255.7094452	0.5625
255.7262936	0.5625
255.7427808	0.5625
255.7594038	0.5625
255.776544	0.5625
255.7928501	0.5625
255.8093313	0.5625
255.826281	0.5625
255.8428345	0.5625
255.8590668	0.5625
255.8762474	0.5625
255.8926931	0.5625
255.9095369	0.5625
255.9263883	0.5625
255.9428123	0.5625
255.9593766	0.5625
255.97642	0.5625
255.992855	0.5625
256.0094527	0.5625
256.0260351	0.5625
256.0423893	0.5625
256.059479	0.5625
256.0761468	0.5625
256.0926678	0.5625
256.1090801	0.5625
256.1263881	0.5625
256.1427842	0.5625
256.1593441	0.5625
256.1763728	0.5625
256.192778	0.5625
256.2091915	0.5625
256.2264219	0.5625
256.2429068	0.5625
256.2593692	0.5625
256.2764736	0.5625
256.2926519	0.5625
256.309075	0.5625
256.3259203	0.5625
256.3432365	0.5625
256.3593465	0.5625
256.3761424	0.5625
256.3928542	0.5625
256.4093814	0.5625
256.4258986	0.5625
256.4427405	0.5625
256.4593857	0.5625
256.4755407	0.5625
256.4924485	0.5625
256.5098763	0.5625
256.5259315	0.5625
256.5426031	0.5625
256.5594812	0.5625
256.575524	0.5625
256.5927686	0.5625
256.6094007	0.5625
256.6261876	0.5625
256.6424188	0.5625
256.6593022	0.5625
256.676082	0.5625
256.6928963	0.5625
256.7094946	0.5625
256.7260129	0.5625
256.7430037	0.5625
256.7590608	0.5625
256.7759354	0.5625
256.7924413	0.5625
256.8095962	0.5625
256.8258203	0.5625
256.8429211	0.5625
256.8590231	0.5625
256.8763794	0.5625
256.8928506	0.5625
256.9093372	0.5625
256.9259871	0.5625
256.9428907	0.5625
256.9592303	0.5625
256.9762405	0.5625
256.9928621	0.5625
257.0090448	0.5625
257.0262315	0.5625
257.0428371	0.5625
257.0595552	0.5625
257.0760816	0.5625
257.0928269	0.5625
257.1089894	0.5625
257.126309	0.5625
257.1427513	0.5625
257.1595368	0.5625
257.17598	0.5625
257.1927451	0.5625
257.2094036	0.5625
257.2261463	0.5625
257.2427647	0.5625
257.2594877	0.5625
257.2762061	0.5625
257.2927233	0.5625
257.3096685	0.5625
257.3260473	0.5625
257.3424242	0.5625
257.3593948	0.5625
257.3761577	0.5625
257.3927813	0.5625
257.4091584	0.5625
257.4264609	0.5625
257.4428404	0.5625
257.4589953	0.5625
257.4761202	0.5625
257.4926829	0.5625
257.509241	0.5625
257.5260942	0.5625
257.542677	0.5625
257.5589454	0.5625
257.5762984	0.5625
257.5927236	0.5625
257.609438	0.5625
257.6262387	0.5625
257.6429033	0.5625
257.6589286	0.5625
257.6758978	0.5625
257.6927222	0.5625
257.7089151	0.5625
257.7261523	0.5625
257.7427178	0.5625
257.758913	0.5625
257.7762963	0.5625
257.7926785	0.5625
257.8091426	0.5625
257.8260911	0.5625
257.8426632	0.5625
257.8589919	0.5625
257.8762064	0.5625
257.8927536	0.5625
257.9091884	0.5625
257.9260915	0.5625
257.9426358	0.5625
257.9589995	0.5625
257.9761202	0.5625
257.9925386	0.5625
258.0089681	0.5625
258.026231	0.5625
258.0423385	0.5625
258.0593034	0.5625
258.0761004	0.5625
258.0926206	0.5625
258.1093409	0.5625
258.1257582	0.5625
258.1427169	0.5625
258.1590832	0.5625
258.1761331	0.5625
258.1927892	0.5625
258.2090812	0.5625
258.2260282	0.5625
258.2429247	0.5625
258.2589172	0.5625
258.2760754	0.5625
258.2926051	0.5625
258.3088788	0.5625
258.3263212	0.5625
258.3426043	0.5625
258.3591751	0.5625
258.376275	0.5625
258.3927924	0.5625
258.4091796	0.5625
258.4259587	0.5625
258.442397	0.5625
258.458968	0.5625
258.4758105	0.5625
258.4928598	0.5625
258.5089708	0.5625
258.5260521	0.5625
258.5425725	0.5625
258.5587662	0.5625
258.5761307	0.5625
258.5925559	0.5625
258.6090782	0.5625
258.6261284	0.5625
258.642547	0.5625
258.6589658	0.5625
258.6760079	0.5625
258.6926031	0.5625
258.7089461	0.5625
258.7256958	0.5625
258.7427694	0.5625
258.7592299	0.5625
258.7760602	0.5625
258.79255	0.5625
258.8093378	0.5625
258.8259672	0.5625
258.8426875	0.5625
258.8594527	0.5625
258.8760649	0.5625
258.8923498	0.5625
258.9090203	0.5625
258.9256745	0.5625
258.9424173	0.5625
258.9588969	0.5625
258.9761773	0.5625
258.9926542	0.5625
259.0092155	0.5625
259.02571	0.5625
259.0425428	0.5625
259.0592514	0.5625
259.0760854	0.5625
259.0928878	0.5625
259.1093999	0.5625
259.1260096	0.5625
259.1425218	0.5625
259.1588997	0.5625
259.176177	0.5625
259.1925723	0.5625
259.2089937	0.5625
259.2260414	0.5625
259.2422866	0.5625
259.2592525	0.5625
259.2763453	0.5625
259.2926573	0.5625
259.3092618	0.5625
259.3262038	0.5625
259.3427458	0.5625
259.3593555	0.5625
259.376253	0.5625
259.3928545	0.5625
259.4089347	0.5625
259.4258996	0.5625
259.442294	0.5625
259.459231	0.5625
259.4760526	0.5625
259.4925265	0.5625
259.5093985	0.5625
259.5259075	0.5625
259.5425437	0.5625
259.5597119	0.5625
259.5762607	0.5625
259.5926546	0.5625
259.6094978	0.5625
259.6254715	0.5625
259.6422428	0.5625
259.6590447	0.5625
259.6757953	0.5625
259.6924963	0.5625
259.7094431	0.5625
259.7258322	0.5625
259.7425239	0.5625
259.7590585	0.5625
259.7764736	0.5625
259.7924404	0.5625
259.8094938	0.5625
259.8261577	0.5625
259.8426281	0.5625
259.8589689	0.5625
259.8759875	0.5625
259.892462	0.5625
259.9092553	0.5625
259.9258813	0.5625
259.9423289	0.5625
259.959354	0.5625
259.976015	0.5625
259.9921957	0.5625
260.0089024	0.5625
260.0264235	0.5625
260.042679	0.5625
260.0592113	0.5625
260.0760858	0.5625
260.0923172	0.5625
260.1089991	0.5625
260.1255354	0.5625
260.1424574	0.5625
260.1590988	0.5625
260.1758071	0.5625
260.1926113	0.5625
260.209356	0.5625
260.2259628	0.5625
260.2423537	0.5625
260.259498	0.5625
260.2760223	0.5625
260.2925678	0.5625
260.3088747	0.5625
260.3253878	0.5625
260.3425373	0.5625
260.3592603	0.5625
260.375851	0.5625
260.3925937	0.5625
260.4091318	0.5625
260.425936	0.5625
260.4427513	0.5625
260.4594864	0.5625
260.4759939	0.5625
260.4925791	0.5625
260.509236	0.5625
260.5262486	0.5625
260.5425584	0.5625
260.5589084	0.5625
260.576043	0.5625
260.5923059	0.5625
260.6092066	0.5625
260.6262711	0.5625
260.6429622	0.5625
260.6589639	0.5625
260.6760341	0.5625
260.6925682	0.5625
260.7089447	0.5625
260.7259108	0.5625
260.7423877	0.5625
260.7590109	0.5625
260.7759793	0.5625
260.7925622	0.5625
260.8095657	0.5625
260.8258173	0.5625
260.8425491	0.5625
260.8589562	0.5625
260.8757394	0.5625
260.8924183	0.5625
260.9092291	0.5625
260.9256423	0.5625
260.9427603	0.5625
260.9592561	0.5625
260.9760261	0.5625
260.9924432	0.5625
261.0093058	0.5625
261.0258995	0.5625
261.0424928	0.5625
261.0594525	0.5625
261.0761939	0.5625
261.092467	0.5625
261.1090513	0.5625
261.1262709	0.5625
261.1427938	0.5625
261.1591519	0.5625
261.1760974	0.5625
261.192201	0.5625
261.2091491	0.5625
261.2258173	0.5625
261.2424625	0.5625
261.2591996	0.5625
261.2757761	0.5625
261.2923813	0.5625
261.3086097	0.5625
261.3257358	0.5625
261.3420521	0.5625
261.3586909	0.5625
261.3752843	0.5625
261.3923361	0.5625
261.4093368	0.5625
261.4258566	0.5625
261.4423032	0.5625
261.4589256	0.5625
261.475844	0.5625
261.4925009	0.5625
261.5089895	0.5625
261.5258187	0.5625
261.542152	0.5625
261.559306	0.5625
261.5761034	0.5625
261.5924849	0.5625
261.6093142	0.5625
261.6256639	0.5625
261.6421847	0.5625
261.6592211	0.5625
261.6756828	0.5625
261.6923602	0.5625
261.7092683	0.5625
261.725496	0.5625
261.7426539	0.5625
261.7591989	0.5625
261.7758278	0.5625
261.7926651	0.5625
261.8094323	0.5625
261.8255746	0.5625
261.8424897	0.5625
261.8590551	0.5625
261.8760847	0.5625
261.8924932	0.5625
261.9091402	0.5625
261.9254777	0.5625
261.9421526	0.5625
261.9594548	0.5625
261.9759439	0.5625
261.992301	0.5625
262.0093424	0.5625
262.0257722	0.5625
262.0421315	0.5625
262.0592699	0.5625
262.0760465	0.5625
262.0923395	0.5625
262.1091558	0.5625
262.1260887	0.5625
262.1421398	0.5625
262.1589356	0.5625
262.1759846	0.5625
262.192476	0.571875
262.2093029	0.596875
262.2259738	0.596875
262.2423646	0.596875
262.2591816	0.596875
262.2758123	0.596875
262.2925689	0.596875
262.309255	0.596875
262.3257271	0.596875
262.3423461	0.596875
262.3591388	0.596875
262.3759991	0.596875
262.3925366	0.596875
262.4092389	0.596875
262.4258503	0.596875
262.4423381	0.596875
262.4591651	0.596875
262.475752	0.596875
262.4924095	0.596875
262.5093029	0.596875
262.5256724	0.596875
262.5424124	0.596875
262.55911	0.596875
262.5757043	0.596875
262.5926034	0.596875
262.608915	0.596875
262.6259895	0.596875
262.6425533	0.596875
262.6592339	0.596875
262.6758334	0.596875
262.6925037	0.596875
262.7089386	0.596875
262.7258972	0.596875
262.7423614	0.596875
262.7593937	0.596875
262.775672	0.596875
262.79294	0.596875
262.8097732	0.596875
262.8256638	0.596875
262.8427004	0.596875
262.8590214	0.596875
262.8755297	0.596875
262.8924845	0.596875
262.9091789	0.596875
262.9258576	0.596875
262.9424262	0.596875
262.9590323	0.596875
262.9757776	0.596875
262.9923231	0.596875
263.009086	0.596875
263.0259307	0.596875
263.0423772	0.596875
263.0592989	0.596875
263.07582	0.596875
263.0921488	0.596875
263.1092364	0.596875
263.1255963	0.596875
263.1419439	0.596875
263.1592044	0.596875
263.1757433	0.596875
263.1923518	0.596875
263.2094332	0.596875
263.2257049	0.596875
263.2426147	0.596875
263.2589501	0.596875
263.2756409	0.596875
263.2925526	0.596875
263.3091093	0.596875
263.3259236	0.596875
263.3419002	0.596875
263.359059	0.596875
263.3756177	0.60625
263.3924927	0.60625
263.4090903	0.60625
263.4256219	0.60625
263.4424163	0.60625
263.4590762	0.60625
263.4756424	0.60625
263.4927345	0.60625
263.5092161	0.60625
263.5256793	0.60625
263.5421678	0.60625
263.5594306	0.60625
263.5759246	0.60625
263.5925515	0.60625
263.6088687	0.60625
263.6253444	0.60625
263.6425149	0.60625
263.6589301	0.60625
263.6761526	0.614583333333333
263.6923818	0.614583333333333
263.7092297	0.614583333333333
263.7257848	0.614583333333333
263.7425711	0.614583333333333
263.7595005	0.614583333333333
263.7759655	0.614583333333333
263.7922053	0.614583333333333
263.8091521	0.614583333333333
263.8258885	0.614583333333333
263.8424709	0.614583333333333
263.8592286	0.614583333333333
263.8757994	0.63125
263.8920886	0.63125
263.9093554	0.63125
263.9257988	0.63125
263.9425023	0.63125
263.9595623	0.63125
263.9759988	0.63125
263.9924177	0.63125
264.0089807	0.63125
264.02587	0.63125
264.0422562	0.63125
264.0594392	0.63125
264.0760645	0.63125
264.0925	0.63125
264.109139	0.63125
264.1256713	0.63125
264.1422079	0.63125
264.1597286	0.63125
264.17578	0.63125
264.1924589	0.63125
264.2091421	0.63125
264.2256913	0.63125
264.2424106	0.63125
264.2591411	0.63125
264.2756482	0.63125
264.2924667	0.63125
264.3090453	0.63125
264.3257618	0.63125
264.3422129	0.63125
264.3589393	0.63125
264.3756652	0.63125
264.3925796	0.63125
264.4091205	0.63125
264.4258959	0.63125
264.4422921	0.63125
264.45938	0.63125
264.4757689	0.63125
264.492144	0.63125
264.5092032	0.63125
264.5258948	0.63125
264.5423413	0.63125
264.5588879	0.63125
264.575957	0.63125
264.592319	0.63125
264.6091343	0.63125
264.6260061	0.63125
264.6421171	0.63125
264.6588569	0.63125
264.6760625	0.63125
264.6925233	0.63125
264.70931	0.63125
264.7255926	0.63125
264.7424314	0.63125
264.759137	0.63125
264.7759873	0.63125
264.7922889	0.63125
264.8088844	0.63125
264.8251186	0.63125
264.8424148	0.63125
264.8592581	0.63125
264.8754669	0.63125
264.8924897	0.63125
264.9091652	0.63125
264.9260677	0.63125
264.9423809	0.63125
264.9592696	0.63125
264.9754443	0.63125
264.9922067	0.63125
265.0092536	0.63125
265.0257141	0.63125
265.0424816	0.63125
265.0588258	0.63125
265.0758051	0.63125
265.0921908	0.63125
265.1089301	0.63125
265.1258894	0.63125
265.1420415	0.63125
265.1594804	0.63125
265.1756109	0.63125
265.1920298	0.63125
265.2091934	0.63125
265.225873	0.63125
265.2423769	0.63125
265.2594071	0.63125
265.2757914	0.63125
265.2919519	0.63125
265.3091848	0.63125
265.3252978	0.63125
265.3423689	0.63125
265.3591942	0.63125
265.3759416	0.63125
265.3924835	0.63125
265.4091953	0.63125
265.4257588	0.63125
265.4419802	0.63125
265.4591905	0.63125
265.475897	0.63125
265.4922264	0.63125
265.509239	0.63125
265.52558	0.63125
265.5420877	0.63125
265.5602782	0.63125
265.5758337	0.63125
265.5925119	0.63125
265.6093112	0.63125
265.6255176	0.63125
265.6420681	0.63125
265.6592615	0.63125
265.6758055	0.63125
265.6920709	0.63125
265.7094343	0.63125
265.7260386	0.63125
265.742143	0.63125
265.759167	0.63125
265.7758067	0.63125
265.7922193	0.63125
265.8089689	0.63125
265.825797	0.63125
265.8421434	0.63125
265.8592322	0.63125
265.8757253	0.63125
265.8923824	0.63125
265.9094598	0.63125
265.9256453	0.63125
265.9423112	0.63125
265.9589381	0.63125
265.9752613	0.63125
265.9922731	0.63125
266.0093428	0.63125
266.0257909	0.63125
266.0421474	0.63125
266.0589268	0.63125
266.0752169	0.63125
266.0918737	0.63125
266.108904	0.63125
266.1254017	0.63125
266.1437723	0.63125
266.1589252	0.63125
266.1757808	0.63125
266.19211	0.63125
266.2091269	0.63125
266.225637	0.63125
266.2420716	0.63125
266.2591037	0.63125
266.2755698	0.63125
266.2921158	0.63125
266.3090303	0.63125
266.3260005	0.63125
266.3420464	0.63125
266.3589678	0.63125
266.3752569	0.63125
266.3919642	0.63125
266.4092449	0.63125
266.4257953	0.63125
266.4419903	0.63125
266.4592001	0.63125
266.4761057	0.63125
266.4917867	0.63125
266.5091241	0.63125
266.5258357	0.63125
266.5423088	0.63125
266.5591626	0.63125
266.5758737	0.63125
266.5922036	0.63125
266.6090373	0.63125
266.6255579	0.63125
266.6425333	0.63125
266.6590155	0.63125
266.675733	0.63125
266.6923647	0.63125
266.7091108	0.63125
266.725556	0.63125
266.7422475	0.63125
266.7591633	0.63125
266.7757921	0.63125
266.7921333	0.63125
266.8091642	0.63125
266.8255476	0.63125
266.8423345	0.63125
266.8591456	0.63125
266.8755218	0.63125
266.8930606	0.63125
266.9087791	0.63125
266.9259555	0.63125
266.9419589	0.63125
266.9592284	0.63125
266.9760287	0.63125
266.9921015	0.63125
267.0089317	0.63125
267.0257641	0.63125
267.0421981	0.63125
267.0590809	0.63125
267.0757416	0.63125
267.09388	0.63125
267.1108408	0.63125
267.126183	0.63125
267.1421734	0.63125
267.1587404	0.63125
267.1755531	0.63125
267.1922933	0.63125
267.210911	0.63125
267.2256973	0.63125
267.242002	0.63125
267.2589179	0.63125
267.2757867	0.63125
267.2922716	0.63125
267.3090522	0.63125
267.325834	0.63125
267.3418092	0.63125
267.359128	0.63125
267.3761169	0.63125
267.3920354	0.63125
267.4091915	0.63125
267.4257877	0.63125
267.4419275	0.63125
267.4592888	0.63125
267.475778	0.63125
267.4923328	0.63125
267.5091577	0.63125
267.525276	0.63125
267.5420556	0.63125
267.5589712	0.63125
267.5759389	0.63125
267.5924449	0.63125
267.6087786	0.63125
267.625826	0.63125
267.6420313	0.63125
267.6586905	0.63125
267.6758206	0.63125
267.6919706	0.63125
267.7093532	0.63125
267.7256616	0.63125
267.7420377	0.63125
267.7591168	0.63125
267.7757798	0.63125
267.792055	0.63125
267.80904	0.63125
267.825564	0.63125
267.8423093	0.63125
267.8590353	0.63125
267.8756252	0.63125
267.8921363	0.63125
267.9090428	0.63125
267.9254508	0.63125
267.9418724	0.63125
267.9586456	0.63125
267.9756292	0.63125
267.9918032	0.63125
268.0088287	0.63125
268.0259609	0.63125
268.0422128	0.63125
268.0601372	0.63125
268.0757096	0.63125
268.0921445	0.63125
268.109058	0.63125
268.125776	0.63125
268.1422958	0.63125
268.158779	0.63125
268.1760082	0.63125
268.1921314	0.63125
268.2087536	0.63125
268.2256248	0.63125
268.2421211	0.63125
268.259041	0.63125
268.2758224	0.63125
268.2921604	0.63125
268.3093396	0.63125
268.3258261	0.63125
268.3420052	0.63125
268.3589023	0.63125
268.3757279	0.63125
268.3919134	0.63125
268.409114	0.63125
268.4254978	0.63125
268.4422523	0.63125
268.4587566	0.63125
268.4753343	0.63125
268.4918968	0.63125
268.5090247	0.63125
268.5256155	0.63125
268.5422432	0.63125
268.5582999	0.63125
268.5759312	0.63125
268.5919967	0.63125
268.6088843	0.63125
268.6258008	0.63125
268.642644	0.63125
268.6590128	0.63125
268.6757019	0.63125
268.6921988	0.63125
268.7091867	0.63125
268.7253047	0.63125
268.7419748	0.63125
268.7590067	0.63125
268.7755616	0.63125
268.792007	0.63125
268.8095294	0.63125
268.8257662	0.63125
268.8422826	0.63125
268.8590298	0.63125
268.8771186	0.63125
268.8919662	0.63125
268.9087193	0.63125
268.9257322	0.63125
268.9427154	0.63125
268.9590808	0.63125
268.9758604	0.63125
268.9921861	0.63125
269.0090866	0.63125
269.0256403	0.63125
269.0425787	0.63125
269.0593221	0.63125
269.0754119	0.63125
269.0921902	0.63125
269.1087876	0.63125
269.1254099	0.63125
269.1419496	0.63125
269.1590925	0.63125
269.1756407	0.63125
269.1922691	0.63125
269.2088869	0.63125
269.2252954	0.63125
269.2417998	0.63125
269.2590066	0.63125
269.2758433	0.63125
269.2918665	0.63125
269.3093925	0.63125
269.3258031	0.63125
269.342243	0.63125
269.3589936	0.63125
269.3753693	0.63125
269.3923337	0.63125
269.4088562	0.63125
269.425528	0.63125
269.4417679	0.63125
269.4588866	0.63125
269.475212	0.63125
269.4922256	0.63125
269.5090076	0.63125
269.5255766	0.63125
269.5425278	0.63125
269.5589231	0.623958333333333
269.5754789	0.623958333333333
269.5918065	0.623958333333333
269.6089976	0.623958333333333
269.6254397	0.623958333333333
269.6423315	0.623958333333333
269.659127	0.623958333333333
269.6757285	0.623958333333333
269.6923533	0.623958333333333
269.7086145	0.623958333333333
269.725114	0.623958333333333
269.7420206	0.623958333333333
269.7587703	0.623958333333333
269.7754548	0.623958333333333
269.7919673	0.623958333333333
269.8090841	0.623958333333333
269.8251123	0.623958333333333
269.8423613	0.623958333333333
269.8586222	0.623958333333333
269.8768447	0.623958333333333
269.892446	0.623958333333333
269.9090137	0.623958333333333
269.9253488	0.623958333333333
269.9417316	0.623958333333333
269.9580438	0.623958333333333
269.9752755	0.623958333333333
269.9922758	0.623958333333333
270.0090417	0.623958333333333
270.0256121	0.623958333333333
270.0419938	0.623958333333333
270.058896	0.623958333333333
270.0755963	0.615625
270.0922822	0.615625
270.1088777	0.615625
270.125526	0.615625
270.142132	0.615625
270.1588617	0.615625
270.1758975	0.615625
270.1920358	0.615625
270.2088712	0.615625
270.2255993	0.615625
270.24192	0.615625
270.2590006	0.615625
270.2758008	0.615625
270.2922671	0.615625
270.3087951	0.615625
270.3255779	0.615625
270.3420007	0.615625
270.3590053	0.615625
270.3756873	0.615625
270.3920851	0.615625
270.4085077	0.615625
270.4257184	0.615625
270.4422255	0.615625
270.458969	0.615625
270.475526	0.615625
270.4917833	0.615625
270.5091137	0.615625
270.5254403	0.615625
270.5420901	0.615625
270.5590054	0.615625
270.5754623	0.615625
270.5919397	0.615625
270.6092042	0.615625
270.6256551	0.615625
270.6424624	0.615625
270.6592001	0.615625
270.6756433	0.615625
270.6923417	0.615625
270.709167	0.615625
270.7256263	0.615625
270.7422406	0.615625
270.7588694	0.615625
270.7755359	0.615625
270.7921291	0.615625
270.8085805	0.615625
270.8253444	0.615625
270.8420023	0.615625
270.8587445	0.615625
270.87553	0.615625
270.8942831	0.615625
270.9087352	0.615625
270.9254412	0.615625
270.9420209	0.615625
270.9590444	0.615625
270.9755328	0.615625
270.9920952	0.615625
271.0089064	0.615625
271.0255225	0.615625
271.0422546	0.615625
271.0589656	0.615625
271.0754192	0.615625
271.0922611	0.615625
271.1087604	0.615625
271.1256269	0.615625
271.1421973	0.615625
271.1584911	0.615625
271.1757991	0.615625
271.1919962	0.615625
271.2092847	0.615625
271.2254536	0.615625
271.242137	0.615625
271.2586046	0.615625
271.2756186	0.615625
271.2922021	0.615625
271.3089445	0.615625
271.3250769	0.615625
271.3422787	0.615625
271.3586406	0.615625
271.3753777	0.615625
271.3920261	0.615625
271.4089668	0.615625
271.4254462	0.615625
271.4419686	0.615625
271.45918	0.615625
271.475685	0.615625
271.4922408	0.615625
271.5088534	0.615625
271.5260692	0.615625
271.5420179	0.615625
271.5587728	0.615625
271.5756261	0.615625
271.5923304	0.615625
271.6086918	0.615625
271.6254544	0.615625
271.6423738	0.615625
271.6589172	0.615625
271.6752347	0.615625
271.6921465	0.615625
271.7090047	0.615625
271.7253427	0.615625
271.7423053	0.615625
271.7591768	0.615625
271.7754688	0.615625
271.7921935	0.615625
271.8090629	0.615625
271.8249889	0.615625
271.8417193	0.615625
271.8589125	0.615625
271.8756695	0.615625
271.8922614	0.615625
271.9084289	0.615625
271.9255942	0.615625
271.9422879	0.615625
271.9591402	0.615625
271.9755039	0.615625
271.9924639	0.615625
272.008782	0.615625
272.0252743	0.615625
272.0420491	0.615625
272.0587649	0.615625
272.0753299	0.615625
272.0922141	0.615625
272.1087715	0.615625
272.1249714	0.615625
272.1422335	0.615625
272.1589594	0.615625
272.1754741	0.615625
272.192308	0.615625
272.2088999	0.615625
272.2255977	0.615625
272.2421241	0.615625
272.2591206	0.615625
272.2755169	0.615625
272.2922326	0.615625
272.3089074	0.615625
272.324759	0.615625
272.3421514	0.615625
272.358764	0.615625
272.37965	0.615625
272.3921005	0.615625
272.4088567	0.615625
272.4254055	0.615625
272.4425038	0.615625
272.4590187	0.615625
272.475477	0.615625
272.4921631	0.615625
272.5085663	0.615625
272.5255484	0.615625
272.5420956	0.615625
272.5595519	0.615625
272.5755646	0.615625
272.5922975	0.615625
272.6089597	0.615625
272.6255377	0.615625
272.6421276	0.615625
272.6586461	0.615625
272.6751713	0.615625
272.692199	0.615625
272.7087503	0.615625
272.7252085	0.615625
272.7420247	0.615625
272.758595	0.615625
272.7751533	0.615625
272.7922203	0.615625
272.8091724	0.615625
272.8254701	0.615625
272.8421014	0.615625
272.859098	0.615625
272.8755509	0.615625
272.8922131	0.615625
272.9092173	0.615625
272.9254384	0.615625
272.9423574	0.615625
272.9593083	0.615625
272.9752461	0.615625
272.9922393	0.615625
273.0084779	0.615625
273.0254837	0.615625
273.0421156	0.615625
273.0587089	0.615625
273.0750888	0.615625
273.0919382	0.615625
273.108993	0.615625
273.1255217	0.615625
273.1418488	0.615625
273.1589947	0.615625
273.175843	0.615625
273.1922841	0.615625
273.2087967	0.615625
273.2255066	0.615625
273.2419343	0.615625
273.258744	0.615625
273.2754278	0.615625
273.2917374	0.615625
273.3086841	0.615625
273.3249714	0.615625
273.3425075	0.615625
273.3587941	0.615625
273.3755144	0.615625
273.3921752	0.615625
273.4091455	0.615625
273.4254635	0.615625
273.44219	0.615625
273.4583592	0.615625
273.4752248	0.615625
273.4919353	0.615625
273.5123776	0.615625
273.5254472	0.615625
273.5421476	0.615625
273.5587259	0.615625
273.5754615	0.615625
273.5921577	0.615625
273.6084473	0.615625
273.6255049	0.615625
273.6421415	0.615625
273.6585001	0.615625
273.6755598	0.615625
273.6921467	0.615625
273.7090091	0.615625
273.7255643	0.615625
273.7419725	0.615625
273.7584523	0.615625
273.7758518	0.615625
273.7921315	0.615625
273.8084728	0.615625
273.8250924	0.615625
273.8420081	0.615625
273.8586915	0.615625
273.8755871	0.615625
273.8922326	0.615625
273.908589	0.615625
273.9254589	0.615625
273.941769	0.615625
273.9588351	0.615625
273.9796269	0.615625
273.9917192	0.615625
274.0084525	0.615625
274.0255177	0.615625
274.0422029	0.615625
274.0587467	0.615625
274.0755805	0.615625
274.0918828	0.615625
274.1086789	0.615625
274.1252714	0.615625
274.1418438	0.615625
274.1590278	0.615625
274.175113	0.615625
274.1920619	0.615625
274.208964	0.615625
274.2249354	0.615625
274.241739	0.615625
274.258783	0.615625
274.2754066	0.615625
274.2918512	0.615625
274.3087205	0.615625
274.3252915	0.615625
274.3423047	0.615625
274.3590595	0.615625
274.375426	0.615625
274.3915767	0.615625
274.408819	0.615625
274.4253757	0.615625
274.442075	0.615625
274.4589856	0.615625
274.4751004	0.615625
274.4919304	0.615625
274.5087853	0.615625
274.5253527	0.615625
274.5419005	0.615625
274.5588013	0.615625
274.5753645	0.615625
274.5921447	0.615625
274.6086864	0.615625
274.6252707	0.615625
274.642039	0.615625
274.6581704	0.615625
274.6753262	0.615625
274.6919393	0.615625
274.7089634	0.615625
274.7255303	0.615625
274.7416349	0.615625
274.7588658	0.615625
274.7753874	0.615625
274.792391	0.615625
274.8084356	0.615625
274.8252528	0.615625
274.8421783	0.615625
274.8587863	0.615625
274.8753661	0.615625
274.8920054	0.615625
274.9088802	0.615625
274.9253432	0.615625
274.9423428	0.615625
274.958878	0.615625
274.9753504	0.615625
274.9927659	0.615625
275.0086159	0.615625
275.0248843	0.615625
275.0420852	0.615625
275.0587891	0.615625
275.0747933	0.615625
275.0922066	0.615625
275.1084628	0.615625
275.1251515	0.615625
275.1425542	0.615625
275.1588099	0.615625
275.1751582	0.615625
275.1918642	0.615625
275.2085608	0.615625
275.2249583	0.615625
275.242013	0.615625
275.2588379	0.615625
275.2749669	0.615625
275.2918543	0.615625
275.3087198	0.615625
275.325025	0.615625
275.3418734	0.615625
275.3589299	0.615625
275.3750282	0.615625
275.3922359	0.615625
275.4083874	0.615625
275.4254186	0.615625
275.4417144	0.615625
275.4585826	0.615625
275.4748197	0.615625
275.4920732	0.615625
275.508507	0.615625
275.5248707	0.615625
275.5420058	0.615625
275.5586115	0.615625
275.5750344	0.615625
275.592743	0.615625
275.6085367	0.615625
275.6248958	0.615625
275.6420244	0.615625
275.6590048	0.615625
275.6748225	0.615625
275.6917712	0.615625
275.7090273	0.615625
275.7248545	0.615625
275.7418019	0.615625
275.7588671	0.615625
275.7753004	0.615625
275.792053	0.615625
275.8087714	0.615625
275.824804	0.615625
275.8423407	0.615625
275.8586381	0.615625
275.8750548	0.615625
275.8921645	0.615625
275.9087122	0.615625
275.9248241	0.615625
275.9421018	0.615625
275.9586788	0.615625
275.9747888	0.615625
275.9918077	0.615625
276.0089898	0.615625
276.0248508	0.615625
276.0420515	0.615625
276.0588452	0.615625
276.0748353	0.615625
276.0920264	0.615625
276.1089658	0.615625
276.1252165	0.615625
276.1418922	0.615625
276.1588085	0.615625
276.1749625	0.615625
276.1917657	0.615625
276.2088243	0.615625
276.2247435	0.615625
276.2419631	0.615625
276.258744	0.615625
276.275527	0.615625
276.2918461	0.615625
276.3086929	0.615625
276.3252166	0.615625
276.3420583	0.615625
276.358842	0.615625
276.3748655	0.615625
276.3919595	0.615625
276.4084342	0.615625
276.4253219	0.615625
276.4417021	0.615625
276.4587133	0.615625
276.4751568	0.615625
276.4920319	0.615625
276.5085357	0.615625
276.5253909	0.615625
276.5419684	0.615625
276.5585101	0.615625
276.5750902	0.615625
276.5922314	0.615625
276.6086284	0.615625
276.6251874	0.615625
276.6420628	0.615625
276.6585273	0.615625
276.6751274	0.615625
276.6919837	0.615625
276.7087743	0.615625
276.7248376	0.615625
276.7417683	0.615625
276.7587392	0.615625
276.7750936	0.615625
276.7920172	0.615625
276.8090341	0.615625
276.8251893	0.615625
276.8417591	0.615625
276.858544	0.615625
276.8752894	0.615625
276.8922232	0.615625
276.9085042	0.615625
276.925106	0.615625
276.9416883	0.615625
276.958634	0.615625
276.9750279	0.615625
276.9915749	0.615625
277.0087034	0.615625
277.0251816	0.615625
277.0421043	0.615625
277.0585789	0.615625
277.0750034	0.615625
277.0921652	0.615625
277.1087327	0.615625
277.1253661	0.615625
277.1419902	0.615625
277.1587237	0.615625
277.1747479	0.615625
277.1921122	0.615625
277.208493	0.615625
277.2253445	0.615625
277.2418204	0.615625
277.258327	0.615625
277.2748575	0.615625
277.2919495	0.615625
277.3084355	0.615625
277.3250702	0.615625
277.3419896	0.615625
277.3587145	0.615625
277.374855	0.615625
277.3918715	0.615625
277.408672	0.615625
277.4251132	0.615625
277.4417085	0.615625
277.4585783	0.615625
277.4753021	0.615625
277.4917592	0.615625
277.5086344	0.615625
277.5254558	0.615625
277.5422464	0.615625
277.5583085	0.615625
277.575293	0.615625
277.5917754	0.615625
277.6086675	0.615625
277.625296	0.615625
277.6416325	0.615625
277.6587372	0.615625
277.6754696	0.615625
277.6917615	0.615625
277.7086374	0.615625
277.7252709	0.615625
277.741751	0.615625
277.7586432	0.615625
277.7752686	0.615625
277.7917878	0.615625
277.8085901	0.615625
277.8250028	0.615625
277.8419777	0.615625
277.858557	0.615625
277.8748684	0.615625
277.8919856	0.615625
277.9083658	0.615625
277.9249724	0.615625
277.9420028	0.615625
277.9588244	0.615625
277.9753575	0.615625
277.9920337	0.615625
278.0088922	0.615625
278.0252338	0.615625
278.0419951	0.615625
278.0587999	0.615625
278.075172	0.615625
278.0920248	0.615625
278.1088605	0.615625
278.1251856	0.615625
278.1417756	0.615625
278.1586324	0.615625
278.1753156	0.615625
278.1921697	0.615625
278.2082239	0.615625
278.2252636	0.615625
278.2419706	0.615625
278.2585885	0.615625
278.2753159	0.615625
278.2918337	0.615625
278.3082912	0.615625
278.3250447	0.615625
278.3417485	0.615625
278.3585185	0.615625
278.3746754	0.615625
278.3920544	0.615625
278.408391	0.615625
278.42582	0.615625
278.441739	0.615625
278.4584039	0.615625
278.4755026	0.615625
278.4918111	0.615625
278.5084046	0.615625
278.5248457	0.615625
278.5417101	0.615625
278.5585704	0.615625
278.5751597	0.615625
278.5920822	0.615625
278.6083307	0.615625
278.625306	0.615625
278.6420061	0.615625
278.6584764	0.615625
278.6753082	0.615625
278.6919066	0.615625
278.7085257	0.615625
278.7248886	0.615625
278.7416762	0.615625
278.7582428	0.615625
278.7751498	0.615625
278.79159	0.615625
278.808563	0.615625
278.8247388	0.615625
278.8416303	0.615625
278.8585464	0.615625
278.8751987	0.615625
278.8918088	0.615625
278.9086216	0.615625
278.9252932	0.615625
278.9420442	0.615625
278.9584039	0.615625
278.9748804	0.615625
278.9918652	0.615625
279.0088846	0.615625
279.0252819	0.615625
279.0419558	0.615625
279.0581865	0.615625
279.0749001	0.615625
279.0919451	0.615625
279.1086057	0.615625
279.125334	0.615625
279.1419113	0.615625
279.158295	0.615625
279.1748973	0.615625
279.1918252	0.615625
279.2086196	0.615625
279.2245472	0.615625
279.2421497	0.615625
279.2580452	0.615625
279.2751425	0.615625
279.2919044	0.615625
279.3083683	0.615625
279.3251679	0.615625
279.3421483	0.615625
279.3585241	0.615625
279.3751776	0.615625
279.3923232	0.615625
279.4086119	0.615625
279.4253051	0.615625
279.4417644	0.615625
279.4582749	0.615625
279.4746244	0.615625
279.4915868	0.615625
279.5085449	0.615625
279.5252353	0.615625
279.5415025	0.615625
279.5585773	0.615625
279.5752508	0.615625
279.5915687	0.615625
279.6087359	0.615625
279.6252721	0.615625
279.6420806	0.615625
279.6587725	0.615625
279.6751123	0.615625
279.6915661	0.615625
279.7084517	0.615625
279.7254727	0.615625
279.7417758	0.615625
279.7583394	0.615625
279.7748308	0.615625
279.7921778	0.615625
279.8087158	0.615625
279.8249845	0.615625
279.8423116	0.615625
279.8586278	0.615625
279.8749675	0.615625
279.8920403	0.615625
279.9082366	0.615625
279.9253995	0.615625
279.9418195	0.615625
279.958754	0.615625
279.9746751	0.615625
279.9915679	0.615625
280.0083245	0.615625
280.0253625	0.615625
280.0414374	0.615625
280.0584522	0.615625
280.0754429	0.615625
280.0918838	0.615625
280.1085482	0.615625
280.124957	0.615625
280.1416915	0.615625
280.1583821	0.615625
280.1753034	0.615625
280.1918503	0.615625
280.2088395	0.615625
280.2254361	0.615625
280.2414374	0.615625
280.2580502	0.615625
280.275476	0.615625
280.2918352	0.615625
280.3086171	0.615625
280.3252705	0.615625
280.3417985	0.615625
280.3585451	0.615625
280.3753834	0.615625
280.3918947	0.615625
280.4086382	0.615625
280.4251749	0.615625
280.4421751	0.615625
280.4585688	0.615625
280.4754228	0.615625
280.4917311	0.615625
280.5084139	0.615625
280.5252796	0.615625
280.5416667	0.615625
280.5584134	0.615625
280.5756235	0.615625
280.5917353	0.615625
280.6084236	0.615625
280.625047	0.615625
280.6417749	0.615625
280.658518	0.615625
280.6751884	0.615625
280.691599	0.615625
280.7080051	0.615625
280.725068	0.615625
280.741796	0.615625
280.7584297	0.615625
280.7750678	0.615625
280.7915364	0.615625
280.8085305	0.615625
280.8252774	0.615625
280.8416193	0.615625
280.8585889	0.615625
280.875224	0.615625
280.8918513	0.615625
280.9085759	0.615625
280.9253002	0.615625
280.9414082	0.615625
280.9585669	0.615625
280.9749885	0.615625
280.9919869	0.615625
281.0081774	0.615625
281.0253576	0.615625
281.0416225	0.615625
281.0585509	0.615625
281.0755438	0.615625
281.0914807	0.615625
281.107975	0.615625
281.1252287	0.615625
281.1417325	0.615625
281.1583667	0.615625
281.1751429	0.615625
281.1921315	0.615625
281.2086372	0.615625
281.2250481	0.615625
281.2416984	0.615625
281.2585529	0.615625
281.2752272	0.615625
281.2915535	0.615625
281.3084246	0.615625
281.3251713	0.615625
281.3417285	0.615625
281.3585449	0.615625
281.3750691	0.615625
281.3919642	0.615625
281.4083494	0.615625
281.424786	0.615625
281.4414495	0.615625
281.4584523	0.615625
281.4749325	0.615625
281.4915915	0.615625
281.5084583	0.615625
281.5249089	0.615625
281.5422657	0.615625
281.5585405	0.615625
281.5751083	0.615625
281.5917016	0.615625
281.6082305	0.615625
281.624574	0.615625
281.6422317	0.615625
281.6582063	0.615625
281.6750845	0.615625
281.6917111	0.615625
281.7080932	0.615625
281.7248328	0.615625
281.7417123	0.615625
281.7583248	0.615625
281.774632	0.615625
281.7916614	0.615625
281.8084461	0.615625
281.8248118	0.615625
281.8419411	0.615625
281.8583974	0.615625
281.8753429	0.615625
281.8918359	0.615625
281.9080637	0.615625
281.9250881	0.615625
281.9420134	0.615625
281.9582339	0.615625
281.9748573	0.615625
281.9916737	0.615625
282.0084678	0.615625
282.0255641	0.615625
282.0418072	0.615625
282.0582341	0.615625
282.0751785	0.615625
282.0917348	0.615625
282.1082027	0.615625
282.1252413	0.615625
282.1418749	0.615625
282.1592351	0.615625
282.1751959	0.615625
282.1914611	0.615625
282.2081896	0.615625
282.2251915	0.615625
282.2416365	0.615625
282.2582358	0.615625
282.2754771	0.615625
282.2919648	0.615625
282.3085221	0.615625
282.3251267	0.615625
282.3422389	0.615625
282.3604278	0.615625
282.3748908	0.615625
282.3917449	0.615625
282.4088256	0.615625
282.4251002	0.615625
282.441393	0.615625
282.4585297	0.615625
282.4752505	0.615625
282.4918143	0.615625
282.5083972	0.615625
282.5249536	0.615625
282.5418219	0.615625
282.5585791	0.615625
282.5757178	0.615625
282.5919005	0.615625
282.6087098	0.615625
282.6251691	0.615625
282.6417267	0.615625
282.6584103	0.615625
282.6747666	0.615625
282.6918279	0.615625
282.708454	0.615625
282.7249358	0.615625
282.7417524	0.615625
282.7582437	0.615625
282.7752405	0.615625
282.7920317	0.615625
282.8080884	0.615625
282.8250603	0.615625
282.841713	0.615625
282.8583756	0.615625
282.8755047	0.615625
282.8916745	0.615625
282.9083907	0.615625
282.9252793	0.615625
282.9418058	0.615625
282.9583309	0.615625
282.975128	0.615625
282.9917862	0.615625
283.0079347	0.615625
283.0254296	0.615625
283.0420121	0.615625
283.0581065	0.615625
283.075292	0.615625
283.0920307	0.615625
283.108169	0.615625
283.1251329	0.615625
283.1417657	0.615625
283.1586716	0.615625
283.1750371	0.615625
283.1916252	0.615625
283.2080562	0.615625
283.2246808	0.615625
283.2416585	0.615625
283.2583036	0.615625
283.274876	0.615625
283.2917102	0.615625
283.308082	0.615625
283.3250075	0.615625
283.3417199	0.615625
283.3580702	0.615625
283.3751233	0.615625
283.3919255	0.615625
283.4080619	0.615625
283.4249217	0.615625
283.4417903	0.615625
283.4581144	0.615625
283.4749374	0.615625
283.4917784	0.615625
283.5084316	0.615625
283.5249338	0.615625
283.5418691	0.615625
283.5579886	0.615625
283.5752218	0.615625
283.5917911	0.615625
283.6082859	0.615625
283.6256758	0.615625
283.6418665	0.615625
283.6582352	0.615625
283.6750186	0.615625
283.6913268	0.615625
283.7079032	0.615625
283.7249076	0.615625
283.7417706	0.615625
283.758423	0.615625
283.7755878	0.615625
283.7917063	0.615625
283.808011	0.615625
283.8252843	0.615625
283.8416652	0.615625
283.8579336	0.615625
283.8752077	0.615625
283.8917041	0.615625
283.9083609	0.615625
283.9250865	0.615625
283.941764	0.615625
283.9578415	0.615625
283.9748379	0.615625
283.9920946	0.615625
284.008307	0.615625
284.0249991	0.615625
284.0418716	0.615625
284.0617151	0.615625
284.0779399	0.615625
284.0934901	0.615625
284.1248418	0.615625
284.1416493	0.615625
284.1583468	0.615625
284.1749167	0.615625
284.1913707	0.615625
284.2082803	0.615625
284.2246962	0.615625
284.2415199	0.615625
284.2580713	0.615625
284.2748326	0.615625
284.2915895	0.615625
284.3083766	0.615625
284.3246223	0.615625
284.3417202	0.615625
284.3579431	0.615625
284.3750872	0.615625
284.3918184	0.615625
284.4084157	0.615625
284.424893	0.615625
284.4417298	0.615625
284.4582049	0.615625
284.4752086	0.615625
284.4916668	0.615625
284.5079378	0.615625
284.5251795	0.615625
284.5419287	0.615625
284.5579456	0.615625
284.5749998	0.615625
284.5917457	0.615625
284.6081592	0.615625
284.6247591	0.615625
284.6419879	0.615625
284.6582028	0.615625
284.6750698	0.615625
284.6917169	0.615625
284.7082607	0.615625
284.725093	0.615625
284.7416186	0.615625
284.7582942	0.615625
284.7750846	0.615625
284.7916514	0.615625
284.8082503	0.615625
284.8248565	0.615625
284.8415085	0.615625
284.8578355	0.615625
284.875078	0.615625
284.8915389	0.615625
284.907675	0.615625
284.9244653	0.615625
284.9414325	0.615625
284.9579832	0.615625
284.9748845	0.615625
284.9916228	0.615625
285.008195	0.615625
285.0250023	0.615625
285.0414125	0.615625
285.0582883	0.615625
285.0747695	0.615625
285.0917361	0.615625
285.1079	0.615625
285.1251523	0.615625
285.1415258	0.615625
285.1579443	0.615625
285.1751313	0.615625
285.1916821	0.615625
285.2084194	0.615625
285.2251565	0.615625
285.2416616	0.615625
285.2578936	0.615625
285.2750371	0.615625
285.2914515	0.615625
285.3079339	0.615625
285.3254366	0.615625
285.3417067	0.615625
285.3578616	0.615625
285.3752755	0.615625
285.3912759	0.615625
285.4079152	0.615625
285.424821	0.615625
285.4414139	0.615625
285.458084	0.615625
285.4750398	0.615625
285.4937968	0.615625
285.5107073	0.615625
285.5250042	0.615625
285.5417734	0.615625
285.5579611	0.615625
285.5750552	0.615625
285.5912561	0.615625
285.6081178	0.615625
285.6249706	0.615625
285.6415057	0.615625
285.6581256	0.615625
285.6751824	0.615625
285.6913129	0.615625
285.7084511	0.615625
285.724732	0.615625
285.7413616	0.615625
285.7579677	0.615625
285.7755015	0.615625
285.7915337	0.615625
285.8079651	0.615625
285.8250951	0.615625
285.8413471	0.615625
285.8581159	0.615625
285.8747057	0.615625
285.8915923	0.615625
285.9079132	0.615625
285.9260931	0.615625
285.9415871	0.615625
285.9579305	0.615625
285.9748407	0.615625
285.9917442	0.615625
286.0082725	0.615625
286.0251689	0.615625
286.0413682	0.615625
286.0582509	0.615625
286.075081	0.615625
286.0917499	0.615625
286.1080603	0.615625
286.1247613	0.615625
286.1416636	0.615625
286.1580244	0.615625
286.175082	0.615625
286.1918071	0.615625
286.2081993	0.615625
286.2251752	0.615625
286.2417264	0.615625
286.2580858	0.615625
286.2751094	0.615625
286.2914183	0.615625
286.3081503	0.615625
286.3249206	0.615625
286.3416102	0.615625
286.3580839	0.615625
286.3747822	0.615625
286.3918569	0.615625
286.4079352	0.615625
286.4246819	0.615625
286.4416792	0.615625
286.458239	0.615625
286.4750367	0.615625
286.4912984	0.615625
286.5081401	0.615625
286.5250555	0.615625
286.5414273	0.615625
286.5581861	0.615625
286.5750819	0.615625
286.5917861	0.615625
286.6081651	0.615625
286.6249737	0.615625
286.6416478	0.615625
286.6581398	0.615625
286.6749568	0.615625
286.69159	0.615625
286.7084574	0.615625
286.7249248	0.615625
286.7411483	0.615625
286.7578233	0.615625
286.7749213	0.615625
286.7914643	0.615625
286.8081161	0.615625
286.8250801	0.615625
286.8416818	0.615625
286.8581796	0.615625
286.87498	0.615625
286.8916867	0.615625
286.9082337	0.615625
286.9250183	0.615625
286.9415619	0.615625
286.9582523	0.615625
286.9752057	0.615625
287.007896	0.615625
287.0243516	0.615625
287.0413263	0.615625
287.0582999	0.615625
287.075057	0.615625
287.0920439	0.615625
287.1249778	0.615625
287.1584991	0.615625
287.1749848	0.615625
287.1911088	0.615625
287.2085213	0.615625
287.2248713	0.615625
287.2412034	0.615625
287.258244	0.615625
287.2751645	0.615625
287.2917259	0.615625
287.3249509	0.615625
287.3582467	0.615625
287.3749692	0.615625
287.3913594	0.615625
287.4081996	0.615625
287.4252192	0.615625
287.4413704	0.615625
287.4580965	0.615625
287.4748075	0.615625
287.5078689	0.615625
287.524983	0.615625
287.5413715	0.615625
287.558098	0.615625
287.5748644	0.615625
287.5914745	0.615625
287.608017	0.615625
287.6253857	0.615625
287.6413659	0.615625
287.6577868	0.615625
287.6755036	0.615625
287.7081102	0.615625
287.7248749	0.615625
287.7585832	0.615625
287.792003	0.615625
287.8250568	0.615625
287.8584319	0.615625
287.8748489	0.615625
287.8914186	0.615625
287.9082845	0.615625
287.9246558	0.615625
287.9414679	0.615625
287.9576538	0.615625
287.9748493	0.615625
288.0082526	0.615625
288.0249639	0.615625
288.0415063	0.615625
288.0580247	0.615625
288.0750081	0.615625
288.0918049	0.615625
288.1086268	0.615625
288.1420258	0.615625
288.1750605	0.615625
288.2084578	0.615625
288.241892	0.615625
288.274776	0.615625
288.3081537	0.615625
288.3253299	0.615625
288.3583379	0.615625
288.3915411	0.615625
288.4250244	0.615625
288.4583485	0.615625
288.4917334	0.615625
288.5249347	0.615625
288.5585908	0.615625
288.592057	0.615625
288.6246228	0.615625
288.6583182	0.615625
288.6916411	0.615625
288.7249521	0.615625
288.7583031	0.615625
288.7918168	0.615625
288.8250915	0.615625
288.8580217	0.615625
288.8916453	0.615625
288.9249602	0.615625
288.9580059	0.615625
288.9918105	0.615625
289.0252431	0.615625
289.0581113	0.615625
289.0917057	0.615625
289.1248942	0.615625
289.1583675	0.615625
289.1917145	0.615625
289.2085335	0.615625
289.2417335	0.615625
289.2752099	0.615625
289.3084411	0.615625
289.3417852	0.615625
289.3748789	0.615625
289.408432	0.615625
289.4416673	0.615625
289.4750609	0.615625
289.5082436	0.615625
289.5414427	0.615625
289.5751518	0.615625
289.6083592	0.615625
289.6421476	0.615625
289.6748655	0.615625
289.7080146	0.615625
289.7415074	0.615625
289.7748913	0.615625
289.8082646	0.615625
289.8417593	0.615625
289.8747495	0.615625
289.9083411	0.615625
289.9416845	0.615625
289.9750909	0.615625
290.0080944	0.615625
290.0419538	0.615625
290.0749251	0.615625
290.1081993	0.615625
290.1415554	0.615625
290.174529	0.615625
290.207968	0.615625
290.2415983	0.615625
290.2749478	0.615625
290.308366	0.615625
290.3415264	0.615625
290.3749199	0.615625
290.408464	0.615625
290.4417018	0.615625
290.4749	0.615625
290.5082812	0.615625
290.5411984	0.615625
290.5745356	0.615625
290.608252	0.615625
290.6414966	0.615625
290.6745634	0.615625
290.7082072	0.615625
290.7416893	0.615625
290.7747482	0.615625
290.8079218	0.615625
290.8413788	0.615625
290.8750611	0.615625
290.9080429	0.615625
290.941507	0.615625
290.9749882	0.615625
291.0083287	0.615625
291.0414499	0.615625
291.0757642	0.615625
291.1087539	0.615625
291.1411846	0.615625
291.1748986	0.615625
291.2078901	0.615625
291.2415927	0.615625
291.2762445	0.615625
291.3075474	0.615625
291.3400055	0.615625
291.3735456	0.615625
291.4067757	0.615625
291.4399335	0.615625
291.4736037	0.615625
291.5069968	0.615625
291.5405615	0.615625
291.5738358	0.615625
291.6066822	0.615625
291.6406541	0.615625
291.6733813	0.615625
291.7071596	0.615625
291.7404031	0.615625
291.7739	0.615625
291.8073918	0.615625
291.8401805	0.615625
291.8735935	0.615625
291.9068133	0.615625
291.9397921	0.615625
291.9733525	0.615625
292.0071663	0.615625
292.0402665	0.615625
292.0735256	0.615625
292.1066877	0.615625
292.1404716	0.615625
292.1734016	0.615625
292.207211	0.615625
292.2404686	0.615625
292.2739011	0.615625
292.307178	0.615625
292.340411	0.615625
292.3735056	0.615625
292.4071469	0.615625
292.4398853	0.615625
292.4737545	0.615625
292.5069954	0.615625
292.5405463	0.615625
292.5741249	0.615625
292.6073942	0.615625
292.6407387	0.615625
292.6737406	0.615625
292.7072734	0.615625
292.7404051	0.615625
292.7737643	0.615625
292.8070875	0.615625
292.8399312	0.615625
292.8733765	0.615625
292.9067047	0.615625
292.940244	0.615625
292.9737826	0.615625
293.0087286	0.615625
293.0403178	0.615625
293.0737546	0.615625
293.1071535	0.615625
293.1402543	0.615625
293.1739273	0.615625
293.2068172	0.615625
293.2404192	0.615625
293.2736438	0.615625
293.3070457	0.615625
293.3401451	0.615625
293.3737656	0.615625
293.406925	0.615625
293.4401465	0.615625
293.4736922	0.615625
293.5074885	0.615625
293.5401549	0.615625
293.5733476	0.615625
293.6071608	0.615625
293.6405292	0.615625
293.6736996	0.615625
293.706808	0.615625
293.7403082	0.615625
293.7735883	0.615625
293.807059	0.615625
293.8400788	0.615625
293.8737032	0.615625
293.9073689	0.615625
293.9398065	0.615625
293.9733187	0.615625
294.0073716	0.615625
294.0398755	0.615625
294.0740407	0.615625
294.107189	0.615625
294.1405612	0.615625
294.1737248	0.615625
294.2077402	0.615625
294.2402847	0.615625
294.2738079	0.615625
294.3072713	0.615625
294.3404769	0.615625
294.3737372	0.615625
294.4073536	0.615625
294.4401085	0.615625
294.4738921	0.615625
294.5072471	0.615625
294.5400342	0.615625
294.5734731	0.615625
294.6068567	0.615625
294.6404435	0.615625
294.6737183	0.615625
294.7070997	0.615625
294.7402197	0.615625
294.7734611	0.615625
294.8065515	0.615625
294.8402297	0.615625
294.8733038	0.615625
294.9066641	0.615625
294.9404237	0.615625
294.9735519	0.615625
295.0071111	0.615625
295.0405049	0.615625
295.0738451	0.615625
295.1071729	0.615625
295.1402936	0.615625
295.1736266	0.615625
295.2073152	0.615625
295.2403405	0.615625
295.2733154	0.615625
295.3071684	0.615625
295.3399571	0.615625
295.3736719	0.615625
295.4071556	0.615625
295.4402475	0.615625
295.473168	0.615625
295.5067301	0.615625
295.5404811	0.615625
295.5732298	0.615625
295.6073651	0.615625
295.6409765	0.615625
295.6733192	0.615625
295.7065965	0.615625
295.7402643	0.615625
295.7738144	0.615625
295.8070332	0.615625
295.8402365	0.615625
295.8741652	0.615625
295.907492	0.615625
295.9402938	0.615625
295.9737181	0.615625
296.0072271	0.615625
296.0398812	0.615625
296.0737673	0.615625
296.1065505	0.615625
296.1403752	0.615625
296.1734156	0.615625
296.2073219	0.615625
296.2403161	0.615625
296.2735793	0.615625
296.3070074	0.615625
296.339831	0.615625
296.3738153	0.615625
296.4075488	0.615625
296.4403401	0.615625
296.4736546	0.615625
296.5069574	0.615625
296.5402126	0.615625
296.5737547	0.615625
296.6070492	0.615625
296.6412662	0.615625
296.6735702	0.615625
296.706903	0.615625
296.7398858	0.615625
296.7737476	0.615625
296.807018	0.615625
296.8409101	0.615625
296.8735733	0.615625
296.9069092	0.615625
296.940319	0.615625
296.9735907	0.615625
297.007067	0.615625
297.0401543	0.615625
297.0732922	0.615625
297.1068712	0.615625
297.1400381	0.615625
297.1733179	0.615625
297.2074697	0.615625
297.2405831	0.615625
297.2736231	0.615625
297.3067983	0.615625
297.3401469	0.615625
297.3738177	0.615625
297.4071835	0.615625
297.4408334	0.615625
297.4734428	0.615625
297.5067551	0.615625
297.5404125	0.615625
297.5735942	0.615625
297.607234	0.615625
297.6407996	0.615625
297.6735917	0.615625
297.7066696	0.615625
297.740221	0.615625
297.773598	0.615625
297.8070089	0.615625
297.8401962	0.615625
297.8735248	0.615625
297.9071067	0.615625
297.9402609	0.615625
297.9733783	0.615625
298.0066345	0.615625
298.0410366	0.615625
298.0734753	0.615625
298.1072102	0.615625
298.1402152	0.615625
298.1732912	0.615625
298.2076959	0.615625
298.2404409	0.615625
298.2737928	0.615625
298.3068073	0.615625
298.3401332	0.615625
298.3734424	0.615625
298.4071915	0.615625
298.4399924	0.615625
298.4735777	0.615625
298.5069593	0.615625
298.5404573	0.615625
298.5735557	0.615625
298.6071457	0.615625
298.6401893	0.615625
298.673815	0.615625
298.7064636	0.615625
298.7401613	0.615625
298.7737398	0.615625
298.8071427	0.615625
298.8400104	0.615625
298.8737397	0.615625
298.9065209	0.615625
298.9403284	0.615625
298.9735285	0.615625
299.007222	0.615625
299.040434	0.615625
299.0737242	0.615625
299.1072748	0.615625
299.1404143	0.615625
299.1735312	0.615625
299.2072082	0.615625
299.240367	0.615625
299.2735972	0.615625
299.3114279	0.615625
299.3404708	0.615625
299.3734623	0.615625
299.4067589	0.615625
299.4401932	0.615625
299.4736746	0.615625
299.5067179	0.615625
299.5405386	0.615625
299.5736961	0.615625
299.6076778	0.615625
299.6412423	0.615625
299.6734535	0.615625
299.7071372	0.615625
299.7403964	0.615625
299.7733908	0.615625
299.8071231	0.615625
299.8401351	0.615625
299.8736548	0.615625
299.9066418	0.615625
299.9404387	0.615625
299.9734553	0.615625
300.0071839	0.615625
300.0403616	0.615625
300.0740433	0.615625
300.1071778	0.615625
300.1399319	0.615625
300.1734193	0.615625
300.2067004	0.615625
300.2400116	0.615625
300.273246	0.615625
300.3073473	0.615625
300.3405492	0.615625
300.3733344	0.615625
300.407254	0.615625
300.4399045	0.615625
300.4737528	0.615625
300.5068692	0.615625
300.5403103	0.615625
300.5732547	0.615625
300.6065299	0.615625
300.6405901	0.615625
300.6732776	0.615625
300.7071884	0.615625
300.7405506	0.615625
300.7730948	0.615625
300.8066314	0.615625
300.8402465	0.615625
300.8731685	0.615625
300.9069184	0.615625
300.9403705	0.615625
300.9737834	0.615625
301.0074484	0.615625
301.0412467	0.615625
301.0733354	0.615625
301.1066555	0.615625
301.1403457	0.615625
301.1734993	0.615625
301.2075737	0.615625
301.2403536	0.615625
301.2732741	0.615625
301.3066199	0.615625
301.3403532	0.615625
301.3733831	0.615625
301.4073022	0.615625
301.4404255	0.615625
301.4736368	0.615625
301.5069025	0.615625
301.5402345	0.615625
301.572994	0.615625
301.6065925	0.615625
301.6401348	0.615625
301.6730718	0.615625
301.7068387	0.615625
301.740293	0.615625
301.7734099	0.615625
301.8071184	0.615625
301.8402923	0.615625
301.8735121	0.615625
301.9073813	0.615625
301.9404205	0.615625
301.9730027	0.615625
302.0071219	0.615625
302.0397992	0.615625
302.0731487	0.615625
302.1068472	0.615625
302.1403339	0.615625
302.1734484	0.615625
302.2071834	0.615625
302.2402543	0.615625
302.2733932	0.615625
302.3067189	0.615625
302.3400626	0.615625
302.3731612	0.615625
302.4073061	0.615625
302.4403012	0.615625
302.4733981	0.615625
302.5068672	0.615625
302.5401254	0.615625
302.5733814	0.615625
302.60659	0.615625
302.6401198	0.615625
302.6733462	0.615625
302.7070598	0.615625
302.7398973	0.615625
302.7734278	0.615625
302.80684	0.615625
302.8403197	0.615625
302.8735577	0.615625
302.9069393	0.615625
302.9398148	0.615625
302.9734382	0.615625
303.0073326	0.615625
303.0401276	0.615625
303.0733471	0.615625
303.107188	0.615625
303.1401905	0.615625
303.1737794	0.615625
303.2074794	0.615625
303.2402851	0.615625
303.2735226	0.615625
303.3065452	0.615625
303.3402786	0.615625
303.3733486	0.615625
303.4071659	0.615625
303.4402759	0.615625
303.4732868	0.615625
303.506519	0.615625
303.5397208	0.615625
303.5732561	0.615625
303.6073007	0.615625
303.6403548	0.615625
303.6729845	0.615625
303.7066793	0.615625
303.7400713	0.615625
303.7735469	0.615625
303.8070254	0.615625
303.8399857	0.615625
303.8735799	0.615625
303.906563	0.615625
303.9404221	0.615625
303.9729918	0.615625
304.0064266	0.615625
304.0402638	0.615625
304.0734315	0.615625
304.106838	0.615625
304.1398415	0.615625
304.1733782	0.615625
304.206896	0.615625
304.2398779	0.615625
304.2730502	0.615625
304.3068776	0.615625
304.3400933	0.615625
304.373565	0.615625
304.4071873	0.615625
304.4397773	0.615625
304.4733313	0.615625
304.506742	0.615625
304.540136	0.615625
304.5730175	0.615625
304.6071301	0.615625
304.6412515	0.615625
304.6730376	0.615625
304.7068946	0.615625
304.7402753	0.615625
304.7733171	0.615625
304.8070518	0.615625
304.8397428	0.615625
304.8732594	0.615625
304.9063581	0.615625
304.940146	0.615625
304.9731578	0.615625
305.0069163	0.615625
305.0404343	0.615625
305.0731478	0.615625
305.106998	0.615625
305.140267	0.615625
305.1733463	0.615625
305.2071948	0.615625
305.2405123	0.615625
305.2732544	0.615625
305.3066506	0.615625
305.3397918	0.615625
305.3732522	0.615625
305.407134	0.615625
305.4401282	0.615625
305.4733592	0.615625
305.5068986	0.615625
305.5401669	0.615625
305.5734491	0.615625
305.6069925	0.615625
305.6405327	0.615625
305.6731709	0.615625
305.7067182	0.615625
305.740165	0.615625
305.7737636	0.615625
305.8070202	0.615625
305.8397734	0.615625
305.873335	0.615625
305.9068446	0.615625
305.9396767	0.615625
305.9730726	0.615625
306.0070439	0.615625
306.0400933	0.615625
306.0732422	0.615625
306.1067009	0.615625
306.1398039	0.615625
306.173215	0.615625
306.207028	0.615625
306.2399532	0.615625
306.2734244	0.615625
306.3067138	0.615625
306.3400039	0.615625
306.3732432	0.615625
306.4067942	0.615625
306.4401344	0.615625
306.4734609	0.615625
306.5068103	0.615625
306.5402898	0.615625
306.5566543	0.615625
306.5902476	0.615625
306.6233377	0.615625
306.6563722	0.615625
306.6900609	0.615625
306.723293	0.615625
306.7566998	0.615625
306.7902457	0.615625
306.8234178	0.615625
306.8398046	0.615625
306.856505	0.615625
306.8901963	0.615625
306.9064867	0.615625
306.9401228	0.615625
306.9568228	0.615625
306.9731885	0.615625
307.0070145	0.615625
307.0402918	0.615625
307.0566111	0.615625
307.0732534	0.615625
307.0901321	0.615625
307.106541	0.615625
307.1233061	0.615625
307.1398905	0.615625
307.1567533	0.615625
307.1749915	0.615625
307.1908165	0.615625
307.2071397	0.615625
307.2243242	0.615625
307.2408581	0.615625
307.257378	0.615625
307.2743776	0.615625
307.2908746	0.615625
307.3073723	0.615625
307.3243426	0.615625
307.3408919	0.615625
307.3574045	0.615625
307.3740094	0.615625
307.3907495	0.615625
307.4238018	0.615625
307.4574768	0.615625
307.4739304	0.615625
307.4909766	0.615625
307.5076731	0.615625
307.5239687	0.615625
307.540874	0.615625
307.5576622	0.615625
307.574137	0.615625
307.5906768	0.615625
307.6070839	0.615625
307.6237768	0.615625
307.6406285	0.615625
307.6575571	0.615625
307.6741442	0.615625
307.6907034	0.615625
307.7071432	0.615625
307.7238825	0.615625
307.7408446	0.615625
307.7575365	0.615625
307.7745631	0.615625
307.7906073	0.615625
307.8241723	0.615625
307.8573962	0.615625
307.8743448	0.615625
307.8904444	0.615625
307.9073615	0.615625
307.9238005	0.615625
307.9408287	0.615625
307.957582	0.615625
307.9740784	0.615625
307.9905005	0.615625
308.0076983	0.615625
308.0242689	0.615625
308.0410128	0.615625
308.0574004	0.615625
308.0742011	0.615625
308.0913674	0.615625
308.107044	0.615625
308.1242203	0.615625
308.1404272	0.615625
308.157092	0.615625
308.1736368	0.615625
308.190559	0.615625
308.207225	0.615625
308.2238247	0.615625
308.2409374	0.615625
308.2575286	0.615625
308.2741295	0.615625
308.2908384	0.615625
308.3074764	0.615625
308.3246245	0.615625
308.3408751	0.615625
308.3571173	0.615625
308.3742961	0.615625
308.3907535	0.615625
308.407415	0.615625
308.4237147	0.615625
308.4409822	0.615625
308.4572973	0.615625
308.4742686	0.615625
308.4907975	0.615625
308.5074259	0.615625
308.5237546	0.615625
308.5409589	0.615625
308.5574498	0.615625
308.5742207	0.615625
308.5907856	0.615625
308.6072157	0.615625
308.6241866	0.615625
308.6405863	0.615625
308.6575656	0.615625
308.6734717	0.615625
308.6908665	0.615625
308.7073622	0.615625
308.724105	0.615625
308.7408077	0.615625
308.7575903	0.615625
308.773641	0.615625
308.7912348	0.615625
308.807275	0.615625
308.8237734	0.615625
308.8405756	0.615625
308.8574274	0.615625
308.8741582	0.615625
308.8907852	0.615625
308.9068804	0.615625
308.9236712	0.615625
308.9404259	0.615625
308.957197	0.615625
308.9741443	0.615625
308.9911296	0.615625
309.0074157	0.615625
309.0242014	0.615625
309.0409412	0.615625
309.0574135	0.615625
309.073645	0.615625
309.0903358	0.615625
309.1071236	0.615625
309.1238697	0.615625
309.1404087	0.615625
309.1576955	0.615625
309.1743027	0.615625
309.1908776	0.615625
309.2069007	0.615625
309.2236911	0.615625
309.2411334	0.615625
309.2572834	0.615625
309.2741836	0.615625
309.2906104	0.615625
309.3067668	0.615625
309.3239699	0.615625
309.3403888	0.615625
309.3570783	0.615625
309.3735926	0.615625
309.390383	0.615625
309.4070084	0.615625
309.4241784	0.615625
309.4409092	0.615625
309.4572548	0.615625
309.47361	0.615625
309.4907502	0.615625
309.5072413	0.615625
309.5240846	0.615625
309.5407718	0.615625
309.5575342	0.615625
309.5740405	0.615625
309.5907688	0.615625
309.6073947	0.615625
309.6239157	0.615625
309.6411279	0.615625
309.6568861	0.615625
309.6739983	0.615625
309.6903638	0.615625
309.7076263	0.615625
309.7239983	0.615625
309.7411405	0.615625
309.7574997	0.615625
309.7740708	0.615625
309.7906222	0.615625
309.8069793	0.615625
309.8239354	0.615625
309.8414978	0.615625
309.857331	0.615625
309.8740265	0.615625
309.8905862	0.615625
309.9073454	0.615625
309.9241374	0.615625
309.9407394	0.615625
309.9573546	0.615625
309.9739056	0.615625
309.9907548	0.615625
310.0074433	0.615625
310.0239965	0.615625
310.0407297	0.607291666666667
310.0571879	0.607291666666667
310.073805	0.607291666666667
310.090625	0.607291666666667
310.1070111	0.607291666666667
310.1237604	0.607291666666667
310.14028	0.607291666666667
310.1571954	0.607291666666667
310.1740338	0.607291666666667
310.1910216	0.607291666666667
310.207712	0.607291666666667
310.2239138	0.607291666666667
310.2403379	0.607291666666667
310.256923	0.607291666666667
310.273994	0.607291666666667
310.290381	0.607291666666667
310.3070928	0.607291666666667
310.3237065	0.607291666666667
310.3406967	0.607291666666667
310.3574041	0.597916666666667
310.3737396	0.597916666666667
310.3907638	0.597916666666667
310.4069969	0.597916666666667
310.4233302	0.597916666666667
310.4403911	0.597916666666667
310.4572894	0.597916666666667
310.4735967	0.589583333333333
310.4903194	0.589583333333333
310.5070284	0.589583333333333
310.5238825	0.589583333333333
310.5411606	0.589583333333333
310.5570499	0.589583333333333
310.5754731	0.589583333333333
310.5930189	0.589583333333333
310.6090258	0.589583333333333
310.6261979	0.58125
310.6406063	0.572916666666667
310.6571657	0.572916666666667
310.6740007	0.572916666666667
310.6903855	0.572916666666667
310.7067697	0.572916666666667
310.7236665	0.572916666666667
310.7404937	0.572916666666667
310.7570583	0.572916666666667
310.7736887	0.572916666666667
310.7901445	0.572916666666667
310.807244	0.572916666666667
310.8237448	0.572916666666667
310.8401158	0.572916666666667
310.8568902	0.572916666666667
310.8734371	0.572916666666667
310.8903217	0.572916666666667
310.9072877	0.572916666666667
310.9239878	0.572916666666667
310.9403511	0.572916666666667
310.957341	0.572916666666667
310.9740059	0.572916666666667
310.9905531	0.572916666666667
311.0072832	0.572916666666667
311.0238391	0.572916666666667
311.0406693	0.572916666666667
311.0567839	0.572916666666667
311.0734072	0.572916666666667
311.0908943	0.572916666666667
311.1070768	0.572916666666667
311.1237703	0.572916666666667
311.140721	0.572916666666667
311.1572111	0.572916666666667
311.1738494	0.572916666666667
311.1903413	0.572916666666667
311.2068238	0.572916666666667
311.2240077	0.572916666666667
311.2403314	0.572916666666667
311.2574361	0.572916666666667
311.2738482	0.572916666666667
311.2903138	0.572916666666667
311.3072152	0.572916666666667
311.3238127	0.572916666666667
311.3407578	0.572916666666667
311.3570954	0.572916666666667
311.3736386	0.572916666666667
311.3906736	0.572916666666667
311.4070774	0.572916666666667
311.424503	0.572916666666667
311.4403272	0.572916666666667
311.457242	0.572916666666667
311.4738176	0.572916666666667
311.4901008	0.572916666666667
311.5072675	0.572916666666667
311.5235123	0.572916666666667
311.5407049	0.572916666666667
311.5575664	0.572916666666667
311.5738486	0.572916666666667
311.5907613	0.572916666666667
311.6071764	0.572916666666667
311.6237529	0.572916666666667
311.6408176	0.572916666666667
311.6573942	0.572916666666667
311.67349	0.572916666666667
311.6904098	0.572916666666667
311.7072165	0.572916666666667
311.7238206	0.572916666666667
311.7404736	0.572916666666667
311.7572014	0.572916666666667
311.7733757	0.572916666666667
311.790152	0.572916666666667
311.8070473	0.572916666666667
311.8237063	0.572916666666667
311.8405554	0.572916666666667
311.8572437	0.572916666666667
311.874	0.572916666666667
311.8903029	0.572916666666667
311.9072317	0.572916666666667
311.923742	0.572916666666667
311.9405203	0.572916666666667
311.9573627	0.572916666666667
311.9735665	0.572916666666667
311.9907601	0.572916666666667
312.007492	0.572916666666667
312.0242809	0.572916666666667
312.0406118	0.572916666666667
312.0569331	0.572916666666667
312.0733072	0.572916666666667
312.090471	0.572916666666667
312.1067566	0.572916666666667
312.1236711	0.572916666666667
312.140634	0.572916666666667
312.1572835	0.572916666666667
312.1737328	0.572916666666667
312.1907822	0.572916666666667
312.2074661	0.572916666666667
312.2241153	0.572916666666667
312.2400642	0.572916666666667
312.2566616	0.572916666666667
312.2733392	0.572916666666667
312.2899314	0.572916666666667
312.3070758	0.572916666666667
312.3233914	0.572916666666667
312.3399333	0.572916666666667
312.3568979	0.572916666666667
312.3740367	0.572916666666667
312.3906352	0.572916666666667
312.4072605	0.572916666666667
312.4236982	0.572916666666667
312.4400124	0.572916666666667
312.4574347	0.572916666666667
312.4738806	0.572916666666667
312.4906385	0.572916666666667
312.5070741	0.572916666666667
312.5236316	0.572916666666667
312.5404705	0.572916666666667
312.5572547	0.572916666666667
312.5738049	0.572916666666667
312.5903161	0.572916666666667
312.6068301	0.572916666666667
312.6241774	0.572916666666667
312.6409024	0.572916666666667
312.6569356	0.572916666666667
312.6737296	0.572916666666667
312.6903584	0.572916666666667
312.7067237	0.572916666666667
312.7233526	0.572916666666667
312.7406151	0.572916666666667
312.757431	0.572916666666667
312.7739651	0.572916666666667
312.7906518	0.572916666666667
312.8069849	0.572916666666667
312.8237367	0.572916666666667
312.8402523	0.572916666666667
312.8573942	0.572916666666667
312.8734925	0.572916666666667
312.8901017	0.572916666666667
312.9066959	0.572916666666667
312.9239387	0.572916666666667
312.9399047	0.572916666666667
312.9568259	0.572916666666667
312.9735594	0.572916666666667
312.9906182	0.572916666666667
313.0071371	0.572916666666667
313.0237838	0.572916666666667
313.040565	0.572916666666667
313.0573378	0.572916666666667
313.0737134	0.572916666666667
313.090518	0.572916666666667
313.107213	0.572916666666667
313.1235768	0.572916666666667
313.1402154	0.572916666666667
313.1573208	0.572916666666667
313.1736507	0.572916666666667
313.1908369	0.572916666666667
313.2075287	0.572916666666667
313.2238736	0.572916666666667
313.2402147	0.572916666666667
313.2571069	0.572916666666667
313.2738572	0.572916666666667
313.2902088	0.572916666666667
313.3073483	0.572916666666667
313.3235041	0.572916666666667
313.3407669	0.572916666666667
313.3570414	0.572916666666667
313.3736894	0.572916666666667
313.3907838	0.572916666666667
313.4070824	0.572916666666667
313.4237526	0.572916666666667
313.4408197	0.572916666666667
313.4571444	0.572916666666667
313.473501	0.572916666666667
313.4902028	0.572916666666667
313.5069755	0.572916666666667
313.5237601	0.572916666666667
313.540129	0.572916666666667
313.557122	0.572916666666667
313.5733328	0.572916666666667
313.5900284	0.572916666666667
313.6070112	0.572916666666667
313.6236167	0.572916666666667
313.6401437	0.572916666666667
313.6573991	0.572916666666667
313.6739035	0.572916666666667
313.690556	0.572916666666667
313.7073189	0.572916666666667
313.7232741	0.572916666666667
313.7405925	0.572916666666667
313.7572179	0.572916666666667
313.7734915	0.572916666666667
313.7902441	0.572916666666667
313.8070273	0.572916666666667
313.8232866	0.572916666666667
313.8401913	0.572916666666667
313.8572613	0.572916666666667
313.8736893	0.572916666666667
313.8908482	0.572916666666667
313.9071892	0.572916666666667
313.9237322	0.572916666666667
313.9401663	0.572916666666667
313.9572962	0.572916666666667
313.9733413	0.572916666666667
313.990141	0.572916666666667
314.007193	0.572916666666667
314.0232925	0.572916666666667
314.0401936	0.572916666666667
314.0571513	0.572916666666667
314.0736949	0.572916666666667
314.0906112	0.572916666666667
314.107229	0.572916666666667
314.123931	0.572916666666667
314.1405629	0.572916666666667
314.1572079	0.572916666666667
314.1736814	0.572916666666667
314.1907033	0.572916666666667
314.2072551	0.572916666666667
314.2239833	0.572916666666667
314.2405513	0.572916666666667
314.2566904	0.572916666666667
314.2737325	0.572916666666667
314.2902154	0.572916666666667
314.307294	0.572916666666667
314.323767	0.572916666666667
314.3406128	0.572916666666667
314.3572049	0.572916666666667
314.3736468	0.572916666666667
314.3902849	0.572916666666667
314.4072554	0.572916666666667
314.423801	0.572916666666667
314.4405104	0.572916666666667
314.4575063	0.572916666666667
314.4737001	0.572916666666667
314.4903393	0.572916666666667
314.506827	0.572916666666667
314.5237058	0.572916666666667
314.5401027	0.572916666666667
314.5569017	0.572916666666667
314.5738484	0.572916666666667
314.590318	0.572916666666667
314.6069301	0.572916666666667
314.6237705	0.572916666666667
314.6406827	0.572916666666667
314.6571512	0.572916666666667
314.6734194	0.572916666666667
314.6900896	0.572916666666667
314.7070633	0.572916666666667
314.7236742	0.572916666666667
314.7399646	0.572916666666667
314.7569665	0.572916666666667
314.7736441	0.572916666666667
314.7899929	0.572916666666667
314.8073732	0.572916666666667
314.8237566	0.572916666666667
314.8398525	0.572916666666667
314.8569957	0.572916666666667
314.8736629	0.572916666666667
314.8900216	0.572916666666667
314.9071657	0.572916666666667
314.923637	0.572916666666667
314.940342	0.572916666666667
314.9569808	0.572916666666667
314.9736969	0.572916666666667
314.9901993	0.572916666666667
315.0066066	0.572916666666667
315.0233959	0.572916666666667
315.0403392	0.572916666666667
315.0574398	0.572916666666667
315.0737047	0.572916666666667
315.0904404	0.572916666666667
315.1071161	0.572916666666667
315.1236574	0.572916666666667
315.1404567	0.572916666666667
315.1567454	0.572916666666667
315.1736253	0.572916666666667
315.1905254	0.572916666666667
315.2067235	0.572916666666667
315.2237547	0.572916666666667
315.2405224	0.572916666666667
315.257158	0.572916666666667
315.2736743	0.572916666666667
315.2908042	0.572916666666667
315.307054	0.572916666666667
315.3240839	0.572916666666667
315.3404367	0.572916666666667
315.3570298	0.572916666666667
315.3736159	0.572916666666667
315.3902253	0.572916666666667
315.406698	0.572916666666667
315.4234907	0.572916666666667
315.4399068	0.572916666666667
315.4564067	0.572916666666667
315.4735118	0.572916666666667
315.489998	0.572916666666667
315.5068702	0.572916666666667
315.5234079	0.572916666666667
315.540314	0.572916666666667
315.556959	0.572916666666667
315.5734137	0.572916666666667
315.5904185	0.572916666666667
315.6066177	0.572916666666667
315.6238328	0.564583333333333
315.640889	0.55625
315.6607148	0.55625
315.6732786	0.55625
315.6906239	0.55625
315.7068703	0.55625
315.7234751	0.55625
315.7406852	0.55625
315.7569617	0.55625
315.7736956	0.55625
315.7903639	0.55625
315.8071126	0.55625
315.823595	0.55625
315.8401719	0.55625
315.8571711	0.547916666666667
315.8736751	0.547916666666667
315.890327	0.547916666666667
315.9068702	0.547916666666667
315.9237996	0.547916666666667
315.9401426	0.547916666666667
315.9572762	0.547916666666667
315.9736844	0.547916666666667
315.9905612	0.547916666666667
316.0069122	0.547916666666667
316.0235499	0.547916666666667
316.040411	0.547916666666667
316.0568161	0.547916666666667
316.0733136	0.547916666666667
316.0901545	0.547916666666667
316.1072028	0.547916666666667
316.1234016	0.547916666666667
316.1403994	0.547916666666667
316.1571804	0.547916666666667
316.1735575	0.547916666666667
316.1905598	0.547916666666667
316.2073486	0.547916666666667
316.2237297	0.547916666666667
316.2403849	0.547916666666667
316.2578239	0.547916666666667
316.2734273	0.547916666666667
316.290209	0.547916666666667
316.3071738	0.547916666666667
316.3236221	0.547916666666667
316.3401488	0.547916666666667
316.3571714	0.547916666666667
316.37354	0.547916666666667
316.390319	0.547916666666667
316.4069671	0.547916666666667
316.4233641	0.547916666666667
316.4403189	0.547916666666667
316.457003	0.547916666666667
316.4736639	0.547916666666667
316.4904586	0.547916666666667
316.5071155	0.547916666666667
316.5237625	0.547916666666667
316.540322	0.547916666666667
316.5571183	0.547916666666667
316.5732313	0.547916666666667
316.5902725	0.547916666666667
316.6072858	0.547916666666667
316.6239089	0.547916666666667
316.6407948	0.547916666666667
316.6568605	0.547916666666667
316.6737597	0.547916666666667
316.6903506	0.547916666666667
316.7073137	0.547916666666667
316.7237289	0.547916666666667
316.7403975	0.547916666666667
316.7572877	0.547916666666667
316.7735222	0.547916666666667
316.790154	0.547916666666667
316.8070676	0.547916666666667
316.8234651	0.547916666666667
316.8401152	0.547916666666667
316.8574982	0.547916666666667
316.8736075	0.547916666666667
316.8901131	0.547916666666667
316.9068222	0.547916666666667
316.9237984	0.547916666666667
316.9402492	0.547916666666667
316.9573091	0.547916666666667
316.9737519	0.547916666666667
316.9907419	0.547916666666667
317.0069453	0.547916666666667
317.0234509	0.547916666666667
317.0401686	0.547916666666667
317.056785	0.547916666666667
317.0736319	0.547916666666667
317.0904311	0.547916666666667
317.1066354	0.547916666666667
317.123721	0.547916666666667
317.1401597	0.547916666666667
317.1567673	0.547916666666667
317.1737156	0.547916666666667
317.1903686	0.547916666666667
317.2069287	0.547916666666667
317.2235257	0.547916666666667
317.2405118	0.547916666666667
317.2606118	0.547916666666667
317.2736242	0.547916666666667
317.2902714	0.547916666666667
317.3067425	0.547916666666667
317.3236299	0.547916666666667
317.3402346	0.547916666666667
317.3566592	0.547916666666667
317.3735822	0.547916666666667
317.3902261	0.547916666666667
317.4068412	0.547916666666667
317.4235385	0.547916666666667
317.4403393	0.547916666666667
317.4572218	0.547916666666667
317.4736544	0.547916666666667
317.4903214	0.547916666666667
317.5073343	0.547916666666667
317.5235526	0.547916666666667
317.5400806	0.547916666666667
317.5569419	0.547916666666667
317.5738205	0.547916666666667
317.5902264	0.547916666666667
317.6069484	0.547916666666667
317.6233933	0.547916666666667
317.6403647	0.547916666666667
317.6569006	0.547916666666667
317.6737491	0.547916666666667
317.6903526	0.547916666666667
317.7072294	0.547916666666667
317.7237867	0.547916666666667
317.7404396	0.547916666666667
317.7569733	0.547916666666667
317.7735926	0.547916666666667
317.7905401	0.547916666666667
317.8066904	0.547916666666667
317.8235884	0.547916666666667
317.8403776	0.547916666666667
317.8569086	0.547916666666667
317.873828	0.547916666666667
317.8906406	0.547916666666667
317.9071889	0.547916666666667
317.9235928	0.547916666666667
317.9401294	0.547916666666667
317.9570325	0.547916666666667
317.9737111	0.547916666666667
317.9906715	0.547916666666667
318.0067143	0.547916666666667
318.0235419	0.547916666666667
318.0402773	0.547916666666667
318.0570161	0.547916666666667
318.073475	0.547916666666667
318.0900529	0.547916666666667
318.1067179	0.547916666666667
318.1236345	0.547916666666667
318.1403705	0.547916666666667
318.157013	0.547916666666667
318.1736416	0.547916666666667
318.1906985	0.547916666666667
318.2072942	0.547916666666667
318.2232839	0.547916666666667
318.2402128	0.547916666666667
318.2567129	0.547916666666667
318.2734636	0.547916666666667
318.2901049	0.547916666666667
318.3073168	0.547916666666667
318.3237615	0.547916666666667
318.3403593	0.547916666666667
318.3575548	0.547916666666667
318.3735428	0.547916666666667
318.3902026	0.547916666666667
318.4071006	0.547916666666667
318.4235487	0.547916666666667
318.4410036	0.547916666666667
318.4571722	0.547916666666667
318.4737402	0.547916666666667
318.4908498	0.547916666666667
318.5066133	0.547916666666667
318.5233852	0.547916666666667
318.54003	0.547916666666667
318.5567116	0.547916666666667
318.5734718	0.547916666666667
318.5904394	0.547916666666667
318.6072293	0.547916666666667
318.6238139	0.547916666666667
318.6405366	0.547916666666667
318.6572646	0.547916666666667
318.6736828	0.547916666666667
318.6907503	0.547916666666667
318.7065375	0.547916666666667
318.7237423	0.547916666666667
318.7399264	0.547916666666667
318.7573784	0.547916666666667
318.7736532	0.547916666666667
318.790069	0.547916666666667
318.8067202	0.547916666666667
318.8233524	0.547916666666667
318.8400632	0.547916666666667
318.8572385	0.547916666666667
318.873866	0.547916666666667
318.89013	0.547916666666667
318.9068308	0.547916666666667
318.9235844	0.547916666666667
318.9402343	0.547916666666667
318.9568277	0.547916666666667
318.9733328	0.547916666666667
318.9902692	0.547916666666667
319.0071931	0.547916666666667
319.0238354	0.547916666666667
319.0400477	0.547916666666667
319.0568277	0.547916666666667
319.0736731	0.547916666666667
319.0902109	0.547916666666667
319.1068289	0.547916666666667
319.1235466	0.547916666666667
319.1408098	0.547916666666667
319.1571627	0.547916666666667
319.1733956	0.547916666666667
319.1899666	0.547916666666667
319.2066255	0.547916666666667
319.2232867	0.547916666666667
319.2403516	0.547916666666667
319.2570335	0.547916666666667
319.2735339	0.547916666666667
319.2905855	0.547916666666667
319.3068037	0.547916666666667
319.3233429	0.547916666666667
319.3402247	0.547916666666667
319.3570294	0.547916666666667
319.3737697	0.547916666666667
319.3905268	0.547916666666667
319.4071689	0.547916666666667
319.4234795	0.547916666666667
319.4399809	0.547916666666667
319.4569781	0.547916666666667
319.4734035	0.547916666666667
319.4900945	0.547916666666667
319.5070502	0.547916666666667
319.5236307	0.547916666666667
319.5402182	0.547916666666667
319.5569775	0.547916666666667
319.5736267	0.547916666666667
319.5899743	0.547916666666667
319.6065172	0.547916666666667
319.6235173	0.547916666666667
319.6403606	0.547916666666667
319.6564988	0.547916666666667
319.6735201	0.547916666666667
319.690104	0.547916666666667
319.7070421	0.547916666666667
319.7233911	0.547916666666667
319.7404031	0.547916666666667
319.7571378	0.547916666666667
319.7736833	0.547916666666667
319.7902548	0.547916666666667
319.8069744	0.547916666666667
319.8234177	0.547916666666667
319.8401944	0.547916666666667
319.8570992	0.547916666666667
319.8738104	0.547916666666667
319.8902084	0.547916666666667
319.9072215	0.547916666666667
319.9237002	0.547916666666667
319.9398584	0.547916666666667
319.9569631	0.547916666666667
319.973308	0.547916666666667
319.9902369	0.547916666666667
320.0073198	0.547916666666667
320.0232493	0.547916666666667
320.0401765	0.547916666666667
320.057028	0.547916666666667
320.0731992	0.547916666666667
320.090276	0.547916666666667
320.1066598	0.547916666666667
320.1233726	0.547916666666667
320.1401769	0.547916666666667
320.1570545	0.547916666666667
320.1732195	0.547916666666667
320.1897894	0.547916666666667
320.206698	0.547916666666667
320.223531	0.547916666666667
320.2402648	0.547916666666667
320.2568873	0.547916666666667
320.2738243	0.547916666666667
320.2905236	0.547916666666667
320.3068205	0.547916666666667
320.3231077	0.547916666666667
320.3400948	0.547916666666667
320.356561	0.547916666666667
320.3735089	0.547916666666667
320.3897924	0.547916666666667
320.4066159	0.547916666666667
320.4233119	0.547916666666667
320.4399424	0.547916666666667
320.4571758	0.547916666666667
320.4736027	0.547916666666667
320.4904302	0.547916666666667
320.5070669	0.547916666666667
320.5234828	0.547916666666667
320.5403617	0.547916666666667
320.556627	0.547916666666667
320.5734443	0.547916666666667
320.5899722	0.547916666666667
320.6069716	0.547916666666667
320.6233077	0.547916666666667
320.6404915	0.547916666666667
320.6570267	0.547916666666667
320.673689	0.547916666666667
320.6902345	0.547916666666667
320.707126	0.547916666666667
320.7235164	0.547916666666667
320.7407664	0.547916666666667
320.756646	0.547916666666667
320.7732132	0.547916666666667
320.7904667	0.547916666666667
320.8069345	0.547916666666667
320.8234037	0.547916666666667
320.8399317	0.547916666666667
320.856881	0.547916666666667
320.8737281	0.547916666666667
320.8901338	0.547916666666667
320.9069345	0.547916666666667
320.9234505	0.547916666666667
320.9399802	0.547916666666667
320.9570518	0.547916666666667
320.9735379	0.547916666666667
320.990321	0.547916666666667
321.0068441	0.547916666666667
321.023445	0.547916666666667
321.0397838	0.547916666666667
321.056879	0.547916666666667
321.0734531	0.547916666666667
321.0898446	0.547916666666667
321.1073647	0.547916666666667
321.1232975	0.547916666666667
321.1418829	0.547916666666667
321.1580344	0.547916666666667
321.1735091	0.547916666666667
321.1900736	0.547916666666667
321.2072647	0.547916666666667
321.2233901	0.547916666666667
321.2401029	0.547916666666667
321.2568061	0.547916666666667
321.2732943	0.547916666666667
321.2900649	0.547916666666667
321.3067013	0.547916666666667
321.3232966	0.547916666666667
321.3401363	0.547916666666667
321.3569569	0.547916666666667
321.3731867	0.547916666666667
321.3899238	0.547916666666667
321.4068879	0.547916666666667
321.4235466	0.547916666666667
321.4402035	0.547916666666667
321.4568797	0.547916666666667
321.473609	0.547916666666667
321.4900035	0.547916666666667
321.5064674	0.547916666666667
321.5234825	0.547916666666667
321.5401658	0.547916666666667
321.5566533	0.547916666666667
321.57359	0.547916666666667
321.5898353	0.547916666666667
321.6071643	0.547916666666667
321.6235176	0.547916666666667
321.6404942	0.547916666666667
321.6571046	0.547916666666667
321.6736457	0.547916666666667
321.690094	0.547916666666667
321.7072414	0.547916666666667
321.7234774	0.547916666666667
321.7399197	0.547916666666667
321.7571944	0.547916666666667
321.7735163	0.547916666666667
321.7897074	0.547916666666667
321.8068813	0.547916666666667
321.8235398	0.547916666666667
321.8397591	0.547916666666667
321.8569563	0.547916666666667
321.873322	0.547916666666667
321.8902619	0.547916666666667
321.9071438	0.547916666666667
321.9232356	0.547916666666667
321.9400382	0.547916666666667
321.9566335	0.547916666666667
321.9733527	0.547916666666667
321.9901063	0.547916666666667
322.0067682	0.547916666666667
322.0232598	0.547916666666667
322.0395781	0.547916666666667
322.0570018	0.547916666666667
322.0732132	0.547916666666667
322.0897725	0.547916666666667
322.1072569	0.547916666666667
322.1236488	0.547916666666667
322.1401515	0.547916666666667
322.1577867	0.547916666666667
322.1734744	0.547916666666667
322.1902715	0.547916666666667
322.2070516	0.547916666666667
322.2235333	0.547916666666667
322.2400031	0.547916666666667
322.257086	0.547916666666667
322.2736066	0.547916666666667
322.2904981	0.547916666666667
322.3071676	0.547916666666667
322.3233145	0.547916666666667
322.3402815	0.547916666666667
322.3569795	0.547916666666667
322.3735195	0.547916666666667
322.3897255	0.547916666666667
322.4065449	0.547916666666667
322.4229399	0.547916666666667
322.4395989	0.547916666666667
322.4568359	0.547916666666667
322.4731703	0.547916666666667
322.4901826	0.547916666666667
322.5070781	0.547916666666667
322.5235042	0.547916666666667
322.5401635	0.547916666666667
322.5566947	0.547916666666667
322.5732639	0.547916666666667
322.5904404	0.547916666666667
322.6070936	0.547916666666667
322.6236173	0.547916666666667
322.6398174	0.547916666666667
322.6566584	0.547916666666667
322.673183	0.547916666666667
322.689664	0.547916666666667
322.7069199	0.547916666666667
322.7234036	0.547916666666667
322.7401073	0.547916666666667
322.7571632	0.547916666666667
322.7735521	0.547916666666667
322.790225	0.547916666666667
322.8070327	0.547916666666667
322.8235995	0.547916666666667
322.8400868	0.547916666666667
322.8569809	0.547916666666667
322.8735796	0.547916666666667
322.8896465	0.547916666666667
322.9065225	0.547916666666667
322.9232268	0.547916666666667
322.9402117	0.547916666666667
322.9568534	0.547916666666667
322.9735862	0.547916666666667
322.9900109	0.547916666666667
323.0067596	0.547916666666667
323.0237937	0.547916666666667
323.0399538	0.547916666666667
323.0569375	0.547916666666667
323.0735764	0.547916666666667
323.0903724	0.547916666666667
323.106877	0.547916666666667
323.1254178	0.547916666666667
323.1402292	0.547916666666667
323.1569585	0.547916666666667
323.1731147	0.547916666666667
323.189657	0.547916666666667
323.2069952	0.547916666666667
323.2236777	0.547916666666667
323.2402963	0.547916666666667
323.25692	0.547916666666667
323.2735522	0.547916666666667
323.290389	0.547916666666667
323.307173	0.547916666666667
323.3235486	0.547916666666667
323.3402648	0.547916666666667
323.3569522	0.547916666666667
323.3734115	0.547916666666667
323.3897165	0.547916666666667
323.4068384	0.547916666666667
323.4235036	0.547916666666667
323.4396988	0.547916666666667
323.4565711	0.547916666666667
323.4731933	0.547916666666667
323.490288	0.547916666666667
323.5072634	0.547916666666667
323.52354	0.547916666666667
323.5400966	0.547916666666667
323.5571504	0.547916666666667
323.5735802	0.547916666666667
323.5901376	0.547916666666667
323.6064096	0.547916666666667
323.6230297	0.547916666666667
323.6402887	0.547916666666667
323.6565004	0.547916666666667
323.6733332	0.547916666666667
323.6896709	0.547916666666667
323.7066627	0.547916666666667
323.7234499	0.547916666666667
323.7398351	0.547916666666667
323.7569076	0.547916666666667
323.7736227	0.547916666666667
323.7897488	0.547916666666667
323.8070772	0.547916666666667
323.8237618	0.547916666666667
323.8398414	0.547916666666667
323.8568935	0.547916666666667
323.8729927	0.547916666666667
323.8895317	0.547916666666667
323.9067916	0.547916666666667
323.923296	0.547916666666667
323.9397784	0.547916666666667
323.9570269	0.547916666666667
323.9738828	0.547916666666667
323.9897236	0.547916666666667
324.0069666	0.547916666666667
324.0236929	0.547916666666667
324.0399274	0.547916666666667
324.056828	0.547916666666667
324.0730569	0.547916666666667
324.0896345	0.547916666666667
324.1068791	0.547916666666667
324.1234336	0.547916666666667
324.1400368	0.547916666666667
324.1567449	0.547916666666667
324.1729897	0.547916666666667
324.1896737	0.547916666666667
324.2065644	0.547916666666667
324.223071	0.547916666666667
324.2398777	0.547916666666667
324.256697	0.547916666666667
324.273344	0.547916666666667
324.2898359	0.547916666666667
324.3070128	0.547916666666667
324.3235924	0.547916666666667
324.339888	0.547916666666667
324.3571686	0.547916666666667
324.3734095	0.547916666666667
324.3897237	0.547916666666667
324.406683	0.547916666666667
324.4237173	0.547916666666667
324.4397868	0.547916666666667
324.456737	0.547916666666667
324.4731215	0.547916666666667
324.4902009	0.547916666666667
324.507282	0.547916666666667
324.5231413	0.547916666666667
324.5401631	0.547916666666667
324.5563321	0.547916666666667
324.5732554	0.547916666666667
324.589719	0.547916666666667
324.6063876	0.547916666666667
324.6236316	0.547916666666667
324.6398724	0.547916666666667
324.6567792	0.547916666666667
324.6732776	0.547916666666667
324.6897361	0.547916666666667
324.7062042	0.547916666666667
324.7230313	0.547916666666667
324.7403787	0.547916666666667
324.7569827	0.547916666666667
324.7731717	0.547916666666667
324.7898069	0.547916666666667
324.8068267	0.547916666666667
324.8229824	0.547916666666667
324.840289	0.547916666666667
324.856756	0.547916666666667
324.873039	0.547916666666667
324.8900766	0.547916666666667
324.906653	0.547916666666667
324.9236106	0.547916666666667
324.9398885	0.547916666666667
324.9572214	0.547916666666667
324.973089	0.547916666666667
324.9898676	0.547916666666667
325.0067056	0.547916666666667
325.0235686	0.547916666666667
325.0397738	0.547916666666667
325.0569829	0.547916666666667
325.0730641	0.547916666666667
325.0901395	0.547916666666667
325.1073249	0.547916666666667
325.1229767	0.547916666666667
325.1396955	0.547916666666667
325.1565318	0.547916666666667
325.1730093	0.547916666666667
325.1898224	0.547916666666667
325.2068163	0.547916666666667
325.2236134	0.547916666666667
325.2396656	0.547916666666667
325.2570056	0.547916666666667
325.2730078	0.547916666666667
325.289625	0.547916666666667
325.30678	0.547916666666667
325.3229043	0.547916666666667
325.3397434	0.547916666666667
325.35703	0.547916666666667
325.3734702	0.547916666666667
325.3905069	0.547916666666667
325.4067775	0.547916666666667
325.4236101	0.547916666666667
325.4398164	0.547916666666667
325.4565283	0.547916666666667
325.4730069	0.547916666666667
325.4896917	0.547916666666667
325.5068593	0.547916666666667
325.5228316	0.547916666666667
325.5396318	0.547916666666667
325.5565751	0.547916666666667
325.5734656	0.547916666666667
325.5897983	0.547916666666667
325.6064526	0.547916666666667
325.6231405	0.547916666666667
325.6401463	0.547916666666667
325.6567389	0.547916666666667
325.6729932	0.547916666666667
325.6897127	0.547916666666667
325.7067	0.547916666666667
325.7229888	0.547916666666667
325.7397589	0.547916666666667
325.7564178	0.547916666666667
325.7732227	0.547916666666667
325.7901019	0.547916666666667
325.8068513	0.547916666666667
325.8235315	0.547916666666667
325.839755	0.547916666666667
325.8568035	0.547916666666667
325.8732737	0.547916666666667
325.8899293	0.547916666666667
325.9067698	0.547916666666667
325.9229535	0.547916666666667
325.9396634	0.547916666666667
325.9572151	0.547916666666667
325.97319	0.547916666666667
325.9899286	0.547916666666667
326.0069029	0.547916666666667
326.0229627	0.547916666666667
326.0396193	0.547916666666667
326.0566488	0.547916666666667
326.0735438	0.547916666666667
326.09026	0.547916666666667
326.106814	0.547916666666667
326.1247522	0.547916666666667
326.1405819	0.547916666666667
326.1569107	0.547916666666667
326.1733829	0.547916666666667
326.1898798	0.547916666666667
326.2065502	0.547916666666667
326.2237789	0.547916666666667
326.239753	0.547916666666667
326.256853	0.547916666666667
326.2733309	0.547916666666667
326.2897658	0.547916666666667
326.3067857	0.547916666666667
326.3232858	0.547916666666667
326.3395793	0.547916666666667
326.3565973	0.547916666666667
326.3732243	0.547916666666667
326.3898317	0.547916666666667
326.407166	0.547916666666667
326.4236284	0.547916666666667
326.4396637	0.547916666666667
326.4569129	0.547916666666667
326.4733413	0.547916666666667
326.4897409	0.547916666666667
326.5069048	0.547916666666667
326.5232333	0.547916666666667
326.5397138	0.547916666666667
326.5566704	0.547916666666667
326.5731272	0.547916666666667
326.5897182	0.547916666666667
326.6069169	0.547916666666667
326.62343	0.547916666666667
326.6399744	0.547916666666667
326.6564026	0.547916666666667
326.6731837	0.547916666666667
326.6897062	0.547916666666667
326.7068672	0.547916666666667
326.7235326	0.547916666666667
326.7398933	0.547916666666667
326.7564167	0.547916666666667
326.7734043	0.547916666666667
326.7901668	0.547916666666667
326.8069111	0.547916666666667
326.8233652	0.547916666666667
326.8396737	0.547916666666667
326.8567107	0.547916666666667
326.8733138	0.547916666666667
326.8896868	0.547916666666667
326.9071884	0.547916666666667
326.9229717	0.547916666666667
326.9396852	0.547916666666667
326.9563699	0.547916666666667
326.9731778	0.547916666666667
326.9897061	0.547916666666667
327.0063511	0.547916666666667
327.0229821	0.547916666666667
327.0401624	0.547916666666667
327.0568999	0.547916666666667
327.0731164	0.547916666666667
327.0898077	0.547916666666667
327.1068931	0.547916666666667
327.1231589	0.547916666666667
327.1401827	0.547916666666667
327.1569971	0.547916666666667
327.1731567	0.547916666666667
327.1899411	0.547916666666667
327.2106167	0.547916666666667
327.2234555	0.547916666666667
327.2397706	0.547916666666667
327.2561848	0.547916666666667
327.2729515	0.547916666666667
327.2901419	0.547916666666667
327.3069361	0.547916666666667
327.3230703	0.547916666666667
327.3400659	0.547916666666667
327.3566908	0.547916666666667
327.3731668	0.547916666666667
327.3896978	0.547916666666667
327.4067014	0.547916666666667
327.4236766	0.547916666666667
327.4396744	0.547916666666667
327.4563457	0.547916666666667
327.4731431	0.547916666666667
327.4897905	0.547916666666667
327.5068056	0.547916666666667
327.5233266	0.547916666666667
327.5398056	0.547916666666667
327.5563631	0.547916666666667
327.5732103	0.547916666666667
327.5899589	0.547916666666667
327.606491	0.547916666666667
327.6233705	0.547916666666667
327.6401756	0.547916666666667
327.6566427	0.547916666666667
327.6729992	0.547916666666667
327.6899213	0.547916666666667
327.7066891	0.547916666666667
327.7228353	0.547916666666667
327.7397515	0.547916666666667
327.7571792	0.547916666666667
327.7733753	0.547916666666667
327.7902565	0.547916666666667
327.8067021	0.547916666666667
327.823701	0.547916666666667
327.8399213	0.547916666666667
327.8566636	0.547916666666667
327.8733302	0.547916666666667
327.8896528	0.547916666666667
327.9067869	0.547916666666667
327.9232748	0.547916666666667
327.9401052	0.547916666666667
327.9566527	0.547916666666667
327.9728901	0.547916666666667
327.9896433	0.547916666666667
328.0069816	0.547916666666667
328.0234987	0.547916666666667
328.040119	0.547916666666667
328.0569002	0.547916666666667
328.0732834	0.547916666666667
328.0902021	0.547916666666667
328.1071382	0.547916666666667
328.1230814	0.547916666666667
328.1396471	0.547916666666667
328.1568841	0.547916666666667
328.1730602	0.547916666666667
328.1896537	0.547916666666667
328.2064859	0.547916666666667
328.2231597	0.547916666666667
328.2396296	0.547916666666667
328.256712	0.547916666666667
328.2731121	0.547916666666667
328.2898906	0.547916666666667
328.3069848	0.547916666666667
328.3231841	0.547916666666667
328.3400626	0.547916666666667
328.3570497	0.547916666666667
328.3729261	0.547916666666667
328.3899212	0.547916666666667
328.4061987	0.547916666666667
328.4228687	0.547916666666667
328.4400555	0.547916666666667
328.456841	0.547916666666667
328.4730865	0.547916666666667
328.4896853	0.547916666666667
328.5061992	0.547916666666667
328.5228656	0.547916666666667
328.5397684	0.547916666666667
328.5569477	0.547916666666667
328.5735248	0.547916666666667
328.5896767	0.547916666666667
328.6069109	0.547916666666667
328.6232248	0.547916666666667
328.6400494	0.547916666666667
328.6566706	0.547916666666667
328.6730868	0.547916666666667
328.6900937	0.547916666666667
328.7067759	0.547916666666667
328.723071	0.547916666666667
328.7396704	0.547916666666667
328.7565454	0.547916666666667
328.7728989	0.547916666666667
328.7899128	0.547916666666667
328.8066829	0.547916666666667
328.823258	0.547916666666667
328.839579	0.547916666666667
328.8565343	0.547916666666667
328.8726276	0.547916666666667
328.8898122	0.547916666666667
328.9065668	0.547916666666667
328.923076	0.547916666666667
328.9396553	0.547916666666667
328.9568078	0.547916666666667
328.9727059	0.547916666666667
328.9896837	0.547916666666667
329.0067855	0.547916666666667
329.0230982	0.547916666666667
329.0395895	0.547916666666667
329.056368	0.547916666666667
329.072739	0.547916666666667
329.0895497	0.547916666666667
329.1066126	0.547916666666667
329.1231003	0.547916666666667
329.1396405	0.547916666666667
329.1562368	0.547916666666667
329.1731012	0.547916666666667
329.1901857	0.547916666666667
329.2070603	0.547916666666667
329.2235112	0.547916666666667
329.2401226	0.547916666666667
329.2567188	0.547916666666667
329.2732201	0.547916666666667
329.2896142	0.547916666666667
329.3067612	0.547916666666667
329.3226856	0.547916666666667
329.339761	0.547916666666667
329.3566203	0.547916666666667
329.3730765	0.547916666666667
329.3896217	0.547916666666667
329.4062875	0.547916666666667
329.4229614	0.547916666666667
329.4401503	0.547916666666667
329.4564213	0.547916666666667
329.4727256	0.547916666666667
329.4898034	0.547916666666667
329.5063914	0.547916666666667
329.5226713	0.547916666666667
329.5399522	0.547916666666667
329.5566489	0.547916666666667
329.5735012	0.547916666666667
329.589748	0.547916666666667
329.6064308	0.547916666666667
329.6228804	0.547916666666667
329.6399226	0.547916666666667
329.6564398	0.547916666666667
329.6731323	0.547916666666667
329.6895761	0.547916666666667
329.7065056	0.547916666666667
329.722881	0.547916666666667
329.7396231	0.547916666666667
329.7566526	0.547916666666667
329.7727576	0.547916666666667
329.7899934	0.547916666666667
329.8064376	0.547916666666667
329.8232984	0.547916666666667
329.8395854	0.547916666666667
329.8562227	0.547916666666667
329.8727907	0.547916666666667
329.8899963	0.547916666666667
329.9066468	0.547916666666667
329.9231288	0.547916666666667
329.9397422	0.547916666666667
329.9570176	0.547916666666667
329.9727625	0.547916666666667
329.9895491	0.547916666666667
330.0067471	0.547916666666667
330.0226956	0.547916666666667
330.0401493	0.547916666666667
330.0566449	0.547916666666667
330.072666	0.547916666666667
330.089556	0.547916666666667
330.1064505	0.547916666666667
330.1228914	0.547916666666667
330.139772	0.547916666666667
330.1562209	0.547916666666667
330.1730784	0.547916666666667
330.1901479	0.547916666666667
330.2068417	0.547916666666667
330.2226587	0.547916666666667
330.2395245	0.547916666666667
330.256269	0.547916666666667
330.2728972	0.547916666666667
330.2900063	0.547916666666667
330.3063874	0.547916666666667
330.3227052	0.547916666666667
330.3395497	0.547916666666667
330.3564305	0.547916666666667
330.3727644	0.547916666666667
330.3899407	0.547916666666667
330.4065172	0.547916666666667
330.4234129	0.547916666666667
330.4397949	0.547916666666667
330.4565629	0.547916666666667
330.47325	0.547916666666667
330.4898717	0.547916666666667
330.5062089	0.547916666666667
330.5229875	0.547916666666667
330.5393512	0.547916666666667
330.5561811	0.547916666666667
330.5726738	0.547916666666667
330.5895538	0.547916666666667
330.6066393	0.547916666666667
330.6229924	0.547916666666667
330.6404868	0.547916666666667
330.6567166	0.547916666666667
330.6732757	0.547916666666667
330.6900761	0.547916666666667
330.7063769	0.547916666666667
330.7226383	0.547916666666667
330.7395455	0.547916666666667
330.7567517	0.547916666666667
330.7728084	0.547916666666667
330.7898306	0.547916666666667
330.8064095	0.547916666666667
330.8226767	0.547916666666667
330.8396503	0.547916666666667
330.8568675	0.547916666666667
330.873152	0.547916666666667
330.8900384	0.547916666666667
330.906966	0.547916666666667
330.9229012	0.547916666666667
330.9400388	0.547916666666667
330.956609	0.547916666666667
330.9725927	0.547916666666667
330.9895344	0.547916666666667
331.0064926	0.547916666666667
331.0226223	0.547916666666667
331.0395608	0.547916666666667
331.056112	0.547916666666667
331.0728952	0.547916666666667
331.0899852	0.547916666666667
331.1065952	0.547916666666667
331.1230605	0.547916666666667
331.140265	0.547916666666667
331.158728	0.547916666666667
331.1726293	0.547916666666667
331.1894542	0.547916666666667
331.206526	0.547916666666667
331.2230514	0.547916666666667
331.2397883	0.547916666666667
331.2564371	0.547916666666667
331.272905	0.547916666666667
331.2896103	0.547916666666667
331.3062347	0.547916666666667
331.3234027	0.547916666666667
331.3398256	0.547916666666667
331.3565027	0.547916666666667
331.3729388	0.547916666666667
331.390103	0.547916666666667
331.4063982	0.547916666666667
331.4231499	0.547916666666667
331.4400901	0.547916666666667
331.4565884	0.547916666666667
331.4727317	0.547916666666667
331.4897132	0.547916666666667
331.506564	0.547916666666667
331.5228881	0.547916666666667
331.5399733	0.547916666666667
331.5564555	0.547916666666667
331.5731427	0.547916666666667
331.5899644	0.547916666666667
331.6061605	0.547916666666667
331.6228517	0.547916666666667
331.6401086	0.547916666666667
331.6564174	0.547916666666667
331.6729701	0.547916666666667
331.6897375	0.547916666666667
331.7061105	0.547916666666667
331.722997	0.547916666666667
331.7397577	0.547916666666667
331.7565021	0.547916666666667
331.7729664	0.547916666666667
331.7896672	0.547916666666667
331.8064129	0.547916666666667
331.8227855	0.547916666666667
331.8399515	0.547916666666667
331.856268	0.547916666666667
331.8731207	0.547916666666667
331.8899296	0.547916666666667
331.9065851	0.547916666666667
331.9230072	0.547916666666667
331.9399054	0.547916666666667
331.9561364	0.547916666666667
331.9729434	0.547916666666667
331.989922	0.547916666666667
332.0061713	0.547916666666667
332.0227977	0.547916666666667
332.0398807	0.547916666666667
332.0563229	0.547916666666667
332.0730677	0.547916666666667
332.0899748	0.547916666666667
332.106336	0.547916666666667
332.1230798	0.547916666666667
332.1396203	0.547916666666667
332.1561582	0.547916666666667
332.1729183	0.547916666666667
332.1899877	0.547916666666667
332.2061922	0.547916666666667
332.2228338	0.547916666666667
332.2401019	0.547916666666667
332.2565972	0.547916666666667
332.2726899	0.547916666666667
332.2901033	0.547916666666667
332.3065413	0.547916666666667
332.322999	0.547916666666667
332.3399575	0.547916666666667
332.3566828	0.547916666666667
332.3726468	0.547916666666667
332.3897382	0.547916666666667
332.4064326	0.547916666666667
332.4229554	0.547916666666667
332.4398871	0.547916666666667
332.4563616	0.547916666666667
332.472849	0.547916666666667
332.4900867	0.547916666666667
332.5060882	0.547916666666667
332.5230017	0.547916666666667
332.5399886	0.547916666666667
332.5563462	0.547916666666667
332.5730529	0.547916666666667
332.5903516	0.547916666666667
332.6066994	0.547916666666667
332.6232126	0.547916666666667
332.6400972	0.547916666666667
332.6561114	0.547916666666667
332.6728963	0.547916666666667
332.6894442	0.547916666666667
332.7066872	0.547916666666667
332.7230643	0.547916666666667
332.7395035	0.547916666666667
332.7562334	0.547916666666667
332.7727267	0.547916666666667
332.7899155	0.547916666666667
332.8061768	0.547916666666667
332.8230378	0.547916666666667
332.8397741	0.547916666666667
332.8560691	0.547916666666667
332.8732614	0.547916666666667
332.8895287	0.547916666666667
332.9064659	0.547916666666667
332.9229914	0.547916666666667
332.9394995	0.547916666666667
332.956522	0.547916666666667
332.9726259	0.547916666666667
332.9897119	0.547916666666667
333.0062542	0.547916666666667
333.0229022	0.547916666666667
333.039913	0.547916666666667
333.0561242	0.547916666666667
333.0729578	0.547916666666667
333.0897209	0.547916666666667
333.1064075	0.547916666666667
333.1230169	0.547916666666667
333.1396319	0.547916666666667
333.156118	0.547916666666667
333.1729326	0.547916666666667
333.1902657	0.547916666666667
333.2067148	0.547916666666667
333.2233906	0.547916666666667
333.2395908	0.547916666666667
333.2565168	0.547916666666667
333.2733406	0.547916666666667
333.2893789	0.547916666666667
333.3063562	0.547916666666667
333.3230925	0.547916666666667
333.3400029	0.547916666666667
333.3564263	0.547916666666667
333.3728046	0.547916666666667
333.3900861	0.547916666666667
333.4066229	0.547916666666667
333.4230264	0.547916666666667
333.4399049	0.547916666666667
333.4567141	0.547916666666667
333.4727275	0.547916666666667
333.4899142	0.547916666666667
333.5061784	0.547916666666667
333.5227595	0.547916666666667
333.5398492	0.547916666666667
333.5564933	0.547916666666667
333.5729958	0.547916666666667
333.5900259	0.547916666666667
333.605995	0.547916666666667
333.6229325	0.547916666666667
333.6394881	0.547916666666667
333.656398	0.547916666666667
333.6733203	0.547916666666667
333.6900862	0.547916666666667
333.706653	0.547916666666667
333.7229901	0.547916666666667
333.73982	0.547916666666667
333.7566757	0.547916666666667
333.7726504	0.547916666666667
333.7900749	0.547916666666667
333.8066352	0.547916666666667
333.8230733	0.547916666666667
333.8398126	0.547916666666667
333.8564224	0.547916666666667
333.873021	0.547916666666667
333.8903596	0.547916666666667
333.906636	0.547916666666667
333.9229734	0.547916666666667
333.9400211	0.547916666666667
333.9562253	0.547916666666667
333.9729486	0.547916666666667
333.9897359	0.547916666666667
334.0064147	0.547916666666667
334.023229	0.547916666666667
334.0394279	0.547916666666667
334.0563988	0.547916666666667
334.0730593	0.547916666666667
334.089658	0.547916666666667
334.1061629	0.547916666666667
334.1229663	0.547916666666667
334.1396824	0.547916666666667
334.1566538	0.547916666666667
334.1735134	0.547916666666667
334.1895072	0.547916666666667
334.2063597	0.547916666666667
334.222775	0.547916666666667
334.2395645	0.547916666666667
334.2564621	0.547916666666667
334.2725178	0.547916666666667
334.2892245	0.547916666666667
334.3062485	0.547916666666667
334.3229613	0.547916666666667
334.339826	0.547916666666667
334.3562959	0.547916666666667
334.3729785	0.547916666666667
334.3899298	0.547916666666667
334.4066121	0.547916666666667
334.4232396	0.547916666666667
334.4399654	0.547916666666667
334.4564243	0.547916666666667
334.4733939	0.547916666666667
334.4896099	0.547916666666667
334.5062395	0.547916666666667
334.5227387	0.547916666666667
334.5399189	0.547916666666667
334.5566683	0.547916666666667
334.5730257	0.547916666666667
334.5895423	0.547916666666667
334.6062688	0.547916666666667
334.62376	0.547916666666667
334.6401538	0.547916666666667
334.6564702	0.547916666666667
334.6730703	0.547916666666667
334.6899082	0.547916666666667
334.7060105	0.547916666666667
334.7226955	0.547916666666667
334.739798	0.547916666666667
334.7566382	0.547916666666667
334.7730043	0.547916666666667
334.7897631	0.547916666666667
334.8063858	0.547916666666667
334.8229205	0.547916666666667
334.8398406	0.547916666666667
334.8560656	0.547916666666667
334.8730504	0.547916666666667
334.8897477	0.547916666666667
334.9064081	0.547916666666667
334.9230207	0.547916666666667
334.9399174	0.547916666666667
334.9558175	0.547916666666667
334.9730471	0.547916666666667
334.9897399	0.547916666666667
335.0063403	0.547916666666667
335.0229519	0.547916666666667
335.0398334	0.547916666666667
335.0564077	0.547916666666667
335.0732522	0.547916666666667
335.0898883	0.547916666666667
335.1065989	0.547916666666667
335.1227532	0.547916666666667
335.1396794	0.547916666666667
335.1560631	0.547916666666667
335.172879	0.547916666666667
335.1896403	0.547916666666667
335.2062176	0.547916666666667
335.2229163	0.547916666666667
335.2391676	0.547916666666667
335.2560965	0.547916666666667
335.2724028	0.547916666666667
335.2895002	0.547916666666667
335.3063433	0.547916666666667
335.3233538	0.547916666666667
335.3397403	0.547916666666667
335.3557957	0.547916666666667
335.3730215	0.547916666666667
335.389395	0.547916666666667
335.4060181	0.547916666666667
335.4227165	0.547916666666667
335.4393631	0.547916666666667
335.4560907	0.547916666666667
335.4734207	0.547916666666667
335.4893949	0.547916666666667
335.5064961	0.547916666666667
335.5228303	0.547916666666667
335.5393515	0.547916666666667
335.5567936	0.547916666666667
335.5732906	0.547916666666667
335.5898234	0.547916666666667
335.6064323	0.547916666666667
335.6233191	0.547916666666667
335.6402264	0.547916666666667
335.6563947	0.547916666666667
335.6726962	0.547916666666667
335.6896515	0.547916666666667
335.7063081	0.547916666666667
335.7228422	0.547916666666667
335.7395808	0.547916666666667
335.7564365	0.547916666666667
335.772388	0.547916666666667
335.7891952	0.547916666666667
335.8062449	0.547916666666667
335.8229804	0.547916666666667
335.8397226	0.547916666666667
335.8562389	0.547916666666667
335.8729036	0.547916666666667
335.8896728	0.547916666666667
335.9060443	0.547916666666667
335.9230333	0.547916666666667
335.9397432	0.547916666666667
335.95625	0.547916666666667
335.9730878	0.547916666666667
335.9892802	0.547916666666667
336.0061139	0.547916666666667
336.0229603	0.547916666666667
336.0393691	0.547916666666667
336.0561499	0.547916666666667
336.0729457	0.547916666666667
336.0894284	0.547916666666667
336.1063162	0.547916666666667
336.1226173	0.547916666666667
336.1397653	0.547916666666667
336.1559208	0.547916666666667
336.1728405	0.547916666666667
336.1897105	0.547916666666667
336.20604	0.547916666666667
336.2226643	0.547916666666667
336.2392482	0.547916666666667
336.2563709	0.547916666666667
336.2732122	0.547916666666667
336.2893673	0.547916666666667
336.3063185	0.547916666666667
336.3231484	0.547916666666667
336.3398931	0.547916666666667
336.3564516	0.547916666666667
336.3726799	0.547916666666667
336.3895553	0.547916666666667
336.4061107	0.547916666666667
336.4225877	0.547916666666667
336.4398119	0.547916666666667
336.4561096	0.547916666666667
336.4731942	0.547916666666667
336.4900715	0.547916666666667
336.5063176	0.547916666666667
336.5234431	0.547916666666667
336.539682	0.547916666666667
336.5564008	0.547916666666667
336.5731239	0.547916666666667
336.5896639	0.547916666666667
336.6063383	0.547916666666667
336.6227648	0.547916666666667
336.6396909	0.547916666666667
336.655918	0.547916666666667
336.6727063	0.547916666666667
336.6896793	0.547916666666667
336.7059029	0.547916666666667
336.7229512	0.547916666666667
336.7394508	0.547916666666667
336.7563898	0.547916666666667
336.772752	0.547916666666667
336.7890589	0.547916666666667
336.8059823	0.547916666666667
336.8224873	0.547916666666667
336.8402984	0.547916666666667
336.8558245	0.547916666666667
336.8729808	0.547916666666667
336.8898267	0.547916666666667
336.9061255	0.547916666666667
336.922654	0.547916666666667
336.9397125	0.547916666666667
336.9562294	0.547916666666667
336.9726807	0.547916666666667
336.9894201	0.547916666666667
337.0063077	0.547916666666667
337.0226665	0.547916666666667
337.039741	0.547916666666667
337.0563777	0.547916666666667
337.0729557	0.547916666666667
337.089713	0.547916666666667
337.1060297	0.547916666666667
337.1230184	0.547916666666667
337.1395998	0.547916666666667
337.1562946	0.547916666666667
337.1725279	0.547916666666667
337.1894087	0.547916666666667
337.2063079	0.547916666666667
337.22299	0.547916666666667
337.2397511	0.547916666666667
337.256264	0.547916666666667
337.2731035	0.547916666666667
337.2896848	0.547916666666667
337.3064242	0.547916666666667
337.3231063	0.547916666666667
337.3394418	0.547916666666667
337.3560966	0.547916666666667
337.3725559	0.547916666666667
337.3896154	0.547916666666667
337.4063485	0.547916666666667
337.4229721	0.547916666666667
337.4399791	0.547916666666667
337.4564023	0.547916666666667
337.4733606	0.547916666666667
337.4896822	0.547916666666667
337.5063291	0.547916666666667
337.5224938	0.547916666666667
337.5394481	0.547916666666667
337.5562899	0.547916666666667
337.5731051	0.547916666666667
337.5896358	0.547916666666667
337.6063022	0.547916666666667
337.6228256	0.547916666666667
337.6394697	0.547916666666667
337.6562148	0.547916666666667
337.672976	0.547916666666667
337.6898928	0.547916666666667
337.7059937	0.547916666666667
337.7226215	0.547916666666667
337.7400893	0.547916666666667
337.7563225	0.547916666666667
337.7730774	0.547916666666667
337.7897195	0.547916666666667
337.8060111	0.547916666666667
337.8230909	0.547916666666667
337.8396701	0.547916666666667
337.8559653	0.547916666666667
337.8725592	0.547916666666667
337.8897868	0.547916666666667
337.9062983	0.547916666666667
337.9229863	0.547916666666667
337.9398506	0.547916666666667
337.9559321	0.547916666666667
337.9725981	0.547916666666667
337.9896783	0.547916666666667
338.005618	0.547916666666667
338.0225809	0.547916666666667
338.0397488	0.547916666666667
338.0557391	0.547916666666667
338.0725364	0.547916666666667
338.0896636	0.547916666666667
338.106068	0.547916666666667
338.1228565	0.547916666666667
338.1390755	0.547916666666667
338.1561491	0.547916666666667
338.1727235	0.547916666666667
338.1897062	0.547916666666667
338.2061351	0.547916666666667
338.2232045	0.547916666666667
338.2394232	0.547916666666667
338.2559688	0.547916666666667
338.2725163	0.547916666666667
338.2890806	0.547916666666667
338.3059469	0.547916666666667
338.3226172	0.547916666666667
338.3392782	0.547916666666667
338.3560167	0.547916666666667
338.3726099	0.547916666666667
338.3892678	0.547916666666667
338.4061495	0.547916666666667
338.4227273	0.547916666666667
338.4394523	0.547916666666667
338.4558424	0.547916666666667
338.4722304	0.547916666666667
338.4894242	0.547916666666667
338.5060676	0.547916666666667
338.5225682	0.547916666666667
338.5393315	0.547916666666667
338.5557849	0.547916666666667
338.5727555	0.547916666666667
338.589402	0.547916666666667
338.6057032	0.547916666666667
338.6225464	0.547916666666667
338.6399436	0.547916666666667
338.6557364	0.547916666666667
338.6731718	0.547916666666667
338.6895702	0.547916666666667
338.7057427	0.547916666666667
338.7225261	0.547916666666667
338.739764	0.547916666666667
338.7557037	0.547916666666667
338.7728425	0.547916666666667
338.7896347	0.547916666666667
338.8063117	0.547916666666667
338.8228671	0.547916666666667
338.839477	0.547916666666667
338.8562128	0.547916666666667
338.8730441	0.547916666666667
338.8896639	0.547916666666667
338.9057381	0.547916666666667
338.9225884	0.547916666666667
338.9397758	0.547916666666667
338.9563297	0.547916666666667
338.9730615	0.547916666666667
338.9898142	0.547916666666667
339.006046	0.547916666666667
339.0228828	0.547916666666667
339.0393704	0.547916666666667
339.0560721	0.547916666666667
339.0728636	0.547916666666667
339.0890979	0.547916666666667
339.1057355	0.547916666666667
339.1228915	0.547916666666667
339.1394085	0.547916666666667
339.156145	0.547916666666667
339.1729511	0.547916666666667
339.189757	0.547916666666667
339.205831	0.547916666666667
339.2225549	0.547916666666667
339.2395739	0.547916666666667
339.2562649	0.547916666666667
339.2725659	0.547916666666667
339.2895872	0.547916666666667
339.3057302	0.547916666666667
339.3227232	0.547916666666667
339.3394446	0.547916666666667
339.35591	0.547916666666667
339.3726976	0.547916666666667
339.3894558	0.547916666666667
339.4057187	0.547916666666667
339.4232883	0.547916666666667
339.4392263	0.547916666666667
339.4559207	0.547916666666667
339.4728761	0.547916666666667
339.4893488	0.547916666666667
339.5060061	0.547916666666667
339.523161	0.547916666666667
339.5393538	0.547916666666667
339.5556448	0.547916666666667
339.5729518	0.547916666666667
339.5894031	0.547916666666667
339.6059174	0.547916666666667
339.622797	0.547916666666667
339.6393426	0.547916666666667
339.6560142	0.547916666666667
339.6727854	0.547916666666667
339.6893569	0.547916666666667
339.7060849	0.547916666666667
339.7229462	0.547916666666667
339.7395782	0.547916666666667
339.755722	0.547916666666667
339.772693	0.547916666666667
339.7897187	0.547916666666667
339.8057388	0.547916666666667
339.8224988	0.547916666666667
339.8391195	0.547916666666667
339.8556496	0.547916666666667
339.8724809	0.547916666666667
339.8896115	0.547916666666667
339.9062277	0.547916666666667
339.922535	0.547916666666667
339.9395431	0.547916666666667
339.9559069	0.547916666666667
339.9727146	0.547916666666667
339.9894478	0.547916666666667
340.0062873	0.547916666666667
340.0224358	0.547916666666667
340.0390143	0.547916666666667
340.0559819	0.547916666666667
340.0729228	0.547916666666667
340.0893148	0.547916666666667
340.1062987	0.547916666666667
340.1226704	0.547916666666667
340.139307	0.547916666666667
340.1557501	0.547916666666667
340.1726672	0.547916666666667
340.1896014	0.547916666666667
340.2056493	0.547916666666667
340.2225121	0.547916666666667
340.2395934	0.547916666666667
340.2557853	0.547916666666667
340.2725668	0.547916666666667
340.2894029	0.547916666666667
340.3056352	0.547916666666667
340.3224441	0.547916666666667
340.3395962	0.547916666666667
340.3562034	0.547916666666667
340.3731903	0.547916666666667
340.3896025	0.547916666666667
340.4060665	0.547916666666667
340.4229717	0.547916666666667
340.439482	0.547916666666667
340.4562216	0.547916666666667
340.4727648	0.547916666666667
340.4892441	0.547916666666667
340.5055732	0.547916666666667
340.5226429	0.547916666666667
340.539377	0.547916666666667
340.5559727	0.547916666666667
340.5727514	0.547916666666667
340.5892048	0.547916666666667
340.6059936	0.547916666666667
340.6229127	0.547916666666667
340.6393082	0.547916666666667
340.6562368	0.547916666666667
340.6725355	0.547916666666667
340.6895812	0.547916666666667
340.7094277	0.547916666666667
340.7272157	0.547916666666667
340.7400589	0.547916666666667
340.7578273	0.547916666666667
340.7737605	0.547916666666667
340.7895527	0.547916666666667
340.8058752	0.547916666666667
340.822455	0.547916666666667
340.8391075	0.547916666666667
340.8558112	0.547916666666667
340.8724059	0.547916666666667
340.8892776	0.547916666666667
340.9061971	0.547916666666667
340.9228875	0.547916666666667
340.9395578	0.547916666666667
340.9560656	0.547916666666667
340.9722486	0.547916666666667
340.9895637	0.547916666666667
341.0055868	0.547916666666667
341.0231519	0.547916666666667
341.0396438	0.547916666666667
341.0559765	0.547916666666667
341.0730464	0.547916666666667
341.0894554	0.547916666666667
341.1061424	0.547916666666667
341.1227761	0.547916666666667
341.1392243	0.547916666666667
341.1560181	0.547916666666667
341.1726278	0.547916666666667
341.1895593	0.547916666666667
341.2056823	0.547916666666667
341.222743	0.547916666666667
341.2395418	0.547916666666667
341.2558413	0.547916666666667
341.2729829	0.547916666666667
341.2894482	0.547916666666667
341.3060235	0.547916666666667
341.3230277	0.547916666666667
341.3397511	0.547916666666667
341.3560269	0.547916666666667
341.3725838	0.547916666666667
341.3897362	0.547916666666667
341.4060295	0.547916666666667
341.4227928	0.547916666666667
341.439737	0.547916666666667
341.4562289	0.547916666666667
341.4725379	0.547916666666667
341.489342	0.547916666666667
341.5056112	0.547916666666667
341.5228139	0.547916666666667
341.5395799	0.547916666666667
341.5563434	0.547916666666667
341.5728658	0.547916666666667
341.5896757	0.547916666666667
341.6059128	0.547916666666667
341.6224898	0.547916666666667
341.6397316	0.547916666666667
341.6556774	0.547916666666667
341.6732427	0.547916666666667
341.6896565	0.547916666666667
341.7061076	0.547916666666667
341.7229133	0.547916666666667
341.7394709	0.547916666666667
341.755623	0.547916666666667
341.772365	0.547916666666667
341.7895843	0.547916666666667
341.8061003	0.547916666666667
341.8227006	0.547916666666667
341.8393873	0.547916666666667
341.8556562	0.547916666666667
341.8729157	0.547916666666667
341.8891303	0.547916666666667
341.9065097	0.547916666666667
341.9226619	0.547916666666667
341.9394294	0.547916666666667
341.9564481	0.547916666666667
341.9723704	0.547916666666667
341.9892077	0.547916666666667
342.0062119	0.547916666666667
342.0228063	0.547916666666667
342.0394763	0.547916666666667
342.0556943	0.547916666666667
342.0726959	0.547916666666667
342.0895028	0.547916666666667
342.1061658	0.547916666666667
342.1225581	0.547916666666667
342.1391023	0.547916666666667
342.1557581	0.547916666666667
342.1750594	0.547916666666667
342.1916094	0.547916666666667
342.206055	0.547916666666667
342.222793	0.547916666666667
342.2396148	0.547916666666667
342.2559747	0.547916666666667
342.2725597	0.547916666666667
342.2897248	0.547916666666667
342.3061173	0.547916666666667
342.3224191	0.547916666666667
342.3393676	0.547916666666667
342.3557877	0.547916666666667
342.3733587	0.547916666666667
342.3898792	0.547916666666667
342.4061297	0.547916666666667
342.4223858	0.547916666666667
342.4391092	0.547916666666667
342.4564899	0.547916666666667
342.472749	0.547916666666667
342.489838	0.547916666666667
342.5066685	0.547916666666667
342.5227503	0.547916666666667
342.5396961	0.547916666666667
342.5559128	0.547916666666667
342.5726177	0.547916666666667
342.5897511	0.547916666666667
342.605724	0.547916666666667
342.6227196	0.547916666666667
342.6389955	0.547916666666667
342.6560776	0.547916666666667
342.6724509	0.547916666666667
342.6889954	0.547916666666667
342.7061634	0.547916666666667
342.7232981	0.547916666666667
342.7392075	0.547916666666667
342.7564	0.547916666666667
342.7729319	0.547916666666667
342.7895136	0.547916666666667
342.8056252	0.547916666666667
342.8228246	0.547916666666667
342.8394185	0.547916666666667
342.8559758	0.547916666666667
342.8728398	0.547916666666667
342.8890655	0.547916666666667
342.9056634	0.547916666666667
342.9224019	0.547916666666667
342.9398205	0.547916666666667
342.955912	0.547916666666667
342.9726035	0.547916666666667
342.9891755	0.547916666666667
343.0056464	0.547916666666667
343.0226832	0.547916666666667
343.0394148	0.547916666666667
343.056023	0.547916666666667
343.0725072	0.547916666666667
343.0894513	0.547916666666667
343.1055922	0.547916666666667
343.1223531	0.547916666666667
343.1389702	0.547916666666667
343.1558738	0.547916666666667
343.1727852	0.547916666666667
343.1895847	0.547916666666667
343.2057399	0.547916666666667
343.2226387	0.547916666666667
343.2394499	0.547916666666667
343.2557263	0.547916666666667
343.2723169	0.547916666666667
343.2891496	0.547916666666667
343.3058681	0.547916666666667
343.3222945	0.547916666666667
343.3392982	0.547916666666667
343.3556015	0.547916666666667
343.3723724	0.547916666666667
343.3889854	0.547916666666667
343.4057894	0.547916666666667
343.4224214	0.547916666666667
343.4392096	0.547916666666667
343.4562393	0.547916666666667
343.4729154	0.547916666666667
343.4894079	0.547916666666667
343.5061672	0.547916666666667
343.5226588	0.547916666666667
343.539202	0.547916666666667
343.5560944	0.547916666666667
343.572561	0.547916666666667
343.5891304	0.547916666666667
343.606309	0.547916666666667
343.6226629	0.547916666666667
343.6390998	0.547916666666667
343.656021	0.547916666666667
343.6726816	0.547916666666667
343.6894924	0.547916666666667
343.7065797	0.547916666666667
343.7229581	0.547916666666667
343.7391484	0.547916666666667
343.755798	0.547916666666667
343.7728103	0.547916666666667
343.7893604	0.547916666666667
343.8061637	0.547916666666667
343.8225155	0.547916666666667
343.8393899	0.547916666666667
343.8560648	0.547916666666667
343.8725809	0.547916666666667
343.8892954	0.547916666666667
343.9059464	0.547916666666667
343.9225885	0.547916666666667
343.9392472	0.547916666666667
343.9563018	0.547916666666667
343.9724047	0.547916666666667
343.9888178	0.547916666666667
344.0057303	0.547916666666667
344.0221492	0.547916666666667
344.0394066	0.547916666666667
344.056093	0.547916666666667
344.0723805	0.547916666666667
344.0895882	0.547916666666667
344.1064365	0.547916666666667
344.1225073	0.547916666666667
344.1392005	0.547916666666667
344.156191	0.547916666666667
344.1735719	0.547916666666667
344.1895367	0.547916666666667
344.2064243	0.547916666666667
344.2222979	0.547916666666667
344.2393219	0.547916666666667
344.2562085	0.547916666666667
344.2725387	0.547916666666667
344.2895668	0.547916666666667
344.305797	0.547916666666667
344.3221633	0.547916666666667
344.3394585	0.547916666666667
344.3563076	0.547916666666667
344.3726109	0.547916666666667
344.388946	0.547916666666667
344.4062385	0.547916666666667
344.4228718	0.547916666666667
344.4396467	0.547916666666667
344.4562054	0.547916666666667
344.4726008	0.547916666666667
344.4888885	0.547916666666667
344.5060806	0.547916666666667
344.5225369	0.547916666666667
344.5389981	0.547916666666667
344.5560148	0.547916666666667
344.5724235	0.547916666666667
344.5892944	0.547916666666667
344.6061768	0.547916666666667
344.6224873	0.547916666666667
344.6397327	0.547916666666667
344.6556424	0.547916666666667
344.6728315	0.547916666666667
344.689158	0.547916666666667
344.7058898	0.547916666666667
344.7224899	0.547916666666667
344.7391186	0.547916666666667
344.7556009	0.547916666666667
344.7722666	0.547916666666667
344.7893268	0.547916666666667
344.8061709	0.547916666666667
344.822501	0.547916666666667
344.8394132	0.547916666666667
344.8559951	0.547916666666667
344.8724761	0.547916666666667
344.8893021	0.547916666666667
344.9059565	0.547916666666667
344.9225975	0.547916666666667
344.9387477	0.547916666666667
344.9561661	0.547916666666667
344.9723653	0.547916666666667
344.9891964	0.547916666666667
345.0056435	0.547916666666667
345.0226456	0.547916666666667
345.0391411	0.547916666666667
345.0564148	0.547916666666667
345.0727676	0.547916666666667
345.0891651	0.547916666666667
345.1059412	0.547916666666667
345.1228979	0.547916666666667
345.13921	0.547916666666667
345.1559634	0.547916666666667
345.172873	0.547916666666667
345.1893384	0.547916666666667
345.2060523	0.547916666666667
345.2225322	0.547916666666667
345.2391314	0.547916666666667
345.2558856	0.547916666666667
345.2723517	0.547916666666667
345.2890673	0.547916666666667
345.3052105	0.547916666666667
345.3224799	0.547916666666667
345.3390776	0.547916666666667
345.3553266	0.547916666666667
345.3723881	0.547916666666667
345.3889635	0.547916666666667
345.4058913	0.547916666666667
345.4223385	0.547916666666667
345.4392956	0.547916666666667
345.4556583	0.547916666666667
345.4723368	0.547916666666667
345.4895456	0.547916666666667
345.5057523	0.547916666666667
345.5226403	0.547916666666667
345.5391431	0.547916666666667
345.5557993	0.547916666666667
345.57271	0.547916666666667
345.5894257	0.547916666666667
345.6058909	0.547916666666667
345.6222704	0.547916666666667
345.6393674	0.547916666666667
345.6561318	0.547916666666667
345.6724953	0.547916666666667
345.68921	0.547916666666667
345.7061092	0.547916666666667
345.7226069	0.547916666666667
345.7393758	0.547916666666667
345.7558395	0.547916666666667
345.7725953	0.547916666666667
345.7893192	0.547916666666667
345.8059931	0.547916666666667
345.8225702	0.547916666666667
345.8389969	0.547916666666667
345.8557296	0.547916666666667
345.8726047	0.547916666666667
345.8889129	0.547916666666667
345.9059321	0.547916666666667
345.9229848	0.547916666666667
345.9391962	0.547916666666667
345.9559385	0.547916666666667
345.9724943	0.547916666666667
345.9894253	0.547916666666667
346.005694	0.547916666666667
346.0225663	0.547916666666667
346.039486	0.547916666666667
346.0560848	0.547916666666667
346.072569	0.547916666666667
346.0894252	0.547916666666667
346.1061942	0.547916666666667
346.1225906	0.547916666666667
346.1393496	0.547916666666667
346.156142	0.547916666666667
346.1725347	0.547916666666667
346.1893475	0.547916666666667
346.2058923	0.547916666666667
346.2226097	0.547916666666667
346.2389543	0.547916666666667
346.2557363	0.547916666666667
346.2725411	0.547916666666667
346.2891154	0.547916666666667
346.3061044	0.547916666666667
346.3226546	0.547916666666667
346.3392325	0.547916666666667
346.3556359	0.547916666666667
346.3725472	0.547916666666667
346.3890875	0.547916666666667
346.4059574	0.547916666666667
346.4225771	0.547916666666667
346.4391933	0.547916666666667
346.4556972	0.547916666666667
346.4724127	0.547916666666667
346.4893428	0.547916666666667
346.5063282	0.547916666666667
346.5230231	0.547916666666667
346.5392513	0.547916666666667
346.5555938	0.547916666666667
346.5723359	0.547916666666667
346.5893033	0.547916666666667
346.6060532	0.547916666666667
346.6222492	0.547916666666667
346.6387733	0.547916666666667
346.6557374	0.547916666666667
346.6726403	0.547916666666667
346.688942	0.547916666666667
346.7056303	0.547916666666667
346.7225551	0.547916666666667
346.7386752	0.547916666666667
346.7556384	0.547916666666667
346.7724228	0.547916666666667
346.7892555	0.547916666666667
346.8057566	0.547916666666667
346.8223111	0.547916666666667
346.8389517	0.547916666666667
346.8560053	0.547916666666667
346.8728404	0.547916666666667
346.8888324	0.547916666666667
346.9059657	0.547916666666667
346.922654	0.547916666666667
346.9391131	0.547916666666667
346.9557139	0.547916666666667
346.9727677	0.547916666666667
346.9887771	0.547916666666667
347.0056177	0.547916666666667
347.0228885	0.547916666666667
347.0391071	0.547916666666667
347.0557103	0.547916666666667
347.0726404	0.547916666666667
347.088699	0.547916666666667
347.1059181	0.547916666666667
347.1225647	0.547916666666667
347.1393058	0.547916666666667
347.1558033	0.547916666666667
347.1725663	0.547916666666667
347.1892647	0.547916666666667
347.2059888	0.547916666666667
347.2225854	0.547916666666667
347.2393158	0.547916666666667
347.2558221	0.547916666666667
347.2724522	0.547916666666667
347.2890854	0.547916666666667
347.3063951	0.547916666666667
347.3223879	0.547916666666667
347.3389229	0.547916666666667
347.3551148	0.547916666666667
347.372456	0.547916666666667
347.3892641	0.547916666666667
347.405456	0.547916666666667
347.422589	0.547916666666667
347.4393685	0.547916666666667
347.455808	0.547916666666667
347.4726566	0.547916666666667
347.4890877	0.547916666666667
347.5056703	0.547916666666667
347.5223758	0.547916666666667
347.5390793	0.547916666666667
347.555951	0.547916666666667
347.5724298	0.547916666666667
347.5893942	0.555208333333333
347.6053894	0.555208333333333
347.6226688	0.563541666666667
347.6391067	0.563541666666667
347.6552279	0.563541666666667
347.672032	0.563541666666667
347.6890758	0.563541666666667
347.7055916	0.563541666666667
347.7226333	0.563541666666667
347.7388923	0.563541666666667
347.7560549	0.563541666666667
347.7723575	0.563541666666667
347.7887749	0.563541666666667
347.8057483	0.563541666666667
347.8227429	0.563541666666667
347.8392889	0.563541666666667
347.8557296	0.563541666666667
347.8725285	0.563541666666667
347.889131	0.563541666666667
347.9059067	0.563541666666667
347.9224832	0.563541666666667
347.9388761	0.563541666666667
347.9558132	0.563541666666667
347.9722345	0.563541666666667
347.9891505	0.563541666666667
348.0059285	0.563541666666667
348.0224966	0.563541666666667
348.0391357	0.563541666666667
348.0559428	0.563541666666667
348.0725501	0.563541666666667
348.0894363	0.563541666666667
348.1059155	0.563541666666667
348.1225316	0.563541666666667
348.1391291	0.563541666666667
348.1559748	0.563541666666667
348.17259	0.563541666666667
348.18902	0.563541666666667
348.2057415	0.563541666666667
348.2222155	0.563541666666667
348.2390868	0.563541666666667
348.2560979	0.563541666666667
348.2724516	0.563541666666667
348.2891814	0.563541666666667
348.3060657	0.563541666666667
348.3222593	0.563541666666667
348.3391123	0.563541666666667
348.3556921	0.563541666666667
348.3723874	0.563541666666667
348.3889208	0.563541666666667
348.4056703	0.563541666666667
348.4225621	0.563541666666667
348.439063	0.563541666666667
348.4560274	0.563541666666667
348.4725097	0.563541666666667
348.4891044	0.563541666666667
348.5059771	0.563541666666667
348.5223639	0.563541666666667
348.5392542	0.563541666666667
348.5554792	0.563541666666667
348.5726584	0.563541666666667
348.5893417	0.563541666666667
348.606043	0.563541666666667
348.6225166	0.563541666666667
348.6391776	0.563541666666667
348.6556325	0.563541666666667
348.6725712	0.563541666666667
348.688641	0.563541666666667
348.7058524	0.563541666666667
348.7226479	0.563541666666667
348.738642	0.563541666666667
348.7554754	0.563541666666667
348.7722315	0.563541666666667
348.7894199	0.563541666666667
348.8062352	0.563541666666667
348.8225964	0.563541666666667
348.839158	0.563541666666667
348.8560698	0.563541666666667
348.8723318	0.563541666666667
348.8890848	0.563541666666667
348.905439	0.563541666666667
348.9228591	0.563541666666667
348.9386883	0.563541666666667
348.9553799	0.563541666666667
348.9723863	0.563541666666667
348.9888751	0.563541666666667
349.0055362	0.563541666666667
349.0225554	0.563541666666667
349.0393174	0.563541666666667
349.0559393	0.563541666666667
349.0726533	0.563541666666667
349.0890117	0.563541666666667
349.1055966	0.563541666666667
349.1223693	0.563541666666667
349.1388332	0.563541666666667
349.1558868	0.563541666666667
349.1724226	0.563541666666667
349.1887998	0.563541666666667
349.2056481	0.563541666666667
349.2225616	0.563541666666667
349.2392985	0.563541666666667
349.2604356	0.563541666666667
349.2723451	0.563541666666667
349.289087	0.563541666666667
349.3059156	0.563541666666667
349.3227528	0.563541666666667
349.3390383	0.563541666666667
349.3557187	0.563541666666667
349.3724725	0.563541666666667
349.3889314	0.563541666666667
349.4059217	0.563541666666667
349.4223993	0.563541666666667
349.4392152	0.563541666666667
349.4557092	0.563541666666667
349.4724571	0.563541666666667
349.4890541	0.563541666666667
349.5060553	0.563541666666667
349.5224563	0.563541666666667
349.5390133	0.563541666666667
349.556176	0.563541666666667
349.5726391	0.563541666666667
349.5887754	0.563541666666667
349.6057683	0.563541666666667
349.6220965	0.563541666666667
349.6387508	0.563541666666667
349.655382	0.563541666666667
349.6723763	0.563541666666667
349.6891355	0.563541666666667
349.7057174	0.563541666666667
349.7226787	0.563541666666667
349.7389973	0.563541666666667
349.7559486	0.563541666666667
349.772565	0.563541666666667
349.7889816	0.563541666666667
349.8061344	0.563541666666667
349.8223959	0.563541666666667
349.838973	0.563541666666667
349.8554697	0.563541666666667
349.8724741	0.563541666666667
349.889158	0.563541666666667
349.9059872	0.563541666666667
349.9223836	0.563541666666667
349.9392066	0.563541666666667
349.9557052	0.563541666666667
349.9723912	0.563541666666667
349.9892086	0.563541666666667
350.005821	0.563541666666667
350.0222131	0.563541666666667
350.038458	0.563541666666667
350.0556342	0.563541666666667
350.0721704	0.563541666666667
350.0884144	0.563541666666667
350.1056612	0.563541666666667
350.1221451	0.563541666666667
350.1387285	0.563541666666667
350.1550185	0.563541666666667
350.1722427	0.563541666666667
350.1893352	0.563541666666667
350.2059921	0.563541666666667
350.2222339	0.563541666666667
350.2388912	0.563541666666667
350.2558504	0.563541666666667
350.2721757	0.563541666666667
350.2888241	0.563541666666667
350.3057208	0.563541666666667
350.3222253	0.563541666666667
350.3386663	0.563541666666667
350.3557878	0.563541666666667
350.3725058	0.563541666666667
350.3892229	0.563541666666667
350.4055716	0.563541666666667
350.4224374	0.563541666666667
350.4391338	0.563541666666667
350.4559139	0.563541666666667
350.4722247	0.563541666666667
350.4892912	0.563541666666667
350.5059312	0.563541666666667
350.5222676	0.563541666666667
350.538691	0.563541666666667
350.5558483	0.563541666666667
350.5721268	0.563541666666667
350.5891318	0.563541666666667
350.6064109	0.563541666666667
350.6222352	0.563541666666667
350.6391538	0.563541666666667
350.6555728	0.563541666666667
350.672278	0.563541666666667
350.689349	0.563541666666667
350.7056263	0.563541666666667
350.7221147	0.563541666666667
350.7389492	0.563541666666667
350.7558811	0.563541666666667
350.7722309	0.563541666666667
350.7890199	0.563541666666667
350.8058455	0.563541666666667
350.8223963	0.563541666666667
350.8388692	0.563541666666667
350.8600527	0.563541666666667
350.8720274	0.563541666666667
350.8892152	0.563541666666667
350.9059744	0.563541666666667
350.9223733	0.563541666666667
350.9389937	0.563541666666667
350.9559107	0.563541666666667
350.9724444	0.563541666666667
350.9890698	0.563541666666667
351.0057035	0.563541666666667
351.0223733	0.563541666666667
351.0391278	0.563541666666667
351.0557369	0.563541666666667
351.0720329	0.563541666666667
351.089038	0.563541666666667
351.1060713	0.563541666666667
351.122468	0.563541666666667
351.1388635	0.563541666666667
351.1558591	0.563541666666667
351.1721329	0.563541666666667
351.1889854	0.563541666666667
351.2053344	0.563541666666667
351.222068	0.563541666666667
351.2386118	0.563541666666667
351.2572741	0.563541666666667
351.2722764	0.563541666666667
351.2890796	0.563541666666667
351.3053817	0.563541666666667
351.3223297	0.563541666666667
351.3390102	0.563541666666667
351.3556274	0.563541666666667
351.3723376	0.563541666666667
351.3897162	0.563541666666667
351.405464	0.563541666666667
351.4223094	0.563541666666667
351.4387258	0.563541666666667
351.4557794	0.563541666666667
351.4723628	0.563541666666667
351.4887902	0.563541666666667
351.5056175	0.563541666666667
351.5221654	0.563541666666667
351.5386874	0.563541666666667
351.5557133	0.563541666666667
351.5724907	0.563541666666667
351.5891155	0.563541666666667
351.6057268	0.563541666666667
351.6223558	0.563541666666667
351.6388953	0.563541666666667
351.6552788	0.563541666666667
351.6722272	0.563541666666667
351.6886806	0.563541666666667
351.7058043	0.563541666666667
351.7222703	0.563541666666667
351.7390101	0.563541666666667
351.7558171	0.563541666666667
351.7720939	0.563541666666667
351.7888796	0.563541666666667
351.8052509	0.563541666666667
351.8223637	0.563541666666667
351.8389289	0.563541666666667
351.8559189	0.563541666666667
351.8722234	0.563541666666667
351.8888667	0.563541666666667
351.9056157	0.563541666666667
351.9223409	0.563541666666667
351.9394601	0.563541666666667
351.9555837	0.563541666666667
351.972386	0.563541666666667
351.9887133	0.563541666666667
352.0059394	0.563541666666667
352.0226593	0.563541666666667
352.038596	0.563541666666667
352.0558555	0.563541666666667
352.0720999	0.563541666666667
352.0887555	0.563541666666667
352.1055016	0.563541666666667
352.1223053	0.563541666666667
352.1394387	0.563541666666667
352.1555969	0.563541666666667
352.1720133	0.563541666666667
352.1891332	0.563541666666667
352.2051773	0.563541666666667
352.2222064	0.563541666666667
352.2394686	0.563541666666667
352.2557922	0.563541666666667
352.2722151	0.563541666666667
352.2888026	0.563541666666667
352.3057244	0.563541666666667
352.3223416	0.563541666666667
352.3392907	0.563541666666667
352.3557062	0.563541666666667
352.3722236	0.563541666666667
352.3887	0.563541666666667
352.405539899999	0.563541666666667
352.4222018	0.563541666666667
352.439143	0.563541666666667
352.455638	0.563541666666667
352.4723516	0.563541666666667
352.4889981	0.563541666666667
352.505624299999	0.563541666666667
352.5221774	0.563541666666667
352.5389187	0.563541666666667
352.555677	0.563541666666667
352.5723158	0.563541666666667
352.589516099999	0.563541666666667
352.6059442	0.563541666666667
352.6222102	0.563541666666667
352.639162	0.563541666666667
352.6558896	0.563541666666667
352.6722109	0.563541666666667
352.6887267	0.563541666666667
352.7052868	0.563541666666667
352.7223364	0.563541666666667
352.7389965	0.563541666666667
352.755597299999	0.563541666666667
352.7724041	0.563541666666667
352.7892147	0.563541666666667
352.805515	0.563541666666667
352.8224641	0.563541666666667
352.839012999999	0.563541666666667
352.8556861	0.563541666666667
352.8724804	0.563541666666667
352.8886152	0.563541666666667
352.905239	0.563541666666667
352.9223034	0.563541666666667
352.9390681	0.563541666666667
352.955563	0.563541666666667
352.9721347	0.563541666666667
352.989133699999	0.563541666666667
353.0060167	0.563541666666667
353.0222541	0.563541666666667
353.039129599999	0.563541666666667
353.0557789	0.563541666666667
353.0723155	0.563541666666667
353.0888894	0.563541666666667
353.1059998	0.563541666666667
353.123055699999	0.563541666666667
353.1391632	0.563541666666667
353.1559709	0.563541666666667
353.172305699999	0.563541666666667
353.1896087	0.563541666666667
353.2058578	0.563541666666667
353.221810099999	0.563541666666667
353.2388062	0.563541666666667
353.255850399999	0.563541666666667
353.2721878	0.563541666666667
353.2888222	0.563541666666667
353.3057894	0.563541666666667
353.322456599999	0.563541666666667
353.3390722	0.563541666666667
353.3558891	0.563541666666667
353.3725105	0.563541666666667
353.3891413	0.563541666666667
353.405998	0.563541666666667
353.4223734	0.563541666666667
353.4390639	0.563541666666667
353.4558993	0.563541666666667
353.4722001	0.563541666666667
353.4887687	0.563541666666667
353.5054441	0.563541666666667
353.5223657	0.563541666666667
353.5392839	0.563541666666667
353.5554785	0.563541666666667
353.5723459	0.563541666666667
353.589014	0.563541666666667
353.605563199999	0.563541666666667
353.622007699999	0.563541666666667
353.6391944	0.563541666666667
353.6556899	0.563541666666667
353.672187199999	0.563541666666667
353.6887298	0.563541666666667
353.7053039	0.563541666666667
353.722077999999	0.563541666666667
353.7391051	0.563541666666667
353.755325199999	0.563541666666667
353.7723228	0.563541666666667
353.7893254	0.563541666666667
353.8057033	0.563541666666667
353.8220111	0.563541666666667
353.8387717	0.563541666666667
353.8557052	0.563541666666667
353.872488699999	0.563541666666667
353.8891467	0.563541666666667
353.9056214	0.563541666666667
353.9222278	0.563541666666667
353.9384699	0.563541666666667
353.9557527	0.563541666666667
353.972280099999	0.563541666666667
353.9889932	0.563541666666667
354.0054799	0.563541666666667
354.0221387	0.563541666666667
354.0391972	0.563541666666667
354.0555174	0.563541666666667
354.0718019	0.563541666666667
354.0883632	0.563541666666667
354.1056149	0.563541666666667
354.121851599999	0.563541666666667
354.1391693	0.563541666666667
354.1551972	0.563541666666667
354.1721179	0.563541666666667
354.1892478	0.563541666666667
354.205716	0.563541666666667
354.2222345	0.563541666666667
354.2387699	0.563541666666667
354.255568399999	0.563541666666667
354.2721651	0.563541666666667
354.2888797	0.563541666666667
354.305537799999	0.563541666666667
354.3224985	0.563541666666667
354.339017299999	0.563541666666667
354.3557676	0.563541666666667
354.372472	0.563541666666667
354.3888132	0.563541666666667
354.4053614	0.563541666666667
354.4221066	0.563541666666667
354.4392988	0.563541666666667
354.4557142	0.563541666666667
354.4721844	0.563541666666667
354.4890206	0.563541666666667
354.505731799999	0.563541666666667
354.522154299999	0.563541666666667
354.5390266	0.563541666666667
354.5556132	0.563541666666667
354.5722796	0.563541666666667
354.5886396	0.563541666666667
354.6055626	0.563541666666667
354.6220938	0.563541666666667
354.6393394	0.563541666666667
354.655764799999	0.563541666666667
354.6721723	0.563541666666667
354.6887087	0.563541666666667
354.7052922	0.563541666666667
354.7221211	0.563541666666667
354.7388856	0.563541666666667
354.7555121	0.563541666666667
354.772205799999	0.563541666666667
354.789462499999	0.563541666666667
354.8055611	0.563541666666667
354.821910499999	0.563541666666667
354.8391022	0.563541666666667
354.855676199999	0.563541666666667
354.8720652	0.563541666666667
354.8885502	0.563541666666667
354.9054288	0.563541666666667
354.9221207	0.563541666666667
354.9390762	0.563541666666667
354.955573199999	0.563541666666667
354.9721589	0.563541666666667
354.9889572	0.563541666666667
355.0054826	0.563541666666667
355.0220786	0.563541666666667
355.038322299999	0.563541666666667
355.055341299999	0.563541666666667
355.0722518	0.563541666666667
355.0884916	0.563541666666667
355.1056274	0.563541666666667
355.1221663	0.563541666666667
355.1385481	0.563541666666667
355.1554565	0.563541666666667
355.1723	0.563541666666667
355.1888018	0.563541666666667
355.205660499999	0.563541666666667
355.2220789	0.563541666666667
355.2395336	0.563541666666667
355.255071999999	0.563541666666667
355.2719217	0.563541666666667
355.289266599999	0.563541666666667
355.3058028	0.563541666666667
355.321868	0.563541666666667
355.3391741	0.563541666666667
355.3557926	0.563541666666667
355.3720919	0.563541666666667
355.3888277	0.563541666666667
355.4053665	0.563541666666667
355.421939599999	0.563541666666667
355.4386591	0.563541666666667
355.4556065	0.563541666666667
355.4719134	0.563541666666667
355.4891076	0.563541666666667
355.5056253	0.563541666666667
355.521907299999	0.563541666666667
355.5390723	0.563541666666667
355.555208499999	0.563541666666667
355.5716688	0.563541666666667
355.5887164	0.563541666666667
355.605800899999	0.563541666666667
355.621712199999	0.563541666666667
355.6390706	0.563541666666667
355.655301499999	0.563541666666667
355.6718449	0.563541666666667
355.689256499999	0.563541666666667
355.7056965	0.563541666666667
355.7218952	0.563541666666667
355.738783599999	0.563541666666667
355.7558862	0.563541666666667
355.771722399999	0.563541666666667
355.788882599999	0.563541666666667
355.8052255	0.563541666666667
355.8216986	0.563541666666667
355.8392242	0.563541666666667
355.855805	0.563541666666667
355.8719718	0.563541666666667
355.8885338	0.563541666666667
355.905589	0.563541666666667
355.9216747	0.563541666666667
355.9392612	0.563541666666667
355.9555877	0.563541666666667
355.9721859	0.563541666666667
355.9891326	0.563541666666667
356.0056013	0.563541666666667
356.0218061	0.563541666666667
356.0390072	0.563541666666667
356.0555536	0.563541666666667
356.0716319	0.563541666666667
356.0887925	0.563541666666667
356.105167	0.563541666666667
356.1218297	0.563541666666667
356.1390851	0.563541666666667
356.155407799999	0.563541666666667
356.171942099999	0.563541666666667
356.1891722	0.563541666666667
356.2054776	0.563541666666667
356.2220473	0.563541666666667
356.2386049	0.563541666666667
356.2555735	0.563541666666667
356.2718261	0.563541666666667
356.2886315	0.563541666666667
356.3051854	0.563541666666667
356.3223821	0.563541666666667
356.3390364	0.563541666666667
356.3551787	0.563541666666667
356.3716776	0.563541666666667
356.3885882	0.563541666666667
356.4053921	0.563541666666667
356.4220587	0.563541666666667
356.438827099999	0.563541666666667
356.4553851	0.563541666666667
356.471884999999	0.563541666666667
356.4886323	0.563541666666667
356.5053911	0.563541666666667
356.5219157	0.563541666666667
356.538948299999	0.563541666666667
356.5554431	0.563541666666667
356.5719512	0.563541666666667
356.5889113	0.563541666666667
356.6055542	0.563541666666667
356.6217088	0.563541666666667
356.6388161	0.563541666666667
356.6554276	0.563541666666667
356.6719606	0.563541666666667
356.6891039	0.563541666666667
356.705477399999	0.563541666666667
356.7221098	0.563541666666667
356.7383617	0.563541666666667
356.7552134	0.563541666666667
356.7715261	0.563541666666667
356.788941599999	0.563541666666667
356.805581399999	0.563541666666667
356.821833099999	0.563541666666667
356.8389324	0.563541666666667
356.8559869	0.563541666666667
356.8718298	0.563541666666667
356.8890182	0.563541666666667
356.905307	0.563541666666667
356.921910699999	0.563541666666667
356.9389259	0.563541666666667
356.9555948	0.563541666666667
356.9716988	0.563541666666667
356.988595599999	0.563541666666667
357.0056745	0.563541666666667
357.0217345	0.563541666666667
357.0385265	0.563541666666667
357.0555909	0.563541666666667
357.0716373	0.563541666666667
357.0888017	0.563541666666667
357.1057303	0.563541666666667
357.121841199999	0.563541666666667
357.1392181	0.563541666666667
357.1556441	0.563541666666667
357.1718901	0.563541666666667
357.1890146	0.563541666666667
357.2059033	0.563541666666667
357.221770199999	0.563541666666667
357.238886	0.563541666666667
357.2556098	0.563541666666667
357.2716854	0.563541666666667
357.2885354	0.563541666666667
357.3056462	0.563541666666667
357.3220617	0.563541666666667
357.3386461	0.563541666666667
357.3555745	0.563541666666667
357.372147	0.563541666666667
357.3887818	0.563541666666667
357.405603199999	0.563541666666667
357.421736899999	0.563541666666667
357.4389737	0.563541666666667
357.4555553	0.563541666666667
357.471923799999	0.563541666666667
357.4885983	0.563541666666667
357.505297499999	0.563541666666667
357.5216509	0.563541666666667
357.5389771	0.563541666666667
357.5554564	0.563541666666667
357.571711399999	0.563541666666667
357.5888112	0.563541666666667
357.605316	0.563541666666667
357.6222237	0.563541666666667
357.638497599999	0.563541666666667
357.6557997	0.563541666666667
357.671747299999	0.563541666666667
357.6890318	0.563541666666667
357.7051452	0.563541666666667
357.7220178	0.563541666666667
357.7386095	0.563541666666667
357.7555943	0.563541666666667
357.7720826	0.563541666666667
357.7889313	0.563541666666667
357.8056664	0.563541666666667
357.8220267	0.563541666666667
357.838912199999	0.563541666666667
357.8555219	0.563541666666667
357.8718333	0.563541666666667
357.8885545	0.563541666666667
357.9058535	0.563541666666667
357.9220439	0.563541666666667
357.9390723	0.563541666666667
357.9555059	0.563541666666667
357.9718145	0.563541666666667
357.9887623	0.563541666666667
358.0057796	0.563541666666667
358.0218779	0.563541666666667
358.0390342	0.563541666666667
358.0554834	0.563541666666667
358.0718642	0.563541666666667
358.0887109	0.563541666666667
358.1055503	0.563541666666667
358.1217511	0.563541666666667
358.1386846	0.563541666666667
358.1553576	0.563541666666667
358.171979	0.563541666666667
358.1890644	0.563541666666667
358.2053423	0.563541666666667
358.2221518	0.563541666666667
358.2389873	0.563541666666667
358.255609599999	0.563541666666667
358.2717266	0.563541666666667
358.2888749	0.563541666666667
358.305444499999	0.563541666666667
358.3218528	0.563541666666667
358.3391249	0.563541666666667
358.3555538	0.563541666666667
358.3718935	0.563541666666667
358.3890065	0.563541666666667
358.4052521	0.563541666666667
358.4219471	0.563541666666667
358.4389871	0.563541666666667
358.455425	0.563541666666667
358.4719396	0.563541666666667
358.489005299999	0.563541666666667
358.5054649	0.563541666666667
358.5221792	0.563541666666667
358.5387648	0.563541666666667
358.5556426	0.563541666666667
358.5719918	0.563541666666667
358.588738899999	0.563541666666667
358.6053879	0.563541666666667
358.622008	0.563541666666667
358.639005699999	0.563541666666667
358.655443499999	0.563541666666667
358.6721754	0.563541666666667
358.6885839	0.563541666666667
358.7051292	0.563541666666667
358.7220096	0.563541666666667
358.7388308	0.563541666666667
358.7554475	0.563541666666667
358.7718335	0.563541666666667
358.788861	0.563541666666667
358.805333	0.563541666666667
358.8217924	0.563541666666667
358.8386412	0.563541666666667
358.8554288	0.563541666666667
358.8719244	0.563541666666667
358.8885797	0.563541666666667
358.905509199999	0.563541666666667
358.9222562	0.563541666666667
358.9389877	0.563541666666667
358.955422699999	0.563541666666667
358.972225	0.563541666666667
358.9888571	0.563541666666667
359.0056591	0.563541666666667
359.0218654	0.563541666666667
359.03912	0.563541666666667
359.0555548	0.563541666666667
359.0721582	0.563541666666667
359.088884499999	0.563541666666667
359.1056314	0.563541666666667
359.1220214	0.563541666666667
359.138502599999	0.563541666666667
359.155440999999	0.563541666666667
359.171931599999	0.563541666666667
359.1891294	0.563541666666667
359.2054059	0.563541666666667
359.222065599999	0.563541666666667
359.239004	0.563541666666667
359.255321499999	0.563541666666667
359.2717744	0.563541666666667
359.289411	0.563541666666667
359.3055045	0.563541666666667
359.3219433	0.563541666666667
359.3384818	0.563541666666667
359.3549757	0.563541666666667
359.3716825	0.563541666666667
359.3890498	0.563541666666667
359.4053509	0.563541666666667
359.4221439	0.563541666666667
359.438653	0.563541666666667
359.4553245	0.563541666666667
359.4720518	0.563541666666667
359.488939599999	0.563541666666667
359.5051271	0.563541666666667
359.522130299999	0.563541666666667
359.5386321	0.563541666666667
359.5556234	0.563541666666667
359.572014299999	0.563541666666667
359.588914599999	0.563541666666667
359.60545	0.563541666666667
359.622048	0.563541666666667
359.6390937	0.563541666666667
359.6553831	0.563541666666667
359.6720292	0.563541666666667
359.6888208	0.563541666666667
359.7053755	0.563541666666667
359.7219374	0.563541666666667
359.7387825	0.563541666666667
359.7553181	0.563541666666667
359.771631999999	0.563541666666667
359.7885176	0.563541666666667
359.8054731	0.563541666666667
359.8220271	0.563541666666667
359.838790599999	0.563541666666667
359.855631899999	0.563541666666667
359.8720515	0.563541666666667
359.8889941	0.563541666666667
359.9053541	0.563541666666667
359.9219632	0.563541666666667
359.9389359	0.563541666666667
359.955481699999	0.563541666666667
359.971927399999	0.563541666666667
359.9886027	0.563541666666667
360.005437599999	0.563541666666667
360.0221203	0.563541666666667
360.0388931	0.563541666666667
360.055596199999	0.563541666666667
360.0721007	0.563541666666667
360.088914099999	0.563541666666667
360.105338299999	0.563541666666667
360.121555	0.563541666666667
360.1384181	0.563541666666667
360.1553301	0.563541666666667
360.1720501	0.563541666666667
360.1893229	0.563541666666667
360.2052442	0.563541666666667
360.2220157	0.563541666666667
360.238634899999	0.563541666666667
360.2553892	0.563541666666667
360.272047	0.563541666666667
360.288652199999	0.563541666666667
360.3060429	0.563541666666667
360.3219348	0.563541666666667
360.338505499999	0.563541666666667
360.3556171	0.563541666666667
360.3720041	0.563541666666667
360.3884029	0.563541666666667
360.4053688	0.563541666666667
360.422013899999	0.563541666666667
360.439058699999	0.563541666666667
360.455246399999	0.563541666666667
360.4716397	0.563541666666667
360.4889898	0.563541666666667
360.50543	0.563541666666667
360.5218275	0.563541666666667
360.5388817	0.563541666666667
360.5553794	0.563541666666667
360.5714944	0.563541666666667
360.588964	0.563541666666667
360.6053159	0.563541666666667
360.6217414	0.563541666666667
360.6389216	0.563541666666667
360.655282	0.563541666666667
360.672077799999	0.563541666666667
360.6885374	0.563541666666667
360.7052125	0.563541666666667
360.7222968	0.563541666666667
360.738552599999	0.563541666666667
360.7554015	0.563541666666667
360.771966199999	0.563541666666667
360.7886545	0.563541666666667
360.8053679	0.563541666666667
360.8215798	0.563541666666667
360.838328599999	0.563541666666667
360.8550251	0.563541666666667
360.8714451	0.563541666666667
360.888634699999	0.563541666666667
360.9054161	0.563541666666667
360.922042	0.563541666666667
360.9392268	0.563541666666667
360.955575099999	0.563541666666667
360.9719571	0.563541666666667
360.988768	0.563541666666667
361.0053383	0.563541666666667
361.0220343	0.563541666666667
361.0389221	0.563541666666667
361.0551556	0.563541666666667
361.071966399999	0.563541666666667
361.0882196	0.563541666666667
361.1051746	0.563541666666667
361.1217983	0.563541666666667
361.1388206	0.563541666666667
361.1553147	0.563541666666667
361.1719926	0.563541666666667
361.1883925	0.563541666666667
361.205338	0.563541666666667
361.2223324	0.563541666666667
361.239005299999	0.563541666666667
361.255066499999	0.563541666666667
361.2722103	0.563541666666667
361.288657	0.563541666666667
361.3081095	0.563541666666667
361.3220848	0.563541666666667
361.338545399999	0.563541666666667
361.3550436	0.563541666666667
361.3719242	0.563541666666667
361.3889441	0.563541666666667
361.405365399999	0.563541666666667
361.4222963	0.563541666666667
361.438946899999	0.563541666666667
361.455372899999	0.563541666666667
361.471747399999	0.563541666666667
361.488515099999	0.563541666666667
361.5053992	0.563541666666667
361.5217584	0.563541666666667
361.5386481	0.563541666666667
361.5550214	0.563541666666667
361.5719926	0.563541666666667
361.5887373	0.563541666666667
361.605112799999	0.563541666666667
361.622033	0.563541666666667
361.6388821	0.563541666666667
361.655300999999	0.563541666666667
361.671838	0.563541666666667
361.688864499999	0.563541666666667
361.7056466	0.563541666666667
361.7219616	0.563541666666667
361.7387984	0.563541666666667
361.7553932	0.563541666666667
361.7720441	0.563541666666667
361.7888559	0.563541666666667
361.805065	0.563541666666667
361.8219985	0.563541666666667
361.838898	0.563541666666667
361.855114699999	0.563541666666667
361.8720288	0.563541666666667
361.8887678	0.563541666666667
361.905298	0.563541666666667
361.9220463	0.563541666666667
361.938599	0.563541666666667
361.9553353	0.563541666666667
361.9719783	0.563541666666667
361.9884943	0.563541666666667
362.0052854	0.563541666666667
362.0219084	0.563541666666667
362.0382969	0.563541666666667
362.054885999999	0.563541666666667
362.072058	0.563541666666667
362.088627799999	0.563541666666667
362.1053169	0.563541666666667
362.1216699	0.563541666666667
362.1380272	0.563541666666667
362.1555443	0.563541666666667
362.1718666	0.563541666666667
362.188742299999	0.563541666666667
362.2055858	0.563541666666667
362.2220665	0.563541666666667
362.238430299999	0.563541666666667
362.2556175	0.563541666666667
362.2719907	0.563541666666667
362.288836499999	0.563541666666667
362.305027899999	0.563541666666667
362.322375	0.563541666666667
362.3386752	0.563541666666667
362.355133099999	0.563541666666667
362.3718524	0.563541666666667
362.388774099999	0.563541666666667
362.405411499999	0.563541666666667
362.4220049	0.563541666666667
362.4386515	0.563541666666667
362.4553389	0.563541666666667
362.4721049	0.563541666666667
362.4886529	0.563541666666667
362.505359	0.563541666666667
362.5220057	0.563541666666667
362.538537299999	0.563541666666667
362.555049399999	0.563541666666667
362.5720097	0.563541666666667
362.5887091	0.563541666666667
362.6056377	0.563541666666667
362.6217597	0.563541666666667
362.6388864	0.563541666666667
362.655566899999	0.563541666666667
362.6719794	0.563541666666667
362.6887655	0.563541666666667
362.7053413	0.563541666666667
362.7217328	0.563541666666667
362.7386974	0.563541666666667
362.7552817	0.563541666666667
362.7719532	0.563541666666667
362.7884522	0.563541666666667
362.8053321	0.563541666666667
362.8220299	0.563541666666667
362.838652899999	0.563541666666667
362.855285	0.563541666666667
362.871958499999	0.563541666666667
362.8888064	0.563541666666667
362.905118	0.563541666666667
362.922098699999	0.563541666666667
362.9388345	0.563541666666667
362.955513599999	0.563541666666667
362.9719994	0.563541666666667
362.9884493	0.563541666666667
363.005279	0.563541666666667
363.021653599999	0.563541666666667
363.0388974	0.563541666666667
363.0553123	0.563541666666667
363.0723128	0.563541666666667
363.0886625	0.563541666666667
363.1053077	0.563541666666667
363.1223752	0.563541666666667
363.1389451	0.563541666666667
363.155342	0.563541666666667
363.1720185	0.563541666666667
363.1886493	0.563541666666667
363.2051908	0.563541666666667
363.2220056	0.563541666666667
363.2386326	0.563541666666667
363.254836	0.563541666666667
363.271571799999	0.563541666666667
363.2885487	0.563541666666667
363.3053948	0.563541666666667
363.3219986	0.563541666666667
363.3388574	0.563541666666667
363.3553482	0.563541666666667
363.3720886	0.563541666666667
363.388593499999	0.563541666666667
363.4053929	0.563541666666667
363.4220265	0.563541666666667
363.4385781	0.563541666666667
363.4554306	0.563541666666667
363.4715664	0.563541666666667
363.4886093	0.563541666666667
363.5053063	0.563541666666667
363.521843399999	0.563541666666667
363.5384368	0.563541666666667
363.5552586	0.563541666666667
363.571888399999	0.563541666666667
363.5883091	0.563541666666667
363.6051353	0.563541666666667
363.621639699999	0.563541666666667
363.639027	0.563541666666667
363.6552247	0.563541666666667
363.6716162	0.563541666666667
363.6886442	0.563541666666667
363.705222999999	0.563541666666667
363.7219339	0.563541666666667
363.7386618	0.563541666666667
363.7555003	0.563541666666667
363.7715879	0.563541666666667
363.7888871	0.563541666666667
363.8053387	0.563541666666667
363.822028	0.563541666666667
363.8386323	0.563541666666667
363.8547359	0.563541666666667
363.8720195	0.563541666666667
363.8888776	0.563541666666667
363.9055586	0.563541666666667
363.9215638	0.563541666666667
363.9385667	0.563541666666667
363.9554904	0.563541666666667
363.971884399999	0.563541666666667
363.9890528	0.563541666666667
364.0051115	0.563541666666667
364.021816399999	0.563541666666667
364.0388405	0.563541666666667
364.054721	0.563541666666667
364.0717915	0.563541666666667
364.0886686	0.563541666666667
364.105382499999	0.563541666666667
364.1219538	0.563541666666667
364.139013099999	0.563541666666667
364.1553222	0.563541666666667
364.1720757	0.563541666666667
364.188643	0.563541666666667
364.2047343	0.563541666666667
364.2219972	0.563541666666667
364.2387925	0.563541666666667
364.255231799999	0.563541666666667
364.2719323	0.563541666666667
364.2888229	0.563541666666667
364.305231	0.563541666666667
364.3218952	0.563541666666667
364.3384427	0.563541666666667
364.3549369	0.563541666666667
364.371564099999	0.563541666666667
364.388603899999	0.563541666666667
364.4052212	0.563541666666667
364.4221444	0.563541666666667
364.4388108	0.563541666666667
364.455089099999	0.563541666666667
364.4720776	0.563541666666667
364.4888332	0.563541666666667
364.5052154	0.563541666666667
364.521923899999	0.563541666666667
364.5388495	0.563541666666667
364.555393499999	0.563541666666667
364.5718216	0.563541666666667
364.588404	0.563541666666667
364.6048916	0.563541666666667
364.6215427	0.563541666666667
364.6387177	0.563541666666667
364.6548184	0.563541666666667
364.6718703	0.563541666666667
364.688689	0.563541666666667
364.7047883	0.563541666666667
364.7221846	0.563541666666667
364.7384304	0.563541666666667
364.7554367	0.563541666666667
364.7719264	0.563541666666667
364.7886022	0.563541666666667
364.8051319	0.563541666666667
364.8215613	0.563541666666667
364.8388143	0.563541666666667
364.8551323	0.563541666666667
364.871968999999	0.563541666666667
364.88821	0.563541666666667
364.905382699999	0.563541666666667
364.9216433	0.563541666666667
364.9388724	0.563541666666667
364.9558624	0.563541666666667
364.9714302	0.563541666666667
364.9885658	0.563541666666667
365.0046261	0.563541666666667
365.0218251	0.563541666666667
365.0384478	0.563541666666667
365.054753299999	0.563541666666667
365.0720497	0.563541666666667
365.0882833	0.563541666666667
365.1046044	0.563541666666667
365.121645	0.563541666666667
365.1385995	0.563541666666667
365.154977799999	0.563541666666667
365.1719458	0.563541666666667
365.1885963	0.563541666666667
365.2049028	0.563541666666667
365.221777499999	0.563541666666667
365.2386296	0.563541666666667
365.2551977	0.563541666666667
365.2720556	0.563541666666667
365.288468	0.563541666666667
365.305271799999	0.563541666666667
365.3216207	0.563541666666667
365.338525199999	0.563541666666667
365.3549825	0.563541666666667
365.3718969	0.563541666666667
365.3884855	0.563541666666667
365.404628199999	0.563541666666667
365.4218684	0.563541666666667
365.438618199999	0.563541666666667
365.4552465	0.563541666666667
365.4718631	0.563541666666667
365.488721	0.563541666666667
365.5047463	0.563541666666667
365.5214609	0.563541666666667
365.538671	0.563541666666667
365.5545364	0.563541666666667
365.571928299999	0.563541666666667
365.5884616	0.563541666666667
365.6050042	0.563541666666667
365.6219472	0.563541666666667
365.63892	0.563541666666667
365.6552302	0.563541666666667
365.6718556	0.563541666666667
365.6885044	0.563541666666667
365.7051281	0.563541666666667
365.7215182	0.563541666666667
365.7387173	0.563541666666667
365.755185699999	0.563541666666667
365.7713391	0.563541666666667
365.788676199999	0.563541666666667
365.8046104	0.563541666666667
365.821970099999	0.563541666666667
365.8383726	0.563541666666667
365.854661	0.563541666666667
365.872085099999	0.563541666666667
365.8888041	0.563541666666667
365.9046803	0.563541666666667
365.9217905	0.563541666666667
365.9382968	0.563541666666667
365.9547409	0.563541666666667
365.972122799999	0.563541666666667
365.9882345	0.563541666666667
366.0046213	0.563541666666667
366.0215425	0.563541666666667
366.038714	0.563541666666667
366.0549639	0.563541666666667
366.0720023	0.563541666666667
366.0886412	0.563541666666667
366.1047837	0.563541666666667
366.1219463	0.563541666666667
366.1385194	0.563541666666667
366.154693399999	0.563541666666667
366.1718907	0.563541666666667
366.1888533	0.563541666666667
366.2048226	0.563541666666667
366.2219549	0.563541666666667
366.2386806	0.563541666666667
366.2550153	0.563541666666667
366.2718949	0.563541666666667
366.2884571	0.563541666666667
366.3047403	0.563541666666667
366.3218327	0.563541666666667
366.3387349	0.563541666666667
366.3546971	0.563541666666667
366.371908099999	0.563541666666667
366.388195	0.563541666666667
366.404827299999	0.563541666666667
366.421789699999	0.563541666666667
366.4388505	0.563541666666667
366.4544605	0.563541666666667
366.4718981	0.563541666666667
366.4882862	0.563541666666667
366.5050142	0.563541666666667
366.5216938	0.563541666666667
366.5385124	0.563541666666667
366.5546456	0.563541666666667
366.571635899999	0.563541666666667
366.5886024	0.563541666666667
366.6046067	0.563541666666667
366.6219262	0.563541666666667
366.6382725	0.563541666666667
366.6547621	0.563541666666667
366.6714486	0.563541666666667
366.6882667	0.563541666666667
366.7046076	0.563541666666667
366.7215616	0.563541666666667
366.7384096	0.563541666666667
366.7555768	0.563541666666667
366.7718715	0.563541666666667
366.7885247	0.563541666666667
366.8051641	0.563541666666667
366.821837999999	0.563541666666667
366.8383829	0.563541666666667
366.8549243	0.563541666666667
366.871618799999	0.563541666666667
366.8884945	0.563541666666667
366.9050722	0.563541666666667
366.9215994	0.563541666666667
366.938575199999	0.563541666666667
366.9545538	0.563541666666667
366.9717475	0.563541666666667
366.9881862	0.563541666666667
367.0050766	0.563541666666667
367.0218439	0.563541666666667
367.0383892	0.563541666666667
367.0547161	0.563541666666667
367.0721055	0.563541666666667
367.0883325	0.563541666666667
367.10527	0.563541666666667
367.1218053	0.563541666666667
367.1385292	0.563541666666667
367.1551968	0.563541666666667
367.171752199999	0.563541666666667
367.188512499999	0.563541666666667
367.2049789	0.563541666666667
367.221605	0.563541666666667
367.2385158	0.563541666666667
367.254839199999	0.563541666666667
367.271797	0.563541666666667
367.2885295	0.563541666666667
367.3046663	0.563541666666667
367.3217694	0.563541666666667
367.3384308	0.563541666666667
367.3551004	0.563541666666667
367.3717889	0.563541666666667
367.3883513	0.563541666666667
367.405134399999	0.563541666666667
367.421609099999	0.563541666666667
367.4385527	0.563541666666667
367.4548365	0.563541666666667
367.471278099999	0.563541666666667
367.4882321	0.563541666666667
367.5046091	0.563541666666667
367.5217865	0.563541666666667
367.5383572	0.563541666666667
367.5551157	0.563541666666667
367.571494599999	0.563541666666667
367.5885205	0.563541666666667
367.6048476	0.563541666666667
367.6218753	0.563541666666667
367.6381132	0.563541666666667
367.655242599999	0.563541666666667
367.6716056	0.563541666666667
367.6884381	0.563541666666667
367.7051716	0.563541666666667
367.721313099999	0.563541666666667
367.7382037	0.563541666666667
367.7548076	0.563541666666667
367.771420699999	0.563541666666667
367.788641799999	0.563541666666667
367.8053424	0.563541666666667
367.8216357	0.563541666666667
367.838670099999	0.563541666666667
367.8550644	0.563541666666667
367.8716367	0.563541666666667
367.888578099999	0.563541666666667
367.905050299999	0.563541666666667
367.921515099999	0.563541666666667
367.9384974	0.563541666666667
367.9550876	0.563541666666667
367.971600599999	0.563541666666667
367.9884083	0.563541666666667
368.0051492	0.563541666666667
368.0215354	0.563541666666667
368.0384054	0.563541666666667
368.0551448	0.563541666666667
368.0713013	0.563541666666667
368.088381	0.563541666666667
368.10532	0.563541666666667
368.122559	0.563541666666667
368.1382639	0.563541666666667
368.1546778	0.563541666666667
368.1715848	0.563541666666667
368.1883665	0.563541666666667
368.205095	0.563541666666667
368.2215819	0.563541666666667
368.23848	0.563541666666667
368.2550482	0.563541666666667
368.2715955	0.563541666666667
368.2882026	0.563541666666667
368.3047827	0.563541666666667
368.3215949	0.563541666666667
368.3382815	0.563541666666667
368.355262699999	0.563541666666667
368.3717956	0.563541666666667
368.3887099	0.563541666666667
368.404521	0.563541666666667
368.4216882	0.563541666666667
368.4383684	0.563541666666667
368.4548893	0.563541666666667
368.4717897	0.563541666666667
368.4881144	0.563541666666667
368.5051436	0.563541666666667
368.5215992	0.563541666666667
368.538392	0.563541666666667
368.5544328	0.563541666666667
368.5717758	0.563541666666667
368.5886686	0.563541666666667
368.6049386	0.563541666666667
368.621325099999	0.563541666666667
368.6383536	0.563541666666667
368.6549077	0.563541666666667
368.6714929	0.563541666666667
368.6883677	0.563541666666667
368.7052023	0.563541666666667
368.7217709	0.563541666666667
368.7382636	0.563541666666667
368.7546271	0.563541666666667
368.771773999999	0.563541666666667
368.788614	0.563541666666667
368.804892199999	0.563541666666667
368.8218504	0.563541666666667
368.8382025	0.563541666666667
368.8544679	0.563541666666667
368.871696	0.563541666666667
368.8885552	0.563541666666667
368.905127699999	0.563541666666667
368.921423	0.563541666666667
368.938263099999	0.563541666666667
368.9551651	0.563541666666667
368.9717537	0.563541666666667
368.9883682	0.563541666666667
369.0049659	0.563541666666667
369.0214688	0.563541666666667
369.0386054	0.563541666666667
369.0552434	0.563541666666667
369.0715159	0.563541666666667
369.0886546	0.563541666666667
369.1049511	0.563541666666667
369.1216763	0.563541666666667
369.1383012	0.563541666666667
369.1551789	0.563541666666667
369.171764499999	0.563541666666667
369.1882651	0.563541666666667
369.204592	0.563541666666667
369.221432899999	0.563541666666667
369.2385903	0.563541666666667
369.2548824	0.563541666666667
369.2717802	0.563541666666667
369.2881126	0.563541666666667
369.3049881	0.563541666666667
369.321729	0.563541666666667
369.3384934	0.563541666666667
369.3547569	0.563541666666667
369.371210899999	0.563541666666667
369.388186199999	0.563541666666667
369.4045411	0.563541666666667
369.4217365	0.563541666666667
369.438343599999	0.563541666666667
369.4547023	0.563541666666667
369.4715899	0.563541666666667
369.488346099999	0.563541666666667
369.505296299999	0.563541666666667
369.5216707	0.563541666666667
369.538654099999	0.563541666666667
369.555161799999	0.563541666666667
369.5713321	0.563541666666667
369.5880674	0.563541666666667
369.6044299	0.563541666666667
369.6216682	0.563541666666667
369.6384785	0.563541666666667
369.6544352	0.563541666666667
369.671746099999	0.563541666666667
369.688465799999	0.563541666666667
369.704614899999	0.563541666666667
369.7216308	0.563541666666667
369.738397199999	0.563541666666667
369.7550992	0.563541666666667
369.7717645	0.563541666666667
369.7884092	0.563541666666667
369.8048727	0.563541666666667
369.8217229	0.563541666666667
369.8380237	0.563541666666667
369.854968499999	0.563541666666667
369.871492799999	0.563541666666667
369.8885386	0.563541666666667
369.9050172	0.563541666666667
369.9216176	0.563541666666667
369.9384252	0.563541666666667
369.9544153	0.563541666666667
369.971776299999	0.563541666666667
369.9881132	0.563541666666667
370.0051119	0.563541666666667
370.0216789	0.563541666666667
370.038498599999	0.563541666666667
370.0550422	0.563541666666667
370.0715696	0.563541666666667
370.08852	0.563541666666667
370.1051081	0.563541666666667
370.1216173	0.563541666666667
370.1383806	0.563541666666667
370.1550787	0.563541666666667
370.1715543	0.563541666666667
370.188070199999	0.563541666666667
370.2044706	0.563541666666667
370.2218896	0.563541666666667
370.2381464	0.563541666666667
370.2550842	0.563541666666667
370.2716865	0.563541666666667
370.288429799999	0.563541666666667
370.304849199999	0.563541666666667
370.3215213	0.563541666666667
370.3384032	0.563541666666667
370.3547824	0.563541666666667
370.3715416	0.563541666666667
370.3882546	0.563541666666667
370.4050447	0.563541666666667
370.421383599999	0.563541666666667
370.4385884	0.563541666666667
370.454447699999	0.563541666666667
370.4719552	0.563541666666667
370.4880594	0.563541666666667
370.5046556	0.563541666666667
370.5218138	0.563541666666667
370.5384407	0.563541666666667
370.5549979	0.563541666666667
370.5715643	0.563541666666667
370.588273299999	0.563541666666667
370.6053619	0.563541666666667
370.6214263	0.563541666666667
370.6385919	0.563541666666667
370.6545836	0.563541666666667
370.6716809	0.563541666666667
370.688368199999	0.563541666666667
370.7050579	0.563541666666667
370.721726499999	0.563541666666667
370.7379839	0.563541666666667
370.7544756	0.563541666666667
370.771870999999	0.563541666666667
370.788353599999	0.563541666666667
370.8046467	0.563541666666667
370.821596	0.563541666666667
370.838384	0.563541666666667
370.855024399999	0.563541666666667
370.8715061	0.563541666666667
370.8884432	0.563541666666667
370.904450699999	0.563541666666667
370.9215672	0.563541666666667
370.9384493	0.563541666666667
370.955244	0.563541666666667
370.971346	0.563541666666667
370.9883556	0.563541666666667
371.0048735	0.563541666666667
371.021526399999	0.563541666666667
371.0384473	0.563541666666667
371.0548204	0.563541666666667
371.0714955	0.563541666666667
371.0881432	0.563541666666667
371.1050406	0.563541666666667
371.121483599999	0.563541666666667
371.1384433	0.563541666666667
371.1553499	0.563541666666667
371.1715582	0.563541666666667
371.188311599999	0.563541666666667
371.2050441	0.563541666666667
371.2215531	0.563541666666667
371.2385117	0.563541666666667
371.2549816	0.563541666666667
371.2716472	0.563541666666667
371.288384999999	0.563541666666667
371.30507	0.563541666666667
371.3214481	0.563541666666667
371.3385142	0.563541666666667
371.3550859	0.563541666666667
371.3715307	0.563541666666667
371.388382	0.563541666666667
371.4050875	0.563541666666667
371.4212439	0.563541666666667
371.4386885	0.563541666666667
371.4549477	0.563541666666667
371.4715855	0.563541666666667
371.4882396	0.563541666666667
371.5046115	0.563541666666667
371.521490099999	0.563541666666667
371.538278699999	0.563541666666667
371.554927	0.563541666666667
371.571245199999	0.563541666666667
371.5883916	0.563541666666667
371.6049645	0.563541666666667
371.6217236	0.563541666666667
371.6382706	0.563541666666667
371.654999899999	0.563541666666667
371.6717844	0.563541666666667
371.6883987	0.563541666666667
371.7050548	0.563541666666667
371.7217268	0.563541666666667
371.7384787	0.563541666666667
371.7546022	0.563541666666667
371.7717954	0.563541666666667
371.788268	0.563541666666667
371.8055106	0.571875
371.8214321	0.571875
371.8379953	0.580208333333333
371.8551076	0.580208333333333
371.8720459	0.580208333333333
371.888318299999	0.580208333333333
371.9050106	0.580208333333333
371.9214974	0.580208333333333
371.9382326	0.580208333333333
371.954807699999	0.580208333333333
371.971542799999	0.580208333333333
371.9882452	0.580208333333333
372.0052556	0.580208333333333
372.0215138	0.580208333333333
372.0384187	0.580208333333333
372.0550234	0.580208333333333
372.0714592	0.580208333333333
372.088074	0.580208333333333
372.1051385	0.580208333333333
372.121776099999	0.580208333333333
372.1379026	0.580208333333333
372.1549045	0.580208333333333
372.171747	0.580208333333333
372.1878952	0.580208333333333
372.2050607	0.580208333333333
372.2214167	0.580208333333333
372.2379668	0.580208333333333
372.2552001	0.580208333333333
372.2723632	0.580208333333333
372.2880701	0.580208333333333
372.304992299999	0.580208333333333
372.3217562	0.580208333333333
372.3380228	0.580208333333333
372.3547414	0.580208333333333
372.371613	0.580208333333333
372.3881746	0.580208333333333
372.4048786	0.580208333333333
372.421186999999	0.580208333333333
372.4381585	0.580208333333333
372.454927	0.580208333333333
372.4710554	0.580208333333333
372.4883033	0.580208333333333
372.5050483	0.580208333333333
372.5217937	0.580208333333333
372.5380303	0.580208333333333
372.5550418	0.580208333333333
372.5716227	0.580208333333333
372.588215599999	0.580208333333333
372.6044277	0.580208333333333
372.6213551	0.580208333333333
372.6384329	0.580208333333333
372.6547802	0.580208333333333
372.6714441	0.580208333333333
372.6882948	0.580208333333333
372.7048399	0.580208333333333
372.7219064	0.580208333333333
372.738481	0.580208333333333
372.755017	0.580208333333333
372.7715714	0.580208333333333
372.787706799999	0.580208333333333
372.8050045	0.580208333333333
372.8216619	0.580208333333333
372.8384225	0.580208333333333
372.854515099999	0.580208333333333
372.8713402	0.580208333333333
372.888233	0.580208333333333
372.9052294	0.580208333333333
372.9217881	0.580208333333333
372.938493499999	0.580208333333333
372.9550124	0.580208333333333
372.9715727	0.580208333333333
372.988215899999	0.580208333333333
373.0049975	0.580208333333333
373.021375299999	0.580208333333333
373.0384124	0.580208333333333
373.0550153	0.580208333333333
373.0710918	0.580208333333333
373.0883468	0.580208333333333
373.1048785	0.580208333333333
373.121392099999	0.580208333333333
373.1383229	0.580208333333333
373.1549616	0.580208333333333
373.1714947	0.580208333333333
373.1881897	0.580208333333333
373.2051048	0.580208333333333
373.2215364	0.580208333333333
373.2385535	0.580208333333333
373.2551216	0.580208333333333
373.2712736	0.580208333333333
373.288295899999	0.580208333333333
373.3049551	0.580208333333333
373.3215967	0.580208333333333
373.338246299999	0.580208333333333
373.354441	0.580208333333333
373.3715947	0.580208333333333
373.388465	0.580208333333333
373.404953899999	0.580208333333333
373.4214372	0.580208333333333
373.438261299999	0.580208333333333
373.4549729	0.580208333333333
373.471423	0.580208333333333
373.4880474	0.580208333333333
373.504337	0.580208333333333
373.521592699999	0.580208333333333
373.538258999999	0.580208333333333
373.5549228	0.580208333333333
373.5714296	0.580208333333333
373.587819	0.580208333333333
373.604946	0.580208333333333
373.6213596	0.580208333333333
373.6411635	0.580208333333333
373.655056399999	0.580208333333333
373.6714298	0.580208333333333
373.6880225	0.580208333333333
373.7050699	0.580208333333333
373.7216076	0.580208333333333
373.7378005	0.580208333333333
373.754579299999	0.580208333333333
373.7715668	0.580208333333333
373.7878804	0.580208333333333
373.804974	0.580208333333333
373.821608	0.580208333333333
373.837708699999	0.580208333333333
373.8548515	0.580208333333333
373.8716872	0.580208333333333
373.888058	0.580208333333333
373.904992499999	0.580208333333333
373.921183299999	0.580208333333333
373.937895099999	0.580208333333333
373.955001899999	0.580208333333333
373.9715691	0.580208333333333
373.987668599999	0.580208333333333
374.0041688	0.580208333333333
374.0214279	0.580208333333333
374.038099899999	0.580208333333333
374.0545774	0.580208333333333
374.0713817	0.580208333333333
374.088451399999	0.580208333333333
374.1050332	0.580208333333333
374.1215903	0.580208333333333
374.1376442	0.580208333333333
374.1549082	0.580208333333333
374.1713493	0.580208333333333
374.187805399999	0.580208333333333
374.2044645	0.580208333333333
374.2215276	0.580208333333333
374.2381641	0.580208333333333
374.2549852	0.580208333333333
374.271150399999	0.580208333333333
374.288327799999	0.580208333333333
374.3048824	0.580208333333333
374.3213917	0.580208333333333
374.338216799999	0.580208333333333
374.3552113	0.580208333333333
374.3716048	0.580208333333333
374.387973599999	0.580208333333333
374.4050665	0.580208333333333
374.4215936	0.580208333333333
374.4377684	0.580208333333333
374.4550034	0.580208333333333
374.4719983	0.580208333333333
374.4881848	0.580208333333333
374.5048475	0.580208333333333
374.521653599999	0.580208333333333
374.5377579	0.580208333333333
374.5550289	0.580208333333333
374.5716497	0.580208333333333
374.5883281	0.580208333333333
374.604945699999	0.580208333333333
374.6214801	0.580208333333333
374.6378857	0.580208333333333
374.654660199999	0.580208333333333
374.6713515	0.580208333333333
374.687705	0.580208333333333
374.7046694	0.580208333333333
374.721558199999	0.580208333333333
374.737559799999	0.580208333333333
374.7548842	0.580208333333333
374.7715412	0.580208333333333
374.7877353	0.580208333333333
374.8046497	0.580208333333333
374.8212897	0.580208333333333
374.8383592	0.580208333333333
374.854929099999	0.580208333333333
374.8713553	0.580208333333333
374.8883123	0.580208333333333
374.905072	0.580208333333333
374.9214943	0.580208333333333
374.9377017	0.580208333333333
374.955184399999	0.580208333333333
374.971560099999	0.580208333333333
374.988181499999	0.580208333333333
375.0048948	0.580208333333333
375.0214933	0.580208333333333
375.0383869	0.580208333333333
375.0547845	0.580208333333333
375.0719775	0.580208333333333
375.088152899999	0.580208333333333
375.1050343	0.580208333333333
375.1215759	0.580208333333333
375.1378677	0.580208333333333
375.1551593	0.580208333333333
375.1716032	0.580208333333333
375.188173399999	0.580208333333333
375.2048834	0.580208333333333
375.2213895	0.580208333333333
375.2376214	0.580208333333333
375.2549075	0.580208333333333
375.271427499999	0.580208333333333
375.2882568	0.580208333333333
375.3047434	0.580208333333333
375.3214426	0.580208333333333
375.3377918	0.580208333333333
375.3550057	0.580208333333333
375.3714485	0.580208333333333
375.388023399999	0.580208333333333
375.404531199999	0.580208333333333
375.4215242	0.580208333333333
375.4379764	0.580208333333333
375.4549174	0.580208333333333
375.4714387	0.580208333333333
375.4880116	0.580208333333333
375.5049601	0.580208333333333
375.521461899999	0.580208333333333
375.538062499999	0.580208333333333
375.55488	0.580208333333333
375.571704099999	0.580208333333333
375.587668	0.580208333333333
375.6044136	0.580208333333333
375.6213832	0.580208333333333
375.6380951	0.580208333333333
375.6547743	0.580208333333333
375.6716239	0.580208333333333
375.6880163	0.580208333333333
375.7044119	0.580208333333333
375.7215266	0.580208333333333
375.7377212	0.580208333333333
375.7548608	0.580208333333333
375.7711715	0.580208333333333
375.7880319	0.580208333333333
375.8044483	0.580208333333333
375.8215002	0.580208333333333
375.8376036	0.580208333333333
375.854800699999	0.580208333333333
375.8713409	0.580208333333333
375.8877799	0.580208333333333
375.905025699999	0.580208333333333
375.9216237	0.580208333333333
375.9381919	0.580208333333333
375.9547637	0.580208333333333
375.97136	0.580208333333333
375.9876938	0.580208333333333
376.004964499999	0.580208333333333
376.0215219	0.580208333333333
376.037578299999	0.580208333333333
376.0545625	0.580208333333333
376.0715874	0.580208333333333
376.0878385	0.580208333333333
376.1047229	0.580208333333333
376.1212813	0.580208333333333
376.1378023	0.580208333333333
376.1544044	0.580208333333333
376.1714412	0.580208333333333
376.1878356	0.580208333333333
376.204846	0.580208333333333
376.2214284	0.580208333333333
376.2379928	0.580208333333333
376.2547776	0.580208333333333
376.271427499999	0.580208333333333
376.2879325	0.580208333333333
376.3048374	0.580208333333333
376.321441	0.580208333333333
376.3379326	0.580208333333333
376.3548056	0.580208333333333
376.3714091	0.580208333333333
376.3877136	0.580208333333333
376.4046427	0.580208333333333
376.421328299999	0.580208333333333
376.4377811	0.580208333333333
376.4550055	0.580208333333333
376.4714257	0.580208333333333
376.4882047	0.580208333333333
376.5048069	0.580208333333333
376.5212836	0.580208333333333
376.5380241	0.580208333333333
376.5547579	0.580208333333333
376.5710616	0.580208333333333
376.588013999999	0.580208333333333
376.6041166	0.580208333333333
376.6213363	0.580208333333333
376.6379916	0.580208333333333
376.6555481	0.580208333333333
376.6716325	0.580208333333333
376.6881013	0.580208333333333
376.7050432	0.572916666666667
376.7212678	0.572916666666667
376.7377892	0.572916666666667
376.7549047	0.572916666666667
376.7713221	0.572916666666667
376.788238	0.572916666666667
376.8044251	0.572916666666667
376.8216336	0.572916666666667
376.8380482	0.572916666666667
376.854744799999	0.572916666666667
376.8715602	0.572916666666667
376.888554	0.572916666666667
376.904832	0.572916666666667
376.9215216	0.572916666666667
376.9381266	0.572916666666667
376.9549298	0.572916666666667
376.9714822	0.572916666666667
376.987971	0.572916666666667
377.0044237	0.572916666666667
377.0212885	0.572916666666667
377.038078999999	0.572916666666667
377.0546573	0.572916666666667
377.0713087	0.572916666666667
377.0882249	0.572916666666667
377.1048359	0.572916666666667
377.1213281	0.572916666666667
377.1379321	0.572916666666667
377.1551317	0.572916666666667
377.1713791	0.572916666666667
377.1881432	0.572916666666667
377.2047298	0.572916666666667
377.2216337	0.572916666666667
377.2381677	0.572916666666667
377.2547528	0.572916666666667
377.271511699999	0.572916666666667
377.288182199999	0.572916666666667
377.3046129	0.572916666666667
377.3212804	0.572916666666667
377.3381343	0.572916666666667
377.354904599999	0.572916666666667
377.3716969	0.572916666666667
377.3880862	0.572916666666667
377.4049156	0.572916666666667
377.4210634	0.572916666666667
377.4380646	0.572916666666667
377.4548148	0.572916666666667
377.4713944	0.572916666666667
377.4878803	0.572916666666667
377.5044674	0.572916666666667
377.5214727	0.572916666666667
377.5377529	0.572916666666667
377.5544145	0.572916666666667
377.571464499999	0.572916666666667
377.5881767	0.572916666666667
377.6048071	0.572916666666667
377.6212167	0.572916666666667
377.6380398	0.572916666666667
377.6544123	0.572916666666667
377.6712972	0.572916666666667
377.6883193	0.572916666666667
377.704795	0.572916666666667
377.7212804	0.572916666666667
377.7380472	0.572916666666667
377.7542755	0.572916666666667
377.7709394	0.572916666666667
377.7882065	0.572916666666667
377.8041757	0.572916666666667
377.8213045	0.572916666666667
377.8381227	0.572916666666667
377.854620699999	0.572916666666667
377.8712009	0.572916666666667
377.8883039	0.572916666666667
377.9048558	0.572916666666667
377.9209965	0.572916666666667
377.9381984	0.572916666666667
377.9546854	0.572916666666667
377.971234499999	0.572916666666667
377.9877983	0.572916666666667
378.0043562	0.572916666666667
378.0213736	0.572916666666667
378.0381655	0.572916666666667
378.0548629	0.572916666666667
378.0711552	0.572916666666667
378.088349499999	0.572916666666667
378.105083999999	0.572916666666667
378.121282699999	0.572916666666667
378.138260499999	0.572916666666667
378.1548478	0.572916666666667
378.1712489	0.572916666666667
378.1879146	0.572916666666667
378.204518999999	0.572916666666667
378.221344999999	0.572916666666667
378.2379755	0.572916666666667
378.2549199	0.572916666666667
378.2714251	0.572916666666667
378.288362	0.572916666666667
378.304809899999	0.572916666666667
378.320991399999	0.572916666666667
378.3377289	0.572916666666667
378.3548859	0.572916666666667
378.3710458	0.572916666666667
378.3882125	0.572916666666667
378.4049953	0.572916666666667
378.4212345	0.572916666666667
378.4381436	0.572916666666667
378.4547578	0.572916666666667
378.4713056	0.572916666666667
378.4880008	0.572916666666667
378.504856	0.572916666666667
378.521221699999	0.572916666666667
378.5383904	0.572916666666667
378.5545706	0.572916666666667
378.5713356	0.572916666666667
378.5876354	0.572916666666667
378.6044361	0.572916666666667
378.621329	0.572916666666667
378.6381797	0.572916666666667
378.6546833	0.572916666666667
378.6710449	0.572916666666667
378.6881087	0.572916666666667
378.7051687	0.572916666666667
378.7213177	0.572916666666667
378.737505099999	0.572916666666667
378.7545739	0.572916666666667
378.771056399999	0.572916666666667
378.7881262	0.572916666666667
378.8043339	0.572916666666667
378.8211987	0.572916666666667
378.8376961	0.572916666666667
378.8548228	0.572916666666667
378.8712134	0.572916666666667
378.8877938	0.572916666666667
378.9048846	0.572916666666667
378.9215079	0.572916666666667
378.938124	0.572916666666667
378.9545793	0.572916666666667
378.9708405	0.572916666666667
378.9876963	0.572916666666667
379.004629099999	0.572916666666667
379.0212474	0.572916666666667
379.037679099999	0.572916666666667
379.0549214	0.572916666666667
379.0714443	0.572916666666667
379.0878459	0.572916666666667
379.1046985	0.572916666666667
379.1214789	0.572916666666667
379.138123	0.572916666666667
379.1546376	0.572916666666667
379.1713129	0.572916666666667
379.1875196	0.572916666666667
379.204725999999	0.572916666666667
379.2211365	0.572916666666667
379.237372	0.572916666666667
379.2546607	0.572916666666667
379.2713805	0.572916666666667
379.288214199999	0.572916666666667
379.304446099999	0.572916666666667
379.321687499999	0.572916666666667
379.338326699999	0.572916666666667
379.3547278	0.572916666666667
379.3710661	0.572916666666667
379.3878652	0.572916666666667
379.4046751	0.572916666666667
379.4214157	0.572916666666667
379.4376827	0.572916666666667
379.4542719	0.572916666666667
379.471114699999	0.572916666666667
379.4881242	0.572916666666667
379.504170199999	0.572916666666667
379.5212709	0.572916666666667
379.5377858	0.572916666666667
379.5544826	0.572916666666667
379.571337	0.572916666666667
379.5881505	0.572916666666667
379.6047732	0.572916666666667
379.6211115	0.572916666666667
379.6382317	0.572916666666667
379.6546667	0.572916666666667
379.6716809	0.572916666666667
379.6880854	0.572916666666667
379.704208799999	0.572916666666667
379.7212521	0.572916666666667
379.7377239	0.572916666666667
379.7545742	0.572916666666667
379.7712753	0.572916666666667
379.788005	0.572916666666667
379.8045484	0.572916666666667
379.8211416	0.572916666666667
379.8380694	0.572916666666667
379.854750999999	0.572916666666667
379.8715307	0.572916666666667
379.8877782	0.572916666666667
379.9046813	0.572916666666667
379.9214121	0.572916666666667
379.9380594	0.572916666666667
379.9543929	0.572916666666667
379.9712231	0.572916666666667
379.9879141	0.572916666666667
380.004595299999	0.572916666666667
380.0211192	0.572916666666667
380.0381664	0.572916666666667
380.0545544	0.572916666666667
380.0711482	0.572916666666667
380.087991299999	0.572916666666667
380.1046254	0.572916666666667
380.121044	0.572916666666667
380.138565799999	0.572916666666667
380.154803999999	0.572916666666667
380.171320999999	0.572916666666667
380.188135299999	0.572916666666667
380.204655999999	0.572916666666667
380.221176099999	0.572916666666667
380.237852899999	0.572916666666667
380.2546833	0.572916666666667
380.271111099999	0.572916666666667
380.2879865	0.572916666666667
380.3045471	0.572916666666667
380.3211716	0.572916666666667
380.3375037	0.572916666666667
380.3540106	0.572916666666667
380.3706085	0.572916666666667
380.3879631	0.572916666666667
380.404754199999	0.572916666666667
380.4212038	0.572916666666667
380.438228699999	0.572916666666667
380.4548644	0.572916666666667
380.4712402	0.572916666666667
380.4880927	0.572916666666667
380.5046405	0.572916666666667
380.5212101	0.572916666666667
380.5379349	0.572916666666667
380.554695599999	0.572916666666667
380.571235	0.572916666666667
380.5882552	0.572916666666667
380.6047723	0.572916666666667
380.62127	0.572916666666667
380.6381471	0.572916666666667
380.654821	0.572916666666667
380.670815	0.572916666666667
380.6878548	0.572916666666667
380.704338999999	0.572916666666667
380.721161299999	0.572916666666667
380.7380419	0.572916666666667
380.754639599999	0.572916666666667
380.7713067	0.572916666666667
380.7880771	0.572916666666667
380.8044432	0.572916666666667
380.8211142	0.572916666666667
380.8379714	0.572916666666667
380.8545984	0.572916666666667
380.871020999999	0.572916666666667
380.8878315	0.572916666666667
380.904701399999	0.572916666666667
380.9212828	0.572916666666667
380.9377853	0.572916666666667
380.9544559	0.572916666666667
380.9710472	0.572916666666667
380.987798199999	0.572916666666667
381.0048505	0.572916666666667
381.021312599999	0.572916666666667
381.0381169	0.572916666666667
381.0547262	0.572916666666667
381.0709451	0.572916666666667
381.087594	0.572916666666667
381.1045663	0.572916666666667
381.1210883	0.572916666666667
381.1380809	0.572916666666667
381.1540523	0.572916666666667
381.1712305	0.572916666666667
381.1878293	0.572916666666667
381.2044827	0.572916666666667
381.2209081	0.572916666666667
381.2376723	0.572916666666667
381.2544828	0.572916666666667
381.2710715	0.572916666666667
381.287919299999	0.572916666666667
381.3048042	0.572916666666667
381.321014799999	0.572916666666667
381.3376388	0.572916666666667
381.3546704	0.572916666666667
381.3708553	0.572916666666667
381.3890614	0.572916666666667
381.4046549	0.572916666666667
381.4211666	0.572916666666667
381.4380379	0.572916666666667
381.4542921	0.572916666666667
381.4715116	0.572916666666667
381.4880456	0.572916666666667
381.5046103	0.572916666666667
381.5208263	0.572916666666667
381.5380543	0.572916666666667
381.5546393	0.572916666666667
381.5707403	0.572916666666667
381.588048	0.572916666666667
381.604572199999	0.572916666666667
381.621238499999	0.572916666666667
381.6382896	0.572916666666667
381.654821199999	0.572916666666667
381.670862099999	0.572916666666667
381.688167899999	0.572916666666667
381.7048368	0.572916666666667
381.720805099999	0.572916666666667
381.7378772	0.572916666666667
381.7546139	0.572916666666667
381.7711367	0.572916666666667
381.7881224	0.572916666666667
381.8046715	0.572916666666667
381.820831699999	0.572916666666667
381.8381016	0.572916666666667
381.8547002	0.572916666666667
381.8711388	0.572916666666667
381.8880009	0.572916666666667
381.9042343	0.572916666666667
381.9212272	0.572916666666667
381.9377749	0.572916666666667
381.954645599999	0.572916666666667
381.9712612	0.572916666666667
381.988158	0.572916666666667
382.0047092	0.572916666666667
382.0212508	0.572916666666667
382.0375996	0.572916666666667
382.05449	0.572916666666667
382.070633899999	0.572916666666667
382.0882128	0.572916666666667
382.1047647	0.572916666666667
382.121078	0.572916666666667
382.138191099999	0.572916666666667
382.154857	0.572916666666667
382.1710045	0.572916666666667
382.1876793	0.572916666666667
382.2046113	0.572916666666667
382.2209114	0.572916666666667
382.237595999999	0.572916666666667
382.254245	0.572916666666667
382.270749899999	0.572916666666667
382.288155	0.572916666666667
382.304531599999	0.572916666666667
382.320525	0.572916666666667
382.3379769	0.572916666666667
382.3546487	0.572916666666667
382.3711411	0.572916666666667
382.3882428	0.572916666666667
382.4041866	0.572916666666667
382.4211499	0.572916666666667
382.4381186	0.572916666666667
382.4546086	0.572916666666667
382.4710597	0.572916666666667
382.4876049	0.572916666666667
382.5046032	0.572916666666667
382.5209911	0.572916666666667
382.537934099999	0.572916666666667
382.5546795	0.572916666666667
382.5711914	0.572916666666667
382.5879782	0.572916666666667
382.6044934	0.572916666666667
382.621148	0.572916666666667
382.6373873	0.572916666666667
382.6541617	0.572916666666667
382.6709817	0.572916666666667
382.6877978	0.572916666666667
382.704501799999	0.572916666666667
382.7208549	0.572916666666667
382.7378766	0.572916666666667
382.7543733	0.572916666666667
382.7709183	0.572916666666667
382.787357	0.572916666666667
382.8044575	0.572916666666667
382.8210337	0.572916666666667
382.8380203	0.572916666666667
382.8584562	0.572916666666667
382.8713929	0.572916666666667
382.8884496	0.572916666666667
382.9046843	0.572916666666667
382.9207745	0.572916666666667
382.937893	0.572916666666667
382.9545831	0.572916666666667
382.9709281	0.572916666666667
382.9879287	0.572916666666667
383.0045248	0.572916666666667
383.020724	0.572916666666667
383.037561099999	0.572916666666667
383.054454799999	0.572916666666667
383.0707519	0.572916666666667
383.0877772	0.572916666666667
383.1045756	0.572916666666667
383.1211454	0.572916666666667
383.1378179	0.572916666666667
383.1544315	0.572916666666667
383.1712506	0.572916666666667
383.187862499999	0.572916666666667
383.2046141	0.572916666666667
383.220775599999	0.572916666666667
383.2378181	0.572916666666667
383.2544729	0.572916666666667
383.271061399999	0.572916666666667
383.287628	0.572916666666667
383.3047314	0.572916666666667
383.3211705	0.572916666666667
383.3379036	0.572916666666667
383.3547472	0.572916666666667
383.370729	0.572916666666667
383.3879114	0.572916666666667
383.4045719	0.572916666666667
383.4209889	0.572916666666667
383.4378959	0.572916666666667
383.4544934	0.572916666666667
383.470952	0.572916666666667
383.487855	0.572916666666667
383.5042457	0.572916666666667
383.520998099999	0.572916666666667
383.537612799999	0.572916666666667
383.554496499999	0.572916666666667
383.5713646	0.572916666666667
383.5878153	0.572916666666667
383.6044053	0.572916666666667
383.6210645	0.572916666666667
383.637162099999	0.572916666666667
383.654558799999	0.572916666666667
383.6706856	0.572916666666667
383.6877797	0.572916666666667
383.7045431	0.572916666666667
383.7210046	0.572916666666667
383.738053099999	0.572916666666667
383.7540912	0.572916666666667
383.7709554	0.572916666666667
383.7878442	0.572916666666667
383.8045382	0.572916666666667
383.820978	0.572916666666667
383.8377074	0.572916666666667
383.8545021	0.572916666666667
383.871109	0.572916666666667
383.887771	0.572916666666667
383.903997299999	0.572916666666667
383.9205793	0.572916666666667
383.9381007	0.572916666666667
383.9545269	0.572916666666667
383.9709437	0.572916666666667
383.9877554	0.572916666666667
384.004459599999	0.572916666666667
384.0207803	0.572916666666667
384.037629399999	0.572916666666667
384.0546153	0.572916666666667
384.0705894	0.572916666666667
384.0880218	0.572916666666667
384.1044956	0.572916666666667
384.120760599999	0.572916666666667
384.1376127	0.572916666666667
384.1546348	0.572916666666667
384.170822099999	0.572916666666667
384.187667	0.572916666666667
384.2044781	0.572916666666667
384.2208894	0.572916666666667
384.237733099999	0.572916666666667
384.2546354	0.572916666666667
384.271138699999	0.572916666666667
384.288367199999	0.572916666666667
384.3045007	0.572916666666667
384.3207018	0.572916666666667
384.3379983	0.572916666666667
384.3545302	0.572916666666667
384.3709214	0.572916666666667
384.388049199999	0.572916666666667
384.4044566	0.572916666666667
384.4205816	0.572916666666667
384.438075099999	0.572916666666667
384.4590508	0.572916666666667
384.4706605	0.572916666666667
384.4880711	0.572916666666667
384.5046307	0.572916666666667
384.5211727	0.572916666666667
384.5378455	0.572916666666667
384.5543513	0.572916666666667
384.5707315	0.572916666666667
384.5876567	0.572916666666667
384.604292	0.572916666666667
384.621062199999	0.572916666666667
384.637914599999	0.572916666666667
384.65428	0.572916666666667
384.670999699999	0.572916666666667
384.6882376	0.572916666666667
384.704402899999	0.572916666666667
384.7210064	0.572916666666667
384.7378182	0.572916666666667
384.7545611	0.572916666666667
384.7706357	0.572916666666667
384.7881328	0.572916666666667
384.8040332	0.572916666666667
384.8210159	0.572916666666667
384.8379036	0.572916666666667
384.8539317	0.572916666666667
384.8709337	0.572916666666667
384.8876862	0.572916666666667
384.9044588	0.572916666666667
384.9212679	0.572916666666667
384.9378344	0.572916666666667
384.954507	0.572916666666667
384.9710597	0.572916666666667
384.9876773	0.572916666666667
385.0041507	0.572916666666667
385.020621	0.572916666666667
385.0378798	0.572916666666667
385.0547082	0.572916666666667
385.0707538	0.572916666666667
385.0878149	0.572916666666667
385.1044087	0.572916666666667
385.1211619	0.572916666666667
385.1378509	0.572916666666667
385.1546587	0.572916666666667
385.1707276	0.572916666666667
385.1877387	0.572916666666667
385.2042428	0.572916666666667
385.2206728	0.572916666666667
385.2376414	0.572916666666667
385.2542999	0.572916666666667
385.2707964	0.572916666666667
385.2877244	0.572916666666667
385.304632	0.572916666666667
385.3207717	0.572916666666667
385.337886	0.572916666666667
385.3543516	0.572916666666667
385.370918399999	0.572916666666667
385.3873572	0.572916666666667
385.4040362	0.572916666666667
385.4210241	0.572916666666667
385.437496399999	0.572916666666667
385.454003599999	0.572916666666667
385.4707083	0.572916666666667
385.4879953	0.572916666666667
385.5044941	0.572916666666667
385.5210684	0.572916666666667
385.537730699999	0.572916666666667
385.554277199999	0.572916666666667
385.5708811	0.572916666666667
385.5911352	0.572916666666667
385.604551899999	0.572916666666667
385.6207797	0.572916666666667
385.6374655	0.572916666666667
385.654453199999	0.572916666666667
385.6709641	0.572916666666667
385.6880719	0.572916666666667
385.7041113	0.572916666666667
385.7209812	0.572916666666667
385.7379391	0.572916666666667
385.7543064	0.572916666666667
385.7708489	0.572916666666667
385.787933999999	0.572916666666667
385.8044518	0.572916666666667
385.820706399999	0.572916666666667
385.8378473	0.572916666666667
385.8543666	0.572916666666667
385.870799899999	0.572916666666667
385.887862999999	0.572916666666667
385.9044649	0.572916666666667
385.9209041	0.572916666666667
385.9374237	0.572916666666667
385.9544658	0.572916666666667
385.9710063	0.572916666666667
385.9878323	0.572916666666667
386.0045921	0.572916666666667
386.0212504	0.572916666666667
386.0377969	0.572916666666667
386.0547561	0.572916666666667
386.070649	0.572916666666667
386.0875519	0.572916666666667
386.104174799999	0.572916666666667
386.1209466	0.572916666666667
386.137616	0.572916666666667
386.1568253	0.572916666666667
386.1706515	0.572916666666667
386.187613699999	0.572916666666667
386.2046924	0.572916666666667
386.220725199999	0.572916666666667
386.237741699999	0.572916666666667
386.2543892	0.572916666666667
386.2712037	0.572916666666667
386.2877955	0.572916666666667
386.3042665	0.572916666666667
386.3206838	0.572916666666667
386.3374361	0.572916666666667
386.3543098	0.572916666666667
386.370854499999	0.572916666666667
386.3879824	0.572916666666667
386.4043495	0.572916666666667
386.4207762	0.572916666666667
386.437336099999	0.572916666666667
386.4545649	0.572916666666667
386.4712285	0.572916666666667
386.4880825	0.572916666666667
386.5045475	0.572916666666667
386.5211761	0.572916666666667
386.5377981	0.572916666666667
386.554146999999	0.572916666666667
386.571148	0.572916666666667
386.5879984	0.572916666666667
386.6042903	0.572916666666667
386.6207297	0.572916666666667
386.6375727	0.572916666666667
386.654166299999	0.572916666666667
386.6710166	0.572916666666667
386.6879151	0.572916666666667
386.7044288	0.572916666666667
386.7207986	0.572916666666667
386.7376699	0.572916666666667
386.7540699	0.572916666666667
386.7711423	0.572916666666667
386.7877967	0.572916666666667
386.8040668	0.572916666666667
386.8211623	0.572916666666667
386.8375424	0.572916666666667
386.854787199999	0.572916666666667
386.8704969	0.572916666666667
386.887670699999	0.572916666666667
386.904384	0.572916666666667
386.9205663	0.572916666666667
386.9379084	0.572916666666667
386.954407	0.572916666666667
386.9706221	0.572916666666667
386.9881556	0.572916666666667
387.0043283	0.572916666666667
387.0208578	0.572916666666667
387.0379633	0.572916666666667
387.0544785	0.572916666666667
387.0709752	0.572916666666667
387.0878392	0.572916666666667
387.106101899999	0.572916666666667
387.120651	0.572916666666667
387.137917099999	0.572916666666667
387.1543406	0.572916666666667
387.1707886	0.572916666666667
387.187814599999	0.572916666666667
387.207520599999	0.572916666666667
387.2217451	0.572916666666667
387.2376733	0.572916666666667
387.2541766	0.572916666666667
387.2704401	0.572916666666667
387.28758	0.572916666666667
387.303961	0.572916666666667
387.320630799999	0.572916666666667
387.3376372	0.572916666666667
387.354099799999	0.572916666666667
387.370935599999	0.572916666666667
387.3878377	0.572916666666667
387.404207999999	0.572916666666667
387.4220651	0.572916666666667
387.4379261	0.572916666666667
387.4545685	0.572916666666667
387.4706665	0.572916666666667
387.488133599999	0.572916666666667
387.5038684	0.572916666666667
387.5209652	0.572916666666667
387.5378194	0.572916666666667
387.5541374	0.572916666666667
387.5711246	0.572916666666667
387.5877869	0.572916666666667
387.604365199999	0.572916666666667
387.620704099999	0.572916666666667
387.637706399999	0.572916666666667
387.6543124	0.572916666666667
387.6705147	0.572916666666667
387.6877296	0.572916666666667
387.7039457	0.572916666666667
387.7207881	0.572916666666667
387.737783	0.572916666666667
387.7544133	0.572916666666667
387.771015299999	0.572916666666667
387.7876575	0.572916666666667
387.804162899999	0.572916666666667
387.820668899999	0.572916666666667
387.837808899999	0.572916666666667
387.8540695	0.572916666666667
387.8704262	0.572916666666667
387.8877443	0.572916666666667
387.9047961	0.572916666666667
387.9209857	0.572916666666667
387.9374629	0.572916666666667
387.9545402	0.572916666666667
387.9708815	0.572916666666667
387.9878389	0.572916666666667
388.003955199999	0.572916666666667
388.020585199999	0.572916666666667
388.0378654	0.572916666666667
388.054450399999	0.572916666666667
388.0708363	0.572916666666667
388.0874658	0.572916666666667
388.1041806	0.572916666666667
388.1206766	0.572916666666667
388.1377179	0.572916666666667
388.1543781	0.572916666666667
388.1709583	0.572916666666667
388.187620499999	0.572916666666667
388.2039965	0.572916666666667
388.2206388	0.572916666666667
388.2375668	0.572916666666667
388.2543919	0.572916666666667
388.270973	0.572916666666667
388.2876099	0.572916666666667
388.3043646	0.572916666666667
388.3208185	0.572916666666667
388.3376869	0.572916666666667
388.3539691	0.572916666666667
388.370828099999	0.572916666666667
388.3874542	0.572916666666667
388.4043347	0.572916666666667
388.4209206	0.572916666666667
388.437476099999	0.572916666666667
388.454467399999	0.572916666666667
388.4706747	0.572916666666667
388.4876641	0.572916666666667
388.5039297	0.572916666666667
388.520733299999	0.572916666666667
388.537503	0.572916666666667
388.5543396	0.572916666666667
388.5710078	0.572916666666667
388.5876778	0.572916666666667
388.6043674	0.572916666666667
388.6209659	0.572916666666667
388.6374561	0.572916666666667
388.6542462	0.572916666666667
388.6707153	0.572916666666667
388.687597799999	0.572916666666667
388.703971699999	0.572916666666667
388.7208184	0.572916666666667
388.737310999999	0.572916666666667
388.754350799999	0.572916666666667
388.7705603	0.572916666666667
388.7878357	0.572916666666667
388.8042054	0.572916666666667
388.820534	0.572916666666667
388.8379125	0.572916666666667
388.8545424	0.572916666666667
388.8711459	0.572916666666667
388.8878382	0.572916666666667
388.9041471	0.572916666666667
388.921006399999	0.572916666666667
388.9377367	0.572916666666667
388.9540883	0.572916666666667
388.9706461	0.572916666666667
388.9877102	0.572916666666667
389.003823699999	0.572916666666667
389.0208975	0.572916666666667
389.0381377	0.572916666666667
389.054607099999	0.572916666666667
389.0709279	0.572916666666667
389.0876807	0.572916666666667
389.1042689	0.572916666666667
389.1210215	0.572916666666667
389.1376312	0.572916666666667
389.154127599999	0.572916666666667
389.1708109	0.572916666666667
389.1875411	0.572916666666667
389.204221	0.572916666666667
389.221081499999	0.572916666666667
389.2375274	0.572916666666667
389.2546539	0.572916666666667
389.2704253	0.572916666666667
389.287973999999	0.572916666666667
389.3043335	0.572916666666667
389.3208115	0.572916666666667
389.3374367	0.572916666666667
389.354366	0.572916666666667
389.370766099999	0.572916666666667
389.3875965	0.572916666666667
389.4042927	0.572916666666667
389.4210793	0.572916666666667
389.4379342	0.572916666666667
389.4543608	0.572916666666667
389.4703354	0.572916666666667
389.4878678	0.572916666666667
389.5043274	0.572916666666667
389.5209325	0.572916666666667
389.537875	0.572916666666667
389.554244599999	0.572916666666667
389.5708203	0.572916666666667
389.5876887	0.572916666666667
389.6043422	0.572916666666667
389.6207491	0.572916666666667
389.6380445	0.572916666666667
389.6542574	0.572916666666667
389.6709938	0.572916666666667
389.6876541	0.572916666666667
389.7041426	0.572916666666667
389.720574699999	0.572916666666667
389.7374582	0.572916666666667
389.754146799999	0.572916666666667
389.7708221	0.572916666666667
389.7875773	0.572916666666667
389.804271	0.572916666666667
389.8205383	0.572916666666667
389.837871499999	0.572916666666667
389.8542296	0.572916666666667
389.8706394	0.572916666666667
389.887914699999	0.572916666666667
389.9042078	0.572916666666667
389.9209684	0.572916666666667
389.9372835	0.572916666666667
389.9542805	0.572916666666667
389.9703507	0.572916666666667
389.9876887	0.572916666666667
390.0043071	0.572916666666667
390.0209668	0.572916666666667
390.0376161	0.572916666666667
390.0543582	0.572916666666667
390.0711047	0.572916666666667
390.0880075	0.572916666666667
390.1041505	0.572916666666667
390.1204514	0.572916666666667
390.137617	0.572916666666667
390.154278099999	0.572916666666667
390.170578899999	0.572916666666667
390.187705	0.572916666666667
390.2040697	0.572916666666667
390.2210093	0.572916666666667
390.237607099999	0.572916666666667
390.254296099999	0.572916666666667
390.2710578	0.572916666666667
390.2881451	0.572916666666667
390.3041382	0.572916666666667
390.320674	0.572916666666667
390.3374171	0.572916666666667
390.354212	0.572916666666667
390.370980499999	0.572916666666667
390.3878021	0.572916666666667
390.4041237	0.572916666666667
390.4211068	0.572916666666667
390.4375243	0.572916666666667
390.4541055	0.572916666666667
390.4709812	0.572916666666667
390.4877893	0.572916666666667
390.504054699999	0.572916666666667
390.5212601	0.572916666666667
390.5375987	0.572916666666667
390.554596699999	0.572916666666667
390.5709317	0.572916666666667
390.587717299999	0.572916666666667
390.6038896	0.572916666666667
390.620398099999	0.572916666666667
390.6377546	0.572916666666667
390.654206799999	0.572916666666667
390.6709422	0.572916666666667
390.6873393	0.572916666666667
390.703985	0.572916666666667
390.7210596	0.572916666666667
390.737627	0.572916666666667
390.7541625	0.572916666666667
390.7710057	0.572916666666667
390.787819199999	0.572916666666667
390.8041676	0.572916666666667
390.820997599999	0.572916666666667
390.8378306	0.572916666666667
390.8543714	0.572916666666667
390.8705964	0.572916666666667
390.887587799999	0.572916666666667
390.9040464	0.572916666666667
390.9209724	0.572916666666667
390.937103899999	0.572916666666667
390.9541858	0.572916666666667
390.971080899999	0.572916666666667
390.987607	0.572916666666667
391.004171999999	0.572916666666667
391.020868	0.572916666666667
391.0371067	0.572916666666667
391.0542224	0.572916666666667
391.0707047	0.572916666666667
391.0875223	0.572916666666667
391.104089999999	0.572916666666667
391.1211774	0.572916666666667
391.1375701	0.572916666666667
391.1535936	0.572916666666667
391.170975099999	0.572916666666667
391.1872367	0.572916666666667
391.2042129	0.572916666666667
391.221008399999	0.572916666666667
391.2376002	0.572916666666667
391.2542345	0.572916666666667
391.2709602	0.572916666666667
391.2877876	0.572916666666667
391.303648	0.572916666666667
391.3205727	0.572916666666667
391.3376213	0.572916666666667
391.3541051	0.572916666666667
391.3705473	0.572916666666667
391.3877842	0.572916666666667
391.4041511	0.572916666666667
391.4208297	0.572916666666667
391.4388349	0.572916666666667
391.453883199999	0.572916666666667
391.4710656	0.572916666666667
391.487651299999	0.572916666666667
391.5041441	0.572916666666667
391.520994999999	0.572916666666667
391.5377508	0.572916666666667
391.5537664	0.572916666666667
391.5708482	0.572916666666667
391.5877715	0.572916666666667
391.6040567	0.572916666666667
391.6208153	0.572916666666667
391.6377326	0.572916666666667
391.6540546	0.572916666666667
391.6711044	0.572916666666667
391.6882308	0.572916666666667
391.7034674	0.572916666666667
391.7208033	0.572916666666667
391.7373211	0.572916666666667
391.753921399999	0.572916666666667
391.7709006	0.572916666666667
391.7877357	0.572916666666667
391.8041804	0.572916666666667
391.8205256	0.572916666666667
391.8371616	0.572916666666667
391.8542759	0.572916666666667
391.8705543	0.572916666666667
391.8875318	0.572916666666667
391.9042094	0.572916666666667
391.920604699999	0.572916666666667
391.9370325	0.572916666666667
391.953873999999	0.572916666666667
391.970502199999	0.572916666666667
391.9872237	0.572916666666667
392.003803399999	0.572916666666667
392.0209144	0.572916666666667
392.0372887	0.572916666666667
392.0538624	0.572916666666667
392.0707889	0.572916666666667
392.0879031	0.572916666666667
392.1039992	0.572916666666667
392.1206692	0.572916666666667
392.1376847	0.572916666666667
392.153491699999	0.572916666666667
392.1710164	0.572916666666667
392.1876183	0.572916666666667
392.2041458	0.572916666666667
392.2208835	0.572916666666667
392.2372605	0.572916666666667
392.2538134	0.572916666666667
392.270861699999	0.572916666666667
392.2879207	0.572916666666667
392.3039776	0.572916666666667
392.3204832	0.572916666666667
392.337735099999	0.572916666666667
392.353970199999	0.572916666666667
392.371024699999	0.572916666666667
392.387712	0.572916666666667
392.4038504	0.572916666666667
392.421030399999	0.572916666666667
392.4374901	0.572916666666667
392.4536189	0.572916666666667
392.4707187	0.572916666666667
392.487571499999	0.572916666666667
392.5041779	0.572916666666667
392.5205688	0.572916666666667
392.5375432	0.572916666666667
392.5537052	0.572916666666667
392.5705667	0.572916666666667
392.587567	0.572916666666667
392.603937599999	0.572916666666667
392.6204563	0.572916666666667
392.637516499999	0.572916666666667
392.6539541	0.572916666666667
392.671320999999	0.572916666666667
392.687524099999	0.572916666666667
392.7036687	0.572916666666667
392.7204847	0.572916666666667
392.7375171	0.572916666666667
392.7536014	0.572916666666667
392.7707706	0.572916666666667
392.7873043	0.572916666666667
392.8033474	0.572916666666667
392.8208067	0.572916666666667
392.837556999999	0.572916666666667
392.853583	0.572916666666667
392.8707626	0.572916666666667
392.8875912	0.572916666666667
392.9036543	0.572916666666667
392.9208114	0.572916666666667
392.9375323	0.572916666666667
392.9537791	0.572916666666667
392.9711873	0.572916666666667
392.987463	0.572916666666667
393.003673799999	0.572916666666667
393.0208369	0.572916666666667
393.0378707	0.572916666666667
393.053853	0.572916666666667
393.0704943	0.572916666666667
393.0876785	0.572916666666667
393.104018	0.572916666666667
393.1208221	0.572916666666667
393.1373491	0.572916666666667
393.1540245	0.572916666666667
393.170746499999	0.572916666666667
393.1876126	0.572916666666667
393.204061	0.572916666666667
393.2202856	0.572916666666667
393.2374958	0.572916666666667
393.253811399999	0.572916666666667
393.2706592	0.572916666666667
393.2873194	0.572916666666667
393.3040097	0.572916666666667
393.3209609	0.572916666666667
393.3375977	0.572916666666667
393.3534902	0.572916666666667
393.370759999999	0.572916666666667
393.3873895	0.572916666666667
393.4036958	0.572916666666667
393.4208686	0.572916666666667
393.4378135	0.572916666666667
393.453693299999	0.572916666666667
393.4710761	0.572916666666667
393.4876892	0.572916666666667
393.5034458	0.572916666666667
393.5211024	0.572916666666667
393.5374237	0.572916666666667
393.5535827	0.572916666666667
393.5706301	0.572916666666667
393.5873569	0.572916666666667
393.6035777	0.572916666666667
393.6208551	0.572916666666667
393.6375183	0.572916666666667
393.6540112	0.572916666666667
393.6709787	0.572916666666667
393.6875803	0.572916666666667
393.7035753	0.572916666666667
393.7208274	0.572916666666667
393.7375406	0.572916666666667
393.7538779	0.572916666666667
393.7706849	0.572916666666667
393.787596	0.572916666666667
393.8039669	0.572916666666667
393.8203927	0.572916666666667
393.8375105	0.572916666666667
393.8540633	0.572916666666667
393.8708431	0.572916666666667
393.8878948	0.572916666666667
393.9040062	0.572916666666667
393.9208226	0.572916666666667
393.937484	0.572916666666667
393.9535885	0.572916666666667
393.9709171	0.572916666666667
393.987467699999	0.572916666666667
394.0035676	0.572916666666667
394.0208207	0.572916666666667
394.0373825	0.572916666666667
394.0535299	0.572916666666667
394.0708007	0.572916666666667
394.0877516	0.572916666666667
394.1039281	0.572916666666667
394.1203517	0.572916666666667
394.1375392	0.572916666666667
394.1539823	0.572916666666667
394.170719	0.572916666666667
394.1874907	0.572916666666667
394.203615899999	0.572916666666667
394.2208125	0.572916666666667
394.2374831	0.572916666666667
394.254026499999	0.572916666666667
394.2707803	0.572916666666667
394.2872396	0.572916666666667
394.3039202	0.572916666666667
394.3206635	0.572916666666667
394.337743699999	0.572916666666667
394.3535687	0.572916666666667
394.3704598	0.572916666666667
394.387638	0.572916666666667
394.4034551	0.572916666666667
394.4205645	0.572916666666667
394.4373611	0.572916666666667
394.4539541	0.572916666666667
394.4706788	0.572916666666667
394.48732	0.572916666666667
394.5033745	0.572916666666667
394.520844499999	0.572916666666667
394.537328	0.572916666666667
394.5535184	0.572916666666667
394.5709425	0.572916666666667
394.5870894	0.572916666666667
394.604043899999	0.572916666666667
394.6205827	0.572916666666667
394.6375756	0.572916666666667
394.6540167	0.572916666666667
394.6709553	0.572916666666667
394.6871877	0.572916666666667
394.7038732	0.572916666666667
394.7207862	0.572916666666667
394.7376257	0.572916666666667
394.7539018	0.572916666666667
394.770420599999	0.572916666666667
394.787519399999	0.572916666666667
394.8042202	0.572916666666667
394.8207662	0.572916666666667
394.8371611	0.572916666666667
394.8542161	0.572916666666667
394.8705957	0.572916666666667
394.8875722	0.572916666666667
394.9040829	0.572916666666667
394.920819099999	0.572916666666667
394.9374659	0.572916666666667
394.9538941	0.572916666666667
394.970678499999	0.572916666666667
394.9872573	0.572916666666667
395.003928099999	0.572916666666667
395.0206999	0.572916666666667
395.0370908	0.572916666666667
395.0537162	0.572916666666667
395.070768399999	0.572916666666667
395.087996199999	0.572916666666667
395.1041789	0.572916666666667
395.120912	0.572916666666667
395.1373432	0.572916666666667
395.1535769	0.572916666666667
395.1708837	0.572916666666667
395.1873489	0.572916666666667
395.2036419	0.572916666666667
395.220376	0.572916666666667
395.237033899999	0.572916666666667
395.254028	0.572916666666667
395.270502899999	0.572916666666667
395.2874535	0.572916666666667
395.3040113	0.572916666666667
395.320707599999	0.572916666666667
395.337488799999	0.572916666666667
395.3540942	0.572916666666667
395.3706816	0.572916666666667
395.3873613	0.572916666666667
395.40405	0.572916666666667
395.4209816	0.572916666666667
395.4374299	0.572916666666667
395.4540223	0.572916666666667
395.470554	0.572916666666667
395.4870663	0.572916666666667
395.5035339	0.572916666666667
395.5207291	0.572916666666667
395.537524299999	0.572916666666667
395.5539138	0.572916666666667
395.5704849	0.572916666666667
395.587445799999	0.572916666666667
395.6042364	0.572916666666667
395.6211222	0.572916666666667
395.6372639	0.572916666666667
395.653809899999	0.572916666666667
395.6708263	0.572916666666667
395.687081	0.572916666666667
395.7034855	0.572916666666667
395.7208527	0.572916666666667
395.7371081	0.572916666666667
395.75349	0.572916666666667
395.7707563	0.572916666666667
395.7871608	0.572916666666667
395.8035114	0.572916666666667
395.8207784	0.572916666666667
395.8371897	0.572916666666667
395.8534777	0.572916666666667
395.8705309	0.572916666666667
395.8870572	0.572916666666667
395.9041889	0.572916666666667
395.920770499999	0.572916666666667
395.937148699999	0.572916666666667
395.9540062	0.572916666666667
395.9703728	0.572916666666667
395.987015	0.572916666666667
396.0037453	0.572916666666667
396.0203617	0.572916666666667
396.0374785	0.572916666666667
396.0541607	0.572916666666667
396.0705644	0.572916666666667
396.0875577	0.572916666666667
396.103621199999	0.572916666666667
396.1207631	0.572916666666667
396.137276999999	0.572916666666667
396.153737	0.572916666666667
396.1708364	0.572916666666667
396.187627199999	0.572916666666667
396.2041072	0.572916666666667
396.221094399999	0.572916666666667
396.2375339	0.572916666666667
396.2537529	0.572916666666667
396.2704733	0.572916666666667
396.2873521	0.572916666666667
396.304369999999	0.572916666666667
396.3205192	0.572916666666667
396.3372987	0.572916666666667
396.3540692	0.572916666666667
396.3705233	0.572916666666667
396.3873385	0.572916666666667
396.4037932	0.572916666666667
396.420726899999	0.572916666666667
396.4374372	0.572916666666667
396.453979599999	0.572916666666667
396.4706964	0.572916666666667
396.4871412	0.572916666666667
396.5040435	0.572916666666667
396.5207162	0.572916666666667
396.5373924	0.572916666666667
396.553824499999	0.572916666666667
396.5705711	0.572916666666667
396.586934699999	0.572916666666667
396.6040594	0.572916666666667
396.6209515	0.572916666666667
396.6373862	0.572916666666667
396.654093799999	0.572916666666667
396.6706822	0.572916666666667
396.6875226	0.572916666666667
396.7038737	0.572916666666667
396.7206258	0.572916666666667
396.736915399999	0.572916666666667
396.753791799999	0.572916666666667
396.7706777	0.572916666666667
396.787573999999	0.572916666666667
396.8040221	0.572916666666667
396.820650499999	0.572916666666667
396.8372409	0.572916666666667
396.8540453	0.572916666666667
396.8707296	0.572916666666667
396.8871038	0.572916666666667
396.9037904	0.572916666666667
396.9208644	0.572916666666667
396.9373279	0.572916666666667
396.954026299999	0.572916666666667
396.970631799999	0.572916666666667
396.9869638	0.572916666666667
397.0036545	0.572916666666667
397.0204455	0.572916666666667
397.0374455	0.572916666666667
397.0540135	0.572916666666667
397.0703563	0.572916666666667
397.0873651	0.572916666666667
397.104373199999	0.572916666666667
397.1204766	0.572916666666667
397.1371717	0.572916666666667
397.1542346	0.572916666666667
397.170650699999	0.572916666666667
397.1870646	0.572916666666667
397.2040271	0.572916666666667
397.2203476	0.572916666666667
397.2373511	0.572916666666667
397.2536521	0.572916666666667
397.2705838	0.572916666666667
397.2873483	0.572916666666667
397.3035966	0.572916666666667
397.320580999999	0.572916666666667
397.336877	0.572916666666667
397.3535908	0.572916666666667
397.3705502	0.572916666666667
397.3874291	0.572916666666667
397.4040142	0.572916666666667
397.4204795	0.572916666666667
397.4372641	0.572916666666667
397.4540101	0.572916666666667
397.4704307	0.572916666666667
397.487231099999	0.572916666666667
397.5035555	0.572916666666667
397.5208453	0.572916666666667
397.5374757	0.572916666666667
397.5535582	0.572916666666667
397.5706174	0.572916666666667
397.5872114	0.572916666666667
397.6040436	0.572916666666667
397.620762999999	0.572916666666667
397.6370574	0.572916666666667
397.6545308	0.572916666666667
397.6703346	0.572916666666667
397.68716	0.572916666666667
397.704006099999	0.572916666666667
397.720618299999	0.572916666666667
397.7369753	0.572916666666667
397.7540466	0.572916666666667
397.770550799999	0.572916666666667
397.787096699999	0.572916666666667
397.804000199999	0.572916666666667
397.8204712	0.572916666666667
397.8369655	0.572916666666667
397.8539762	0.572916666666667
397.8703562	0.572916666666667
397.8876633	0.572916666666667
397.9037828	0.572916666666667
397.920435699999	0.572916666666667
397.9370919	0.572916666666667
397.954007899999	0.572916666666667
397.970500899999	0.572916666666667
397.9870504	0.572916666666667
398.003308299999	0.572916666666667
398.0202969	0.572916666666667
398.0368182	0.572916666666667
398.0540601	0.572916666666667
398.0704695	0.572916666666667
398.0867397	0.572916666666667
398.1032912	0.572916666666667
398.1203848	0.572916666666667
398.1374955	0.572916666666667
398.1536421	0.572916666666667
398.1706226	0.572916666666667
398.1873301	0.572916666666667
398.2039191	0.572916666666667
398.220669	0.572916666666667
398.2372081	0.572916666666667
398.2535453	0.572916666666667
398.2705709	0.572916666666667
398.287177	0.572916666666667
398.303530799999	0.572916666666667
398.3206975	0.572916666666667
398.3373408	0.572916666666667
398.3539822	0.572916666666667
398.3705182	0.572916666666667
398.3872705	0.572916666666667
398.403961699999	0.572916666666667
398.4205422	0.572916666666667
398.4372425	0.572916666666667
398.454119099999	0.572916666666667
398.4705963	0.572916666666667
398.4877965	0.572916666666667
398.503529	0.572916666666667
398.5201702	0.572916666666667
398.5369379	0.572916666666667
398.5540012	0.572916666666667
398.5702748	0.572916666666667
398.587197599999	0.572916666666667
398.6035456	0.572916666666667
398.6204495	0.572916666666667
398.6374206	0.572916666666667
398.654988299999	0.572916666666667
398.6707068	0.572916666666667
398.687538799999	0.572916666666667
398.70393	0.572916666666667
398.7205271	0.572916666666667
398.7369561	0.572916666666667
398.754095299999	0.572916666666667
398.7701477	0.572916666666667
398.7870192	0.572916666666667
398.8038758	0.572916666666667
398.8203892	0.572916666666667
398.8371723	0.572916666666667
398.8540903	0.572916666666667
398.8705464	0.572916666666667
398.8875347	0.572916666666667
398.903773099999	0.572916666666667
398.920373599999	0.572916666666667
398.9372889	0.572916666666667
398.9541808	0.572916666666667
398.9701364	0.572916666666667
398.9868852	0.572916666666667
399.0037498	0.572916666666667
399.020559399999	0.572916666666667
399.037264	0.572916666666667
399.053861299999	0.572916666666667
399.0704652	0.572916666666667
399.0870838	0.572916666666667
399.1032985	0.572916666666667
399.1205776	0.572916666666667
399.137139399999	0.572916666666667
399.1541112	0.572916666666667
399.1702356	0.572916666666667
399.1869124	0.572916666666667
399.2040213	0.572916666666667
399.2206961	0.572916666666667
399.237320199999	0.572916666666667
399.2540784	0.572916666666667
399.2707501	0.572916666666667
399.2871131	0.572916666666667
399.3040718	0.572916666666667
399.3210149	0.572916666666667
399.337444599999	0.572916666666667
399.3539422	0.572916666666667
399.3704027	0.572916666666667
399.3873658	0.580208333333333
399.403775499999	0.580208333333333
399.420244599999	0.580208333333333
399.436754299999	0.580208333333333
399.453663	0.580208333333333
399.470165499999	0.580208333333333
399.486721199999	0.580208333333333
399.5041494	0.580208333333333
399.5204139	0.580208333333333
399.5369854	0.580208333333333
399.5534204	0.580208333333333
399.5702719	0.580208333333333
399.5870432	0.580208333333333
399.6040053	0.580208333333333
399.6202284	0.580208333333333
399.6369055	0.580208333333333
399.6537766	0.580208333333333
399.6705882	0.580208333333333
399.6872228	0.580208333333333
399.7033913	0.580208333333333
399.7204771	0.580208333333333
399.7372482	0.580208333333333
399.753864	0.580208333333333
399.770416299999	0.580208333333333
399.787023599999	0.580208333333333
399.8040147	0.580208333333333
399.8204935	0.580208333333333
399.837139199999	0.580208333333333
399.8534993	0.580208333333333
399.870708299999	0.580208333333333
399.8871849	0.580208333333333
399.903932799999	0.580208333333333
399.9204688	0.580208333333333
399.9371243	0.580208333333333
399.9536813	0.580208333333333
399.9702155	0.580208333333333
399.9868973	0.580208333333333
400.003902299999	0.580208333333333
400.020250999999	0.580208333333333
400.037107	0.580208333333333
400.054014	0.580208333333333
400.070366599999	0.580208333333333
400.0869818	0.580208333333333
400.1039674	0.580208333333333
400.120052199999	0.580208333333333
400.1367487	0.580208333333333
400.1539849	0.580208333333333
400.1702271	0.580208333333333
400.187100799999	0.580208333333333
400.203925599999	0.580208333333333
400.2205357	0.580208333333333
400.2372787	0.580208333333333
400.2539624	0.580208333333333
400.2700561	0.580208333333333
400.2867864	0.580208333333333
400.3039423	0.580208333333333
400.320636299999	0.580208333333333
400.3371238	0.580208333333333
400.3540567	0.580208333333333
400.3708009	0.580208333333333
400.3866267	0.580208333333333
400.403925399999	0.580208333333333
400.4203622	0.580208333333333
400.4371319	0.580208333333333
400.4540179	0.580208333333333
400.4705174	0.580208333333333
400.4874107	0.580208333333333
400.5038881	0.580208333333333
400.5203643	0.580208333333333
400.536900699999	0.580208333333333
400.5543664	0.580208333333333
400.5704198	0.580208333333333
400.5870511	0.580208333333333
400.6038245	0.580208333333333
400.620538199999	0.580208333333333
400.6367367	0.580208333333333
400.654024999999	0.580208333333333
400.6704926	0.580208333333333
400.6868779	0.580208333333333
400.703898499999	0.580208333333333
400.7211517	0.580208333333333
400.736707699999	0.580208333333333
400.75397	0.580208333333333
400.7705094	0.580208333333333
400.7872187	0.580208333333333
400.803731	0.580208333333333
400.8206218	0.580208333333333
400.8369624	0.580208333333333
400.853564099999	0.580208333333333
400.870845399999	0.580208333333333
400.8869859	0.580208333333333
400.9040026	0.580208333333333
400.920344199999	0.580208333333333
400.937214	0.580208333333333
400.953705599999	0.580208333333333
400.970317899999	0.580208333333333
400.9868424	0.580208333333333
401.0037615	0.580208333333333
401.0203576	0.580208333333333
401.0371436	0.580208333333333
401.0535188	0.580208333333333
401.0704775	0.580208333333333
401.086777999999	0.580208333333333
401.1040137	0.580208333333333
401.1205666	0.580208333333333
401.136996	0.580208333333333
401.153214699999	0.580208333333333
401.1703095	0.580208333333333
401.1867271	0.580208333333333
401.2043698	0.580208333333333
401.2205388	0.580208333333333
401.2367576	0.580208333333333
401.2542211	0.580208333333333
401.2703741	0.580208333333333
401.2873552	0.580208333333333
401.304117499999	0.580208333333333
401.3202774	0.580208333333333
401.337099299999	0.580208333333333
401.353957	0.580208333333333
401.370412	0.580208333333333
401.387203299999	0.580208333333333
401.403495	0.580208333333333
401.4203447	0.580208333333333
401.4367092	0.580208333333333
401.4534969	0.580208333333333
401.4706563	0.580208333333333
401.486721799999	0.580208333333333
401.5037815	0.580208333333333
401.5199296	0.580208333333333
401.5367686	0.580208333333333
401.5537795	0.580208333333333
401.570584	0.580208333333333
401.5867296	0.580208333333333
401.6039829	0.580208333333333
401.6204091	0.580208333333333
401.6368135	0.580208333333333
401.6538298	0.580208333333333
401.670580099999	0.580208333333333
401.687025	0.580208333333333
401.704219	0.580208333333333
401.7205465	0.580208333333333
401.7365804	0.580208333333333
401.7541956	0.580208333333333
401.7708054	0.580208333333333
401.7866813	0.580208333333333
401.8038934	0.580208333333333
401.820426199999	0.580208333333333
401.8371708	0.580208333333333
401.854038399999	0.580208333333333
401.8701922	0.580208333333333
401.8867371	0.580208333333333
401.9040033	0.580208333333333
401.9203103	0.580208333333333
401.936866699999	0.580208333333333
401.953841	0.580208333333333
401.9704698	0.580208333333333
401.9871589	0.580208333333333
402.0037621	0.580208333333333
402.0202828	0.580208333333333
402.0368523	0.580208333333333
402.053758	0.580208333333333
402.0703678	0.580208333333333
402.0869404	0.580208333333333
402.1037941	0.580208333333333
402.1199802	0.580208333333333
402.1370277	0.580208333333333
402.1535207	0.580208333333333
402.1705215	0.580208333333333
402.1870981	0.580208333333333
402.2037336	0.580208333333333
402.220572199999	0.580208333333333
402.2366779	0.580208333333333
402.2537582	0.580208333333333
402.2701179	0.580208333333333
402.2869145	0.580208333333333
402.303091	0.580208333333333
402.3202201	0.580208333333333
402.337037	0.580208333333333
402.3535059	0.580208333333333
402.370272199999	0.580208333333333
402.3869086	0.580208333333333
402.403723	0.580208333333333
402.4210411	0.580208333333333
402.4369272	0.580208333333333
402.4536084	0.580208333333333
402.4704276	0.580208333333333
402.4870575	0.580208333333333
402.503934	0.580208333333333
402.5205045	0.580208333333333
402.536976899999	0.580208333333333
402.553661599999	0.580208333333333
402.5702925	0.580208333333333
402.586604699999	0.580208333333333
402.6034703	0.580208333333333
402.6206336	0.580208333333333
402.6367776	0.580208333333333
402.653741099999	0.580208333333333
402.6705363	0.580208333333333
402.6870901	0.580208333333333
402.703801	0.580208333333333
402.7205892	0.580208333333333
402.7373043	0.580208333333333
402.7538691	0.580208333333333
402.770074	0.580208333333333
402.786637	0.580208333333333
402.8037841	0.580208333333333
402.8203013	0.580208333333333
402.836771299999	0.580208333333333
402.853912	0.580208333333333
402.8702297	0.580208333333333
402.8867715	0.580208333333333
402.9039823	0.580208333333333
402.920553699999	0.580208333333333
402.9369659	0.580208333333333
402.953847	0.580208333333333
402.9703932	0.580208333333333
402.9866852	0.580208333333333
403.0037347	0.580208333333333
403.020458699999	0.580208333333333
403.036913599999	0.580208333333333
403.0534261	0.580208333333333
403.07038	0.580208333333333
403.087346	0.580208333333333
403.1038119	0.580208333333333
403.1202578	0.580208333333333
403.1367513	0.580208333333333
403.1540433	0.580208333333333
403.1702937	0.580208333333333
403.187165299999	0.580208333333333
403.2037461	0.580208333333333
403.220440699999	0.580208333333333
403.2367455	0.580208333333333
403.2540741	0.580208333333333
403.2702411	0.580208333333333
403.287094299999	0.580208333333333
403.303335999999	0.580208333333333
403.320314	0.580208333333333
403.3365411	0.580208333333333
403.3536875	0.580208333333333
403.370279	0.580208333333333
403.3866842	0.580208333333333
403.4041633	0.580208333333333
403.4205001	0.580208333333333
403.436598199999	0.580208333333333
403.4537141	0.580208333333333
403.4702439	0.580208333333333
403.486923299999	0.580208333333333
403.5037816	0.580208333333333
403.5206269	0.580208333333333
403.5368087	0.580208333333333
403.553778	0.580208333333333
403.5700117	0.580208333333333
403.586886	0.580208333333333
403.6039588	0.580208333333333
403.6200888	0.580208333333333
403.636908	0.580208333333333
403.6536817	0.580208333333333
403.6703231	0.580208333333333
403.6869703	0.580208333333333
403.7040646	0.580208333333333
403.7203255	0.580208333333333
403.7369382	0.580208333333333
403.753702699999	0.580208333333333
403.7703154	0.580208333333333
403.7870428	0.580208333333333
403.8036937	0.580208333333333
403.820218599999	0.580208333333333
403.8363686	0.580208333333333
403.853642099999	0.580208333333333
403.8701152	0.580208333333333
403.887012	0.580208333333333
403.9035369	0.580208333333333
403.920575	0.580208333333333
403.9368007	0.580208333333333
403.9538535	0.580208333333333
403.9703155	0.580208333333333
403.9869496	0.580208333333333
404.0039636	0.580208333333333
404.020430999999	0.580208333333333
404.036807999999	0.580208333333333
404.0538787	0.580208333333333
404.0702267	0.580208333333333
404.0867225	0.580208333333333
404.1038501	0.580208333333333
404.1201269	0.580208333333333
404.1369699	0.580208333333333
404.153910099999	0.580208333333333
404.170357	0.580208333333333
404.1871354	0.580208333333333
404.2039479	0.580208333333333
404.220256999999	0.580208333333333
404.2366938	0.580208333333333
404.254106299999	0.580208333333333
404.2699386	0.580208333333333
404.2870269	0.580208333333333
404.303148099999	0.580208333333333
404.3205004	0.580208333333333
404.336714	0.580208333333333
404.3537339	0.580208333333333
404.3702548	0.580208333333333
404.3870118	0.580208333333333
404.4038515	0.580208333333333
404.4202356	0.580208333333333
404.4366986	0.580208333333333
404.4536009	0.580208333333333
404.4701937	0.580208333333333
404.486974299999	0.580208333333333
404.5037228	0.580208333333333
404.5202468	0.580208333333333
404.5365224	0.580208333333333
404.55373	0.580208333333333
404.5703997	0.580208333333333
404.5868997	0.580208333333333
404.6038957	0.580208333333333
404.6201808	0.580208333333333
404.6368718	0.580208333333333
404.6537623	0.580208333333333
404.6701349	0.580208333333333
404.686491399999	0.580208333333333
404.70384	0.580208333333333
404.7202192	0.580208333333333
404.7365061	0.580208333333333
404.7535277	0.580208333333333
404.7699757	0.580208333333333
404.786578199999	0.580208333333333
404.8035844	0.580208333333333
404.8201151	0.580208333333333
404.8367167	0.580208333333333
404.853960999999	0.580208333333333
404.870151799999	0.580208333333333
404.8872442	0.580208333333333
404.9037324	0.580208333333333
404.9201719	0.580208333333333
404.9369197	0.580208333333333
404.953510899999	0.580208333333333
404.970542099999	0.580208333333333
404.9870454	0.580208333333333
405.0039004	0.580208333333333
405.0202851	0.580208333333333
405.0363985	0.580208333333333
405.0532036	0.580208333333333
405.0699579	0.580208333333333
405.086973399999	0.580208333333333
405.103351499999	0.580208333333333
405.1200662	0.580208333333333
405.137166	0.580208333333333
405.153794599999	0.580208333333333
405.1702867	0.580208333333333
405.1871274	0.580208333333333
405.2036954	0.580208333333333
405.2205168	0.580208333333333
405.2369585	0.580208333333333
405.2533939	0.580208333333333
405.2699835	0.580208333333333
405.2865995	0.580208333333333
405.3033105	0.580208333333333
405.3200037	0.580208333333333
405.3369465	0.580208333333333
405.3536097	0.580208333333333
405.3700845	0.580208333333333
405.3875889	0.580208333333333
405.404144099999	0.580208333333333
405.420172199999	0.580208333333333
405.4368321	0.580208333333333
405.4537072	0.580208333333333
405.4701032	0.580208333333333
405.4870848	0.580208333333333
405.5041245	0.580208333333333
405.520015	0.580208333333333
405.5364147	0.580208333333333
405.5542916	0.580208333333333
405.5699982	0.580208333333333
405.5870249	0.580208333333333
405.6033661	0.580208333333333
405.6201921	0.580208333333333
405.6371603	0.580208333333333
405.6538481	0.580208333333333
405.6701312	0.580208333333333
405.687029499999	0.580208333333333
405.7030822	0.580208333333333
405.7201424	0.580208333333333
405.7369304	0.580208333333333
405.753544799999	0.580208333333333
405.770120199999	0.580208333333333
405.786582	0.580208333333333
405.8032631	0.580208333333333
405.8199665	0.580208333333333
405.8370141	0.580208333333333
405.8534832	0.580208333333333
405.869942899999	0.580208333333333
405.8873453	0.580208333333333
405.9037606	0.580208333333333
405.9201063	0.580208333333333
405.937101399999	0.580208333333333
405.9534614	0.580208333333333
405.9700479	0.580208333333333
405.986793	0.580208333333333
406.0035379	0.580208333333333
406.0198513	0.580208333333333
406.0367296	0.580208333333333
406.0536834	0.580208333333333
406.0702372	0.580208333333333
406.0870382	0.580208333333333
406.1038937	0.580208333333333
406.1201595	0.580208333333333
406.1370562	0.580208333333333
406.1540282	0.580208333333333
406.1704789	0.580208333333333
406.186695	0.580208333333333
406.2029911	0.580208333333333
406.2203405	0.580208333333333
406.2370072	0.580208333333333
406.2535057	0.580208333333333
406.270297	0.580208333333333
406.2870624	0.580208333333333
406.3040342	0.588541666666667
406.320259799999	0.588541666666667
406.3371186	0.597916666666667
406.3537528	0.597916666666667
406.3701109	0.597916666666667
406.3870912	0.597916666666667
406.4037459	0.597916666666667
406.420238	0.597916666666667
406.437027699999	0.597916666666667
406.4535868	0.597916666666667
406.470011	0.597916666666667
406.486954699999	0.597916666666667
406.5031718	0.597916666666667
406.5202611	0.597916666666667
406.5367554	0.597916666666667
406.553509899999	0.597916666666667
406.5703306	0.597916666666667
406.5869958	0.597916666666667
406.6035349	0.597916666666667
406.6202903	0.597916666666667
406.6370498	0.597916666666667
406.6537263	0.597916666666667
406.670231	0.597916666666667
406.6867449	0.597916666666667
406.703708099999	0.597916666666667
406.7200121	0.597916666666667
406.7366606	0.597916666666667
406.7537779	0.597916666666667
406.770104	0.615625
406.7870201	0.615625
406.8036784	0.623958333333333
406.8201434	0.623958333333333
406.8370173	0.623958333333333
406.8531222	0.623958333333333
406.8701527	0.633333333333333
406.887074199999	0.633333333333333
406.9034631	0.633333333333333
406.919756299999	0.633333333333333
406.9370126	0.633333333333333
406.9534945	0.633333333333333
406.9699061	0.633333333333333
406.986987299999	0.633333333333333
407.0036196	0.633333333333333
407.020228	0.633333333333333
407.036954799999	0.633333333333333
407.0537439	0.633333333333333
407.0700794	0.633333333333333
407.0867275	0.633333333333333
407.1032708	0.633333333333333
407.1204065	0.633333333333333
407.137068699999	0.633333333333333
407.1535791	0.633333333333333
407.169816499999	0.633333333333333
407.1869732	0.633333333333333
407.2032594	0.633333333333333
407.2205101	0.633333333333333
407.237101	0.633333333333333
407.2535916	0.633333333333333
407.2700725	0.633333333333333
407.2866643	0.633333333333333
407.303682499999	0.633333333333333
407.3202059	0.633333333333333
407.337196	0.633333333333333
407.3533266	0.633333333333333
407.3702042	0.633333333333333
407.386958	0.633333333333333
407.403626	0.633333333333333
407.4207672	0.633333333333333
407.4369438	0.633333333333333
407.4534546	0.633333333333333
407.4702297	0.633333333333333
407.4870107	0.633333333333333
407.5035457	0.633333333333333
407.519933399999	0.633333333333333
407.536856499999	0.633333333333333
407.5535525	0.633333333333333
407.5702295	0.633333333333333
407.587027	0.633333333333333
407.6035239	0.633333333333333
407.620217499999	0.633333333333333
407.6365879	0.633333333333333
407.6535369	0.633333333333333
407.6700285	0.633333333333333
407.6871378	0.633333333333333
407.7033934	0.633333333333333
407.7204482	0.633333333333333
407.7370867	0.633333333333333
407.7532848	0.633333333333333
407.7702098	0.633333333333333
407.786932099999	0.633333333333333
407.803461999999	0.633333333333333
407.820387499999	0.633333333333333
407.836607199999	0.633333333333333
407.8537211	0.633333333333333
407.8701203	0.633333333333333
407.886859799999	0.633333333333333
407.9034522	0.633333333333333
407.9202291	0.633333333333333
407.936483999999	0.633333333333333
407.9536204	0.633333333333333
407.9701487	0.633333333333333
407.986959599999	0.633333333333333
408.0033865	0.633333333333333
408.020078999999	0.633333333333333
408.0366901	0.633333333333333
408.053678899999	0.633333333333333
408.0701239	0.633333333333333
408.086927	0.633333333333333
408.1036414	0.633333333333333
408.1201694	0.633333333333333
408.136921899999	0.633333333333333
408.1536178	0.633333333333333
408.1698685	0.633333333333333
408.1867197	0.633333333333333
408.203206799999	0.633333333333333
408.220319099999	0.633333333333333
408.236733499999	0.633333333333333
408.2534991	0.633333333333333
408.2697443	0.633333333333333
408.2870551	0.633333333333333
408.3037343	0.633333333333333
408.3199533	0.633333333333333
408.3369718	0.633333333333333
408.3533923	0.633333333333333
408.3701946	0.633333333333333
408.3867561	0.633333333333333
408.403530999999	0.633333333333333
408.420120599999	0.633333333333333
408.4369752	0.633333333333333
408.453225	0.633333333333333
408.4701718	0.633333333333333
408.4866957	0.633333333333333
408.5036074	0.633333333333333
408.520051399999	0.633333333333333
408.5366167	0.633333333333333
408.5533559	0.633333333333333
408.5699977	0.633333333333333
408.5870687	0.633333333333333
408.6040109	0.633333333333333
408.6199966	0.633333333333333
408.637029	0.633333333333333
408.653655699999	0.633333333333333
408.6697534	0.633333333333333
408.6865758	0.633333333333333
408.703501699999	0.633333333333333
408.7200939	0.633333333333333
408.7365537	0.633333333333333
408.7536192	0.633333333333333
408.7696028	0.633333333333333
408.787117599999	0.633333333333333
408.8032473	0.633333333333333
408.820068099999	0.633333333333333
408.836919899999	0.633333333333333
408.8531612	0.633333333333333
408.870436799999	0.633333333333333
408.887178699999	0.633333333333333
408.903595499999	0.633333333333333
408.9200323	0.633333333333333
408.9370481	0.633333333333333
408.953649099999	0.633333333333333
408.9696303	0.633333333333333
408.9865568	0.633333333333333
409.0033567	0.633333333333333
409.0201979	0.633333333333333
409.036989	0.633333333333333
409.053532599999	0.633333333333333
409.0702316	0.633333333333333
409.086804399999	0.633333333333333
409.1033917	0.633333333333333
409.1201526	0.633333333333333
409.1368839	0.633333333333333
409.153506	0.633333333333333
409.170033899999	0.633333333333333
409.186907	0.633333333333333
409.2034964	0.633333333333333
409.2198379	0.633333333333333
409.2367816	0.633333333333333
409.2535775	0.633333333333333
409.2701458	0.633333333333333
409.287161	0.633333333333333
409.3032466	0.633333333333333
409.320000499999	0.633333333333333
409.3368761	0.633333333333333
409.3534067	0.633333333333333
409.3700164	0.633333333333333
409.3867323	0.633333333333333
409.4030974	0.633333333333333
409.4199755	0.633333333333333
409.4365742	0.633333333333333
409.4532533	0.633333333333333
409.4698601	0.633333333333333
409.4862276	0.633333333333333
409.5033478	0.633333333333333
409.5201734	0.633333333333333
409.536299299999	0.633333333333333
409.553426399999	0.633333333333333
409.5700737	0.633333333333333
409.5866763	0.633333333333333
409.603339899999	0.633333333333333
409.6196471	0.633333333333333
409.6366339	0.633333333333333
409.6534136	0.633333333333333
409.66992	0.633333333333333
409.6869393	0.633333333333333
409.7035215	0.633333333333333
409.7199387	0.633333333333333
409.7369655	0.633333333333333
409.7533186	0.633333333333333
409.770207399999	0.633333333333333
409.7868417	0.633333333333333
409.803300999999	0.633333333333333
409.8198485	0.633333333333333
409.8370513	0.633333333333333
409.8534473	0.633333333333333
409.8698369	0.633333333333333
409.8869056	0.633333333333333
409.9035057	0.633333333333333
409.919538099999	0.633333333333333
409.9369002	0.633333333333333
409.953432199999	0.633333333333333
409.9696465	0.633333333333333
409.9872614	0.633333333333333
410.0035125	0.633333333333333
410.0198246	0.633333333333333
410.0373255	0.633333333333333
410.0535379	0.633333333333333
410.0696751	0.633333333333333
410.086739299999	0.633333333333333
410.103489	0.633333333333333
410.1201157	0.633333333333333
410.1367524	0.633333333333333
410.1533243	0.633333333333333
410.169584899999	0.633333333333333
410.186988299999	0.633333333333333
410.2031627	0.633333333333333
410.2201395	0.633333333333333
410.237224999999	0.633333333333333
410.2534915	0.633333333333333
410.2702586	0.633333333333333
410.2871058	0.633333333333333
410.303473099999	0.633333333333333
410.3196499	0.633333333333333
410.3368512	0.633333333333333
410.3535146	0.633333333333333
410.3701478	0.633333333333333
410.3870561	0.633333333333333
410.4035865	0.633333333333333
410.4197416	0.633333333333333
410.4368125	0.633333333333333
410.453622699999	0.633333333333333
410.4699424	0.633333333333333
410.4870372	0.633333333333333
410.503416399999	0.633333333333333
410.5195885	0.633333333333333
410.536623	0.633333333333333
410.5532929	0.633333333333333
410.569716	0.633333333333333
410.5868512	0.633333333333333
410.603333099999	0.633333333333333
410.6197382	0.633333333333333
410.6365638	0.633333333333333
410.6534796	0.633333333333333
410.669551	0.633333333333333
410.6865849	0.633333333333333
410.7032679	0.633333333333333
410.7197781	0.633333333333333
410.7365239	0.633333333333333
410.753467399999	0.633333333333333
410.7698816	0.633333333333333
410.7870234	0.633333333333333
410.8032065	0.633333333333333
410.819692099999	0.633333333333333
410.8365404	0.633333333333333
410.8533164	0.633333333333333
410.8697135	0.633333333333333
410.887208099999	0.633333333333333
410.903712299999	0.633333333333333
410.919833699999	0.633333333333333
410.9365316	0.633333333333333
410.9536063	0.633333333333333
410.9697487	0.633333333333333
410.9869423	0.633333333333333
411.0034431	0.633333333333333
411.0196463	0.633333333333333
411.036913599999	0.633333333333333
411.0534925	0.633333333333333
411.0699325	0.633333333333333
411.0869108	0.633333333333333
411.1031717	0.633333333333333
411.1196679	0.633333333333333
411.136817	0.633333333333333
411.1530057	0.633333333333333
411.169796799999	0.633333333333333
411.1868963	0.633333333333333
411.2034086	0.633333333333333
411.219771699999	0.633333333333333
411.2370133	0.633333333333333
411.253405399999	0.633333333333333
411.2699599	0.633333333333333
411.2868238	0.633333333333333
411.303635799999	0.633333333333333
411.3200261	0.633333333333333
411.3368919	0.633333333333333
411.3535895	0.633333333333333
411.370183	0.633333333333333
411.3867307	0.633333333333333
411.4033379	0.633333333333333
411.420072599999	0.633333333333333
411.436332799999	0.633333333333333
411.4529194	0.633333333333333
411.4701568	0.633333333333333
411.487406	0.633333333333333
411.5034714	0.633333333333333
411.5195928	0.633333333333333
411.5375322	0.633333333333333
411.5539183	0.633333333333333
411.5699093	0.633333333333333
411.5867724	0.633333333333333
411.6036037	0.633333333333333
411.619929	0.633333333333333
411.6368341	0.633333333333333
411.653350399999	0.633333333333333
411.6699515	0.633333333333333
411.6869347	0.633333333333333
411.7031652	0.633333333333333
411.7199012	0.633333333333333
411.736702	0.633333333333333
411.7535593	0.633333333333333
411.769916799999	0.633333333333333
411.7870788	0.633333333333333
411.8033608	0.633333333333333
411.8197638	0.633333333333333
411.8370162	0.633333333333333
411.8533708	0.633333333333333
411.8695112	0.633333333333333
411.8869308	0.633333333333333
411.9034281	0.633333333333333
411.9200773	0.633333333333333
411.936713699999	0.633333333333333
411.953343799999	0.633333333333333
411.969852199999	0.633333333333333
411.986639	0.633333333333333
412.0038445	0.633333333333333
412.0200048	0.633333333333333
412.036938	0.633333333333333
412.0533456	0.633333333333333
412.0695117	0.633333333333333
412.086458499999	0.633333333333333
412.1029004	0.633333333333333
412.1199665	0.633333333333333
412.1365382	0.633333333333333
412.1533067	0.633333333333333
412.1698557	0.633333333333333
412.1865359	0.633333333333333
412.2032118	0.633333333333333
412.2197538	0.633333333333333
412.2368058	0.633333333333333
412.2533282	0.633333333333333
412.269972099999	0.633333333333333
412.2870252	0.633333333333333
412.3034941	0.633333333333333
412.3198298	0.633333333333333
412.3366331	0.633333333333333
412.352799299999	0.633333333333333
412.3699462	0.633333333333333
412.3865329	0.633333333333333
412.4027457	0.633333333333333
412.419842199999	0.633333333333333
412.4367013	0.633333333333333
412.4533068	0.633333333333333
412.4699956	0.633333333333333
412.4869551	0.633333333333333
412.5032667	0.633333333333333
412.5200168	0.633333333333333
412.536659899999	0.633333333333333
412.5535053	0.633333333333333
412.5700477	0.633333333333333
412.5867748	0.633333333333333
412.603414799999	0.633333333333333
412.6197246	0.633333333333333
412.6368226	0.633333333333333
412.6535367	0.633333333333333
412.6699189	0.633333333333333
412.686705099999	0.633333333333333
412.7034324	0.633333333333333
412.7198982	0.633333333333333
412.7369505	0.633333333333333
412.753020799999	0.633333333333333
412.769895	0.633333333333333
412.786864499999	0.633333333333333
412.8036221	0.633333333333333
412.819811899999	0.633333333333333
412.8366018	0.633333333333333
412.853230499999	0.633333333333333
412.8695304	0.633333333333333
412.8866981	0.633333333333333
412.9035121	0.633333333333333
412.920035	0.633333333333333
412.9362187	0.633333333333333
412.9532614	0.633333333333333
412.9699291	0.633333333333333
412.9868219	0.633333333333333
413.0032916	0.633333333333333
413.0198586	0.633333333333333
413.0366995	0.633333333333333
413.0533482	0.633333333333333
413.0695561	0.633333333333333
413.0867389	0.633333333333333
413.1032058	0.633333333333333
413.1200896	0.633333333333333
413.136924899999	0.633333333333333
413.153287099999	0.633333333333333
413.1694813	0.633333333333333
413.1863898	0.633333333333333
413.20343	0.633333333333333
413.2197579	0.633333333333333
413.2368058	0.633333333333333
413.2535372	0.633333333333333
413.2697179	0.633333333333333
413.2869814	0.633333333333333
413.3031749	0.633333333333333
413.3198166	0.633333333333333
413.3366187	0.633333333333333
413.353312	0.633333333333333
413.3692859	0.633333333333333
413.3865396	0.633333333333333
413.403025999999	0.633333333333333
413.419512299999	0.633333333333333
413.4362829	0.633333333333333
413.453054399999	0.633333333333333
413.469896999999	0.633333333333333
413.4869417	0.633333333333333
413.503298399999	0.633333333333333
413.519734399999	0.633333333333333
413.5367162	0.633333333333333
413.5534118	0.633333333333333
413.5697049	0.633333333333333
413.586755299999	0.633333333333333
413.60329	0.633333333333333
413.6197712	0.633333333333333
413.6365083	0.633333333333333
413.6533964	0.633333333333333
413.6697007	0.633333333333333
413.6866729	0.633333333333333
413.7034135	0.633333333333333
413.719871899999	0.633333333333333
413.7363583	0.633333333333333
413.753399799999	0.633333333333333
413.7697386	0.633333333333333
413.786979	0.633333333333333
413.803319499999	0.633333333333333
413.8198659	0.633333333333333
413.8367778	0.633333333333333
413.8534015	0.633333333333333
413.8695959	0.633333333333333
413.8867756	0.633333333333333
413.90302	0.633333333333333
413.9196139	0.633333333333333
413.9366923	0.633333333333333
413.9532662	0.633333333333333
413.969726899999	0.633333333333333
413.9864758	0.633333333333333
414.0033115	0.633333333333333
414.0197558	0.633333333333333
414.0363563	0.633333333333333
414.0535195	0.633333333333333
414.0696538	0.633333333333333
414.0866756	0.633333333333333
414.1033358	0.633333333333333
414.1199168	0.633333333333333
414.1367711	0.633333333333333
414.1527537	0.633333333333333
414.169880999999	0.633333333333333
414.1867771	0.633333333333333
414.202898	0.633333333333333
414.2200032	0.633333333333333
414.236435599999	0.633333333333333
414.2537158	0.633333333333333
414.2696629	0.633333333333333
414.2866979	0.633333333333333
414.3031951	0.633333333333333
414.3194688	0.633333333333333
414.336797099999	0.633333333333333
414.3535093	0.633333333333333
414.3699556	0.633333333333333
414.3863368	0.633333333333333
414.402911799999	0.633333333333333
414.4196551	0.633333333333333
414.4368356	0.633333333333333
414.453178	0.633333333333333
414.4696449	0.633333333333333
414.4866441	0.633333333333333
414.5034959	0.633333333333333
414.519726	0.633333333333333
414.536685	0.633333333333333
414.5534447	0.633333333333333
414.5695366	0.633333333333333
414.586910699999	0.633333333333333
414.6030182	0.633333333333333
414.6197637	0.633333333333333
414.636483299999	0.633333333333333
414.653399599999	0.633333333333333
414.669785099999	0.633333333333333
414.6862203	0.633333333333333
414.7031647	0.633333333333333
414.7196239	0.633333333333333
414.736504399999	0.633333333333333
414.7532545	0.633333333333333
414.7700054	0.633333333333333
414.7865763	0.633333333333333
414.8032278	0.633333333333333
414.819709299999	0.633333333333333
414.836444999999	0.633333333333333
414.8529023	0.633333333333333
414.869372799999	0.633333333333333
414.886709299999	0.633333333333333
414.9033177	0.633333333333333
414.919627199999	0.633333333333333
414.936644299999	0.633333333333333
414.9530166	0.633333333333333
414.969633499999	0.633333333333333
414.9865249	0.633333333333333
415.002964899999	0.633333333333333
415.0199065	0.633333333333333
415.0367714	0.633333333333333
415.0534862	0.633333333333333
415.0694647	0.633333333333333
415.086686	0.633333333333333
415.103172	0.633333333333333
415.1198896	0.633333333333333
415.136774999999	0.633333333333333
415.1535171	0.633333333333333
415.169494499999	0.633333333333333
415.186526399999	0.633333333333333
415.2028343	0.633333333333333
415.219798799999	0.633333333333333
415.2365754	0.633333333333333
415.253469899999	0.633333333333333
415.2695782	0.633333333333333
415.2868895	0.633333333333333
415.303280799999	0.633333333333333
415.3197034	0.633333333333333
415.3364642	0.633333333333333
415.3533096	0.633333333333333
415.369802199999	0.633333333333333
415.3867567	0.633333333333333
415.4033078	0.633333333333333
415.4199654	0.633333333333333
415.4366275	0.633333333333333
415.4529583	0.633333333333333
415.469967099999	0.633333333333333
415.486532599999	0.633333333333333
415.5034727	0.633333333333333
415.5198037	0.633333333333333
415.536180799999	0.633333333333333
415.5537504	0.633333333333333
415.5695672	0.633333333333333
415.586287199999	0.633333333333333
415.6032476	0.633333333333333
415.619623	0.633333333333333
415.6366326	0.633333333333333
415.653167999999	0.633333333333333
415.670017299999	0.633333333333333
415.686669	0.633333333333333
415.7029857	0.633333333333333
415.7200006	0.633333333333333
415.7366847	0.633333333333333
415.7532353	0.633333333333333
415.7695085	0.633333333333333
415.7866917	0.633333333333333
415.8030427	0.633333333333333
415.8197318	0.633333333333333
415.836621899999	0.633333333333333
415.8531403	0.633333333333333
415.869615499999	0.633333333333333
415.8862797	0.633333333333333
415.903124299999	0.633333333333333
415.9198839	0.633333333333333
415.9366046	0.633333333333333
415.952698099999	0.633333333333333
415.9699412	0.633333333333333
415.9864506	0.633333333333333
416.0031342	0.633333333333333
416.0197204	0.633333333333333
416.0362595	0.633333333333333
416.0535451	0.633333333333333
416.069684	0.633333333333333
416.086764	0.633333333333333
416.10343	0.633333333333333
416.1195655	0.633333333333333
416.1368041	0.633333333333333
416.1529521	0.633333333333333
416.1695224	0.633333333333333
416.1865564	0.633333333333333
416.2029553	0.633333333333333
416.2197448	0.633333333333333
416.2366142	0.633333333333333
416.2530545	0.633333333333333
416.2699227	0.633333333333333
416.2869925	0.641666666666667
416.303437999999	0.65
416.319825	0.65
416.3365792	0.658333333333333
416.3534945	0.658333333333333
416.3697505	0.658333333333333
416.3863815	0.658333333333333
416.402967699999	0.658333333333333
416.4193945	0.658333333333333
416.4366389	0.658333333333333
416.4573454	0.658333333333333
416.469219	0.658333333333333
416.4864969	0.658333333333333
416.503397399999	0.658333333333333
416.5198632	0.658333333333333
416.5362727	0.658333333333333
416.5532741	0.658333333333333
416.5698412	0.658333333333333
416.5863568	0.658333333333333
416.6031302	0.658333333333333
416.6195676	0.658333333333333
416.6363271	0.658333333333333
416.653003999999	0.658333333333333
416.669919699999	0.658333333333333
416.686647999999	0.658333333333333
416.7029969	0.658333333333333
416.7196966	0.658333333333333
416.7365991	0.658333333333333
416.7530446	0.658333333333333
416.7697013	0.658333333333333
416.7864562	0.658333333333333
416.8032861	0.667708333333333
416.8196803	0.667708333333333
416.8366132	0.667708333333333
416.8530547	0.667708333333333
416.869719899999	0.677083333333333
416.8870332	0.685416666666667
416.9033379	0.685416666666667
416.9193622	0.685416666666667
416.9369394	0.685416666666667
416.9525774	0.685416666666667
416.9696795	0.69375
416.9868679	0.703125
417.0030769	0.703125
417.0202481	0.703125
417.0367609	0.703125
417.053254999999	0.695833333333333
417.0700129	0.695833333333333
417.086484299999	0.695833333333333
417.1030992	0.695833333333333
417.119773899999	0.695833333333333
417.1365812	0.695833333333333
417.153079	0.695833333333333
417.1698685	0.695833333333333
417.1863031	0.695833333333333
417.2030728	0.695833333333333
417.2196485	0.695833333333333
417.236462599999	0.695833333333333
417.2530258	0.695833333333333
417.2699467	0.703125
417.286905699999	0.703125
417.3028006	0.703125
417.3198247	0.703125
417.3363875	0.703125
417.3533082	0.703125
417.3698574	0.703125
417.386535499999	0.703125
417.4032463	0.703125
417.419802	0.703125
417.4362176	0.703125
417.4546429	0.703125
417.4702714	0.703125
417.4863444	0.703125
417.5026262	0.703125
417.5198568	0.703125
417.5367489	0.703125
417.5535055	0.703125
417.5697215	0.703125
417.5861666	0.703125
417.603152499999	0.703125
417.6197108	0.703125
417.636668	0.703125
417.653287799999	0.703125
417.6698661	0.703125
417.686627699999	0.703125
417.7031133	0.703125
417.7199896	0.703125
417.7369347	0.711458333333333
417.753047	0.711458333333333
417.7696276	0.719791666666667
417.7865933	0.719791666666667
417.8032828	0.719791666666667
417.819727099999	0.719791666666667
417.836559899999	0.719791666666667
417.853407399999	0.719791666666667
417.8692496	0.719791666666667
417.886718499999	0.719791666666667
417.9031281	0.719791666666667
417.9195537	0.719791666666667
417.9365551	0.728125
417.9531285	0.736458333333333
417.969828899999	0.736458333333333
417.9863773	0.736458333333333
418.0033803	0.736458333333333
418.0194534	0.736458333333333
418.036531499999	0.736458333333333
418.0577016	0.745833333333333
418.069701299999	0.745833333333333
418.086612	0.754166666666667
418.1031809	0.754166666666667
418.120036299999	0.754166666666667
418.136398499999	0.754166666666667
418.153018099999	0.754166666666667
418.1694372	0.754166666666667
418.186335	0.754166666666667
418.203191	0.745833333333333
418.2197004	0.745833333333333
418.236498899999	0.745833333333333
418.2531173	0.745833333333333
418.270029	0.745833333333333
418.2867075	0.745833333333333
418.3031356	0.745833333333333
418.3196272	0.745833333333333
418.3364614	0.753125
418.3529143	0.753125
418.3696592	0.753125
418.3865377	0.753125
418.4029384	0.753125
418.419803599999	0.753125
418.4364019	0.753125
418.4529959	0.753125
418.4699494	0.753125
418.4867084	0.753125
418.5030456	0.753125
418.5194107	0.753125
418.5362902	0.753125
418.5529597	0.753125
418.5695823	0.753125
418.5863119	0.753125
418.6026675	0.753125
418.6197191	0.753125
418.6364258	0.753125
418.6529061	0.753125
418.6701461	0.753125
418.686901099999	0.753125
418.7030837	0.753125
418.7200484	0.7625
418.737071	0.770833333333333
418.7529189	0.770833333333333
418.770184699999	0.770833333333333
418.7872109	0.770833333333333
418.8029424	0.770833333333333
418.819569899999	0.770833333333333
418.8364165	0.770833333333333
418.8526664	0.770833333333333
418.8693849	0.770833333333333
418.8865233	0.770833333333333
418.9025024	0.770833333333333
418.9195764	0.770833333333333
418.936306399999	0.770833333333333
418.9529335	0.770833333333333
418.969951699999	0.770833333333333
418.9866216	0.770833333333333
419.0028227	0.770833333333333
419.0195189	0.770833333333333
419.0363905	0.770833333333333
419.0528293	0.770833333333333
419.070007	0.770833333333333
419.086714099999	0.770833333333333
419.1030331	0.770833333333333
419.11976	0.770833333333333
419.1366042	0.770833333333333
419.1529263	0.770833333333333
419.169572599999	0.770833333333333
419.186588999999	0.770833333333333
419.2026285	0.770833333333333
419.2196596	0.770833333333333
419.2368526	0.770833333333333
419.2528065	0.770833333333333
419.269865	0.770833333333333
419.2861784	0.770833333333333
419.3027152	0.770833333333333
419.319558799999	0.770833333333333
419.3363616	0.770833333333333
419.3529273	0.770833333333333
419.3693522	0.770833333333333
419.3863908	0.770833333333333
419.402626699999	0.770833333333333
419.419824	0.770833333333333
419.4366311	0.770833333333333
419.4528447	0.770833333333333
419.4697592	0.770833333333333
419.4865319	0.770833333333333
419.5027992	0.770833333333333
419.519957399999	0.770833333333333
419.5365914	0.770833333333333
419.5529624	0.770833333333333
419.5695108	0.770833333333333
419.5868675	0.770833333333333
419.6029395	0.770833333333333
419.6195443	0.770833333333333
419.6365977	0.770833333333333
419.6530395	0.770833333333333
419.6697831	0.770833333333333
419.6867722	0.770833333333333
419.7029811	0.770833333333333
419.7196782	0.770833333333333
419.736606999999	0.770833333333333
419.7525181	0.770833333333333
419.7697201	0.770833333333333
419.7865	0.770833333333333
419.802572399999	0.770833333333333
419.819795	0.770833333333333
419.836411799999	0.770833333333333
419.8527788	0.770833333333333
419.8697755	0.770833333333333
419.886373299999	0.770833333333333
419.9031341	0.770833333333333
419.9195952	0.770833333333333
419.9365715	0.770833333333333
419.9527834	0.770833333333333
419.9695682	0.770833333333333
419.9863831	0.770833333333333
420.0028926	0.770833333333333
420.019772	0.770833333333333
420.0365319	0.770833333333333
420.0525544	0.770833333333333
420.0693842	0.770833333333333
420.0864896	0.770833333333333
420.1031049	0.770833333333333
420.119690999999	0.770833333333333
420.136149099999	0.770833333333333
420.1530307	0.770833333333333
420.1693958	0.770833333333333
420.186589599999	0.770833333333333
420.2025497	0.770833333333333
420.2195934	0.770833333333333
420.2364703	0.770833333333333
420.252714	0.770833333333333
420.2699057	0.770833333333333
420.2867204	0.770833333333333
420.3031282	0.770833333333333
420.3196117	0.770833333333333
420.336543899999	0.770833333333333
420.3525936	0.770833333333333
420.3697198	0.770833333333333
420.3864001	0.770833333333333
420.4029041	0.770833333333333
420.4199576	0.770833333333333
420.436447	0.770833333333333
420.4526083	0.770833333333333
420.4699442	0.770833333333333
420.486474899999	0.770833333333333
420.5028756	0.770833333333333
420.520107	0.770833333333333
420.536619399999	0.770833333333333
420.5532456	0.770833333333333
420.5699279	0.770833333333333
420.586429699999	0.770833333333333
420.6025301	0.770833333333333
420.6198179	0.770833333333333
420.636501699999	0.770833333333333
420.6529169	0.770833333333333
420.669954699999	0.770833333333333
420.6864033	0.770833333333333
420.7025024	0.770833333333333
420.719849699999	0.770833333333333
420.7365225	0.770833333333333
420.7527082	0.770833333333333
420.7693987	0.770833333333333
420.7861167	0.770833333333333
420.8028478	0.770833333333333
420.8194166	0.770833333333333
420.8364136	0.770833333333333
420.8526735	0.770833333333333
420.8695126	0.770833333333333
420.8864093	0.770833333333333
420.902718299999	0.770833333333333
420.9198003	0.770833333333333
420.9362582	0.770833333333333
420.9528739	0.770833333333333
420.9696915	0.770833333333333
420.9864762	0.770833333333333
421.0028642	0.770833333333333
421.0198737	0.770833333333333
421.035949099999	0.770833333333333
421.0528121	0.770833333333333
421.069717899999	0.770833333333333
421.0864236	0.770833333333333
421.102859399999	0.770833333333333
421.119522	0.770833333333333
421.1362506	0.770833333333333
421.1529925	0.770833333333333
421.1696434	0.770833333333333
421.1865303	0.770833333333333
421.2027419	0.770833333333333
421.219875599999	0.770833333333333
421.236537599999	0.770833333333333
421.252722	0.770833333333333
421.2697564	0.770833333333333
421.2863966	0.770833333333333
421.3027102	0.770833333333333
421.3199677	0.770833333333333
421.335976	0.770833333333333
421.3529259	0.770833333333333
421.3694933	0.770833333333333
421.386260199999	0.770833333333333
421.4025711	0.770833333333333
421.4195103	0.770833333333333
421.4363069	0.770833333333333
421.4525321	0.770833333333333
421.469433799999	0.770833333333333
421.4866391	0.770833333333333
421.5025584	0.770833333333333
421.519678	0.770833333333333
421.5364902	0.770833333333333
421.5527154	0.770833333333333
421.5696957	0.770833333333333
421.5865062	0.770833333333333
421.6034549	0.770833333333333
421.6195027	0.770833333333333
421.6364112	0.770833333333333
421.6528687	0.770833333333333
421.6696701	0.770833333333333
421.6862574	0.770833333333333
421.702774299999	0.770833333333333
421.7195915	0.770833333333333
421.7362223	0.770833333333333
421.7529241	0.770833333333333
421.7697438	0.770833333333333
421.7862721	0.770833333333333
421.802548	0.770833333333333
421.8195332	0.770833333333333
421.8361826	0.770833333333333
421.852983499999	0.770833333333333
421.869602	0.770833333333333
421.8863353	0.770833333333333
421.9030823	0.770833333333333
421.9196972	0.770833333333333
421.9365154	0.770833333333333
421.9531578	0.770833333333333
421.9696159	0.770833333333333
421.985946499999	0.770833333333333
422.003284	0.770833333333333
422.0194957	0.770833333333333
422.0364961	0.770833333333333
422.0526223	0.770833333333333
422.0695781	0.770833333333333
422.086758299999	0.770833333333333
422.1029058	0.770833333333333
422.1205647	0.770833333333333
422.136616599999	0.770833333333333
422.152839299999	0.770833333333333
422.1696276	0.770833333333333
422.1864065	0.770833333333333
422.2029855	0.770833333333333
422.219721999999	0.770833333333333
422.236550499999	0.770833333333333
422.252732599999	0.770833333333333
422.2695106	0.770833333333333
422.286692	0.770833333333333
422.3029342	0.770833333333333
422.3196913	0.770833333333333
422.336525499999	0.770833333333333
422.352965099999	0.770833333333333
422.369465599999	0.770833333333333
422.3862703	0.770833333333333
422.4032234	0.770833333333333
422.419111	0.770833333333333
422.4363174	0.770833333333333
422.4529183	0.770833333333333
422.4695858	0.770833333333333
422.4865686	0.770833333333333
422.5026402	0.770833333333333
422.5195692	0.770833333333333
422.5369329	0.770833333333333
422.5526657	0.770833333333333
422.569843799999	0.770833333333333
422.5862955	0.770833333333333
422.6027066	0.770833333333333
422.619338	0.770833333333333
422.636241199999	0.770833333333333
422.6527116	0.770833333333333
422.6696919	0.770833333333333
422.685927999999	0.770833333333333
422.7027959	0.770833333333333
422.7198343	0.770833333333333
422.7360704	0.770833333333333
422.752990099999	0.770833333333333
422.769251499999	0.770833333333333
422.7862947	0.770833333333333
422.8023461	0.770833333333333
422.8195694	0.770833333333333
422.8363807	0.770833333333333
422.8528886	0.770833333333333
422.869851299999	0.770833333333333
422.8865415	0.770833333333333
422.9030397	0.770833333333333
422.9197443	0.770833333333333
422.936263999999	0.770833333333333
422.9526655	0.770833333333333
422.9696435	0.770833333333333
422.9862736	0.770833333333333
423.002808799999	0.770833333333333
423.019918099999	0.770833333333333
423.036242799999	0.770833333333333
423.0528247	0.770833333333333
423.0697543	0.770833333333333
423.0861364	0.770833333333333
423.1027528	0.770833333333333
423.1196213	0.770833333333333
423.136293999999	0.770833333333333
423.1526216	0.770833333333333
423.1694114	0.770833333333333
423.1864755	0.770833333333333
423.2026759	0.770833333333333
423.2193717	0.770833333333333
423.2359362	0.770833333333333
423.2530061	0.770833333333333
423.2696608	0.770833333333333
423.2863169	0.770833333333333
423.302934899999	0.770833333333333
423.319862899999	0.770833333333333
423.336105	0.770833333333333
423.3531637	0.770833333333333
423.369756699999	0.770833333333333
423.3861311	0.770833333333333
423.403132899999	0.770833333333333
423.4197357	0.770833333333333
423.4359756	0.770833333333333
423.4523911	0.770833333333333
423.4692476	0.770833333333333
423.486068	0.770833333333333
423.5029697	0.770833333333333
423.5197606	0.770833333333333
423.536272299999	0.770833333333333
423.5531961	0.770833333333333
423.5693073	0.770833333333333
423.5862262	0.770833333333333
423.6030574	0.770833333333333
423.6195052	0.770833333333333
423.6364806	0.770833333333333
423.6530572	0.770833333333333
423.6693726	0.770833333333333
423.6863965	0.770833333333333
423.7028693	0.770833333333333
423.7195357	0.770833333333333
423.7363314	0.770833333333333
423.752830899999	0.770833333333333
423.7694781	0.770833333333333
423.7865903	0.770833333333333
423.802962	0.770833333333333
423.8195056	0.770833333333333
423.836495999999	0.770833333333333
423.8527033	0.770833333333333
423.869558299999	0.770833333333333
423.8862181	0.770833333333333
423.9029287	0.770833333333333
423.9193921	0.770833333333333
423.9360256	0.770833333333333
423.9530708	0.770833333333333
423.9693803	0.770833333333333
423.986323799999	0.770833333333333
424.0023019	0.770833333333333
424.0195724	0.770833333333333
424.035983	0.770833333333333
424.0527857	0.770833333333333
424.0694528	0.770833333333333
424.0863146	0.770833333333333
424.1027859	0.770833333333333
424.1194845	0.770833333333333
424.1363373	0.770833333333333
424.1529448	0.770833333333333
424.169405	0.770833333333333
424.1862349	0.770833333333333
424.202648399999	0.770833333333333
424.2195583	0.770833333333333
424.2358837	0.770833333333333
424.2529036	0.770833333333333
424.269486199999	0.770833333333333
424.2867632	0.770833333333333
424.3029571	0.770833333333333
424.3195953	0.770833333333333
424.336210299999	0.770833333333333
424.352944199999	0.770833333333333
424.3693524	0.770833333333333
424.3861692	0.770833333333333
424.402433799999	0.770833333333333
424.419537599999	0.770833333333333
424.4360083	0.770833333333333
424.452781699999	0.770833333333333
424.469501399999	0.770833333333333
424.486296	0.770833333333333
424.502900999999	0.770833333333333
424.519218	0.770833333333333
424.5362335	0.770833333333333
424.5529481	0.770833333333333
424.5691862	0.770833333333333
424.586541	0.770833333333333
424.6029545	0.770833333333333
424.6197095	0.770833333333333
424.6363053	0.770833333333333
424.6529927	0.770833333333333
424.6696597	0.770833333333333
424.6862994	0.770833333333333
424.7031252	0.770833333333333
424.7195654	0.770833333333333
424.7364193	0.770833333333333
424.7529922	0.770833333333333
424.7692667	0.770833333333333
424.785910999999	0.770833333333333
424.803005599999	0.770833333333333
424.8193559	0.770833333333333
424.8359319	0.770833333333333
424.852928299999	0.770833333333333
424.8696476	0.770833333333333
424.8860738	0.770833333333333
424.9027798	0.770833333333333
424.9197227	0.770833333333333
424.936158399999	0.770833333333333
424.9528423	0.770833333333333
424.9696215	0.770833333333333
424.986165899999	0.770833333333333
425.002615899999	0.770833333333333
425.0196445	0.770833333333333
425.035659199999	0.763541666666667
425.0526665	0.755208333333333
425.0696664	0.755208333333333
425.0864984	0.746875
425.102832999999	0.746875
425.119502	0.746875
425.1361394	0.746875
425.1529501	0.746875
425.1697516	0.746875
425.1861081	0.746875
425.2032442	0.746875
425.2197303	0.746875
425.2362681	0.746875
425.252994399999	0.746875
425.2696353	0.746875
425.2864199	0.746875
425.3024773	0.746875
425.3194702	0.729166666666667
425.3362653	0.729166666666667
425.3526935	0.729166666666667
425.3693904	0.720833333333333
425.386389199999	0.720833333333333
425.4028268	0.720833333333333
425.419394999999	0.720833333333333
425.4361834	0.720833333333333
425.452977599999	0.720833333333333
425.4696965	0.720833333333333
425.4857896	0.720833333333333
425.503662	0.7125
425.5198042	0.7125
425.5360532	0.704166666666667
425.5529685	0.704166666666667
425.5693953	0.704166666666667
425.5861843	0.704166666666667
425.602585499999	0.704166666666667
425.6191861	0.704166666666667
425.6363005	0.704166666666667
425.6528364	0.704166666666667
425.6693629	0.704166666666667
425.6866482	0.704166666666667
425.7029354	0.704166666666667
425.7195367	0.704166666666667
425.7360523	0.704166666666667
425.7526146	0.704166666666667
425.769338	0.704166666666667
425.7863004	0.704166666666667
425.8029164	0.704166666666667
425.8193618	0.704166666666667
425.8359129	0.704166666666667
425.8529421	0.704166666666667
425.8695207	0.704166666666667
425.8863207	0.704166666666667
425.902868199999	0.704166666666667
425.9194346	0.704166666666667
425.9359916	0.704166666666667
425.9529375	0.704166666666667
425.9694029	0.704166666666667
425.9864543	0.704166666666667
426.0030579	0.704166666666667
426.0196641	0.704166666666667
426.0363545	0.704166666666667
426.0530613	0.711458333333333
426.0691979	0.711458333333333
426.0865596	0.711458333333333
426.1032707	0.711458333333333
426.1197118	0.711458333333333
426.136094999999	0.711458333333333
426.1526946	0.711458333333333
426.1693671	0.711458333333333
426.1863308	0.711458333333333
426.202966599999	0.711458333333333
426.2194255	0.711458333333333
426.236042	0.711458333333333
426.252727099999	0.711458333333333
426.269296	0.711458333333333
426.2862027	0.711458333333333
426.3028582	0.711458333333333
426.319113999999	0.711458333333333
426.335848499999	0.711458333333333
426.3528114	0.711458333333333
426.3692963	0.711458333333333
426.3861806	0.711458333333333
426.4027187	0.711458333333333
426.4189827	0.711458333333333
426.4364079	0.711458333333333
426.4527046	0.711458333333333
426.469170299999	0.711458333333333
426.486117999999	0.694791666666667
426.5024462	0.694791666666667
426.5193647	0.694791666666667
426.5359888	0.694791666666667
426.553183699999	0.694791666666667
426.5695899	0.694791666666667
426.5862875	0.694791666666667
426.6030934	0.694791666666667
426.619351299999	0.678125
426.6363531	0.661458333333333
426.6527818	0.661458333333333
426.669699699999	0.653125
426.685896699999	0.64375
426.7024262	0.64375
426.719019199999	0.64375
426.7357693	0.64375
426.7530692	0.64375
426.769251499999	0.64375
426.7862058	0.64375
426.8028744	0.64375
426.819179799999	0.64375
426.8361841	0.64375
426.8532912	0.626041666666667
426.869497499999	0.626041666666667
426.886126	0.626041666666667
426.9027876	0.626041666666667
426.919248	0.626041666666667
426.9359615	0.626041666666667
426.9527193	0.617708333333333
426.969576	0.617708333333333
426.9859623	0.609375
427.0027869	0.609375
427.0194193	0.609375
427.0360758	0.609375
427.0531311	0.609375
427.0695997	0.609375
427.0860505	0.609375
427.1031563	0.609375
427.1194406	0.609375
427.1359046	0.609375
427.1529656	0.609375
427.1692778	0.609375
427.1861038	0.609375
427.2028303	0.609375
427.219606499999	0.609375
427.2358055	0.609375
427.2527654	0.609375
427.269453599999	0.609375
427.2861571	0.609375
427.302232099999	0.609375
427.3187293	0.609375
427.3359258	0.609375
427.3520831	0.609375
427.3693312	0.609375
427.3860109	0.609375
427.4025947	0.609375
427.4193063	0.609375
427.4360225	0.609375
427.453055099999	0.609375
427.4696407	0.609375
427.485547899999	0.609375
427.502625799999	0.609375
427.5191394	0.609375
427.5355796	0.609375
427.5522365	0.609375
427.5692122	0.609375
427.5859825	0.609375
427.6030342	0.609375
427.6192177	0.609375
427.6361009	0.609375
427.6526113	0.609375
427.669267899999	0.609375
427.6863835	0.609375
427.7027662	0.609375
427.7193207	0.609375
427.7361716	0.609375
427.7525159	0.609375
427.7693889	0.609375
427.785946099999	0.609375
427.8023883	0.609375
427.8191783	0.609375
427.8360528	0.609375
427.8524317	0.609375
427.8698647	0.609375
427.8860132	0.609375
427.902807999999	0.609375
427.919993	0.609375
427.935585799999	0.609375
427.9528115	0.609375
427.9695789	0.609375
427.9855123	0.609375
428.002623299999	0.609375
428.0195644	0.609375
428.0360408	0.609375
428.0526736	0.609375
428.0692961	0.609375
428.0860308	0.609375
428.103239099999	0.609375
428.1202742	0.609375
428.1357573	0.609375
428.152601499999	0.609375
428.169414099999	0.609375
428.1856388	0.609375
428.202953699999	0.609375
428.2194638	0.609375
428.235719199999	0.609375
428.252620799999	0.609375
428.2695718	0.609375
428.285738399999	0.609375
428.3024875	0.609375
428.3194693	0.609375
428.3356676	0.609375
428.3525428	0.609375
428.369560799999	0.591666666666667
428.3863084	0.591666666666667
428.4026579	0.591666666666667
428.4193571	0.591666666666667
428.4358753	0.591666666666667
428.452511999999	0.591666666666667
428.469556699999	0.591666666666667
428.485712499999	0.591666666666667
428.5024348	0.591666666666667
428.519175999999	0.591666666666667
428.5355039	0.591666666666667
428.552521399999	0.591666666666667
428.569239	0.591666666666667
428.5857376	0.591666666666667
428.6024856	0.591666666666667
428.6196521	0.591666666666667
428.635703699999	0.591666666666667
428.652684499999	0.583333333333333
428.6691246	0.583333333333333
428.685682899999	0.583333333333333
428.702300599999	0.583333333333333
428.7193977	0.583333333333333
428.735387499999	0.583333333333333
428.752437799999	0.583333333333333
428.769441299999	0.583333333333333
428.786039499999	0.583333333333333
428.8024224	0.583333333333333
428.819512699999	0.583333333333333
428.8361249	0.583333333333333
428.8526983	0.583333333333333
428.8693016	0.583333333333333
428.8863152	0.583333333333333
428.9027504	0.583333333333333
428.9190734	0.583333333333333
428.9355788	0.583333333333333
428.9528862	0.583333333333333
428.969093499999	0.583333333333333
428.9856358	0.583333333333333
429.0022604	0.583333333333333
429.0194664	0.583333333333333
429.0354672	0.583333333333333
429.0526348	0.583333333333333
429.0691114	0.583333333333333
429.0857065	0.583333333333333
429.1027011	0.583333333333333
429.1194	0.583333333333333
429.135795799999	0.583333333333333
429.152781499999	0.583333333333333
429.1690278	0.583333333333333
429.185704	0.583333333333333
429.2025579	0.583333333333333
429.219022899999	0.583333333333333
429.2355513	0.583333333333333
429.2529196	0.583333333333333
429.269030299999	0.583333333333333
429.2856754	0.583333333333333
429.3030482	0.583333333333333
429.3193058	0.583333333333333
429.3357726	0.583333333333333
429.353000699999	0.583333333333333
429.3693456	0.583333333333333
429.3859293	0.583333333333333
429.4029148	0.583333333333333
429.4194	0.583333333333333
429.4357159	0.583333333333333
429.452750299999	0.583333333333333
429.468982	0.583333333333333
429.485635	0.583333333333333
429.502777499999	0.583333333333333
429.5192941	0.583333333333333
429.535839199999	0.583333333333333
429.5525916	0.583333333333333
429.5693144	0.583333333333333
429.5859194	0.583333333333333
429.602689899999	0.583333333333333
429.619413	0.583333333333333
429.6358386	0.583333333333333
429.652865	0.583333333333333
429.6694662	0.583333333333333
429.6856966	0.583333333333333
429.7027048	0.583333333333333
429.7191658	0.583333333333333
429.7359137	0.583333333333333
429.7530805	0.583333333333333
429.7696358	0.583333333333333
429.7855972	0.583333333333333
429.802819999999	0.583333333333333
429.819381299999	0.583333333333333
429.8356791	0.583333333333333
429.8526639	0.583333333333333
429.8696102	0.583333333333333
429.8855606	0.583333333333333
429.9022362	0.583333333333333
429.919083499999	0.583333333333333
429.9357534	0.583333333333333
429.952919299999	0.583333333333333
429.969301799999	0.583333333333333
429.985645	0.583333333333333
430.0028489	0.583333333333333
430.0191836	0.583333333333333
430.0355797	0.583333333333333
430.052769599999	0.583333333333333
430.0690433	0.583333333333333
430.0856311	0.583333333333333
430.1028151	0.583333333333333
430.1193042	0.583333333333333
430.1357105	0.583333333333333
430.1528944	0.583333333333333
430.169029	0.583333333333333
430.1860809	0.583333333333333
430.202652699999	0.583333333333333
430.2193981	0.583333333333333
430.2359729	0.583333333333333
430.252596899999	0.583333333333333
430.2694783	0.583333333333333
430.2856706	0.583333333333333
430.302702099999	0.583333333333333
430.319156	0.583333333333333
430.3355341	0.583333333333333
430.3523482	0.583333333333333
430.3692865	0.583333333333333
430.3855455	0.583333333333333
430.4027482	0.583333333333333
430.4191986	0.583333333333333
430.4357287	0.583333333333333
430.4523032	0.583333333333333
430.469337	0.583333333333333
430.4858198	0.583333333333333
430.5028658	0.583333333333333
430.519235499999	0.583333333333333
430.5357638	0.583333333333333
430.5527814	0.583333333333333
430.569016899999	0.583333333333333
430.5859177	0.583333333333333
430.6027269	0.583333333333333
430.6191121	0.583333333333333
430.6354879	0.583333333333333
430.6525767	0.583333333333333
430.6694753	0.583333333333333
430.685911399999	0.583333333333333
430.7022179	0.583333333333333
430.7193873	0.583333333333333
430.736009	0.583333333333333
430.752676799999	0.583333333333333
430.7690917	0.583333333333333
430.785857599999	0.583333333333333
430.8027854	0.583333333333333
430.8191873	0.583333333333333
430.8356799	0.583333333333333
430.8525791	0.583333333333333
430.8693062	0.583333333333333
430.8859964	0.583333333333333
430.9022031	0.583333333333333
430.9191572	0.583333333333333
430.935571699999	0.583333333333333
430.9526024	0.583333333333333
430.9693132	0.583333333333333
430.9859216	0.583333333333333
431.0025747	0.583333333333333
431.0190835	0.583333333333333
431.0356495	0.583333333333333
431.0527486	0.583333333333333
431.0692341	0.583333333333333
431.0856969	0.583333333333333
431.1023553	0.583333333333333
431.119478399999	0.583333333333333
431.136293	0.583333333333333
431.1529625	0.583333333333333
431.1693658	0.583333333333333
431.1860323	0.583333333333333
431.203088	0.583333333333333
431.219461499999	0.583333333333333
431.2357478	0.583333333333333
431.2525556	0.583333333333333
431.2690081	0.583333333333333
431.2859899	0.583333333333333
431.3026914	0.583333333333333
431.3193676	0.583333333333333
431.3359011	0.583333333333333
431.3529053	0.583333333333333
431.3692157	0.583333333333333
431.3857765	0.583333333333333
431.4027102	0.583333333333333
431.4192964	0.583333333333333
431.4357144	0.583333333333333
431.4526741	0.583333333333333
431.4691756	0.583333333333333
431.485491	0.583333333333333
431.5023464	0.583333333333333
431.5191045	0.583333333333333
431.5361018	0.583333333333333
431.5526718	0.583333333333333
431.569570499999	0.583333333333333
431.585639599999	0.583333333333333
431.6030521	0.583333333333333
431.6191392	0.583333333333333
431.6355825	0.583333333333333
431.653224	0.583333333333333
431.6695089	0.583333333333333
431.686045999999	0.583333333333333
431.702540299999	0.583333333333333
431.719126099999	0.583333333333333
431.7360394	0.583333333333333
431.7526594	0.583333333333333
431.7688985	0.583333333333333
431.7857047	0.583333333333333
431.8022761	0.583333333333333
431.8188727	0.583333333333333
431.8356763	0.575
431.852391	0.575
431.8691877	0.575
431.8860854	0.582291666666667
431.902849099999	0.590625
431.9192742	0.598958333333333
431.936037299999	0.598958333333333
431.9528229	0.598958333333333
431.96927	0.598958333333333
431.9860456	0.608333333333333
432.002587699999	0.608333333333333
432.0193494	0.609375
432.0359097	0.609375
432.0527428	0.609375
432.069063599999	0.609375
432.0853568	0.609375
432.1026802	0.616666666666667
432.1194473	0.616666666666667
432.1361156	0.616666666666667
432.1524167	0.616666666666667
432.1693101	0.616666666666667
432.1855065	0.616666666666667
432.2026358	0.616666666666667
432.219479	0.616666666666667
432.2360439	0.616666666666667
432.2525909	0.616666666666667
432.2692496	0.616666666666667
432.285386999999	0.616666666666667
432.3024639	0.616666666666667
432.3190314	0.616666666666667
432.3355634	0.616666666666667
432.3526348	0.616666666666667
432.368924899999	0.616666666666667
432.386008399999	0.616666666666667
432.4027692	0.616666666666667
432.4190636	0.616666666666667
432.4358264	0.616666666666667
432.452671	0.616666666666667
432.4694853	0.616666666666667
432.4862366	0.616666666666667
432.5021977	0.616666666666667
432.519502199999	0.616666666666667
432.5359507	0.616666666666667
432.552653	0.616666666666667
432.5692563	0.616666666666667
432.5856698	0.616666666666667
432.6026544	0.616666666666667
432.6191667	0.616666666666667
432.6360615	0.616666666666667
432.6530167	0.616666666666667
432.6692466	0.616666666666667
432.6859812	0.616666666666667
432.70268	0.616666666666667
432.7191161	0.616666666666667
432.735993899999	0.616666666666667
432.752206199999	0.616666666666667
432.7690639	0.616666666666667
432.7854254	0.616666666666667
432.8024825	0.616666666666667
432.819232599999	0.616666666666667
432.8358959	0.616666666666667
432.8526872	0.616666666666667
432.8691481	0.616666666666667
432.8854982	0.616666666666667
432.9025164	0.616666666666667
432.918924	0.616666666666667
432.935913299999	0.616666666666667
432.9524838	0.616666666666667
432.968631499999	0.633333333333333
432.9861211	0.633333333333333
433.0024809	0.633333333333333
433.0188641	0.633333333333333
433.0359495	0.633333333333333
433.0527006	0.633333333333333
433.0691868	0.633333333333333
433.0860621	0.633333333333333
433.1026368	0.633333333333333
433.1190102	0.633333333333333
433.1359615	0.633333333333333
433.1527655	0.633333333333333
433.1690923	0.633333333333333
433.186015299999	0.633333333333333
433.2020883	0.633333333333333
433.218975499999	0.633333333333333
433.235773899999	0.633333333333333
433.2526138	0.633333333333333
433.2690578	0.633333333333333
433.286316499999	0.633333333333333
433.3025781	0.633333333333333
433.319272499999	0.633333333333333
433.3358924	0.633333333333333
433.3525995	0.633333333333333
433.3691213	0.633333333333333
433.3856683	0.633333333333333
433.4021128	0.633333333333333
433.4188723	0.633333333333333
433.4356456	0.633333333333333
433.4527978	0.633333333333333
433.469207799999	0.633333333333333
433.4859642	0.633333333333333
433.5022273	0.633333333333333
433.5191603	0.633333333333333
433.5358728	0.633333333333333
433.552764099999	0.633333333333333
433.5691408	0.633333333333333
433.5855207	0.633333333333333
433.602519099999	0.633333333333333
433.6190835	0.633333333333333
433.6358942	0.633333333333333
433.6528742	0.633333333333333
433.66874	0.633333333333333
433.6856693	0.633333333333333
433.7023991	0.633333333333333
433.719261	0.633333333333333
433.7359403	0.633333333333333
433.7526554	0.633333333333333
433.7690882	0.633333333333333
433.7855009	0.633333333333333
433.8025664	0.633333333333333
433.81909	0.633333333333333
433.835960899999	0.633333333333333
433.852722499999	0.633333333333333
433.868892399999	0.633333333333333
433.8855914	0.633333333333333
433.9028218	0.633333333333333
433.9186628	0.633333333333333
433.9356747	0.633333333333333
433.952286499999	0.633333333333333
433.9688811	0.633333333333333
433.9857281	0.633333333333333
434.0028638	0.633333333333333
434.0192698	0.633333333333333
434.0361386	0.633333333333333
434.0526485	0.633333333333333
434.0689968	0.633333333333333
434.086108999999	0.633333333333333
434.1026216	0.633333333333333
434.1191632	0.633333333333333
434.1359815	0.633333333333333
434.1525409	0.633333333333333
434.169083499999	0.633333333333333
434.1859549	0.633333333333333
434.2024914	0.633333333333333
434.2191626	0.633333333333333
434.2354417	0.633333333333333
434.2523802	0.633333333333333
434.2691277	0.633333333333333
434.285445999999	0.633333333333333
434.3022668	0.633333333333333
434.3192345	0.633333333333333
434.3358005	0.633333333333333
434.3525335	0.633333333333333
434.3689817	0.633333333333333
434.3855592	0.633333333333333
434.4023615	0.633333333333333
434.419043599999	0.633333333333333
434.4354933	0.633333333333333
434.4524976	0.633333333333333
434.4691756	0.633333333333333
434.4861971	0.633333333333333
434.5025659	0.633333333333333
434.5185298	0.633333333333333
434.5359058	0.633333333333333
434.5524857	0.633333333333333
434.5691529	0.633333333333333
434.5859305	0.633333333333333
434.6033457	0.633333333333333
434.6190958	0.633333333333333
434.6358272	0.633333333333333
434.6527094	0.633333333333333
434.6692712	0.633333333333333
434.685904699999	0.633333333333333
434.702154	0.633333333333333
434.7190539	0.633333333333333
434.7360955	0.633333333333333
434.752057499999	0.633333333333333
434.7689389	0.633333333333333
434.786081	0.633333333333333
434.8021305	0.633333333333333
434.8192253	0.633333333333333
434.8360071	0.633333333333333
434.8528842	0.633333333333333
434.8690222	0.633333333333333
434.885752	0.633333333333333
434.9024573	0.633333333333333
434.919056	0.633333333333333
434.935924299999	0.633333333333333
434.952346699999	0.633333333333333
434.9691324	0.633333333333333
434.9855464	0.633333333333333
435.0023595	0.633333333333333
435.0192303	0.633333333333333
435.0359519	0.641666666666667
435.0526948	0.651041666666667
435.0692426	0.651041666666667
435.0861429	0.659375
435.1024279	0.66875
435.118923099999	0.66875
435.1357953	0.66875
435.152445	0.66875
435.1692177	0.66875
435.185761499999	0.66875
435.2033517	0.66875
435.218979199999	0.66875
435.2356465	0.66875
435.2525315	0.66875
435.2691172	0.66875
435.2858675	0.66875
435.3023148	0.66875
435.3190046	0.66875
435.3358124	0.66875
435.352563399999	0.66875
435.3689454	0.66875
435.3857568	0.66875
435.402513099999	0.66875
435.4189949	0.66875
435.4359313	0.66875
435.452787799999	0.66875
435.4690657	0.66875
435.486061999999	0.66875
435.5024598	0.66875
435.5189245	0.66875
435.5352585	0.66875
435.552286	0.66875
435.5687911	0.66875
435.5853212	0.66875
435.6021662	0.66875
435.618904699999	0.66875
435.6358599	0.66875
435.6530068	0.66875
435.6686905	0.66875
435.6858909	0.66875
435.702373199999	0.66875
435.719023499999	0.66875
435.735866	0.66875
435.7523238	0.66875
435.7691073	0.66875
435.7857552	0.66875
435.8030686	0.66875
435.819039	0.66875
435.8358143	0.66875
435.8523187	0.66875
435.8688734	0.66875
435.8851383	0.66875
435.9023839	0.66875
435.918858699999	0.66875
435.935848199999	0.66875
435.9522622	0.66875
435.968747599999	0.66875
435.9852783	0.66875
436.0022003	0.66875
436.0190065	0.66875
436.0360203	0.66875
436.052401599999	0.66875
436.069087599999	0.66875
436.0858151	0.66875
436.1023173	0.66875
436.118870199999	0.66875
436.1352145	0.66875
436.152239	0.66875
436.168363	0.66875
436.1855884	0.66875
436.2025723	0.66875
436.2190833	0.66875
436.235814499999	0.66875
436.2526296	0.66875
436.2689066	0.66875
436.2854519	0.66875
436.302139299999	0.66875
436.3189571	0.66875
436.3358742	0.66875
436.3524358	0.66875
436.3691218	0.66875
436.3855744	0.66875
436.4028588	0.66875
436.4189648	0.66875
436.435702	0.66875
436.4523053	0.66875
436.4691203	0.66875
436.485992599999	0.66875
436.5022944	0.66875
436.5191868	0.66875
436.5356424	0.66875
436.5522254	0.66875
436.5688768	0.66875
436.5858349	0.66875
436.6022505	0.66875
436.6191187	0.66875
436.6358883	0.66875
436.6525975	0.66875
436.6693429	0.66875
436.6859003	0.66875
436.7021017	0.66875
436.718981099999	0.66875
436.7358247	0.66875
436.7521686	0.66875
436.7684188	0.66875
436.7858141	0.66875
436.802053	0.66875
436.8185388	0.66875
436.8354352	0.66875
436.8525163	0.66875
436.8684393	0.66875
436.8856194	0.66875
436.9026241	0.66875
436.9187158	0.66875
436.9359174	0.66875
436.9526006	0.66875
436.9687861	0.66875
436.9854693	0.66875
437.0023833	0.66875
437.018884799999	0.66875
437.035522	0.66875
437.0520026	0.66875
437.0685526	0.66875
437.0859675	0.66875
437.101882699999	0.66875
437.118841	0.66875
437.1358944	0.66875
437.1521474	0.66875
437.1686645	0.66875
437.1859089	0.66875
437.2024778	0.66875
437.2189125	0.66875
437.2358041	0.66875
437.252349	0.66875
437.269124399999	0.66875
437.285547999999	0.66875
437.3021413	0.66875
437.3185589	0.66875
437.3355627	0.66875
437.3518136	0.66875
437.3688424	0.66875
437.3854774	0.66875
437.402423999999	0.66875
437.4189991	0.66875
437.4354122	0.66875
437.4524222	0.66875
437.468928299999	0.677083333333333
437.485558899999	0.685416666666667
437.5027066	0.705208333333333
437.518900099999	0.705208333333333
437.535820799999	0.705208333333333
437.5525193	0.705208333333333
437.5685436	0.705208333333333
437.5859373	0.705208333333333
437.601995699999	0.705208333333333
437.6185935	0.705208333333333
437.6357115	0.705208333333333
437.6525332	0.705208333333333
437.6690876	0.705208333333333
437.6861538	0.705208333333333
437.702366399999	0.705208333333333
437.7186129	0.705208333333333
437.7359055	0.705208333333333
437.7524124	0.705208333333333
437.7689466	0.705208333333333
437.785872	0.705208333333333
437.8023853	0.705208333333333
437.8187427	0.705208333333333
437.8359316	0.705208333333333
437.8523731	0.705208333333333
437.868848699999	0.705208333333333
437.8857771	0.705208333333333
437.9023777	0.705208333333333
437.918592699999	0.705208333333333
437.9358632	0.705208333333333
437.9523754	0.705208333333333
437.9686956	0.705208333333333
437.9858428	0.705208333333333
438.0025566	0.705208333333333
438.018842399999	0.705208333333333
438.035840999999	0.705208333333333
438.0527968	0.705208333333333
438.0689627	0.705208333333333
438.086441	0.705208333333333
438.1023732	0.705208333333333
438.118665699999	0.705208333333333
438.1355778	0.705208333333333
438.1518835	0.705208333333333
438.168931	0.705208333333333
438.1859653	0.705208333333333
438.2021132	0.705208333333333
438.2191658	0.705208333333333
438.235757299999	0.705208333333333
438.2520453	0.705208333333333
438.2684292	0.705208333333333
438.2857932	0.705208333333333
438.3023575	0.705208333333333
438.3186301	0.705208333333333
438.3355778	0.705208333333333
438.3522706	0.705208333333333
438.3687299	0.705208333333333
438.385862	0.705208333333333
438.4023028	0.705208333333333
438.4185746	0.705208333333333
438.4357981	0.705208333333333
438.4519012	0.705208333333333
438.468911699999	0.705208333333333
438.486072499999	0.705208333333333
438.5024436	0.705208333333333
438.5188413	0.705208333333333
438.5359391	0.705208333333333
438.5525494	0.705208333333333
438.5688586	0.705208333333333
438.5858066	0.705208333333333
438.6021508	0.705208333333333
438.6187212	0.705208333333333
438.6355371	0.705208333333333
438.6524581	0.705208333333333
438.6686039	0.705208333333333
438.6859411	0.705208333333333
438.7022351	0.705208333333333
438.719071	0.705208333333333
438.7357756	0.705208333333333
438.7522937	0.705208333333333
438.7689152	0.705208333333333
438.785316	0.705208333333333
438.8022993	0.705208333333333
438.8193697	0.705208333333333
438.8358384	0.705208333333333
438.852289999999	0.705208333333333
438.868619599999	0.705208333333333
438.885957999999	0.705208333333333
438.9021227	0.705208333333333
438.918682	0.705208333333333
438.9357802	0.705208333333333
438.9523993	0.705208333333333
438.968756799999	0.705208333333333
438.985631	0.705208333333333
439.0022201	0.705208333333333
439.0185896	0.705208333333333
439.0357555	0.705208333333333
439.0523631	0.705208333333333
439.068567	0.705208333333333
439.085855	0.705208333333333
439.1023226	0.705208333333333
439.118561199999	0.705208333333333
439.1359643	0.705208333333333
439.1523556	0.705208333333333
439.1684504	0.705208333333333
439.1857221	0.705208333333333
439.2024761	0.705208333333333
439.218468	0.705208333333333
439.2357281	0.705208333333333
439.2519645	0.705208333333333
439.2683826	0.705208333333333
439.285992099999	0.705208333333333
439.3019844	0.705208333333333
439.3185447	0.705208333333333
439.335528499999	0.705208333333333
439.3523393	0.705208333333333
439.3689691	0.705208333333333
439.38586	0.705208333333333
439.402582	0.705208333333333
439.418803999999	0.705208333333333
439.4359749	0.705208333333333
439.4521696	0.705208333333333
439.4686978	0.705208333333333
439.4857264	0.705208333333333
439.5020965	0.705208333333333
439.5189121	0.705208333333333
439.5354763	0.705208333333333
439.5522626	0.705208333333333
439.568823999999	0.705208333333333
439.5857417	0.705208333333333
439.6024398	0.705208333333333
439.618601199999	0.705208333333333
439.6357695	0.705208333333333
439.6525404	0.705208333333333
439.668508	0.705208333333333
439.685908999999	0.705208333333333
439.702225099999	0.705208333333333
439.7187995	0.705208333333333
439.7354474	0.705208333333333
439.751908199999	0.705208333333333
439.7685761	0.705208333333333
439.785679399999	0.705208333333333
439.8021835	0.705208333333333
439.8185908	0.705208333333333
439.8354414	0.705208333333333
439.852285099999	0.705208333333333
439.868827199999	0.705208333333333
439.886473399999	0.705208333333333
439.9023598	0.705208333333333
439.9187508	0.705208333333333
439.9358231	0.705208333333333
439.9522612	0.705208333333333
439.9688193	0.705208333333333
439.985858099999	0.705208333333333
440.0019182	0.705208333333333
440.0185571	0.705208333333333
440.035428799999	0.705208333333333
440.0520328	0.705208333333333
440.068747299999	0.705208333333333
440.0858722	0.705208333333333
440.1022603	0.705208333333333
440.1189013	0.705208333333333
440.1358657	0.705208333333333
440.1521682	0.705208333333333
440.168558	0.705208333333333
440.185535399999	0.705208333333333
440.2024789	0.705208333333333
440.218818899999	0.705208333333333
440.235590199999	0.705208333333333
440.2525589	0.705208333333333
440.2684022	0.705208333333333
440.2857555	0.705208333333333
440.3024902	0.705208333333333
440.3184129	0.705208333333333
440.3354802	0.705208333333333
440.352651	0.705208333333333
440.3690271	0.705208333333333
440.3859625	0.721875
440.4024546	0.721875
440.4189052	0.730208333333333
440.435736899999	0.738541666666667
440.4523358	0.738541666666667
440.4687641	0.738541666666667
440.4856884	0.738541666666667
440.502348	0.738541666666667
440.5184574	0.738541666666667
440.5354944	0.738541666666667
440.5523664	0.738541666666667
440.5690334	0.738541666666667
440.5859525	0.738541666666667
440.6024876	0.738541666666667
440.6188172	0.738541666666667
440.6358052	0.738541666666667
440.6525079	0.738541666666667
440.668913399999	0.738541666666667
440.6857586	0.738541666666667
440.7022339	0.738541666666667
440.7186335	0.738541666666667
440.7355332	0.738541666666667
440.7522898	0.738541666666667
440.7686663	0.738541666666667
440.7857027	0.738541666666667
440.8025742	0.738541666666667
440.819196	0.738541666666667
440.8355866	0.738541666666667
440.8521599	0.738541666666667
440.8686869	0.738541666666667
440.8858472	0.738541666666667
440.9022112	0.738541666666667
440.9190095	0.738541666666667
440.935663799999	0.738541666666667
440.9518068	0.738541666666667
440.9685894	0.738541666666667
440.9856897	0.738541666666667
441.0021504	0.738541666666667
441.0183418	0.738541666666667
441.035377199999	0.738541666666667
441.052011499999	0.738541666666667
441.0688895	0.738541666666667
441.0858224	0.738541666666667
441.1022299	0.738541666666667
441.118928599999	0.738541666666667
441.135758999999	0.738541666666667
441.1519021	0.738541666666667
441.1688654	0.738541666666667
441.1857742	0.738541666666667
441.2020716	0.738541666666667
441.2186546	0.747916666666667
441.235791099999	0.75625
441.2517985	0.75625
441.2690624	0.75625
441.286013699999	0.75625
441.3025655	0.75625
441.318575899999	0.75625
441.3352949	0.75625
441.352288099999	0.75625
441.3686521	0.75625
441.3856122	0.75625
441.4021963	0.75625
441.4191307	0.75625
441.4356248	0.75625
441.452189	0.75625
441.4683992	0.75625
441.4854476	0.75625
441.5021907	0.75625
441.518783999999	0.75625
441.5356421	0.75625
441.5522826	0.75625
441.5687471	0.75625
441.5855006	0.75625
441.6025139	0.75625
441.6184575	0.75625
441.6356517	0.75625
441.6524915	0.75625
441.668813799999	0.75625
441.6858235	0.75625
441.702476999999	0.75625
441.7186722	0.75625
441.735674999999	0.75625
441.7520565	0.75625
441.7690688	0.75625
441.7855686	0.75625
441.8021014	0.75625
441.8187256	0.75625
441.835481699999	0.75625
441.8521178	0.75625
441.868916999999	0.75625
441.8858759	0.75625
441.9020927	0.75625
441.9189517	0.75625
441.9355007	0.75625
441.9522218	0.75625
441.9685231	0.75625
441.9855863	0.75625
442.0020383	0.75625
442.0186686	0.75625
442.035718199999	0.75625
442.0521163	0.75625
442.0688502	0.75625
442.0852957	0.75625
442.102371099999	0.75625
442.1188085	0.75625
442.135634199999	0.75625
442.1520447	0.75625
442.1687988	0.75625
442.1856083	0.75625
442.2020774	0.75625
442.2188641	0.75625
442.2359364	0.75625
442.2521207	0.75625
442.268861	0.75625
442.2856091	0.75625
442.302141	0.75625
442.3186095	0.75625
442.3354027	0.75625
442.3521337	0.75625
442.3683695	0.75625
442.385593699999	0.75625
442.4022751	0.75625
442.4187194	0.75625
442.4363577	0.75625
442.4522508	0.75625
442.469210199999	0.75625
442.4861145	0.75625
442.5022653	0.75625
442.5188148	0.75625
442.535388	0.75625
442.5521471	0.75625
442.5688564	0.75625
442.5854918	0.75625
442.6018805	0.75625
442.6185298	0.75625
442.635593099999	0.75625
442.652264	0.75625
442.6685434	0.75625
442.6859638	0.75625
442.7022559	0.75625
442.718525899999	0.75625
442.735453199999	0.75625
442.7526593	0.75625
442.7688493	0.75625
442.7856256	0.75625
442.802025699999	0.75625
442.8185215	0.75625
442.8352572	0.75625
442.8521054	0.75625
442.8688319	0.75625
442.8855836	0.75625
442.9020672	0.75625
442.9186673	0.75625
442.935755399999	0.75625
442.9522336	0.75625
442.968601	0.75625
442.9857304	0.75625
443.0020586	0.75625
443.0188691	0.75625
443.0351934	0.75625
443.051875199999	0.75625
443.0685189	0.75625
443.0863909	0.75625
443.1020886	0.75625
443.1189216	0.75625
443.1355242	0.75625
443.151638	0.75625
443.1688638	0.75625
443.1855534	0.75625
443.2018642	0.75625
443.218584799999	0.75625
443.2357093	0.75625
443.2522087	0.75625
443.2688434	0.75625
443.285769699999	0.75625
443.301811299999	0.75625
443.3186973	0.75625
443.3355977	0.75625
443.351976599999	0.75625
443.368887399999	0.75625
443.3852311	0.75625
443.4021579	0.75625
443.4185815	0.75625
443.4355243	0.75625
443.4523361	0.75625
443.4687892	0.75625
443.4854638	0.75625
443.5021194	0.75625
443.5188016	0.75625
443.5352511	0.75625
443.5522578	0.75625
443.5690658	0.75625
443.5853148	0.75625
443.6021052	0.75625
443.618935399999	0.75625
443.6357142	0.75625
443.6523923	0.75625
443.6688658	0.75625
443.6853282	0.75625
443.7025251	0.75625
443.7188584	0.75625
443.7357384	0.75625
443.7521567	0.75625
443.7687556	0.75625
443.7855092	0.75625
443.801871	0.75625
443.818527	0.75625
443.835303599999	0.75625
443.8526718	0.75625
443.8686155	0.75625
443.8852438	0.75625
443.9022079	0.75625
443.918685	0.75625
443.935693	0.75625
443.9524477	0.75625
443.9689691	0.75625
443.985539199999	0.75625
444.0021585	0.75625
444.0188247	0.75625
444.0357641	0.75625
444.0522157	0.75625
444.068679699999	0.75625
444.0859586	0.75625
444.1019882	0.75625
444.1188421	0.75625
444.1353296	0.75625
444.1516756	0.75625
444.1683455	0.75625
444.185319199999	0.75625
444.2020395	0.75625
444.2187822	0.75625
444.235345699999	0.75625
444.252148999999	0.75625
444.268703499999	0.75625
444.2857799	0.75625
444.301994399999	0.75625
444.318739299999	0.75625
444.335205899999	0.75625
444.352056499999	0.75625
444.3687178	0.75625
444.385373799999	0.75625
444.401995799999	0.75625
444.4190156	0.75625
444.435696999999	0.75625
444.451820899999	0.75625
444.46848	0.75625
444.4858264	0.75625
444.501976999999	0.75625
444.5185934	0.75625
444.5357103	0.75625
444.5523096	0.75625
444.568768099999	0.75625
444.585466399999	0.75625
444.601627699999	0.75625
444.618434099999	0.75625
444.635291	0.75625
444.6518548	0.75625
444.6686736	0.75625
444.6857427	0.75625
444.701613799999	0.75625
444.7188633	0.75625
444.735539899999	0.75625
444.7518909	0.75625
444.768501	0.75625
444.785547999999	0.75625
444.801985099999	0.75625
444.8183863	0.75625
444.8353506	0.75625
444.852092099999	0.75625
444.8687508	0.75625
444.885879399999	0.75625
444.9017257	0.75625
444.9184971	0.75625
444.935333	0.75625
444.9525834	0.75625
444.9689648	0.75625
444.9850357	0.75625
445.0021984	0.75625
445.0189	0.75625
445.035399299999	0.75625
445.0517527	0.75625
445.0689498	0.75625
445.0856474	0.75625
445.1021072	0.75625
445.1188676	0.75625
445.1355812	0.75625
445.152133999999	0.75625
445.1688885	0.75625
445.1855535	0.75625
445.202139699999	0.75625
445.2189337	0.75625
445.2355023	0.75625
445.252002799999	0.75625
445.2685588	0.75625
445.2855366	0.75625
445.3018443	0.75625
445.3186337	0.75625
445.3354923	0.75625
445.351847699999	0.75625
445.3684386	0.75625
445.385124	0.75625
445.402159	0.75625
445.4183383	0.75625
445.4353406	0.75625
445.452596099999	0.75625
445.4685453	0.75625
445.4858959	0.75625
445.502026799999	0.75625
445.5187322	0.75625
445.5353362	0.75625
445.5520104	0.75625
445.5688331	0.75625
445.5852788	0.75625
445.602725	0.75625
445.6184334	0.75625
445.6351186	0.75625
445.6520473	0.75625
445.6682704	0.75625
445.6852523	0.75625
445.7015392	0.75625
445.718183699999	0.75625
445.7348214	0.75625
445.751983799999	0.75625
445.7684273	0.75625
445.785187	0.75625
445.8019911	0.75625
445.8184738	0.75625
445.8352377	0.75625
445.852013499999	0.75625
445.8690682	0.75625
445.885239199999	0.75625
445.9016398	0.75625
445.918797299999	0.75625
445.9351495	0.75625
445.9519299	0.75625
445.9686544	0.75625
445.9856753	0.75625
446.001927299999	0.75625
446.0189819	0.75625
446.0354514	0.75625
446.0518117	0.75625
446.0683155	0.75625
446.0851859	0.75625
446.102203299999	0.75625
446.1185769	0.75625
446.1359545	0.75625
446.1524951	0.75625
446.1684356	0.75625
446.185983299999	0.75625
446.2024115	0.75625
446.2183641	0.75625
446.235182299999	0.75625
446.2515219	0.75625
446.268373599999	0.75625
446.2854576	0.75625
446.301862299999	0.75625
446.3189067	0.75625
446.3356023	0.75625
446.3519348	0.75625
446.3688459	0.75625
446.385822799999	0.75625
446.4017405	0.75625
446.4188701	0.75625
446.4354106	0.75625
446.452166099999	0.75625
446.468718099999	0.75625
446.4852845	0.75625
446.5014024	0.75625
446.5188489	0.75625
446.5354505	0.75625
446.551431599999	0.75625
446.568666199999	0.75625
446.5855053	0.75625
446.6014301	0.75625
446.618506599999	0.75625
446.6351566	0.75625
446.6521065	0.75625
446.6685721	0.75625
446.6856924	0.75625
446.7012727	0.75625
446.7188498	0.75625
446.734878199999	0.75625
446.7519139	0.75625
446.768806699999	0.75625
446.785334799999	0.75625
446.8020959	0.75625
446.8187433	0.75625
446.8355713	0.75625
446.8516624	0.75625
446.8684203	0.75625
446.88528	0.75625
446.9017199	0.75625
446.9187026	0.75625
446.9360154	0.75625
446.9514643	0.75625
446.968845899999	0.75625
446.985399199999	0.75625
447.0013663	0.75625
447.0187088	0.75625
447.035512399999	0.75625
447.0515457	0.75625
447.0687449	0.75625
447.0855005	0.75625
447.101614199999	0.75625
447.1185028	0.75625
447.1352133	0.75625
447.151714	0.75625
447.1684675	0.75625
447.1854363	0.75625
447.2050279	0.75625
447.2187207	0.75625
447.2352454	0.75625
447.251838	0.75625
447.268220099999	0.75625
447.2854154	0.75625
447.3022219	0.75625
447.3184989	0.75625
447.3357681	0.75625
447.3521009	0.75625
447.368762799999	0.75625
447.3852721	0.75625
447.4016817	0.75625
447.4187362	0.75625
447.4354103	0.75625
447.4516266	0.75625
447.468660999999	0.75625
447.4854365	0.75625
447.5014667	0.75625
447.5184225	0.75625
447.5348488	0.75625
447.5514721	0.75625
447.5688477	0.75625
447.5859902	0.75625
447.601770799999	0.75625
447.6186112	0.75625
447.6350028	0.75625
447.651854499999	0.75625
447.6685943	0.75625
447.6855562	0.75625
447.7016308	0.75625
447.718643	0.75625
447.7354161	0.75625
447.7517256	0.75625
447.768892099999	0.75625
447.7853685	0.75625
447.8018799	0.75625
447.8188932	0.75625
447.8353272	0.75625
447.8520183	0.75625
447.8683887	0.75625
447.8855936	0.75625
447.9015733	0.75625
447.918526	0.75625
447.9354186	0.75625
447.9516287	0.75625
447.968607599999	0.75625
447.9852356	0.75625
448.001443	0.75625
448.0185515	0.75625
448.0353497	0.75625
448.0518886	0.75625
448.0684323	0.75625
448.0858125	0.75625
448.1014934	0.75625
448.1185978	0.75625
448.1353696	0.75625
448.1519685	0.75625
448.168723499999	0.75625
448.1853787	0.75625
448.2018296	0.75625
448.2189825	0.75625
448.2352785	0.75625
448.2513997	0.75625
448.2686442	0.75625
448.285619899999	0.75625
448.3014681	0.75625
448.3188444	0.75625
448.3353582	0.75625
448.3515262	0.75625
448.368607	0.75625
448.3855062	0.75625
448.401488399999	0.75625
448.4185495	0.75625
448.4351671	0.75625
448.4513192	0.75625
448.468238	0.75625
448.4854469	0.75625
448.5018293	0.75625
448.518780299999	0.75625
448.535362	0.75625
448.551465399999	0.75625
448.5688448	0.75625
448.5853937	0.75625
448.6020038	0.75625
448.6185418	0.75625
448.6355603	0.75625
448.6517637	0.75625
448.6683938	0.75625
448.6856629	0.75625
448.701427	0.75625
448.7185882	0.75625
448.7352225	0.75625
448.751237	0.75625
448.768524799999	0.75625
448.7852842	0.75625
448.8013967	0.75625
448.8190519	0.75625
448.8355701	0.75625
448.851520799999	0.75625
448.868745599999	0.75625
448.885055	0.75625
448.9014924	0.75625
448.918324	0.75625
448.9354582	0.75625
448.9514242	0.75625
448.9682815	0.75625
448.9848614	0.75625
449.0019036	0.75625
449.018407399999	0.75625
449.0347928	0.75625
449.051504	0.75625
449.068646	0.75625
449.0858419	0.75625
449.1017639	0.75625
449.118461099999	0.75625
449.1354171	0.748958333333333
449.1514963	0.748958333333333
449.1689836	0.75625
449.1849622	0.75625
449.201718	0.75625
449.2181298	0.75625
449.2352055	0.75625
449.2517507	0.75625
449.268479899999	0.75625
449.285561	0.75625
449.3014805	0.75625
449.3187089	0.75625
449.3352369	0.75625
449.351655999999	0.75625
449.368613499999	0.75625
449.3855364	0.75625
449.4017029	0.75625
449.418682999999	0.75625
449.4350965	0.75625
449.4518788	0.75625
449.4683814	0.75625
449.4855409	0.75625
449.501939	0.75625
449.5184158	0.75625
449.5356793	0.75625
449.5518646	0.75625
449.5687412	0.75625
449.585545599999	0.75625
449.6019616	0.75625
449.618576599999	0.75625
449.6353499	0.75625
449.6520589	0.75625
449.668514699999	0.75625
449.6858815	0.75625
449.701846599999	0.75625
449.7182886	0.75625
449.7354264	0.75625
449.7516873	0.75625
449.7684026	0.75625
449.785340899999	0.75625
449.801254	0.75625
449.8184908	0.75625
449.835726899999	0.75625
449.8519858	0.75625
449.8683619	0.75625
449.8854127	0.75625
449.9017035	0.75625
449.9183324	0.75625
449.9350951	0.75625
449.951885999999	0.75625
449.9686032	0.75625
449.985340799999	0.75625
450.0022137	0.75625
450.0184324	0.75625
450.0350981	0.75625
450.056379499999	0.75625
450.068432099999	0.75625
450.0852076	0.75625
450.1018705	0.75625
450.1187189	0.75625
450.1353276	0.75625
450.1519208	0.75625
450.1682544	0.75625
450.1852224	0.75625
450.201398799999	0.75625
450.2187141	0.75625
450.23519	0.75625
450.2521874	0.75625
450.2686499	0.75625
450.2854965	0.75625
450.3017717	0.75625
450.3183804	0.75625
450.3351108	0.75625
450.3515703	0.75625
450.3684252	0.75625
450.3852084	0.75625
450.4012422	0.75625
450.4181294	0.75625
450.4349337	0.75625
450.4515336	0.75625
450.468801699999	0.75625
450.4853664	0.75625
450.5020755	0.75625
450.5188515	0.75625
450.5351632	0.75625
450.5513556	0.75625
450.5685962	0.75625
450.5851219	0.75625
450.602008599999	0.75625
450.6183265	0.75625
450.6351805	0.75625
450.6520162	0.75625
450.6683072	0.75625
450.684909999999	0.75625
450.701882899999	0.75625
450.718401199999	0.75625
450.735138	0.75625
450.7516838	0.75625
450.768457799999	0.75625
450.7850351	0.75625
450.8018638	0.75625
450.8182194	0.75625
450.8351944	0.75625
450.852129599999	0.75625
450.8683344	0.75625
450.8855189	0.75625
450.9012866	0.75625
450.918850699999	0.75625
450.935159499999	0.75625
450.951916	0.75625
450.968512999999	0.75625
450.985161399999	0.75625
451.0018902	0.75625
451.018353999999	0.75625
451.0352567	0.75625
451.0511952	0.75625
451.0686854	0.75625
451.0852067	0.75625
451.1016589	0.75625
451.1186711	0.75625
451.1353444	0.75625
451.151918	0.75625
451.168517	0.75625
451.185318599999	0.75625
451.2018625	0.75625
451.2178541	0.75625
451.2351503	0.75625
451.251927299999	0.75625
451.268221899999	0.75625
451.2852499	0.75625
451.301553199999	0.75625
451.318614599999	0.75625
451.3351757	0.75625
451.3519008	0.75625
451.3683177	0.75625
451.3848966	0.75625
451.4016209	0.75625
451.4183526	0.75625
451.435121399999	0.75625
451.4519453	0.75625
451.4682704	0.75625
451.4852342	0.75625
451.502176099999	0.75625
451.5185029	0.75625
451.5357803	0.75625
451.551544599999	0.75625
451.568362	0.75625
451.5850277	0.75625
451.6018557	0.75625
451.6186742	0.75625
451.6350071	0.75625
451.6567086	0.75625
451.668252999999	0.75625
451.6857282	0.75625
451.7017165	0.75625
451.7184506	0.75625
451.7357016	0.75625
451.7515854	0.75625
451.7684896	0.75625
451.7851942	0.75625
451.801974099999	0.75625
451.818524299999	0.75625
451.835098	0.75625
451.8518744	0.75625
451.86814	0.75625
451.8848585	0.75625
451.902031499999	0.75625
451.918273799999	0.75625
451.9350909	0.75625
451.951884699999	0.75625
451.9683718	0.75625
451.985078	0.75625
452.0018913	0.75625
452.018455	0.75625
452.0350753	0.75625
452.051874599999	0.75625
452.068667399999	0.75625
452.0852794	0.75625
452.101893699999	0.75625
452.1184948	0.75625
452.1348435	0.75625
452.1516232	0.75625
452.1683346	0.75625
452.1850737	0.75625
452.2023546	0.75625
452.2183484	0.75625
452.2350577	0.75625
452.2516851	0.75625
452.268369	0.75625
452.2855923	0.75625
452.3023437	0.75625
452.3181478	0.75625
452.335212699999	0.75625
452.3521658	0.75625
452.368411299999	0.75625
452.3852049	0.75625
452.4017714	0.75625
452.4183578	0.75625
452.4352177	0.75625
452.4517937	0.75625
452.4685724	0.75625
452.4848673	0.75625
452.5018599	0.75625
452.518376099999	0.75625
452.5346967	0.75625
452.5518771	0.75625
452.568484	0.75625
452.5848621	0.75625
452.601439	0.75625
452.6183869	0.75625
452.6351298	0.75625
452.6520383	0.75625
452.6681655	0.75625
452.685469099999	0.75625
452.7016073	0.75625
452.7185656	0.75625
452.7353935	0.75625
452.751937	0.75625
452.7682761	0.75625
452.7851551	0.75625
452.802157799999	0.75625
452.8186077	0.75625
452.8350513	0.75625
452.8516779	0.75625
452.8681439	0.75625
452.8855786	0.75625
452.9018132	0.75625
452.9182416	0.75625
452.9350917	0.75625
452.9519151	0.75625
452.9682232	0.75625
452.985251799999	0.75625
453.001862799999	0.75625
453.0182126	0.75625
453.0349405	0.75625
453.0519029	0.75625
453.0682689	0.75625
453.08542	0.75625
453.101875899999	0.75625
453.1183299	0.75625
453.1348277	0.75625
453.151722399999	0.75625
453.1683071	0.75625
453.184997	0.75625
453.2020738	0.75625
453.2186693	0.75625
453.2354024	0.75625
453.2519578	0.75625
453.2682779	0.75625
453.2848337	0.75625
453.3011968	0.75625
453.318391599999	0.75625
453.3351154	0.75625
453.3518764	0.75625
453.3682661	0.75625
453.3851449	0.75625
453.4021339	0.75625
453.4182212	0.75625
453.4350657	0.75625
453.451591699999	0.75625
453.4681525	0.75625
453.4851232	0.75625
453.5017679	0.75625
453.5182375	0.75625
453.5350389	0.75625
453.5517183	0.75625
453.5681389	0.75625
453.5850723	0.75625
453.6013822	0.75625
453.6181246	0.75625
453.6351682	0.75625
453.6518635	0.75625
453.668455099999	0.75625
453.6852583	0.75625
453.701219	0.75625
453.7183067	0.75625
453.7350451	0.75625
453.7516051	0.75625
453.7682995	0.75625
453.7846107	0.75625
453.8018231	0.75625
453.818266	0.75625
453.8352242	0.75625
453.8517207	0.75625
453.8685039	0.75625
453.885627499999	0.75625
453.9015294	0.75625
453.9183614	0.75625
453.934873799999	0.75625
453.9514846	0.75625
453.9681768	0.75625
453.9851244	0.75625
454.0021843	0.75625
454.018305399999	0.75625
454.035049	0.75625
454.0512739	0.75625
454.0683413	0.75625
454.0848652	0.75625
454.101397899999	0.75625
454.1183332	0.75625
454.135304	0.75625
454.1518321	0.75625
454.167854899999	0.75625
454.1851276	0.75625
454.2021792	0.75625
454.218328599999	0.75625
454.234962	0.75625
454.2516217	0.75625
454.2681264	0.75625
454.285313899999	0.75625
454.3015992	0.75625
454.318201099999	0.75625
454.3350328	0.75625
454.351813199999	0.75625
454.368381	0.75625
454.3851144	0.75625
454.4018087	0.75625
454.4185009	0.75625
454.435049499999	0.75625
454.4518826	0.75625
454.4681805	0.75625
454.4850841	0.75625
454.501755199999	0.75625
454.5183721	0.75625
454.5349866	0.75625
454.5518011	0.75625
454.5682436	0.75625
454.5849524	0.75625
454.6017129	0.75625
454.6183635	0.75625
454.6349817	0.75625
454.6523856	0.75625
454.6683885	0.75625
454.6848199	0.75625
454.701825799999	0.75625
454.7179526	0.75625
454.734887499999	0.75625
454.7514533	0.75625
454.768199799999	0.75625
454.7852464	0.75625
454.801825399999	0.75625
454.8183132	0.75625
454.835124799999	0.75625
454.8515713	0.75625
454.8679728	0.75625
454.8846207	0.75625
454.9017075	0.75625
454.918123999999	0.75625
454.9350315	0.75625
454.951779	0.75625
454.968139499999	0.75625
454.9851099	0.75625
455.001707299999	0.75625
455.0182603	0.75625
455.034762299999	0.75625
455.0515286	0.75625
455.0684589	0.75625
455.0848606	0.75625
455.1011683	0.75625
455.1184406	0.75625
455.1348831	0.75625
455.151472999999	0.75625
455.168007799999	0.75625
455.1849208	0.75625
455.2018171	0.75625
455.2184261	0.75625
455.2348362	0.75625
455.2519479	0.75625
455.2681134	0.75625
455.284445899999	0.75625
455.3013803	0.75625
455.3190013	0.75625
455.3346649	0.75625
455.3519142	0.75625
455.3682732	0.75625
455.3848637	0.75625
455.401716899999	0.75625
455.4183286	0.75625
455.4346599	0.75625
455.4516269	0.75625
455.4684258	0.75625
455.484426	0.75625
455.5016507	0.75625
455.5186472	0.75625
455.5347016	0.75625
455.5517322	0.75625
455.568784099999	0.75625
455.5845489	0.75625
455.6012962	0.75625
455.6183661	0.75625
455.6346401	0.75625
455.651672099999	0.75625
455.6681981	0.75625
455.6850561	0.75625
455.7017298	0.75625
455.7188648	0.75625
455.7350026	0.75625
455.751549	0.75625
455.7680453	0.75625
455.7845029	0.75625
455.8017765	0.75625
455.818469599999	0.75625
455.8349895	0.75625
455.8516573	0.75625
455.8681949	0.75625
455.885155699999	0.75625
455.9016458	0.75625
455.9183886	0.75625
455.934731	0.75625
455.9516099	0.75625
455.9682981	0.75625
455.9852347	0.75625
456.001742999999	0.75625
456.0182382	0.75625
456.0348889	0.75625
456.051809399999	0.75625
456.068201699999	0.75625
456.0852091	0.75625
456.1016866	0.75625
456.1178614	0.75625
456.1351192	0.75625
456.1517007	0.75625
456.1681507	0.75625
456.1845843	0.75625
456.201714599999	0.75625
456.218571899999	0.75625
456.2350647	0.75625
456.251750899999	0.75625
456.2685683	0.75625
456.2850666	0.75625
456.3015638	0.75625
456.3182049	0.75625
456.3350054	0.75625
456.351682	0.75625
456.368236299999	0.75625
456.3850214	0.75625
456.401890199999	0.75625
456.4182737	0.75625
456.4344275	0.75625
456.4525752	0.75625
456.4679753	0.75625
456.4845947	0.75625
456.5019042	0.75625
456.5184119	0.75625
456.5349725	0.75625
456.5514461	0.75625
456.5683874	0.75625
456.5850538	0.75625
456.6014196	0.75625
456.6181126	0.75625
456.6347632	0.75625
456.6514176	0.75625
456.668048	0.75625
456.6849357	0.75625
456.7017359	0.75625
456.7179479	0.75625
456.7344833	0.75625
456.7515182	0.75625
456.7683975	0.75625
456.784859	0.75625
456.8013466	0.75625
456.818602	0.75625
456.835043	0.75625
456.851736499999	0.75625
456.8682832	0.75625
456.8855223	0.75625
456.9020422	0.75625
456.918459999999	0.75625
456.9344538	0.75625
456.9521816	0.75625
456.9679534	0.75625
456.9848201	0.75625
457.0017096	0.75625
457.0179062	0.75625
457.0344009	0.75625
457.051288	0.75625
457.0682144	0.75625
457.0846219	0.75625
457.1017858	0.75625
457.118648499999	0.75625
457.134527799999	0.75625
457.1516981	0.75625
457.168077	0.75625
457.1849078	0.75625
457.2016736	0.75625
457.2182573	0.75625
457.2345074	0.75625
457.251460399999	0.75625
457.268206	0.75625
457.284312499999	0.75625
457.3012157	0.75625
457.318233099999	0.75625
457.3345777	0.75625
457.351501099999	0.75625
457.3685316	0.75625
457.3848671	0.75625
457.4016104	0.75625
457.4184479	0.75625
457.434306199999	0.75625
457.4516975	0.75625
457.4681631	0.75625
457.4849589	0.75625
457.5017734	0.75625
457.5181391	0.75625
457.5349755	0.75625
457.5515357	0.75625
457.567974999999	0.75625
457.5848795	0.75625
457.601098099999	0.75625
457.6182143	0.75625
457.6345596	0.75625
457.651190399999	0.75625
457.668070499999	0.75625
457.6846581	0.75625
457.7016134	0.75625
457.7180962	0.75625
457.734516999999	0.75625
457.751964	0.75625
457.7683593	0.75625
457.7843446	0.75625
457.8016826	0.75625
457.8187128	0.75625
457.834928899999	0.75625
457.8516708	0.75625
457.8680951	0.75625
457.8851493	0.75625
457.9014753	0.75625
457.918451	0.75625
457.934968	0.75625
457.951728699999	0.75625
457.9679546	0.75625
457.9849702	0.75625
458.0015106	0.75625
458.0178032	0.75625
458.034877099999	0.75625
458.051647899999	0.75625
458.068465899999	0.75625
458.0852771	0.75625
458.1010807	0.75625
458.1188104	0.75625
458.134912999999	0.75625
458.1514637	0.75625
458.167862899999	0.75625
458.1848209	0.75625
458.2014981	0.75625
458.2184339	0.75625
458.2348314	0.75625
458.2516695	0.75625
458.267949099999	0.75625
458.2850563	0.75625
458.3014614	0.75625
458.3183367	0.75625
458.3353317	0.75625
458.3516184	0.75625
458.368244899999	0.75625
458.3844076	0.75625
458.4016124	0.75625
458.4182074	0.75625
458.4344354	0.75625
458.4517702	0.75625
458.4680349	0.75625
458.484391	0.75625
458.5016879	0.75625
458.5182111	0.75625
458.5349106	0.75625
458.5514188	0.75625
458.568219	0.75625
458.5849783	0.75625
458.6014191	0.75625
458.618019	0.75625
458.634584299999	0.75625
458.6514108	0.75625
458.668056399999	0.75625
458.6846436	0.75625
458.701597799999	0.75625
458.7181324	0.75625
458.7344109	0.75625
458.7516151	0.75625
458.7680997	0.75625
458.7849432	0.75625
458.8020086	0.75625
458.8183511	0.75625
458.8346754	0.75625
458.8516385	0.75625
458.868488	0.75625
458.8851963	0.75625
458.9016207	0.75625
458.9182304	0.75625
458.9347308	0.75625
458.9516333	0.75625
458.9682055	0.75625
458.9844415	0.75625
459.0011672	0.75625
459.0179234	0.75625
459.0349288	0.75625
459.0517684	0.75625
459.068082	0.75625
459.0848452	0.75625
459.101534299999	0.75625
459.1180867	0.75625
459.134983699999	0.747916666666667
459.151667199999	0.738541666666667
459.168259	0.730208333333333
459.1849296	0.730208333333333
459.2015485	0.730208333333333
459.2180803	0.730208333333333
459.234543399999	0.730208333333333
459.251702999999	0.730208333333333
459.2680029	0.730208333333333
459.2846954	0.730208333333333
459.3019823	0.730208333333333
459.3182864	0.730208333333333
459.3350076	0.730208333333333
459.3513964	0.730208333333333
459.3678668	0.730208333333333
459.3844391	0.730208333333333
459.4012557	0.730208333333333
459.4181752	0.713541666666667
459.434919899999	0.713541666666667
459.4519307	0.704166666666667
459.4681865	0.704166666666667
459.4846344	0.704166666666667
459.5013561	0.704166666666667
459.5180725	0.704166666666667
459.534892	0.704166666666667
459.5516685	0.704166666666667
459.568501	0.704166666666667
459.5848182	0.704166666666667
459.6020899	0.704166666666667
459.6182281	0.704166666666667
459.6348986	0.704166666666667
459.6518689	0.704166666666667
459.6682019	0.704166666666667
459.6852235	0.704166666666667
459.701834399999	0.704166666666667
459.717621499999	0.704166666666667
459.7349154	0.704166666666667
459.7514808	0.704166666666667
459.7679128	0.704166666666667
459.784929899999	0.704166666666667
459.8015534	0.704166666666667
459.81793	0.704166666666667
459.834757399999	0.704166666666667
459.8513603	0.704166666666667
459.8680351	0.704166666666667
459.8850515	0.704166666666667
459.901585399999	0.704166666666667
459.9179006	0.704166666666667
459.934872599999	0.704166666666667
459.951799	0.704166666666667
459.9678356	0.704166666666667
459.9843676	0.704166666666667
460.0017236	0.704166666666667
460.0181983	0.704166666666667
460.0350695	0.704166666666667
460.0516941	0.704166666666667
460.068359599999	0.704166666666667
460.0847099	0.704166666666667
460.1018074	0.704166666666667
460.1185955	0.704166666666667
460.1346561	0.704166666666667
460.151604	0.704166666666667
460.1681569	0.704166666666667
460.184890999999	0.704166666666667
460.2012604	0.704166666666667
460.2183073	0.704166666666667
460.2344386	0.704166666666667
460.2513832	0.704166666666667
460.2681182	0.704166666666667
460.2846048	0.704166666666667
460.3015998	0.704166666666667
460.3180815	0.704166666666667
460.3350145	0.704166666666667
460.3515594	0.704166666666667
460.3681326	0.704166666666667
460.3846668	0.704166666666667
460.4015532	0.704166666666667
460.418190899999	0.704166666666667
460.4348568	0.704166666666667
460.4515287	0.704166666666667
460.468068799999	0.704166666666667
460.484990699999	0.704166666666667
460.5014725	0.704166666666667
460.518082	0.704166666666667
460.5348592	0.704166666666667
460.5514707	0.704166666666667
460.5678575	0.704166666666667
460.585067	0.704166666666667
460.6011652	0.704166666666667
460.617983099999	0.704166666666667
460.6351063	0.704166666666667
460.6514671	0.704166666666667
460.6679365	0.704166666666667
460.684619499999	0.704166666666667
460.7016772	0.704166666666667
460.7180016	0.704166666666667
460.7345214	0.704166666666667
460.7514717	0.704166666666667
460.767975499999	0.704166666666667
460.7850059	0.704166666666667
460.8013845	0.704166666666667
460.818287699999	0.704166666666667
460.8344161	0.704166666666667
460.8513939	0.704166666666667
460.8681571	0.704166666666667
460.884509	0.704166666666667
460.9013275	0.704166666666667
460.9182116	0.704166666666667
460.934187599999	0.704166666666667
460.950854	0.704166666666667
460.9678054	0.704166666666667
460.9844858	0.704166666666667
461.0011818	0.704166666666667
461.017847699999	0.704166666666667
461.035014099999	0.704166666666667
461.0520155	0.704166666666667
461.0681101	0.704166666666667
461.0848271	0.704166666666667
461.1017152	0.704166666666667
461.1181617	0.704166666666667
461.13471	0.704166666666667
461.151546699999	0.704166666666667
461.1682878	0.704166666666667
461.184917999999	0.704166666666667
461.2016219	0.704166666666667
461.2177578	0.704166666666667
461.2345722	0.704166666666667
461.251557	0.704166666666667
461.2679634	0.704166666666667
461.2846428	0.704166666666667
461.3015206	0.704166666666667
461.3182025	0.704166666666667
461.3348573	0.704166666666667
461.351555799999	0.704166666666667
461.3680774	0.704166666666667
461.3846841	0.704166666666667
461.4014764	0.704166666666667
461.4180993	0.704166666666667
461.4347238	0.704166666666667
461.4515822	0.704166666666667
461.4679864	0.704166666666667
461.4852744	0.704166666666667
461.5017913	0.704166666666667
461.5180501	0.704166666666667
461.5347605	0.704166666666667
461.551434	0.704166666666667
461.5680959	0.704166666666667
461.5847627	0.704166666666667
461.601378299999	0.704166666666667
461.617964699999	0.704166666666667
461.634651	0.704166666666667
461.6514273	0.704166666666667
461.6679787	0.704166666666667
461.6849839	0.704166666666667
461.700907899999	0.704166666666667
461.7180162	0.704166666666667
461.7349308	0.704166666666667
461.7514489	0.704166666666667
461.768122999999	0.704166666666667
461.7844737	0.704166666666667
461.8013089	0.704166666666667
461.8181337	0.704166666666667
461.8348474	0.704166666666667
461.8511869	0.704166666666667
461.8680098	0.704166666666667
461.8842	0.704166666666667
461.901313299999	0.704166666666667
461.9175217	0.704166666666667
461.934716	0.704166666666667
461.9512015	0.704166666666667
461.9677743	0.704166666666667
461.984637999999	0.704166666666667
462.0014213	0.704166666666667
462.0182154	0.704166666666667
462.0346865	0.704166666666667
462.0511614	0.704166666666667
462.0676326	0.704166666666667
462.0850724	0.704166666666667
462.1014728	0.704166666666667
462.1175546	0.704166666666667
462.1394028	0.704166666666667
462.1516568	0.704166666666667
462.173246	0.704166666666667
462.184726399999	0.704166666666667
462.206196799999	0.704166666666667
462.2179611	0.704166666666667
462.234595599999	0.704166666666667
462.2512575	0.704166666666667
462.2681547	0.704166666666667
462.2849574	0.704166666666667
462.3016542	0.704166666666667
462.3181789	0.704166666666667
462.334610599999	0.704166666666667
462.3513834	0.704166666666667
462.3680224	0.704166666666667
462.3850765	0.704166666666667
462.4010942	0.704166666666667
462.4181533	0.704166666666667
462.4354901	0.704166666666667
462.4548461	0.704166666666667
462.4679406	0.704166666666667
462.485154699999	0.704166666666667
462.5020668	0.704166666666667
462.518004399999	0.704166666666667
462.5348723	0.704166666666667
462.5510496	0.704166666666667
462.5684361	0.704166666666667
462.5849643	0.704166666666667
462.6013792	0.704166666666667
462.6181473	0.704166666666667
462.634889599999	0.704166666666667
462.6514071	0.704166666666667
462.6681038	0.704166666666667
462.6850224	0.704166666666667
462.700958999999	0.704166666666667
462.7180059	0.704166666666667
462.7348152	0.704166666666667
462.7513087	0.704166666666667
462.7676271	0.704166666666667
462.7847152	0.704166666666667
462.8012533	0.704166666666667
462.8177615	0.704166666666667
462.8347054	0.704166666666667
462.851177	0.704166666666667
462.8674994	0.704166666666667
462.885100399999	0.704166666666667
462.9013117	0.704166666666667
462.917830899999	0.704166666666667
462.934913	0.704166666666667
462.951129099999	0.704166666666667
462.9677988	0.704166666666667
462.9842408	0.704166666666667
463.0011945	0.704166666666667
463.0175075	0.704166666666667
463.0344064	0.704166666666667
463.0513084	0.704166666666667
463.0680724	0.704166666666667
463.0845221	0.704166666666667
463.10151	0.704166666666667
463.1179016	0.704166666666667
463.1342548	0.704166666666667
463.1512115	0.704166666666667
463.1680353	0.704166666666667
463.1846396	0.704166666666667
463.2012304	0.704166666666667
463.2179769	0.704166666666667
463.2348055	0.704166666666667
463.2510777	0.704166666666667
463.2680169	0.704166666666667
463.2851199	0.704166666666667
463.3015363	0.695833333333333
463.3181662	0.679166666666667
463.3346345	0.669791666666667
463.3518474	0.669791666666667
463.3678269	0.669791666666667
463.3849289	0.669791666666667
463.401605099999	0.669791666666667
463.417829699999	0.669791666666667
463.4346909	0.669791666666667
463.451455	0.669791666666667
463.4675802	0.669791666666667
463.484858599999	0.669791666666667
463.5016516	0.669791666666667
463.5177401	0.669791666666667
463.5345111	0.669791666666667
463.5514188	0.669791666666667
463.5677321	0.669791666666667
463.584684399999	0.669791666666667
463.6011631	0.669791666666667
463.6176751	0.669791666666667
463.6350444	0.669791666666667
463.6514339	0.669791666666667
463.6676114	0.669791666666667
463.6845689	0.669791666666667
463.7013602	0.669791666666667
463.7178527	0.669791666666667
463.7347469	0.669791666666667
463.7512541	0.669791666666667
463.767616199999	0.669791666666667
463.7844881	0.669791666666667
463.801332	0.669791666666667
463.817978099999	0.669791666666667
463.8347037	0.669791666666667
463.851843	0.669791666666667
463.8676408	0.669791666666667
463.8848988	0.669791666666667
463.9012312	0.669791666666667
463.917453699999	0.669791666666667
463.9345549	0.669791666666667
463.9510165	0.669791666666667
463.9676801	0.669791666666667
463.9845038	0.669791666666667
464.0009574	0.669791666666667
464.0176774	0.669791666666667
464.034839699999	0.669791666666667
464.0512465	0.669791666666667
464.0677575	0.669791666666667
464.0848345	0.669791666666667
464.1014331	0.669791666666667
464.1180554	0.669791666666667
464.134792599999	0.669791666666667
464.151288	0.669791666666667
464.167715399999	0.669791666666667
464.1846592	0.669791666666667
464.2014012	0.669791666666667
464.2179074	0.669791666666667
464.2346143	0.669791666666667
464.2512444	0.669791666666667
464.2680123	0.669791666666667
464.2850316	0.669791666666667
464.3011807	0.669791666666667
464.318152599999	0.669791666666667
464.3348264	0.669791666666667
464.3514443	0.669791666666667
464.3677345	0.669791666666667
464.3847126	0.669791666666667
464.4011647	0.669791666666667
464.4177097	0.669791666666667
464.434527899999	0.669791666666667
464.4509492	0.669791666666667
464.4677019	0.669791666666667
464.4878478	0.669791666666667
464.5121027	0.669791666666667
464.5240805	0.669791666666667
464.5349597	0.669791666666667
464.551075299999	0.669791666666667
464.5679149	0.669791666666667
464.584453999999	0.669791666666667
464.6012188	0.669791666666667
464.6177134	0.669791666666667
464.6347151	0.669791666666667
464.6510324	0.669791666666667
464.6676182	0.669791666666667
464.6845207	0.669791666666667
464.7014816	0.669791666666667
464.717891899999	0.669791666666667
464.7345173	0.669791666666667
464.7514139	0.669791666666667
464.767812699999	0.669791666666667
464.7842058	0.669791666666667
464.801070399999	0.669791666666667
464.81753	0.669791666666667
464.8344973	0.669791666666667
464.851391	0.669791666666667
464.8676875	0.669791666666667
464.8845958	0.669791666666667
464.9021117	0.669791666666667
464.9176321	0.669791666666667
464.93443	0.669791666666667
464.951518599999	0.669791666666667
464.9674475	0.669791666666667
464.984378	0.669791666666667
465.0008445	0.669791666666667
465.0176476	0.669791666666667
465.0343739	0.669791666666667
465.0514194	0.669791666666667
465.0679337	0.669791666666667
465.084329299999	0.669791666666667
465.1014694	0.669791666666667
465.1176062	0.669791666666667
465.1347159	0.669791666666667
465.1512295	0.669791666666667
465.1673324	0.669791666666667
465.184567299999	0.669791666666667
465.201429	0.669791666666667
465.2179288	0.669791666666667
465.2346671	0.669791666666667
465.251397699999	0.669791666666667
465.267607	0.669791666666667
465.2847095	0.669791666666667
465.3012943	0.669791666666667
465.3176159	0.669791666666667
465.3349256	0.669791666666667
465.3514921	0.669791666666667
465.3677096	0.669791666666667
465.3847466	0.669791666666667
465.4013887	0.669791666666667
465.4175946	0.669791666666667
465.4346156	0.669791666666667
465.4509188	0.669791666666667
465.4674822	0.669791666666667
465.4848155	0.669791666666667
465.5011018	0.669791666666667
465.5176308	0.669791666666667
465.5344808	0.669791666666667
465.5512894	0.669791666666667
465.5676325	0.669791666666667
465.584449099999	0.669791666666667
465.6013271	0.669791666666667
465.6175738	0.669791666666667
465.6349215	0.661458333333333
465.6517441	0.636458333333333
465.667462899999	0.627083333333333
465.684856599999	0.627083333333333
465.7014761	0.627083333333333
465.717775799999	0.627083333333333
465.7347112	0.627083333333333
465.751183299999	0.627083333333333
465.7675637	0.627083333333333
465.7846162	0.627083333333333
465.8011747	0.627083333333333
465.817689399999	0.627083333333333
465.8346313	0.627083333333333
465.8509761	0.627083333333333
465.867871899999	0.627083333333333
465.8844859	0.627083333333333
465.9012842	0.627083333333333
465.9175546	0.627083333333333
465.93462	0.627083333333333
465.9513934	0.627083333333333
465.9679401	0.627083333333333
465.9847108	0.627083333333333
466.0015026	0.627083333333333
466.0176104	0.627083333333333
466.034701399999	0.627083333333333
466.0512341	0.627083333333333
466.0676457	0.627083333333333
466.084583599999	0.627083333333333
466.1014823	0.627083333333333
466.1179393	0.627083333333333
466.1348515	0.627083333333333
466.1514193	0.627083333333333
466.167483	0.627083333333333
466.1846489	0.627083333333333
466.201342899999	0.627083333333333
466.2177908	0.627083333333333
466.2346916	0.627083333333333
466.2513545	0.627083333333333
466.2678517	0.627083333333333
466.284645499999	0.627083333333333
466.3011626	0.627083333333333
466.3179471	0.627083333333333
466.3347282	0.627083333333333
466.3510825	0.627083333333333
466.3679204	0.627083333333333
466.384817799999	0.627083333333333
466.4013589	0.627083333333333
466.4179358	0.627083333333333
466.4344521	0.627083333333333
466.4514115	0.627083333333333
466.4675262	0.627083333333333
466.4851336	0.627083333333333
466.5017327	0.627083333333333
466.517510499999	0.627083333333333
466.5348729	0.627083333333333
466.5512994	0.627083333333333
466.5678014	0.627083333333333
466.584707099999	0.627083333333333
466.6011001	0.627083333333333
466.617700599999	0.627083333333333
466.6346625	0.627083333333333
466.651243	0.627083333333333
466.6676555	0.627083333333333
466.6843901	0.627083333333333
466.701458	0.627083333333333
466.717528	0.627083333333333
466.734686599999	0.627083333333333
466.7512998	0.627083333333333
466.7677201	0.627083333333333
466.7844528	0.627083333333333
466.8009777	0.627083333333333
466.81772	0.627083333333333
466.834582399999	0.627083333333333
466.851142399999	0.627083333333333
466.8678141	0.627083333333333
466.884820199999	0.627083333333333
466.9009462	0.627083333333333
466.9178009	0.627083333333333
466.9345146	0.627083333333333
466.9512989	0.627083333333333
466.9677007	0.627083333333333
466.9848691	0.627083333333333
467.001018699999	0.627083333333333
467.0176941	0.627083333333333
467.0347501	0.627083333333333
467.0511739	0.627083333333333
467.0679028	0.61875
467.0849671	0.609375
467.1012276	0.609375
467.1174998	0.609375
467.1349815	0.609375
467.1513002	0.609375
467.1678433	0.609375
467.1847488	0.609375
467.2014322	0.609375
467.2178164	0.609375
467.234239899999	0.609375
467.2512118	0.609375
467.267767899999	0.609375
467.284911	0.609375
467.3012603	0.609375
467.3179201	0.609375
467.3342718	0.609375
467.3512908	0.609375
467.3679416	0.609375
467.3846891	0.609375
467.401124099999	0.609375
467.4174122	0.609375
467.4344867	0.609375
467.451143799999	0.609375
467.4677735	0.609375
467.4850809	0.609375
467.5010521	0.609375
467.5177431	0.609375
467.5347522	0.609375
467.5509767	0.609375
467.5675601	0.609375
467.5844029	0.609375
467.6010585	0.609375
467.617613299999	0.609375
467.634422	0.609375
467.6507482	0.609375
467.667935299999	0.609375
467.6844783	0.609375
467.7011163	0.609375
467.7179155	0.609375
467.7346996	0.609375
467.7513666	0.609375
467.7678138	0.609375
467.7846225	0.609375
467.8010555	0.609375
467.8173204	0.609375
467.8343253	0.609375
467.8510411	0.609375
467.867643	0.609375
467.8842511	0.609375
467.9014289	0.609375
467.9350303	0.609375
467.9512928	0.609375
467.9673812	0.609375
467.9847985	0.609375
468.0012985	0.609375
468.017928799999	0.609375
468.0345666	0.609375
468.05126	0.609375
468.0673565	0.609375
468.0843331	0.609375
468.1009058	0.609375
468.1178909	0.609375
468.1345087	0.609375
468.1519936	0.609375
468.167227699999	0.609375
468.184501	0.609375
468.2008859	0.609375
468.217873999999	0.609375
468.234317	0.609375
468.2511431	0.609375
468.267731699999	0.609375
468.2846638	0.609375
468.3013007	0.609375
468.3178551	0.609375
468.3343273	0.609375
468.3511015	0.609375
468.3675836	0.609375
468.3844894	0.609375
468.4012624	0.609375
468.4173228	0.609375
468.4345425	0.609375
468.4515607	0.609375
468.4678843	0.609375
468.4844919	0.601041666666667
468.5009052	0.592708333333333
468.5180733	0.584375
468.5344511	0.584375
468.551806	0.576041666666667
468.5680154	0.576041666666667
468.5843251	0.576041666666667
468.6010924	0.576041666666667
468.6179559	0.576041666666667
468.6344466	0.576041666666667
468.650884499999	0.576041666666667
468.6673095	0.576041666666667
468.6843507	0.576041666666667
468.7008346	0.576041666666667
468.7172698	0.576041666666667
468.7344197	0.576041666666667
468.7507068	0.576041666666667
468.7678971	0.576041666666667
468.7843251	0.576041666666667
468.801107199999	0.576041666666667
468.817808599999	0.576041666666667
468.8341722	0.576041666666667
468.850789199999	0.576041666666667
468.8679638	0.576041666666667
468.8843111	0.576041666666667
468.9011223	0.576041666666667
468.9182859	0.576041666666667
468.934204199999	0.576041666666667
468.951170299999	0.576041666666667
468.9679114	0.576041666666667
468.9846396	0.576041666666667
469.0010011	0.576041666666667
469.0176974	0.576041666666667
469.0346034	0.576041666666667
469.050922999999	0.576041666666667
469.0675959	0.576041666666667
469.0841669	0.576041666666667
469.1013228	0.576041666666667
469.1171836	0.576041666666667
469.1346657	0.576041666666667
469.151578099999	0.576041666666667
469.1678201	0.576041666666667
469.1843434	0.576041666666667
469.2010685	0.576041666666667
469.2177496	0.576041666666667
469.2342353	0.576041666666667
469.2508279	0.576041666666667
469.267546	0.576041666666667
469.2841851	0.576041666666667
469.3007266	0.576041666666667
469.318232399999	0.576041666666667
469.3344236	0.576041666666667
469.3512464	0.576041666666667
469.3680792	0.576041666666667
469.3842828	0.576041666666667
469.4012075	0.576041666666667
469.4181107	0.576041666666667
469.4342772	0.576041666666667
469.4512152	0.576041666666667
469.4678884	0.576041666666667
469.4844167	0.576041666666667
469.500896	0.576041666666667
469.5174855	0.576041666666667
469.5344595	0.576041666666667
469.5507254	0.576041666666667
469.5679294	0.576041666666667
469.5846562	0.576041666666667
469.6009506	0.576041666666667
469.617781699999	0.576041666666667
469.6342928	0.576041666666667
469.6511294	0.576041666666667
469.6674812	0.576041666666667
469.684493	0.576041666666667
469.700982299999	0.576041666666667
469.717866699999	0.576041666666667
469.73437	0.576041666666667
469.7508889	0.576041666666667
469.7677522	0.576041666666667
469.8012957	0.576041666666667
469.8347459	0.576041666666667
469.851174899999	0.576041666666667
469.8677496	0.576041666666667
469.8847605	0.576041666666667
469.9008585	0.576041666666667
469.9176904	0.576041666666667
469.934448	0.576041666666667
469.950955	0.576041666666667
469.967509	0.576041666666667
469.9847114	0.576041666666667
470.017499399999	0.576041666666667
470.0340999	0.576041666666667
470.0509674	0.576041666666667
470.0673093	0.576041666666667
470.084153599999	0.576041666666667
470.1005573	0.576041666666667
470.1177606	0.576041666666667
470.1342468	0.576041666666667
470.1511678	0.576041666666667
470.167588299999	0.576041666666667
470.1847677	0.576041666666667
470.2177338	0.576041666666667
470.2511641	0.576041666666667
470.2679336	0.576041666666667
470.3009671	0.576041666666667
470.3178954	0.576041666666667
470.3514547	0.576041666666667
470.384619299999	0.576041666666667
470.4179695	0.576041666666667
470.4512844	0.576041666666667
470.4844723	0.576041666666667
470.5180273	0.576041666666667
470.5507404	0.576041666666667
470.568151999999	0.576041666666667
470.6013271	0.576041666666667
470.6177437	0.576041666666667
470.634533999999	0.576041666666667
470.6680024	0.576041666666667
470.701138	0.576041666666667
470.7182213	0.576041666666667
470.7514478	0.576041666666667
470.767826	0.576041666666667
470.8013922	0.576041666666667
470.834716299999	0.576041666666667
470.8679665	0.576041666666667
470.9010428	0.576041666666667
470.91809	0.576041666666667
470.951299	0.576041666666667
470.984762699999	0.576041666666667
471.0178976	0.576041666666667
471.051073399999	0.576041666666667
471.0848542	0.576041666666667
471.1179572	0.576041666666667
471.1512468	0.576041666666667
471.184639	0.576041666666667
471.2181723	0.576041666666667
471.250699	0.576041666666667
471.2679236	0.576041666666667
471.300977599999	0.576041666666667
471.33412	0.576041666666667
471.367929099999	0.576041666666667
471.401305899999	0.576041666666667
471.4342809	0.576041666666667
471.4679629	0.576041666666667
471.5006135	0.576041666666667
471.5177549	0.576041666666667
471.5513027	0.576041666666667
471.5843835	0.576041666666667
471.6178515	0.576041666666667
471.6515195	0.576041666666667
471.6843899	0.576041666666667
471.717544199999	0.576041666666667
471.751258299999	0.576041666666667
471.7845241	0.576041666666667
471.8178882	0.576041666666667
471.8514824	0.576041666666667
471.884713899999	0.576041666666667
471.9177858	0.576041666666667
471.9509837	0.576041666666667
471.9844634	0.576041666666667
472.017499399999	0.576041666666667
472.0510746	0.576041666666667
472.084603299999	0.576041666666667
472.1179453	0.576041666666667
472.1509667	0.576041666666667
472.1844218	0.576041666666667
472.217809499999	0.576041666666667
472.2510737	0.576041666666667
472.2841212	0.576041666666667
472.3176616	0.576041666666667
472.351120299999	0.576041666666667
472.3844991	0.576041666666667
472.417853699999	0.576041666666667
472.4508655	0.576041666666667
472.484066	0.576041666666667
472.5179554	0.576041666666667
472.5515125	0.576041666666667
472.5843671	0.576041666666667
472.6178668	0.576041666666667
472.651253699999	0.576041666666667
472.6841947	0.576041666666667
472.7178752	0.576041666666667
472.7511522	0.576041666666667
472.784601299999	0.576041666666667
472.817501999999	0.576041666666667
472.8510976	0.576041666666667
472.8841151	0.576041666666667
472.9178497	0.576041666666667
472.9511504	0.576041666666667
472.9845239	0.576041666666667
473.0183647	0.576041666666667
473.0512297	0.576041666666667
473.0844969	0.576041666666667
473.1172297	0.576041666666667
473.150970499999	0.576041666666667
473.1844758	0.576041666666667
473.217837799999	0.576041666666667
473.2508248	0.576041666666667
473.2841512	0.576041666666667
473.3178253	0.576041666666667
473.3510618	0.576041666666667
473.384006	0.576041666666667
473.417456	0.576041666666667
473.4512571	0.576041666666667
473.4843314	0.576041666666667
473.5178087	0.576041666666667
473.5511451	0.576041666666667
473.5844286	0.576041666666667
473.6179846	0.576041666666667
473.651563	0.576041666666667
473.6840852	0.576041666666667
473.7180965	0.576041666666667
473.7510085	0.576041666666667
473.7844726	0.576041666666667
473.817765599999	0.576041666666667
473.8510296	0.576041666666667
473.8841571	0.576041666666667
473.917931099999	0.576041666666667
473.9510368	0.576041666666667
473.9847917	0.576041666666667
474.0174315	0.576041666666667
474.0506886	0.576041666666667
474.0838484	0.576041666666667
474.1174283	0.576041666666667
474.1506417	0.576041666666667
474.184408199999	0.576041666666667
474.2175103	0.576041666666667
474.2511138	0.576041666666667
474.2839891	0.576041666666667
474.3174831	0.576041666666667
474.3508658	0.576041666666667
474.384344699999	0.576041666666667
474.4176606	0.576041666666667
474.450974899999	0.576041666666667
474.4848636	0.576041666666667
474.5177626	0.576041666666667
474.5509575	0.576041666666667
474.584692899999	0.576041666666667
474.617809299999	0.576041666666667
474.6507034	0.576041666666667
474.6839962	0.576041666666667
474.7177249	0.576041666666667
474.7509563	0.576041666666667
474.7840689	0.576041666666667
474.817865099999	0.576041666666667
474.850921799999	0.576041666666667
474.884826999999	0.576041666666667
474.9181668	0.576041666666667
474.9512074	0.576041666666667
474.984758399999	0.576041666666667
475.0177595	0.576041666666667
475.050908199999	0.576041666666667
475.0841307	0.576041666666667
475.1176284	0.576041666666667
475.1509218	0.576041666666667
475.184607799999	0.576041666666667
475.2181644	0.576041666666667
475.2505208	0.576041666666667
475.2844167	0.576041666666667
475.3175852	0.576041666666667
475.3511857	0.576041666666667
475.3845031	0.576041666666667
475.4179014	0.576041666666667
475.450665	0.576041666666667
475.4844554	0.576041666666667
475.5179472	0.576041666666667
475.550974	0.576041666666667
475.5846035	0.576041666666667
475.616890299999	0.576041666666667
475.6499087	0.576041666666667
475.6835404	0.576041666666667
475.716581	0.576041666666667
475.749772199999	0.576041666666667
475.7834209	0.576041666666667
475.8171532	0.576041666666667
475.8499037	0.576041666666667
475.8836042	0.576041666666667
475.9166089	0.576041666666667
475.9494574	0.576041666666667
475.9843298	0.576041666666667
476.0168623	0.576041666666667
476.049389599999	0.576041666666667
476.0828614	0.576041666666667
476.116532099999	0.576041666666667
476.1496063	0.576041666666667
476.1832918	0.576041666666667
476.2166151	0.576041666666667
476.2491696	0.576041666666667
476.283596799999	0.576041666666667
476.3168596	0.576041666666667
476.3495136	0.576041666666667
476.383327	0.576041666666667
476.4165841	0.576041666666667
476.4497688	0.576041666666667
476.4834423	0.576041666666667
476.516749899999	0.576041666666667
476.5494287	0.576041666666667
476.5835597	0.576041666666667
476.6165836	0.576041666666667
476.6493813	0.576041666666667
476.6838109	0.576041666666667
476.716708599999	0.576041666666667
476.749912	0.576041666666667
476.783161899999	0.576041666666667
476.816126499999	0.576041666666667
476.8497871	0.576041666666667
476.883069399999	0.576041666666667
476.9162922	0.576041666666667
476.9506607	0.576041666666667
476.9831414	0.576041666666667
477.0160526	0.576041666666667
477.0494339	0.576041666666667
477.082920599999	0.576041666666667
477.1168284	0.576041666666667
477.1499829	0.576041666666667
477.183173899999	0.576041666666667
477.2164458	0.576041666666667
477.2499033	0.576041666666667
477.2834625	0.576041666666667
477.316555	0.576041666666667
477.3498923	0.576041666666667
477.3833195	0.576041666666667
477.4167628	0.576041666666667
477.4497422	0.576041666666667
477.4833026	0.576041666666667
477.5166477	0.576041666666667
477.5497628	0.576041666666667
477.5835473	0.576041666666667
477.6166422	0.576041666666667
477.6501944	0.576041666666667
477.6830595	0.576041666666667
477.7163749	0.576041666666667
477.7499137	0.576041666666667
477.7832268	0.576041666666667
477.8162601	0.576041666666667
477.849930899999	0.576041666666667
477.883630299999	0.576041666666667
477.9165025	0.576041666666667
477.9497774	0.576041666666667
477.9832941	0.576041666666667
478.016379499999	0.576041666666667
478.0497914	0.576041666666667
478.0837134	0.576041666666667
478.1169102	0.576041666666667
478.1497564	0.576041666666667
478.1831632	0.576041666666667
478.216401	0.576041666666667
478.2493527	0.576041666666667
478.282891599999	0.576041666666667
478.316719	0.576041666666667
478.3497676	0.576041666666667
478.3831502	0.576041666666667
478.416689499999	0.576041666666667
478.4495347	0.576041666666667
478.4833355	0.576041666666667
478.516521399999	0.576041666666667
478.54964	0.576041666666667
478.583074199999	0.576041666666667
478.6165501	0.576041666666667
478.6499168	0.576041666666667
478.683388	0.576041666666667
478.7164428	0.576041666666667
478.7500724	0.576041666666667
478.7832734	0.576041666666667
478.8160236	0.576041666666667
478.8499892	0.576041666666667
478.8833057	0.576041666666667
478.9161715	0.576041666666667
478.9498368	0.576041666666667
478.9833374	0.576041666666667
479.0161256	0.576041666666667
479.0499608	0.576041666666667
479.0835986	0.576041666666667
479.116527	0.576041666666667
479.1497681	0.576041666666667
479.1829692	0.576041666666667
479.2165577	0.576041666666667
479.2499828	0.576041666666667
479.283451199999	0.576041666666667
479.316566399999	0.576041666666667
479.350092499999	0.576041666666667
479.383278	0.576041666666667
479.4161812	0.576041666666667
479.4495206	0.576041666666667
479.4826591	0.576041666666667
479.5167074	0.576041666666667
479.5499217	0.576041666666667
479.583335	0.576041666666667
479.6164843	0.576041666666667
479.649677899999	0.576041666666667
479.683106399999	0.576041666666667
479.7164737	0.576041666666667
479.7500795	0.576041666666667
479.7827207	0.576041666666667
479.8160845	0.576041666666667
479.8497894	0.576041666666667
479.8841038	0.576041666666667
479.9165514	0.576041666666667
479.9501509	0.576041666666667
479.9828524	0.576041666666667
480.0166231	0.576041666666667
480.049735	0.576041666666667
480.0830684	0.576041666666667
480.1164582	0.576041666666667
480.149784799999	0.576041666666667
480.1831786	0.576041666666667
480.216431599999	0.576041666666667
480.2497105	0.576041666666667
480.2832435	0.576041666666667
480.316003699999	0.576041666666667
480.3496542	0.576041666666667
480.3834383	0.576041666666667
480.416689	0.576041666666667
480.4497908	0.576041666666667
480.4835601	0.576041666666667
480.5165919	0.576041666666667
480.549801199999	0.576041666666667
480.583068599999	0.576041666666667
480.6159383	0.576041666666667
480.6492953	0.576041666666667
480.6826845	0.576041666666667
480.7163553	0.576041666666667
480.7499005	0.576041666666667
480.7829953	0.576041666666667
480.816172599999	0.576041666666667
480.8496485	0.576041666666667
480.8833068	0.576041666666667
480.9164943	0.576041666666667
480.949999	0.576041666666667
480.9830718	0.576041666666667
481.0165457	0.576041666666667
481.049815	0.576041666666667
481.0832776	0.576041666666667
481.1166938	0.576041666666667
481.1495431	0.576041666666667
481.1830353	0.576041666666667
481.216256499999	0.576041666666667
481.2499278	0.576041666666667
481.2834945	0.576041666666667
481.3164485	0.576041666666667
481.3496468	0.576041666666667
481.3830991	0.576041666666667
481.4161793	0.576041666666667
481.449601	0.576041666666667
481.4833386	0.576041666666667
481.5166126	0.576041666666667
481.5495397	0.576041666666667
481.5829553	0.576041666666667
481.6163752	0.576041666666667
481.649719099999	0.576041666666667
481.6833567	0.576041666666667
481.7161771	0.576041666666667
481.749745699999	0.576041666666667
481.7827169	0.576041666666667
481.8161608	0.576041666666667
481.849815999999	0.576041666666667
481.8833349	0.576041666666667
481.9162811	0.576041666666667
481.949977199999	0.576041666666667
481.9834164	0.576041666666667
482.016275699999	0.576041666666667
482.0499494	0.576041666666667
482.0830037	0.576041666666667
482.1160638	0.576041666666667
482.1494509	0.576041666666667
482.18327	0.576041666666667
482.2165558	0.576041666666667
482.2500533	0.576041666666667
482.2831217	0.576041666666667
482.3163923	0.576041666666667
482.3494847	0.576041666666667
482.3826832	0.576041666666667
482.416362099999	0.576041666666667
482.449801	0.576041666666667
482.4828157	0.576041666666667
482.5166374	0.576041666666667
482.549460799999	0.576041666666667
482.5827174	0.576041666666667
482.6159984	0.576041666666667
482.6498841	0.576041666666667
482.6834776	0.576041666666667
482.7164361	0.576041666666667
482.749809699999	0.576041666666667
482.7830988	0.576041666666667
482.816359399999	0.576041666666667
482.8494102	0.576041666666667
482.882617899999	0.576041666666667
482.9163736	0.576041666666667
482.9498375	0.576041666666667
482.9830898	0.576041666666667
483.016345	0.576041666666667
483.0493259	0.576041666666667
483.0833238	0.576041666666667
483.1164371	0.576041666666667
483.1497884	0.576041666666667
483.182923	0.576041666666667
483.2163558	0.576041666666667
483.2494485	0.576041666666667
483.2825787	0.576041666666667
483.3163204	0.576041666666667
483.3498263	0.576041666666667
483.3830223	0.576041666666667
483.416330099999	0.576041666666667
483.4494037	0.576041666666667
483.483035199999	0.576041666666667
483.5162521	0.576041666666667
483.5499015	0.576041666666667
483.5833508	0.576041666666667
483.616023399999	0.576041666666667
483.650022599999	0.576041666666667
483.6826682	0.576041666666667
483.716362	0.576041666666667
483.749530699999	0.576041666666667
483.7830154	0.576041666666667
483.8161429	0.576041666666667
483.8499433	0.576041666666667
483.883063199999	0.576041666666667
483.9164089	0.576041666666667
483.949951	0.576041666666667
483.9830075	0.576041666666667
484.0164187	0.576041666666667
484.0497845	0.576041666666667
484.0832654	0.576041666666667
484.1165023	0.576041666666667
484.1496151	0.576041666666667
484.1829815	0.576041666666667
484.2160178	0.576041666666667
484.2499283	0.576041666666667
484.2828859	0.576041666666667
484.3165084	0.576041666666667
484.3505179	0.576041666666667
484.3826746	0.576041666666667
484.4160872	0.576041666666667
484.4498314	0.576041666666667
484.482622999999	0.576041666666667
484.5167146	0.576041666666667
484.5500244	0.576041666666667
484.5832383	0.576041666666667
484.6164308	0.576041666666667
484.6493023	0.576041666666667
484.6830144	0.576041666666667
484.716483199999	0.576041666666667
484.749799	0.576041666666667
484.7830344	0.576041666666667
484.8165146	0.576041666666667
484.849757699999	0.576041666666667
484.8827593	0.576041666666667
484.9159104	0.576041666666667
484.9493462	0.576041666666667
484.9826448	0.576041666666667
485.0166569	0.576041666666667
485.0499796	0.576041666666667
485.0833286	0.576041666666667
485.1160862	0.576041666666667
485.1499813	0.576041666666667
485.182921399999	0.576041666666667
485.2163797	0.576041666666667
485.2498874	0.576041666666667
485.2832032	0.576041666666667
485.316572	0.576041666666667
485.349378599999	0.576041666666667
485.3826826	0.576041666666667
485.4159749	0.576041666666667
485.4501322	0.576041666666667
485.4833601	0.576041666666667
485.5161339	0.576041666666667
485.5493127	0.576041666666667
485.582867799999	0.576041666666667
485.616473099999	0.576041666666667
485.6497628	0.576041666666667
485.6831685	0.576041666666667
485.7163846	0.576041666666667
485.7494412	0.576041666666667
485.783102299999	0.576041666666667
485.8164352	0.576041666666667
485.8495435	0.576041666666667
485.8828725	0.576041666666667
485.9161555	0.576041666666667
485.9499111	0.576041666666667
485.982754499999	0.576041666666667
486.016235099999	0.576041666666667
486.049805499999	0.576041666666667
486.08332	0.576041666666667
486.116127199999	0.576041666666667
486.1492714	0.576041666666667
486.182949699999	0.576041666666667
486.2160755	0.576041666666667
486.249456999999	0.576041666666667
486.282988699999	0.576041666666667
486.316318799999	0.576041666666667
486.350041	0.576041666666667
486.3831299	0.576041666666667
486.4162817	0.576041666666667
486.4497457	0.576041666666667
486.483242899999	0.576041666666667
486.5163903	0.576041666666667
486.5497724	0.576041666666667
486.5830642	0.576041666666667
486.6162567	0.576041666666667
486.6497665	0.576041666666667
486.6833205	0.576041666666667
486.716026	0.576041666666667
486.7499622	0.576041666666667
486.782731299999	0.576041666666667
486.816755599999	0.576041666666667
486.8498803	0.576041666666667
486.8832276	0.576041666666667
486.916134	0.576041666666667
486.949433	0.576041666666667
486.983062	0.576041666666667
487.0161531	0.576041666666667
487.049312799999	0.576041666666667
487.082789099999	0.576041666666667
487.1159977	0.576041666666667
487.1497004	0.576041666666667
487.183121699999	0.576041666666667
487.216307	0.576041666666667
487.2496888	0.576041666666667
487.283515	0.576041666666667
487.3165276	0.576041666666667
487.349997	0.576041666666667
487.3828505	0.576041666666667
487.41645	0.576041666666667
487.4496812	0.576041666666667
487.4829014	0.576041666666667
487.5158986	0.576041666666667
487.5492496	0.576041666666667
487.5830405	0.576041666666667
487.6162383	0.576041666666667
487.6492034	0.576041666666667
487.683283	0.576041666666667
487.7159693	0.576041666666667
487.749820699999	0.576041666666667
487.7830819	0.576041666666667
487.815800899999	0.576041666666667
487.8493606	0.576041666666667
487.8830179	0.576041666666667
487.9159692	0.576041666666667
487.949672499999	0.576041666666667
487.983154399999	0.576041666666667
488.0159233	0.576041666666667
488.0498169	0.576041666666667
488.0830978	0.576041666666667
488.1161109	0.576041666666667
488.149962399999	0.576041666666667
488.1830005	0.576041666666667
488.216238699999	0.576041666666667
488.2497718	0.576041666666667
488.2826298	0.576041666666667
488.3162275	0.576041666666667
488.349898299999	0.576041666666667
488.3828268	0.576041666666667
488.415834999999	0.576041666666667
488.4497276	0.576041666666667
488.483457	0.576041666666667
488.516105	0.576041666666667
488.5493015	0.576041666666667
488.583043399999	0.576041666666667
488.616578799999	0.576041666666667
488.6497681	0.576041666666667
488.6826007	0.576041666666667
488.716387999999	0.576041666666667
488.749624	0.576041666666667
488.782861	0.576041666666667
488.8160394	0.576041666666667
488.8496144	0.576041666666667
488.8833622	0.576041666666667
488.9162593	0.576041666666667
488.9492897	0.576041666666667
488.9826444	0.576041666666667
489.0161699	0.576041666666667
489.0495152	0.576041666666667
489.083325399999	0.576041666666667
489.1168088	0.576041666666667
489.149297099999	0.576041666666667
489.1667255	0.576041666666667
489.1828859	0.576041666666667
489.2164902	0.576041666666667
489.232960899999	0.576041666666667
489.266195799999	0.576041666666667
489.2830306	0.576041666666667
489.29954	0.576041666666667
489.3170252	0.576041666666667
489.3329363	0.576041666666667
489.349599199999	0.576041666666667
489.382656	0.576041666666667
489.416439499999	0.576041666666667
489.4327437	0.576041666666667
489.4656128	0.576041666666667
489.483037099999	0.576041666666667
489.516404699999	0.576041666666667
489.532376799999	0.576041666666667
489.5665617	0.576041666666667
489.5830507	0.576041666666667
489.5994612	0.576041666666667
489.633204	0.576041666666667
489.6660188	0.576041666666667
489.6829613	0.576041666666667
489.716264	0.576041666666667
489.7328266	0.576041666666667
489.766165699999	0.576041666666667
489.7829372	0.576041666666667
489.799438699999	0.576041666666667
489.8327189	0.576041666666667
489.8661384	0.576041666666667
489.8830426	0.576041666666667
489.9160732	0.576041666666667
489.9493933	0.576041666666667
489.9829281	0.576041666666667
489.999482799999	0.576041666666667
490.033226999999	0.576041666666667
490.0495571	0.576041666666667
490.0662607	0.576041666666667
490.083273799999	0.576041666666667
490.1161885	0.576041666666667
490.1329095	0.576041666666667
490.1495272	0.576041666666667
490.182673299999	0.576041666666667
490.1993548	0.576041666666667
490.2329334	0.576041666666667
490.2498234	0.576041666666667
490.2657832	0.576041666666667
490.2824908	0.576041666666667
490.3160873	0.576041666666667
490.3327988	0.576041666666667
490.366745299999	0.576041666666667
490.3824018	0.576041666666667
490.3993789	0.576041666666667
490.4158846	0.576041666666667
490.432824999999	0.576041666666667
490.449355	0.576041666666667
490.4660804	0.576041666666667
490.4826349	0.576041666666667
490.5168552	0.576041666666667
490.5336167	0.576041666666667
490.550042599999	0.576041666666667
490.5667905	0.576041666666667
490.5832715	0.576041666666667
490.6002944	0.576041666666667
490.6166979	0.576041666666667
490.6332022	0.576041666666667
490.6501607	0.576041666666667
490.6667618	0.576041666666667
490.684013	0.576041666666667
490.700348899999	0.576041666666667
490.7170317	0.576041666666667
490.7337883	0.576041666666667
490.7504508	0.576041666666667
490.7668246	0.576041666666667
490.7838018	0.576041666666667
490.800277	0.576041666666667
490.816557	0.576041666666667
490.8337891	0.576041666666667
490.85035	0.576041666666667
490.8667745	0.576041666666667
490.8831543	0.576041666666667
490.900294699999	0.576041666666667
490.9167279	0.576041666666667
490.934159	0.576041666666667
490.9504038	0.576041666666667
490.9671337	0.576041666666667
490.9837137	0.576041666666667
491.0004269	0.576041666666667
491.0168289	0.576041666666667
491.0336384	0.576041666666667
491.0502795	0.576041666666667
491.066757999999	0.576041666666667
491.083558	0.576041666666667
491.099901399999	0.576041666666667
491.1167511	0.576041666666667
491.1337817	0.576041666666667
491.149942	0.576041666666667
491.166610199999	0.576041666666667
491.1838385	0.576041666666667
491.200538699999	0.576041666666667
491.2166463	0.576041666666667
491.2336707	0.576041666666667
491.2501423	0.576041666666667
491.2670113	0.576041666666667
491.2838289	0.576041666666667
491.3003009	0.576041666666667
491.316562099999	0.576041666666667
491.3334319	0.576041666666667
491.3503227	0.576041666666667
491.3663573	0.576041666666667
491.383281299999	0.576041666666667
491.400642999999	0.576041666666667
491.4164183	0.576041666666667
491.4336186	0.576041666666667
491.4506324	0.576041666666667
491.4666525	0.576041666666667
491.4839362	0.576041666666667
491.5002276	0.576041666666667
491.5166244	0.576041666666667
491.5334069	0.576041666666667
491.5498892	0.576041666666667
491.5666547	0.576041666666667
491.5836512	0.576041666666667
491.599866999999	0.576041666666667
491.6165633	0.576041666666667
491.6338943	0.576041666666667
491.6504617	0.576041666666667
491.6666472	0.576041666666667
491.6837426	0.576041666666667
491.700169	0.576041666666667
491.7165401	0.576041666666667
491.733677799999	0.576041666666667
491.7504765	0.576041666666667
491.7665642	0.576041666666667
491.7836021	0.576041666666667
491.7996927	0.576041666666667
491.8167094	0.576041666666667
491.833429899999	0.576041666666667
491.8500328	0.576041666666667
491.866723	0.576041666666667
491.8830022	0.576041666666667
491.900308199999	0.576041666666667
491.9164959	0.576041666666667
491.9335159	0.576041666666667
491.9502013	0.576041666666667
491.966548	0.576041666666667
491.9834596	0.576041666666667
492.0000776	0.576041666666667
492.016764	0.576041666666667
492.0332439	0.576041666666667
492.0501933	0.576041666666667
492.066703399999	0.576041666666667
492.083764	0.576041666666667
492.0999823	0.576041666666667
492.1163501	0.576041666666667
492.133415899999	0.576041666666667
492.1497779	0.576041666666667
492.1668853	0.576041666666667
492.1837749	0.576041666666667
492.200273299999	0.576041666666667
492.2167599	0.576041666666667
492.2337664	0.576041666666667
492.2499443	0.576041666666667
492.2664671	0.576041666666667
492.2833065	0.576041666666667
492.29988	0.576041666666667
492.3163912	0.576041666666667
492.333388	0.576041666666667
492.3505273	0.576041666666667
492.3665423	0.576041666666667
492.3834838	0.576041666666667
492.4002363	0.576041666666667
492.4162836	0.576041666666667
492.4334988	0.576041666666667
492.450101899999	0.576041666666667
492.4663592	0.576041666666667
492.4836412	0.576041666666667
492.499859399999	0.576041666666667
492.5166851	0.576041666666667
492.5337605	0.576041666666667
492.5502526	0.576041666666667
492.566879699999	0.576041666666667
492.583638	0.576041666666667
492.6002819	0.576041666666667
492.6165061	0.576041666666667
492.6336707	0.576041666666667
492.6502742	0.576041666666667
492.6664435	0.576041666666667
492.683549899999	0.576041666666667
492.6996697	0.576041666666667
492.7162644	0.576041666666667
492.7330718	0.576041666666667
492.749865499999	0.576041666666667
492.7666171	0.576041666666667
492.783741	0.576041666666667
492.7998364	0.576041666666667
492.8166028	0.576041666666667
492.8335698	0.576041666666667
492.850099899999	0.576041666666667
492.8663807	0.576041666666667
492.8832802	0.576041666666667
492.9001195	0.576041666666667
492.9163724	0.576041666666667
492.9334102	0.576041666666667
492.9499322	0.576041666666667
492.9666351	0.576041666666667
492.9831607	0.576041666666667
493.000123599999	0.576041666666667
493.0162328	0.576041666666667
493.033505	0.576041666666667
493.0497056	0.576041666666667
493.066699099999	0.576041666666667
493.083597599999	0.576041666666667
493.1001182	0.576041666666667
493.1165959	0.576041666666667
493.1333265	0.576041666666667
493.1501782	0.576041666666667
493.1670359	0.576041666666667
493.1836024	0.576041666666667
493.1998835	0.576041666666667
493.216224599999	0.576041666666667
493.2330896	0.576041666666667
493.2504155	0.576041666666667
493.2667231	0.576041666666667
493.283077699999	0.576041666666667
493.300253	0.576041666666667
493.3166227	0.576041666666667
493.3333699	0.576041666666667
493.3503862	0.576041666666667
493.3669018	0.576041666666667
493.3836033	0.576041666666667
493.4002581	0.576041666666667
493.4166786	0.576041666666667
493.4335495	0.576041666666667
493.4499774	0.576041666666667
493.466205499999	0.576041666666667
493.482932599999	0.576041666666667
493.5036839	0.576041666666667
493.516316199999	0.576041666666667
493.5334309	0.576041666666667
493.5500547	0.576041666666667
493.566311999999	0.576041666666667
493.5833244	0.576041666666667
493.600082699999	0.576041666666667
493.6162822	0.576041666666667
493.6334861	0.576041666666667
493.6500405	0.576041666666667
493.6664154	0.576041666666667
493.682993299999	0.576041666666667
493.7001012	0.576041666666667
493.7167956	0.576041666666667
493.733392199999	0.576041666666667
493.7503224	0.576041666666667
493.7666391	0.576041666666667
493.7835352	0.576041666666667
493.8002667	0.576041666666667
493.816626599999	0.576041666666667
493.8333785	0.576041666666667
493.8499078	0.576041666666667
493.8663154	0.576041666666667
493.8834628	0.576041666666667
493.9000485	0.576041666666667
493.9168243	0.576041666666667
493.9335959	0.576041666666667
493.9500777	0.576041666666667
493.966701299999	0.576041666666667
493.982979299999	0.576041666666667
493.9996692	0.576041666666667
494.016816299999	0.576041666666667
494.0333801	0.576041666666667
494.0500264	0.576041666666667
494.066340299999	0.576041666666667
494.0834782	0.576041666666667
494.1000422	0.576041666666667
494.1169163	0.576041666666667
494.1335249	0.576041666666667
494.1499408	0.576041666666667
494.1670339	0.576041666666667
494.182999499999	0.576041666666667
494.200147999999	0.576041666666667
494.2165726	0.576041666666667
494.233366999999	0.576041666666667
494.2497122	0.576041666666667
494.2664161	0.576041666666667
494.2831899	0.576041666666667
494.3002873	0.576041666666667
494.3167944	0.576041666666667
494.3335451	0.576041666666667
494.3499353	0.576041666666667
494.3666272	0.576041666666667
494.3831041	0.576041666666667
494.3996092	0.576041666666667
494.4168974	0.576041666666667
494.4336204	0.576041666666667
494.4497699	0.576041666666667
494.4668483	0.576041666666667
494.483529799999	0.576041666666667
494.5002498	0.576041666666667
494.5164906	0.576041666666667
494.5333889	0.576041666666667
494.5496696	0.576041666666667
494.566592799999	0.576041666666667
494.5831548	0.576041666666667
494.6000196	0.576041666666667
494.6168918	0.576041666666667
494.6335079	0.576041666666667
494.6500486	0.576041666666667
494.6665941	0.576041666666667
494.6832422	0.576041666666667
494.7001389	0.576041666666667
494.7163134	0.576041666666667
494.733432099999	0.576041666666667
494.7501462	0.576041666666667
494.7666576	0.576041666666667
494.7829054	0.576041666666667
494.7999679	0.576041666666667
494.816604	0.576041666666667
494.8334233	0.576041666666667
494.8495907	0.576041666666667
494.8664517	0.576041666666667
494.8830075	0.576041666666667
494.8996264	0.576041666666667
494.9164239	0.576041666666667
494.9330702	0.576041666666667
494.949840899999	0.576041666666667
494.9667759	0.576041666666667
494.9834549	0.576041666666667
495.000149999999	0.576041666666667
495.0166624	0.576041666666667
495.033143499999	0.576041666666667
495.0499168	0.576041666666667
495.066346999999	0.576041666666667
495.0839147	0.576041666666667
495.1041278	0.576041666666667
495.116894599999	0.576041666666667
495.133433	0.576041666666667
495.150122	0.576041666666667
495.1662731	0.576041666666667
495.1832834	0.576041666666667
495.2002908	0.576041666666667
495.2170178	0.576041666666667
495.2334833	0.576041666666667
495.249544	0.576041666666667
495.2666097	0.576041666666667
495.2835302	0.576041666666667
495.2995179	0.576041666666667
495.3162212	0.576041666666667
495.3336343	0.576041666666667
495.3502394	0.576041666666667
495.3668916	0.576041666666667
495.3832533	0.576041666666667
495.400162599999	0.576041666666667
495.4165708	0.576041666666667
495.433154899999	0.576041666666667
495.4499181	0.576041666666667
495.4663684	0.576041666666667
495.483941399999	0.576041666666667
495.4999271	0.576041666666667
495.5167514	0.576041666666667
495.5336198	0.576041666666667
495.5502917	0.576041666666667
495.5666632	0.576041666666667
495.5839554	0.576041666666667
495.5999865	0.576041666666667
495.6168655	0.576041666666667
495.633482799999	0.576041666666667
495.649940299999	0.576041666666667
495.6666751	0.576041666666667
495.683495799999	0.576041666666667
495.7003097	0.576041666666667
495.716593099999	0.576041666666667
495.7329129	0.576041666666667
495.7501233	0.576041666666667
495.76655	0.576041666666667
495.783487499999	0.576041666666667
495.800037099999	0.576041666666667
495.817	0.576041666666667
495.8335082	0.576041666666667
495.850081	0.576041666666667
495.8666017	0.576041666666667
495.883155399999	0.576041666666667
495.900125799999	0.576041666666667
495.9168218	0.576041666666667
495.933485399999	0.576041666666667
495.9501391	0.576041666666667
495.9665762	0.576041666666667
495.9836886	0.576041666666667
495.9998197	0.576041666666667
496.016467399999	0.576041666666667
496.0335285	0.576041666666667
496.0497132	0.576041666666667
496.0665488	0.576041666666667
496.0831175	0.576041666666667
496.0998045	0.576041666666667
496.1164318	0.576041666666667
496.1335594	0.576041666666667
496.149807499999	0.576041666666667
496.1664741	0.576041666666667
496.1834428	0.576041666666667
496.199491899999	0.576041666666667
496.2166711	0.576041666666667
496.232992199999	0.576041666666667
496.2495521	0.576041666666667
496.2662045	0.576041666666667
496.283434699999	0.576041666666667
496.3000263	0.576041666666667
496.317146899999	0.576041666666667
496.3333576	0.576041666666667
496.349634199999	0.576041666666667
496.3665803	0.576041666666667
496.3833407	0.576041666666667
496.3999745	0.576041666666667
496.417005299999	0.576041666666667
496.433022199999	0.576041666666667
496.450162099999	0.576041666666667
496.4667144	0.576041666666667
496.483546999999	0.576041666666667
496.499632	0.576041666666667
496.5171372	0.576041666666667
496.533152	0.576041666666667
496.5496306	0.576041666666667
496.5668886	0.576041666666667
496.5830618	0.576041666666667
496.6000792	0.576041666666667
496.6165248	0.576041666666667
496.6334115	0.576041666666667
496.6494438	0.576041666666667
496.6668995	0.576041666666667
496.683132	0.576041666666667
496.699896699999	0.576041666666667
496.7164393	0.576041666666667
496.7330437	0.576041666666667
496.7497228	0.576041666666667
496.7664476	0.576041666666667
496.7830534	0.576041666666667
496.7997315	0.576041666666667
496.8165217	0.576041666666667
496.8333572	0.576041666666667
496.849541	0.576041666666667
496.866769899999	0.576041666666667
496.883396199999	0.576041666666667
496.8997124	0.576041666666667
496.9165305	0.576041666666667
496.9335197	0.576041666666667
496.9494521	0.576041666666667
496.966635	0.576041666666667
496.982935	0.576041666666667
497.0004067	0.576041666666667
497.0165388	0.576041666666667
497.033425399999	0.576041666666667
497.0494874	0.576041666666667
497.0664955	0.576041666666667
497.083001699999	0.576041666666667
497.0996732	0.576041666666667
497.1161388	0.576041666666667
497.1333156	0.576041666666667
497.1499358	0.576041666666667
497.1665815	0.576041666666667
497.1834963	0.576041666666667
497.2002343	0.576041666666667
497.2167128	0.576041666666667
497.2331674	0.576041666666667
497.2497448	0.576041666666667
497.2663263	0.576041666666667
497.2833349	0.576041666666667
497.2995709	0.576041666666667
497.3165322	0.576041666666667
497.3330658	0.576041666666667
497.349619	0.576041666666667
497.3661393	0.576041666666667
497.3832024	0.576041666666667
497.3996223	0.576041666666667
497.416073899999	0.576041666666667
497.4336954	0.576041666666667
497.4496364	0.576041666666667
497.466417	0.576041666666667
497.4834153	0.576041666666667
497.4998787	0.576041666666667
497.516516	0.576041666666667
497.533395	0.576041666666667
497.549868099999	0.576041666666667
497.5664201	0.576041666666667
497.583362	0.576041666666667
497.5999761	0.576041666666667
497.6167614	0.576041666666667
497.632970499999	0.576041666666667
497.6499179	0.576041666666667
497.6667387	0.576041666666667
497.6834699	0.576041666666667
497.6996329	0.576041666666667
497.7169847	0.576041666666667
497.7333815	0.576041666666667
497.7499972	0.576041666666667
497.7665346	0.576041666666667
497.7831996	0.576041666666667
497.7998511	0.576041666666667
497.8164099	0.576041666666667
497.8332638	0.576041666666667
497.8498714	0.576041666666667
497.8665528	0.576041666666667
497.8833154	0.576041666666667
497.899651499999	0.576041666666667
497.9166063	0.576041666666667
497.933078099999	0.576041666666667
497.9498813	0.576041666666667
497.966729	0.576041666666667
497.9829911	0.576041666666667
497.9996154	0.576041666666667
498.0164763	0.576041666666667
498.0330504	0.576041666666667
498.0498704	0.576041666666667
498.0668657	0.576041666666667
498.0834129	0.576041666666667
498.0998122	0.576041666666667
498.1161393	0.576041666666667
498.1332262	0.576041666666667
498.1495985	0.576041666666667
498.1665514	0.576041666666667
498.183411099999	0.576041666666667
498.199899	0.576041666666667
498.216543	0.576041666666667
498.2330011	0.576041666666667
498.2497281	0.576041666666667
498.2662428	0.576041666666667
498.283497299999	0.576041666666667
498.299936299999	0.576041666666667
498.316370999999	0.576041666666667
498.3332301	0.576041666666667
498.3501009	0.576041666666667
498.3664949	0.576041666666667
498.383267	0.576041666666667
498.3997723	0.576041666666667
498.4161985	0.576041666666667
498.4330423	0.576041666666667
498.4495081	0.576041666666667
498.466211699999	0.576041666666667
498.4830206	0.576041666666667
498.4999201	0.576041666666667
498.5170177	0.576041666666667
498.5328112	0.576041666666667
498.5495121	0.576041666666667
498.5663846	0.576041666666667
498.5835465	0.576041666666667
498.599527	0.576041666666667
498.6163051	0.576041666666667
498.6335202	0.576041666666667
498.649523699999	0.576041666666667
498.6668176	0.576041666666667
498.6829564	0.576041666666667
498.6996557	0.576041666666667
498.7164714	0.576041666666667
498.7333358	0.576041666666667
498.7494463	0.576041666666667
498.766488899999	0.576041666666667
498.7830111	0.576041666666667
498.799986699999	0.576041666666667
498.8163922	0.576041666666667
498.83325	0.576041666666667
498.849587499999	0.576041666666667
498.866228599999	0.576041666666667
498.882857999999	0.576041666666667
498.8994905	0.576041666666667
498.9163017	0.576041666666667
498.9329936	0.576041666666667
498.9497912	0.576041666666667
498.966442599999	0.576041666666667
498.9831644	0.576041666666667
498.9996102	0.576041666666667
499.0165438	0.576041666666667
499.033532399999	0.576041666666667
499.049457	0.576041666666667
499.0661864	0.576041666666667
499.0837049	0.576041666666667
499.0999793	0.576041666666667
499.1169072	0.576041666666667
499.1331427	0.576041666666667
499.1500811	0.576041666666667
499.1667689	0.576041666666667
499.1836233	0.576041666666667
499.1999184	0.576041666666667
499.2170434	0.576041666666667
499.233459	0.576041666666667
499.2495865	0.576041666666667
499.2667916	0.576041666666667
499.283214099999	0.576041666666667
499.299847299999	0.576041666666667
499.3169176	0.576041666666667
499.333295299999	0.576041666666667
499.3500837	0.576041666666667
499.3663694	0.576041666666667
499.383080999999	0.576041666666667
499.4000154	0.576041666666667
499.416799399999	0.576041666666667
499.4330702	0.576041666666667
499.4501495	0.576041666666667
499.4661989	0.576041666666667
499.4832443	0.576041666666667
499.4995703	0.576041666666667
499.516477	0.576041666666667
499.533002	0.576041666666667
499.5500716	0.576041666666667
499.5662461	0.576041666666667
499.5833643	0.576041666666667
499.599447	0.576041666666667
499.6162949	0.576041666666667
499.63316	0.576041666666667
499.6497393	0.576041666666667
499.666948	0.576041666666667
499.683763	0.576041666666667
499.700045	0.576041666666667
499.7162177	0.576041666666667
499.733509499999	0.576041666666667
499.749749399999	0.576041666666667
499.766467899999	0.576041666666667
499.7829999	0.576041666666667
499.8001418	0.576041666666667
499.8164244	0.576041666666667
499.8334553	0.576041666666667
499.8493465	0.576041666666667
499.8667075	0.576041666666667
499.882902299999	0.576041666666667
499.9000126	0.576041666666667
499.9162706	0.576041666666667
499.9334376	0.576041666666667
499.9496457	0.576041666666667
499.966478	0.576041666666667
499.983269	0.576041666666667
499.9995798	0.576041666666667
500.0163943	0.576041666666667
500.033430399999	0.576041666666667
500.050287099999	0.576041666666667
500.066592799999	0.576041666666667
500.083032999999	0.576041666666667
500.0997418	0.576041666666667
500.1164607	0.576041666666667
500.1335487	0.576041666666667
500.150021999999	0.576041666666667
500.1667206	0.576041666666667
500.1829449	0.576041666666667
500.1998117	0.576041666666667
500.216337599999	0.576041666666667
500.2331382	0.576041666666667
500.2499537	0.576041666666667
500.2665442	0.576041666666667
500.2828159	0.576041666666667
500.3000737	0.576041666666667
500.3170288	0.576041666666667
500.3329663	0.576041666666667
500.3497395	0.576041666666667
500.366935699999	0.576041666666667
500.3834916	0.576041666666667
500.3996273	0.576041666666667
500.4166448	0.576041666666667
500.4329926	0.576041666666667
500.4495487	0.576041666666667
500.4665726	0.576041666666667
500.4834871	0.576041666666667
500.4995697	0.576041666666667
500.5162306	0.576041666666667
500.5333279	0.576041666666667
500.5500638	0.576041666666667
500.5667829	0.576041666666667
500.5834869	0.576041666666667
500.600804	0.576041666666667
500.6167265	0.576041666666667
500.633055	0.576041666666667
500.6498941	0.576041666666667
500.6670216	0.576041666666667
500.682883	0.576041666666667
500.6993329	0.576041666666667
500.7164839	0.576041666666667
500.7327898	0.576041666666667
500.7497551	0.576041666666667
500.7665801	0.576041666666667
500.7835282	0.576041666666667
500.7996178	0.576041666666667
500.816289899999	0.576041666666667
500.8330617	0.576041666666667
500.849556	0.576041666666667
500.866157	0.576041666666667
500.883303999999	0.576041666666667
500.900051499999	0.576041666666667
500.9167379	0.576041666666667
500.9332951	0.576041666666667
500.9497397	0.576041666666667
500.9663595	0.576041666666667
500.9832298	0.576041666666667
500.999958899999	0.576041666666667
501.016188399999	0.576041666666667
501.033131199999	0.576041666666667
501.0495699	0.576041666666667
501.0666759	0.576041666666667
501.083311299999	0.576041666666667
501.0998088	0.576041666666667
501.1165422	0.576041666666667
501.1333744	0.576041666666667
501.1495496	0.576041666666667
501.1664534	0.576041666666667
501.182853299999	0.576041666666667
501.1997993	0.576041666666667
501.2163823	0.576041666666667
501.2328026	0.576041666666667
501.249442899999	0.576041666666667
501.26623	0.576041666666667
501.2835965	0.576041666666667
501.2997	0.576041666666667
501.3161549	0.576041666666667
501.3332776	0.576041666666667
501.3493916	0.576041666666667
501.3662254	0.576041666666667
501.3836495	0.576041666666667
501.3997207	0.576041666666667
501.4163714	0.576041666666667
501.4332383	0.576041666666667
501.449304499999	0.576041666666667
501.4665371	0.576041666666667
501.483036399999	0.576041666666667
501.4996092	0.576041666666667
501.5165284	0.576041666666667
501.5334522	0.576041666666667
501.550004499999	0.576041666666667
501.566924	0.576041666666667
501.5836702	0.576041666666667
501.5998875	0.576041666666667
501.6164803	0.576041666666667
501.6330421	0.576041666666667
501.6491555	0.576041666666667
501.6664504	0.576041666666667
501.682931299999	0.576041666666667
501.699533699999	0.576041666666667
501.7162532	0.576041666666667
501.7326008	0.576041666666667
501.749608099999	0.576041666666667
501.7664269	0.576041666666667
501.7828288	0.576041666666667
501.799989	0.576041666666667
501.816111199999	0.576041666666667
501.8329013	0.576041666666667
501.8493545	0.576041666666667
501.8664476	0.576041666666667
501.8829666	0.576041666666667
501.8997041	0.576041666666667
501.9167705	0.576041666666667
501.933421	0.576041666666667
501.949660799999	0.576041666666667
501.9664947	0.576041666666667
501.9841584	0.576041666666667
501.9997861	0.576041666666667
502.0162958	0.576041666666667
502.0332373	0.576041666666667
502.0493952	0.576041666666667
502.0665446	0.576041666666667
502.082854799999	0.576041666666667
502.0995172	0.576041666666667
502.116692	0.576041666666667
502.1331731	0.576041666666667
502.1496975	0.576041666666667
502.1664098	0.576041666666667
502.182848899999	0.576041666666667
502.2009407	0.576041666666667
502.2164363	0.576041666666667
502.2334015	0.576041666666667
502.2499064	0.576041666666667
502.2666865	0.576041666666667
502.2829115	0.576041666666667
502.2998009	0.576041666666667
502.3169499	0.576041666666667
502.3332664	0.576041666666667
502.3499958	0.576041666666667
502.3663891	0.576041666666667
502.3831318	0.576041666666667
502.3995414	0.576041666666667
502.416444999999	0.576041666666667
502.433167	0.576041666666667
502.4499524	0.576041666666667
502.466268	0.576041666666667
502.4827043	0.576041666666667
502.499865	0.576041666666667
502.5164779	0.576041666666667
502.5328878	0.576041666666667
502.5498925	0.576041666666667
502.5661798	0.576041666666667
502.5831113	0.576041666666667
502.599832599999	0.576041666666667
502.6163507	0.576041666666667
502.633020899999	0.576041666666667
502.6496794	0.576041666666667
502.6664175	0.576041666666667
502.6834537	0.576041666666667
502.6998227	0.576041666666667
502.716674199999	0.576041666666667
502.733137	0.576041666666667
502.749421999999	0.576041666666667
502.7662095	0.576041666666667
502.7834275	0.576041666666667
502.7993912	0.576041666666667
502.8160072	0.576041666666667
502.8331057	0.576041666666667
502.8497431	0.576041666666667
502.8664379	0.576041666666667
502.8833314	0.576041666666667
502.9001144	0.576041666666667
502.916785	0.576041666666667
502.932995199999	0.576041666666667
502.9500765	0.576041666666667
502.9666049	0.576041666666667
502.9832991	0.576041666666667
502.999651	0.576041666666667
503.016583	0.576041666666667
503.033215	0.576041666666667
503.049728699999	0.576041666666667
503.0660924	0.576041666666667
503.0834279	0.576041666666667
503.099607799999	0.576041666666667
503.116792599999	0.576041666666667
503.1329825	0.576041666666667
503.1494682	0.576041666666667
503.1664206	0.576041666666667
503.1833587	0.576041666666667
503.199908	0.576041666666667
503.2161972	0.576041666666667
503.233265599999	0.576041666666667
503.2492685	0.576041666666667
503.2660543	0.576041666666667
503.2828908	0.576041666666667
503.2993557	0.576041666666667
503.316304099999	0.576041666666667
503.3333266	0.576041666666667
503.3494064	0.576041666666667
503.3666235	0.576041666666667
503.3833942	0.576041666666667
503.3997754	0.576041666666667
503.4164975	0.576041666666667
503.4331656	0.576041666666667
503.4498038	0.576041666666667
503.4663243	0.576041666666667
503.483116299999	0.576041666666667
503.499488399999	0.576041666666667
503.516427	0.576041666666667
503.532860299999	0.576041666666667
503.5492829	0.576041666666667
503.5662452	0.576041666666667
503.583111599999	0.576041666666667
503.5996609	0.576041666666667
503.616387099999	0.576041666666667
503.6333788	0.576041666666667
503.6498522	0.576041666666667
503.666657499999	0.576041666666667
503.6834534	0.576041666666667
503.6994369	0.576041666666667
503.7164753	0.576041666666667
503.7329301	0.576041666666667
503.7493136	0.576041666666667
503.766060599999	0.576041666666667
503.783223999999	0.576041666666667
503.799976899999	0.576041666666667
503.8160298	0.576041666666667
503.8332361	0.576041666666667
503.8496629	0.576041666666667
503.8666349	0.576041666666667
503.883244	0.576041666666667
503.8999122	0.576041666666667
503.9165778	0.576041666666667
503.9332466	0.576041666666667
503.949931	0.576041666666667
503.966013199999	0.576041666666667
503.983048799999	0.576041666666667
503.9994806	0.576041666666667
504.0164346	0.576041666666667
504.0332555	0.576041666666667
504.0497915	0.576041666666667
504.066742	0.576041666666667
504.0833472	0.576041666666667
504.0998313	0.576041666666667
504.1166748	0.576041666666667
504.132909699999	0.576041666666667
504.1492833	0.576041666666667
504.1663832	0.576041666666667
504.1832287	0.576041666666667
504.199483299999	0.576041666666667
504.2160752	0.576041666666667
504.2331	0.576041666666667
504.2497204	0.576041666666667
504.2664517	0.576041666666667
504.283670599999	0.576041666666667
504.2998555	0.576041666666667
504.316146	0.576041666666667
504.3331045	0.576041666666667
504.3493423	0.576041666666667
504.3661357	0.576041666666667
504.3832054	0.576041666666667
504.3998646	0.576041666666667
504.4168014	0.576041666666667
504.4331602	0.576041666666667
504.4494599	0.576041666666667
504.4662413	0.576041666666667
504.4827095	0.576041666666667
504.4993779	0.576041666666667
504.5160268	0.576041666666667
504.5327692	0.576041666666667
504.5499107	0.576041666666667
504.5661391	0.576041666666667
504.5834332	0.576041666666667
504.5996843	0.576041666666667
504.6162621	0.576041666666667
504.632993199999	0.576041666666667
504.6497287	0.576041666666667
504.666470199999	0.576041666666667
504.6832115	0.576041666666667
504.699744999999	0.576041666666667
504.7160675	0.576041666666667
504.733162999999	0.576041666666667
504.7497736	0.576041666666667
504.7662561	0.576041666666667
504.783324099999	0.576041666666667
504.8001866	0.576041666666667
504.8162235	0.576041666666667
504.8331924	0.576041666666667
504.849506999999	0.576041666666667
504.8667233	0.576041666666667
504.8832202	0.576041666666667
504.8998064	0.576041666666667
504.9160311	0.576041666666667
504.932904199999	0.576041666666667
504.949629499999	0.576041666666667
504.9660641	0.576041666666667
504.9831445	0.576041666666667
504.9997849	0.576041666666667
505.0160881	0.576041666666667
505.0333744	0.576041666666667
505.0500298	0.576041666666667
505.0666034	0.576041666666667
505.0830231	0.576041666666667
505.0997335	0.576041666666667
505.116520399999	0.576041666666667
505.1331279	0.576041666666667
505.1498222	0.576041666666667
505.1661113	0.576041666666667
505.1829578	0.576041666666667
505.1994984	0.576041666666667
505.2163473	0.576041666666667
505.2328684	0.576041666666667
505.2497456	0.576041666666667
505.2665475	0.576041666666667
505.2833429	0.576041666666667
505.2999654	0.576041666666667
505.316413999999	0.576041666666667
505.333228999999	0.576041666666667
505.3500124	0.576041666666667
505.3663947	0.576041666666667
505.383051599999	0.576041666666667
505.3996975	0.576041666666667
505.4163846	0.576041666666667
505.4327425	0.576041666666667
505.4496985	0.576041666666667
505.4663994	0.576041666666667
505.4831319	0.576041666666667
505.4995758	0.576041666666667
505.516643599999	0.576041666666667
505.5327143	0.576041666666667
505.549474	0.576041666666667
505.566362999999	0.576041666666667
505.5827503	0.576041666666667
505.5997806	0.576041666666667
505.6170619	0.576041666666667
505.6327851	0.576041666666667
505.6496948	0.576041666666667
505.666908	0.576041666666667
505.683105	0.576041666666667
505.699821799999	0.576041666666667
505.7161323	0.576041666666667
505.732718	0.576041666666667
505.7497694	0.576041666666667
505.7665489	0.576041666666667
505.7829226	0.576041666666667
505.7999295	0.576041666666667
505.8164649	0.576041666666667
505.8328735	0.576041666666667
505.8493466	0.576041666666667
505.8656504	0.576041666666667
505.882996899999	0.576041666666667
505.8996928	0.576041666666667
505.9160189	0.576041666666667
505.9334494	0.576041666666667
505.9497986	0.576041666666667
505.966032	0.576041666666667
505.98304	0.576041666666667
505.999394	0.576041666666667
506.016328499999	0.576041666666667
506.0330963	0.576041666666667
506.0493514	0.576041666666667
506.066327399999	0.576041666666667
506.0832663	0.576041666666667
506.0995987	0.576041666666667
506.1164518	0.576041666666667
506.132867	0.576041666666667
506.1497045	0.576041666666667
506.169908599999	0.576041666666667
506.183086099999	0.576041666666667
506.199969	0.576041666666667
506.216373199999	0.576041666666667
506.2332895	0.576041666666667
506.2495887	0.576041666666667
506.2663071	0.576041666666667
506.283036599999	0.576041666666667
506.299714499999	0.576041666666667
506.316613099999	0.576041666666667
506.332687	0.576041666666667
506.349978799999	0.576041666666667
506.3662947	0.576041666666667
506.3830996	0.576041666666667
506.399851	0.576041666666667
506.4163303	0.576041666666667
506.4333769	0.576041666666667
506.4499403	0.576041666666667
506.4665291	0.576041666666667
506.482841099999	0.576041666666667
506.4995702	0.576041666666667
506.5162528	0.576041666666667
506.5329323	0.576041666666667
506.5496916	0.576041666666667
506.5660496	0.576041666666667
506.5826637	0.576041666666667
506.599731899999	0.576041666666667
506.616345299999	0.576041666666667
506.6328715	0.576041666666667
506.6494071	0.576041666666667
506.6663386	0.576041666666667
506.6832866	0.576041666666667
506.6996826	0.576041666666667
506.7160591	0.576041666666667
506.7334489	0.576041666666667
506.7495919	0.576041666666667
506.7659939	0.576041666666667
506.7829336	0.576041666666667
506.7992307	0.576041666666667
506.81616	0.576041666666667
506.8325862	0.576041666666667
506.849318	0.576041666666667
506.8664299	0.576041666666667
506.8833057	0.576041666666667
506.8996279	0.576041666666667
506.916323399999	0.576041666666667
506.9330918	0.576041666666667
506.9504056	0.576041666666667
506.966048199999	0.576041666666667
506.9828355	0.576041666666667
506.9998117	0.576041666666667
507.0158697	0.576041666666667
507.0330533	0.576041666666667
507.0494057	0.576041666666667
507.065906599999	0.576041666666667
507.082634	0.576041666666667
507.099927799999	0.576041666666667
507.1196134	0.576041666666667
507.1332097	0.576041666666667
507.149992	0.576041666666667
507.1661852	0.576041666666667
507.183112	0.576041666666667
507.2031317	0.576041666666667
507.2161659	0.576041666666667
507.2326319	0.576041666666667
507.2493287	0.576041666666667
507.2659477	0.576041666666667
507.2829814	0.576041666666667
507.299864	0.576041666666667
507.315908	0.576041666666667
507.3332587	0.576041666666667
507.3499522	0.576041666666667
507.3659447	0.576041666666667
507.3831348	0.576041666666667
507.4000157	0.576041666666667
507.416243499999	0.576041666666667
507.432801099999	0.576041666666667
507.4502539	0.576041666666667
507.4664693	0.576041666666667
507.483117	0.576041666666667
507.4998296	0.576041666666667
507.516701999999	0.576041666666667
507.5329393	0.576041666666667
507.550091	0.576041666666667
507.5660072	0.576041666666667
507.5831003	0.576041666666667
507.5993765	0.576041666666667
507.6162638	0.576041666666667
507.6332951	0.576041666666667
507.6498107	0.576041666666667
507.666504599999	0.576041666666667
507.682722999999	0.576041666666667
507.6998309	0.576041666666667
507.7162573	0.576041666666667
507.7325963	0.576041666666667
507.7497524	0.576041666666667
507.7660541	0.576041666666667
507.7830345	0.576041666666667
507.7996431	0.576041666666667
507.816157899999	0.576041666666667
507.8327822	0.576041666666667
507.849771	0.576041666666667
507.8665522	0.576041666666667
507.8831528	0.576041666666667
507.899585199999	0.576041666666667
507.9159128	0.576041666666667
507.932900599999	0.576041666666667
507.9495096	0.576041666666667
507.9665765	0.576041666666667
507.9828321	0.576041666666667
507.9993573	0.576041666666667
508.016216099999	0.576041666666667
508.0323655	0.576041666666667
508.04944	0.576041666666667
508.0663319	0.576041666666667
508.0830577	0.576041666666667
508.099696799999	0.576041666666667
508.116332999999	0.576041666666667
508.132783099999	0.576041666666667
508.1492683	0.576041666666667
508.1670442	0.576041666666667
508.1826497	0.576041666666667
508.1996003	0.576041666666667
508.2159878	0.576041666666667
508.2330302	0.576041666666667
508.250041899999	0.576041666666667
508.2662816	0.576041666666667
508.282890399999	0.576041666666667
508.2996571	0.576041666666667
508.3162796	0.576041666666667
508.3327788	0.576041666666667
508.3494919	0.576041666666667
508.3663024	0.576041666666667
508.3829246	0.576041666666667
508.3992156	0.576041666666667
508.4158424	0.576041666666667
508.432593	0.576041666666667
508.449727799999	0.576041666666667
508.4660033	0.576041666666667
508.4827451	0.576041666666667
508.499747599999	0.576041666666667
508.516533099999	0.576041666666667
508.5330668	0.576041666666667
508.5496317	0.576041666666667
508.5660075	0.576041666666667
508.5830749	0.576041666666667
508.599615199999	0.576041666666667
508.6162805	0.576041666666667
508.6331067	0.576041666666667
508.6490825	0.576041666666667
508.6663149	0.576041666666667
508.6827683	0.576041666666667
508.6995514	0.576041666666667
508.7158889	0.576041666666667
508.7327172	0.576041666666667
508.7494971	0.576041666666667
508.7662932	0.576041666666667
508.7830394	0.576041666666667
508.799640799999	0.576041666666667
508.8160674	0.576041666666667
508.8327698	0.576041666666667
508.8498312	0.576041666666667
508.8662659	0.576041666666667
508.8831911	0.576041666666667
508.89958	0.576041666666667
508.916255	0.576041666666667
508.932968799999	0.576041666666667
508.9492383	0.576041666666667
508.9659384	0.576041666666667
508.982380999999	0.576041666666667
508.9999802	0.576041666666667
509.0160948	0.576041666666667
509.0329204	0.576041666666667
509.0498372	0.576041666666667
509.0662988	0.576041666666667
509.0828123	0.576041666666667
509.0995957	0.576041666666667
509.1165587	0.576041666666667
509.1324486	0.576041666666667
509.149971599999	0.576041666666667
509.165953	0.576041666666667
509.1827754	0.576041666666667
509.199278099999	0.576041666666667
509.2159376	0.576041666666667
509.2326621	0.576041666666667
509.249771499999	0.576041666666667
509.266269499999	0.576041666666667
509.283048199999	0.576041666666667
509.299657	0.576041666666667
509.3158447	0.576041666666667
509.3331379	0.576041666666667
509.349936	0.576041666666667
509.3656532	0.576041666666667
509.3831509	0.576041666666667
509.3995638	0.576041666666667
509.415956599999	0.576041666666667
509.4324354	0.576041666666667
509.4496662	0.576041666666667
509.4666416	0.576041666666667
509.4827286	0.576041666666667
509.499654799999	0.576041666666667
509.516107899999	0.576041666666667
509.5329975	0.576041666666667
509.549714599999	0.576041666666667
509.5658412	0.576041666666667
509.5829228	0.576041666666667
509.5993022	0.576041666666667
509.6162659	0.576041666666667
509.6326151	0.576041666666667
509.6498399	0.576041666666667
509.666118099999	0.576041666666667
509.6826956	0.576041666666667
509.6996157	0.576041666666667
509.7162984	0.576041666666667
509.7325522	0.576041666666667
509.7500404	0.576041666666667
509.7661616	0.576041666666667
509.7824949	0.576041666666667
509.8001026	0.576041666666667
509.8163236	0.576041666666667
509.8328286	0.576041666666667
509.8494693	0.576041666666667
509.865861	0.576041666666667
509.8824131	0.576041666666667
509.8993261	0.576041666666667
509.9162303	0.576041666666667
509.9330012	0.576041666666667
509.949653499999	0.576041666666667
509.9657723	0.576041666666667
509.9824503	0.576041666666667
509.9994359	0.576041666666667
510.017442299999	0.576041666666667
510.0325573	0.576041666666667
510.0496496	0.576041666666667
510.0663042	0.576041666666667
510.0830051	0.576041666666667
510.0993286	0.576041666666667
510.1157745	0.576041666666667
510.1324318	0.576041666666667
510.1497845	0.576041666666667
510.1662061	0.576041666666667
510.1823558	0.576041666666667
510.1998509	0.576041666666667
510.2159023	0.576041666666667
510.2324692	0.576041666666667
510.2496005	0.576041666666667
510.2664281	0.576041666666667
510.2826316	0.576041666666667
510.2996688	0.576041666666667
510.316522099999	0.576041666666667
510.332746099999	0.576041666666667
510.350048299999	0.576041666666667
510.366086	0.576041666666667
510.3825192	0.576041666666667
510.399395899999	0.576041666666667
510.4159091	0.576041666666667
510.4327549	0.576041666666667
510.4491627	0.576041666666667
510.465979399999	0.576041666666667
510.483137799999	0.576041666666667
510.4995742	0.576041666666667
510.5161865	0.576041666666667
510.532556199999	0.576041666666667
510.5496318	0.576041666666667
510.5660231	0.576041666666667
510.5829167	0.576041666666667
510.5996474	0.576041666666667
510.6161264	0.576041666666667
510.6327187	0.576041666666667
510.649453099999	0.576041666666667
510.6662664	0.576041666666667
510.682916499999	0.576041666666667
510.6994387	0.576041666666667
510.7160831	0.576041666666667
510.7328629	0.576041666666667
510.749565699999	0.576041666666667
510.7661615	0.576041666666667
510.7829263	0.576041666666667
510.799767399999	0.576041666666667
510.8164378	0.576041666666667
510.8323457	0.576041666666667
510.8497471	0.576041666666667
510.8662224	0.576041666666667
510.882443	0.576041666666667
510.899526799999	0.576041666666667
510.9158103	0.576041666666667
510.9323598	0.576041666666667
510.9500942	0.576041666666667
510.965842399999	0.576041666666667
510.9826699	0.576041666666667
510.9996302	0.576041666666667
511.0161689	0.576041666666667
511.0327701	0.576041666666667
511.0494609	0.576041666666667
511.0663296	0.576041666666667
511.082354199999	0.576041666666667
511.0992387	0.576041666666667
511.116082999999	0.576041666666667
511.132719199999	0.576041666666667
511.1497446	0.576041666666667
511.1658449	0.576041666666667
511.1825397	0.576041666666667
511.1995821	0.576041666666667
511.215869499999	0.576041666666667
511.232804899999	0.576041666666667
511.2496267	0.576041666666667
511.2663066	0.576041666666667
511.2829545	0.576041666666667
511.2994708	0.576041666666667
511.3160431	0.576041666666667
511.3330455	0.576041666666667
511.3491161	0.576041666666667
511.3660377	0.576041666666667
511.382440299999	0.576041666666667
511.3991837	0.576041666666667
511.416111399999	0.576041666666667
511.4325524	0.576041666666667
511.4493718	0.576041666666667
511.466061199999	0.576041666666667
511.483103	0.576041666666667
511.499228499999	0.576041666666667
511.5160132	0.576041666666667
511.5325204	0.576041666666667
511.5497505	0.576041666666667
511.5664588	0.576041666666667
511.5827502	0.576041666666667
511.5994744	0.576041666666667
511.6157158	0.576041666666667
511.6325376	0.576041666666667
511.6493233	0.576041666666667
511.666602199999	0.576041666666667
511.6829237	0.576041666666667
511.6996567	0.576041666666667
511.7157943	0.576041666666667
511.7329655	0.576041666666667
511.749700299999	0.576041666666667
511.7660076	0.576041666666667
511.7828419	0.576041666666667
511.7992228	0.576041666666667
511.8157009	0.576041666666667
511.8322468	0.576041666666667
511.8494403	0.576041666666667
511.865791199999	0.576041666666667
511.882897	0.576041666666667
511.8996524	0.576041666666667
511.9161498	0.576041666666667
511.9330803	0.576041666666667
511.9493324	0.576041666666667
511.9660263	0.576041666666667
511.982781	0.576041666666667
511.9993966	0.576041666666667
512.0158182	0.576041666666667
512.0367522	0.576041666666667
512.049024599999	0.576041666666667
512.0659752	0.576041666666667
512.0823165	0.576041666666667
512.0996492	0.576041666666667
512.115996	0.576041666666667
512.1327651	0.576041666666667
512.149829699999	0.576041666666667
512.1661898	0.576041666666667
512.1826404	0.576041666666667
512.199579199999	0.576041666666667
512.216218	0.576041666666667
512.2329549	0.576041666666667
512.2497399	0.576041666666667
512.2660492	0.576041666666667
512.282670399999	0.576041666666667
512.2994741	0.576041666666667
512.3162032	0.576041666666667
512.3323903	0.576041666666667
512.349372499999	0.576041666666667
512.366366199999	0.576041666666667
512.382811999999	0.576041666666667
512.399429099999	0.576041666666667
512.4161916	0.576041666666667
512.432624099999	0.576041666666667
512.449553399999	0.576041666666667
512.46621	0.576041666666667
512.4829629	0.576041666666667
512.499721	0.576041666666667
512.5161328	0.576041666666667
512.5327975	0.576041666666667
512.5493143	0.576041666666667
512.5658699	0.576041666666667
512.5824945	0.576041666666667
512.5994231	0.576041666666667
512.6163237	0.576041666666667
512.6328901	0.576041666666667
512.649189499999	0.576041666666667
512.6664884	0.576041666666667
512.6828298	0.576041666666667
512.699420699999	0.576041666666667
512.716056199999	0.576041666666667
512.7326609	0.576041666666667
512.7491254	0.576041666666667
512.7661827	0.576041666666667
512.7834892	0.576041666666667
512.7994146	0.576041666666667
512.816103799999	0.576041666666667
512.8329251	0.576041666666667
512.8493499	0.576041666666667
512.8662617	0.576041666666667
512.8828613	0.576041666666667
512.8996765	0.576041666666667
512.9160534	0.576041666666667
512.932261699999	0.576041666666667
512.949781299999	0.576041666666667
512.9659532	0.576041666666667
512.9825922	0.576041666666667
512.9996273	0.576041666666667
513.0162902	0.576041666666667
513.0326341	0.576041666666667
513.0493745	0.576041666666667
513.0660934	0.576041666666667
513.0830618	0.576041666666667
513.0989657	0.576041666666667
513.1161759	0.576041666666667
513.1325809	0.576041666666667
513.149633699999	0.576041666666667
513.166072699999	0.576041666666667
513.1826595	0.576041666666667
513.1994328	0.576041666666667
513.2156647	0.576041666666667
513.2328179	0.576041666666667
513.2496558	0.576041666666667
513.2655668	0.576041666666667
513.282622	0.576041666666667
513.2990378	0.576041666666667
513.315981499999	0.576041666666667
513.3329792	0.576041666666667
513.3492282	0.576041666666667
513.365734699999	0.576041666666667
513.3826257	0.576041666666667
513.399639	0.576041666666667
513.416174	0.576041666666667
513.432904	0.576041666666667
513.4494504	0.576041666666667
513.4659061	0.576041666666667
513.4825575	0.576041666666667
513.499033799999	0.576041666666667
513.5158535	0.576041666666667
513.5325582	0.576041666666667
513.549358199999	0.576041666666667
513.5656764	0.576041666666667
513.582854299999	0.576041666666667
513.599144599999	0.576041666666667
513.6157996	0.576041666666667
513.6332599	0.576041666666667
513.649524399999	0.576041666666667
513.6660852	0.576041666666667
513.6829391	0.576041666666667
513.6990346	0.576041666666667
513.7161971	0.576041666666667
513.732465	0.576041666666667
513.7494603	0.576041666666667
513.7658765	0.576041666666667
513.7826247	0.576041666666667
513.7993323	0.576041666666667
513.815881399999	0.576041666666667
513.8324097	0.576041666666667
513.849521	0.576041666666667
513.8660605	0.576041666666667
513.8824502	0.576041666666667
513.8992386	0.576041666666667
513.9163972	0.576041666666667
513.932917099999	0.576041666666667
513.950243299999	0.576041666666667
513.9661077	0.576041666666667
513.982315799999	0.576041666666667
513.9997	0.576041666666667
514.015670499999	0.576041666666667
514.0327361	0.576041666666667
514.0491356	0.576041666666667
514.0662345	0.576041666666667
514.0830307	0.576041666666667
514.0995733	0.576041666666667
514.1162534	0.576041666666667
514.1328362	0.576041666666667
514.1496205	0.576041666666667
514.1657924	0.576041666666667
514.1829531	0.576041666666667
514.1996888	0.576041666666667
514.2159332	0.576041666666667
514.2324937	0.576041666666667
514.249324899999	0.576041666666667
514.2658545	0.576041666666667
514.2823666	0.576041666666667
514.298837299999	0.576041666666667
514.315457499999	0.576041666666667
514.3325767	0.576041666666667
514.3490931	0.576041666666667
514.3660104	0.576041666666667
514.3829884	0.576041666666667
514.3996725	0.576041666666667
514.415977	0.576041666666667
514.432625	0.576041666666667
514.449542299999	0.576041666666667
514.4659097	0.576041666666667
514.4822525	0.576041666666667
514.499318	0.576041666666667
514.515866499999	0.576041666666667
514.532469499999	0.576041666666667
514.5494139	0.576041666666667
514.5656177	0.576041666666667
514.582274899999	0.576041666666667
514.599886099999	0.576041666666667
514.616197	0.576041666666667
514.6327632	0.576041666666667
514.6491193	0.576041666666667
514.6660462	0.576041666666667
514.682520899999	0.576041666666667
514.699332199999	0.576041666666667
514.7159652	0.576041666666667
514.7325234	0.576041666666667
514.7496302	0.576041666666667
514.7659174	0.576041666666667
514.7826283	0.576041666666667
514.7993966	0.576041666666667
514.815601899999	0.576041666666667
514.8327819	0.576041666666667
514.8494169	0.576041666666667
514.8658757	0.576041666666667
514.8823175	0.576041666666667
514.899263	0.576041666666667
514.9160988	0.576041666666667
514.9326003	0.576041666666667
514.9490145	0.576041666666667
514.9659877	0.576041666666667
514.9826818	0.576041666666667
514.9994151	0.576041666666667
515.0157253	0.576041666666667
515.0328195	0.576041666666667
515.0492792	0.576041666666667
515.0660628	0.576041666666667
515.0824068	0.576041666666667
515.0990233	0.576041666666667
515.1157669	0.576041666666667
515.1323388	0.576041666666667
515.148980099999	0.576041666666667
515.165706499999	0.576041666666667
515.1823394	0.576041666666667
515.1991433	0.576041666666667
515.2156426	0.576041666666667
515.2321099	0.576041666666667
515.2491368	0.576041666666667
515.265553	0.576041666666667
515.2823099	0.576041666666667
515.2993444	0.576041666666667
515.3158953	0.576041666666667
515.3328877	0.576041666666667
515.3490323	0.576041666666667
515.3663765	0.576041666666667
515.3825723	0.576041666666667
515.3993982	0.576041666666667
515.4155292	0.576041666666667
515.4328426	0.576041666666667
515.449023799999	0.576041666666667
515.4655965	0.576041666666667
515.4828017	0.576041666666667
515.4992068	0.576041666666667
515.516077299999	0.576041666666667
515.532692	0.576041666666667
515.5493493	0.576041666666667
515.565600599999	0.576041666666667
515.5823305	0.576041666666667
515.5988543	0.576041666666667
515.6159183	0.576041666666667
515.632482	0.576041666666667
515.6490244	0.576041666666667
515.666162399999	0.576041666666667
515.6823436	0.576041666666667
515.6994617	0.576041666666667
515.716027	0.576041666666667
515.7328003	0.576041666666667
515.7495017	0.576041666666667
515.765585099999	0.576041666666667
515.7825567	0.576041666666667
515.7992412	0.576041666666667
515.816228	0.576041666666667
515.8324891	0.576041666666667
515.8488394	0.576041666666667
515.8655782	0.576041666666667
515.882776399999	0.576041666666667
515.8989269	0.576041666666667
515.9160589	0.576041666666667
515.9330993	0.576041666666667
515.948942	0.576041666666667
515.965967799999	0.576041666666667
515.9824894	0.576041666666667
515.9993602	0.576041666666667
516.0157589	0.576041666666667
516.0329621	0.576041666666667
516.0494726	0.576041666666667
516.0659565	0.576041666666667
516.0828735	0.576041666666667
516.0993152	0.576041666666667
516.1162715	0.576041666666667
516.1322275	0.576041666666667
516.1492832	0.576041666666667
516.1659012	0.576041666666667
516.18273	0.576041666666667
516.1990665	0.576041666666667
516.2157329	0.576041666666667
516.2324515	0.576041666666667
516.249737799999	0.576041666666667
516.2660612	0.576041666666667
516.2827385	0.576041666666667
516.2995771	0.576041666666667
516.3159087	0.576041666666667
516.3328706	0.576041666666667
516.3492446	0.576041666666667
516.365837899999	0.576041666666667
516.3825639	0.576041666666667
516.3990282	0.576041666666667
516.4157095	0.576041666666667
516.4321868	0.576041666666667
516.4487376	0.576041666666667
516.465425	0.576041666666667
516.482265	0.576041666666667
516.4993863	0.576041666666667
516.515929799999	0.576041666666667
516.5326795	0.576041666666667
516.5491815	0.576041666666667
516.5653614	0.576041666666667
516.5823719	0.576041666666667
516.5992267	0.576041666666667
516.6156715	0.576041666666667
516.6322903	0.576041666666667
516.6491194	0.576041666666667
516.6660017	0.576041666666667
516.6824574	0.576041666666667
516.6996729	0.576041666666667
516.7159947	0.576041666666667
516.7328217	0.576041666666667
516.7492726	0.576041666666667
516.765942	0.576041666666667
516.7826676	0.576041666666667
516.7993583	0.576041666666667
516.8159233	0.576041666666667
516.8325872	0.576041666666667
516.849293799999	0.576041666666667
516.865834	0.576041666666667
516.882940999999	0.576041666666667
516.8994474	0.576041666666667
516.9155909	0.576041666666667
516.9328241	0.576041666666667
516.9492992	0.576041666666667
516.9660044	0.576041666666667
516.9825497	0.576041666666667
516.9993069	0.576041666666667
517.015995	0.576041666666667
517.0320926	0.576041666666667
517.0488424	0.576041666666667
517.065669	0.576041666666667
517.0828097	0.576041666666667
517.0993164	0.576041666666667
517.1160434	0.576041666666667
517.132770199999	0.576041666666667
517.1493174	0.576041666666667
517.1661468	0.576041666666667
517.1830143	0.576041666666667
517.1992598	0.576041666666667
517.215846699999	0.576041666666667
517.2323603	0.576041666666667
517.2489646	0.576041666666667
517.2660264	0.576041666666667
517.2828653	0.576041666666667
517.2993406	0.576041666666667
517.3156293	0.576041666666667
517.332242	0.576041666666667
517.3493408	0.576041666666667
517.3655861	0.576041666666667
517.3829326	0.576041666666667
517.399389799999	0.576041666666667
517.415782	0.576041666666667
517.4328375	0.576041666666667
517.4493148	0.576041666666667
517.4659914	0.576041666666667
517.4827793	0.576041666666667
517.4991815	0.576041666666667
517.5157699	0.576041666666667
517.5326893	0.576041666666667
517.548946599999	0.576041666666667
517.5655846	0.576041666666667
517.582862799999	0.576041666666667
517.599242299999	0.576041666666667
517.6162945	0.576041666666667
517.6328358	0.576041666666667
517.6494268	0.576041666666667
517.6659194	0.576041666666667
517.6829704	0.576041666666667
517.6993385	0.576041666666667
517.7155441	0.576041666666667
517.7323038	0.576041666666667
517.7488515	0.576041666666667
517.7655522	0.576041666666667
517.7826693	0.576041666666667
517.7993433	0.576041666666667
517.8157969	0.576041666666667
517.8326185	0.576041666666667
517.8493176	0.576041666666667
517.865737799999	0.576041666666667
517.882816299999	0.576041666666667
517.8992051	0.576041666666667
517.9157826	0.576041666666667
517.9324037	0.576041666666667
517.9486573	0.576041666666667
517.9652541	0.576041666666667
517.9825157	0.576041666666667
517.9987467	0.576041666666667
518.015803199999	0.576041666666667
518.032592399999	0.576041666666667
518.0487964	0.576041666666667
518.0659458	0.576041666666667
518.082636099999	0.576041666666667
518.0991167	0.576041666666667
518.1162522	0.576041666666667
518.1328242	0.576041666666667
518.1492027	0.576041666666667
518.1657615	0.576041666666667
518.1824973	0.576041666666667
518.1989165	0.576041666666667
518.2157652	0.576041666666667
518.232714499999	0.576041666666667
518.2487836	0.576041666666667
518.2655455	0.576041666666667
518.2827948	0.576041666666667
518.2992714	0.576041666666667
518.315960599999	0.576041666666667
518.3328096	0.576041666666667
518.3489533	0.576041666666667
518.3656251	0.576041666666667
518.3827754	0.576041666666667
518.3993245	0.576041666666667
518.4158295	0.576041666666667
518.4321205	0.576041666666667
518.4488479	0.576041666666667
518.4658153	0.576041666666667
518.4826198	0.576041666666667
518.4994284	0.576041666666667
518.5159113	0.576041666666667
518.532432699999	0.576041666666667
518.5498312	0.576041666666667
518.566041	0.576041666666667
518.582624499999	0.576041666666667
518.5996291	0.576041666666667
518.6156778	0.576041666666667
518.6323151	0.576041666666667
518.6493673	0.576041666666667
518.6655165	0.576041666666667
518.682556499999	0.576041666666667
518.6992862	0.576041666666667
518.715385399999	0.576041666666667
518.7326228	0.576041666666667
518.7493825	0.576041666666667
518.7659203	0.576041666666667
518.7824494	0.576041666666667
518.7994155	0.576041666666667
518.815811999999	0.576041666666667
518.8329895	0.576041666666667
518.8489917	0.576041666666667
518.8652725	0.576041666666667
518.8822633	0.576041666666667
518.8987906	0.576041666666667
518.915666599999	0.576041666666667
518.9327233	0.576041666666667
518.9494836	0.576041666666667
518.9656945	0.576041666666667
518.9825985	0.576041666666667
518.9991077	0.576041666666667
519.0154809	0.576041666666667
519.032639699999	0.576041666666667
519.049543199999	0.576041666666667
519.0653044	0.576041666666667
519.0822579	0.576041666666667
519.0990354	0.576041666666667
519.1153402	0.576041666666667
519.1321781	0.576041666666667
519.1489035	0.576041666666667
519.1653464	0.576041666666667
519.1825108	0.576041666666667
519.1992379	0.576041666666667
519.2153806	0.576041666666667
519.2328748	0.576041666666667
519.2490643	0.576041666666667
519.2655768	0.576041666666667
519.2827135	0.576041666666667
519.2992991	0.576041666666667
519.3152575	0.576041666666667
519.332664399999	0.576041666666667
519.3491944	0.576041666666667
519.365578599999	0.576041666666667
519.382594499999	0.576041666666667
519.3988671	0.576041666666667
519.4157369	0.576041666666667
519.432235899999	0.576041666666667
519.4491347	0.576041666666667
519.465569099999	0.576041666666667
519.4826622	0.576041666666667
519.499196	0.576041666666667
519.5157396	0.576041666666667
519.5327726	0.576041666666667
519.5490445	0.576041666666667
519.565242499999	0.576041666666667
519.5824802	0.576041666666667
519.5986762	0.576041666666667
519.6152814	0.576041666666667
519.6319164	0.576041666666667
519.6493871	0.576041666666667
519.665497699999	0.576041666666667
519.6825926	0.576041666666667
519.6993099	0.576041666666667
519.7155415	0.576041666666667
519.7325571	0.576041666666667
519.74911	0.576041666666667
519.765535399999	0.576041666666667
519.7824052	0.576041666666667
519.799089	0.576041666666667
519.815482	0.576041666666667
519.8326351	0.576041666666667
519.8490251	0.576041666666667
519.865504899999	0.576041666666667
519.8821747	0.576041666666667
519.8988878	0.576041666666667
519.9157019	0.576041666666667
519.932610599999	0.576041666666667
519.9487198	0.576041666666667
519.9660262	0.576041666666667
519.982565199999	0.576041666666667
519.9991328	0.576041666666667
520.0155089	0.576041666666667
520.0324071	0.576041666666667
520.0486237	0.576041666666667
520.0653637	0.576041666666667
520.082803199999	0.576041666666667
520.099017999999	0.576041666666667
520.115287399999	0.576041666666667
520.1322408	0.576041666666667
520.149629999999	0.576041666666667
520.1655257	0.576041666666667
520.1821095	0.576041666666667
520.1993508	0.576041666666667
520.2152993	0.576041666666667
520.232474999999	0.576041666666667
520.248912099999	0.576041666666667
520.2653071	0.576041666666667
520.282600399999	0.576041666666667
520.2990788	0.576041666666667
520.3153069	0.576041666666667
520.3321977	0.576041666666667
520.349349699999	0.576041666666667
520.3653228	0.576041666666667
520.3828569	0.576041666666667
520.3992955	0.576041666666667
520.4155427	0.576041666666667
520.4327541	0.576041666666667
520.4493788	0.576041666666667
520.4656546	0.576041666666667
520.4824389	0.576041666666667
520.4990617	0.576041666666667
520.5152386	0.576041666666667
520.5323281	0.576041666666667
520.5489532	0.576041666666667
520.5652291	0.576041666666667
520.5826502	0.576041666666667
520.5993648	0.576041666666667
520.6152798	0.576041666666667
520.6323397	0.576041666666667
520.649671199999	0.576041666666667
520.6655402	0.576041666666667
520.6825616	0.576041666666667
520.699185399999	0.576041666666667
520.7157703	0.576041666666667
520.7321541	0.576041666666667
520.7487277	0.576041666666667
520.7653584	0.576041666666667
520.7826064	0.576041666666667
520.7988208	0.576041666666667
520.815211199999	0.576041666666667
520.832859799999	0.576041666666667
520.848845999999	0.576041666666667
520.8654259	0.576041666666667
520.882540999999	0.576041666666667
520.8993975	0.576041666666667
520.9154907	0.576041666666667
520.9324547	0.576041666666667
520.9491439	0.576041666666667
520.9652454	0.576041666666667
520.9824396	0.576041666666667
520.9993125	0.576041666666667
521.015711099999	0.576041666666667
521.032192	0.576041666666667
521.049345299999	0.576041666666667
521.0659451	0.576041666666667
521.082760299999	0.576041666666667
521.0991905	0.576041666666667
521.115777	0.576041666666667
521.1327046	0.576041666666667
521.1487596	0.576041666666667
521.165425199999	0.576041666666667
521.182685599999	0.576041666666667
521.1992018	0.576041666666667
521.2159399	0.576041666666667
521.2327601	0.576041666666667
521.249001199999	0.576041666666667
521.2658455	0.576041666666667
521.2821959	0.576041666666667
521.2994933	0.576041666666667
521.3156451	0.576041666666667
521.332803899999	0.576041666666667
521.3490546	0.576041666666667
521.3657579	0.576041666666667
521.3825287	0.576041666666667
521.399468999999	0.576041666666667
521.4157181	0.576041666666667
521.4323472	0.576041666666667
521.4487526	0.576041666666667
521.465534699999	0.576041666666667
521.482153699999	0.576041666666667
521.4986285	0.576041666666667
521.5153116	0.576041666666667
521.532153	0.576041666666667
521.5491502	0.576041666666667
521.5656702	0.576041666666667
521.5822767	0.576041666666667
521.5993245	0.576041666666667
521.6154364	0.576041666666667
521.632348799999	0.576041666666667
521.6491781	0.576041666666667
521.665774799999	0.576041666666667
521.682664699999	0.576041666666667
521.699021	0.576041666666667
521.715559	0.576041666666667
521.732183099999	0.576041666666667
521.7486961	0.576041666666667
521.765432799999	0.576041666666667
521.7825544	0.576041666666667
521.7991135	0.576041666666667
521.8156232	0.576041666666667
521.8322923	0.576041666666667
521.8490158	0.576041666666667
521.8658135	0.576041666666667
521.8825265	0.576041666666667
521.8992231	0.576041666666667
521.9155857	0.576041666666667
521.9324071	0.576041666666667
521.9486512	0.576041666666667
521.965215	0.576041666666667
521.982479	0.576041666666667
521.998754799999	0.576041666666667
522.0155289	0.576041666666667
522.0325722	0.576041666666667
522.049434999999	0.576041666666667
522.0658296	0.576041666666667
522.0827085	0.576041666666667
522.0992153	0.576041666666667
522.1154845	0.576041666666667
522.1326505	0.576041666666667
522.1487671	0.576041666666667
522.165219	0.576041666666667
522.1823012	0.576041666666667
522.1992952	0.576041666666667
522.215835699999	0.576041666666667
522.2328174	0.576041666666667
522.2494586	0.576041666666667
522.2653756	0.576041666666667
522.282610199999	0.576041666666667
522.2989352	0.576041666666667
522.3154653	0.576041666666667
522.332706	0.576041666666667
522.3493309	0.576041666666667
522.365597099999	0.576041666666667
522.3824411	0.576041666666667
522.3987758	0.576041666666667
522.4152903	0.576041666666667
522.4324169	0.576041666666667
522.4491117	0.576041666666667
522.4663995	0.576041666666667
522.4854346	0.576041666666667
522.4990572	0.576041666666667
522.5154503	0.576041666666667
522.532252699999	0.576041666666667
522.5489889	0.576041666666667
522.5651427	0.576041666666667
522.5825991	0.576041666666667
522.5989202	0.576041666666667
522.6157993	0.576041666666667
522.6326116	0.576041666666667
522.6492941	0.576041666666667
522.6659785	0.576041666666667
522.6828419	0.576041666666667
522.6991226	0.576041666666667
522.7157824	0.576041666666667
522.7324444	0.576041666666667
522.749116099999	0.576041666666667
522.7655475	0.576041666666667
522.7824918	0.576041666666667
522.7992737	0.576041666666667
522.8155672	0.576041666666667
522.8324601	0.576041666666667
522.8489104	0.576041666666667
522.8655404	0.576041666666667
522.8825866	0.576041666666667
522.8988722	0.576041666666667
522.9152244	0.576041666666667
522.9324725	0.576041666666667
522.948686	0.576041666666667
522.9655901	0.576041666666667
522.9823574	0.576041666666667
522.9987519	0.576041666666667
523.0158263	0.576041666666667
523.032596699999	0.576041666666667
523.0486273	0.576041666666667
523.065575	0.576041666666667
523.0828194	0.576041666666667
523.099174099999	0.576041666666667
523.1156034	0.576041666666667
523.132524499999	0.576041666666667
523.1489883	0.576041666666667
523.1657112	0.576041666666667
523.1828223	0.576041666666667
523.1987482	0.576041666666667
523.2160491	0.576041666666667
523.2325232	0.576041666666667
523.2492497	0.576041666666667
523.2658092	0.576041666666667
523.2825859	0.576041666666667
523.299246399999	0.576041666666667
523.3152169	0.576041666666667
523.3322777	0.576041666666667
523.3487468	0.576041666666667
523.3651669	0.576041666666667
523.3825528	0.576041666666667
523.399361	0.576041666666667
523.4153383	0.576041666666667
523.4321312	0.576041666666667
523.449084599999	0.576041666666667
523.4654835	0.576041666666667
523.482446699999	0.576041666666667
523.499293599999	0.576041666666667
523.5153316	0.576041666666667
523.5323896	0.576041666666667
523.5492774	0.576041666666667
523.5657378	0.576041666666667
523.5821701	0.576041666666667
523.599413599999	0.576041666666667
523.615491399999	0.576041666666667
523.632204	0.576041666666667
523.6488763	0.576041666666667
523.665603299999	0.576041666666667
523.6824752	0.576041666666667
523.6986709	0.576041666666667
523.7155938	0.576041666666667
523.7323781	0.576041666666667
523.7492712	0.576041666666667
523.7655613	0.576041666666667
523.782000199999	0.576041666666667
523.7985404	0.576041666666667
523.815371	0.576041666666667
523.832271899999	0.576041666666667
523.8492082	0.576041666666667
523.8657125	0.576041666666667
523.882711199999	0.576041666666667
523.899373199999	0.576041666666667
523.9158248	0.576041666666667
523.9321487	0.576041666666667
523.9487507	0.576041666666667
523.9656811	0.576041666666667
523.9825082	0.576041666666667
523.9991083	0.576041666666667
524.015137299999	0.576041666666667
524.0322986	0.576041666666667
524.0486509	0.576041666666667
524.0658533	0.576041666666667
524.0825087	0.576041666666667
524.0988142	0.576041666666667
524.1161661	0.576041666666667
524.1326821	0.576041666666667
524.1490042	0.576041666666667
524.165337	0.576041666666667
524.1822124	0.576041666666667
524.198496	0.576041666666667
524.2151628	0.576041666666667
524.232626	0.576041666666667
524.248454999999	0.576041666666667
524.2651444	0.576041666666667
524.2823966	0.576041666666667
524.298669599999	0.576041666666667
524.3158662	0.576041666666667
524.3320454	0.576041666666667
524.3494084	0.576041666666667
524.3657419	0.576041666666667
524.3825784	0.576041666666667
524.3990258	0.576041666666667
524.415715199999	0.576041666666667
524.4326221	0.576041666666667
524.4491187	0.576041666666667
524.465134099999	0.576041666666667
524.482342899999	0.576041666666667
524.4987344	0.576041666666667
524.5152861	0.576041666666667
524.5324688	0.576041666666667
524.5486692	0.576041666666667
524.565739499999	0.576041666666667
524.582386099999	0.576041666666667
524.5994132	0.576041666666667
524.6156988	0.576041666666667
524.6323725	0.576041666666667
524.6489956	0.576041666666667
524.6657156	0.576041666666667
524.682885	0.576041666666667
524.6986537	0.576041666666667
524.7156512	0.576041666666667
524.732054699999	0.576041666666667
524.7490487	0.576041666666667
524.7657262	0.576041666666667
524.782131099999	0.576041666666667
524.7991404	0.576041666666667
524.8152774	0.576041666666667
524.8327051	0.576041666666667
524.84906	0.576041666666667
524.8657757	0.576041666666667
524.8822459	0.576041666666667
524.898752799999	0.576041666666667
524.915765499999	0.576041666666667
524.9324405	0.576041666666667
524.9490409	0.576041666666667
524.9656829	0.576041666666667
524.982393899999	0.576041666666667
524.9986555	0.576041666666667
525.0155891	0.576041666666667
525.0322739	0.576041666666667
525.0493353	0.576041666666667
525.0654138	0.576041666666667
525.082626	0.576041666666667
525.0989499	0.576041666666667
525.1156065	0.576041666666667
525.1323086	0.576041666666667
525.1490388	0.576041666666667
525.1655537	0.576041666666667
525.182101	0.576041666666667
525.199128199999	0.576041666666667
525.2152523	0.576041666666667
525.2325664	0.576041666666667
525.2492894	0.576041666666667
525.2658713	0.576041666666667
525.2823572	0.576041666666667
525.2990434	0.576041666666667
525.3156359	0.576041666666667
525.3324479	0.576041666666667
525.349002099999	0.576041666666667
525.365625299999	0.576041666666667
525.38223	0.576041666666667
525.39874	0.576041666666667
525.415124199999	0.576041666666667
525.4320028	0.576041666666667
525.448822299999	0.576041666666667
525.4652118	0.576041666666667
525.4820557	0.576041666666667
525.4988595	0.576041666666667
525.5152095	0.576041666666667
525.5319608	0.576041666666667
525.5487511	0.576041666666667
525.5654228	0.576041666666667
525.5821467	0.576041666666667
525.5991293	0.576041666666667
525.6149985	0.576041666666667
525.6319253	0.576041666666667
525.6487645	0.576041666666667
525.6652998	0.576041666666667
525.682334099999	0.576041666666667
525.6985639	0.576041666666667
525.715576999999	0.576041666666667
525.732479	0.576041666666667
525.7488055	0.576041666666667
525.7656465	0.576041666666667
525.7824629	0.576041666666667
525.7987896	0.576041666666667
525.8157871	0.576041666666667
525.8323134	0.576041666666667
525.8485503	0.576041666666667
525.8649325	0.576041666666667
525.8820033	0.576041666666667
525.898509499999	0.576041666666667
525.9155645	0.576041666666667
525.9322523	0.576041666666667
525.9489578	0.576041666666667
525.965401	0.576041666666667
525.9820979	0.576041666666667
525.9987396	0.576041666666667
526.0154111	0.576041666666667
526.0321757	0.576041666666667
526.0491926	0.576041666666667
526.0657743	0.576041666666667
526.082632	0.576041666666667
526.0990405	0.576041666666667
526.1155239	0.576041666666667
526.1322083	0.576041666666667
526.149078	0.576041666666667
526.1650333	0.576041666666667
526.1817728	0.576041666666667
526.1985917	0.576041666666667
526.215267999999	0.576041666666667
526.2324155	0.576041666666667
526.2490278	0.576041666666667
526.2657642	0.576041666666667
526.2822308	0.576041666666667
526.2988903	0.576041666666667
526.315873399999	0.576041666666667
526.3325324	0.576041666666667
526.3490577	0.576041666666667
526.3658599	0.576041666666667
526.3823132	0.576041666666667
526.3984295	0.576041666666667
526.4154333	0.576041666666667
526.4325511	0.576041666666667
526.4488379	0.576041666666667
526.4656555	0.576041666666667
526.4826988	0.576041666666667
526.4989939	0.576041666666667
526.5156845	0.576041666666667
526.5327741	0.576041666666667
526.549181	0.576041666666667
526.5655894	0.576041666666667
526.5822096	0.576041666666667
526.5990834	0.576041666666667
526.6153093	0.576041666666667
526.6323345	0.576041666666667
526.6484209	0.576041666666667
526.6656369	0.576041666666667
526.6823344	0.576041666666667
526.6988417	0.576041666666667
526.7151989	0.576041666666667
526.7321488	0.576041666666667
526.7488596	0.576041666666667
526.765233699999	0.576041666666667
526.781777799999	0.576041666666667
526.798874099999	0.576041666666667
526.8156569	0.576041666666667
526.8322108	0.576041666666667
526.8488326	0.576041666666667
526.8656439	0.576041666666667
526.8824978	0.576041666666667
526.8985524	0.576041666666667
526.915021599999	0.576041666666667
526.93204	0.576041666666667
526.9490085	0.576041666666667
526.9656423	0.576041666666667
526.9823206	0.576041666666667
526.9987052	0.576041666666667
527.0156995	0.576041666666667
527.0322101	0.576041666666667
527.0489838	0.576041666666667
527.0655954	0.576041666666667
527.0824618	0.576041666666667
527.1026671	0.576041666666667
527.1151171	0.576041666666667
527.1322845	0.576041666666667
527.148722699999	0.576041666666667
527.1651588	0.576041666666667
527.1825687	0.576041666666667
527.199072899999	0.576041666666667
527.2154246	0.576041666666667
527.232449199999	0.576041666666667
527.2489548	0.576041666666667
527.265635499999	0.576041666666667
527.282847399999	0.576041666666667
527.2986073	0.576041666666667
527.3152581	0.576041666666667
527.332394699999	0.576041666666667
527.3482821	0.576041666666667
527.3651709	0.576041666666667
527.381929799999	0.576041666666667
527.3986258	0.576041666666667
527.4150987	0.576041666666667
527.4319876	0.576041666666667
527.4488888	0.576041666666667
527.4656037	0.576041666666667
527.482070099999	0.576041666666667
527.498913899999	0.576041666666667
527.515605999999	0.576041666666667
527.5320323	0.576041666666667
527.5490837	0.576041666666667
527.5654334	0.576041666666667
527.582301299999	0.576041666666667
527.5986351	0.576041666666667
527.6151295	0.576041666666667
527.6318367	0.576041666666667
527.6483369	0.576041666666667
527.6655451	0.576041666666667
527.6818352	0.576041666666667
527.6989422	0.576041666666667
527.7155565	0.576041666666667
527.7323087	0.576041666666667
527.7485975	0.576041666666667
527.7656726	0.576041666666667
527.7821386	0.576041666666667
527.7985994	0.576041666666667
527.815461	0.576041666666667
527.8323152	0.576041666666667
527.848869999999	0.576041666666667
527.8654038	0.576041666666667
527.882158299999	0.576041666666667
527.898346699999	0.576041666666667
527.915160399999	0.576041666666667
527.9323382	0.576041666666667
527.9488464	0.576041666666667
527.965173399999	0.576041666666667
527.9822621	0.576041666666667
527.9983333	0.576041666666667
528.0150852	0.576041666666667
528.0316772	0.576041666666667
528.048359899999	0.576041666666667
528.0655801	0.576041666666667
528.0822873	0.576041666666667
528.0983148	0.576041666666667
528.1153432	0.576041666666667
528.1320185	0.576041666666667
528.1483389	0.576041666666667
528.1652351	0.576041666666667
528.182342	0.576041666666667
528.1989837	0.576041666666667
528.2156593	0.576041666666667
528.2321406	0.576041666666667
528.248599	0.576041666666667
528.2657091	0.576041666666667
528.2820912	0.576041666666667
528.2986104	0.576041666666667
528.3151759	0.576041666666667
528.332272	0.576041666666667
528.3485638	0.576041666666667
528.3654516	0.576041666666667
528.3826052	0.576041666666667
528.3983212	0.576041666666667
528.4158301	0.576041666666667
528.4322655	0.576041666666667
528.44832	0.576041666666667
528.4651868	0.576041666666667
528.4822867	0.576041666666667
528.4983238	0.576041666666667
528.5152089	0.576041666666667
528.5318467	0.576041666666667
528.548635799999	0.576041666666667
528.565113	0.576041666666667
528.5820957	0.576041666666667
528.5988354	0.576041666666667
528.6154824	0.576041666666667
528.632415699999	0.576041666666667
528.6482408	0.576041666666667
528.6660755	0.576041666666667
528.68255	0.576041666666667
528.7027535	0.576041666666667
528.7156841	0.576041666666667
528.7319519	0.576041666666667
528.7482583	0.576041666666667
528.7654694	0.576041666666667
528.7818007	0.576041666666667
528.798329799999	0.576041666666667
528.8156275	0.576041666666667
528.8318568	0.576041666666667
528.8483242	0.576041666666667
528.865670799999	0.576041666666667
528.8819864	0.576041666666667
528.898372499999	0.576041666666667
528.9156834	0.576041666666667
528.9322731	0.576041666666667
528.9486882	0.576041666666667
528.9652933	0.576041666666667
528.982191	0.576041666666667
528.9982297	0.576041666666667
529.0156587	0.576041666666667
529.032270499999	0.576041666666667
529.0482981	0.576041666666667
529.065099	0.576041666666667
529.0822281	0.576041666666667
529.0982817	0.576041666666667
529.115171999999	0.576041666666667
529.1320934	0.576041666666667
529.1486971	0.576041666666667
529.165551099999	0.576041666666667
529.1822576	0.576041666666667
529.1989191	0.576041666666667
529.2155761	0.576041666666667
529.232528	0.576041666666667
529.2483645	0.576041666666667
529.2650569	0.576041666666667
529.2819106	0.576041666666667
529.2984019	0.576041666666667
529.3153677	0.576041666666667
529.332202999999	0.576041666666667
529.3487095	0.576041666666667
529.3651899	0.576041666666667
529.3817245	0.576041666666667
529.3989239	0.576041666666667
529.4151091	0.576041666666667
529.4318991	0.576041666666667
529.4483133	0.576041666666667
529.4654692	0.576041666666667
529.4819573	0.576041666666667
529.4985964	0.576041666666667
529.5155418	0.576041666666667
529.5324268	0.576041666666667
529.5486723	0.576041666666667
529.565005	0.576041666666667
529.5825933	0.583333333333333
529.5989764	0.583333333333333
529.6151092	0.583333333333333
529.6322949	0.601041666666667
529.6491418	0.61875
529.665671499999	0.61875
529.6822324	0.61875
529.6981339	0.61875
529.7155418	0.61875
529.732084	0.61875
529.748301499999	0.61875
529.765108399999	0.61875
529.782165399999	0.61875
529.7983017	0.61875
529.815677399999	0.61875
529.8323491	0.61875
529.8486447	0.61875
529.865235	0.61875
529.8820971	0.61875
529.8983134	0.61875
529.915043099999	0.61875
529.9324297	0.61875
529.948553	0.61875
529.9655332	0.61875
529.9822224	0.61875
529.998277	0.61875
530.0155923	0.61875
530.0321185	0.61875
530.049053499999	0.61875
530.0651917	0.61875
530.0821597	0.61875
530.0985283	0.61875
530.115531899999	0.61875
530.1317735	0.61875
530.1484002	0.61875
530.1654125	0.61875
530.1820911	0.61875
530.198257699999	0.61875
530.215092	0.61875
530.2322185	0.61875
530.24822	0.61875
530.2651015	0.61875
530.282102	0.61875
530.2986578	0.61875
530.3156343	0.61875
530.3320165	0.61875
530.348497699999	0.61875
530.3654255	0.61875
530.3822395	0.61875
530.3982211	0.61875
530.4155239	0.61875
530.4319067	0.61875
530.4487894	0.61875
530.465487999999	0.61875
530.482029499999	0.61875
530.4987265	0.61875
530.515130499999	0.61875
530.5318382	0.61875
530.5486508	0.61875
530.565756699999	0.61875
530.5822746	0.61875
530.5985932	0.61875
530.614937899999	0.61875
530.632169	0.61875
530.648783	0.61875
530.6655691	0.61875
530.6821844	0.61875
530.6990806	0.61875
530.7151217	0.61875
530.732137099999	0.61875
530.7483171	0.61875
530.7652902	0.61875
530.7820918	0.61875
530.798929	0.61875
530.8152442	0.61875
530.8321414	0.61875
530.848333599999	0.61875
530.8651211	0.61875
530.8819887	0.61875
530.8987525	0.61875
530.9156	0.61875
530.9319088	0.61875
530.9487795	0.61875
530.965443099999	0.61875
530.981926399999	0.61875
530.998819999999	0.61875
531.0156872	0.61875
531.0320079	0.61875
531.0487984	0.61875
531.0654819	0.61875
531.0821474	0.61875
531.0987242	0.61875
531.115493	0.61875
531.132210599999	0.61875
531.1485779	0.61875
531.1653669	0.61875
531.182177499999	0.61875
531.1981731	0.61875
531.2155065	0.61875
531.2321265	0.61875
531.2487784	0.61875
531.265569799999	0.61875
531.2821534	0.61875
531.2986847	0.61875
531.3155633	0.61875
531.3323153	0.61875
531.3487092	0.61875
531.3654296	0.61875
531.3817734	0.61875
531.398594199999	0.61875
531.4155669	0.61875
531.431709999999	0.61875
531.4486167	0.61875
531.4657895	0.61875
531.481810899999	0.61875
531.498824899999	0.61875
531.515389	0.61875
531.5318619	0.61875
531.5486844	0.61875
531.5656091	0.627083333333333
531.5821511	0.627083333333333
531.598785799999	0.627083333333333
531.6154126	0.627083333333333
531.6321586	0.627083333333333
531.6485836	0.627083333333333
531.665320699999	0.627083333333333
531.6820361	0.627083333333333
531.6986672	0.627083333333333
531.7156408	0.627083333333333
531.7323225	0.627083333333333
531.7495281	0.627083333333333
531.7656142	0.635416666666667
531.7820326	0.635416666666667
531.798613099999	0.635416666666667
531.8153003	0.635416666666667
531.8317567	0.635416666666667
531.8482302	0.635416666666667
531.8655366	0.635416666666667
531.8823152	0.635416666666667
531.8984254	0.635416666666667
531.9153827	0.635416666666667
531.9325687	0.635416666666667
531.9485719	0.635416666666667
531.9652138	0.635416666666667
531.9820767	0.635416666666667
531.998473	0.635416666666667
532.0151357	0.635416666666667
532.0319737	0.635416666666667
532.0487018	0.635416666666667
532.0652894	0.635416666666667
532.0824195	0.635416666666667
532.0983591	0.635416666666667
532.1154252	0.635416666666667
532.1322131	0.635416666666667
532.1484528	0.635416666666667
532.1652875	0.635416666666667
532.1820095	0.635416666666667
532.198826599999	0.635416666666667
532.215209	0.635416666666667
532.2321486	0.635416666666667
532.248724699999	0.635416666666667
532.265194999999	0.635416666666667
532.2819392	0.635416666666667
532.298043599999	0.635416666666667
532.3151263	0.635416666666667
532.3323433	0.635416666666667
532.3488176	0.635416666666667
532.3653208	0.635416666666667
532.381820999999	0.635416666666667
532.398484299999	0.635416666666667
532.4151246	0.635416666666667
532.432060799999	0.635416666666667
532.4486861	0.635416666666667
532.4653967	0.635416666666667
532.4821038	0.635416666666667
532.4983194	0.635416666666667
532.5154227	0.635416666666667
532.531748899999	0.635416666666667
532.5486924	0.635416666666667
532.5651758	0.635416666666667
532.5820902	0.635416666666667
532.5988351	0.635416666666667
532.6151675	0.635416666666667
532.631877599999	0.635416666666667
532.648664299999	0.635416666666667
532.6653554	0.635416666666667
532.6821955	0.635416666666667
532.6985453	0.635416666666667
532.7152203	0.635416666666667
532.7318823	0.635416666666667
532.7484978	0.635416666666667
532.7655156	0.635416666666667
532.781992199999	0.635416666666667
532.7988659	0.635416666666667
532.8151459	0.635416666666667
532.8322423	0.635416666666667
532.848650599999	0.635416666666667
532.8652474	0.635416666666667
532.8820475	0.635416666666667
532.8987264	0.635416666666667
532.9153752	0.635416666666667
532.9322017	0.635416666666667
532.9485884	0.635416666666667
532.9654447	0.635416666666667
532.982078099999	0.635416666666667
532.9981887	0.635416666666667
533.0152635	0.635416666666667
533.0319438	0.635416666666667
533.0488774	0.635416666666667
533.065148	0.635416666666667
533.0819338	0.635416666666667
533.0986622	0.635416666666667
533.1158896	0.635416666666667
533.132394799999	0.635416666666667
533.1484275	0.635416666666667
533.1651689	0.635416666666667
533.181669999999	0.635416666666667
533.198112699999	0.635416666666667
533.2155409	0.635416666666667
533.2320998	0.635416666666667
533.248454999999	0.635416666666667
533.2653533	0.635416666666667
533.282095	0.635416666666667
533.2987805	0.635416666666667
533.3151328	0.635416666666667
533.3322699	0.635416666666667
533.3485673	0.635416666666667
533.3653939	0.635416666666667
533.382000399999	0.635416666666667
533.3987291	0.635416666666667
533.4148767	0.635416666666667
533.431888799999	0.635416666666667
533.4488421	0.635416666666667
533.465161099999	0.635416666666667
533.482142599999	0.635416666666667
533.498794199999	0.635416666666667
533.5151498	0.635416666666667
533.5320779	0.635416666666667
533.548864299999	0.635416666666667
533.565192099999	0.635416666666667
533.5820516	0.635416666666667
533.5987241	0.635416666666667
533.6150415	0.635416666666667
533.6318267	0.635416666666667
533.6479268	0.635416666666667
533.665192399999	0.635416666666667
533.6813712	0.635416666666667
533.6985982	0.635416666666667
533.7151884	0.635416666666667
533.7321151	0.635416666666667
533.7485399	0.635416666666667
533.7650164	0.635416666666667
533.781966999999	0.635416666666667
533.798394999999	0.635416666666667
533.814921199999	0.635416666666667
533.8317911	0.635416666666667
533.8482646	0.635416666666667
533.8651682	0.635416666666667
533.8818959	0.635416666666667
533.898422	0.635416666666667
533.9152257	0.635416666666667
533.9322719	0.635416666666667
533.9482703	0.635416666666667
533.9651936	0.635416666666667
533.9819311	0.635416666666667
533.9982472	0.635416666666667
534.0153092	0.635416666666667
534.0319822	0.635416666666667
534.0486829	0.635416666666667
534.0651684	0.635416666666667
534.0820012	0.635416666666667
534.0985851	0.635416666666667
534.1146834	0.635416666666667
534.1318348	0.635416666666667
534.148399	0.635416666666667
534.1650069	0.635416666666667
534.182049699999	0.635416666666667
534.1982916	0.635416666666667
534.215364	0.635416666666667
534.2321651	0.635416666666667
534.248390499999	0.635416666666667
534.2649925	0.635416666666667
534.2822485	0.635416666666667
534.2985542	0.635416666666667
534.3146158	0.635416666666667
534.3318312	0.635416666666667
534.3483264	0.635416666666667
534.3647895	0.635416666666667
534.3820437	0.635416666666667
534.3977709	0.635416666666667
534.4155627	0.635416666666667
534.4320708	0.635416666666667
534.4486162	0.635416666666667
534.4653531	0.635416666666667
534.4821362	0.635416666666667
534.498725999999	0.635416666666667
534.5151587	0.635416666666667
534.5321566	0.635416666666667
534.5486183	0.635416666666667
534.565433499999	0.635416666666667
534.582068499999	0.635416666666667
534.5987515	0.635416666666667
534.6154039	0.635416666666667
534.6314638	0.635416666666667
534.6484833	0.635416666666667
534.6654422	0.635416666666667
534.6817975	0.635416666666667
534.6987227	0.635416666666667
534.715305	0.635416666666667
534.7318687	0.635416666666667
534.7487228	0.635416666666667
534.7652235	0.635416666666667
534.781911099999	0.635416666666667
534.7986251	0.635416666666667
534.8151868	0.635416666666667
534.8319058	0.635416666666667
534.848606399999	0.635416666666667
534.8650261	0.635416666666667
534.8816887	0.635416666666667
534.898232999999	0.635416666666667
534.9148488	0.635416666666667
534.9319982	0.635416666666667
534.9486962	0.635416666666667
534.9651948	0.635416666666667
534.9819802	0.635416666666667
534.9985477	0.635416666666667
535.015098599999	0.635416666666667
535.0315985	0.635416666666667
535.048273899999	0.635416666666667
535.0645812	0.635416666666667
535.0818026	0.635416666666667
535.098454099999	0.635416666666667
535.1154055	0.635416666666667
535.1319813	0.635416666666667
535.1480135	0.635416666666667
535.1648638	0.635416666666667
535.1816613	0.635416666666667
535.1984855	0.635416666666667
535.2149441	0.635416666666667
535.2317651	0.635416666666667
535.2484388	0.635416666666667
535.2649279	0.635416666666667
535.2817021	0.635416666666667
535.2988028	0.635416666666667
535.314932899999	0.635416666666667
535.3317428	0.635416666666667
535.3484978	0.635416666666667
535.364606199999	0.635416666666667
535.3816818	0.635416666666667
535.3980988	0.635416666666667
535.414920799999	0.635416666666667
535.431788599999	0.635416666666667
535.4480939	0.635416666666667
535.465035799999	0.635416666666667
535.4817828	0.635416666666667
535.4986555	0.635416666666667
535.515222	0.635416666666667
535.531969	0.635416666666667
535.5487159	0.635416666666667
535.5652015	0.635416666666667
535.5820115	0.635416666666667
535.5986819	0.635416666666667
535.6155149	0.635416666666667
535.6317439	0.635416666666667
535.648486099999	0.635416666666667
535.6653537	0.635416666666667
535.6819758	0.635416666666667
535.6985898	0.635416666666667
535.715046299999	0.635416666666667
535.7320046	0.635416666666667
535.748800899999	0.635416666666667
535.765194999999	0.635416666666667
535.7818293	0.635416666666667
535.7985695	0.635416666666667
535.8150798	0.635416666666667
535.8316119	0.635416666666667
535.8482164	0.635416666666667
535.8653631	0.635416666666667
535.881366999999	0.635416666666667
535.8987498	0.635416666666667
535.9154462	0.635416666666667
535.9321859	0.635416666666667
535.948633099999	0.635416666666667
535.965190599999	0.635416666666667
535.981915299999	0.635416666666667
535.9985777	0.635416666666667
536.0151156	0.635416666666667
536.0320227	0.635416666666667
536.048627	0.635416666666667
536.0652263	0.635416666666667
536.0821716	0.635416666666667
536.0985598	0.635416666666667
536.115158999999	0.635416666666667
536.1319287	0.635416666666667
536.1488857	0.635416666666667
536.165100799999	0.635416666666667
536.1818444	0.635416666666667
536.1984437	0.635416666666667
536.2149745	0.635416666666667
536.2316817	0.635416666666667
536.2483286	0.635416666666667
536.2649914	0.635416666666667
536.281196699999	0.635416666666667
536.2982485	0.635416666666667
536.3152366	0.635416666666667
536.3318705	0.635416666666667
536.3482534	0.635416666666667
536.3653095	0.635416666666667
536.38178	0.635416666666667
536.398486099999	0.635416666666667
536.4151458	0.635416666666667
536.4316432	0.635416666666667
536.4478757	0.635416666666667
536.4649829	0.635416666666667
536.4819967	0.635416666666667
536.4978999	0.635416666666667
536.514928999999	0.635416666666667
536.5318623	0.635416666666667
536.5482964	0.635416666666667
536.5652291	0.635416666666667
536.5816389	0.635416666666667
536.5983715	0.635416666666667
536.6150498	0.635416666666667
536.6317134	0.635416666666667
536.6481254	0.644791666666667
536.6651497	0.661458333333333
536.6819744	0.679166666666667
536.6983477	0.6875
536.7153194	0.6875
536.731950899999	0.6875
536.7480583	0.6875
536.7649999	0.6875
536.78191	0.6875
536.798643799999	0.6875
536.8152315	0.6875
536.8316463	0.6875
536.8483815	0.6875
536.8650578	0.6875
536.8816518	0.6875
536.8985026	0.6875
536.9150755	0.6875
536.931754199999	0.6875
536.948899099999	0.6875
536.9652371	0.6875
536.981703999999	0.6875
536.9986659	0.6875
537.015048799999	0.6875
537.031415299999	0.6875
537.0484369	0.6875
537.0652278	0.6875
537.0815503	0.6875
537.098471	0.6875
537.114971699999	0.6875
537.1312739	0.6875
537.148584	0.6875
537.165382	0.6875
537.181478399999	0.6875
537.1985559	0.6875
537.2151774	0.6875
537.2314428	0.6875
537.2486973	0.6875
537.265242999999	0.6875
537.2819285	0.6875
537.2986305	0.6875
537.315100599999	0.6875
537.331632899999	0.6875
537.3485631	0.6875
537.3653105	0.6875
537.381616499999	0.6875
537.3990124	0.679166666666667
537.414969299999	0.661458333333333
537.4317108	0.661458333333333
537.4483399	0.661458333333333
537.4652602	0.661458333333333
537.4816017	0.661458333333333
537.4985001	0.661458333333333
537.5150809	0.661458333333333
537.531447899999	0.661458333333333
537.5487	0.661458333333333
537.5650924	0.661458333333333
537.5812921	0.661458333333333
537.5986109	0.661458333333333
537.6151721	0.661458333333333
537.6313932	0.661458333333333
537.6488694	0.661458333333333
537.665152999999	0.661458333333333
537.6816926	0.661458333333333
537.6985582	0.661458333333333
537.7151775	0.661458333333333
537.7314866	0.661458333333333
537.7486256	0.661458333333333
537.7652224	0.661458333333333
537.7815756	0.661458333333333
537.7983623	0.661458333333333
537.8150138	0.661458333333333
537.8319001	0.661458333333333
537.8483858	0.661458333333333
537.8652649	0.661458333333333
537.8817378	0.661458333333333
537.8985253	0.661458333333333
537.9148248	0.661458333333333
537.9314441	0.661458333333333
537.9481726	0.661458333333333
537.964993399999	0.661458333333333
537.9818266	0.661458333333333
537.9984611	0.661458333333333
538.0150528	0.661458333333333
538.031655499999	0.661458333333333
538.048591599999	0.661458333333333
538.0651027	0.661458333333333
538.0815191	0.661458333333333
538.0984751	0.661458333333333
538.115076	0.661458333333333
538.131699399999	0.661458333333333
538.1485127	0.661458333333333
538.1647361	0.661458333333333
538.1814074	0.661458333333333
538.1984603	0.661458333333333
538.215126	0.661458333333333
538.23184	0.661458333333333
538.2486708	0.661458333333333
538.2650902	0.661458333333333
538.2813497	0.661458333333333
538.2983174	0.661458333333333
538.3151121	0.661458333333333
538.331709	0.661458333333333
538.3485442	0.661458333333333
538.3652312	0.661458333333333
538.3815853	0.661458333333333
538.3985596	0.661458333333333
538.4151459	0.661458333333333
538.4313124	0.661458333333333
538.4486179	0.661458333333333
538.465003	0.661458333333333
538.48221	0.661458333333333
538.4985495	0.661458333333333
538.5148714	0.661458333333333
538.5313151	0.661458333333333
538.5485911	0.661458333333333
538.5651548	0.661458333333333
538.5817539	0.661458333333333
538.5984404	0.661458333333333
538.6150673	0.661458333333333
538.6317187	0.661458333333333
538.647990399999	0.661458333333333
538.665151	0.661458333333333
538.6817299	0.661458333333333
538.6984059	0.661458333333333
538.7150476	0.661458333333333
538.7314618	0.661458333333333
538.7484343	0.661458333333333
538.7650929	0.661458333333333
538.7817325	0.661458333333333
538.7980934	0.661458333333333
538.8148669	0.661458333333333
538.831431999999	0.661458333333333
538.848402	0.661458333333333
538.8649359	0.661458333333333
538.881814299999	0.661458333333333
538.8984269	0.661458333333333
538.9150877	0.661458333333333
538.9318702	0.661458333333333
538.9483613	0.661458333333333
538.9650963	0.661458333333333
538.9813307	0.661458333333333
538.9982042	0.661458333333333
539.0150942	0.661458333333333
539.031319499999	0.661458333333333
539.048291699999	0.661458333333333
539.0651297	0.661458333333333
539.0816251	0.661458333333333
539.0980204	0.661458333333333
539.1149635	0.661458333333333
539.1314637	0.661458333333333
539.1483219	0.661458333333333
539.164815799999	0.661458333333333
539.1818892	0.661458333333333
539.1984833	0.661458333333333
539.2148252	0.661458333333333
539.2317932	0.661458333333333
539.2487574	0.661458333333333
539.265268	0.661458333333333
539.281433799999	0.661458333333333
539.2985137	0.661458333333333
539.3150245	0.661458333333333
539.331352799999	0.661458333333333
539.3482898	0.661458333333333
539.3652399	0.661458333333333
539.3817833	0.661458333333333
539.3985155	0.661458333333333
539.415055999999	0.661458333333333
539.431466099999	0.661458333333333
539.4484818	0.661458333333333
539.4651594	0.661458333333333
539.4819455	0.661458333333333
539.4982477	0.661458333333333
539.5151627	0.661458333333333
539.5313123	0.661458333333333
539.5484981	0.661458333333333
539.564996799999	0.661458333333333
539.581180199999	0.661458333333333
539.5981933	0.661458333333333
539.6150766	0.661458333333333
539.6318212	0.661458333333333
539.6484903	0.661458333333333
539.664829899999	0.661458333333333
539.6819777	0.661458333333333
539.6988302	0.661458333333333
539.7148875	0.661458333333333
539.731776499999	0.661458333333333
539.7484008	0.661458333333333
539.764974499999	0.661458333333333
539.781602099999	0.661458333333333
539.7982246	0.661458333333333
539.815096299999	0.661458333333333
539.831461599999	0.661458333333333
539.8483076	0.661458333333333
539.864784899999	0.661458333333333
539.8814614	0.661458333333333
539.8978909	0.661458333333333
539.914778	0.661458333333333
539.931541599999	0.661458333333333
539.947861499999	0.661458333333333
539.964540099999	0.661458333333333
539.981340299999	0.661458333333333
539.9978953	0.661458333333333
540.0148585	0.661458333333333
540.0313906	0.661458333333333
540.0482496	0.661458333333333
540.065344499999	0.661458333333333
540.0819719	0.661458333333333
540.0983802	0.661458333333333
540.115128299999	0.661458333333333
540.131725	0.661458333333333
540.148317799999	0.661458333333333
540.1660466	0.661458333333333
540.181652199999	0.661458333333333
540.198526199999	0.661458333333333
540.2154049	0.661458333333333
540.231271499999	0.661458333333333
540.2482429	0.661458333333333
540.2648496	0.661458333333333
540.281788899999	0.661458333333333
540.298441699999	0.661458333333333
540.3149143	0.661458333333333
540.332042099999	0.661458333333333
540.3478695	0.661458333333333
540.3646518	0.661458333333333
540.382315599999	0.661458333333333
540.3983345	0.661458333333333
540.414957699999	0.661458333333333
540.431330299999	0.661458333333333
540.4480051	0.661458333333333
540.4648541	0.661458333333333
540.4817419	0.661458333333333
540.4982435	0.661458333333333
540.5152923	0.661458333333333
540.5317093	0.661458333333333
540.548545499999	0.661458333333333
540.564919399999	0.661458333333333
540.5818089	0.661458333333333
540.5985779	0.661458333333333
540.614888799999	0.661458333333333
540.6321494	0.661458333333333
540.6484107	0.661458333333333
540.6654286	0.661458333333333
540.6815855	0.661458333333333
540.6985168	0.661458333333333
540.714809099999	0.661458333333333
540.7314821	0.661458333333333
540.7483965	0.661458333333333
540.7648391	0.661458333333333
540.7815919	0.661458333333333
540.798652	0.661458333333333
540.815042199999	0.661458333333333
540.8316878	0.661458333333333
540.8481495	0.661458333333333
540.8647752	0.661458333333333
540.8813964	0.661458333333333
540.89774	0.661458333333333
540.914823	0.661458333333333
540.9316422	0.661458333333333
540.9484701	0.661458333333333
540.9649092	0.661458333333333
540.9817207	0.661458333333333
540.9982686	0.661458333333333
541.014816599999	0.661458333333333
541.0314384	0.661458333333333
541.048463799999	0.661458333333333
541.064728899999	0.661458333333333
541.081443	0.661458333333333
541.0980477	0.661458333333333
541.115091499999	0.661458333333333
541.132292	0.661458333333333
541.148323	0.661458333333333
541.164708299999	0.661458333333333
541.1818702	0.661458333333333
541.1982863	0.661458333333333
541.2150498	0.661458333333333
541.231915	0.661458333333333
541.248387499999	0.661458333333333
541.2655701	0.661458333333333
541.2816029	0.661458333333333
541.2981924	0.661458333333333
541.3146752	0.661458333333333
541.331509	0.661458333333333
541.3479385	0.661458333333333
541.3645745	0.661458333333333
541.3815877	0.661458333333333
541.3980811	0.661458333333333
541.414838	0.661458333333333
541.4317105	0.661458333333333
541.4481964	0.661458333333333
541.464837	0.661458333333333
541.481893799999	0.661458333333333
541.498485	0.661458333333333
541.515093699999	0.661458333333333
541.531761	0.661458333333333
541.5487567	0.661458333333333
541.564662499999	0.661458333333333
541.5814902	0.661458333333333
541.59839	0.661458333333333
541.6148517	0.661458333333333
541.6317775	0.661458333333333
541.6484252	0.661458333333333
541.6649641	0.661458333333333
541.681704399999	0.661458333333333
541.6982469	0.661458333333333
541.7148876	0.661458333333333
541.731839	0.661458333333333
541.748441499999	0.661458333333333
541.7647033	0.661458333333333
541.7816911	0.661458333333333
541.7983564	0.661458333333333
541.814659	0.661458333333333
541.8317193	0.661458333333333
541.848312199999	0.661458333333333
541.8653117	0.661458333333333
541.881318	0.661458333333333
541.898329499999	0.661458333333333
541.9149236	0.661458333333333
541.9317283	0.661458333333333
541.9483122	0.661458333333333
541.9647768	0.661458333333333
541.9813505	0.661458333333333
541.9985714	0.661458333333333
542.0148838	0.661458333333333
542.0317739	0.661458333333333
542.0485626	0.661458333333333
542.064965999999	0.661458333333333
542.081281499999	0.661458333333333
542.0981827	0.661458333333333
542.1146167	0.661458333333333
542.1310866	0.661458333333333
542.1483188	0.661458333333333
542.166065299999	0.661458333333333
542.1814198	0.661458333333333
542.1981695	0.661458333333333
542.2152014	0.661458333333333
542.2316943	0.661458333333333
542.248354899999	0.661458333333333
542.2648619	0.661458333333333
542.281555999999	0.661458333333333
542.2982969	0.661458333333333
542.3142904	0.661458333333333
542.331449	0.661458333333333
542.3481287	0.661458333333333
542.364798	0.661458333333333
542.3817187	0.661458333333333
542.3980768	0.661458333333333
542.4144692	0.661458333333333
542.4310408	0.661458333333333
542.448076499999	0.661458333333333
542.4652494	0.661458333333333
542.4821711	0.661458333333333
542.498122099999	0.661458333333333
542.5149302	0.661458333333333
542.531129699999	0.661458333333333
542.548238299999	0.661458333333333
542.564589499999	0.661458333333333
542.5817111	0.661458333333333
542.598189	0.661458333333333
542.614953	0.661458333333333
542.631680999999	0.661458333333333
542.648195499999	0.661458333333333
542.665162199999	0.661458333333333
542.6814515	0.661458333333333
542.6981229	0.661458333333333
542.7149561	0.661458333333333
542.731691099999	0.661458333333333
542.748360999999	0.661458333333333
542.7646263	0.661458333333333
542.781676399999	0.661458333333333
542.7980345	0.661458333333333
542.8150437	0.661458333333333
542.8315603	0.661458333333333
542.8482696	0.661458333333333
542.8648678	0.661458333333333
542.8820325	0.661458333333333
542.8981467	0.661458333333333
542.915009	0.661458333333333
542.931963099999	0.661458333333333
542.9481763	0.661458333333333
542.964782699999	0.661458333333333
542.9810338	0.661458333333333
542.9982558	0.661458333333333
543.0144187	0.661458333333333
543.0317463	0.661458333333333
543.0482569	0.661458333333333
543.0649914	0.661458333333333
543.0816394	0.661458333333333
543.0976184	0.661458333333333
543.114472799999	0.661458333333333
543.131746	0.661458333333333
543.148205399999	0.661458333333333
543.1648309	0.661458333333333
543.181778799999	0.661458333333333
543.1979034	0.661458333333333
543.2147007	0.661458333333333
543.2315724	0.661458333333333
543.2483434	0.661458333333333
543.264784	0.661458333333333
543.2817937	0.661458333333333
543.298439799999	0.661458333333333
543.3146998	0.661458333333333
543.3317113	0.661458333333333
543.3482531	0.661458333333333
543.364936699999	0.661458333333333
543.3822083	0.661458333333333
543.398238599999	0.661458333333333
543.4145488	0.661458333333333
543.431921	0.661458333333333
543.4480048	0.661458333333333
543.4649776	0.661458333333333
543.4818435	0.661458333333333
543.4977302	0.661458333333333
543.5144699	0.661458333333333
543.5313556	0.661458333333333
543.5482022	0.661458333333333
543.5649704	0.661458333333333
543.5815345	0.661458333333333
543.5982877	0.661458333333333
543.6148357	0.661458333333333
543.6312702	0.661458333333333
543.6481459	0.661458333333333
543.6649661	0.661458333333333
543.6821995	0.661458333333333
543.698024899999	0.661458333333333
543.7146765	0.661458333333333
543.731305899999	0.661458333333333
543.7480031	0.661458333333333
543.7650196	0.661458333333333
543.7816538	0.661458333333333
543.798214399999	0.661458333333333
543.814956799999	0.661458333333333
543.8317	0.661458333333333
543.8489349	0.661458333333333
543.8646151	0.661458333333333
543.881529199999	0.661458333333333
543.89822	0.661458333333333
543.9147682	0.661458333333333
543.9317491	0.661458333333333
543.9482121	0.661458333333333
543.9648074	0.661458333333333
543.9810127	0.661458333333333
543.9981441	0.661458333333333
544.014830699999	0.661458333333333
544.03127	0.661458333333333
544.0481912	0.661458333333333
544.0647054	0.661458333333333
544.0817702	0.661458333333333
544.0984634	0.661458333333333
544.1149691	0.661458333333333
544.1316321	0.661458333333333
544.1484133	0.661458333333333
544.1646871	0.661458333333333
544.1815047	0.661458333333333
544.1978778	0.661458333333333
544.2147504	0.661458333333333
544.231775	0.661458333333333
544.2483917	0.661458333333333
544.2647805	0.661458333333333
544.2816356	0.661458333333333
544.2986642	0.661458333333333
544.314698199999	0.661458333333333
544.3313003	0.661458333333333
544.348141399999	0.661458333333333
544.364935399999	0.661458333333333
544.381486	0.661458333333333
544.3977715	0.661458333333333
544.4145954	0.661458333333333
544.4317054	0.661458333333333
544.4482956	0.661458333333333
544.4644919	0.661458333333333
544.4816953	0.661458333333333
544.498285499999	0.661458333333333
544.5148272	0.661458333333333
544.531530199999	0.661458333333333
544.5484217	0.661458333333333
544.5648609	0.661458333333333
544.581783399999	0.661458333333333
544.5982886	0.661458333333333
544.614746	0.661458333333333
544.6318398	0.661458333333333
544.6482549	0.661458333333333
544.664765399999	0.661458333333333
544.6817637	0.661458333333333
544.698392899999	0.661458333333333
544.7148962	0.661458333333333
544.7314402	0.661458333333333
544.7481813	0.661458333333333
544.7650356	0.661458333333333
544.781673999999	0.661458333333333
544.7980551	0.661458333333333
544.814799599999	0.661458333333333
544.8316313	0.661458333333333
544.848176399999	0.661458333333333
544.8648667	0.661458333333333
544.8814959	0.661458333333333
544.8984452	0.661458333333333
544.9145585	0.661458333333333
544.9314129	0.661458333333333
544.9476069	0.661458333333333
544.9643733	0.661458333333333
544.9810603	0.661458333333333
544.9982285	0.661458333333333
545.015280399999	0.661458333333333
545.031595399999	0.661458333333333
545.0480658	0.661458333333333
545.064906399999	0.661458333333333
545.0815909	0.661458333333333
545.0981313	0.661458333333333
545.1146506	0.661458333333333
545.131594999999	0.661458333333333
545.1483423	0.661458333333333
545.1647178	0.661458333333333
545.181621	0.661458333333333
545.197863299999	0.661458333333333
545.214782699999	0.661458333333333
545.232019699999	0.661458333333333
545.2486244	0.661458333333333
545.2648527	0.661458333333333
545.2817418	0.661458333333333
545.2981624	0.661458333333333
545.3146623	0.661458333333333
545.3316341	0.661458333333333
545.3481871	0.661458333333333
545.3647043	0.661458333333333
545.3812376	0.661458333333333
545.398226	0.661458333333333
545.4147057	0.661458333333333
545.431771999999	0.661458333333333
545.4480472	0.661458333333333
545.464711499999	0.661458333333333
545.4817385	0.661458333333333
545.4985341	0.661458333333333
545.5149073	0.661458333333333
545.5315691	0.661458333333333
545.5484409	0.661458333333333
545.564816799999	0.661458333333333
545.5815092	0.661458333333333
545.5977173	0.661458333333333
545.614359	0.661458333333333
545.6311368	0.661458333333333
545.6482185	0.661458333333333
545.6648136	0.661458333333333
545.6820424	0.661458333333333
545.6979545	0.661458333333333
545.7145199	0.661458333333333
545.7319508	0.661458333333333
545.7484297	0.661458333333333
545.764618799999	0.661458333333333
545.781648199999	0.661458333333333
545.7984823	0.661458333333333
545.8146511	0.661458333333333
545.8316866	0.661458333333333
545.8481304	0.661458333333333
545.8646906	0.661458333333333
545.8815985	0.661458333333333
545.8978563	0.661458333333333
545.914455799999	0.661458333333333
545.9316409	0.661458333333333
545.9480681	0.661458333333333
545.964396299999	0.661458333333333
545.9817194	0.661458333333333
545.9982403	0.661458333333333
546.0146663	0.661458333333333
546.0311375	0.661458333333333
546.0482265	0.661458333333333
546.0645584	0.661458333333333
546.081253299999	0.661458333333333
546.0984913	0.661458333333333
546.1142975	0.661458333333333
546.1313165	0.661458333333333
546.1484107	0.661458333333333
546.1643566	0.661458333333333
546.1810495	0.661458333333333
546.1982177	0.661458333333333
546.214316399999	0.661458333333333
546.2309346	0.661458333333333
546.248211799999	0.661458333333333
546.264536	0.661458333333333
546.2817695	0.661458333333333
546.2982122	0.661458333333333
546.3145036	0.661458333333333
546.331286399999	0.661458333333333
546.3482445	0.661458333333333
546.3647994	0.661458333333333
546.3815295	0.661458333333333
546.398062799999	0.661458333333333
546.4148607	0.661458333333333
546.4313306	0.661458333333333
546.4479526	0.661458333333333
546.4645489	0.661458333333333
546.4815839	0.661458333333333
546.4983306	0.661458333333333
546.5143885	0.661458333333333
546.53132	0.661458333333333
546.5482204	0.661458333333333
546.5645056	0.661458333333333
546.5815327	0.661458333333333
546.5984439	0.661458333333333
546.6153117	0.661458333333333
546.6319129	0.661458333333333
546.6485369	0.661458333333333
546.6648742	0.661458333333333
546.681763	0.661458333333333
546.6987433	0.661458333333333
546.7148744	0.661458333333333
546.7318894	0.661458333333333
546.7480726	0.661458333333333
546.764406	0.661458333333333
546.7809892	0.661458333333333
546.7983179	0.661458333333333
546.8142346	0.661458333333333
546.831504	0.661458333333333
546.8481914	0.661458333333333
546.8648917	0.661458333333333
546.8816979	0.661458333333333
546.8982122	0.661458333333333
546.9142638	0.661458333333333
546.9314307	0.661458333333333
546.947607099999	0.661458333333333
546.9643578	0.661458333333333
546.9810545	0.661458333333333
546.9981967	0.661458333333333
547.014768099999	0.661458333333333
547.031302299999	0.661458333333333
547.0483838	0.661458333333333
547.065143599999	0.661458333333333
547.0812304	0.661458333333333
547.098182	0.661458333333333
547.1146672	0.661458333333333
547.131825	0.661458333333333
547.147877	0.661458333333333
547.1648442	0.661458333333333
547.181008	0.661458333333333
547.1978472	0.661458333333333
547.214378499999	0.661458333333333
547.2313669	0.661458333333333
547.2478133	0.661458333333333
547.264581999999	0.661458333333333
547.2813268	0.661458333333333
547.2983705	0.661458333333333
547.3143341	0.661458333333333
547.3311966	0.661458333333333
547.3480592	0.661458333333333
547.3646113	0.661458333333333
547.3816007	0.661458333333333
547.3980689	0.661458333333333
547.414432399999	0.661458333333333
547.4314617	0.661458333333333
547.447774199999	0.661458333333333
547.4645564	0.661458333333333
547.4811834	0.661458333333333
547.4979939	0.661458333333333
547.5141035	0.661458333333333
547.531105699999	0.661458333333333
547.548271499999	0.661458333333333
547.5643513	0.661458333333333
547.5819172	0.661458333333333
547.5978795	0.661458333333333
547.6143756	0.661458333333333
547.631408199999	0.661458333333333
547.648207199999	0.661458333333333
547.6644856	0.661458333333333
547.6812018	0.661458333333333
547.6982913	0.661458333333333
547.7146867	0.66875
547.7311343	0.66875
547.7480418	0.66875
547.764291399999	0.66875
547.7811943	0.66875
547.798096999999	0.66875
547.8145324	0.66875
547.831344799999	0.66875
547.848319	0.66875
547.864367199999	0.66875
547.881486899999	0.66875
547.8986302	0.66875
547.9148402	0.66875
547.9314052	0.66875
547.9479833	0.66875
547.9646363	0.66875
547.9816028	0.66875
547.9982057	0.66875
548.0141873	0.66875
548.0317011	0.66875
548.0483445	0.66875
548.064456	0.66875
548.0816527	0.66875
548.098076799999	0.66875
548.115160299999	0.66875
548.1313467	0.66875
548.1478584	0.66875
548.1643432	0.66875
548.181366599999	0.66875
548.1983487	0.66875
548.2143215	0.66875
548.2314383	0.66875
548.2478042	0.66875
548.2643561	0.66875
548.2814009	0.66875
548.298101	0.66875
548.3143347	0.66875
548.331592	0.66875
548.3478203	0.66875
548.3643221	0.66875
548.3812756	0.66875
548.3978844	0.66875
548.4146304	0.66875
548.431557599999	0.66875
548.4483457	0.66875
548.4646595	0.66875
548.4814621	0.66875
548.4982847	0.66875
548.5148846	0.66875
548.5315384	0.66875
548.5478118	0.66875
548.5646049	0.66875
548.581122999999	0.66875
548.5980276	0.66875
548.6144448	0.66875
548.6315603	0.66875
548.6482282	0.66875
548.6647386	0.66875
548.6811965	0.66875
548.6980868	0.66875
548.7142644	0.66875
548.731373399999	0.66875
548.7483928	0.66875
548.7648964	0.66875
548.781611299999	0.66875
548.7981451	0.66875
548.8145801	0.66875
548.831587	0.66875
548.8480892	0.66875
548.8642767	0.66875
548.8812204	0.66875
548.898145	0.66875
548.9148233	0.66875
548.9314752	0.66875
548.9478951	0.66875
548.964529599999	0.66875
548.981491	0.66875
548.9978958	0.66875
549.0146499	0.66875
549.0311273	0.66875
549.0476155	0.66875
549.0645463	0.66875
549.0812941	0.66875
549.0978646	0.66875
549.1144862	0.66875
549.1314816	0.66875
549.147829	0.66875
549.164245699999	0.66875
549.1813726	0.66875
549.1977504	0.66875
549.214406699999	0.66875
549.231300399999	0.66875
549.2478852	0.66875
549.264131699999	0.66875
549.281771699999	0.66875
549.2978705	0.66875
549.3144713	0.66875
549.3313032	0.66875
549.3477345	0.66875
549.3646261	0.66875
549.381105999999	0.66875
549.3977516	0.66875
549.4142338	0.66875
549.4308418	0.66875
549.4479866	0.66875
549.4641863	0.66875
549.480819	0.66875
549.4976456	0.66875
549.5146389	0.66875
549.5314426	0.66875
549.5479982	0.66875
549.5646322	0.66875
549.5812058	0.66875
549.597933699999	0.66875
549.6141404	0.66875
549.6311546	0.66875
549.6479696	0.66875
549.6648779	0.66875
549.6814805	0.66875
549.697403799999	0.66875
549.715083699999	0.66875
549.731775799999	0.66875
549.747711099999	0.66875
549.7646416	0.66875
549.7811805	0.66875
549.7982274	0.66875
549.8150555	0.66875
549.8314027	0.66875
549.8480035	0.66875
549.8649224	0.66875
549.881243599999	0.66875
549.8979931	0.66875
549.914603199999	0.66875
549.9313476	0.66875
549.9479494	0.66875
549.9649052	0.66875
549.9812392	0.66875
549.9981888	0.66875
550.0146242	0.66875
550.031451599999	0.66875
550.047974699999	0.66875
550.0646543	0.66875
550.0806381	0.66875
550.0980692	0.66875
550.1146618	0.66875
550.1310076	0.66875
550.148075	0.66875
550.1646565	0.66875
550.1814664	0.66875
550.1980775	0.66875
550.2143526	0.66875
550.231247499999	0.66875
550.2480725	0.66875
550.2646518	0.66875
550.2816395	0.66875
550.2983324	0.66875
550.3148443	0.66875
550.331574599999	0.66875
550.3479999	0.66875
550.364278099999	0.66875
550.3815289	0.66875
550.397975599999	0.66875
550.414242599999	0.66875
550.4313704	0.66875
550.447976	0.66875
550.4647285	0.66875
550.4814603	0.66875
550.497941399999	0.66875
550.5145074	0.66875
550.5311677	0.66875
550.5477023	0.66875
550.5647053	0.66875
550.5814753	0.66875
550.597365499999	0.66875
550.6145762	0.66875
550.6310129	0.66875
550.6478765	0.66875
550.6644928	0.66875
550.6814652	0.66875
550.6980748	0.66875
550.71464	0.66875
550.7312257	0.66875
550.748452599999	0.66875
550.764349099999	0.66875
550.7815931	0.66875
550.7983234	0.66875
550.8145226	0.66875
550.8313106	0.66875
550.847972999999	0.66875
550.864476	0.66875
550.8814417	0.66875
550.897702	0.66875
550.9145058	0.66875
550.930821599999	0.66875
550.9480398	0.66875
550.9646201	0.66875
550.9811917	0.66875
550.9978113	0.66875
551.014725699999	0.66875
551.031335	0.66875
551.0479629	0.66875
551.0646944	0.66875
551.081400699999	0.66875
551.097968699999	0.66875
551.1149248	0.66875
551.1315994	0.66875
551.1479184	0.66875
551.1644182	0.66875
551.1811545	0.66875
551.1989817	0.66875
551.2142514	0.66875
551.231049	0.66875
551.248179	0.66875
551.264467	0.66875
551.2816522	0.66875
551.297792	0.66875
551.3145357	0.66875
551.3310648	0.66875
551.3481355	0.66875
551.3643793	0.66875
551.381207999999	0.66875
551.3979692	0.66875
551.4148879	0.66875
551.4312939	0.66875
551.4479255	0.66875
551.4646067	0.66875
551.4812442	0.66875
551.4975746	0.66875
551.5145141	0.66875
551.5317221	0.66875
551.547677	0.66875
551.564746699999	0.66875
551.5812236	0.66875
551.5971809	0.66875
551.6145206	0.66875
551.6311222	0.66875
551.6478949	0.66875
551.664853899999	0.66875
551.6816377	0.66875
551.6981952	0.66875
551.714714499999	0.66875
551.7311009	0.66875
551.747757	0.66875
551.764732	0.66875
551.781318899999	0.66875
551.7980107	0.66875
551.8145838	0.66875
551.8311549	0.66875
551.8477538	0.66875
551.8644791	0.66875
551.881199299999	0.66875
551.8974326	0.66875
551.914480299999	0.66875
551.931465	0.66875
551.948072799999	0.66875
551.9648778	0.66875
551.9812455	0.66875
551.9980031	0.66875
552.0146438	0.66875
552.031518	0.66875
552.0480004	0.66875
552.0643483	0.66875
552.0815435	0.66875
552.0977951	0.66875
552.1143708	0.66875
552.131677899999	0.66875
552.1477773	0.66875
552.1645257	0.66875
552.1812471	0.66875
552.1979164	0.66875
552.214745199999	0.66875
552.2314461	0.66875
552.248065599999	0.66875
552.2647901	0.66875
552.2809537	0.66875
552.298035599999	0.66875
552.314619	0.66875
552.3312571	0.66875
552.348034	0.66875
552.3642012	0.66875
552.3814634	0.66875
552.398041999999	0.66875
552.414497	0.66875
552.431094	0.66875
552.4480118	0.66875
552.464590399999	0.66875
552.4814025	0.66875
552.4979867	0.66875
552.5143416	0.66875
552.531296199999	0.66875
552.547644799999	0.66875
552.5645774	0.66875
552.5809937	0.66875
552.598151799999	0.66875
552.614239	0.66875
552.6315724	0.66875
552.6479773	0.66875
552.664953399999	0.66875
552.681360399999	0.66875
552.6979427	0.66875
552.7146382	0.66875
552.7312294	0.66875
552.7476112	0.66875
552.764416099999	0.66875
552.7813068	0.66875
552.797879	0.66875
552.8144498	0.66875
552.8314176	0.66875
552.8478666	0.66875
552.8648493	0.66875
552.881359099999	0.66875
552.897857599999	0.66875
552.9145417	0.66875
552.931335	0.66875
552.9479672	0.66875
552.9646698	0.66875
552.9807389	0.66875
552.9976018	0.66875
553.0145158	0.66875
553.0312069	0.66875
553.0482671	0.66875
553.0647556	0.66875
553.0813738	0.66875
553.0978695	0.66875
553.1145112	0.66875
553.131336	0.66875
553.147852699999	0.66875
553.1643122	0.66875
553.181185299999	0.66875
553.1976909	0.66875
553.2142134	0.66875
553.2313665	0.66875
553.2478293	0.66875
553.2645971	0.66875
553.2813708	0.66875
553.2975664	0.66875
553.314910699999	0.66875
553.331339899999	0.66875
553.347931	0.66875
553.3645274	0.66875
553.3806492	0.66875
553.3978776	0.66875
553.4146019	0.66875
553.4309649	0.66875
553.4475588	0.66875
553.464092	0.66875
553.4811426	0.66875
553.4978043	0.66875
553.5149589	0.66875
553.5314683	0.66875
553.5477661	0.66875
553.5646055	0.66875
553.5810734	0.66875
553.59781	0.66875
553.6143533	0.66875
553.631111	0.66875
553.6477903	0.66875
553.664708899999	0.66875
553.6810107	0.66875
553.6978347	0.66875
553.7145052	0.66875
553.731009799999	0.66875
553.7478618	0.66875
553.7644937	0.66875
553.7812377	0.66875
553.7975672	0.66875
553.8146164	0.66875
553.831582599999	0.66875
553.8478758	0.66875
553.8641253	0.66875
553.8808763	0.66875
553.8978346	0.66875
553.9141761	0.66875
553.9311231	0.66875
553.948045099999	0.66875
553.9648321	0.66875
553.981264699999	0.66875
553.9975723	0.66875
554.014733699999	0.66875
554.0312638	0.66875
554.0479927	0.66875
554.0644419	0.66875
554.0814547	0.66875
554.0977673	0.66875
554.1139895	0.66875
554.1311845	0.66875
554.1478315	0.66875
554.1645925	0.66875
554.181069899999	0.66875
554.1978978	0.66875
554.214179399999	0.66875
554.231253599999	0.66875
554.247851199999	0.66875
554.264599	0.66875
554.2811378	0.66875
554.297808	0.66875
554.3144179	0.66875
554.331142699999	0.66875
554.3477183	0.66875
554.3642966	0.66875
554.3809854	0.66875
554.3975717	0.66875
554.4146878	0.66875
554.4305992	0.66875
554.4479222	0.66875
554.464499499999	0.66875
554.480968599999	0.66875
554.4975487	0.66875
554.5146267	0.66875
554.5311044	0.66875
554.5475434	0.66875
554.564692599999	0.66875
554.5812555	0.66875
554.5977681	0.66875
554.6144693	0.66875
554.6307117	0.66875
554.6476589	0.66875
554.664487099999	0.66875
554.6812754	0.66875
554.6978966	0.66875
554.714528	0.66875
554.7312196	0.66875
554.7472346	0.66875
554.7645384	0.66875
554.781218	0.66875
554.7978059	0.66875
554.8145794	0.66875
554.8312591	0.66875
554.8472425	0.66875
554.864367799999	0.66875
554.8812856	0.66875
554.897939399999	0.66875
554.914537499999	0.66875
554.9316171	0.66875
554.9472905	0.66875
554.964371	0.66875
554.9810616	0.66875
554.997312399999	0.66875
555.0144815	0.66875
555.0312915	0.66875
555.047116	0.66875
555.0645798	0.66875
555.0811309	0.66875
555.0978126	0.66875
555.1143079	0.66875
555.131042	0.66875
555.1473406	0.66875
555.164616699999	0.66875
555.1815715	0.66875
555.1978521	0.66875
555.2143144	0.66875
555.2308233	0.66875
555.2478925	0.66875
555.2644682	0.66875
555.2811101	0.66875
555.297603	0.66875
555.3144311	0.66875
555.331305	0.66875
555.3480466	0.66875
555.3645242	0.66875
555.381152699999	0.66875
555.397836799999	0.66875
555.4144847	0.66875
555.430862199999	0.66875
555.4472199	0.66875
555.4643016	0.66875
555.4808719	0.66875
555.497234999999	0.66875
555.514397699999	0.66875
555.5311572	0.66875
555.547641	0.66875
555.5644836	0.66875
555.5813057	0.66875
555.5974474	0.66875
555.614548999999	0.66875
555.6313642	0.66875
555.6473456	0.66875
555.664743899999	0.66875
555.6811455	0.66875
555.6974882	0.66875
555.7140413	0.66875
555.7310517	0.66875
555.7473055	0.66875
555.7644159	0.66875
555.781429499999	0.66875
555.797182	0.66875
555.8142511	0.66875
555.831059	0.66875
555.84805	0.678125
555.864497999999	0.678125
555.8811999	0.678125
555.897301699999	0.678125
555.9144241	0.678125
555.9311474	0.678125
555.9477235	0.678125
555.964855799999	0.678125
555.981281299999	0.678125
555.997491199999	0.678125
556.0143527	0.678125
556.030998	0.678125
556.0474289	0.678125
556.0643084	0.678125
556.0812264	0.678125
556.097686	0.678125
556.1143988	0.678125
556.130934599999	0.678125
556.1472834	0.678125
556.1643837	0.678125
556.1814154	0.678125
556.197280899999	0.678125
556.2144754	0.678125
556.230802	0.678125
556.247173499999	0.678125
556.2649623	0.678125
556.281226099999	0.678125
556.297594	0.678125
556.3144768	0.678125
556.331269899999	0.678125
556.347542999999	0.678125
556.3644711	0.678125
556.3812741	0.678125
556.3972699	0.678125
556.4143918	0.678125
556.4313173	0.678125
556.4472187	0.678125
556.464316	0.678125
556.4807495	0.678125
556.4972471	0.678125
556.5144835	0.678125
556.5311275	0.678125
556.547189599999	0.678125
556.5645097	0.678125
556.581320199999	0.678125
556.5972928	0.678125
556.6143528	0.678125
556.630787099999	0.678125
556.6473992	0.678125
556.6646857	0.678125
556.6812798	0.678125
556.6976235	0.678125
556.7140497	0.678125
556.731325499999	0.678125
556.7472579	0.678125
556.7641547	0.678125
556.781216899999	0.678125
556.7972255	0.678125
556.8144562	0.678125
556.8310359	0.678125
556.8472123	0.678125
556.8645099	0.678125
556.881384	0.678125
556.8972245	0.678125
556.9144333	0.678125
556.931145999999	0.678125
556.9477376	0.678125
556.964093399999	0.678125
556.9810254	0.678125
556.9971949	0.678125
557.014447999999	0.678125
557.0311613	0.678125
557.0477292	0.678125
557.0644724	0.678125
557.080841	0.678125
557.097519699999	0.678125
557.114194599999	0.678125
557.1311812	0.678125
557.1468749	0.678125
557.1640789	0.678125
557.1812436	0.678125
557.1977136	0.678125
557.2143826	0.678125
557.2313578	0.678125
557.247027	0.678125
557.2643856	0.678125
557.281345899999	0.678125
557.2972426	0.678125
557.3143826	0.678125
557.3312268	0.678125
557.3476197	0.678125
557.3644359	0.678125
557.3814681	0.678125
557.3972042	0.678125
557.414253699999	0.678125
557.4310854	0.678125
557.4475748	0.678125
557.464375999999	0.678125
557.4814775	0.678125
557.4970555	0.678125
557.51428	0.678125
557.5311906	0.678125
557.5476371	0.678125
557.5646304	0.678125
557.5812795	0.678125
557.597568799999	0.678125
557.6141862	0.678125
557.6311406	0.678125
557.647920899999	0.678125
557.6647908	0.678125
557.6808197	0.678125
557.6977181	0.678125
557.7144782	0.678125
557.7308834	0.678125
557.7476535	0.678125
557.7643972	0.678125
557.781048599999	0.678125
557.7975901	0.678125
557.8142316	0.678125
557.8313169	0.678125
557.847626599999	0.678125
557.864439699999	0.678125
557.881077099999	0.678125
557.8971447	0.678125
557.9139911	0.678125
557.931088	0.678125
557.9476634	0.678125
557.9641849	0.678125
557.980824799999	0.678125
557.997871399999	0.678125
558.0144497	0.678125
558.0310815	0.678125
558.0476982	0.678125
558.0644724	0.678125
558.0812334	0.678125
558.0977781	0.678125
558.1143454	0.678125
558.131126799999	0.678125
558.1482267	0.678125
558.1640594	0.678125
558.180791499999	0.678125
558.197695599999	0.678125
558.2145805	0.678125
558.231125	0.678125
558.2477821	0.678125
558.2641325	0.678125
558.2809204	0.678125
558.2977251	0.678125
558.314339999999	0.678125
558.331166099999	0.678125
558.3477882	0.678125
558.3643921	0.678125
558.3813625	0.678125
558.3978918	0.678125
558.414446599999	0.678125
558.4311076	0.678125
558.4474369	0.678125
558.4641989	0.678125
558.4811041	0.678125
558.497127399999	0.678125
558.5142289	0.678125
558.5310746	0.678125
558.547747399999	0.678125
558.56439	0.678125
558.5809574	0.678125
558.5973305	0.678125
558.6141434	0.678125
558.630808599999	0.678125
558.6471492	0.678125
558.664612999999	0.678125
558.681165699999	0.678125
558.697283399999	0.678125
558.713869	0.678125
558.731114	0.678125
558.7479098	0.678125
558.7641958	0.678125
558.7810531	0.678125
558.7975916	0.678125
558.8141923	0.678125
558.8311069	0.678125
558.847609	0.678125
558.8643207	0.678125
558.8807831	0.678125
558.8976326	0.678125
558.914388199999	0.678125
558.9308938	0.678125
558.947101499999	0.678125
558.9641443	0.678125
558.980904	0.678125
558.9972529	0.678125
559.014192	0.678125
559.031067599999	0.678125
559.0476806	0.678125
559.0641752	0.678125
559.0807942	0.678125
559.0976097	0.678125
559.113973399999	0.678125
559.1310602	0.678125
559.1477242	0.678125
559.1642004	0.678125
559.180991199999	0.678125
559.1973988	0.678125
559.2140487	0.678125
559.231064399999	0.678125
559.2475184	0.678125
559.2642303	0.678125
559.2809537	0.678125
559.2975077	0.678125
559.314091199999	0.678125
559.3308814	0.678125
559.3471236	0.678125
559.3640026	0.678125
559.3806665	0.678125
559.3970409	0.678125
559.41424	0.678125
559.4307034	0.678125
559.4475612	0.678125
559.4646769	0.678125
559.4812521	0.678125
559.4976537	0.678125
559.5142773	0.678125
559.5311516	0.678125
559.5477283	0.678125
559.564405199999	0.678125
559.580664799999	0.678125
559.5974339	0.678125
559.6142854	0.678125
559.6308729	0.678125
559.6472566	0.678125
559.6644233	0.678125
559.680997999999	0.678125
559.6969662	0.678125
559.714210099999	0.678125
559.7307244	0.678125
559.7470283	0.678125
559.7642731	0.678125
559.780639999999	0.678125
559.7972958	0.678125
559.8141331	0.678125
559.831045599999	0.678125
559.8476318	0.678125
559.8643723	0.678125
559.8811022	0.678125
559.8979825	0.678125
559.914197699999	0.678125
559.9308372	0.678125
559.9473275	0.678125
559.9643881	0.678125
559.9812886	0.678125
559.9978797	0.678125
560.0145038	0.678125
560.0310319	0.678125
560.0472362	0.678125
560.0642207	0.678125
560.081203	0.678125
560.097716799999	0.678125
560.1140337	0.678125
560.1309216	0.678125
560.1476778	0.678125
560.164461299999	0.678125
560.180929	0.678125
560.1976011	0.678125
560.2142352	0.678125
560.2310004	0.678125
560.2473632	0.678125
560.263981	0.678125
560.2806459	0.678125
560.2969223	0.678125
560.314110899999	0.678125
560.331110799999	0.678125
560.3478097	0.678125
560.364360399999	0.678125
560.381035299999	0.678125
560.3980657	0.678125
560.414412	0.678125
560.430925499999	0.678125
560.4477615	0.678125
560.4641971	0.678125
560.4811347	0.678125
560.49771	0.678125
560.5142194	0.678125
560.5304497	0.678125
560.547138599999	0.678125
560.5641523	0.678125
560.5809342	0.678125
560.5974329	0.678125
560.6140872	0.678125
560.6306654	0.678125
560.647288799999	0.678125
560.664506799999	0.678125
560.680642299999	0.678125
560.7021138	0.678125
560.7141367	0.678125
560.7307999	0.678125
560.747827	0.678125
560.7641283	0.678125
560.780768399999	0.678125
560.7973319	0.678125
560.8142789	0.678125
560.8307126	0.678125
560.847265899999	0.678125
560.8642256	0.678125
560.8807218	0.678125
560.897700999999	0.678125
560.9145174	0.678125
560.9311521	0.678125
560.9479268	0.678125
560.9641336	0.678125
560.9811172	0.678125
560.9976102	0.678125
561.0142542	0.678125
561.030632	0.678125
561.0475112	0.678125
561.0643356	0.678125
561.0812237	0.678125
561.0977468	0.678125
561.1139744	0.678125
561.1309842	0.678125
561.147347799999	0.678125
561.16429	0.678125
561.1807482	0.678125
561.1977622	0.678125
561.2140782	0.678125
561.2310575	0.678125
561.2482946	0.678125
561.2640781	0.678125
561.2811202	0.678125
561.296989	0.678125
561.3141955	0.678125
561.3311967	0.678125
561.3479983	0.678125
561.3638707	0.678125
561.3807858	0.678125
561.3975663	0.678125
561.4143094	0.678125
561.431011499999	0.678125
561.4471977	0.678125
561.4640841	0.678125
561.4806372	0.678125
561.4972323	0.678125
561.514345	0.678125
561.530970599999	0.678125
561.547517	0.678125
561.564190699999	0.678125
561.5806638	0.678125
561.5973745	0.678125
561.613664399999	0.678125
561.6307465	0.678125
561.6473138	0.678125
561.6638315	0.678125
561.6809714	0.678125
561.6976227	0.678125
561.7139645	0.678125
561.7308348	0.678125
561.7474234	0.678125
561.763976	0.678125
561.780335299999	0.678125
561.7973945	0.678125
561.8142137	0.678125
561.831033299999	0.678125
561.847968	0.678125
561.8640431	0.678125
561.880537099999	0.678125
561.8972203	0.678125
561.914236499999	0.678125
561.9307317	0.678125
561.9472198	0.678125
561.964191699999	0.678125
561.9809918	0.678125
561.9973844	0.678125
562.0141283	0.678125
562.0304546	0.678125
562.0476754	0.678125
562.0641902	0.678125
562.0810037	0.678125
562.097372199999	0.678125
562.1140798	0.678125
562.1310294	0.678125
562.147246	0.678125
562.164165199999	0.678125
562.1806936	0.678125
562.197599799999	0.678125
562.213808399999	0.678125
562.2303232	0.678125
562.2479934	0.678125
562.2641706	0.678125
562.2810556	0.678125
562.30223	0.678125
562.3136929	0.678125
562.3306214	0.678125
562.3478506	0.678125
562.364168099999	0.678125
562.3810502	0.678125
562.397729899999	0.678125
562.4141765	0.678125
562.4306633	0.678125
562.4476318	0.678125
562.4642858	0.678125
562.4806255	0.678125
562.4973815	0.678125
562.5141635	0.678125
562.530939199999	0.678125
562.547741	0.678125
562.5641377	0.678125
562.5808508	0.678125
562.597646799999	0.678125
562.6139823	0.678125
562.6305241	0.678125
562.646761	0.678125
562.6642583	0.678125
562.680745	0.678125
562.6975135	0.678125
562.7137743	0.678125
562.7302728	0.678125
562.747677299999	0.678125
562.7642636	0.678125
562.780916499999	0.678125
562.7973609	0.678125
562.8142492	0.678125
562.8307106	0.678125
562.8471709	0.678125
562.8641818	0.678125
562.8807253	0.678125
562.897321999999	0.678125
562.9142079	0.678125
562.9306593	0.678125
562.947916099999	0.678125
562.9638143	0.678125
562.9807369	0.678125
562.9976018	0.678125
563.0141113	0.678125
563.0309038	0.678125
563.0475627	0.678125
563.064598099999	0.678125
563.0809692	0.678125
563.0975691	0.678125
563.114188	0.678125
563.1305811	0.678125
563.1472437	0.678125
563.1643342	0.678125
563.1804234	0.678125
563.1971373	0.678125
563.2140014	0.678125
563.2307586	0.678125
563.247214699999	0.678125
563.2639913	0.678125
563.2808794	0.678125
563.2977242	0.678125
563.3143094	0.678125
563.330817099999	0.678125
563.3476035	0.678125
563.3638758	0.678125
563.3808782	0.678125
563.397198	0.678125
563.4141573	0.678125
563.4302106	0.678125
563.4476082	0.678125
563.4642128	0.678125
563.4806226	0.678125
563.4978664	0.678125
563.5143629	0.678125
563.5309378	0.678125
563.5476306	0.678125
563.5641294	0.678125
563.5807708	0.678125
563.5976234	0.678125
563.614187799999	0.678125
563.6310129	0.678125
563.647398099999	0.678125
563.664600099999	0.678125
563.680978	0.678125
563.697706699999	0.678125
563.714133999999	0.678125
563.7309838	0.678125
563.7476782	0.678125
563.764191899999	0.678125
563.7806864	0.678125
563.7974963	0.678125
563.8139958	0.678125
563.8305532	0.678125
563.8475309	0.678125
563.8640469	0.678125
563.8809883	0.678125
563.897384599999	0.678125
563.9140672	0.678125
563.930873899999	0.678125
563.946984199999	0.678125
563.964223099999	0.678125
563.9808733	0.678125
563.9971413	0.678125
564.0142043	0.678125
564.0307293	0.678125
564.0472479	0.678125
564.0643206	0.678125
564.0805041	0.678125
564.097048499999	0.678125
564.1138006	0.678125
564.1309955	0.678125
564.1471713	0.678125
564.1638409	0.678125
564.1808248	0.678125
564.1977175	0.678125
564.2142969	0.678125
564.2308467	0.678125
564.247341	0.678125
564.263893	0.678125
564.2811637	0.678125
564.2981585	0.678125
564.314258899999	0.678125
564.3308379	0.678125
564.3475011	0.678125
564.3642377	0.678125
564.3808511	0.678125
564.397299	0.678125
564.4137752	0.678125
564.4308551	0.678125
564.447513699999	0.678125
564.4645183	0.678125
564.4807347	0.678125
564.4975766	0.678125
564.514395199999	0.678125
564.5305603	0.678125
564.5476116	0.678125
564.564232499999	0.686458333333333
564.5807613	0.686458333333333
564.5971613	0.686458333333333
564.6137372	0.686458333333333
564.6308458	0.686458333333333
564.6473426	0.686458333333333
564.664361199999	0.686458333333333
564.6807536	0.686458333333333
564.6973435	0.686458333333333
564.7139694	0.686458333333333
564.7307778	0.686458333333333
564.7469248	0.686458333333333
564.7642759	0.686458333333333
564.7801754	0.686458333333333
564.7971553	0.686458333333333
564.8140878	0.686458333333333
564.830469	0.686458333333333
564.8472467	0.686458333333333
564.864183	0.686458333333333
564.880856499999	0.686458333333333
564.897625	0.686458333333333
564.9142459	0.686458333333333
564.930797099999	0.686458333333333
564.9476757	0.686458333333333
564.964191	0.686458333333333
564.9806696	0.686458333333333
564.997984499999	0.686458333333333
565.0141125	0.686458333333333
565.0308077	0.686458333333333
565.0471355	0.686458333333333
565.064199	0.686458333333333
565.0803745	0.686458333333333
565.0973573	0.686458333333333
565.114106	0.686458333333333
565.1306291	0.686458333333333
565.1474542	0.686458333333333
565.1641463	0.686458333333333
565.1804184	0.686458333333333
565.1975306	0.686458333333333
565.2142983	0.686458333333333
565.2308216	0.686458333333333
565.2473725	0.686458333333333
565.263940599999	0.686458333333333
565.2804504	0.686458333333333
565.2971371	0.686458333333333
565.313924	0.686458333333333
565.331068399999	0.686458333333333
565.3474886	0.686458333333333
565.3641173	0.686458333333333
565.380778	0.686458333333333
565.397433799999	0.686458333333333
565.413889	0.686458333333333
565.430419299999	0.686458333333333
565.447616399999	0.686458333333333
565.4642219	0.686458333333333
565.4807242	0.686458333333333
565.4977011	0.686458333333333
565.513847	0.686458333333333
565.530577999999	0.686458333333333
565.5476373	0.686458333333333
565.5637314	0.686458333333333
565.5803427	0.686458333333333
565.5968301	0.686458333333333
565.6143263	0.686458333333333
565.631774999999	0.686458333333333
565.6474398	0.686458333333333
565.6643012	0.686458333333333
565.6808508	0.686458333333333
565.6972849	0.686458333333333
565.714153599999	0.686458333333333
565.7307239	0.686458333333333
565.7474847	0.686458333333333
565.7639051	0.686458333333333
565.780544	0.686458333333333
565.7974687	0.686458333333333
565.8139774	0.686458333333333
565.8307427	0.686458333333333
565.8471674	0.686458333333333
565.8639005	0.686458333333333
565.8805272	0.686458333333333
565.8972849	0.686458333333333
565.9138278	0.686458333333333
565.9304708	0.686458333333333
565.9474844	0.686458333333333
565.9635877	0.686458333333333
565.980882599999	0.686458333333333
565.9973324	0.686458333333333
566.0139287	0.686458333333333
566.030568199999	0.686458333333333
566.0469774	0.686458333333333
566.0635298	0.686458333333333
566.080755699999	0.686458333333333
566.0978341	0.686458333333333
566.1137232	0.686458333333333
566.1308096	0.686458333333333
566.1468966	0.686458333333333
566.163957	0.686458333333333
566.183971	0.686458333333333
566.1974989	0.686458333333333
566.2139443	0.686458333333333
566.2303792	0.686458333333333
566.2475275	0.686458333333333
566.264377999999	0.686458333333333
566.2801986	0.686458333333333
566.2972063	0.686458333333333
566.313955	0.686458333333333
566.330245799999	0.686458333333333
566.347423	0.686458333333333
566.3638882	0.686458333333333
566.380882999999	0.686458333333333
566.397441699999	0.686458333333333
566.4139844	0.686458333333333
566.430843199999	0.686458333333333
566.447508	0.686458333333333
566.464014	0.686458333333333
566.480947	0.686458333333333
566.497436499999	0.686458333333333
566.5137383	0.686458333333333
566.5307616	0.686458333333333
566.5471483	0.686458333333333
566.5639668	0.686458333333333
566.5804484	0.686458333333333
566.5971823	0.686458333333333
566.6140111	0.686458333333333
566.630525999999	0.686458333333333
566.647189899999	0.686458333333333
566.6642681	0.686458333333333
566.680729499999	0.686458333333333
566.6970325	0.686458333333333
566.713714999999	0.686458333333333
566.7301953	0.686458333333333
566.7474803	0.686458333333333
566.7639678	0.686458333333333
566.7807166	0.686458333333333
566.797423699999	0.686458333333333
566.8139092	0.686458333333333
566.8305576	0.686458333333333
566.847613599999	0.686458333333333
566.8639956	0.686458333333333
566.8807569	0.686458333333333
566.8976687	0.686458333333333
566.9138043	0.686458333333333
566.9307972	0.686458333333333
566.9476742	0.686458333333333
566.963652899999	0.686458333333333
566.9812722	0.686458333333333
566.9974533	0.686458333333333
567.0141263	0.686458333333333
567.030797299999	0.686458333333333
567.047550899999	0.686458333333333
567.0642686	0.686458333333333
567.0806	0.686458333333333
567.097291	0.686458333333333
567.1143078	0.686458333333333
567.1303446	0.686458333333333
567.1470915	0.686458333333333
567.1639779	0.686458333333333
567.180698199999	0.686458333333333
567.1972578	0.686458333333333
567.2149577	0.686458333333333
567.230311899999	0.686458333333333
567.2470739	0.686458333333333
567.2639999	0.686458333333333
567.2805115	0.686458333333333
567.297348	0.686458333333333
567.3142353	0.686458333333333
567.3305561	0.686458333333333
567.3470619	0.686458333333333
567.3641505	0.686458333333333
567.3801509	0.686458333333333
567.397145599999	0.686458333333333
567.4136425	0.686458333333333
567.4301924	0.686458333333333
567.447231	0.686458333333333
567.463904	0.686458333333333
567.4806434	0.686458333333333
567.4976648	0.686458333333333
567.514087	0.686458333333333
567.5304978	0.686458333333333
567.5470376	0.686458333333333
567.5639523	0.686458333333333
567.5801123	0.686458333333333
567.597356	0.686458333333333
567.6136729	0.686458333333333
567.6303739	0.686458333333333
567.6468423	0.686458333333333
567.6639861	0.686458333333333
567.680329599999	0.686458333333333
567.697469	0.686458333333333
567.7136212	0.686458333333333
567.7303564	0.686458333333333
567.747279799999	0.686458333333333
567.763979	0.686458333333333
567.780564499999	0.686458333333333
567.7974445	0.686458333333333
567.8141984	0.686458333333333
567.8303313	0.686458333333333
567.8473615	0.686458333333333
567.8639527	0.686458333333333
567.8804508	0.686458333333333
567.8973388	0.686458333333333
567.9136472	0.686458333333333
567.9304939	0.686458333333333
567.9468502	0.686458333333333
567.9638023	0.686458333333333
567.9804404	0.686458333333333
567.9973307	0.686458333333333
568.013821	0.686458333333333
568.0305001	0.686458333333333
568.047346299999	0.686458333333333
568.0638482	0.686458333333333
568.080720599999	0.686458333333333
568.097260999999	0.686458333333333
568.1139669	0.686458333333333
568.1303569	0.686458333333333
568.1471301	0.686458333333333
568.1638305	0.686458333333333
568.1802008	0.686458333333333
568.1970729	0.686458333333333
568.214329299999	0.686458333333333
568.2308325	0.686458333333333
568.2475333	0.686458333333333
568.2637444	0.686458333333333
568.2808371	0.686458333333333
568.2973562	0.686458333333333
568.313944	0.686458333333333
568.3302922	0.686458333333333
568.3469769	0.686458333333333
568.363546399999	0.686458333333333
568.3803315	0.686458333333333
568.3969096	0.686458333333333
568.4136383	0.686458333333333
568.430640999999	0.686458333333333
568.447302999999	0.686458333333333
568.4638887	0.686458333333333
568.4807504	0.686458333333333
568.497247899999	0.686458333333333
568.514298099999	0.686458333333333
568.5308677	0.686458333333333
568.5475043	0.686458333333333
568.5639668	0.686458333333333
568.5806625	0.686458333333333
568.5973133	0.686458333333333
568.613588	0.686458333333333
568.6307574	0.686458333333333
568.6472608	0.686458333333333
568.6637902	0.686458333333333
568.680568	0.686458333333333
568.6974073	0.686458333333333
568.713741	0.686458333333333
568.7305917	0.686458333333333
568.7471058	0.686458333333333
568.7640216	0.686458333333333
568.7808988	0.686458333333333
568.7972869	0.686458333333333
568.813873099999	0.686458333333333
568.830199	0.686458333333333
568.8473394	0.686458333333333
568.8638483	0.686458333333333
568.8800605	0.686458333333333
568.8973407	0.686458333333333
568.9135256	0.686458333333333
568.9300646	0.686458333333333
568.947526599999	0.686458333333333
568.963971199999	0.686458333333333
568.9806969	0.686458333333333
568.997335099999	0.686458333333333
569.0136466	0.686458333333333
569.0302577	0.686458333333333
569.0470831	0.686458333333333
569.0640297	0.686458333333333
569.080720099999	0.686458333333333
569.097302199999	0.686458333333333
569.1139905	0.686458333333333
569.1307923	0.686458333333333
569.147690599999	0.686458333333333
569.163851	0.686458333333333
569.1807059	0.686458333333333
569.1969794	0.686458333333333
569.2139124	0.686458333333333
569.2303849	0.686458333333333
569.246716	0.686458333333333
569.263875	0.686458333333333
569.2805121	0.686458333333333
569.297284899999	0.686458333333333
569.3137911	0.686458333333333
569.3307314	0.686458333333333
569.3473069	0.686458333333333
569.363782	0.686458333333333
569.3805861	0.686458333333333
569.3968003	0.686458333333333
569.413706	0.686458333333333
569.430559299999	0.686458333333333
569.447489199999	0.686458333333333
569.463974299999	0.686458333333333
569.48026	0.686458333333333
569.4968999	0.686458333333333
569.5139791	0.686458333333333
569.5308474	0.686458333333333
569.5471745	0.686458333333333
569.5640726	0.686458333333333
569.580656	0.686458333333333
569.5981393	0.686458333333333
569.614107299999	0.686458333333333
569.6303734	0.686458333333333
569.6472447	0.686458333333333
569.6637104	0.686458333333333
569.6802445	0.686458333333333
569.697499599999	0.686458333333333
569.7137911	0.686458333333333
569.730370799999	0.686458333333333
569.7477733	0.686458333333333
569.764132899999	0.686458333333333
569.7803902	0.686458333333333
569.7973115	0.686458333333333
569.813591	0.686458333333333
569.8304531	0.686458333333333
569.8472222	0.686458333333333
569.8635677	0.686458333333333
569.8805689	0.686458333333333
569.8969674	0.686458333333333
569.9139392	0.686458333333333
569.9303206	0.686458333333333
569.9467531	0.686458333333333
569.9639768	0.686458333333333
569.9806443	0.686458333333333
569.997221399999	0.686458333333333
570.0138579	0.686458333333333
570.030816399999	0.686458333333333
570.0471101	0.686458333333333
570.0640486	0.686458333333333
570.0806768	0.686458333333333
570.0972885	0.686458333333333
570.1136839	0.686458333333333
570.1307376	0.686458333333333
570.1470693	0.686458333333333
570.1637467	0.686458333333333
570.180341799999	0.686458333333333
570.1973961	0.686458333333333
570.2139112	0.686458333333333
570.2304457	0.686458333333333
570.2473102	0.686458333333333
570.263899	0.686458333333333
570.281702899999	0.686458333333333
570.2973736	0.686458333333333
570.3136633	0.686458333333333
570.3305251	0.686458333333333
570.3471311	0.686458333333333
570.3635873	0.686458333333333
570.3806283	0.686458333333333
570.3968292	0.686458333333333
570.4136935	0.686458333333333
570.4299873	0.686458333333333
570.4472438	0.686458333333333
570.4635478	0.686458333333333
570.4806127	0.686458333333333
570.4973573	0.686458333333333
570.513704	0.686458333333333
570.530682499999	0.686458333333333
570.5472976	0.686458333333333
570.5635373	0.686458333333333
570.580727	0.686458333333333
570.5969414	0.686458333333333
570.6135523	0.686458333333333
570.6306862	0.686458333333333
570.6471527	0.686458333333333
570.6637443	0.686458333333333
570.6814259	0.686458333333333
570.697262	0.686458333333333
570.713690999999	0.686458333333333
570.7307029	0.686458333333333
570.7474121	0.686458333333333
570.7641204	0.686458333333333
570.7807032	0.686458333333333
570.7972872	0.686458333333333
570.8137439	0.686458333333333
570.8308043	0.686458333333333
570.8474261	0.686458333333333
570.8641119	0.686458333333333
570.8802082	0.686458333333333
570.8970306	0.686458333333333
570.9136929	0.686458333333333
570.9303398	0.686458333333333
570.9473858	0.686458333333333
570.9637356	0.686458333333333
570.9803305	0.686458333333333
570.997382399999	0.686458333333333
571.0136358	0.686458333333333
571.0305918	0.686458333333333
571.0468165	0.686458333333333
571.063488499999	0.686458333333333
571.080305399999	0.686458333333333
571.0970102	0.686458333333333
571.1137259	0.686458333333333
571.1307344	0.686458333333333
571.1472548	0.686458333333333
571.1638362	0.686458333333333
571.1801595	0.686458333333333
571.1972235	0.686458333333333
571.214107499999	0.686458333333333
571.230773199999	0.686458333333333
571.2471412	0.686458333333333
571.2640844	0.686458333333333
571.2807024	0.686458333333333
571.297172	0.686458333333333
571.3139225	0.686458333333333
571.3301172	0.686458333333333
571.3471955	0.686458333333333
571.3636912	0.686458333333333
571.3806008	0.686458333333333
571.3972472	0.686458333333333
571.4142523	0.686458333333333
571.430480699999	0.686458333333333
571.4472135	0.686458333333333
571.4635278	0.686458333333333
571.4802731	0.686458333333333
571.4973913	0.686458333333333
571.5138812	0.686458333333333
571.5307127	0.686458333333333
571.547642	0.686458333333333
571.5637537	0.686458333333333
571.5802275	0.686458333333333
571.597299699999	0.686458333333333
571.6136154	0.686458333333333
571.6300652	0.686458333333333
571.6471857	0.686458333333333
571.6637263	0.686458333333333
571.6803819	0.686458333333333
571.6972517	0.686458333333333
571.713925699999	0.686458333333333
571.7305194	0.686458333333333
571.7467637	0.686458333333333
571.7637169	0.686458333333333
571.7799392	0.686458333333333
571.7968036	0.686458333333333
571.8138038	0.686458333333333
571.8306078	0.686458333333333
571.846819899999	0.686458333333333
571.8635296	0.686458333333333
571.8805785	0.686458333333333
571.8970637	0.686458333333333
571.9139411	0.686458333333333
571.930411	0.686458333333333
571.947436999999	0.686458333333333
571.9637898	0.686458333333333
571.980365299999	0.686458333333333
571.9970681	0.686458333333333
572.0135119	0.686458333333333
572.0303499	0.686458333333333
572.0471874	0.686458333333333
572.063886699999	0.686458333333333
572.0805872	0.686458333333333
572.0971018	0.686458333333333
572.1136891	0.686458333333333
572.130380399999	0.686458333333333
572.1470456	0.686458333333333
572.1636929	0.686458333333333
572.1803131	0.686458333333333
572.1969414	0.686458333333333
572.2137818	0.686458333333333
572.230202499999	0.686458333333333
572.2468579	0.686458333333333
572.2637095	0.686458333333333
572.279972	0.686458333333333
572.297422499999	0.686458333333333
572.313814199999	0.686458333333333
572.3307136	0.686458333333333
572.3468547	0.686458333333333
572.364059	0.686458333333333
572.3805486	0.686458333333333
572.3971054	0.686458333333333
572.4138325	0.686458333333333
572.4305222	0.686458333333333
572.4471764	0.686458333333333
572.4636391	0.686458333333333
572.480665099999	0.686458333333333
572.4971316	0.686458333333333
572.5138586	0.686458333333333
572.5305527	0.686458333333333
572.5471173	0.686458333333333
572.5636049	0.686458333333333
572.579894999999	0.686458333333333
572.596865399999	0.686458333333333
572.613513199999	0.686458333333333
572.630318399999	0.686458333333333
572.6463999	0.686458333333333
572.6639347	0.686458333333333
572.6802869	0.686458333333333
572.6969709	0.686458333333333
572.7136664	0.686458333333333
572.7307188	0.686458333333333
572.746911	0.686458333333333
572.763495799999	0.686458333333333
572.7801591	0.686458333333333
572.7971072	0.686458333333333
572.8134696	0.686458333333333
572.8305025	0.686458333333333
572.8471671	0.686458333333333
572.8638226	0.686458333333333
572.8802248	0.686458333333333
572.8971461	0.686458333333333
572.913564	0.686458333333333
572.9305608	0.686458333333333
572.9471637	0.686458333333333
572.963601	0.686458333333333
572.9804848	0.686458333333333
572.997188299999	0.686458333333333
573.0131605	0.686458333333333
573.0302219	0.686458333333333
573.047100599999	0.686458333333333
573.0634564	0.686458333333333
573.0805033	0.686458333333333
573.0969074	0.686458333333333
573.1134384	0.686458333333333
573.1305157	0.686458333333333
573.1470785	0.686458333333333
573.1637114	0.686458333333333
573.1808724	0.686458333333333
573.1971784	0.686458333333333
573.2136681	0.686458333333333
573.2305485	0.686458333333333
573.246912499999	0.686458333333333
573.2635817	0.686458333333333
573.2806264	0.686458333333333
573.2971837	0.686458333333333
573.3132519	0.686458333333333
573.3303936	0.686458333333333
573.346989	0.686458333333333
573.3636882	0.686458333333333
573.3805319	0.686458333333333
573.3973591	0.686458333333333
573.4135549	0.686458333333333
573.4306946	0.686458333333333
573.4472942	0.686458333333333
573.4633773	0.686458333333333
573.480558199999	0.686458333333333
573.496862099999	0.686458333333333
573.5135117	0.686458333333333
573.5306605	0.686458333333333
573.5468544	0.686458333333333
573.5633781	0.686458333333333
573.5803334	0.686458333333333
573.597176899999	0.686458333333333
573.6138488	0.686458333333333
573.6303635	0.686458333333333
573.6470103	0.686458333333333
573.6639443	0.686458333333333
573.6801972	0.686458333333333
573.6969604	0.686458333333333
573.7133809	0.686458333333333
573.7304795	0.686458333333333
573.7471616	0.686458333333333
573.7634108	0.686458333333333
573.7801748	0.686458333333333
573.797295899999	0.686458333333333
573.8133905	0.686458333333333
573.8304832	0.686458333333333
573.8470108	0.686458333333333
573.8634243	0.686458333333333
573.8806038	0.686458333333333
573.8970224	0.686458333333333
573.9137366	0.686458333333333
573.9307108	0.686458333333333
573.9473556	0.686458333333333
573.963291699999	0.686458333333333
573.980696399999	0.686458333333333
573.9969651	0.686458333333333
574.0137386	0.686458333333333
574.0303211	0.686458333333333
574.047112	0.686458333333333
574.063514	0.686458333333333
574.0804425	0.686458333333333
574.0969423	0.686458333333333
574.1137199	0.686458333333333
574.1299075	0.686458333333333
574.1468395	0.686458333333333
574.1634331	0.686458333333333
574.180328399999	0.686458333333333
574.1975552	0.686458333333333
574.2137362	0.686458333333333
574.2299317	0.686458333333333
574.246803099999	0.686458333333333
574.2634587	0.686458333333333
574.2798938	0.686458333333333
574.297012	0.686458333333333
574.313361399999	0.686458333333333
574.330350799999	0.686458333333333
574.3468938	0.686458333333333
574.363539099999	0.686458333333333
574.3804263	0.686458333333333
574.397146899999	0.686458333333333
574.413939099999	0.686458333333333
574.4301272	0.686458333333333
574.4471791	0.686458333333333
574.463741399999	0.686458333333333
574.4806502	0.686458333333333
574.4970136	0.686458333333333
574.5133531	0.686458333333333
574.5306828	0.686458333333333
574.5471598	0.686458333333333
574.5632888	0.686458333333333
574.5807863	0.686458333333333
574.5971636	0.686458333333333
574.6137411	0.686458333333333
574.630866999999	0.686458333333333
574.646982899999	0.686458333333333
574.663998099999	0.686458333333333
574.6802455	0.686458333333333
574.6970234	0.686458333333333
574.7135108	0.686458333333333
574.7305516	0.686458333333333
574.7471906	0.686458333333333
574.763781	0.686458333333333
574.780171	0.686458333333333
574.7967738	0.686458333333333
574.8133265	0.686458333333333
574.8304797	0.686458333333333
574.8468915	0.686458333333333
574.8638667	0.686458333333333
574.8801395	0.686458333333333
574.8971624	0.686458333333333
574.9134449	0.686458333333333
574.9303954	0.686458333333333
574.9469463	0.686458333333333
574.9632663	0.686458333333333
574.9800771	0.686458333333333
574.9970768	0.686458333333333
575.0134058	0.686458333333333
575.030419	0.686458333333333
575.0469211	0.686458333333333
575.0633486	0.686458333333333
575.0807768	0.686458333333333
575.0972355	0.686458333333333
575.1137427	0.686458333333333
575.1308205	0.686458333333333
575.1470174	0.686458333333333
575.1635904	0.686458333333333
575.1806531	0.686458333333333
575.1973457	0.686458333333333
575.2138542	0.686458333333333
575.230466699999	0.686458333333333
575.2470275	0.686458333333333
575.2633314	0.686458333333333
575.2802369	0.686458333333333
575.296777	0.686458333333333
575.3135573	0.686458333333333
575.3298455	0.686458333333333
575.3467285	0.686458333333333
575.3633096	0.686458333333333
575.3803115	0.686458333333333
575.3967907	0.686458333333333
575.413333399999	0.686458333333333
575.430271799999	0.686458333333333
575.446767299999	0.686458333333333
575.4639383	0.686458333333333
575.4804608	0.686458333333333
575.4967511	0.686458333333333
575.5135061	0.686458333333333
575.530171	0.686458333333333
575.5471477	0.686458333333333
575.5634291	0.686458333333333
575.5803947	0.686458333333333
575.5969353	0.686458333333333
575.6136893	0.686458333333333
575.630668599999	0.686458333333333
575.6469281	0.686458333333333
575.6632709	0.686458333333333
575.6807814	0.686458333333333
575.6970551	0.686458333333333
575.713557699999	0.686458333333333
575.730387	0.686458333333333
575.746889	0.686458333333333
575.76349	0.686458333333333
575.780214	0.686458333333333
575.7974382	0.686458333333333
575.813650099999	0.686458333333333
575.8303915	0.686458333333333
575.8467048	0.686458333333333
575.8634218	0.686458333333333
575.8804096	0.686458333333333
575.8972234	0.686458333333333
575.9136341	0.686458333333333
575.9306187	0.686458333333333
575.9470977	0.686458333333333
575.9631579	0.686458333333333
575.980206	0.686458333333333
575.996548799999	0.686458333333333
576.013571399999	0.686458333333333
576.029998099999	0.686458333333333
576.0473048	0.686458333333333
576.063645799999	0.686458333333333
576.0803906	0.686458333333333
576.0966637	0.686458333333333
576.1136434	0.686458333333333
576.130398199999	0.686458333333333
576.1467257	0.686458333333333
576.1635703	0.686458333333333
576.180001499999	0.686458333333333
576.1970644	0.686458333333333
576.2135793	0.686458333333333
576.230091	0.686458333333333
576.2467347	0.686458333333333
576.2638117	0.686458333333333
576.2800857	0.686458333333333
576.2969307	0.686458333333333
576.3135638	0.686458333333333
576.330408599999	0.686458333333333
576.346771399999	0.686458333333333
576.363503	0.686458333333333
576.380457	0.686458333333333
576.3970611	0.686458333333333
576.4132794	0.686458333333333
576.430325899999	0.686458333333333
576.4470601	0.686458333333333
576.4635352	0.686458333333333
576.4804148	0.686458333333333
576.4973755	0.686458333333333
576.5132766	0.686458333333333
576.5302271	0.686458333333333
576.547171199999	0.686458333333333
576.5636234	0.686458333333333
576.5802033	0.686458333333333
576.596543499999	0.686458333333333
576.6140599	0.686458333333333
576.630278499999	0.686458333333333
576.6468012	0.686458333333333
576.6636426	0.686458333333333
576.6802635	0.686458333333333
576.6969085	0.686458333333333
576.7131251	0.686458333333333
576.7302229	0.686458333333333
576.7470946	0.686458333333333
576.763779599999	0.686458333333333
576.7800066	0.686458333333333
576.797012099999	0.686458333333333
576.8132505	0.686458333333333
576.830374199999	0.686458333333333
576.8470563	0.686458333333333
576.8630713	0.686458333333333
576.88035	0.686458333333333
576.8971557	0.686458333333333
576.9135221	0.686458333333333
576.930218399999	0.686458333333333
576.9472122	0.686458333333333
576.963813	0.686458333333333
576.9801044	0.686458333333333
576.9969314	0.686458333333333
577.013533	0.686458333333333
577.0304363	0.686458333333333
577.0469129	0.686458333333333
577.0634698	0.686458333333333
577.0801073	0.686458333333333
577.0971644	0.686458333333333
577.113216499999	0.686458333333333
577.130333099999	0.686458333333333
577.1465112	0.686458333333333
577.1632831	0.686458333333333
577.1800563	0.686458333333333
577.1966993	0.686458333333333
577.2134747	0.686458333333333
577.230005299999	0.686458333333333
577.2469224	0.686458333333333
577.2634714	0.686458333333333
577.2803745	0.686458333333333
577.2966116	0.686458333333333
577.3133948	0.686458333333333
577.330448499999	0.686458333333333
577.3466299	0.686458333333333
577.363585799999	0.686458333333333
577.3796608	0.686458333333333
577.3969353	0.686458333333333
577.4132998	0.686458333333333
577.4299787	0.686458333333333
577.4468106	0.686458333333333
577.4636594	0.686458333333333
577.4801727	0.686458333333333
577.496595499999	0.686458333333333
577.5135594	0.686458333333333
577.5298311	0.686458333333333
577.546499699999	0.686458333333333
577.563608999999	0.686458333333333
577.5803292	0.686458333333333
577.5967122	0.686458333333333
577.613769	0.686458333333333
577.629802399999	0.686458333333333
577.646856	0.686458333333333
577.6634048	0.686458333333333
577.6803134	0.686458333333333
577.696840999999	0.686458333333333
577.7135023	0.686458333333333
577.7302323	0.686458333333333
577.7468057	0.686458333333333
577.763112499999	0.686458333333333
577.7800917	0.686458333333333
577.796874	0.686458333333333
577.813622	0.686458333333333
577.8300862	0.686458333333333
577.8468781	0.686458333333333
577.8631712	0.686458333333333
577.8802511	0.686458333333333
577.8966343	0.686458333333333
577.9133123	0.686458333333333
577.9303444	0.686458333333333
577.9472386	0.686458333333333
577.9638849	0.686458333333333
577.9799699	0.686458333333333
577.9969212	0.686458333333333
578.0136361	0.686458333333333
578.0302177	0.686458333333333
578.0468065	0.686458333333333
578.063659999999	0.686458333333333
578.0804152	0.686458333333333
578.096821099999	0.686458333333333
578.1134861	0.686458333333333
578.1302704	0.686458333333333
578.1467606	0.686458333333333
578.1636739	0.686458333333333
578.179955999999	0.686458333333333
578.1970571	0.686458333333333
578.2139554	0.686458333333333
578.2305378	0.686458333333333
578.2470208	0.686458333333333
578.2633143	0.686458333333333
578.2800876	0.686458333333333
578.296984	0.686458333333333
578.313531599999	0.686458333333333
578.3300905	0.686458333333333
578.3469153	0.686458333333333
578.363683	0.686458333333333
578.379944899999	0.686458333333333
578.3966967	0.686458333333333
578.4137269	0.686458333333333
578.4298125	0.686458333333333
578.447043799999	0.686458333333333
578.4634933	0.686458333333333
578.480359	0.686458333333333
578.4970858	0.686458333333333
578.5137749	0.686458333333333
578.5301958	0.686458333333333
578.5467618	0.686458333333333
578.5636027	0.686458333333333
578.579568	0.686458333333333
578.5963363	0.686458333333333
578.6135903	0.686458333333333
578.6298124	0.686458333333333
578.6464541	0.686458333333333
578.6632546	0.686458333333333
578.680102299999	0.686458333333333
578.6969212	0.686458333333333
578.7134106	0.686458333333333
578.7300011	0.686458333333333
578.7469626	0.686458333333333
578.763747699999	0.678125
578.779650999999	0.678125
578.796615199999	0.678125
578.8141315	0.678125
578.829732799999	0.678125
578.8471686	0.678125
578.8633436	0.678125
578.879877899999	0.678125
578.8967984	0.678125
578.9134957	0.678125
578.9303731	0.678125
578.9469385	0.678125
578.9637708	0.678125
578.980420599999	0.678125
578.996894599999	0.678125
579.0133694	0.678125
579.0302564	0.678125
579.0466095	0.678125
579.0631638	0.678125
579.0802952	0.678125
579.0968151	0.678125
579.1135443	0.678125
579.1301576	0.678125
579.1465855	0.678125
579.1634466	0.678125
579.1802531	0.678125
579.19685	0.678125
579.2134122	0.678125
579.2296033	0.678125
579.2465946	0.678125
579.263334799999	0.678125
579.280053399999	0.678125
579.2969739	0.678125
579.313501499999	0.678125
579.3303985	0.678125
579.346687899999	0.678125
579.3635404	0.678125
579.3798819	0.678125
579.396898699999	0.678125
579.4132791	0.678125
579.430314	0.678125
579.446828	0.678125
579.4635938	0.678125
579.480102	0.678125
579.4968548	0.678125
579.5132767	0.678125
579.5299623	0.678125
579.5466621	0.678125
579.5636251	0.678125
579.580320699999	0.678125
579.5964991	0.678125
579.6138029	0.678125
579.630307299999	0.678125
579.6469001	0.678125
579.663584599999	0.678125
579.6803408	0.678125
579.6969623	0.678125
579.7135335	0.678125
579.730426199999	0.678125
579.7465546	0.678125
579.763615599999	0.678125
579.7803801	0.678125
579.7968735	0.678125
579.8135837	0.678125
579.8299549	0.678125
579.8467866	0.678125
579.8633212	0.678125
579.8804446	0.678125
579.896803499999	0.678125
579.913501099999	0.678125
579.9302304	0.678125
579.9467383	0.678125
579.9635624	0.678125
579.9798399	0.678125
579.9969602	0.678125
580.0134988	0.678125
580.0300906	0.678125
580.0467966	0.678125
580.0636011	0.678125
580.0798494	0.678125
580.0969141	0.678125
580.113916299999	0.678125
580.130372499999	0.678125
580.1469507	0.678125
580.1636739	0.678125
580.1801906	0.678125
580.1968623	0.678125
580.2136498	0.678125
580.2307549	0.678125
580.246147599999	0.678125
580.263496	0.678125
580.2798029	0.678125
580.2968101	0.678125
580.313447999999	0.678125
580.3302846	0.678125
580.346695799999	0.678125
580.3632106	0.678125
580.3798258	0.678125
580.3963297	0.678125
580.4133018	0.678125
580.4302107	0.678125
580.4468382	0.678125
580.4634468	0.678125
580.4797059	0.678125
580.4968276	0.678125
580.5130556	0.678125
580.530224	0.678125
580.546683	0.678125
580.5630824	0.678125
580.579711899999	0.678125
580.5967841	0.678125
580.6138123	0.678125
580.6305705	0.678125
580.6470954	0.678125
580.663670599999	0.678125
580.680120699999	0.678125
580.6965237	0.678125
580.7135271	0.678125
580.730112199999	0.678125
580.7466662	0.678125
580.763536299999	0.678125
580.7802159	0.678125
580.7965197	0.678125
580.8135234	0.678125
580.8300932	0.678125
580.846580999999	0.678125
580.863307	0.678125
580.879842899999	0.678125
580.8969075	0.678125
580.913641199999	0.678125
580.9303631	0.678125
580.9462247	0.678125
580.9634411	0.678125
580.9796571	0.678125
580.9968108	0.678125
581.0133999	0.678125
581.029954	0.678125
581.046868899999	0.678125
581.0634454	0.678125
581.079597599999	0.678125
581.0964179	0.678125
581.1133573	0.678125
581.129981699999	0.678125
581.1467658	0.678125
581.1637927	0.678125
581.179850399999	0.678125
581.1966822	0.678125
581.2131843	0.678125
581.2305402	0.678125
581.246109499999	0.678125
581.263488399999	0.678125
581.2803245	0.678125
581.2967013	0.678125
581.3135424	0.678125
581.3304342	0.678125
581.3464659	0.678125
581.3633622	0.678125
581.3802172	0.678125
581.3967239	0.678125
581.413533699999	0.678125
581.430347999999	0.678125
581.4463878	0.678125
581.4635226	0.678125
581.4798159	0.678125
581.4962451	0.678125
581.5132541	0.678125
581.5302071	0.678125
581.5466347	0.678125
581.5636518	0.678125
581.579947	0.678125
581.5964877	0.678125
581.6138201	0.678125
581.630084999999	0.678125
581.6463143	0.678125
581.6632727	0.678125
581.680226399999	0.678125
581.6968995	0.678125
581.7130421	0.678125
581.7301624	0.678125
581.7462728	0.678125
581.763563	0.678125
581.7796558	0.678125
581.7962627	0.678125
581.813586199999	0.678125
581.830210199999	0.678125
581.8466249	0.678125
581.8635496	0.678125
581.8803717	0.678125
581.8962381	0.678125
581.9135516	0.678125
581.9301493	0.678125
581.946742799999	0.678125
581.9632498	0.678125
581.9795485	0.678125
581.9966855	0.678125
582.013304799999	0.678125
582.030969999999	0.678125
582.0466598	0.678125
582.0633794	0.678125
582.079761099999	0.678125
582.0967303	0.678125
582.1130315	0.678125
582.130325799999	0.678125
582.1466195	0.678125
582.1635025	0.678125
582.1796969	0.678125
582.1967382	0.678125
582.2137646	0.678125
582.2297557	0.678125
582.2467167	0.678125
582.263278299999	0.678125
582.2798004	0.678125
582.2964853	0.678125
582.3133216	0.678125
582.3301987	0.678125
582.346572	0.678125
582.3634552	0.678125
582.3796649	0.678125
582.3961696	0.678125
582.413443	0.678125
582.430156999999	0.678125
582.4466674	0.678125
582.463342099999	0.678125
582.4804807	0.678125
582.4968852	0.678125
582.5131586	0.678125
582.530404199999	0.678125
582.5462308	0.678125
582.5633087	0.678125
582.5798908	0.678125
582.5965227	0.678125
582.61349	0.678125
582.6305471	0.678125
582.6466387	0.678125
582.6633761	0.678125
582.680080799999	0.678125
582.696331099999	0.678125
582.7135376	0.678125
582.7297273	0.678125
582.7465504	0.678125
582.763095299999	0.678125
582.7801704	0.678125
582.7960858	0.678125
582.813248	0.678125
582.830132699999	0.678125
582.8465444	0.678125
582.863404	0.678125
582.879946699999	0.678125
582.8963318	0.678125
582.9132761	0.678125
582.9302285	0.678125
582.9466927	0.678125
582.9631969	0.678125
582.9796943	0.678125
582.9963492	0.678125
583.0135353	0.678125
583.029816	0.678125
583.046118899999	0.678125
583.0638328	0.678125
583.0800162	0.678125
583.096378199999	0.678125
583.113083	0.678125
583.1299921	0.678125
583.1461579	0.678125
583.1633011	0.678125
583.1802062	0.678125
583.1961815	0.678125
583.2134308	0.678125
583.2299575	0.678125
583.2462187	0.678125
583.262904799999	0.678125
583.2796607	0.678125
583.2970979	0.678125
583.3134082	0.678125
583.3297456	0.678125
583.3464923	0.678125
583.3632317	0.678125
583.3800747	0.678125
583.396249899999	0.678125
583.4132386	0.678125
583.4302723	0.678125
583.4465713	0.678125
583.4634412	0.678125
583.4801384	0.678125
583.4961412	0.678125
583.5133383	0.678125
583.5299253	0.678125
583.5462592	0.678125
583.5634519	0.678125
583.58006	0.678125
583.5958614	0.678125
583.6134378	0.678125
583.6297496	0.678125
583.646713199999	0.678125
583.663640599999	0.678125
583.6797341	0.678125
583.6964272	0.678125
583.713415799999	0.678125
583.7297796	0.678125
583.746179	0.678125
583.7630978	0.678125
583.779958199999	0.678125
583.7961903	0.678125
583.813310999999	0.678125
583.8296877	0.678125
583.8462153	0.678125
583.8635537	0.678125
583.8801253	0.678125
583.896026299999	0.678125
583.9135591	0.678125
583.9299308	0.678125
583.946493399999	0.678125
583.9627834	0.678125
583.9798035	0.678125
583.9971812	0.678125
584.0132326	0.678125
584.0299093	0.678125
584.0461009	0.678125
584.0632531	0.678125
584.080043099999	0.678125
584.0961815	0.678125
584.1131679	0.678125
584.1302319	0.678125
584.1467305	0.678125
584.1633037	0.678125
584.1800548	0.678125
584.1962005	0.678125
584.2130741	0.678125
584.2297122	0.678125
584.2460859	0.678125
584.263720599999	0.678125
584.2801278	0.678125
584.2962596	0.678125
584.313516799999	0.678125
584.3301067	0.678125
584.3466852	0.678125
584.3633623	0.678125
584.3801778	0.678125
584.3963761	0.678125
584.413491199999	0.678125
584.4294675	0.678125
584.4463489	0.678125
584.4630946	0.678125
584.479822	0.678125
584.4962101	0.678125
584.513451599999	0.678125
584.5300056	0.678125
584.546151399999	0.678125
584.563331299999	0.678125
584.5797171	0.678125
584.5961992	0.678125
584.613388599999	0.678125
584.629591599999	0.678125
584.6468529	0.678125
584.6633855	0.678125
584.6800994	0.678125
584.6965733	0.678125
584.7132778	0.678125
584.7296844	0.678125
584.7462193	0.678125
584.763496	0.678125
584.780221699999	0.678125
584.7967433	0.678125
584.8131951	0.678125
584.8299522	0.678125
584.8466242	0.678125
584.863304	0.678125
584.8796915	0.678125
584.896130099999	0.678125
584.913091299999	0.678125
584.9296273	0.678125
584.9465992	0.678125
584.963479699999	0.678125
584.979523099999	0.678125
584.996654399999	0.678125
585.0133372	0.678125
585.0299418	0.678125
585.046704299999	0.678125
585.0632867	0.678125
585.07978	0.678125
585.0965768	0.678125
585.1132019	0.678125
585.1300378	0.678125
585.146155299999	0.678125
585.163306399999	0.678125
585.1796746	0.678125
585.1965212	0.678125
585.2134567	0.678125
585.229564799999	0.678125
585.2470784	0.678125
585.2633653	0.678125
585.279826699999	0.678125
585.2967423	0.678125
585.3131785	0.678125
585.3300494	0.678125
585.3466943	0.678125
585.3633459	0.678125
585.380070799999	0.678125
585.396703	0.678125
585.4133101	0.678125
585.4296982	0.678125
585.446555399999	0.678125
585.4629218	0.678125
585.4800414	0.678125
585.497868	0.678125
585.5133983	0.678125
585.5297325	0.678125
585.546601	0.678125
585.563446199999	0.678125
585.5797854	0.678125
585.596562	0.678125
585.613161799999	0.678125
585.629616199999	0.678125
585.6465864	0.678125
585.6632636	0.678125
585.6795884	0.678125
585.6961005	0.678125
585.7137307	0.678125
585.729878199999	0.678125
585.746683299999	0.678125
585.7631504	0.678125
585.7799584	0.678125
585.79689	0.678125
585.8130815	0.678125
585.8299771	0.678125
585.846591999999	0.678125
585.8635852	0.678125
585.8796172	0.678125
585.8961558	0.678125
585.913311	0.678125
585.929624299999	0.678125
585.946617999999	0.678125
585.9633042	0.678125
585.9797537	0.678125
585.9966473	0.678125
586.013098899999	0.678125
586.0295322	0.678125
586.046720899999	0.678125
586.0633341	0.678125
586.0799298	0.678125
586.096562499999	0.678125
586.112887299999	0.678125
586.1299743	0.678125
586.1464254	0.678125
586.1635842	0.678125
586.179795	0.678125
586.1965711	0.678125
586.2134758	0.678125
586.2302987	0.678125
586.2467978	0.678125
586.262874	0.678125
586.2796318	0.678125
586.296314799999	0.678125
586.3134502	0.678125
586.3300281	0.678125
586.346207	0.678125
586.363343	0.678125
586.3796369	0.678125
586.3967917	0.678125
586.4131315	0.678125
586.429889699999	0.678125
586.4466536	0.678125
586.4630295	0.678125
586.4795787	0.678125
586.4959783	0.678125
586.5134506	0.678125
586.5296431	0.678125
586.5463262	0.678125
586.5629513	0.678125
586.5799695	0.678125
586.596672499999	0.678125
586.6129588	0.678125
586.6297423	0.678125
586.6466071	0.678125
586.6631401	0.678125
586.680249099999	0.678125
586.6966277	0.678125
586.7134589	0.678125
586.729950699999	0.678125
586.746809799999	0.678125
586.763389499999	0.678125
586.7797094	0.678125
586.7961814	0.678125
586.8131824	0.678125
586.8294837	0.678125
586.846505399999	0.678125
586.8631546	0.678125
586.8795057	0.678125
586.8964053	0.678125
586.9131105	0.678125
586.9299451	0.678125
586.9463799	0.678125
586.963052699999	0.678125
586.979589399999	0.678125
586.9964257	0.678125
587.013073099999	0.678125
587.0298374	0.678125
587.0460145	0.678125
587.0631069	0.678125
587.080458899999	0.678125
587.0964192	0.678125
587.1131027	0.678125
587.1298698	0.678125
587.1466465	0.678125
587.1630595	0.678125
587.1799673	0.678125
587.1967245	0.678125
587.2132357	0.678125
587.2297509	0.678125
587.246839299999	0.678125
587.263174499999	0.678125
587.2801049	0.678125
587.2969542	0.678125
587.313248399999	0.678125
587.3295885	0.678125
587.3465176	0.678125
587.3629492	0.678125
587.379637	0.678125
587.3965385	0.678125
587.4130157	0.678125
587.4297899	0.678125
587.4466834	0.678125
587.4634187	0.678125
587.4800474	0.678125
587.4965804	0.678125
587.5131175	0.678125
587.529196399999	0.678125
587.546928	0.678125
587.5631846	0.678125
587.5796764	0.678125
587.5967022	0.678125
587.613453699999	0.678125
587.629712599999	0.678125
587.646626	0.678125
587.6632703	0.678125
587.6800927	0.678125
587.6963642	0.678125
587.7133465	0.678125
587.7295651	0.678125
587.7462222	0.678125
587.7632977	0.678125
587.7795552	0.678125
587.7962704	0.678125
587.8130885	0.678125
587.829748	0.678125
587.8461771	0.678125
587.86284	0.678125
587.8797122	0.678125
587.8964675	0.678125
587.9131627	0.678125
587.929894599999	0.678125
587.946371	0.678125
587.9632279	0.678125
587.9799839	0.678125
587.9967768	0.678125
588.012918299999	0.678125
588.0294017	0.678125
588.0466278	0.678125
588.0631041	0.678125
588.079572	0.678125
588.0966062	0.678125
588.1129209	0.678125
588.1299955	0.678125
588.1466111	0.678125
588.162815	0.678125
588.1799252	0.678125
588.1975373	0.678125
588.2130496	0.678125
588.2296046	0.678125
588.2465876	0.678125
588.2632042	0.678125
588.2795638	0.678125
588.2962267	0.678125
588.3130271	0.678125
588.3296942	0.678125
588.3464855	0.678125
588.3634489	0.678125
588.3796398	0.678125
588.3966002	0.678125
588.413228899999	0.678125
588.4297708	0.678125
588.4462271	0.678125
588.4633496	0.678125
588.479580199999	0.678125
588.496341	0.678125
588.513544	0.678125
588.5296164	0.678125
588.546593699999	0.678125
588.5632043	0.678125
588.5800318	0.678125
588.5968295	0.678125
588.613140399999	0.678125
588.629534	0.678125
588.6465833	0.678125
588.6630828	0.678125
588.680059299999	0.678125
588.6965477	0.678125
588.7128473	0.678125
588.7293309	0.678125
588.746048099999	0.678125
588.7628402	0.678125
588.7795124	0.678125
588.7965657	0.678125
588.8131115	0.678125
588.8297071	0.678125
588.846564299999	0.678125
588.863054399999	0.678125
588.8795411	0.678125
588.8965874	0.678125
588.9129749	0.678125
588.929779699999	0.678125
588.946175	0.678125
588.9634111	0.678125
588.9799071	0.678125
588.9962449	0.678125
589.0130997	0.678125
589.029620899999	0.678125
589.0466069	0.678125
589.0629487	0.678125
589.0800464	0.678125
589.0964726	0.678125
589.1130895	0.678125
589.130203499999	0.678125
589.1466759	0.678125
589.163126399999	0.678125
589.179793299999	0.678125
589.196292499999	0.678125
589.213259199999	0.678125
589.2298307	0.678125
589.2467407	0.678125
589.263111	0.678125
589.2796156	0.678125
589.2965256	0.678125
589.3128221	0.678125
589.3297811	0.678125
589.3465364	0.678125
589.3632125	0.678125
589.3800877	0.678125
589.3972596	0.678125
589.4130642	0.678125
589.4293994	0.678125
589.446081	0.678125
589.4629522	0.678125
589.4792969	0.678125
589.4963285	0.678125
589.5130937	0.678125
589.5296058	0.678125
589.5465425	0.678125
589.5631403	0.678125
589.5796391	0.678125
589.5963618	0.678125
589.6129488	0.678125
589.6297531	0.678125
589.6466629	0.678125
589.6631391	0.678125
589.6798502	0.678125
589.696651	0.678125
589.7129662	0.678125
589.7301598	0.678125
589.7462697	0.678125
589.7629844	0.678125
589.779846	0.678125
589.796524899999	0.678125
589.813043199999	0.678125
589.8294832	0.678125
589.8466019	0.678125
589.8631068	0.678125
589.8800349	0.678125
589.8966893	0.678125
589.9132894	0.678125
589.929777	0.678125
589.9465672	0.678125
589.9633093	0.678125
589.9798381	0.678125
589.9965047	0.678125
590.012926299999	0.678125
590.0298305	0.678125
590.045994799999	0.678125
590.063091	0.678125
590.0799308	0.678125
590.0961402	0.678125
590.1131286	0.678125
590.129968799999	0.678125
590.1465142	0.678125
590.1631003	0.678125
590.179862099999	0.678125
590.1965522	0.678125
590.2131124	0.678125
590.229987	0.678125
590.2465577	0.678125
590.262994499999	0.678125
590.279856	0.678125
590.295914299999	0.678125
590.3133274	0.678125
590.3302662	0.678125
590.3462552	0.678125
590.3633395	0.678125
590.3796858	0.678125
590.3964448	0.678125
590.4131031	0.678125
590.4297311	0.678125
590.446535099999	0.678125
590.4633647	0.678125
590.479376899999	0.678125
590.4965396	0.678125
590.512945	0.678125
590.5297094	0.678125
590.5461163	0.678125
590.5631957	0.678125
590.579708799999	0.678125
590.5965953	0.678125
590.612939499999	0.678125
590.6297781	0.678125
590.6464456	0.678125
590.6630942	0.678125
590.679868	0.678125
590.6962395	0.678125
590.7128116	0.678125
590.729738699999	0.678125
590.7462786	0.678125
590.763700399999	0.678125
590.7791476	0.678125
590.796569099999	0.678125
590.813094099999	0.678125
590.829705	0.678125
590.8462155	0.678125
590.862812299999	0.678125
590.8798554	0.678125
590.8965558	0.678125
590.9128887	0.678125
590.9300323	0.678125
590.9464868	0.678125
590.962896699999	0.678125
590.9796995	0.678125
590.9968175	0.678125
591.0130729	0.678125
591.0297848	0.678125
591.0464777	0.678125
591.062859	0.678125
591.079798	0.678125
591.0963965	0.678125
591.1131012	0.678125
591.1297841	0.678125
591.1463487	0.678125
591.1627785	0.678125
591.1797198	0.678125
591.196364	0.678125
591.213036799999	0.678125
591.2300486	0.678125
591.246302399999	0.678125
591.2631048	0.678125
591.2796435	0.678125
591.2962076	0.678125
591.3131381	0.678125
591.3297037	0.678125
591.3463864	0.678125
591.3631537	0.678125
591.3795715	0.678125
591.3967399	0.678125
591.4129423	0.678125
591.4293504	0.678125
591.4465319	0.678125
591.4630641	0.678125
591.4793297	0.678125
591.4964625	0.678125
591.5131909	0.678125
591.5302867	0.678125
591.546426599999	0.678125
591.5630678	0.678125
591.579215	0.678125
591.5965026	0.678125
591.6129694	0.678125
591.629466299999	0.678125
591.6465036	0.678125
591.6630185	0.678125
591.6794884	0.678125
591.6958307	0.678125
591.7129629	0.678125
591.7295478	0.678125
591.7464933	0.678125
591.7630501	0.678125
591.779593899999	0.678125
591.7960796	0.678125
591.813106	0.678125
591.8292156	0.678125
591.8460965	0.678125
591.862756399999	0.678125
591.879692	0.678125
591.8964049	0.678125
591.912714	0.678125
591.9299793	0.678125
591.9462668	0.678125
591.9633275	0.678125
591.979608	0.678125
591.996345399999	0.678125
592.013043599999	0.678125
592.0291869	0.678125
592.046225099999	0.678125
592.0628341	0.678125
592.079877199999	0.678125
592.096274399999	0.678125
592.1132248	0.678125
592.1304282	0.678125
592.147143199999	0.678125
592.163020699999	0.678125
592.179446	0.678125
592.196453399999	0.678125
592.212975899999	0.678125
592.2295628	0.678125
592.2459847	0.678125
592.262938599999	0.678125
592.2790479	0.678125
592.2962385	0.678125
592.3127826	0.678125
592.3301423	0.678125
592.346033599999	0.678125
592.362977499999	0.678125
592.3795678	0.678125
592.398204	0.678125
592.4130553	0.678125
592.4297267	0.678125
592.446328099999	0.678125
592.4628454	0.678125
592.4795908	0.678125
592.4958123	0.678125
592.5128746	0.678125
592.5296643	0.678125
592.5464422	0.678125
592.5626446	0.678125
592.5798647	0.678125
592.596126999999	0.678125
592.613002699999	0.678125
592.629289399999	0.678125
592.646039199999	0.678125
592.662883699999	0.678125
592.6796122	0.678125
592.6964944	0.678125
592.7129904	0.678125
592.7297624	0.678125
592.746417	0.678125
592.7628025	0.678125
592.7797029	0.678125
592.796393499999	0.678125
592.8130804	0.678125
592.8294688	0.678125
592.8462599	0.678125
592.8629492	0.678125
592.8796462	0.678125
592.8964107	0.678125
592.9126202	0.678125
592.9296543	0.678125
592.946267	0.678125
592.9633684	0.678125
592.979553199999	0.678125
592.9963008	0.678125
593.0126704	0.678125
593.0295635	0.678125
593.0459031	0.678125
593.063239699999	0.678125
593.0796108	0.678125
593.096193299999	0.678125
593.1129562	0.678125
593.1293507	0.678125
593.1458865	0.678125
593.162873899999	0.678125
593.179368	0.678125
593.1962219	0.678125
593.2129825	0.678125
593.2291779	0.678125
593.2460391	0.678125
593.2628269	0.678125
593.2798388	0.678125
593.296038999999	0.678125
593.3128213	0.678125
593.329867299999	0.678125
593.345992	0.678125
593.36315	0.678125
593.379583599999	0.678125
593.396219	0.678125
593.4131474	0.678125
593.4295859	0.678125
593.445832899999	0.678125
593.462886	0.678125
593.4797223	0.678125
593.4960995	0.678125
593.5129738	0.678125
593.5299124	0.678125
593.546049	0.678125
593.5629257	0.678125
593.5795047	0.678125
593.5963735	0.678125
593.6129292	0.678125
593.6295717	0.678125
593.646223	0.678125
593.6630413	0.678125
593.6796659	0.678125
593.6960672	0.678125
593.712590099999	0.678125
593.729274	0.678125
593.746197399999	0.678125
593.762883899999	0.678125
593.7793608	0.678125
593.7962733	0.678125
593.8128721	0.678125
593.8293171	0.678125
593.8461219	0.678125
593.8628874	0.678125
593.879851499999	0.678125
593.896397999999	0.678125
593.912779299999	0.678125
593.9293433	0.678125
593.9459058	0.678125
593.9630314	0.678125
593.9794925	0.678125
593.996536499999	0.678125
594.012737699999	0.678125
594.0298719	0.678125
594.0459563	0.678125
594.0627344	0.678125
594.0792491	0.678125
594.0963462	0.678125
594.1130461	0.678125
594.129575699999	0.678125
594.1458339	0.678125
594.1628219	0.678125
594.1792441	0.678125
594.1962361	0.678125
594.2130996	0.678125
594.2296995	0.678125
594.24639	0.678125
594.263069499999	0.678125
594.279352	0.678125
594.3007338	0.678125
594.3127571	0.678125
594.3295149	0.678125
594.3459214	0.678125
594.3629326	0.678125
594.3792559	0.678125
594.3963044	0.678125
594.4128017	0.678125
594.4301684	0.678125
594.4463486	0.678125
594.462937199999	0.678125
594.479688899999	0.678125
594.4965553	0.678125
594.5130085	0.678125
594.529733299999	0.678125
594.5463194	0.678125
594.562694	0.678125
594.5791595	0.678125
594.5961175	0.678125
594.6129157	0.678125
594.6296535	0.678125
594.6460229	0.678125
594.662985699999	0.678125
594.679761299999	0.678125
594.6965097	0.678125
594.7127723	0.678125
594.7296107	0.678125
594.7461512	0.678125
594.762858	0.678125
594.7796759	0.678125
594.7960969	0.678125
594.8128403	0.678125
594.8295506	0.678125
594.8457778	0.678125
594.8629762	0.678125
594.8797257	0.678125
594.8965286	0.678125
594.9129038	0.678125
594.9296412	0.678125
594.945875899999	0.678125
594.963177	0.678125
594.9796673	0.678125
594.9965326	0.678125
595.0127847	0.678125
595.0291206	0.678125
595.0457203	0.678125
595.062498199999	0.678125
595.079667	0.678125
595.0958605	0.678125
595.1127371	0.678125
595.1292601	0.678125
595.1458659	0.678125
595.1629634	0.678125
595.1796322	0.678125
595.1961285	0.678125
595.2128281	0.678125
595.2295824	0.678125
595.2459199	0.678125
595.2629199	0.678125
595.2796748	0.678125
595.2960946	0.678125
595.3125231	0.678125
595.329630799999	0.678125
595.3458129	0.678125
595.3631191	0.678125
595.3796762	0.678125
595.3963349	0.678125
595.4127594	0.678125
595.4295983	0.678125
595.4469293	0.678125
595.4629752	0.678125
595.4797988	0.678125
595.4963275	0.678125
595.5130343	0.678125
595.5294152	0.678125
595.5460756	0.678125
595.5627241	0.678125
595.5796266	0.678125
595.5961111	0.678125
595.6127081	0.678125
595.6294274	0.678125
595.645736399999	0.678125
595.6628655	0.678125
595.6797292	0.678125
595.6963206	0.678125
595.712838299999	0.678125
595.729618299999	0.678125
595.7457726	0.678125
595.762622	0.678125
595.7795296	0.678125
595.7961556	0.678125
595.8125397	0.678125
595.8296924	0.678125
595.845735599999	0.678125
595.8628199	0.678125
595.879984799999	0.678125
595.900584	0.678125
595.9125804	0.678125
595.9296568	0.678125
595.946148099999	0.678125
595.9628399	0.678125
595.9796487	0.678125
595.996125	0.678125
596.0127929	0.678125
596.0296027	0.678125
596.0461892	0.678125
596.0627567	0.678125
596.079594599999	0.678125
596.0963329	0.678125
596.1125226	0.678125
596.1294584	0.678125
596.1457637	0.678125
596.1629183	0.678125
596.179607099999	0.678125
596.196106899999	0.678125
596.2128689	0.678125
596.2296599	0.678125
596.2458824	0.678125
596.2625815	0.678125
596.2793703	0.678125
596.296277899999	0.678125
596.312753199999	0.678125
596.3295756	0.678125
596.3458366	0.678125
596.3628156	0.678125
596.37935	0.678125
596.396348199999	0.678125
596.4129109	0.678125
596.4296365	0.678125
596.4460958	0.678125
596.462946	0.678125
596.4791068	0.678125
596.49591	0.678125
596.5127118	0.678125
596.5297035	0.678125
596.5463764	0.678125
596.5625859	0.678125
596.579681799999	0.678125
596.596188	0.678125
596.6126782	0.678125
596.6297971	0.678125
596.6458264	0.678125
596.6627224	0.678125
596.679651999999	0.678125
596.6963358	0.678125
596.7126294	0.678125
596.7297913	0.678125
596.7459493	0.678125
596.7625316	0.678125
596.7797152	0.678125
596.7962499	0.678125
596.8128471	0.678125
596.8296672	0.678125
596.8461315	0.678125
596.8629648	0.678125
596.8798645	0.678125
596.8956789	0.678125
596.912743599999	0.678125
596.929659899999	0.678125
596.9460901	0.678125
596.9628308	0.678125
596.9793444	0.678125
596.9958805	0.678125
597.0126633	0.678125
597.029226	0.678125
597.0460729	0.678125
597.062782699999	0.678125
597.0794094	0.678125
597.096160799999	0.678125
597.1127928	0.678125
597.129656799999	0.678125
597.1463129	0.678125
597.1626792	0.678125
597.1795816	0.678125
597.1963052	0.678125
597.213176899999	0.678125
597.2294496	0.678125
597.2462333	0.678125
597.2626948	0.678125
597.2796164	0.678125
597.2958214	0.678125
597.3126091	0.678125
597.32959	0.678125
597.3461783	0.678125
597.3628831	0.678125
597.379508099999	0.678125
597.3961705	0.678125
597.4135254	0.678125
597.4295009	0.678125
597.446210799999	0.678125
597.462876399999	0.678125
597.4795756	0.678125
597.495552	0.678125
597.5127846	0.678125
597.5295763	0.678125
597.5460572	0.678125
597.5627205	0.678125
597.5793724	0.678125
597.5956655	0.678125
597.6125139	0.678125
597.629471	0.678125
597.6462479	0.678125
597.6626016	0.678125
597.679801899999	0.678125
597.6958097	0.678125
597.713021	0.678125
597.7295835	0.678125
597.7461454	0.678125
597.7627257	0.678125
597.77975	0.678125
597.7960202	0.678125
597.8128672	0.678125
597.8296488	0.678125
597.8463382	0.678125
597.8626715	0.678125
597.879815299999	0.678125
597.896006699999	0.678125
597.9125763	0.678125
597.9296418	0.678125
597.9462362	0.678125
597.9628079	0.678125
597.9795963	0.678125
597.995732299999	0.678125
598.0128717	0.678125
598.029634	0.678125
598.0462323	0.678125
598.0627226	0.678125
598.079729099999	0.678125
598.0962232	0.678125
598.1129048	0.678125
598.129785	0.678125
598.1458051	0.678125
598.1627937	0.678125
598.179733099999	0.678125
598.196196599999	0.678125
598.2124139	0.678125
598.2295865	0.678125
598.2460692	0.678125
598.2627673	0.678125
598.2797231	0.678125
598.2961667	0.678125
598.3128894	0.678125
598.329573699999	0.678125
598.3461615	0.678125
598.3627843	0.678125
598.3790623	0.678125
598.3960854	0.678125
598.4124947	0.678125
598.429623699999	0.678125
598.4462607	0.678125
598.4624649	0.678125
598.479840099999	0.678125
598.4961137	0.678125
598.5123902	0.678125
598.5293618	0.678125
598.5461116	0.678125
598.5623854	0.678125
598.5795685	0.678125
598.5962402	0.678125
598.6127863	0.678125
598.6295077	0.678125
598.646400499999	0.678125
598.662514	0.678125
598.6796405	0.678125
598.6957595	0.678125
598.7121402	0.678125
598.7293291	0.678125
598.746075699999	0.678125
598.762820699999	0.678125
598.7795397	0.678125
598.7957715	0.678125
598.8123247	0.678125
598.8295187	0.678125
598.8461793	0.678125
598.8627999	0.678125
598.8796306	0.678125
598.8959751	0.678125
598.9126725	0.678125
598.9291036	0.678125
598.9458566	0.678125
598.962658999999	0.678125
598.9793238	0.678125
598.9961567	0.678125
599.0125558	0.678125
599.029502899999	0.678125
599.046283	0.678125
599.0623677	0.678125
599.0795888	0.678125
599.0963589	0.678125
599.112524799999	0.678125
599.1295386	0.678125
599.146154699999	0.678125
599.162811799999	0.678125
599.1794983	0.678125
599.1961775	0.678125
599.2127299	0.678125
599.2294287	0.678125
599.2461677	0.678125
599.262646	0.678125
599.279234499999	0.678125
599.2959184	0.678125
599.312710799999	0.678125
599.3295045	0.678125
599.3457297	0.678125
599.3624651	0.678125
599.379596599999	0.678125
599.3960701	0.678125
599.4127871	0.678125
599.4296918	0.678125
599.4461844	0.678125
599.462532999999	0.678125
599.4795408	0.678125
599.4966576	0.678125
599.5123324	0.678125
599.5294318	0.678125
599.546321599999	0.678125
599.5621734	0.678125
599.579103699999	0.678125
599.5959276	0.678125
599.6122138	0.678125
599.62926	0.678125
599.6464266	0.678125
599.662124	0.678125
599.680029799999	0.678125
599.6959563	0.678125
599.712543499999	0.678125
599.729445699999	0.678125
599.7461057	0.678125
599.762560199999	0.678125
599.7795943	0.678125
599.7957456	0.678125
599.812662899999	0.678125
599.8292029	0.678125
599.8459452	0.678125
599.8622339	0.678125
599.8795119	0.678125
599.8962375	0.678125
599.9125523	0.678125
599.9293304	0.678125
599.9462843	0.678125
599.9623995	0.678125
599.9794822	0.678125
599.9960541	0.678125
600.0125176	0.678125
