time	rating_intensity
0.0240974000000733	0
0.0385148000000299	0
0.0730174000000261	0
0.0968889000000672	0
0.110524100000021	0
0.12800110000012	0
0.144220500000074	0
0.16080050000005	0
0.177736900000127	0
0.194308300000102	0
0.210506699999996	0
0.228374799999983	0
0.245474399999921	0
0.261143100000027	0
0.278400800000099	0
0.294754400000102	0
0.311856499999976	0
0.328283099999908	0
0.344848700000057	0
0.361319300000105	0
0.378186500000083	0
0.39454580000006	0
0.411558000000014	0
0.428024399999913	0
0.444753499999933	0
0.4612032	0
0.478350600000113	0
0.494422299999997	0
0.511235100000022	0
0.52821310000013	0
0.544738100000131	0
0.561287300000004	0
0.578046000000086	0
0.59449769999992	0
0.611783600000081	0
0.628515999999991	0
0.644963299999972	0
0.661250899999914	0
0.677716400000008	0
0.694891699999971	0
0.711652200000117	0
0.728150200000073	0
0.744847100000015	0
0.761424100000113	0
0.778072399999928	0
0.794698299999936	0
0.811541400000124	0
0.82782229999998	0
0.844364900000073	0
0.861988800000063	0
0.878583400000025	0
0.894741999999951	0
0.911486599999989	0
0.928155500000003	0
0.944881599999917	0
0.961269700000003	0
0.97817340000006	0
0.994960799999944	0
1.01127410000004	0
1.02784229999997	0
1.04498089999993	0
1.06118659999993	0
1.0778706000001	0
1.09487749999994	0
1.1112756	0
1.12859980000007	0
1.14448799999991	0
1.16125119999992	0
1.17824380000002	0
1.19505400000003	0
1.21129210000004	0
1.22816160000002	0
1.24509669999998	0
1.26120560000004	0
1.27826670000013	0
1.29452919999994	0
1.31163100000003	0
1.32826210000007	0
1.34441199999992	0
1.36118140000008	0
1.37776239999994	0
1.3949341	0
1.41163869999991	0
1.42789820000007	0
1.44486140000004	0
1.46160050000003	0
1.47782690000008	0
1.49470960000008	0
1.51182510000012	0
1.52788690000011	0
1.54483310000001	0
1.56130209999992	0
1.57768280000005	0
1.59421229999998	0
1.61111099999994	0
1.62782530000004	0
1.64506619999997	0
1.66141160000006	0
1.67795350000006	0
1.69499810000002	0
1.71114460000013	0
1.7280396000001	0
1.74498180000001	0
1.76117820000013	0
1.77785820000008	0
1.79515480000009	0
1.81181199999992	0
1.82787989999997	0
1.84469650000005	0
1.86125179999999	0
1.87827470000002	0
1.89452899999992	0
1.91185339999993	0
1.92824180000002	0
1.94502250000005	0
1.96113790000004	0
1.97797390000005	0
1.99500710000007	0
2.01159280000002	0
2.02797140000007	0
2.04471960000001	0
2.06116780000002	0
2.07785730000001	0
2.09488609999994	0
2.11114769999995	0
2.12780350000003	0
2.14472060000003	0
2.1612798000001	0
2.17830759999993	0
2.19470799999999	0
2.21122200000013	0
2.22794520000002	0
2.24501409999993	0
2.26111689999993	0
2.27761420000002	0
2.29472320000013	0
2.31144829999994	0
2.32825939999998	0
2.34445840000012	0
2.3611535	0
2.37828009999998	0
2.39441000000011	0
2.41139950000002	0
2.42824010000004	0
2.4446739	0
2.46118330000013	0
2.4779175000001	0
2.49489659999995	0
2.51167850000002	0
2.52770720000012	0
2.5445052	0
2.56119400000011	0
2.57774360000008	0
2.59455600000001	0
2.61152659999993	0
2.62812650000001	0
2.64518700000008	0
2.66113259999997	0
2.67813599999999	0
2.69482080000012	0
2.71143929999994	0
2.72776109999995	0
2.74449060000006	0
2.76113690000011	0
2.77798030000008	0
2.79471639999997	0
2.8119173	0
2.82790490000002	0
2.84488680000004	0
2.8617041	0
2.8779485	0
2.89442559999998	0
2.91113629999995	0
2.92844229999992	0
2.94440550000013	0
2.9617396000001	0
2.9782295	0
2.99457660000007	0
3.01141209999992	0
3.02819100000011	0
3.04446099999996	0
3.06166770000004	0
3.07821519999993	0
3.09453550000012	0
3.11176969999997	0
3.12793869999996	0
3.14489630000003	0
3.16160310000009	0
3.1781446	0
3.19511979999993	0
3.21105719999991	0
3.22811660000002	0
3.24459120000006	0
3.26149080000005	0
3.27822179999998	0
3.2945823	0
3.31133690000001	0
3.32831940000005	0
3.34515680000004	0
3.36117250000007	0
3.37818130000005	0
3.39458689999992	0
3.41152680000005	0
3.42779889999997	0
3.44488159999992	0
3.46187579999992	0
3.47816820000003	0
3.49474220000002	0
3.511438	0
3.52798170000005	0
3.54451089999998	0
3.56184350000012	0.00833333333333333
3.57829379999998	0.00833333333333333
3.59466599999996	0.00833333333333333
3.61123900000007	0.00833333333333333
3.62778810000009	0.00833333333333333
3.64459220000003	0.0166666666666667
3.66149040000005	0.0260416666666667
3.6777889	0.0260416666666667
3.69450740000002	0.034375
3.71188209999991	0.0510416666666667
3.72792159999995	0.059375
3.74504950000005	0.0770833333333333
3.7620167	0.0854166666666667
3.77779269999996	0.09375
3.79472469999996	0.09375
3.81193669999993	0.09375
3.82797239999991	0.09375
3.84440050000012	0.09375
3.8615741000001	0.09375
3.87786069999993	0.09375
3.89460280000003	0.09375
3.91138930000011	0.09375
3.92802299999994	0.09375
3.94502439999997	0.09375
3.96156289999999	0.09375
3.97817179999993	0.09375
3.99467400000003	0.09375
4.01104559999999	0.09375
4.02805839999996	0.09375
4.04487270000004	0.09375
4.06149929999992	0.09375
4.07795540000006	0.09375
4.09485990000007	0.09375
4.11120210000013	0.09375
4.12799590000009	0.09375
4.14438130000008	0.09375
4.16158109999992	0.09375
4.17839840000011	0.09375
4.19827789999999	0.09375
4.21161660000007	0.09375
4.22791380000012	0.09375
4.24435229999995	0.09375
4.26157970000008	0.09375
4.27821510000012	0.09375
4.29505710000012	0.09375
4.31167630000004	0.09375
4.32800700000007	0.09375
4.3444528	0.09375
4.36116790000005	0.09375
4.37797780000005	0.09375
4.39475140000013	0.09375
4.41114740000012	0.09375
4.42787399999997	0.09375
4.44438609999997	0.09375
4.4613488	0.09375
4.4776746	0.09375
4.49470100000008	0.09375
4.5111273	0.09375
4.5275666	0.09375
4.54489439999998	0.09375
4.56182469999999	0.09375
4.57827169999996	0.09375
4.59461340000007	0.09375
4.61155989999997	0.09375
4.62819450000006	0.09375
4.64493459999994	0.09375
4.66147810000007	0.09375
4.67818990000001	0.09375
4.69429280000008	0.09375
4.71107129999996	0.09375
4.72787470000003	0.09375
4.74454530000003	0.09375
4.76103379999995	0.09375
4.77794829999993	0.09375
4.79480400000011	0.09375
4.81168109999999	0.09375
4.82751619999999	0.09375
4.84497510000006	0.09375
4.86144059999992	0.09375
4.87801880000006	0.09375
4.89481539999997	0.09375
4.91137279999998	0.09375
4.9279461000001	0.09375
4.9445005	0.09375
4.96146410000006	0.09375
4.97782770000003	0.09375
4.99479689999998	0.09375
5.01152419999994	0.09375
5.02821480000011	0.09375
5.04493930000012	0.09375
5.0611993	0.09375
5.07759690000012	0.09375
5.0943115	0.09375
5.11107940000011	0.09375
5.12744279999993	0.09375
5.14476689999992	0.09375
5.16169170000012	0.09375
5.17750789999991	0.09375
5.19445420000011	0.09375
5.21126010000012	0.09375
5.22806540000011	0.09375
5.24448150000012	0.09375
5.26150310000003	0.09375
5.27811960000008	0.09375
5.29472880000003	0.09375
5.31146699999999	0.09375
5.32816580000008	0.09375
5.34503670000004	0.09375
5.3615949	0.09375
5.37810519999994	0.09375
5.39482240000007	0.09375
5.41101559999993	0.09375
5.42802000000006	0.09375
5.44451430000004	0.09375
5.46127730000012	0.09375
5.47782940000002	0.09375
5.49468049999996	0.09375
5.51140000000009	0.09375
5.52813600000013	0.09375
5.54470480000009	0.09375
5.56245220000005	0.09375
5.57803349999995	0.09375
5.59458910000012	0.09375
5.61133289999998	0.09375
5.62755990000005	0.09375
5.6447776	0.09375
5.66183780000006	0.09375
5.67774499999996	0.09375
5.69444679999992	0.09375
5.71162800000002	0.09375
5.7273517000001	0.09375
5.74442130000011	0.09375
5.76110930000004	0.09375
5.77806200000009	0.09375
5.79455970000004	0.09375
5.81177389999993	0.09375
5.82821349999995	0.09375
5.84452439999995	0.09375
5.86137770000005	0.09375
5.87765390000004	0.09375
5.89469110000005	0.09375
5.91142070000001	0.09375
5.92751139999996	0.09375
5.94472250000013	0.09375
5.96125940000002	0.09375
5.97797719999994	0.09375
5.99437390000003	0.09375
6.01137210000002	0.09375
6.02795040000001	0.09375
6.04441780000002	0.09375
6.06127549999997	0.09375
6.07817010000008	0.09375
6.09455589999993	0.09375
6.11126379999996	0.09375
6.12805619999995	0.09375
6.14461929999993	0.09375
6.16117789999998	0.09375
6.17785159999994	0.09375
6.19429689999993	0.09375
6.21137799999997	0.09375
6.22794210000006	0.09375
6.24434840000004	0.09375
6.26142030000005	0.09375
6.27767119999999	0.09375
6.29475610000009	0.09375
6.3114700000001	0.09375
6.32760230000008	0.09375
6.3444320000001	0.09375
6.3614086	0.09375
6.37756130000002	0.09375
6.39447270000005	0.09375
6.41141070000003	0.09375
6.42740720000006	0.09375
6.44440080000004	0.09375
6.46132590000002	0.09375
6.47794810000005	0.09375
6.49487509999994	0.09375
6.51120070000002	0.09375
6.52793700000007	0.09375
6.54482890000008	0.09375
6.56163229999993	0.09375
6.57749459999991	0.09375
6.59440330000007	0.09375
6.61147690000007	0.09375
6.62734849999993	0.09375
6.64462980000008	0.09375
6.66142620000005	0.09375
6.6775411000001	0.09375
6.69458559999998	0.09375
6.71137060000001	0.09375
6.72746630000006	0.09375
6.74483880000003	0.09375
6.76138489999994	0.09375
6.77792520000003	0.09375
6.7950608000001	0.09375
6.81143629999997	0.09375
6.82749340000009	0.09375
6.84475049999992	0.09375
6.86149679999994	0.09375
6.87810059999993	0.09375
6.8947604	0.09375
6.91131440000004	0.09375
6.92805820000012	0.09375
6.94468610000013	0.09375
6.96129220000012	0.09375
6.97790759999998	0.09375
6.99445620000006	0.09375
7.01151900000013	0.09375
7.02858719999995	0.09375
7.04453239999998	0.09375
7.06138140000007	0.09375
7.0778206	0.09375
7.09438890000001	0.09375
7.11130460000004	0.09375
7.12799930000006	0.09375
7.14494630000013	0.09375
7.16110640000011	0.09375
7.17748869999991	0.09375
7.19472810000002	0.09375
7.21158519999994	0.09375
7.22797140000011	0.09375
7.24490330000003	0.09375
7.26144799999997	0.09375
7.27813730000003	0.09375
7.29485550000004	0.09375
7.31127489999994	0.09375
7.32781360000013	0.09375
7.3451950000001	0.09375
7.36139370000001	0.09375
7.37802349999993	0.09375
7.39468959999999	0.09375
7.41110350000008	0.09375
7.42737099999999	0.09375
7.44467039999995	0.09375
7.46159869999997	0.09375
7.47781980000013	0.09375
7.49477589999992	0.09375
7.51125139999999	0.09375
7.52777639999999	0.09375
7.54493950000005	0.09375
7.56141610000009	0.09375
7.57725789999995	0.09375
7.59427069999992	0.09375
7.61137880000001	0.09375
7.62733350000008	0.09375
7.644724	0.09375
7.66143089999991	0.09375
7.67776170000002	0.09375
7.69472489999998	0.09375
7.71144340000001	0.09375
7.72759130000009	0.09375
7.74441700000011	0.09375
7.76145999999994	0.09375
7.77763129999994	0.09375
7.79459780000002	0.09375
7.81161369999995	0.09375
7.82767100000001	0.09375
7.84443800000008	0.09375
7.86149580000006	0.09375
7.87773809999999	0.09375
7.89432000000011	0.09375
7.91164780000008	0.09375
7.9284232	0.09375
7.94472700000006	0.09375
7.96108849999996	0.09375
7.97754000000009	0.09375
7.99469410000006	0.09375
8.01115950000008	0.09375
8.02790000000005	0.09375
8.04468960000008	0.09375
8.06101549999994	0.09375
8.07743290000008	0.09375
8.09470759999999	0.09375
8.11126560000002	0.09375
8.12786640000013	0.09375
8.1446128	0.09375
8.16149599999994	0.09375
8.17743530000007	0.09375
8.19469780000009	0.09375
8.21104700000001	0.09375
8.22828980000008	0.09375
8.24464349999994	0.09375
8.26135909999994	0.09375
8.2775944	0.09375
8.29481420000002	0.09375
8.31156609999994	0.09375
8.3276413000001	0.09375
8.34501260000002	0.09375
8.3631527	0.09375
8.37792689999992	0.09375
8.39405280000005	0.09375
8.41090290000011	0.09375
8.42803619999995	0.09375
8.44460320000007	0.09375
8.46118530000012	0.09375
8.47806360000004	0.09375
8.49461980000001	0.09375
8.51117610000006	0.09375
8.52747780000004	0.09375
8.54470040000001	0.09375
8.56124560000012	0.09375
8.57790660000001	0.09375
8.5943979000001	0.09375
8.61082119999992	0.09375
8.62852040000007	0.09375
8.64427030000002	0.09375
8.66082090000009	0.09375
8.67759249999995	0.09375
8.69437280000011	0.09375
8.71135150000009	0.09375
8.72755589999997	0.09375
8.74445199999991	0.09375
8.76135090000002	0.09375
8.77800920000004	0.09375
8.79447909999999	0.09375
8.81147910000004	0.09375
8.82790120000004	0.09375
8.84440109999991	0.09375
8.86095419999992	0.09375
8.87802609999994	0.09375
8.8946006000001	0.09375
8.91163860000006	0.09375
8.92738540000005	0.09375
8.94430009999996	0.09375
8.9608518	0.09375
8.97788029999992	0.09375
8.99457099999995	0.09375
9.01172190000011	0.09375
9.02791410000009	0.09375
9.04428170000006	0.09375
9.06115819999991	0.09375
9.07789159999993	0.09375
9.09470520000013	0.09375
9.1110278000001	0.09375
9.12796900000012	0.09375
9.14463449999994	0.09375
9.16128400000002	0.09375
9.17743900000005	0.09375
9.19439729999999	0.09375
9.21120369999994	0.09375
9.22798379999995	0.09375
9.2443889000001	0.09375
9.2613103000001	0.09375
9.27741770000011	0.09375
9.29458	0.09375
9.31148609999991	0.09375
9.32808660000001	0.09375
9.34434660000011	0.09375
9.3607548	0.09375
9.37805389999994	0.09375
9.39457659999994	0.09375
9.41131680000012	0.09375
9.42797380000002	0.09375
9.44457360000001	0.09375
9.46126400000003	0.09375
9.4778189000001	0.09375
9.49460739999995	0.09375
9.51081440000007	0.09375
9.52718959999993	0.09375
9.54409639999994	0.09375
9.56132610000009	0.09375
9.57794360000003	0.09375
9.59457180000004	0.09375
9.61145959999999	0.09375
9.62738519999994	0.09375
9.64455709999993	0.09375
9.66133390000005	0.09375
9.67817880000007	0.09375
9.6943933	0.09375
9.7111069	0.09375
9.72818860000007	0.09375
9.744508	0.09375
9.76126479999994	0.09375
9.77785519999998	0.09375
9.79495300000008	0.09375
9.81090280000012	0.09375
9.82801799999993	0.09375
9.84478039999999	0.09375
9.8609242	0.09375
9.87741410000012	0.09375
9.89446520000001	0.09375
9.91131050000013	0.09375
9.92783499999996	0.09375
9.94451129999993	0.09375
9.96102139999994	0.09375
9.97788130000004	0.09375
9.99462850000009	0.09375
10.0112157000001	0.09375
10.0275548	0.09375
10.0446414	0.09375
10.0607995	0.09375
10.0778422000001	0.09375
10.0941127000001	0.09375
10.1113015999999	0.09375
10.1277342999999	0.09375
10.1442251999999	0.09375
10.1613142000001	0.09375
10.1779464000001	0.09375
10.1945515	0.09375
10.2116384000001	0.09375
10.228034	0.09375
10.2444221999999	0.09375
10.2610291000001	0.09375
10.2777635	0.09375
10.2942236000001	0.09375
10.3114462999999	0.09375
10.3275169999999	0.09375
10.3445337000001	0.09375
10.3613697000001	0.09375
10.3778159000001	0.09375
10.3945169000001	0.09375
10.4112597999999	0.09375
10.4276195	0.09375
10.4443335000001	0.09375
10.4611149	0.09375
10.4776219	0.09375
10.4941509	0.09375
10.5108666000001	0.09375
10.5272724000001	0.09375
10.5445984	0.09375
10.5610273	0.09375
10.5778943	0.09375
10.5945088000001	0.09375
10.6110701	0.09375
10.6273960000001	0.09375
10.6441875	0.09375
10.6607306000001	0.09375
10.6778194000001	0.09375
10.6943484000001	0.09375
10.7113262	0.09375
10.7279479000001	0.09375
10.7445459	0.09375
10.7614429	0.09375
10.7778512	0.09375
10.7942115999999	0.09375
10.8112662000001	0.09375
10.8277806000001	0.09375
10.8444548	0.09375
10.8608868000001	0.09375
10.8778423000001	0.09375
10.8944862999999	0.09375
10.9112643999999	0.09375
10.9277543999999	0.09375
10.9443080000001	0.09375
10.9607994	0.09375
10.9777045000001	0.09375
10.9944173000001	0.09375
11.0111428	0.09375
11.0278831000001	0.09375
11.0443716	0.09375
11.0609664999999	0.09375
11.0777390999999	0.09375
11.0943348000001	0.09375
11.1109346000001	0.09375
11.1278962000001	0.09375
11.1445318999999	0.09375
11.1617414	0.09375
11.1779498000001	0.09375
11.1945048	0.09375
11.2110722	0.09375
11.2279464000001	0.09375
11.2445566000001	0.09375
11.2608333000001	0.09375
11.2781772000001	0.09375
11.2946234999999	0.09375
11.3108549000001	0.09375
11.3275797000001	0.09375
11.344104	0.09375
11.3610169000001	0.09375
11.3780285	0.09375
11.3943901	0.09375
11.4112092	0.09375
11.4280194	0.09375
11.4444635	0.09375
11.4614662000001	0.09375
11.4779043999999	0.09375
11.4944823999999	0.09375
11.5108929	0.09375
11.5277831000001	0.09375
11.5444385999999	0.09375
11.5611947	0.09375
11.5772228000001	0.09375
11.5945228	0.09375
11.6110377	0.09375
11.6280679000001	0.09375
11.6443505	0.09375
11.6611766999999	0.09375
11.6778504000001	0.09375
11.6943874000001	0.09375
11.7108545000001	0.09375
11.7277088000001	0.09375
11.7443149000001	0.09375
11.7607644	0.09375
11.7777788999999	0.09375
11.794596	0.09375
11.8111236	0.09375
11.8280245000001	0.09375
11.8440825	0.09375
11.8610906000001	0.09375
11.8774776	0.09375
11.8943542	0.09375
11.9112417000001	0.09375
11.9278165999999	0.09375
11.9445562000001	0.09375
11.9608898000001	0.09375
11.9775024	0.09375
11.9945433	0.09375
12.0112058	0.09375
12.0274951000001	0.09375
12.0443428999999	0.09375
12.0608452000001	0.09375
12.0775297	0.09375
12.0943558000001	0.09375
12.1112022	0.09375
12.1279001	0.09375
12.1445794000001	0.09375
12.1613511	0.09375
12.1777915	0.09375
12.1944608000001	0.09375
12.2112598000001	0.09375
12.2279633999999	0.09375
12.2444863000001	0.09375
12.2612219	0.09375
12.2778387000001	0.09375
12.2945042000001	0.09375
12.3109006	0.09375
12.3275348	0.09375
12.3443374000001	0.09375
12.3611814000001	0.09375
12.3776455	0.09375
12.3943128999999	0.09375
12.4110852000001	0.09375
12.4275983	0.09375
12.4444581	0.09375
12.4605988000001	0.09375
12.4776693000001	0.09375
12.4942581	0.09375
12.5108588000001	0.09375
12.5279065	0.09375
12.5449226000001	0.09375
12.5607827000001	0.09375
12.5777740000001	0.09375
12.5945283000001	0.09375
12.6108767000001	0.09375
12.6278725	0.09375
12.6443292000001	0.09375
12.6614069	0.09375
12.6776788	0.09375
12.6945191	0.09375
12.7112715999999	0.09375
12.7278352000001	0.09375
12.7442507000001	0.09375
12.7605160000001	0.09375
12.7777474	0.09375
12.7943150000001	0.09375
12.8108491	0.09375
12.8278344	0.09375
12.8447169000001	0.09375
12.8613894	0.09375
12.8778947000001	0.09375
12.8946547	0.09375
12.9110350000001	0.09375
12.9277730000001	0.09375
12.9442392000001	0.09375
12.9608184000001	0.09375
12.9778817000001	0.09375
12.9944559	0.09375
13.0111353	0.09375
13.0274001	0.09375
13.0440653999999	0.09375
13.0609485	0.09375
13.077843	0.09375
13.0946369000001	0.09375
13.1109856	0.09375
13.1277563000001	0.09375
13.1444690999999	0.09375
13.1608324000001	0.09375
13.1777406000001	0.09375
13.1943900000001	0.09375
13.2111376	0.09375
13.2280223	0.09375
13.2441071000001	0.09375
13.2613140999999	0.09375
13.2774852	0.09375
13.2946803	0.09375
13.3109463999999	0.09375
13.3278346	0.09375
13.3443351999999	0.09375
13.3615768	0.09375
13.3778678000001	0.09375
13.3943257999999	0.09375
13.4108841	0.09375
13.4284739	0.09375
13.4441156	0.09375
13.4614322	0.09375
13.4780350999999	0.09375
13.4942221000001	0.09375
13.5114077999999	0.09375
13.5277679000001	0.09375
13.5443928	0.09375
13.5611785999999	0.09375
13.5786969000001	0.09375
13.5943896000001	0.09375
13.6111464000001	0.09375
13.6277616	0.09375
13.6444465	0.09375
13.6612503000001	0.09375
13.6779485	0.09375
13.6944105	0.09375
13.7111073999999	0.09375
13.7277362	0.09375
13.7442361999999	0.09375
13.7611218	0.09375
13.7773735000001	0.09375
13.7941593	0.09375
13.8108191000001	0.09375
13.8275020000001	0.09375
13.8443542	0.09375
13.8614547	0.09375
13.8776256000001	0.09375
13.8941356	0.09375
13.9110760000001	0.09375
13.9279879000001	0.09375
13.9442025999999	0.09375
13.9610095	0.09375
13.9778352999999	0.09375
13.9943734999999	0.09375
14.0113289000001	0.09375
14.0278230000001	0.09375
14.0443330000001	0.09375
14.0609893999999	0.09375
14.0779474000001	0.09375
14.0944492000001	0.09375
14.1107810999999	0.09375
14.1276974	0.09375
14.1445601	0.09375
14.1611042	0.09375
14.1777112	0.09375
14.1941763	0.09375
14.2109607	0.09375
14.2278071999999	0.09375
14.2442031	0.09375
14.2607925	0.09375
14.2777547000001	0.09375
14.2947959000001	0.09375
14.3106941999999	0.09375
14.3278445000001	0.09375
14.3443781000001	0.09375
14.3606526999999	0.09375
14.3777620000001	0.09375
14.3945636000001	0.09375
14.4107806	0.09375
14.4274253000001	0.09375
14.4446227999999	0.09375
14.4608135999999	0.09375
14.4774302000001	0.09375
14.4943977	0.09375
14.5112674	0.09375
14.5278254	0.09375
14.5443739	0.09375
14.5609105999999	0.09375
14.5776753	0.09375
14.5943708	0.09375
14.6110585000001	0.09375
14.6275888	0.09375
14.6441373	0.09375
14.6610558	0.09375
14.6770034000001	0.09375
14.6940754	0.09375
14.7107948	0.09375
14.7274874	0.09375
14.7441151	0.09375
14.7607834	0.09375
14.7777779	0.09375
14.7940776	0.09375
14.8108702	0.09375
14.8275077999999	0.09375
14.8441720000001	0.09375
14.8611379000001	0.09375
14.8777142000001	0.09375
14.894219	0.09375
14.9110029999999	0.09375
14.9273737000001	0.09375
14.9442091999999	0.09375
14.9610792000001	0.09375
14.9777809	0.09375
14.9944716	0.09375
15.0105595	0.09375
15.0273999999999	0.09375
15.0443682	0.09375
15.0610085999999	0.09375
15.0778566000001	0.09375
15.0943299	0.09375
15.1105066	0.09375
15.1279296	0.09375
15.1445951999999	0.09375
15.1606591	0.09375
15.1777685	0.09375
15.1943544000001	0.09375
15.2110248000001	0.09375
15.2276715	0.09375
15.2442156	0.09375
15.2606390000001	0.09375
15.2775916000001	0.09375
15.2944493	0.09375
15.3111670999999	0.09375
15.3277763999999	0.09375
15.3444058	0.09375
15.3607947	0.09375
15.3777130000001	0.09375
15.3943555999999	0.09375
15.4108213	0.09375
15.4276723	0.09375
15.4443237	0.09375
15.4607208	0.09375
15.4777629	0.09375
15.4942587	0.09375
15.5105636000001	0.09375
15.5278192999999	0.09375
15.5440062	0.09375
15.5604822	0.09375
15.5777121000001	0.09375
15.5942016000001	0.09375
15.6107304	0.09375
15.6278755000001	0.09375
15.6444392000001	0.09375
15.6604562	0.09375
15.6777320000001	0.09375
15.6943406	0.09375
15.7104699000001	0.09375
15.7274017	0.09375
15.7445778000001	0.09375
15.76136	0.09375
15.7779349	0.09375
15.7942653	0.09375
15.8109068000001	0.09375
15.8277482000001	0.09375
15.8443668	0.09375
15.8607013999999	0.09375
15.8782530999999	0.09375
15.894264	0.09375
15.9106770000001	0.09375
15.9276502	0.09375
15.9443375000001	0.09375
15.9609534000001	0.09375
15.9776899999999	0.09375
15.9941893	0.09375
16.0108293999999	0.09375
16.0273228000001	0.09375
16.0439297	0.09375
16.0651629000001	0.09375
16.0775685999999	0.09375
16.0943282000001	0.09375
16.1108712	0.09375
16.1276210999999	0.09375
16.1442267	0.09375
16.1606848000001	0.09375
16.1777293	0.09375
16.1945018000001	0.09375
16.2108833	0.09375
16.2276178	0.09375
16.2441771000001	0.09375
16.2607768	0.09375
16.2775412999999	0.09375
16.2943396000001	0.09375
16.3105462999999	0.09375
16.3276951	0.09375
16.3446951999999	0.09375
16.3604402999999	0.09375
16.3775647	0.09375
16.3943972	0.09375
16.4106233	0.09375
16.4272292999999	0.09375
16.4439359	0.09375
16.4609063	0.09375
16.4804048000001	0.09375
16.4944932000001	0.09375
16.5108118999999	0.09375
16.5274332000001	0.09375
16.5440765000001	0.09375
16.5607659	0.09375
16.5776728999999	0.09375
16.5943605	0.09375
16.6110911000001	0.09375
16.6278327	0.09375
16.6442064	0.09375
16.6604714	0.09375
16.6802841000001	0.09375
16.6948086	0.09375
16.7115517	0.09375
16.7278922	0.09375
16.7445276999999	0.09375
16.7611434	0.09375
16.7772758999999	0.09375
16.7944716	0.09375
16.8111552	0.09375
16.8277178000001	0.09375
16.844235	0.09375
16.8606668	0.09375
16.8776077	0.09375
16.8946481	0.09375
16.9104747000001	0.09375
16.9275585	0.09375
16.9443908999999	0.09375
16.9604095	0.09375
16.9774236999999	0.09375
16.9943645000001	0.09375
17.0108375	0.09375
17.0279206	0.09375
17.0441404000001	0.09375
17.0604731999999	0.09375
17.0778163	0.09375
17.0941038000001	0.09375
17.1104633	0.09375
17.1276545000001	0.09375
17.1445135000001	0.09375
17.1608447000001	0.09375
17.1778926	0.09375
17.1942237999999	0.09375
17.2104842000001	0.09375
17.2273213999999	0.09375
17.2437837	0.09375
17.2609785	0.09375
17.2777954999999	0.09375
17.2946052	0.09375
17.3106352	0.09375
17.3273435999999	0.09375
17.3443638000001	0.09375
17.3605408000001	0.09375
17.3776121000001	0.09375
17.3941514000001	0.09375
17.4128464	0.09375
17.4276546999999	0.09375
17.4439411000001	0.09375
17.4603701000001	0.09375
17.4778140999999	0.09375
17.4942361000001	0.09375
17.5107244000001	0.09375
17.5276053	0.09375
17.5442579	0.09375
17.5605608000001	0.09375
17.5775722000001	0.09375
17.5939060000001	0.09375
17.6110825999999	0.09375
17.6275919	0.09375
17.6439831	0.09375
17.6606521000001	0.09375
17.6775571999999	0.09375
17.6942662000001	0.09375
17.7104924	0.09375
17.7278493000001	0.09375
17.7443871	0.09375
17.7609723	0.09375
17.7776262	0.09375
17.7942196000001	0.09375
17.8109514	0.09375
17.8283355999999	0.09375
17.8442119000001	0.09375
17.8604706000001	0.09375
17.8776075000001	0.09375
17.8940815999999	0.09375
17.9108969000001	0.09375
17.9273938000001	0.09375
17.9444014999999	0.09375
17.9609481	0.09375
17.9775274000001	0.09375
17.9940404000001	0.09375
18.0109047999999	0.09375
18.0274394	0.09375
18.0442241999999	0.09375
18.0607079000001	0.09375
18.0774297	0.09375
18.0941176000001	0.09375
18.1112745	0.09375
18.1275529	0.09375
18.1442698999999	0.09375
18.1604742	0.09375
18.1773959	0.09375
18.1943610000001	0.09375
18.2105167	0.09375
18.2276488	0.09375
18.2441707	0.09375
18.2607436000001	0.09375
18.2775836999999	0.09375
18.2943585	0.09375
18.3109592999999	0.09375
18.3276569	0.09375
18.3442981000001	0.09375
18.3609346000001	0.09375
18.3775576	0.09375
18.3940748	0.09375
18.4109386	0.09375
18.4276466000001	0.09375
18.4441744999999	0.09375
18.4604902999999	0.09375
18.4772963	0.09375
18.4941934000001	0.09375
18.5107740999999	0.09375
18.5278900999999	0.09375
18.5443362999999	0.09375
18.5608373	0.09375
18.577734	0.09375
18.5939161000001	0.09375
18.6108716000001	0.09375
18.6276239000001	0.09375
18.6440225000001	0.09375
18.6608997999999	0.09375
18.6771536000001	0.09375
18.6939145000001	0.09375
18.7108412	0.09375
18.7278587000001	0.09375
18.7441041	0.09375
18.7609537000001	0.09375
18.7773282000001	0.09375
18.7943809000001	0.09375
18.8109810000001	0.09375
18.8277263	0.09375
18.8442319000001	0.09375
18.8609179	0.09375
18.8775484	0.09375
18.8937182	0.09375
18.9103319999999	0.09375
18.9281414	0.09375
18.9438585	0.09375
18.9609642	0.09375
18.9775927999999	0.09375
18.9940148999999	0.09375
19.0109338	0.09375
19.0270267000001	0.09375
19.0442564	0.09375
19.0607986	0.09375
19.0772565	0.09375
19.0941977	0.09375
19.1110166999999	0.09375
19.1274525000001	0.09375
19.1438423	0.09375
19.1610456000001	0.09375
19.1776391999999	0.09375
19.1940798000001	0.09375
19.2108135999999	0.09375
19.2278606	0.09375
19.2445763999999	0.09375
19.2609867000001	0.09375
19.2776094000001	0.09375
19.2942154	0.09375
19.3108559	0.09375
19.3275759999999	0.09375
19.3437845999999	0.09375
19.3603028	0.09375
19.3774020999999	0.09375
19.3940239000001	0.09375
19.4102907000001	0.09375
19.4275732000001	0.09375
19.4444381000001	0.09375
19.4609563000001	0.09375
19.477856	0.09375
19.4941956	0.09375
19.5108112	0.09375
19.5275486	0.09375
19.5440714000001	0.09375
19.5604381000001	0.09375
19.5772362	0.09375
19.5937427000001	0.09375
19.6108710000001	0.09375
19.6274332	0.102083333333333
19.6443107	0.110416666666667
19.6609467999999	0.110416666666667
19.6776219000001	0.110416666666667
19.6938635000001	0.110416666666667
19.7108647	0.110416666666667
19.7276844	0.110416666666667
19.7439749	0.110416666666667
19.7601232	0.110416666666667
19.7774606	0.110416666666667
19.7940166999999	0.110416666666667
19.8108027999999	0.110416666666667
19.8274541999999	0.110416666666667
19.8438057999999	0.110416666666667
19.8603154	0.110416666666667
19.8771273	0.110416666666667
19.8940097	0.110416666666667
19.9106028000001	0.110416666666667
19.9276322999999	0.110416666666667
19.9438700000001	0.110416666666667
19.9612305000001	0.110416666666667
19.9775192	0.110416666666667
19.9940422	0.110416666666667
20.0105439000001	0.110416666666667
20.0274873999999	0.110416666666667
20.0439596000001	0.110416666666667
20.0606875999999	0.110416666666667
20.0774173	0.110416666666667
20.0938490000001	0.110416666666667
20.1106307	0.110416666666667
20.1276732000001	0.110416666666667
20.1439464	0.110416666666667
20.160762	0.110416666666667
20.1774399000001	0.110416666666667
20.1939623999999	0.110416666666667
20.2107409	0.110416666666667
20.2275833000001	0.110416666666667
20.2442318999999	0.110416666666667
20.2608786000001	0.110416666666667
20.2775438000001	0.110416666666667
20.2937739000001	0.110416666666667
20.3107884000001	0.110416666666667
20.3271624000001	0.110416666666667
20.3439779	0.110416666666667
20.3610636999999	0.110416666666667
20.3778115	0.110416666666667
20.3941480999999	0.110416666666667
20.4106537	0.110416666666667
20.4272639999999	0.110416666666667
20.4438233999999	0.110416666666667
20.4607191	0.110416666666667
20.4775328999999	0.110416666666667
20.4940546	0.110416666666667
20.5105261000001	0.110416666666667
20.5277317	0.110416666666667
20.5442152000001	0.110416666666667
20.5611414	0.110416666666667
20.5771965000001	0.110416666666667
20.5940224000001	0.110416666666667
20.6106731	0.110416666666667
20.6276811	0.110416666666667
20.6442812	0.110416666666667
20.6609344999999	0.110416666666667
20.6776534000001	0.110416666666667
20.6941363999999	0.11875
20.710869	0.11875
20.7277329000001	0.128125
20.7440068999999	0.128125
20.7608798000001	0.128125
20.7773897	0.128125
20.7940142	0.128125
20.8108652000001	0.128125
20.8278660000001	0.128125
20.8439317	0.128125
20.8605156000001	0.128125
20.8775353000001	0.128125
20.8938766000001	0.128125
20.910678	0.128125
20.9271778	0.128125
20.9440349000001	0.128125
20.960202	0.128125
20.9773382000001	0.128125
20.9940551	0.128125
21.0107481	0.128125
21.0273422	0.128125
21.0443304	0.128125
21.0607178	0.128125
21.0774676999999	0.128125
21.0940552	0.128125
21.1107523999999	0.128125
21.1272801	0.128125
21.1440572000001	0.128125
21.1606073	0.128125
21.1775703999999	0.128125
21.1939637	0.128125
21.2110249	0.128125
21.2278065	0.128125
21.2439858	0.128125
21.2607799	0.128125
21.27757	0.128125
21.2943344	0.128125
21.3110416	0.128125
21.3277676	0.128125
21.3441660999999	0.128125
21.3607264	0.128125
21.3774759	0.128125
21.3938369	0.128125
21.410799	0.128125
21.4274433	0.128125
21.4442348	0.128125
21.4606008999999	0.128125
21.4773526000001	0.128125
21.4940358000001	0.128125
21.5108402000001	0.128125
21.5273985000001	0.128125
21.5440538	0.128125
21.5605393000001	0.128125
21.5775341999999	0.128125
21.5941098999999	0.128125
21.6108277999999	0.128125
21.6275625999999	0.128125
21.6438792000001	0.128125
21.6608974000001	0.128125
21.6771934000001	0.128125
21.6938058000001	0.128125
21.7109405000001	0.128125
21.7273134	0.128125
21.7442807	0.128125
21.7608733	0.128125
21.7773194000001	0.128125
21.7943007000001	0.128125
21.8109099000001	0.128125
21.8273416	0.128125
21.8439894000001	0.128125
21.8608775	0.128125
21.8770753000001	0.128125
21.8939879	0.128125
21.9110207000001	0.128125
21.9273662000001	0.128125
21.943984	0.128125
21.9601030000001	0.128125
21.9772247000001	0.128125
21.9936347	0.128125
22.0107135999999	0.128125
22.0274731	0.128125
22.0441132999999	0.128125
22.0607577000001	0.128125
22.076986	0.128125
22.0935649	0.128125
22.1106247	0.128125
22.1274473999999	0.128125
22.144108	0.128125
22.1609665999999	0.128125
22.1778062999999	0.128125
22.1937688	0.128125
22.2109511000001	0.128125
22.2276695	0.128125
22.2443085	0.128125
22.2606046999999	0.128125
22.2771643999999	0.128125
22.2938965000001	0.128125
22.3106974	0.128125
22.3275039	0.128125
22.3439817000001	0.128125
22.3608378000001	0.128125
22.3776874	0.128125
22.3938903999999	0.128125
22.4106097000001	0.128125
22.4274347	0.128125
22.4437614999999	0.128125
22.4608003000001	0.128125
22.4771326	0.128125
22.4939718000001	0.128125
22.5107495	0.128125
22.5273941	0.128125
22.5439774000001	0.128125
22.5605763000001	0.128125
22.5773114000001	0.128125
22.5938989000001	0.128125
22.6108515000001	0.128125
22.6274662000001	0.128125
22.6444641000001	0.128125
22.6606561999999	0.128125
22.6769251000001	0.128125
22.6938929	0.128125
22.7110291000001	0.128125
22.7275001	0.128125
22.7439347	0.128125
22.7608215	0.128125
22.7779161000001	0.128125
22.7939438000001	0.128125
22.8109406999999	0.128125
22.8272442	0.128125
22.8440636	0.128125
22.8602915000001	0.128125
22.8774698	0.128125
22.8937848	0.128125
22.9104219999999	0.128125
22.9271193	0.128125
22.9438918999999	0.128125
22.9604314000001	0.128125
22.9771894	0.128125
22.9939214000001	0.128125
23.0108579	0.128125
23.0274460000001	0.128125
23.0438736999999	0.128125
23.0608933999999	0.128125
23.0778819	0.128125
23.0938430000001	0.128125
23.1108345	0.128125
23.1273777000001	0.128125
23.1440333	0.128125
23.1609605000001	0.128125
23.1772268	0.128125
23.1942286999999	0.128125
23.2105644000001	0.128125
23.2270430999999	0.128125
23.2440119	0.128125
23.260511	0.128125
23.2773623	0.128125
23.2939703	0.128125
23.3108477000001	0.128125
23.3274612	0.128125
23.3439128	0.128125
23.3608265	0.128125
23.3777061000001	0.128125
23.3940292	0.128125
23.4110635	0.128125
23.4275379000001	0.128125
23.4436788	0.128125
23.4607957000001	0.128125
23.4772237	0.128125
23.4940979	0.128125
23.5105761	0.128125
23.527339	0.128125
23.544083	0.128125
23.5609036000001	0.128125
23.5775582000001	0.128125
23.5941028	0.128125
23.6106957	0.128125
23.6269944999999	0.128125
23.6441319	0.128125
23.6606568	0.128125
23.6775528000001	0.128125
23.6939563000001	0.128125
23.7104621999999	0.128125
23.7273642	0.128125
23.7439013000001	0.128125
23.7604232000001	0.128125
23.7774826	0.128125
23.7940728999999	0.128125
23.8108678999999	0.128125
23.8274725000001	0.128125
23.8436184	0.128125
23.8607374999999	0.128125
23.8770686	0.128125
23.8934117000001	0.128125
23.9108324000001	0.128125
23.9271974999999	0.128125
23.9433881	0.128125
23.9607529	0.128125
23.9773001000001	0.128125
23.9943327999999	0.128125
24.010894	0.128125
24.0273391000001	0.128125
24.0444674	0.128125
24.060823	0.128125
24.0773835	0.128125
24.0940704	0.128125
24.110833	0.128125
24.1273418999999	0.128125
24.1439929999999	0.128125
24.1608407000001	0.128125
24.1767	0.128125
24.1938262000001	0.128125
24.2105968000001	0.128125
24.2275743	0.128125
24.2442214	0.128125
24.2606533999999	0.128125
24.277433	0.128125
24.2940977000001	0.128125
24.3106374000001	0.128125
24.3271030999999	0.128125
24.3439968	0.128125
24.3607240000001	0.128125
24.3774205	0.128125
24.3937937000001	0.128125
24.4101668000001	0.128125
24.4268349000001	0.128125
24.444074	0.128125
24.4605108000001	0.128125
24.4772181999999	0.128125
24.4936500000001	0.128125
24.5108745	0.128125
24.5275289000001	0.128125
24.5439137000001	0.128125
24.5608726	0.128125
24.5772552999999	0.128125
24.5941991	0.128125
24.6104261	0.128125
24.6275034	0.128125
24.6435662000001	0.128125
24.6608007	0.128125
24.6773920000001	0.128125
24.6940205999999	0.128125
24.7108129999999	0.128125
24.7274302000001	0.128125
24.7435935000001	0.128125
24.7606553000001	0.128125
24.7774161	0.128125
24.7935081000001	0.128125
24.8107314000001	0.128125
24.8274710999999	0.128125
24.8435951000001	0.128125
24.8606833000001	0.128125
24.8773423	0.128125
24.8939218	0.128125
24.9102405000001	0.128125
24.9270402	0.128125
24.9438536	0.128125
24.9606726	0.128125
24.9771777999999	0.128125
24.9936066	0.128125
25.0105934000001	0.128125
25.0275283999999	0.128125
25.0435896000001	0.128125
25.0607325999999	0.128125
25.0768393000001	0.128125
25.0932224000001	0.128125
25.1107646	0.128125
25.1274244000001	0.128125
25.1436092000001	0.128125
25.1606396	0.128125
25.1774924000001	0.128125
25.1939953999999	0.128125
25.2103463000001	0.128125
25.2275474	0.128125
25.2438883	0.128125
25.2610946	0.128125
25.2773615999999	0.128125
25.2935425000001	0.128125
25.3104464	0.128125
25.3274637	0.128125
25.3434338	0.128125
25.3605190999999	0.128125
25.3771191000001	0.128125
25.3935338000001	0.128125
25.4107900000001	0.128125
25.4273891	0.128125
25.4436111	0.128125
25.4627276000001	0.128125
25.4774312	0.128125
25.4937179999999	0.128125
25.5108017	0.128125
25.5273112	0.128125
25.5434273000001	0.128125
25.5606318	0.128125
25.5771376	0.128125
25.5934126	0.128125
25.6106947999999	0.128125
25.6274506	0.128125
25.6435131999999	0.128125
25.6605023	0.128125
25.6773201000001	0.128125
25.6936038000001	0.128125
25.7106726	0.128125
25.7273500000001	0.128125
25.7437451000001	0.128125
25.7604051999999	0.128125
25.7774208999999	0.128125
25.7937982999999	0.128125
25.8107606999999	0.128125
25.8269696	0.128125
25.8434973000001	0.128125
25.8604305000001	0.128125
25.8771525	0.128125
25.8938785	0.128125
25.9108735	0.128125
25.9273792000001	0.128125
25.9435242	0.128125
25.9608271	0.128125
25.9772491000001	0.128125
25.9934819	0.128125
26.0106117	0.128125
26.0267815	0.128125
26.0433926999999	0.128125
26.0607009	0.128125
26.077278	0.128125
26.0935048000001	0.128125
26.1105334000001	0.128125
26.1268514999999	0.128125
26.1435240000001	0.128125
26.1607634	0.128125
26.1775463000001	0.128125
26.1939807000001	0.128125
26.2106166999999	0.128125
26.2274155	0.128125
26.2434169000001	0.128125
26.2606267000001	0.128125
26.2772457999999	0.128125
26.2939504999999	0.128125
26.3107266	0.128125
26.3266709	0.128125
26.3437809	0.128125
26.3606786	0.128125
26.3771998	0.128125
26.3936931000001	0.128125
26.4105933000001	0.128125
26.4270793999999	0.128125
26.4434917999999	0.128125
26.4607748000001	0.128125
26.4769837000001	0.128125
26.4937233000001	0.128125
26.5105928	0.128125
26.5273297000001	0.128125
26.5436806	0.128125
26.5606743000001	0.128125
26.5770233000001	0.128125
26.5938056	0.128125
26.6105394000001	0.128125
26.627268	0.128125
26.6437923999999	0.128125
26.6607752	0.128125
26.6770022000001	0.128125
26.6938531999999	0.128125
26.7106077000001	0.128125
26.7275242000001	0.128125
26.7437896000001	0.128125
26.7601176000001	0.128125
26.7769207000001	0.128125
26.7939435999999	0.128125
26.8104189000001	0.128125
26.8273216	0.128125
26.8439945	0.128125
26.8605176999999	0.128125
26.8770287	0.128125
26.893787	0.128125
26.9105697	0.128125
26.9274684	0.128125
26.9443696000001	0.128125
26.9606484999999	0.128125
26.9773035999999	0.128125
26.9935467	0.128125
27.0103220999999	0.128125
27.0269275999999	0.128125
27.0437122000001	0.128125
27.0603014999999	0.128125
27.0773277999999	0.128125
27.0933759	0.128125
27.1108672	0.128125
27.1269662	0.128125
27.1437166999999	0.128125
27.1606871000001	0.128125
27.1771375999999	0.128125
27.1938118	0.128125
27.2106174	0.128125
27.2269286000001	0.128125
27.2439241	0.128125
27.2607201000001	0.128125
27.2774867000001	0.128125
27.2938289000001	0.128125
27.3107901000001	0.128125
27.3271374000001	0.128125
27.3437197999999	0.128125
27.3606864999999	0.128125
27.3774003000001	0.128125
27.3938640000001	0.128125
27.4105435000001	0.128125
27.4271421999999	0.128125
27.4433749	0.128125
27.4604336	0.128125
27.4774003	0.128125
27.4934020000001	0.128125
27.5107783999999	0.128125
27.527192	0.128125
27.5435378	0.128125
27.5605196000001	0.128125
27.5772098	0.128125
27.5937220999999	0.128125
27.6107445	0.128125
27.6273152000001	0.128125
27.6435478999999	0.128125
27.6607208	0.128125
27.6771516000001	0.128125
27.6935017000001	0.128125
27.71064	0.128125
27.7272611999999	0.128125
27.7438684000001	0.128125
27.7605389	0.128125
27.7771431000001	0.128125
27.7939073	0.128125
27.8105353000001	0.128125
27.8273044	0.128125
27.8438985	0.128125
27.860633	0.128125
27.8771803	0.128125
27.8938138999999	0.128125
27.9106099000001	0.128125
27.9270461000001	0.128125
27.9435510000001	0.128125
27.9603092	0.128125
27.9767643	0.128125
27.9936068	0.128125
28.0106040999999	0.128125
28.0271407	0.128125
28.0438744	0.128125
28.0606644	0.128125
28.0771004000001	0.128125
28.0937180999999	0.128125
28.1102834000001	0.128125
28.1270509999999	0.128125
28.1435409000001	0.128125
28.1605714	0.128125
28.1769187	0.128125
28.1938124000001	0.128125
28.2106438999999	0.128125
28.2268245	0.128125
28.2437456	0.128125
28.2602721999999	0.128125
28.2770353000001	0.128125
28.2937614	0.128125
28.3107523000001	0.128125
28.3272557	0.128125
28.3436098	0.128125
28.3604453	0.128125
28.37707	0.128125
28.393746	0.128125
28.4106922999999	0.128125
28.4271908000001	0.128125
28.4434281000001	0.128125
28.4603949	0.128125
28.4774084000001	0.128125
28.4936878999999	0.128125
28.5104091999999	0.128125
28.5271316999999	0.128125
28.5435471000001	0.128125
28.5606287000001	0.128125
28.5770104000001	0.128125
28.5939227000001	0.128125
28.6105448000001	0.128125
28.6267657000001	0.128125
28.6433858	0.128125
28.6607855	0.128125
28.6768162999999	0.128125
28.6937525000001	0.128125
28.7109114	0.128125
28.7272129	0.128125
28.7437901999999	0.128125
28.7602598000001	0.128125
28.7771174	0.128125
28.7939285	0.128125
28.8104854999999	0.128125
28.8274045000001	0.128125
28.8441193000001	0.128125
28.8606334999999	0.128125
28.8771288	0.128125
28.8938020000001	0.128125
28.9105758999999	0.128125
28.9270371	0.128125
28.9436627	0.128125
28.9606188	0.128125
28.9766850000001	0.128125
28.9934693	0.128125
29.0102343999999	0.128125
29.0271493	0.128125
29.0442177	0.128125
29.0604264000001	0.128125
29.0769796	0.128125
29.0937954000001	0.128125
29.1108902000001	0.128125
29.1271446000001	0.128125
29.1437186000001	0.128125
29.1605942000001	0.128125
29.176635	0.128125
29.1934567000001	0.128125
29.2101923	0.128125
29.2272837	0.128125
29.2436634000001	0.128125
29.2604650999999	0.128125
29.2771729999999	0.128125
29.2939296	0.128125
29.3104146000001	0.128125
29.3270497999999	0.128125
29.3437213	0.128125
29.3607029	0.128125
29.3770935	0.128125
29.3938101000001	0.128125
29.4106184	0.128125
29.4268556	0.128125
29.4435712	0.128125
29.4606206999999	0.128125
29.4771820999999	0.128125
29.4935015000001	0.128125
29.5105814999999	0.128125
29.5269761	0.128125
29.5439028000001	0.128125
29.5609875	0.128125
29.5770868	0.128125
29.5935989	0.128125
29.6104657000001	0.128125
29.6273707	0.128125
29.6438271	0.128125
29.660758	0.128125
29.6774773	0.128125
29.6934421999999	0.128125
29.7107176	0.128125
29.7275649000001	0.128125
29.7438089	0.128125
29.7604294	0.128125
29.7767194	0.128125
29.7938340000001	0.128125
29.810684	0.128125
29.8272614	0.128125
29.8436805000001	0.128125
29.8605394000001	0.128125
29.8771544000001	0.128125
29.8934595000001	0.128125
29.9105303000001	0.128125
29.9268706	0.128125
29.9433555000001	0.128125
29.9605487000001	0.128125
29.9766408	0.128125
29.9940713999999	0.128125
30.0104988000001	0.128125
30.0277945	0.128125
30.0441780000001	0.128125
30.060534	0.128125
30.0772354999999	0.128125
30.0938843000001	0.128125
30.1105315	0.128125
30.1271937000001	0.128125
30.1434054000001	0.128125
30.1606598999999	0.128125
30.1769257999999	0.128125
30.1935005	0.128125
30.2104758	0.128125
30.2268461000001	0.128125
30.2438912	0.128125
30.2602115	0.128125
30.2769585999999	0.128125
30.2938128999999	0.128125
30.3105399999999	0.128125
30.3272503999999	0.128125
30.3439046000001	0.128125
30.3605742	0.128125
30.3769924000001	0.128125
30.3936827	0.128125
30.4103936000001	0.128125
30.4272601	0.128125
30.4436726000001	0.128125
30.4648463999999	0.128125
30.4768994999999	0.128125
30.4938862000001	0.128125
30.5108464	0.128125
30.5272086	0.128125
30.5434617999999	0.128125
30.5601274000001	0.128125
30.5768843000001	0.128125
30.5931327999999	0.128125
30.6103488000001	0.128125
30.6270798	0.128125
30.6436835	0.128125
30.6600184000001	0.128125
30.6768965000001	0.128125
30.6935450999999	0.128125
30.7098865	0.128125
30.7270538	0.128125
30.7435330999999	0.128125
30.7601996000001	0.128125
30.7771606000001	0.128125
30.7937515000001	0.128125
30.8104229	0.128125
30.8271456	0.128125
30.8438658	0.128125
30.8605380000001	0.128125
30.8769921000001	0.128125
30.8935041	0.128125
30.910018	0.128125
30.9271971000001	0.128125
30.9438596	0.128125
30.9604059000001	0.128125
30.9771883000001	0.128125
30.994025	0.128125
31.0105430000001	0.128125
31.0269997	0.128125
31.0434387	0.128125
31.0608837	0.128125
31.0770422000001	0.128125
31.0937249000001	0.128125
31.1104973000001	0.128125
31.1270664000001	0.128125
31.1433629000001	0.128125
31.1603674	0.128125
31.1770779000001	0.128125
31.1934309999999	0.128125
31.2101428999999	0.128125
31.2271335	0.128125
31.2441157000001	0.128125
31.2605840000001	0.128125
31.2769301999999	0.128125
31.2936763	0.128125
31.3107144000001	0.128125
31.3273537	0.128125
31.3438752	0.128125
31.3603310999999	0.128125
31.3766250000001	0.128125
31.3935784	0.128125
31.4109221000001	0.128125
31.4270308	0.128125
31.4433472000001	0.128125
31.4608618	0.128125
31.4770588000001	0.128125
31.4935187000001	0.128125
31.5105043000001	0.128125
31.5270693	0.128125
31.5439186999999	0.128125
31.5606428000001	0.128125
31.5772486999999	0.128125
31.5935741999999	0.128125
31.6103251	0.128125
31.6272093	0.128125
31.64374	0.128125
31.6601107000001	0.128125
31.6770716000001	0.128125
31.6937313999999	0.128125
31.7103242000001	0.128125
31.7274041999999	0.128125
31.7435532	0.128125
31.7602394	0.128125
31.7768675	0.128125
31.793635	0.128125
31.8105499000001	0.128125
31.8271340000001	0.128125
31.8441723000001	0.128125
31.8606731	0.128125
31.8769448	0.128125
31.8934246000001	0.128125
31.9108550999999	0.128125
31.9270818	0.128125
31.9434756000001	0.128125
31.9602844999999	0.128125
31.9769559000001	0.128125
31.9937918000001	0.128125
32.0102165999999	0.128125
32.0268697000001	0.128125
32.0434949	0.128125
32.0606296999999	0.128125
32.0769771	0.128125
32.093388	0.128125
32.1106187	0.128125
32.1269689999999	0.128125
32.1437083999999	0.128125
32.1603909	0.128125
32.177109	0.128125
32.1937677000001	0.128125
32.2101563000001	0.128125
32.2270979	0.128125
32.2438644000001	0.128125
32.2603093	0.128125
32.2770757000001	0.128125
32.2934004000001	0.128125
32.3100561000001	0.128125
32.3271099999999	0.128125
32.3434328999999	0.128125
32.3604754	0.128125
32.3768116000001	0.128125
32.3933305	0.128125
32.410347	0.128125
32.4269750999999	0.128125
32.4442748000001	0.128125
32.4602448000001	0.128125
32.4768922999999	0.128125
32.4938642	0.128125
32.5104391	0.128125
32.5271812999999	0.128125
32.5434256000001	0.128125
32.5603546	0.128125
32.5768763999999	0.128125
32.5937706	0.128125
32.6101234	0.128125
32.6267336000001	0.128125
32.6434042000001	0.128125
32.6601279000001	0.128125
32.6767516	0.128125
32.6936164000001	0.128125
32.7103614	0.128125
32.7269858	0.128125
32.7439231000001	0.128125
32.7603783	0.128125
32.7771267000001	0.128125
32.7941106999999	0.128125
32.81053	0.128125
32.8269256000001	0.128125
32.8440688999999	0.128125
32.8604110000001	0.128125
32.8771072	0.128125
32.8933136000001	0.128125
32.9101273000001	0.128125
32.9269438000001	0.128125
32.9437187000001	0.128125
32.9603393	0.128125
32.9769452	0.128125
32.9938953000001	0.128125
33.0106061000001	0.128125
33.0266901	0.128125
33.0442045	0.128125
33.0605063	0.128125
33.0770481	0.128125
33.0936534	0.128125
33.1102616000001	0.128125
33.1270757	0.128125
33.143558	0.128125
33.1604996000001	0.128125
33.1764263	0.128125
33.1933948999999	0.128125
33.2102755000001	0.128125
33.2269876	0.128125
33.2437387	0.128125
33.2605760000001	0.128125
33.2770201999999	0.128125
33.2935662	0.128125
33.3105055000001	0.128125
33.3269083	0.128125
33.3437666	0.128125
33.3600981	0.128125
33.376485	0.128125
33.3937558	0.128125
33.4104181	0.128125
33.4268607000001	0.128125
33.4437594000001	0.128125
33.4603064	0.128125
33.4771860999999	0.128125
33.4934009000001	0.128125
33.5104427000001	0.128125
33.5265483000001	0.128125
33.5437913999999	0.128125
33.5602766	0.128125
33.5768886000001	0.128125
33.5933067999999	0.128125
33.6106069	0.128125
33.6267259000001	0.128125
33.6437129000001	0.128125
33.6602065	0.128125
33.6765068	0.128125
33.6933865000001	0.128125
33.7105392000001	0.128125
33.7270869000001	0.128125
33.7439248999999	0.128125
33.7605973	0.128125
33.7766462	0.128125
33.793662	0.128125
33.8103357	0.128125
33.8268082	0.128125
33.8436632	0.128125
33.8600441000001	0.128125
33.877178	0.128125
33.8937796	0.128125
33.9100040000001	0.128125
33.9264638	0.128125
33.943771	0.128125
33.9599470000001	0.128125
33.9764583000001	0.128125
33.9943249	0.128125
34.0103833999999	0.128125
34.0268854000001	0.128125
34.0440441000001	0.128125
34.0599827000001	0.128125
34.0768106	0.128125
34.0933868	0.128125
34.1103746000001	0.128125
34.1263741	0.128125
34.1433452000001	0.128125
34.1606691	0.128125
34.1764568999999	0.128125
34.1931626000001	0.128125
34.2103134000001	0.128125
34.2266466999999	0.128125
34.243575	0.128125
34.2601932	0.128125
34.2766242	0.128125
34.2938062000001	0.128125
34.3102200999999	0.128125
34.3264497	0.128125
34.3436788000001	0.128125
34.3601120999999	0.128125
34.3764186999999	0.128125
34.3936013	0.128125
34.4100208	0.128125
34.4264304999999	0.128125
34.4438298	0.128125
34.4600435	0.128125
34.4768581999999	0.128125
34.4937164	0.128125
34.5103690999999	0.128125
34.5266756000001	0.128125
34.5436578000001	0.128125
34.5603547999999	0.128125
34.5765453000001	0.128125
34.5931915000001	0.128125
34.6103594000001	0.128125
34.6271286000001	0.128125
34.6439505999999	0.128125
34.6606045000001	0.128125
34.6765338	0.128125
34.6936029999999	0.128125
34.7105537	0.128125
34.7264855999999	0.128125
34.743714	0.128125
34.7602449999999	0.128125
34.7764993000001	0.128125
34.7933915999999	0.128125
34.8102220999999	0.128125
34.8271368999999	0.128125
34.8436716000001	0.128125
34.8601249999999	0.128125
34.8769291999999	0.128125
34.8933380999999	0.128125
34.9102210999999	0.128125
34.927005	0.128125
34.9436475	0.128125
34.9604907	0.128125
34.9764964000001	0.128125
34.9935482999999	0.128125
35.0103641999999	0.128125
35.0269768000001	0.128125
35.0436376	0.128125
35.0602246999999	0.128125
35.0766291	0.128125
35.0936423000001	0.128125
35.1103873	0.128125
35.1268246	0.128125
35.1437677000001	0.128125
35.160322	0.128125
35.1770180000001	0.128125
35.1933467000001	0.128125
35.210223	0.128125
35.2270129000001	0.128125
35.2434040000001	0.128125
35.2598915999999	0.128125
35.2762508000001	0.128125
35.2935712999999	0.128125
35.3101704999999	0.128125
35.3269246	0.128125
35.3433789000001	0.128125
35.3599624000001	0.128125
35.3766584	0.128125
35.3931628	0.128125
35.4099867	0.128125
35.4268928000001	0.128125
35.4430904000001	0.128125
35.4604497	0.128125
35.4765912	0.128125
35.4932905000001	0.128125
35.509744	0.128125
35.5266761	0.128125
35.5436685	0.128125
35.5601097000001	0.128125
35.5768464	0.128125
35.5936148999999	0.128125
35.6100036	0.128125
35.6266516999999	0.128125
35.6433890999999	0.128125
35.6601504	0.128125
35.6768661000001	0.128125
35.6934607999999	0.128125
35.7101223	0.128125
35.7269106000001	0.128125
35.7431730000001	0.128125
35.7604309000001	0.128125
35.7763815999999	0.128125
35.7936199000001	0.128125
35.8099964	0.128125
35.8270511999999	0.128125
35.8436425	0.128125
35.8603064000001	0.128125
35.8767637000001	0.128125
35.8932904999999	0.128125
35.9104109	0.128125
35.9262791000001	0.128125
35.9434228	0.128125
35.9602887000001	0.128125
35.9770045	0.128125
35.993502	0.128125
36.0101245999999	0.128125
36.0266303999999	0.128125
36.0434101999999	0.128125
36.0609643	0.128125
36.0767991	0.128125
36.0931938000001	0.128125
36.1102877999999	0.128125
36.1268038999999	0.128125
36.1431749999999	0.128125
36.1599218000001	0.128125
36.1768921	0.128125
36.1934392000001	0.128125
36.2100697999999	0.128125
36.2266497000001	0.128125
36.2435560000001	0.128125
36.2601433	0.128125
36.2768808000001	0.128125
36.2935826	0.128125
36.3100643	0.128125
36.3266808000001	0.128125
36.3434056000001	0.128125
36.3600811000001	0.128125
36.3765999	0.128125
36.3933741999999	0.128125
36.4100969000001	0.128125
36.4265834	0.128125
36.4431975	0.128125
36.4601659	0.128125
36.4765719	0.128125
36.4934304999999	0.128125
36.5102145000001	0.128125
36.5268654000001	0.128125
36.5431367000001	0.128125
36.5598589000001	0.128125
36.5764312000001	0.128125
36.5935363999999	0.128125
36.6102442000001	0.128125
36.6265533000001	0.128125
36.6435258000001	0.128125
36.6603173000001	0.128125
36.6768644000001	0.128125
36.6932656000001	0.128125
36.7099071	0.128125
36.726858	0.128125
36.7434026999999	0.128125
36.7602132	0.128125
36.7764606000001	0.128125
36.7935092	0.128125
36.8096709000001	0.128125
36.8266188	0.128125
36.8431210000001	0.128125
36.8601559000001	0.128125
36.8769771	0.128125
36.8935041	0.128125
36.910251	0.128125
36.9272712	0.128125
36.9436343	0.128125
36.9600854	0.128125
36.9766872	0.128125
36.9937262000001	0.128125
37.0099517000001	0.128125
37.026419	0.128125
37.0436512000001	0.128125
37.0601810000001	0.128125
37.0768917	0.128125
37.0933811	0.128125
37.1101345	0.128125
37.126933	0.128125
37.1433575999999	0.128125
37.1600978000001	0.128125
37.1762878	0.128125
37.1933798	0.128125
37.2100684	0.128125
37.2266188999999	0.128125
37.2432625000001	0.128125
37.2601119000001	0.128125
37.2764187	0.128125
37.2936103	0.128125
37.3099245999999	0.128125
37.3273987	0.128125
37.3435371	0.128125
37.3598738999999	0.128125
37.3763690999999	0.128125
37.3935573000001	0.128125
37.4107584999999	0.128125
37.4269422	0.128125
37.4436430000001	0.128125
37.4600425000001	0.128125
37.4765199000001	0.128125
37.4936070000001	0.128125
37.5101184	0.128125
37.5268091	0.128125
37.5432214	0.128125
37.5602794000001	0.128125
37.5761497000001	0.128125
37.5935425	0.128125
37.6101163000001	0.128125
37.6268723000001	0.128125
37.6433779000001	0.128125
37.6600748999999	0.128125
37.6764221000001	0.128125
37.6934621	0.128125
37.7099175000001	0.128125
37.7268219	0.128125
37.7435383	0.128125
37.7600626999999	0.128125
37.7762722	0.128125
37.7931913	0.128125
37.8100182999999	0.128125
37.8265048999999	0.128125
37.8436041	0.128125
37.8602725999999	0.128125
37.8764921	0.128125
37.8932787000001	0.128125
37.9103857	0.128125
37.9275332	0.128125
37.9436936	0.128125
37.960067	0.128125
37.9768255000001	0.128125
37.9937251000001	0.128125
38.0102830999999	0.128125
38.0263954	0.128125
38.0434048	0.128125
38.060264	0.128125
38.0764654	0.128125
38.0934577	0.128125
38.1100516000001	0.128125
38.1270594	0.128125
38.1435081	0.128125
38.1600720000001	0.128125
38.1764337	0.128125
38.1934414	0.128125
38.2100923	0.128125
38.2269129000001	0.128125
38.2434955000001	0.128125
38.2599107999999	0.128125
38.2767693999999	0.128125
38.2935147999999	0.128125
38.3103834000001	0.128125
38.3262256	0.128125
38.3435400999999	0.128125
38.3601547000001	0.128125
38.3775678	0.128125
38.3941248000001	0.128125
38.4104741000001	0.128125
38.4269128000001	0.128125
38.4437087000001	0.128125
38.4600712000001	0.128125
38.4763289	0.128125
38.4934421	0.128125
38.5100484	0.128125
38.5266709	0.128125
38.5432415	0.128125
38.5601346999999	0.128125
38.5768852000001	0.128125
38.5935561000001	0.128125
38.6099492000001	0.128125
38.6266700000001	0.128125
38.6431161	0.128125
38.6598183999999	0.128125
38.6766774	0.128125
38.6934807	0.128125
38.710077	0.128125
38.7268619000001	0.128125
38.7433776	0.128125
38.7604506	0.128125
38.7769868	0.128125
38.7934606000001	0.128125
38.8104499000001	0.128125
38.8265111999999	0.128125
38.8435646	0.128125
38.860197	0.128125
38.8765721	0.128125
38.8933479	0.128125
38.9101714000001	0.128125
38.9269239	0.128125
38.9433257000001	0.128125
38.9600994	0.128125
38.9764058999999	0.128125
38.9936112	0.128125
39.0102589000001	0.128125
39.0265032	0.128125
39.0435723000001	0.128125
39.0601036	0.128125
39.0764624000001	0.128125
39.0933884000001	0.128125
39.1100673000001	0.128125
39.1268539	0.128125
39.1434077000001	0.128125
39.1601439999999	0.128125
39.1767144	0.128125
39.1934555	0.128125
39.2102477999999	0.128125
39.2272558	0.128125
39.2431584000001	0.128125
39.2596558	0.128125
39.277251	0.128125
39.2934760000001	0.128125
39.3100472000001	0.128125
39.3267673	0.128125
39.3435360999999	0.128125
39.3601103000001	0.128125
39.3767322000001	0.128125
39.3933402	0.128125
39.4102384	0.128125
39.4272444999999	0.128125
39.4431978	0.128125
39.4599274	0.128125
39.4764293000001	0.128125
39.4931283000001	0.128125
39.5099541	0.128125
39.5264044	0.128125
39.5431873	0.128125
39.5600349000001	0.128125
39.5762338	0.128125
39.5932216000001	0.128125
39.6096441	0.128125
39.6267264000001	0.128125
39.6433167	0.128125
39.6603124999999	0.128125
39.6768683	0.128125
39.6935082	0.128125
39.7100757000001	0.128125
39.7267400999999	0.128125
39.7437092	0.128125
39.7598026000001	0.128125
39.776721	0.128125
39.7930564999999	0.128125
39.8100999000001	0.128125
39.8268085	0.128125
39.8433388999999	0.128125
39.8600068999999	0.128125
39.8767973000001	0.128125
39.8934661999999	0.128125
39.9101138999999	0.128125
39.9268758999999	0.128125
39.9433055	0.128125
39.9599269	0.128125
39.9765268000001	0.128125
39.9935946000001	0.128125
40.0101718999999	0.128125
40.0265712	0.128125
40.0431982	0.128125
40.0600732	0.128125
40.0769187000001	0.128125
40.0932637999999	0.128125
40.1100036	0.128125
40.1268603999999	0.128125
40.1437521	0.128125
40.1600831000001	0.128125
40.1767496	0.128125
40.1936198999999	0.128125
40.2099912000001	0.128125
40.2268571	0.128125
40.2433721	0.128125
40.2600858999999	0.128125
40.2763642	0.128125
40.2935021999999	0.128125
40.3101588	0.128125
40.3274094999999	0.128125
40.3433915000001	0.128125
40.3599503	0.128125
40.3765183	0.128125
40.3952466999999	0.128125
40.4101952999999	0.128125
40.4269154000001	0.128125
40.443362	0.128125
40.4600336999999	0.128125
40.4767503	0.128125
40.4934422000001	0.128125
40.5099907000001	0.128125
40.5263695000001	0.128125
40.5434413	0.128125
40.5600743	0.128125
40.5768661	0.128125
40.5933779	0.128125
40.6096365000001	0.128125
40.6268517999999	0.128125
40.6435705000001	0.128125
40.6597709	0.128125
40.6768228999999	0.128125
40.6930876000001	0.128125
40.7097547000001	0.128125
40.7268884	0.128125
40.7433659999999	0.128125
40.7596567000001	0.128125
40.776961	0.128125
40.7933481	0.128125
40.8099219999999	0.128125
40.8270893000001	0.128125
40.8436681999999	0.128125
40.8600401000001	0.128125
40.8768282999999	0.128125
40.8932485	0.128125
40.910232	0.128125
40.9273576000001	0.128125
40.9431896999999	0.128125
40.9599489	0.128125
40.9766050999999	0.128125
40.9931658	0.128125
41.0096189999999	0.128125
41.0271183	0.128125
41.0436682	0.128125
41.0600913999999	0.128125
41.0771043	0.128125
41.0933769000001	0.128125
41.1097127	0.128125
41.1271128000001	0.128125
41.1433354999999	0.128125
41.1600450999999	0.128125
41.1766252	0.128125
41.193182	0.128125
41.2098100000001	0.128125
41.2265809	0.128125
41.2434909000001	0.128125
41.2598717000001	0.128125
41.2764774	0.128125
41.2929445	0.128125
41.3100707000001	0.128125
41.3268275	0.128125
41.343333	0.128125
41.3600987	0.128125
41.3767386	0.128125
41.3930077	0.128125
41.4097385	0.128125
41.4267471000001	0.128125
41.4428997	0.128125
41.459926	0.128125
41.4762192999999	0.128125
41.4932162	0.128125
41.5098794	0.128125
41.5276136	0.128125
41.5432667	0.128125
41.5598875999999	0.128125
41.5769659	0.128125
41.5930349	0.128125
41.6098334000001	0.128125
41.6269003	0.128125
41.6431560999999	0.128125
41.6598183000001	0.128125
41.6768459	0.128125
41.6934192000001	0.128125
41.7100324	0.128125
41.7267945000001	0.128125
41.7433088	0.128125
41.7599656	0.128125
41.7768785000001	0.128125
41.7933948	0.128125
41.8097663999999	0.128125
41.8269015999999	0.128125
41.8435322	0.128125
41.8597364	0.128125
41.8764609	0.128125
41.8930619	0.128125
41.9099590999999	0.128125
41.9266402999999	0.128125
41.9434604	0.128125
41.9599210000001	0.128125
41.9768177000001	0.128125
41.9932702999999	0.128125
42.0100666000001	0.128125
42.0267160999999	0.128125
42.0431080000001	0.128125
42.0599967999999	0.128125
42.0767914	0.128125
42.0934589000001	0.128125
42.1099663	0.128125
42.1271421000001	0.128125
42.143186	0.128125
42.1598194999999	0.128125
42.1765204999999	0.128125
42.1931787000001	0.128125
42.2099637000001	0.128125
42.2267025000001	0.128125
42.2434436999999	0.128125
42.2595408	0.128125
42.2768153	0.128125
42.2931160000001	0.128125
42.3098572000001	0.128125
42.3268309	0.128125
42.3433493	0.128125
42.3598036000001	0.128125
42.3766929000001	0.128125
42.3933251999999	0.128125
42.4100238000001	0.128125
42.4267315	0.128125
42.4435166000001	0.128125
42.4595962999999	0.128125
42.4763017	0.128125
42.4934866000001	0.128125
42.5094148999999	0.128125
42.5267927	0.128125
42.5432708999999	0.128125
42.5601227	0.128125
42.5765068999999	0.128125
42.5933930000001	0.128125
42.6100131000001	0.128125
42.6266134	0.128125
42.6432477999999	0.128125
42.6595764000001	0.128125
42.6767030000001	0.128125
42.6932721000001	0.128125
42.7095750999999	0.128125
42.7261295000001	0.128125
42.7433972000001	0.128125
42.7596516000001	0.128125
42.7759323	0.128125
42.7933643000001	0.128125
42.8095573000001	0.128125
42.8264134999999	0.128125
42.8430344000001	0.128125
42.8596517999999	0.128125
42.8764762999999	0.128125
42.8935421000001	0.128125
42.9101075000001	0.128125
42.9263836	0.128125
42.9431445	0.128125
42.9599827	0.128125
42.9766575000001	0.128125
42.9944396000001	0.128125
43.0100456	0.128125
43.0266753999999	0.136458333333333
43.0433865	0.144791666666667
43.0601383999999	0.144791666666667
43.0766033	0.144791666666667
43.0934416	0.144791666666667
43.1102637000001	0.144791666666667
43.1264692	0.144791666666667
43.1433409000001	0.165625
43.1600401999999	0.165625
43.1765809999999	0.165625
43.1935093	0.165625
43.2100683000001	0.165625
43.2263554000001	0.165625
43.2431257999999	0.165625
43.2595819999999	0.165625
43.2767023000001	0.165625
43.2930630000001	0.165625
43.3096376000001	0.165625
43.3264148000001	0.165625
43.3432227999999	0.165625
43.3599062999999	0.165625
43.3769512000001	0.165625
43.3933814	0.165625
43.4097615000001	0.165625
43.4264972000001	0.165625
43.4432770000001	0.165625
43.4594238	0.165625
43.4766718999999	0.165625
43.4932105	0.165625
43.5095374	0.165625
43.5265089	0.165625
43.5430195000001	0.165625
43.5596474000001	0.165625
43.5764080000001	0.165625
43.5932491000001	0.165625
43.6095232	0.165625
43.6267464	0.165625
43.6433823	0.165625
43.6595765	0.165625
43.6767335	0.165625
43.6932082000001	0.165625
43.7095506000001	0.165625
43.726791	0.165625
43.7431898	0.165625
43.7595415999999	0.165625
43.7763901999999	0.165625
43.792999	0.165625
43.8096814	0.165625
43.8264670000001	0.165625
43.8432347	0.165625
43.8599561999999	0.165625
43.8766301000001	0.165625
43.8930382000001	0.175
43.9098796999999	0.183333333333333
43.9271087	0.183333333333333
43.9429356000001	0.183333333333333
43.9594976999999	0.183333333333333
43.9767400000001	0.183333333333333
43.9932123999999	0.183333333333333
44.0101056999999	0.183333333333333
44.0267653999999	0.183333333333333
44.0431994	0.183333333333333
44.0595059	0.183333333333333
44.0768768	0.183333333333333
44.0930708000001	0.183333333333333
44.1097520000001	0.183333333333333
44.1266029000001	0.183333333333333
44.1432553	0.183333333333333
44.1599415999999	0.183333333333333
44.1763444000001	0.183333333333333
44.1931935	0.183333333333333
44.2097836	0.183333333333333
44.2267398000001	0.183333333333333
44.2433705000001	0.183333333333333
44.2597056	0.183333333333333
44.2767903000001	0.183333333333333
44.2935302999999	0.183333333333333
44.3099496	0.183333333333333
44.3267326	0.183333333333333
44.3431499000001	0.183333333333333
44.3596315	0.183333333333333
44.3766521	0.183333333333333
44.3928923000001	0.183333333333333
44.4098282	0.183333333333333
44.4266238	0.183333333333333
44.4432497	0.183333333333333
44.4597471	0.183333333333333
44.4763393000001	0.183333333333333
44.4930511	0.183333333333333
44.5096605000001	0.183333333333333
44.5266019000001	0.176041666666667
44.5434276000001	0.176041666666667
44.5597365000001	0.176041666666667
44.5765931999999	0.176041666666667
44.5931823000001	0.176041666666667
44.6094403	0.176041666666667
44.6262102000001	0.176041666666667
44.6434578999999	0.176041666666667
44.6597975	0.176041666666667
44.6766869	0.176041666666667
44.6929522	0.176041666666667
44.7095701000001	0.176041666666667
44.7266167	0.176041666666667
44.7434141000001	0.176041666666667
44.7594971999999	0.176041666666667
44.7766807	0.176041666666667
44.7930407000001	0.176041666666667
44.8096611999999	0.176041666666667
44.8262174000001	0.176041666666667
44.8430782	0.176041666666667
44.8599561999999	0.176041666666667
44.8765028	0.176041666666667
44.8930766000001	0.176041666666667
44.9098239	0.176041666666667
44.9267835999999	0.176041666666667
44.9429023	0.176041666666667
44.9595369000001	0.176041666666667
44.9765491999999	0.176041666666667
44.9931008999999	0.176041666666667
45.0095358000001	0.176041666666667
45.0266752	0.176041666666667
45.0434331000001	0.176041666666667
45.0598004999999	0.176041666666667
45.0767172999999	0.176041666666667
45.0936045000001	0.176041666666667
45.1095359999999	0.176041666666667
45.1264977000001	0.176041666666667
45.1431898999999	0.176041666666667
45.1598275000001	0.176041666666667
45.1760866	0.176041666666667
45.1932127	0.176041666666667
45.2095021	0.176041666666667
45.2268682000001	0.176041666666667
45.2431015	0.176041666666667
45.2600479	0.176041666666667
45.2766868000001	0.176041666666667
45.2930281000001	0.176041666666667
45.3095668999999	0.176041666666667
45.3264831000001	0.176041666666667
45.3431207000001	0.176041666666667
45.3596150000001	0.176041666666667
45.3765221000001	0.176041666666667
45.3932517999999	0.176041666666667
45.4099229999999	0.176041666666667
45.4266686999999	0.176041666666667
45.4431265999999	0.176041666666667
45.4597048000001	0.176041666666667
45.4764823	0.176041666666667
45.4927302000001	0.176041666666667
45.5098055999999	0.176041666666667
45.5261458	0.176041666666667
45.5429573000001	0.176041666666667
45.559587	0.176041666666667
45.5764529	0.176041666666667
45.5932276000001	0.176041666666667
45.6098870999999	0.176041666666667
45.6267901000001	0.176041666666667
45.643172	0.176041666666667
45.6594445000001	0.176041666666667
45.6766563000001	0.176041666666667
45.6928859	0.176041666666667
45.7094193	0.176041666666667
45.7266533	0.176041666666667
45.7430962000001	0.176041666666667
45.7594478000001	0.176041666666667
45.7763453	0.176041666666667
45.7927588	0.176041666666667
45.809908	0.176041666666667
45.8264426000001	0.176041666666667
45.8431988	0.176041666666667
45.8598219	0.176041666666667
45.876565	0.176041666666667
45.8931308000001	0.176041666666667
45.9099754000001	0.176041666666667
45.9265981999999	0.176041666666667
45.9431460000001	0.176041666666667
45.9598785999999	0.176041666666667
45.9763823999999	0.176041666666667
45.9930784000001	0.176041666666667
46.0094283000001	0.176041666666667
46.0268608000001	0.176041666666667
46.0431613000001	0.176041666666667
46.0599374000001	0.176041666666667
46.0764501000001	0.176041666666667
46.0930551000001	0.176041666666667
46.1096344	0.176041666666667
46.1264390000001	0.176041666666667
46.1434710999999	0.176041666666667
46.1598251	0.176041666666667
46.1767751	0.176041666666667
46.1932269000001	0.176041666666667
46.2096474	0.176041666666667
46.2261437	0.176041666666667
46.2430566	0.176041666666667
46.2597880000001	0.176041666666667
46.2764694	0.176041666666667
46.2929745000001	0.176041666666667
46.3096703000001	0.176041666666667
46.3265661	0.176041666666667
46.3431057	0.176041666666667
46.3594194	0.176041666666667
46.3766373999999	0.176041666666667
46.3932609999999	0.176041666666667
46.4094700999999	0.176041666666667
46.4267127000001	0.176041666666667
46.4429225000001	0.176041666666667
46.459517	0.176041666666667
46.4764666999999	0.176041666666667
46.4929786	0.176041666666667
46.5097470000001	0.176041666666667
46.5264571	0.176041666666667
46.5432382000001	0.176041666666667
46.5598792999999	0.176041666666667
46.5764068000001	0.176041666666667
46.5935650000001	0.176041666666667
46.6104865	0.176041666666667
46.6267101999999	0.176041666666667
46.6433215	0.176041666666667
46.6596084	0.176041666666667
46.6765074	0.176041666666667
46.6929941999999	0.176041666666667
46.7099737000001	0.176041666666667
46.7264464	0.176041666666667
46.7430686	0.176041666666667
46.759718	0.176041666666667
46.7765184	0.176041666666667
46.7927970999999	0.176041666666667
46.8097356000001	0.176041666666667
46.8267014	0.176041666666667
46.8430290000001	0.176041666666667
46.8604536	0.176041666666667
46.8764739000001	0.176041666666667
46.8928702999999	0.176041666666667
46.9096585	0.176041666666667
46.9267652000001	0.176041666666667
46.9429697	0.176041666666667
46.9598977999999	0.176041666666667
46.9763978000001	0.176041666666667
46.9929966	0.176041666666667
47.0099104000001	0.176041666666667
47.0263961000001	0.176041666666667
47.0432742	0.176041666666667
47.0595656	0.176041666666667
47.0763674	0.176041666666667
47.0932425999999	0.176041666666667
47.1096692000001	0.176041666666667
47.1259695000001	0.176041666666667
47.1430734	0.176041666666667
47.1599077000001	0.176041666666667
47.1763999	0.176041666666667
47.1929096000001	0.176041666666667
47.2092216000001	0.176041666666667
47.2264192	0.176041666666667
47.2430188999999	0.176041666666667
47.2599536	0.176041666666667
47.2759324000001	0.176041666666667
47.293017	0.176041666666667
47.3097964000001	0.176041666666667
47.3262099000001	0.176041666666667
47.3432669000001	0.176041666666667
47.3594740000001	0.176041666666667
47.3760603999999	0.176041666666667
47.3932099000001	0.176041666666667
47.4098593000001	0.176041666666667
47.4259509000001	0.176041666666667
47.4430476	0.176041666666667
47.4596229000001	0.176041666666667
47.4764438	0.176041666666667
47.4930730000001	0.176041666666667
47.5100993000001	0.176041666666667
47.5266554	0.176041666666667
47.5430458000001	0.176041666666667
47.5600339	0.176041666666667
47.5760247999999	0.176041666666667
47.5928564000001	0.176041666666667
47.6126544000001	0.176041666666667
47.6262425	0.176041666666667
47.6427983000001	0.176041666666667
47.6595007000001	0.176041666666667
47.6765313000001	0.176041666666667
47.6929977	0.176041666666667
47.7098063000001	0.176041666666667
47.7265255	0.176041666666667
47.7431386000001	0.176041666666667
47.7597014	0.176041666666667
47.7765578999999	0.176041666666667
47.792821	0.176041666666667
47.809915	0.176041666666667
47.8265590000001	0.176041666666667
47.8430627	0.176041666666667
47.8599813000001	0.176041666666667
47.8765346	0.176041666666667
47.8930138000001	0.176041666666667
47.909629	0.176041666666667
47.926665	0.176041666666667
47.9430998	0.176041666666667
47.9596508	0.176041666666667
47.9766690000001	0.176041666666667
47.9928379	0.176041666666667
48.0098006000001	0.176041666666667
48.0265385	0.176041666666667
48.0428251000001	0.176041666666667
48.0600240000001	0.176041666666667
48.0767191	0.176041666666667
48.0929530999999	0.176041666666667
48.1098634	0.176041666666667
48.1261098	0.176041666666667
48.1427745999999	0.176041666666667
48.1596128000001	0.176041666666667
48.1760879999999	0.176041666666667
48.1930173999999	0.176041666666667
48.2094882000001	0.176041666666667
48.2265325000001	0.176041666666667
48.2432747	0.176041666666667
48.2598780000001	0.176041666666667
48.2764949	0.176041666666667
48.2928065999999	0.176041666666667
48.3099360000001	0.176041666666667
48.3263268000001	0.176041666666667
48.3429477	0.176041666666667
48.3594063	0.176041666666667
48.3761801999999	0.176041666666667
48.3930028	0.176041666666667
48.4098951000001	0.176041666666667
48.4269174000001	0.176041666666667
48.4430313	0.176041666666667
48.4599250000001	0.176041666666667
48.4766193	0.176041666666667
48.4925155999999	0.176041666666667
48.5101889	0.176041666666667
48.5264685	0.176041666666667
48.5426233999999	0.176041666666667
48.5598153000001	0.176041666666667
48.5761927000001	0.176041666666667
48.5933375	0.176041666666667
48.6098772	0.176041666666667
48.6263961	0.176041666666667
48.6432342000001	0.176041666666667
48.6598120000001	0.176041666666667
48.6761782000001	0.176041666666667
48.693033	0.176041666666667
48.7093553	0.176041666666667
48.7265512000001	0.176041666666667
48.7427938000001	0.176041666666667
48.7595848000001	0.176041666666667
48.7762671	0.176041666666667
48.7931814000001	0.176041666666667
48.8097675000001	0.176041666666667
48.8261688	0.176041666666667
48.8430161000001	0.176041666666667
48.8598738000001	0.176041666666667
48.8764578	0.176041666666667
48.8931348999999	0.176041666666667
48.9098626	0.176041666666667
48.9263652	0.176041666666667
48.9431304	0.176041666666667
48.9599172999999	0.176041666666667
48.9762599000001	0.176041666666667
48.9929950000001	0.176041666666667
49.0095799999999	0.176041666666667
49.0263166	0.176041666666667
49.0428148000001	0.176041666666667
49.0594384999999	0.176041666666667
49.0762818999999	0.176041666666667
49.0929845000001	0.176041666666667
49.1098102000001	0.176041666666667
49.1264791999999	0.176041666666667
49.143082	0.176041666666667
49.1600223	0.176041666666667
49.1763701	0.176041666666667
49.1929331000001	0.176041666666667
49.2093771	0.176041666666667
49.2260917999999	0.176041666666667
49.2433740000001	0.176041666666667
49.2592876000001	0.176041666666667
49.2761948	0.176041666666667
49.2929979	0.176041666666667
49.3095281000001	0.176041666666667
49.3265174000001	0.176041666666667
49.3429211	0.176041666666667
49.3594413000001	0.176041666666667
49.3763283999999	0.176041666666667
49.3931614000001	0.176041666666667
49.4098253	0.176041666666667
49.4269567000001	0.176041666666667
49.4430284	0.176041666666667
49.4599207000001	0.176041666666667
49.4763329	0.176041666666667
49.4930125999999	0.176041666666667
49.5093183000001	0.176041666666667
49.5261310999999	0.176041666666667
49.5430991999999	0.176041666666667
49.5598210000001	0.176041666666667
49.5762809	0.176041666666667
49.5929612	0.176041666666667
49.609717	0.176041666666667
49.626311	0.176041666666667
49.6428926999999	0.176041666666667
49.6594772000001	0.176041666666667
49.6761461999999	0.176041666666667
49.6924254	0.176041666666667
49.7091792000001	0.176041666666667
49.7262137	0.176041666666667
49.7429652999999	0.176041666666667
49.7596239	0.176041666666667
49.7760263	0.176041666666667
49.7930328	0.176041666666667
49.8100294999999	0.176041666666667
49.8263228000001	0.176041666666667
49.8430171	0.176041666666667
49.8601593000001	0.176041666666667
49.8762782000001	0.176041666666667
49.8927585000001	0.176041666666667
49.9100814999999	0.176041666666667
49.9271242	0.176041666666667
49.9429637999999	0.176041666666667
49.9598321999999	0.176041666666667
49.9763869999999	0.176041666666667
49.99263	0.176041666666667
50.0096899	0.176041666666667
50.0266359	0.176041666666667
50.0430104	0.176041666666667
50.0596342000001	0.176041666666667
50.0763863	0.176041666666667
50.0928708000001	0.176041666666667
50.1099134000001	0.176041666666667
50.1262727999999	0.176041666666667
50.1428003000001	0.176041666666667
50.159846	0.176041666666667
50.1761108000001	0.176041666666667
50.1930130999999	0.176041666666667
50.2096025000001	0.176041666666667
50.2265766	0.176041666666667
50.2431733999999	0.176041666666667
50.259546	0.176041666666667
50.2765723	0.176041666666667
50.2925846000001	0.176041666666667
50.3094295000001	0.176041666666667
50.3262967000001	0.176041666666667
50.3430278999999	0.176041666666667
50.3599644000001	0.176041666666667
50.3763392999999	0.176041666666667
50.3929597000001	0.176041666666667
50.4095328000001	0.176041666666667
50.4262487000001	0.176041666666667
50.4429646000001	0.176041666666667
50.4596521999999	0.176041666666667
50.4761691000001	0.176041666666667
50.4929400000001	0.176041666666667
50.5098551000001	0.176041666666667
50.526241	0.176041666666667
50.5428825000001	0.176041666666667
50.5597931	0.176041666666667
50.5762657	0.176041666666667
50.5929126000001	0.176041666666667
50.6095521	0.176041666666667
50.6262297000001	0.176041666666667
50.6423857	0.176041666666667
50.6597915	0.176041666666667
50.6763549	0.176041666666667
50.6928628999999	0.176041666666667
50.7091281	0.176041666666667
50.7259570000001	0.176041666666667
50.7423344000001	0.176041666666667
50.7596401000001	0.176041666666667
50.7764857	0.176041666666667
50.7932250000001	0.176041666666667
50.8094341000001	0.176041666666667
50.8264306999999	0.176041666666667
50.8430073	0.176041666666667
50.8596199000001	0.176041666666667
50.8763749	0.176041666666667
50.8929089999999	0.176041666666667
50.9093479999999	0.176041666666667
50.9264575	0.176041666666667
50.9429754	0.176041666666667
50.9596013	0.176041666666667
50.9764843	0.176041666666667
50.9926496	0.176041666666667
51.0104406	0.176041666666667
51.0264571	0.176041666666667
51.04277	0.176041666666667
51.0594295000001	0.176041666666667
51.0761567	0.176041666666667
51.0927254999999	0.176041666666667
51.1099971000001	0.176041666666667
51.1261878	0.176041666666667
51.1427934000001	0.176041666666667
51.1597694	0.176041666666667
51.1763748999999	0.176041666666667
51.1930901999999	0.176041666666667
51.2098819	0.176041666666667
51.2265331000001	0.176041666666667
51.2433251	0.176041666666667
51.2594752	0.176041666666667
51.2764978	0.176041666666667
51.2928684000001	0.176041666666667
51.3098863	0.176041666666667
51.3265211	0.176041666666667
51.3427914000001	0.176041666666667
51.3599535999999	0.176041666666667
51.3764315000001	0.176041666666667
51.3931691	0.176041666666667
51.4098266000001	0.176041666666667
51.4284425999999	0.176041666666667
51.4438428000001	0.176041666666667
51.4596655	0.176041666666667
51.476116	0.176041666666667
51.4927875000001	0.176041666666667
51.5097767	0.176041666666667
51.5264061	0.176041666666667
51.5427672000001	0.176041666666667
51.5597654000001	0.176041666666667
51.5760644	0.176041666666667
51.5930745000001	0.176041666666667
51.6098503000001	0.176041666666667
51.6265101000001	0.176041666666667
51.6428656000001	0.176041666666667
51.6598082	0.176041666666667
51.6764059	0.176041666666667
51.6926722000001	0.176041666666667
51.7098148	0.176041666666667
51.7265036000001	0.176041666666667
51.742534	0.176041666666667
51.7592257000001	0.176041666666667
51.7762328000001	0.176041666666667
51.7928377000001	0.176041666666667
51.8098362999999	0.176041666666667
51.8264998	0.176041666666667
51.8432037	0.176041666666667
51.8600140000001	0.176041666666667
51.8761772	0.176041666666667
51.8927205	0.176041666666667
51.9100007	0.176041666666667
51.9261432999999	0.176041666666667
51.9427164000001	0.176041666666667
51.9595985999999	0.176041666666667
51.9763376000001	0.176041666666667
51.9927345999999	0.176041666666667
52.0096685999999	0.176041666666667
52.0261244999999	0.176041666666667
52.0428922000001	0.176041666666667
52.0597308000001	0.176041666666667
52.0762348000001	0.176041666666667
52.0929739999999	0.176041666666667
52.1099223000001	0.176041666666667
52.1262677	0.176041666666667
52.1428785000001	0.176041666666667
52.1596521000001	0.176041666666667
52.1764278999999	0.176041666666667
52.1927639	0.176041666666667
52.2098235999999	0.176041666666667
52.2264104999999	0.176041666666667
52.2427282000001	0.176041666666667
52.2597873	0.176041666666667
52.2763206	0.176041666666667
52.2927976000001	0.176041666666667
52.3097471999999	0.176041666666667
52.3263592999999	0.176041666666667
52.3427694	0.176041666666667
52.3596952	0.176041666666667
52.3763610999999	0.176041666666667
52.3926286000001	0.176041666666667
52.4095439	0.176041666666667
52.4262096	0.176041666666667
52.4429593	0.176041666666667
52.4594053000001	0.176041666666667
52.4763780000001	0.176041666666667
52.4924186000001	0.176041666666667
52.5092237000001	0.176041666666667
52.5262048	0.176041666666667
52.5428632999999	0.176041666666667
52.5595314	0.176041666666667
52.5765409000001	0.176041666666667
52.592408	0.176041666666667
52.6095758000001	0.176041666666667
52.6264787	0.176041666666667
52.6429338	0.176041666666667
52.6598963000001	0.176041666666667
52.6763120000001	0.176041666666667
52.6927900999999	0.176041666666667
52.7097127	0.176041666666667
52.7261348	0.176041666666667
52.7428855999999	0.176041666666667
52.7595530999999	0.176041666666667
52.7760544	0.176041666666667
52.7930724	0.176041666666667
52.8096197	0.176041666666667
52.8263516	0.176041666666667
52.8425052	0.176041666666667
52.8596041999999	0.176041666666667
52.8762604999999	0.176041666666667
52.8927414	0.176041666666667
52.9096837	0.176041666666667
52.9262655	0.176041666666667
52.9423102000001	0.176041666666667
52.9591600000001	0.176041666666667
52.9762275	0.176041666666667
52.992575	0.176041666666667
53.0097641	0.176041666666667
53.0264374000001	0.176041666666667
53.0426168000001	0.176041666666667
53.0595854000001	0.176041666666667
53.0765335999999	0.176041666666667
53.0925351999999	0.176041666666667
53.1095482999999	0.176041666666667
53.126489	0.176041666666667
53.1424215	0.176041666666667
53.1594434000001	0.176041666666667
53.1759967	0.176041666666667
53.1928299000001	0.176041666666667
53.2097448	0.176041666666667
53.2261203	0.176041666666667
53.2426191	0.176041666666667
53.2597456999999	0.176041666666667
53.2761876	0.176041666666667
53.2929613000001	0.176041666666667
53.3097212	0.176041666666667
53.3262319	0.176041666666667
53.3424335	0.176041666666667
53.3594293000001	0.176041666666667
53.3771115	0.176041666666667
53.3927384000001	0.176041666666667
53.4089630999999	0.176041666666667
53.4263968	0.176041666666667
53.4429345999999	0.176041666666667
53.4595621999999	0.176041666666667
53.4763997	0.176041666666667
53.4930784999999	0.176041666666667
53.5096798	0.176041666666667
53.5260585999999	0.176041666666667
53.5428092	0.176041666666667
53.5597616	0.176041666666667
53.5763721999999	0.176041666666667
53.5926618000001	0.176041666666667
53.6093836	0.176041666666667
53.6263725000001	0.176041666666667
53.6430811	0.176041666666667
53.6595446000001	0.176041666666667
53.6762713000001	0.176041666666667
53.6926211	0.176041666666667
53.7095468	0.176041666666667
53.7262831	0.176041666666667
53.7428744000001	0.176041666666667
53.7596669	0.176041666666667
53.7762877	0.176041666666667
53.7925869999999	0.176041666666667
53.8096674999999	0.176041666666667
53.8262806	0.176041666666667
53.8428326999999	0.176041666666667
53.8599262	0.176041666666667
53.8763452999999	0.176041666666667
53.8929436999999	0.176041666666667
53.9095238	0.176041666666667
53.9262888999999	0.176041666666667
53.9426544	0.176041666666667
53.959411	0.176041666666667
53.9762481	0.176041666666667
53.9926661	0.176041666666667
54.0097445000001	0.176041666666667
54.0260852000001	0.176041666666667
54.0425374000001	0.176041666666667
54.0599480999999	0.176041666666667
54.0760895000001	0.176041666666667
54.0927535000001	0.176041666666667
54.1097324	0.176041666666667
54.1263185	0.176041666666667
54.1429631000001	0.176041666666667
54.1592860999999	0.176041666666667
54.1760457	0.176041666666667
54.1927405000001	0.176041666666667
54.2096689	0.176041666666667
54.2264812000001	0.176041666666667
54.2428943	0.176041666666667
54.2597038000001	0.176041666666667
54.2768093	0.176041666666667
54.2925726999999	0.176041666666667
54.3098275	0.176041666666667
54.3261891	0.176041666666667
54.3427965999999	0.176041666666667
54.3592877999999	0.176041666666667
54.3762594	0.176041666666667
54.3927757000001	0.176041666666667
54.4094736	0.176041666666667
54.4262093	0.176041666666667
54.4425546	0.176041666666667
54.4601176000001	0.176041666666667
54.4763121000001	0.176041666666667
54.4929337999999	0.176041666666667
54.5095051999999	0.176041666666667
54.5259589	0.176041666666667
54.5425374000001	0.176041666666667
54.5598543000001	0.176041666666667
54.5763251000001	0.176041666666667
54.5926759000001	0.176041666666667
54.6096443000001	0.176041666666667
54.6262199	0.176041666666667
54.6428714000001	0.176041666666667
54.6596638999999	0.176041666666667
54.6764680000001	0.176041666666667
54.6928816	0.176041666666667
54.7095498000001	0.176041666666667
54.7262903999999	0.176041666666667
54.7428614	0.176041666666667
54.7595394	0.176041666666667
54.7760754000001	0.176041666666667
54.7923564	0.176041666666667
54.8092729	0.176041666666667
54.8256478999999	0.176041666666667
54.8427603	0.176041666666667
54.859528	0.176041666666667
54.8767889999999	0.176041666666667
54.8926848999999	0.176041666666667
54.9096493	0.176041666666667
54.9264505000001	0.176041666666667
54.9426673	0.176041666666667
54.9594819000001	0.176041666666667
54.9763840000001	0.176041666666667
54.9925244999999	0.176041666666667
55.0095624	0.176041666666667
55.0261931	0.176041666666667
55.0427162000001	0.176041666666667
55.0596327999999	0.176041666666667
55.0758105	0.176041666666667
55.0925797	0.176041666666667
55.1094888	0.176041666666667
55.1262899000001	0.176041666666667
55.1427444000001	0.176041666666667
55.1594497000001	0.176041666666667
55.1763485000001	0.176041666666667
55.1925334	0.176041666666667
55.209249	0.176041666666667
55.2258583	0.176041666666667
55.2428013000001	0.176041666666667
55.2598132000001	0.176041666666667
55.2762422000001	0.176041666666667
55.2925265000001	0.176041666666667
55.3095851	0.176041666666667
55.3265165	0.176041666666667
55.3427798	0.176041666666667
55.3594489	0.176041666666667
55.3762630000001	0.176041666666667
55.3927922	0.176041666666667
55.4093739	0.176041666666667
55.4264251	0.176041666666667
55.4424758	0.176041666666667
55.4595635000001	0.176041666666667
55.4760195000001	0.176041666666667
55.4931813999999	0.176041666666667
55.5094379	0.176041666666667
55.5260462000001	0.176041666666667
55.5426408000001	0.176041666666667
55.5592179	0.176041666666667
55.5758149999999	0.176041666666667
55.5927200000001	0.176041666666667
55.6092752	0.176041666666667
55.6262921	0.176041666666667
55.6432440999999	0.176041666666667
55.6603204	0.176041666666667
55.6759313	0.176041666666667
55.6925632	0.176041666666667
55.7094969	0.176041666666667
55.7259223999999	0.176041666666667
55.7427155	0.176041666666667
55.759589	0.176041666666667
55.7759529	0.176041666666667
55.7929331	0.176041666666667
55.8094093	0.176041666666667
55.826026	0.176041666666667
55.8425692999999	0.176041666666667
55.8592737000001	0.176041666666667
55.8760946	0.176041666666667
55.8927017000001	0.176041666666667
55.9094372	0.176041666666667
55.925958	0.176041666666667
55.9427493000001	0.176041666666667
55.9593930000001	0.176041666666667
55.9760448	0.176041666666667
55.9929274000001	0.176041666666667
56.0096305	0.176041666666667
56.0263692000001	0.176041666666667
56.0426567	0.176041666666667
56.0597316000001	0.176041666666667
56.0760338	0.176041666666667
56.0925448	0.176041666666667
56.1097337000001	0.176041666666667
56.1262240000001	0.176041666666667
56.1427894000001	0.176041666666667
56.1592171	0.176041666666667
56.1761550000001	0.176041666666667
56.1926748000001	0.176041666666667
56.2094328999999	0.176041666666667
56.2258929	0.176041666666667
56.2424996	0.176041666666667
56.2602089	0.176041666666667
56.2759986000001	0.176041666666667
56.292739	0.176041666666667
56.3099429000001	0.176041666666667
56.3265567000001	0.176041666666667
56.3426701000001	0.176041666666667
56.3594086000001	0.176041666666667
56.3760447	0.176041666666667
56.3924684999999	0.176041666666667
56.4097182	0.176041666666667
56.4261965000001	0.176041666666667
56.4428242000001	0.176041666666667
56.4596068000001	0.176041666666667
56.4760128	0.176041666666667
56.4926404	0.176041666666667
56.5094286999999	0.176041666666667
56.5258469	0.176041666666667
56.5426314000001	0.176041666666667
56.5595596000001	0.176041666666667
56.5763632999999	0.176041666666667
56.5929989000001	0.176041666666667
56.6095459000001	0.176041666666667
56.6260560000001	0.176041666666667
56.6427335999999	0.176041666666667
56.6596045000001	0.176041666666667
56.6761435000001	0.176041666666667
56.6923423000001	0.176041666666667
56.7093527	0.176041666666667
56.7259256	0.176041666666667
56.7426904000001	0.176041666666667
56.7593231999999	0.176041666666667
56.7760353000001	0.176041666666667
56.7925457000001	0.176041666666667
56.8096765	0.176041666666667
56.8262495000001	0.176041666666667
56.8425770000001	0.176041666666667
56.8595654999999	0.176041666666667
56.8761661999999	0.176041666666667
56.8928725999999	0.176041666666667
56.9096429000001	0.176041666666667
56.9260449000001	0.176041666666667
56.9424489	0.176041666666667
56.9593623000001	0.176041666666667
56.9762355	0.176041666666667
56.9927869000001	0.176041666666667
57.0094071000001	0.176041666666667
57.0258558	0.176041666666667
57.0426599	0.176041666666667
57.0595739	0.176041666666667
57.0761338	0.176041666666667
57.092643	0.176041666666667
57.1095398	0.176041666666667
57.1260784000001	0.176041666666667
57.1426773999999	0.176041666666667
57.1595596	0.176041666666667
57.1758828	0.176041666666667
57.1928206	0.176041666666667
57.2096217000001	0.176041666666667
57.2259303000001	0.176041666666667
57.2427736	0.176041666666667
57.2595296	0.176041666666667
57.2760363	0.176041666666667
57.292592	0.176041666666667
57.3095375	0.176041666666667
57.3260385999999	0.176041666666667
57.3424974	0.176041666666667
57.3596712000001	0.176041666666667
57.3760952	0.176041666666667
57.3923635000001	0.176041666666667
57.4094081000001	0.176041666666667
57.4264479999999	0.176041666666667
57.4426533999999	0.176041666666667
57.4590918000001	0.176041666666667
57.4758592999999	0.176041666666667
57.4927673	0.176041666666667
57.5092657	0.176041666666667
57.5261754999999	0.176041666666667
57.5424765	0.176041666666667
57.5595973	0.176041666666667
57.5762996000001	0.176041666666667
57.5927243000001	0.176041666666667
57.6094353000001	0.176041666666667
57.6263385	0.176041666666667
57.6424503000001	0.176041666666667
57.6593072999999	0.176041666666667
57.6764937	0.176041666666667
57.6927221000001	0.176041666666667
57.7094804999999	0.176041666666667
57.7261318000001	0.176041666666667
57.7424728999999	0.176041666666667
57.7598207000001	0.176041666666667
57.7762091	0.176041666666667
57.7925553	0.176041666666667
57.8096462000001	0.176041666666667
57.8261514000001	0.176041666666667
57.8427952	0.176041666666667
57.8598073000001	0.176041666666667
57.8763068000001	0.176041666666667
57.8928459000001	0.176041666666667
57.9095580999999	0.176041666666667
57.9260108999999	0.176041666666667
57.9423446000001	0.176041666666667
57.9593992	0.176041666666667
57.9761535	0.176041666666667
57.9927454000001	0.176041666666667
58.0094892	0.176041666666667
58.0261289	0.176041666666667
58.0423777000001	0.176041666666667
58.0596292	0.176041666666667
58.0761448000001	0.176041666666667
58.0929592	0.176041666666667
58.1093539999999	0.176041666666667
58.1260018	0.176041666666667
58.1425358000001	0.176041666666667
58.1591229000001	0.176041666666667
58.1755465000001	0.176041666666667
58.1925675	0.176041666666667
58.2095039000001	0.176041666666667
58.2263353999999	0.176041666666667
58.2425473999999	0.176041666666667
58.2596131	0.176041666666667
58.2761829000001	0.176041666666667
58.2927156000001	0.176041666666667
58.3095376000001	0.176041666666667
58.3261038000001	0.176041666666667
58.3426084	0.176041666666667
58.3595553	0.176041666666667
58.3761684999999	0.176041666666667
58.3924824000001	0.176041666666667
58.4094046	0.176041666666667
58.4260144	0.176041666666667
58.4423583	0.176041666666667
58.459376	0.176041666666667
58.4759615	0.176041666666667
58.4926833	0.176041666666667
58.5094179	0.176041666666667
58.5259747	0.176041666666667
58.5429770000001	0.176041666666667
58.5594860000001	0.176041666666667
58.5758101000001	0.176041666666667
58.5928495999999	0.176041666666667
58.6094641	0.176041666666667
58.6261824000001	0.176041666666667
58.6428009000001	0.176041666666667
58.6593594999999	0.176041666666667
58.6760471	0.176041666666667
58.6927393999999	0.176041666666667
58.7093166	0.176041666666667
58.7262201999999	0.176041666666667
58.7427726000001	0.176041666666667
58.7591904000001	0.176041666666667
58.7758331	0.176041666666667
58.7924484	0.176041666666667
58.8094605000001	0.176041666666667
58.8259315	0.176041666666667
58.8427234000001	0.176041666666667
58.8595385000001	0.176041666666667
58.8756972000001	0.176041666666667
58.8927567000001	0.176041666666667
58.9093468000001	0.176041666666667
58.9261289999999	0.176041666666667
58.9427266	0.176041666666667
58.9595217000001	0.176041666666667
58.9761398000001	0.176041666666667
58.9929119000001	0.176041666666667
59.0096490000001	0.176041666666667
59.025893	0.176041666666667
59.0426476	0.176041666666667
59.0594615	0.176041666666667
59.0765795	0.176041666666667
59.0928788000001	0.176041666666667
59.1092160000001	0.176041666666667
59.1260552000001	0.176041666666667
59.1428909000001	0.176041666666667
59.1592871	0.176041666666667
59.1759753000001	0.176041666666667
59.1926080000001	0.176041666666667
59.2094437000001	0.176041666666667
59.2258792	0.176041666666667
59.2425853	0.176041666666667
59.2598277	0.176041666666667
59.2759645000001	0.176041666666667
59.2927992	0.176041666666667
59.3092676000001	0.176041666666667
59.3258266	0.176041666666667
59.3427024	0.176041666666667
59.3595415	0.176041666666667
59.3758869999999	0.176041666666667
59.3928361000001	0.176041666666667
59.4093520000001	0.176041666666667
59.4259958	0.176041666666667
59.4427711000001	0.176041666666667
59.4596045999999	0.176041666666667
59.4761354	0.176041666666667
59.4924596000001	0.176041666666667
59.5091755000001	0.176041666666667
59.5260985	0.176041666666667
59.542651	0.176041666666667
59.5593953	0.176041666666667
59.5760576	0.176041666666667
59.5926393	0.176041666666667
59.6092272999999	0.176041666666667
59.6261399	0.176041666666667
59.6424962999999	0.176041666666667
59.6594875000001	0.176041666666667
59.6760002000001	0.176041666666667
59.6926734000001	0.176041666666667
59.7093092	0.176041666666667
59.7262481	0.176041666666667
59.7428067000001	0.176041666666667
59.7595117000001	0.176041666666667
59.7758822999999	0.176041666666667
59.7924215	0.176041666666667
59.8093607000001	0.176041666666667
59.8259449	0.176041666666667
59.8423488999999	0.176041666666667
59.8592059	0.176041666666667
59.8759427	0.176041666666667
59.8927083999999	0.176041666666667
59.9094746999999	0.176041666666667
59.9262956	0.176041666666667
59.9428167000001	0.176041666666667
59.9595363999999	0.176041666666667
59.9761284000001	0.176041666666667
59.9924426	0.176041666666667
60.0092735999999	0.176041666666667
60.0259106999999	0.176041666666667
60.0426566000001	0.176041666666667
60.0589218	0.176041666666667
60.0757760000001	0.176041666666667
60.0924224	0.176041666666667
60.1093387000001	0.176041666666667
60.1255860000001	0.176041666666667
60.1427894999999	0.176041666666667
60.1591794999999	0.176041666666667
60.1758996000001	0.176041666666667
60.1927951	0.176041666666667
60.2092890000001	0.176041666666667
60.2258835	0.176041666666667
60.2428830000001	0.176041666666667
60.2601884999999	0.176041666666667
60.2755165999999	0.176041666666667
60.2925176000001	0.176041666666667
60.3095585000001	0.176041666666667
60.3256721	0.176041666666667
60.3431516000001	0.176041666666667
60.3593768000001	0.176041666666667
60.3759614000001	0.176041666666667
60.3930269	0.176041666666667
60.4094416	0.176041666666667
60.4258861999999	0.176041666666667
60.4430248000001	0.176041666666667
60.4594905000001	0.176041666666667
60.475518	0.176041666666667
60.4927427	0.176041666666667
60.5098229	0.176041666666667
60.5254640999999	0.176041666666667
60.5426866	0.176041666666667
60.5590764999999	0.176041666666667
60.5754761000001	0.176041666666667
60.5923246	0.176041666666667
60.6094229	0.176041666666667
60.6253888000001	0.176041666666667
60.6427043000001	0.176041666666667
60.6594387	0.176041666666667
60.6757210000001	0.176041666666667
60.6926894000001	0.176041666666667
60.7096918	0.176041666666667
60.7261143000001	0.176041666666667
60.7424794000001	0.176041666666667
60.7595137000001	0.176041666666667
60.7758454	0.176041666666667
60.7927614	0.176041666666667
60.8088416000001	0.176041666666667
60.8260499	0.176041666666667
60.8426488	0.176041666666667
60.8596069	0.176041666666667
60.8757344000001	0.176041666666667
60.8922683999999	0.176041666666667
60.9096153	0.176041666666667
60.9259778000001	0.176041666666667
60.9425501000001	0.176041666666667
60.9595770999999	0.176041666666667
60.9758591	0.176041666666667
60.9925569	0.176041666666667
61.0093979000001	0.176041666666667
61.0257313	0.176041666666667
61.0427109	0.176041666666667
61.0591088000001	0.176041666666667
61.0757034999999	0.176041666666667
61.0925611	0.176041666666667
61.109422	0.183333333333333
61.1259021999999	0.183333333333333
61.14228	0.183333333333333
61.1594273000001	0.183333333333333
61.1756144000001	0.183333333333333
61.1925048000001	0.183333333333333
61.2093417999999	0.183333333333333
61.2257953000001	0.183333333333333
61.2429129	0.183333333333333
61.259564	0.183333333333333
61.2755588	0.183333333333333
61.292659	0.183333333333333
61.3097204999999	0.183333333333333
61.3257085	0.183333333333333
61.3427277999999	0.183333333333333
61.3595361	0.183333333333333
61.3757926000001	0.183333333333333
61.3926696000001	0.183333333333333
61.4101039	0.191666666666667
61.4262911999999	0.201041666666667
61.4426545000001	0.201041666666667
61.4592077	0.209375
61.4762958000001	0.217708333333333
61.4923483	0.217708333333333
61.5093211999999	0.217708333333333
61.5256391	0.217708333333333
61.5425929	0.217708333333333
61.5589093999999	0.217708333333333
61.5757429	0.217708333333333
61.5926521000001	0.217708333333333
61.6092470000001	0.217708333333333
61.6257819	0.217708333333333
61.6426388	0.217708333333333
61.6592536999999	0.217708333333333
61.6758979000001	0.217708333333333
61.6926883000001	0.217708333333333
61.709734	0.217708333333333
61.7258951000001	0.217708333333333
61.7419639	0.217708333333333
61.7593523	0.217708333333333
61.7757191999999	0.217708333333333
61.792156	0.217708333333333
61.8092633000001	0.217708333333333
61.8259882	0.217708333333333
61.8419994000001	0.217708333333333
61.8592447000001	0.217708333333333
61.87589	0.217708333333333
61.8923184	0.217708333333333
61.9092094	0.217708333333333
61.9260928000001	0.217708333333333
61.9422837	0.217708333333333
61.9591581	0.217708333333333
61.9756568	0.217708333333333
61.9927089	0.217708333333333
62.0092597	0.217708333333333
62.0256882000001	0.217708333333333
62.0425164000001	0.217708333333333
62.0593554	0.217708333333333
62.0754938	0.217708333333333
62.0927790000001	0.217708333333333
62.1092226999999	0.217708333333333
62.1254915	0.217708333333333
62.1424824999999	0.217708333333333
62.1593825	0.217708333333333
62.1761564000001	0.217708333333333
62.192804	0.217708333333333
62.2095953	0.217708333333333
62.2258666	0.217708333333333
62.2425235999999	0.217708333333333
62.2593524000001	0.217708333333333
62.2760429	0.217708333333333
62.2927361	0.209375
62.3095356000001	0.209375
62.3256987	0.209375
62.3426916000001	0.209375
62.3593707	0.209375
62.3756404000001	0.209375
62.3926375000001	0.209375
62.4089593000001	0.209375
62.4256069	0.209375
62.4425821	0.209375
62.4637637000001	0.209375
62.47586	0.209375
62.4928958	0.209375
62.5093369000001	0.209375
62.5256188999999	0.209375
62.5425981000001	0.209375
62.5594004	0.209375
62.5755286999999	0.209375
62.5925965000001	0.209375
62.6089672000001	0.209375
62.6255271	0.209375
62.6425202	0.209375
62.6592567	0.209375
62.6758009	0.209375
62.6931879000001	0.209375
62.7093535000001	0.209375
62.7258072	0.209375
62.7423841	0.209375
62.7590111	0.209375
62.7758533000001	0.209375
62.7927801000001	0.209375
62.8094138000001	0.209375
62.8257477	0.209375
62.8424916000001	0.209375
62.8595306	0.209375
62.8757003000001	0.2
62.8922150000001	0.2
62.9093949000001	0.2
62.9259601000001	0.2
62.9424784	0.2
62.9592457000001	0.2
62.975958	0.2
62.9925823999999	0.2
63.0092337000001	0.2
63.0254519	0.2
63.0421389000001	0.2
63.0592951000001	0.2
63.075454	0.2
63.0923170999999	0.2
63.1094287999999	0.2
63.1256493999999	0.2
63.1428733	0.2
63.1591883999999	0.2
63.1758652999999	0.2
63.1928519000001	0.2
63.2092061999999	0.2
63.2259206000001	0.2
63.2424672	0.2
63.2591778000001	0.2
63.2756377999999	0.2
63.2925711	0.2
63.3092518999999	0.2
63.3255939000001	0.2
63.3424001000001	0.2
63.3588001000001	0.2
63.3760093000001	0.2
63.3926845999999	0.2
63.4093355	0.2
63.4258281	0.2
63.4422892	0.2
63.4589022	0.2
63.4754514000001	0.2
63.4923745000001	0.2
63.5092205000001	0.2
63.5256438000001	0.2
63.5423776	0.2
63.5592687000001	0.2
63.5758387000001	0.2
63.5925044000001	0.2
63.609545	0.2
63.6258958999999	0.2
63.6426323000001	0.2
63.6598415999999	0.2
63.6758029	0.2
63.6926842	0.2
63.7093528	0.2
63.7258408	0.2
63.7427708	0.2
63.7587135000001	0.2
63.7753150000001	0.2
63.7920875	0.2
63.8092732	0.2
63.8254294000001	0.2
63.8424890000001	0.2
63.8591891000001	0.2
63.8758536	0.2
63.8923824999999	0.2
63.9093418	0.2
63.9258801000001	0.2
63.9426608000001	0.2
63.9591680999999	0.2
63.975999	0.2
63.9923432000001	0.2
64.0097000000001	0.2
64.0256296	0.2
64.0422113	0.2
64.0638174000001	0.2
64.0755118	0.2
64.0923697000001	0.2
64.1090902999999	0.2
64.1258687	0.2
64.1431428999999	0.2
64.1588499	0.2
64.1759325	0.2
64.1925231	0.2
64.2093305999999	0.2
64.2258346000001	0.2
64.2421984	0.2
64.2590339999999	0.2
64.2754331000001	0.2
64.2927835	0.2
64.3089156999999	0.2
64.325486	0.2
64.3424955	0.2
64.359095	0.2
64.3760199999999	0.2
64.3928419000001	0.2
64.4094726999999	0.2
64.4257036000001	0.2
64.4421921000001	0.2
64.4592372	0.2
64.4757138	0.2
64.4925565000001	0.2
64.5089565999999	0.2
64.5258704	0.2
64.5422713	0.2
64.5592231000001	0.2
64.5756180000001	0.2
64.5926369000001	0.2
64.6097500999999	0.2
64.6260482	0.2
64.6425429000001	0.2
64.6593786000001	0.2
64.6757809000001	0.2
64.6924672	0.2
64.7091653	0.2
64.7258012	0.2
64.7425297	0.2
64.758941	0.2
64.7758683	0.2
64.7924266	0.2
64.8089795000001	0.2
64.8257999	0.2
64.8421270000001	0.2
64.8589903	0.2
64.8760675999999	0.2
64.8923308000001	0.2
64.9093576	0.2
64.9261566	0.2
64.9423442	0.2
64.9591330000001	0.2
64.9758982999999	0.2
64.9927903	0.2
65.0094538000001	0.2
65.0258477	0.2
65.0426187	0.2
65.0590835	0.2
65.0756682000001	0.2
65.0923958000001	0.2
65.1090477	0.2
65.1258507	0.2
65.1425102000001	0.2
65.1591900999999	0.2
65.1757144000001	0.2
65.1924684000001	0.2
65.2089777000001	0.2
65.2258632	0.2
65.2421568	0.2
65.2588350000001	0.2
65.2752395	0.2
65.2924548000001	0.2
65.3090131000001	0.2
65.3253752000001	0.2
65.3423605	0.2
65.3591809	0.2
65.3758135	0.2
65.3924299	0.2
65.4094107999999	0.2
65.4253960999999	0.2
65.4428580000001	0.2
65.4592178	0.2
65.4757953999999	0.2
65.4926078000001	0.2
65.5093435000001	0.2
65.5257259	0.2
65.5421822000001	0.2
65.5590606000001	0.2
65.5760589000001	0.2
65.5921894000001	0.2
65.6091836000001	0.2
65.6259216000001	0.2
65.6424394000001	0.2
65.6591702999999	0.2
65.6760684000001	0.2
65.6924686	0.2
65.7088251	0.2
65.7254855000001	0.2
65.7423842999999	0.2
65.759059	0.2
65.775907	0.2
65.7926193000001	0.2
65.809902	0.2
65.8257439000001	0.2
65.8422465000001	0.2
65.8590033	0.2
65.8758520000001	0.2
65.8922298	0.2
65.9090733	0.2
65.925954	0.2
65.9422055	0.2
65.9589914000001	0.2
65.975897	0.2
65.9923613999999	0.2
66.0091166	0.2
66.0259116	0.2
66.042144	0.2
66.0588978000001	0.2
66.0757707	0.2
66.0923542	0.2
66.1088794	0.2
66.1259004999999	0.2
66.1424646	0.2
66.1591465000001	0.2
66.1759691	0.2
66.1921695000001	0.2
66.2091946	0.2
66.2256426000001	0.2
66.2424698	0.2
66.2591895	0.2
66.2758901	0.2
66.2921081	0.2
66.3090599	0.2
66.3257464999999	0.2
66.3426191999999	0.2
66.3589526000001	0.2
66.3760632999999	0.2
66.3923944000001	0.2
66.4091558	0.2
66.4258121	0.2
66.4424815	0.2
66.4589550999999	0.2
66.4758603	0.2
66.4921182	0.2
66.509022	0.2
66.5253113000001	0.2
66.5423757000001	0.2
66.5592234000001	0.2
66.5759064000001	0.2
66.5925682	0.2
66.6089853999999	0.2
66.6258061999999	0.2
66.6423973999999	0.2
66.6591229999999	0.2
66.6755095000001	0.2
66.6920847000001	0.2
66.7092	0.2
66.7258697	0.2
66.742409	0.2
66.7592367	0.2
66.7759082	0.2
66.7922461000001	0.2
66.8091445	0.2
66.8260934	0.2
66.8424622	0.2
66.8592421000001	0.2
66.8759871	0.2
66.892634	0.2
66.9090148	0.2
66.9254343	0.2
66.9422959000001	0.2
66.9591086	0.2
66.9754905	0.2
66.9924375000001	0.2
67.0092075	0.2
67.0258928000001	0.2
67.042643	0.2
67.0595612	0.2
67.0756447000001	0.2
67.0928251	0.2
67.1089067	0.2
67.1256751000001	0.2
67.1421636	0.2
67.1590798	0.2
67.1756831	0.2
67.1923549000001	0.2
67.2089505000001	0.2
67.2256837	0.2
67.2424937000001	0.2
67.2593793000001	0.2
67.2758492	0.2
67.2928916000001	0.2
67.3091865000001	0.2
67.3254888000001	0.2
67.3421743000001	0.2
67.3587057	0.2
67.3758762	0.2
67.3921706000001	0.2
67.4088200000001	0.2
67.4258305999999	0.2
67.4424407000001	0.2
67.4594824000001	0.2
67.4756979000001	0.2
67.4922449999999	0.2
67.5091997	0.2
67.5258391	0.2
67.5420392999999	0.2
67.5589639	0.2
67.5753939000001	0.2
67.5924474999999	0.2
67.6089257000001	0.2
67.6262303000001	0.2
67.6422572000001	0.2
67.6591390999999	0.2
67.6758549000001	0.2
67.6924188	0.2
67.708811	0.2
67.7271135999999	0.2
67.7424123999999	0.2
67.7594998	0.2
67.7758639000001	0.2
67.7928299	0.2
67.8086155000001	0.2
67.8258174	0.2
67.8422449	0.2
67.8588046	0.2
67.8758866000001	0.2
67.8923595000001	0.2
67.9093864000001	0.2
67.9260449999999	0.2
67.9423264	0.2
67.9589991	0.2
67.9757536	0.2
67.9925395	0.2
68.0087177	0.2
68.0258461999999	0.2
68.0422564	0.2
68.059534	0.2
68.0754942000001	0.2
68.0921956	0.2
68.1090237000001	0.2
68.125229	0.2
68.1422616	0.2
68.1590570000001	0.2
68.1758749000001	0.2
68.1922669	0.2
68.2096494	0.2
68.2252647	0.2
68.2427296999999	0.2
68.2592755000001	0.2
68.2755615000001	0.2
68.2920803	0.2
68.3090542	0.2
68.3259075000001	0.2
68.3425763	0.2
68.3590147	0.2
68.3757519999999	0.2
68.3922388999999	0.2
68.4092613	0.2
68.4260802000001	0.2
68.4427535	0.2
68.4591484	0.2
68.4759667000001	0.2
68.4923404000001	0.2
68.5088244999999	0.2
68.5253897	0.2
68.5421762000001	0.2
68.5589362999999	0.2
68.5753506999999	0.2
68.5921965	0.2
68.6089688	0.2
68.6258729000001	0.2
68.6422737	0.2
68.6590776	0.2
68.6758649000001	0.2
68.6923698000001	0.2
68.7090743000001	0.2
68.7258661000001	0.2
68.7422507000001	0.2
68.7590134	0.2
68.7756356	0.2
68.7922102	0.2
68.8087965	0.2
68.8255574	0.2
68.8420854999999	0.2
68.8588746	0.2
68.8754706	0.2
68.8921375	0.2
68.9088896999999	0.2
68.9258242000001	0.2
68.9420975	0.2
68.9588309000001	0.2
68.9753224000001	0.2
68.9918279000001	0.2
69.0086054999999	0.2
69.0257809	0.2
69.0422659999999	0.2
69.0589524	0.2
69.0756205	0.2
69.0921986999999	0.2
69.1084811000001	0.2
69.1254418000001	0.2
69.1422411000001	0.2
69.1589054999999	0.2
69.1758732000001	0.2
69.1924107	0.2
69.2085744999999	0.2
69.2254789000001	0.2
69.242391	0.2
69.2589021000001	0.2
69.2758017000001	0.2
69.2921578	0.2
69.3090569999999	0.2
69.3255563	0.2
69.3422820999999	0.2
69.3588890000001	0.2
69.3757052000001	0.2
69.3921341	0.2
69.4085970000001	0.2
69.4257775999999	0.2
69.4421278	0.2
69.4592256999999	0.2
69.4756547	0.2
69.4923203999999	0.2
69.5090388000001	0.2
69.5257785000001	0.2
69.5420967	0.2
69.5590777	0.2
69.5758734999999	0.2
69.5923788	0.2
69.6090604999999	0.2
69.6257740000001	0.2
69.6424389000001	0.2
69.6586597	0.2
69.6756476	0.2
69.6921170000001	0.2
69.7091822	0.2
69.7251034000001	0.2
69.7423354	0.2
69.7591198	0.2
69.7756971000001	0.2
69.7922606	0.2
69.8087600000001	0.2
69.8254064	0.2
69.8419515000001	0.2
69.8589059999999	0.2
69.8756808000001	0.2
69.8920607	0.2
69.9084502000001	0.2
69.9257425999999	0.2
69.9422532999999	0.2
69.9589324000001	0.2
69.975535	0.2
69.9924281000001	0.2
70.0090628	0.2
70.0256755	0.2
70.0424365000001	0.2
70.0589474999999	0.2
70.0757369	0.2
70.0922287999999	0.2
70.1090101	0.2
70.1257275	0.2
70.1422755999999	0.2
70.1584511999999	0.2
70.1753931000001	0.2
70.1920292	0.2
70.2085905000001	0.2
70.2253264000001	0.2
70.2421773000001	0.2
70.2585835	0.2
70.2750208	0.2
70.2922414	0.2
70.3084838	0.2
70.3257054999999	0.2
70.3426668	0.2
70.3586715000001	0.2
70.3759189	0.2
70.3925064	0.2
70.4085944000001	0.2
70.4253962	0.2
70.4422727000001	0.2
70.4591683000001	0.2
70.4757858	0.2
70.4923448	0.2
70.5092741999999	0.2
70.5257157999999	0.2
70.5421469	0.2
70.5592191000001	0.2
70.5754339	0.2
70.5921433000001	0.2
70.6086267999999	0.2
70.6262229000001	0.2
70.6421995000001	0.2
70.6585362999999	0.2
70.6762103000001	0.2
70.6921513	0.2
70.7085348000001	0.2
70.725825	0.2
70.7423387000001	0.2
70.7585716000001	0.2
70.7757315000001	0.2
70.7922229999999	0.2
70.8083783	0.2
70.8257310000001	0.2
70.8425631	0.2
70.8589775	0.2
70.8757857000001	0.2
70.8921289	0.2
70.9085157	0.2
70.9258315	0.2
70.9423163000001	0.2
70.958967	0.2
70.9757903	0.2
70.9922260999999	0.2
71.0088737999999	0.2
71.0254572000001	0.2
71.0422275999999	0.2
71.058749	0.2
71.075666	0.2
71.0923287000001	0.2
71.1088955	0.2
71.1259232	0.2
71.1423569000001	0.2
71.1585210999999	0.2
71.1756705	0.2
71.1919800000001	0.2
71.208539	0.2
71.2253585000001	0.2
71.2425235000001	0.2
71.2586587999999	0.2
71.2753027000001	0.2
71.2918941	0.2
71.3085808000001	0.2
71.3256738	0.2
71.3422857	0.2
71.3588248999999	0.2
71.3755948	0.2
71.3922519	0.2
71.408762	0.2
71.4255020000001	0.2
71.4424094999999	0.2
71.4589853	0.2
71.4753682	0.2
71.4923862000001	0.2
71.5088602000001	0.2
71.5254026	0.2
71.5421785000001	0.2
71.5585813	0.2
71.5756120999999	0.2
71.5923359999999	0.2
71.6086276999999	0.2
71.6256349	0.2
71.6422198	0.2
71.6590099	0.2
71.6755157	0.2
71.6921193000001	0.2
71.7092332	0.2
71.7256175	0.2
71.7422312000001	0.2
71.7588725000001	0.2
71.7756947	0.2
71.7919928000001	0.2
71.8088064000001	0.2
71.8260935000001	0.2
71.8421192000001	0.2
71.8586276000001	0.2
71.8758580000001	0.2
71.8926458000001	0.2
71.9087153	0.2
71.9256536	0.2
71.9423292000001	0.2
71.9590376000001	0.2
71.9756643000001	0.2
71.9923329000001	0.2
72.0084657	0.2
72.0256836000001	0.2
72.0421618	0.2
72.0587671000001	0.2
72.0758674000001	0.2
72.0921051	0.2
72.1088431000001	0.2
72.1257968	0.2
72.1420218999999	0.2
72.1588111999999	0.2
72.1755602999999	0.2
72.1921380000001	0.2
72.208404	0.2
72.2256391000001	0.2
72.2421309000001	0.2
72.2585037000001	0.2
72.2755093999999	0.2
72.2919823	0.2
72.3088276999999	0.2
72.3256034000001	0.2
72.3422851	0.2
72.3589628	0.2
72.375628	0.2
72.3924498000001	0.2
72.4091787	0.2
72.4258087000001	0.2
72.4421536	0.2
72.4584801000001	0.2
72.4755951	0.2
72.4917799	0.2
72.5088796	0.2
72.5256681999999	0.2
72.5427035	0.2
72.5590030999999	0.2
72.5756266000001	0.2
72.5920785000001	0.2
72.6091405	0.2
72.6259904000001	0.2
72.6421734	0.2
72.6589775	0.2
72.6753002	0.2
72.6919407	0.2
72.7087085999999	0.2
72.7257697	0.2
72.7421128999999	0.2
72.7585378000001	0.2
72.7754957	0.2
72.7921083000001	0.2
72.8087857	0.2
72.8256455000001	0.2
72.8420689	0.2
72.8590905999999	0.2
72.8753921	0.2
72.8936209000001	0.2
72.9087538000001	0.2
72.9258193000001	0.2
72.9423294999999	0.2
72.9583399000001	0.2
72.9756855000001	0.2
72.9922379	0.2
73.0085343000001	0.2
73.0256581000001	0.2
73.0420363999999	0.2
73.0588035999999	0.2
73.0758112000001	0.2
73.0920424000001	0.2
73.1086930000001	0.2
73.1253832	0.2
73.1420986000001	0.2
73.1585072	0.2
73.1756720999999	0.2
73.1918664	0.2
73.2088942	0.2
73.2256982000001	0.2
73.2419466000001	0.2
73.2585487000001	0.2
73.2757424000001	0.2
73.2919085000001	0.2
73.3089256000001	0.2
73.3252974	0.2
73.3421266	0.2
73.3587728	0.2
73.3764827	0.2
73.3919364999999	0.2
73.4086328999999	0.2
73.4255556000001	0.2
73.4422241	0.2
73.4582952999999	0.2
73.4750154999999	0.2
73.4922134000001	0.2
73.5086468	0.2
73.5251817000001	0.2
73.5421877000001	0.2
73.5589614	0.2
73.575521	0.2
73.5921470999999	0.2
73.6088052	0.2
73.6255303	0.2
73.6420744	0.2
73.6587985000001	0.2
73.6756117	0.2
73.6924687999999	0.2
73.7085674	0.2
73.7257755000001	0.2
73.7420572000001	0.2
73.7586406	0.2
73.7759012000001	0.2
73.7924045	0.2
73.8085947	0.2
73.8252451000001	0.2
73.8422894	0.2
73.8587230000001	0.2
73.8755014999999	0.2
73.8924460000001	0.2
73.9085013000001	0.2
73.9257201	0.2
73.9417985	0.2
73.9589046999999	0.2
73.9756992	0.2
73.9920890999999	0.2
74.0084938	0.2
74.0257273	0.2
74.0420566	0.2
74.0588453	0.2
74.0755982000001	0.2
74.0922251	0.2
74.1087904000001	0.2
74.1255881	0.2
74.1417541999999	0.2
74.158418	0.2
74.1756571999999	0.2
74.1921938	0.2
74.2089123000001	0.2
74.2251493000001	0.2
74.2421360000001	0.2
74.2589501	0.2
74.2753834	0.2
74.2922947	0.2
74.3089583999999	0.2
74.3252245000001	0.2
74.3418979	0.2
74.358933	0.2
74.3755024	0.2
74.3919132999999	0.2
74.4088550000001	0.2
74.4251985000001	0.2
74.4419362000001	0.2
74.4589897000001	0.2
74.4755642	0.2
74.492074	0.2
74.5087553000001	0.2
74.5255990000001	0.2
74.5417848	0.2
74.5588614000001	0.2
74.5755945999999	0.2
74.5918151000001	0.2
74.6085985	0.2
74.6256164000001	0.2
74.6423830000001	0.2
74.6588475999999	0.2
74.6754997	0.2
74.6920098000001	0.2
74.7086958	0.2
74.7256168000001	0.2
74.7419678000001	0.2
74.7582941999999	0.2
74.7756191000001	0.2
74.7920423	0.2
74.8088093000001	0.2
74.8256062	0.2
74.8420063999999	0.2
74.8587574999999	0.2
74.8755590000001	0.2
74.89237	0.2
74.9092055000001	0.2
74.9257459	0.2
74.9421642	0.2
74.9589023000001	0.2
74.9750728000001	0.2
74.9919536	0.2
75.0085336	0.2
75.0256271000001	0.2
75.0421362	0.2
75.0589537000001	0.2
75.0760802	0.2
75.0922195000001	0.2
75.1086958999999	0.2
75.1252632999999	0.2
75.1420787	0.2
75.158932	0.2
75.1751128000001	0.2
75.1921161	0.2
75.2085895	0.2
75.225653	0.2
75.2420849	0.2
75.2589055999999	0.2
75.2754757	0.2
75.2921248	0.2
75.3089236000001	0.2
75.3256403	0.2
75.3421252000001	0.2
75.3589412000001	0.2
75.3755338999999	0.2
75.3919817000001	0.2
75.4088120000001	0.2
75.4257327	0.2
75.4416324000001	0.2
75.4587769	0.2
75.4753204000001	0.2
75.4920279	0.2
75.5085486	0.2
75.5252780999999	0.2
75.5419809	0.2
75.5584895	0.2
75.5754821	0.2
75.5918543	0.2
75.6086347	0.2
75.6251511	0.2
75.6419748999999	0.2
75.6588446000001	0.2
75.6751656000001	0.2
75.6919015000001	0.2
75.7088536000001	0.2
75.7251822000001	0.2
75.7419632000001	0.2
75.7589112999999	0.2
75.7755126	0.2
75.7921753000001	0.2
75.8088369	0.2
75.8251600999999	0.2
75.8420477	0.2
75.8591084	0.2
75.8756136	0.2
75.8916561999999	0.2
75.9089541000001	0.2
75.9251859999999	0.2
75.9418682	0.2
75.9590975000001	0.2
75.9756686000001	0.2
75.9920006	0.2
76.0086817000001	0.2
76.0256391	0.2
76.0418420999999	0.2
76.0588990000001	0.2
76.0752457000001	0.2
76.0918868000001	0.2
76.1088625	0.2
76.1250231000001	0.2
76.1417366000001	0.2
76.1588784	0.2
76.1751243000001	0.2
76.1917602999999	0.2
76.2086497	0.2
76.2251558	0.2
76.2421489999999	0.2
76.2584988000001	0.2
76.2751748999999	0.2
76.2918445	0.2
76.3088609000001	0.2
76.3251505999999	0.2
76.3423217	0.2
76.3587944999999	0.2
76.3754120000001	0.2
76.3922250000001	0.2
76.4086322000001	0.2
76.4256459999999	0.2
76.4419521	0.2
76.4587584999999	0.2
76.4754	0.2
76.492158	0.2
76.5088105	0.2
76.5251698	0.2
76.5419357999999	0.2
76.5588177	0.2
76.5755819000001	0.2
76.5919715	0.2
76.6088099999999	0.2
76.6256290000001	0.2
76.6419068	0.2
76.6589794000001	0.2
76.6755489	0.2
76.6919836	0.2
76.7087718	0.2
76.7282316000001	0.2
76.7422452000001	0.2
76.7590354000001	0.2
76.7806302000001	0.2
76.797159	0.2
76.8086202	0.2
76.8253579	0.2
76.8419835	0.2
76.8587782	0.2
76.8753465	0.2
76.8921556	0.2
76.9084184999999	0.2
76.9252237000001	0.2
76.9418866999999	0.2
76.9586118	0.2
76.9752175000001	0.2
76.9920749	0.2
77.0082596	0.2
77.0258031000001	0.2
77.0416437000001	0.2
77.0585533000001	0.2
77.0752033000001	0.2
77.0918558000001	0.2
77.1084015000001	0.2
77.1254759000001	0.2
77.1418964	0.2
77.1588730999999	0.2
77.1756109	0.2
77.1921439	0.2
77.2088246999999	0.2
77.2254755000001	0.2
77.2419004999999	0.2
77.2584263000001	0.2
77.2753871	0.2
77.2918751	0.2
77.3084215000001	0.2
77.3251792999999	0.2
77.3417731	0.2
77.3584913	0.2
77.3752839000001	0.2
77.3919344999999	0.2
77.4089402	0.2
77.4253266999999	0.2
77.4419026	0.2
77.4591495	0.2
77.4754667	0.2
77.4921231999999	0.2
77.5086102	0.2
77.5254127999999	0.2
77.5419562	0.2
77.5584646	0.2
77.5753480999999	0.2
77.5919100000001	0.2
77.6084687	0.2
77.6254421000001	0.2
77.6419449	0.2
77.6587818	0.2
77.6753825999999	0.2
77.691855	0.2
77.7083743000001	0.2
77.7253413000001	0.2
77.7420541000001	0.2
77.7586060000001	0.2
77.7750834000001	0.2
77.7922632	0.2
77.8088892000001	0.2
77.8254457	0.2
77.8417498000001	0.2
77.8588864999999	0.2
77.8756648000001	0.2
77.8918824	0.2
77.9084487	0.2
77.9253678	0.2
77.9419431000001	0.2
77.9588125	0.2
77.9756277000001	0.2
77.9920634	0.2
78.0091377000001	0.2
78.0254572000001	0.2
78.0419263000001	0.2
78.0588966	0.2
78.0754227	0.2
78.0919724	0.2
78.1088786	0.2
78.1252838	0.2
78.1418662000001	0.2
78.1587116999999	0.2
78.1755680000001	0.2
78.192002	0.2
78.2089183000001	0.2
78.2249394	0.2
78.2418109	0.2
78.2587283	0.2
78.2752780999999	0.2
78.2918453	0.2
78.3089216000001	0.2
78.3255276	0.2
78.3420530000001	0.2
78.3588236000001	0.2
78.3755989000001	0.2
78.3918854999999	0.2
78.4087343000001	0.2
78.4254234	0.2
78.4417390999999	0.2
78.4582306	0.2
78.4751949000001	0.2
78.4918875999999	0.2
78.5085334	0.2
78.5255420000001	0.2
78.5421193	0.2
78.5587148	0.2
78.5754936000001	0.2
78.5917442	0.2
78.6086887000001	0.2
78.625229	0.2
78.6417464000001	0.2
78.6582662999999	0.2
78.6754429	0.2
78.6913843	0.2
78.7088367000001	0.2
78.7254373999999	0.2
78.7420804000001	0.2
78.7585687999999	0.2
78.7752138000001	0.2
78.7922708999999	0.2
78.8086693	0.2
78.8260646000001	0.2
78.8419848000001	0.2
78.8587702	0.2
78.8753291	0.2
78.8921442000001	0.2
78.9087592000001	0.2
78.9252685000001	0.2
78.9417691000001	0.2
78.9584622	0.2
78.9751926000001	0.2
78.9918801000001	0.2
79.0085435999999	0.2
79.0252190000001	0.2
79.0417941000001	0.2
79.0583062999999	0.2
79.0751184000001	0.2
79.0917141	0.2
79.1085729000001	0.2
79.1250451999999	0.2
79.1417369000001	0.2
79.1587658999999	0.2
79.1753435000001	0.2
79.1919736	0.2
79.2084231000001	0.2
79.2252205	0.2
79.2421796000001	0.2
79.2589795000001	0.2
79.2755471	0.2
79.2918347	0.2
79.3088746999999	0.2
79.3253268999999	0.2
79.3417365	0.2
79.3584531000001	0.2
79.3749717999999	0.2
79.3913600000001	0.2
79.4087508	0.2
79.4254029000001	0.2
79.4418206	0.2
79.4590324000001	0.2
79.4754379999999	0.2
79.4918706000001	0.2
79.5084743	0.2
79.525077	0.2
79.5413897000001	0.2
79.558634	0.2
79.5753689000001	0.2
79.5916565	0.2
79.6086778000001	0.2
79.6248252	0.2
79.641873	0.2
79.6585827000001	0.2
79.6754672	0.2
79.6918766000001	0.2
79.7090045	0.2
79.7254611999999	0.2
79.7419602	0.2
79.7591454000001	0.2
79.7755466000001	0.2
79.7918165999999	0.2
79.8083644999999	0.2
79.8252375	0.2
79.8418578999999	0.2
79.8587221	0.2
79.8753993	0.2
79.8916113	0.2
79.9087199000001	0.2
79.9251719000001	0.2
79.941683	0.2
79.9588232999999	0.2
79.9753506	0.2
79.9917972000001	0.2
80.0088372	0.2
80.0255092	0.2
80.0416889000001	0.2
80.0586599999999	0.2
80.0755122	0.2
80.0918710999999	0.2
80.1086955000001	0.2
80.1254667999999	0.2
80.1419727	0.2
80.1583258999999	0.2
80.175428	0.2
80.1916929000001	0.2
80.2087451	0.2
80.2254227999999	0.2
80.2414992000001	0.2
80.2585775	0.2
80.2753655000001	0.2
80.2919492000001	0.2
80.3086739	0.2
80.3255316	0.2
80.3417916000001	0.2
80.3587726000001	0.2
80.3753982999999	0.2
80.3918977000001	0.2
80.4083349	0.2
80.4260869	0.2
80.4416349000001	0.2
80.4588435999999	0.2
80.4750732	0.2
80.4919735000001	0.2
80.5086817000001	0.2
80.5252645	0.2
80.5418407	0.2
80.5587058999999	0.2
80.5753852	0.2
80.5916515000001	0.2
80.6087362999999	0.2
80.6255880000001	0.2
80.6418089000001	0.2
80.6583591999999	0.2
80.6754966000001	0.2
80.6916156	0.2
80.7085428	0.2
80.7254083	0.2
80.7418368000001	0.2
80.758732	0.2
80.7750284000001	0.2
80.7918228999999	0.2
80.8089645	0.2
80.8253792	0.2
80.8416618000001	0.2
80.8585062	0.2
80.8752949	0.2
80.8918992000001	0.2
80.9082396000001	0.2
80.9253492	0.2
80.9416596000001	0.2
80.9587716000001	0.2
80.9751415999999	0.2
80.9918381	0.2
81.0086206999999	0.2
81.0252559	0.2
81.0417304	0.2
81.0586676	0.2
81.0747773000001	0.2
81.0918087	0.2
81.1086983	0.2
81.1251916000001	0.2
81.1420935000001	0.2
81.158355	0.2
81.1751286000001	0.2
81.1917516000001	0.2
81.2086122000001	0.2
81.2257321	0.2
81.2419944000001	0.2
81.2588720000001	0.2
81.2755801999999	0.2
81.2917964999999	0.2
81.3087158999999	0.2
81.3248407999999	0.2
81.3417944	0.2
81.3587298	0.2
81.3753031000001	0.2
81.3915153	0.2
81.4086067999999	0.2
81.4253610999999	0.2
81.4415619000001	0.2
81.4585059000001	0.2
81.4752828000001	0.2
81.4919703	0.2
81.5083972	0.2
81.5250947	0.2
81.5414317	0.2
81.5585596999999	0.2
81.5752629999999	0.2
81.5918753999999	0.2
81.6086385000001	0.2
81.6255140000001	0.2
81.6413606000001	0.2
81.6585269	0.2
81.6753064	0.2
81.691476	0.2
81.7085337999999	0.2
81.7253688999999	0.2
81.7421160000001	0.2
81.7582328999999	0.2
81.7752642	0.2
81.7914843999999	0.2
81.8086966999999	0.2
81.8249462000001	0.2
81.8413733	0.2
81.8585621	0.2
81.8753816000001	0.2
81.8913825	0.2
81.9088194000001	0.2
81.9252902000001	0.2
81.9415031000001	0.2
81.9586627000001	0.2
81.9751478000001	0.2
81.9914486	0.2
82.0089172	0.2
82.0254804000001	0.2
82.0413725000001	0.2
82.0589210000001	0.2
82.0751023	0.2
82.0915507	0.2
82.1084119	0.2
82.1251003	0.2
82.1414744000001	0.2
82.1587066	0.2
82.1752662000001	0.2
82.1917192999999	0.2
82.2087532	0.2
82.2249294999999	0.2
82.2415859	0.2
82.2583024	0.2
82.2750295000001	0.2
82.2915991	0.2
82.3087935000001	0.2
82.3250628000001	0.2
82.3415457999999	0.2
82.3587319999999	0.2
82.3752950000001	0.2
82.3916033	0.2
82.4084137	0.2
82.4252091999999	0.2
82.4417358999999	0.2
82.4586334000001	0.2
82.4754436000001	0.2
82.4916490000001	0.2
82.5086785000001	0.2
82.5250414	0.2
82.5412989000001	0.2
82.5584302	0.2
82.5749043000001	0.2
82.5916698999999	0.2
82.6085478	0.2
82.6250459	0.2
82.6415254999999	0.2
82.6584454000001	0.2
82.6751095	0.2
82.6916197	0.2
82.7085403000001	0.2
82.7251653999999	0.2
82.7415874999999	0.2
82.7585167	0.2
82.7748160000001	0.2
82.7915648999999	0.2
82.8086594000001	0.2
82.8253413	0.2
82.8417967	0.2
82.8588194000001	0.2
82.8759433	0.2
82.8916956	0.2
82.9085970000001	0.2
82.9255528000001	0.2
82.9421215	0.2
82.9580866000001	0.2
82.9752516000001	0.2
82.9915394	0.2
83.0082914	0.2
83.0248180000001	0.2
83.0418505	0.2
83.0587869999999	0.2
83.0750763999999	0.2
83.0911470999999	0.2
83.1084533999999	0.2
83.1253486000001	0.2
83.1418544000001	0.2
83.1584495	0.2
83.1745410000001	0.2
83.1916653000001	0.2
83.2085300000001	0.2
83.2254109	0.2
83.2412182	0.2
83.2586898	0.2
83.2755714	0.2
83.2914875000001	0.2
83.3087828	0.2
83.3253777	0.2
83.3418615000001	0.2
83.3583739000001	0.2
83.3749580000001	0.2
83.3919628000001	0.2
83.4090920000001	0.2
83.4254422000001	0.2
83.4416407000001	0.2
83.4585502	0.2
83.4747551	0.2
83.4916633	0.2
83.5085897000001	0.2
83.5252624	0.2
83.5415871	0.2
83.5584378999999	0.2
83.5750815000001	0.2
83.5915681000001	0.2
83.6086949	0.2
83.6255868999999	0.2
83.6417471	0.2
83.6585709999999	0.2
83.6748688	0.2
83.6918359000001	0.2
83.7085263000001	0.2
83.7249419	0.2
83.7415656000001	0.2
83.7582153999999	0.2
83.7750871000001	0.2
83.7918321	0.2
83.8092768000001	0.2
83.8252339999999	0.2
83.8418385	0.2
83.8587064000001	0.2
83.8752657	0.2
83.8918243000001	0.2
83.9085278	0.2
83.9250688	0.2
83.9415458999999	0.2
83.9581548000001	0.2
83.9748886	0.2
83.9916607	0.2
84.0085096	0.2
84.0251834000001	0.2
84.0418035	0.2
84.058323	0.2
84.0752446000001	0.2
84.0915679	0.2
84.1085051	0.2
84.1250514000001	0.2
84.1417498000001	0.2
84.1584480000001	0.2
84.174874	0.2
84.1915168	0.2
84.2085046	0.2
84.2247715999999	0.2
84.2418435	0.2
84.2581976000001	0.2
84.2752237	0.2
84.2916103	0.2
84.3086410000001	0.2
84.3251660999999	0.2
84.3416807999999	0.2
84.3589766	0.2
84.3750683999999	0.2
84.3913445999999	0.2
84.4084147999999	0.2
84.4252868000001	0.2
84.4414236	0.2
84.4582038000001	0.2
84.4752099	0.2
84.4919813000001	0.2
84.5086292999999	0.2
84.524995	0.2
84.5413742000001	0.2
84.5583418000001	0.2
84.5751867000001	0.2
84.5917930000001	0.2
84.6087027000001	0.2
84.6250870000001	0.2
84.6414818000001	0.2
84.6583983	0.2
84.6751855	0.2
84.6917013	0.2
84.7085526999999	0.2
84.7252242	0.2
84.7416547	0.2
84.7584036999999	0.2
84.7750625000001	0.2
84.7914565000001	0.2
84.8084983000001	0.2
84.825243	0.2
84.8416224	0.2
84.8584579999999	0.2
84.8754577	0.2
84.8918166999999	0.2
84.9085456	0.2
84.9246404	0.2
84.9412765	0.2
84.95857	0.2
84.9751175000001	0.2
84.9913941	0.2
85.0081672000001	0.2
85.0255194000001	0.2
85.0415688000001	0.2
85.0583557	0.2
85.0752734	0.2
85.091668	0.2
85.1088175	0.2
85.1248565000001	0.2
85.1418120999999	0.2
85.1585431999999	0.2
85.1751389000001	0.2
85.1913030999999	0.2
85.2080992000001	0.2
85.2254368000001	0.2
85.2413904	0.2
85.2586663	0.2
85.2758345	0.2
85.2919036999999	0.2
85.3085343	0.2
85.3251479	0.2
85.3415074	0.2
85.3580518000001	0.2
85.3749101000001	0.2
85.3913938000001	0.2
85.4083107000001	0.2
85.4251947	0.2
85.4418052000001	0.2
85.4583479	0.2
85.475117	0.2
85.4914914000001	0.2
85.5084863	0.2
85.5251943999999	0.2
85.5417552000001	0.2
85.5583096	0.2
85.5750856	0.2
85.5914906	0.2
85.6085667	0.2
85.625123	0.2
85.6416618000001	0.2
85.6585204	0.2
85.6751859000001	0.2
85.6920759	0.2
85.708363	0.2
85.7250953	0.2
85.7416215000001	0.2
85.7582894	0.2
85.7756806	0.2
85.7916898999999	0.2
85.8082583	0.2
85.8260766999999	0.2
85.8413915000001	0.2
85.8584682000001	0.2
85.8750067999999	0.2
85.8912372	0.2
85.9083152000001	0.2
85.9255989000001	0.2
85.9414693000001	0.2
85.9581447	0.2
85.9749183000001	0.2
85.9916264999999	0.2
86.0084116	0.2
86.024866	0.2
86.0412761	0.2
86.0586339000001	0.2
86.0747338000001	0.2
86.0913088	0.2
86.1259696	0.2
86.1419581	0.2
86.1585275	0.2
86.1746443	0.2
86.1918920000001	0.2
86.2080568000001	0.2
86.2250590000001	0.2
86.2415968	0.2
86.2582414999999	0.2
86.2747753000001	0.2
86.2914301999999	0.2
86.3081185000001	0.2
86.3248426	0.2
86.3415939000001	0.2
86.3584591000001	0.2
86.3749336000001	0.2
86.3912871	0.2
86.4080431	0.2
86.4249618000001	0.2
86.4413594	0.2
86.4580189000001	0.2
86.4751590999999	0.2
86.4914005000001	0.2
86.508343	0.2
86.5252347000001	0.2
86.5416844000001	0.2
86.5584552	0.2
86.5746730000001	0.2
86.5912129999999	0.2
86.6087795999999	0.2
86.6250807000001	0.2
86.6419271	0.2
86.6584997	0.2
86.6751385	0.2
86.6911	0.2
86.7081805	0.2
86.7250997000001	0.2
86.7413576000001	0.2
86.7584205999999	0.2
86.7749062	0.2
86.7914592	0.2
86.8085212999999	0.2
86.8247639000001	0.2
86.8412719	0.2
86.8581184	0.2
86.875125	0.2
86.8911995999999	0.2
86.9083556	0.2
86.9250101	0.2
86.9412103	0.2
86.9585535000001	0.2
86.9749171000001	0.2
86.9913916	0.2
87.0082878999999	0.2
87.0249679000001	0.2
87.0414426	0.2
87.0586126999999	0.2
87.0753549999999	0.2
87.0917904	0.2
87.1083361999999	0.2
87.1251293	0.2
87.141417	0.2
87.1584276000001	0.2
87.1749529000001	0.2
87.1913372000001	0.2
87.2081665000001	0.2
87.2251824	0.2
87.2418911	0.2
87.2580717000001	0.2
87.2750590000001	0.2
87.2917052	0.2
87.308284	0.2
87.3250283	0.2
87.3411140999999	0.2
87.3582243000001	0.2
87.3751030000001	0.2
87.3912849000001	0.2
87.4085783	0.2
87.4246138000001	0.2
87.4413543000001	0.2
87.4581227000001	0.2
87.474858	0.2
87.4914665000001	0.2
87.5081264	0.2
87.524842	0.2
87.5418955	0.2
87.5583776999999	0.2
87.5744956000001	0.2
87.5918515999999	0.2
87.6084478	0.2
87.6251635000001	0.2
87.6410908	0.2
87.6581449	0.2
87.6750787000001	0.2
87.6917621	0.2
87.7085030000001	0.2
87.7248423000001	0.2
87.7410775000001	0.2
87.7581342000001	0.2
87.7745398	0.2
87.7913246000001	0.2
87.8083343999999	0.2
87.8246707000001	0.2
87.8411780000001	0.2
87.8581654	0.2
87.8745359	0.2
87.8915142000001	0.2
87.9084186	0.2
87.9246359000001	0.2
87.9411975	0.2
87.9582645	0.2
87.9746170999999	0.2
87.991638	0.2
88.0082646000001	0.2
88.0246434000001	0.2
88.0415762	0.2
88.0583901	0.2
88.0751011	0.2
88.0917861	0.2
88.1084119	0.2
88.1250322999999	0.2
88.1412594999999	0.2
88.1586655999999	0.2
88.175035	0.2
88.1915163000001	0.2
88.2081532	0.2
88.2246124000001	0.2
88.2411833000001	0.2
88.2585845999999	0.2
88.2745711	0.2
88.291919	0.2
88.3078481	0.2
88.3251760000001	0.2
88.3415517000001	0.2
88.3581975	0.2
88.3745687000001	0.2
88.391828	0.2
88.4084003	0.2
88.4246902	0.2
88.4414429000001	0.2
88.4582366	0.2
88.4745952999999	0.2
88.4917054	0.2
88.5082929	0.2
88.5248795	0.2
88.5414493999999	0.2
88.5580823	0.2
88.5745698999999	0.2
88.5912699	0.2
88.6085011	0.2
88.6245627000001	0.2
88.6412726999999	0.2
88.6585973000001	0.2
88.6746109999999	0.2
88.6912090999999	0.2
88.7080436000001	0.2
88.7246974	0.2
88.7416575	0.2
88.7582557000001	0.2
88.7745915	0.2
88.7916978999999	0.2
88.8084206999999	0.2
88.8249704	0.2
88.8413373999999	0.2
88.8581558999999	0.2
88.8746324000001	0.2
88.8913686999999	0.2
88.9086119999999	0.2
88.9244538	0.2
88.9413339	0.2
88.9584096000001	0.2
88.9746196999999	0.2
88.9915563	0.2
89.0082285999999	0.2
89.0246975	0.2
89.0416266	0.2
89.0584381000001	0.2
89.0743979000001	0.2
89.0918432999999	0.2
89.1081644999999	0.2
89.1249241	0.2
89.1411992000001	0.2
89.1584179000001	0.2
89.1746584	0.2
89.191362	0.2
89.2083726000001	0.2
89.2244111	0.2
89.2411389000001	0.2
89.2582202999999	0.2
89.2745374000001	0.2
89.2912453000001	0.2
89.3082965000001	0.2
89.3242328000001	0.2
89.3412347999999	0.2
89.3581389000001	0.2
89.3747172000001	0.2
89.3911983	0.2
89.4082639000001	0.2
89.4250971000001	0.2
89.4416286000001	0.2
89.4582058000001	0.2
89.4743447999999	0.2
89.4913348	0.2
89.5081149	0.2
89.5245503000001	0.2
89.5419291000001	0.2
89.5578596	0.2
89.5745326000001	0.2
89.5916407	0.2
89.6082851000001	0.2
89.6243145000001	0.2
89.6413854	0.2
89.6582699000001	0.2
89.6746335	0.2
89.6913534	0.2
89.7081481	0.2
89.7247391999999	0.2
89.7413377	0.2
89.7582791	0.2
89.7749564000001	0.2
89.7912368	0.2
89.8083524000001	0.2
89.8247213	0.2
89.8412642000001	0.2
89.8580291000001	0.2
89.8748812000001	0.2
89.8913133999999	0.2
89.9081368	0.2
89.9250042000001	0.2
89.9416037999999	0.2
89.9583766000001	0.2
89.9749684000001	0.2
89.9911135	0.2
90.0082325000001	0.2
90.0249134999999	0.2
90.0411265	0.2
90.0582677	0.2
90.0749995000001	0.2
90.0916956000001	0.2
90.1081905000001	0.2
90.1245371	0.2
90.1411337	0.2
90.1580061	0.2
90.1745123999999	0.2
90.1913427	0.2
90.2078601999999	0.2
90.2248585	0.2
90.2412710000001	0.2
90.2582107999999	0.2
90.2744282000001	0.2
90.2919655999999	0.2
90.3082357999999	0.2
90.3248388	0.2
90.3413848	0.2
90.3582377	0.2
90.3748373000001	0.2
90.3915098	0.2
90.4084800000001	0.2
90.4250582	0.2
90.441671	0.2
90.4579077000001	0.2
90.4746001000001	0.2
90.4910569000001	0.2
90.5080697000001	0.2
90.5245036000001	0.2
90.5413863000001	0.2
90.5578568000001	0.2
90.5749625000001	0.2
90.5910947	0.2
90.6082034000001	0.2
90.6247705000001	0.2
90.6414901000001	0.2
90.6580589	0.2
90.6751783	0.2
90.6912446000001	0.2
90.7082899	0.2
90.7251624	0.2
90.7414077999999	0.2
90.7584383999999	0.2
90.7744003	0.2
90.7914682000001	0.2
90.8081737	0.2
90.8249776	0.2
90.8411751000001	0.2
90.8581273	0.2
90.8746834999999	0.2
90.8914449000001	0.2
90.908056	0.2
90.9252925999999	0.2
90.9412273	0.2
90.9578626	0.2
90.9749095	0.2
90.9915358000001	0.2
91.0081308000001	0.2
91.0246182000001	0.2
91.0412000000001	0.2
91.0578681	0.2
91.0747186000001	0.2
91.0911181000001	0.2
91.1080575999999	0.2
91.1246237	0.2
91.1413831	0.2
91.1581752	0.2
91.1747926	0.2
91.1912271000001	0.2
91.2081422000001	0.2
91.2245339999999	0.2
91.2415318999999	0.2
91.257793	0.2
91.2744557999999	0.2
91.2916268000001	0.2
91.3081303000001	0.2
91.3245429999999	0.2
91.3413859	0.2
91.358037	0.2
91.3747092000001	0.2
91.3912176000001	0.2
91.4080297	0.2
91.4250320000001	0.2
91.4411242000001	0.2
91.4580307000001	0.2
91.4749842000001	0.2
91.4915487000001	0.2
91.5079535	0.2
91.5250854999999	0.2
91.5416626000001	0.2
91.5581144	0.2
91.5751904000001	0.2
91.5913588999999	0.2
91.6081340999999	0.2
91.6250742	0.2
91.6414188000001	0.2
91.65815	0.2
91.6746227000001	0.2
91.6914236	0.2
91.7080493000001	0.2
91.7251016	0.2
91.7413091999999	0.2
91.7580760999999	0.2
91.7750885	0.2
91.7914819	0.2
91.8082078	0.2
91.8247681	0.2
91.8412241999999	0.2
91.8581558999999	0.2
91.8748963	0.2
91.8913183	0.2
91.9079828000001	0.2
91.924741	0.2
91.9416049000001	0.2
91.9578257000001	0.2
91.9749240000001	0.2
91.9911662	0.2
92.0080333000001	0.2
92.0250093	0.2
92.0411276	0.2
92.0580792000001	0.2
92.0750697999999	0.2
92.0911564	0.2
92.1081457	0.2
92.1250281	0.2
92.1418216	0.2
92.1577628	0.2
92.1742864	0.2
92.1917370000001	0.2
92.2079264000001	0.2
92.2251240000001	0.2
92.2412692	0.2
92.2580964000001	0.2
92.2747242	0.2
92.2914335	0.2
92.3081092	0.2
92.3249671999999	0.2
92.3415276000001	0.2
92.3581239	0.2
92.3743928000001	0.2
92.3910095000001	0.2
92.4079836000001	0.2
92.4244385	0.2
92.4416350000001	0.2
92.4580057999999	0.2
92.4749380000001	0.2
92.4913289000001	0.2
92.5083973000001	0.2
92.5247148000001	0.2
92.5416055999999	0.2
92.5580193999999	0.2
92.5751723999999	0.2
92.5916209	0.2
92.6081609	0.2
92.6255681	0.2
92.6413054	0.2
92.6578172	0.2
92.6745602999999	0.2
92.6914052	0.2
92.7078486	0.2
92.7244055000001	0.2
92.7410737	0.2
92.7582554000001	0.2
92.7746652000001	0.2
92.7915043	0.2
92.8081050000001	0.2
92.8246425	0.2
92.8410661	0.2
92.8582291	0.2
92.8749038000001	0.2
92.8915661000001	0.2
92.9081668000001	0.2
92.9249639	0.2
92.9410794	0.2
92.9580894999999	0.2
92.9748572999999	0.2
92.9914593999999	0.2
93.0081309	0.2
93.0253018000001	0.2
93.0414459000001	0.2
93.057998	0.2
93.0749048	0.2
93.0913035000001	0.2
93.1081577	0.2
93.1252587000001	0.2
93.1411548000001	0.2
93.1578906	0.2
93.1745435	0.2
93.1910153000001	0.2
93.2080312000001	0.2
93.2244744	0.2
93.2411360999999	0.2
93.2580468000001	0.2
93.2747601000001	0.2
93.2913679000001	0.2
93.3080299000001	0.2
93.3246742000001	0.2
93.3410804	0.2
93.3581604999999	0.2
93.3744336	0.2
93.3912734	0.2
93.4077986	0.2
93.4249416	0.2
93.4415673000001	0.2
93.4580913	0.2
93.4746207000001	0.2
93.4914160999999	0.2
93.5081921999999	0.2
93.5245318	0.2
93.5413249999999	0.2
93.5582300000001	0.2
93.5748973	0.2
93.5910558	0.2
93.6078431999999	0.2
93.6244905000001	0.2
93.6416080000001	0.2
93.6578783	0.2
93.6748273000001	0.2
93.6913728	0.2
93.7080837000001	0.2
93.7243853	0.2
93.7413885000001	0.2
93.7581272	0.2
93.7741546	0.2
93.7918076000001	0.2
93.8078917	0.2
93.8251138000001	0.2
93.841185	0.2
93.8579704000001	0.2
93.8744008000001	0.2
93.8916145000001	0.2
93.9077809	0.2
93.9246751000001	0.2
93.9413261	0.2
93.9580283	0.2
93.9749128000001	0.2
93.9912179	0.2
94.0084397000001	0.2
94.0249682000001	0.2
94.0411002999999	0.2
94.058123	0.2
94.0750929000001	0.2
94.0914645	0.2
94.1079907999999	0.2
94.1249259000001	0.2
94.1410203	0.2
94.1579696000001	0.2
94.1748093000001	0.2
94.191053	0.2
94.2082596	0.2
94.2252781	0.2
94.2411156000001	0.2
94.2579979	0.2
94.2748438000001	0.2
94.2910823	0.2
94.3079617000001	0.2
94.3248344000001	0.2
94.3414973000001	0.2
94.3580966	0.2
94.3745335000001	0.2
94.3915309000001	0.2
94.4082404000001	0.2
94.425475	0.2
94.4415243000001	0.2
94.4580510999999	0.2
94.4753681	0.2
94.4914914000001	0.2
94.5080952000001	0.2
94.5249143999999	0.2
94.5413232999999	0.2
94.5580772000001	0.2
94.5748618	0.2
94.5914832000001	0.2
94.6080923	0.2
94.6248418	0.2
94.6416615000001	0.2
94.6579369999999	0.2
94.6748176000001	0.2
94.6915538999999	0.2
94.7080636999999	0.2
94.7249633000001	0.2
94.741685	0.2
94.7581041999999	0.2
94.7751051	0.2
94.7912832	0.2
94.8079174	0.2
94.8246942000001	0.2
94.8414107999999	0.2
94.8579142000001	0.2
94.8746246000001	0.2
94.8914573	0.2
94.9080343000001	0.2
94.9247856	0.2
94.9421856000001	0.2
94.9579298000001	0.2
94.9749297999999	0.2
94.9914421999999	0.2
95.0081455	0.2
95.0250183000001	0.2
95.0413960999999	0.2
95.05753	0.2
95.0742049	0.2
95.0911874000001	0.2
95.1079852	0.2
95.1247596000001	0.2
95.1407786	0.2
95.1579062999999	0.2
95.1742372000001	0.2
95.1914491	0.2
95.2079811999999	0.2
95.2247728	0.2
95.2413114000001	0.2
95.2577215000001	0.2
95.2745999000001	0.2
95.2915115000001	0.2
95.3080262000001	0.2
95.3248166999999	0.2
95.3411421000001	0.2
95.3581474	0.2
95.3745260000001	0.2
95.3918980000001	0.2
95.4080228	0.2
95.4241291000001	0.2
95.4410596	0.2
95.4578710999999	0.2
95.4745109	0.2
95.4915354	0.2
95.5078301000001	0.2
95.5246578000001	0.2
95.541778	0.2
95.5580993999999	0.2
95.574877	0.2
95.5914233000001	0.2
95.6079526999999	0.2
95.6253655	0.2
95.6414655999999	0.2
95.6579750000001	0.2
95.6748613	0.2
95.6914686	0.2
95.7079251	0.2
95.7245407	0.2
95.741859	0.2
95.757816	0.2
95.77484	0.2
95.791236	0.2
95.8081789	0.2
95.8249317	0.2
95.8413699	0.2
95.858154	0.2
95.8746308	0.2
95.8913626000001	0.2
95.9080378000001	0.2
95.9245822	0.2
95.9410488999999	0.2
95.9577135	0.2
95.9748294000001	0.2
95.9915350000001	0.2
96.0077024	0.2
96.0244977	0.2
96.0414019	0.2
96.0575140999999	0.2
96.0789377999999	0.2
96.0917153	0.2
96.1079540999999	0.2
96.1242107	0.2
96.1415901	0.2
96.1579781	0.2
96.1747057	0.2
96.1912834	0.2
96.2076003	0.2
96.224698	0.2
96.2414888999999	0.2
96.2578937000001	0.2
96.2750929000001	0.2
96.2914727	0.2
96.3079981000001	0.2
96.3251473	0.2
96.3410723	0.2
96.3578557000001	0.2
96.3744544000001	0.2
96.3912958000001	0.2
96.4079340000001	0.2
96.424933	0.2
96.4416306000001	0.2
96.4577495999999	0.2
96.4749389999999	0.2
96.4913253	0.2
96.5076614	0.2
96.5247188000001	0.2
96.5411790000001	0.2
96.5580451000001	0.2
96.5745274000001	0.2
96.5915192	0.2
96.6080371	0.2
96.6249878000001	0.2
96.6410748999999	0.2
96.6580279	0.2
96.674589	0.2
96.6915177999999	0.2
96.708046	0.2
96.7250455000001	0.2
96.7409334000001	0.2
96.7584144	0.2
96.7748019000001	0.2
96.7915436999999	0.2
96.8080138	0.2
96.8245204	0.2
96.8414495	0.2
96.8577763000001	0.2
96.8750961000001	0.2
96.8913726000001	0.2
96.9076895000001	0.2
96.9251409999999	0.2
96.9412752999999	0.2
96.9576778999999	0.2
96.9748473	0.2
96.9914401999999	0.2
97.0078063000001	0.2
97.0249223000001	0.2
97.0410713000001	0.2
97.0576532	0.2
97.0747716000001	0.2
97.0911224000001	0.2
97.1077221	0.2
97.1244409999999	0.2
97.1412637000001	0.2
97.1578016000001	0.2
97.17463	0.2
97.1914319	0.2
97.2074901000001	0.2
97.2248551	0.2
97.2410955	0.2
97.2574907999999	0.2
97.2742934	0.2
97.2912582000001	0.2
97.3076470999999	0.2
97.3243622	0.2
97.3410232000001	0.2
97.3577835999999	0.2
97.3749925	0.2
97.3912005	0.2
97.4074671000001	0.2
97.4246161000001	0.2
97.4414733000001	0.2
97.4575431999999	0.2
97.4754889000001	0.2
97.4910299000001	0.2
97.5077182	0.2
97.5244511999999	0.2
97.5415501	0.2
97.5577665999999	0.2
97.5744036000001	0.2
97.5910497	0.2
97.6077130000001	0.2
97.6246483	0.2
97.6414272	0.2
97.6577895	0.2
97.6788211000001	0.2
97.6912767000001	0.2
97.7077323999999	0.2
97.7245574999999	0.2
97.7409803	0.2
97.7578172999999	0.2
97.7747844	0.2
97.7912939	0.2
97.8076363	0.2
97.8250995000001	0.2
97.8412817999999	0.2
97.8574212000001	0.2
97.8753638999999	0.2
97.8914295	0.2
97.9077414000001	0.2
97.9246717999999	0.2
97.9413036000001	0.2
97.9578639000001	0.2
97.9747107000001	0.2
97.9914286999999	0.2
98.0076209000001	0.2
98.0246950999999	0.2
98.0413642000001	0.2
98.0578684	0.2
98.0747638	0.2
98.0916689000001	0.2
98.1077176000001	0.2
98.1244746	0.2
98.1410844	0.2
98.1580917000001	0.2
98.1745721	0.2
98.1908469	0.2
98.2076138	0.2
98.2242835	0.2
98.2409511000001	0.2
98.2576031999999	0.2
98.2748738	0.2
98.2912709	0.2
98.3075019	0.2
98.3242301	0.2
98.3422828	0.2
98.3576859	0.2
98.3747205	0.2
98.3911696	0.2
98.4078713000001	0.2
98.425473	0.2
98.4413627000001	0.2
98.4577906	0.2
98.4743222	0.2
98.4907195999999	0.2
98.5078569	0.2
98.5247010000001	0.2
98.5413169999999	0.2
98.5582181	0.2
98.5750880000001	0.2
98.5910726	0.2
98.6077990000001	0.2
98.6251043	0.2
98.6412295	0.2
98.6576787000001	0.2
98.6747103	0.2
98.6909459000001	0.2
98.7076741000001	0.2
98.7245154	0.2
98.7413624000001	0.2
98.7576799999999	0.2
98.7743391000001	0.2
98.7913983999999	0.2
98.8074080000001	0.2
98.8245866	0.2
98.841496	0.2
98.8578104999999	0.2
98.8741312	0.2
98.8912480000001	0.2
98.9076036000001	0.2
98.9247406	0.2
98.9410445000001	0.2
98.957924	0.2
98.974373	0.2
98.9915426	0.2
99.0077284000001	0.2
99.0250314	0.2
99.0414498	0.2
99.0578757999999	0.2
99.0753189	0.2
99.0911062	0.2
99.1076290999999	0.2
99.1246365	0.2
99.1420071	0.2
99.1577087000001	0.2
99.1751426999999	0.2
99.1910967000001	0.2
99.2074678000001	0.2
99.2245646000001	0.2
99.2412704999999	0.2
99.2575501000001	0.2
99.2746647000001	0.2
99.291393	0.2
99.3077625000001	0.2
99.3247967	0.2
99.3413084000001	0.2
99.3576846000001	0.2
99.3744214999999	0.2
99.391239	0.2
99.4079038	0.2
99.4249248000001	0.2
99.4409254	0.2
99.4575397999999	0.2
99.4747414000001	0.2
99.4915123000001	0.2
99.5078822	0.2
99.5248055	0.2
99.5415173000001	0.2
99.5576424000001	0.2
99.5747162	0.2
99.5910822000001	0.2
99.6074954999999	0.2
99.6246893	0.2
99.6408713999999	0.2
99.6573739	0.2
99.6742816000001	0.2
99.6914813000001	0.2
99.7077145999999	0.2
99.7245201999999	0.2
99.7411367	0.2
99.757944	0.2
99.7750538	0.2
99.7913347000001	0.2
99.8080319999999	0.2
99.8249235999999	0.2
99.8414498	0.2
99.8578831	0.2
99.8748333000001	0.2
99.8909239	0.2
99.9074862	0.2
99.9245335000001	0.2
99.9409435	0.2
99.9580507999999	0.2
99.9746646999999	0.2
99.9914073	0.2
100.0081863	0.2
100.0244898	0.2
100.0412144	0.2
100.0579174	0.2
100.0744417	0.2
100.0913441	0.2
100.1078272	0.2
100.1247387	0.2
100.1412587	0.2
100.1579126	0.2
100.174311	0.2
100.190886	0.2
100.2074917	0.2
100.2246893	0.2
100.2412148	0.2
100.2579847	0.2
100.2745546	0.2
100.29096	0.2
100.308049	0.2
100.3242207	0.2
100.3411685	0.2
100.357699	0.2
100.3745021	0.2
100.3912549	0.2
100.4085529	0.2
100.424738	0.2
100.4408123	0.2
100.4576391	0.2
100.4747301	0.2
100.4912888	0.2
100.5078293	0.2
100.5246011	0.2
100.5413008	0.2
100.5580344	0.2
100.5743453	0.2
100.59122	0.2
100.607723	0.2
100.6246065	0.2
100.6407923	0.2
100.6573109	0.2
100.6739326	0.2
100.691124	0.2
100.7077884	0.2
100.7244559	0.2
100.7412273	0.2
100.7576545	0.2
100.7746444	0.2
100.7913516	0.2
100.8080994	0.2
100.8244606	0.2
100.8410987	0.2
100.8575938	0.2
100.8746375	0.2
100.8912343	0.2
100.9073618	0.2
100.9244846	0.2
100.9411044	0.2
100.9575955	0.2
100.9748729	0.2
100.9912183	0.2
101.0078851	0.2
101.0250362	0.2
101.0410601	0.2
101.0578252	0.2
101.0746496	0.2
101.0910498	0.2
101.1075047	0.2
101.1246536	0.2
101.1410384	0.2
101.157443	0.2
101.1743794	0.2
101.1912588	0.2
101.2079486	0.2
101.2246435	0.2
101.2411077	0.2
101.2574373	0.2
101.2745897	0.2
101.2911487	0.2
101.3078718	0.2
101.3247045	0.2
101.3411695	0.2
101.3578471	0.2
101.3747562	0.2
101.3908808	0.2
101.4076297	0.2
101.4249437	0.2
101.4412285	0.2
101.4576416	0.2
101.4743349	0.2
101.4910524	0.2
101.5080487	0.2
101.5245557	0.2
101.5409753	0.2
101.5578515	0.2
101.5746661	0.2
101.5912303	0.2
101.6079253	0.2
101.6245221	0.2
101.6409755	0.2
101.6575863	0.2
101.6746854	0.2
101.6908054	0.2
101.7073653	0.2
101.7243813	0.2
101.7412385	0.2
101.7578634	0.2
101.7747111	0.2
101.7914839	0.2
101.807795	0.2
101.8249495	0.2
101.8411858	0.2
101.8577459	0.2
101.8747067	0.2
101.8910629	0.2
101.9078108	0.2
101.9246107	0.2
101.9409827	0.2
101.9578224	0.2
101.974518	0.2
101.9910611	0.2
102.0076936	0.2
102.0245792	0.2
102.041179	0.2
102.0574642	0.2
102.074603	0.2
102.0912514	0.2
102.1078975	0.2
102.1244176	0.2
102.1415572	0.2
102.1577028	0.2
102.1746562	0.2
102.1912138	0.2
102.2076516	0.2
102.2246825	0.2
102.2413302	0.2
102.258179	0.2
102.274455	0.2
102.2911394	0.2
102.3073567	0.2
102.3243452	0.2
102.3414078	0.2
102.357681	0.2
102.3740481	0.2
102.3908955	0.2
102.4074486	0.2
102.4242074	0.2
102.4412243	0.2
102.4574614	0.2
102.4747958	0.2
102.4912312	0.2
102.5080865	0.2
102.5244228	0.2
102.5412283	0.2
102.5579068	0.2
102.574506	0.2
102.5907659	0.2
102.6075638	0.2
102.6241867	0.2
102.6412344	0.2
102.6576409	0.2
102.674451	0.2
102.6908638	0.2
102.7081939	0.2
102.7245609	0.2
102.7412783	0.2
102.7580689	0.2
102.7744557	0.2
102.7911437	0.2
102.807617	0.2
102.8251157	0.2
102.8411144	0.2
102.8575416	0.2
102.8743871	0.2
102.8909002	0.2
102.907432	0.2
102.9244348	0.2
102.9410677	0.2
102.9578177	0.2
102.9745554	0.2
102.9912218	0.2
103.0079199	0.2
103.0245345	0.2
103.0412166	0.2
103.0577803	0.2
103.0745978	0.2
103.0911908	0.2
103.1078142	0.2
103.1244036	0.2
103.1410731	0.2
103.157603	0.2
103.1743738	0.2
103.1910044	0.2
103.2077742	0.2
103.2241787	0.2
103.2407714	0.2
103.2575378	0.2
103.274336	0.2
103.2910834	0.2
103.3078394	0.2
103.3246433	0.2
103.3405358	0.2
103.3578083	0.2
103.3744863	0.2
103.3911152	0.2
103.407712	0.2
103.4246925	0.2
103.441129	0.2
103.4573352	0.2
103.4741998	0.2
103.4908977	0.2
103.5074324	0.2
103.5244188	0.2
103.540818	0.2
103.5574583	0.2
103.5736799	0.2
103.5904836	0.2
103.6077785	0.2
103.6246303	0.2
103.6407008	0.2
103.6574767	0.2
103.6745355	0.2
103.691108	0.2
103.7075268	0.2
103.7246178	0.2
103.7407392	0.2
103.757693	0.2
103.7743996	0.2
103.7908632	0.2
103.8077446	0.2
103.8245135	0.2
103.8408976	0.2
103.857885	0.2
103.8744552	0.2
103.8908444	0.2
103.9077499	0.2
103.9244302	0.2
103.9410819	0.2
103.9575892	0.2
103.9744374	0.2
103.9908162	0.2
104.0075638	0.2
104.0247595	0.2
104.0411561	0.2
104.0578632	0.2
104.0742419	0.2
104.0912466	0.2
104.1078284	0.2
104.1245528	0.2
104.1412312	0.2
104.1577324	0.2
104.1743818	0.2
104.1910222	0.2
104.2077564	0.2
104.2241081	0.2
104.240976	0.2
104.2572349	0.2
104.2745071	0.2
104.2909317	0.2
104.3076974	0.2
104.3246702	0.2
104.3407695	0.2
104.3576504	0.2
104.3745244	0.2
104.3911014	0.2
104.4074574	0.2
104.4244236	0.2
104.4409388	0.2
104.4574271	0.2
104.4740844	0.2
104.4908374	0.2
104.507738	0.2
104.5243847	0.2
104.5409414	0.2
104.5576013	0.2
104.5745078	0.2
104.5912437	0.2
104.6078499	0.2
104.6250323	0.2
104.6412629	0.2
104.6577376	0.2
104.6743706	0.2
104.6906001	0.2
104.7074423	0.2
104.7245891	0.2
104.74106	0.2
104.7577217	0.2
104.7744682	0.2
104.7908479	0.2
104.8074743	0.2
104.8242288	0.2
104.8409584	0.2
104.8574229	0.2
104.8742299	0.2
104.8909196	0.2
104.9072452	0.2
104.924267	0.2
104.9409114	0.2
104.9574639	0.2
104.9742212	0.2
104.9909976	0.2
105.0079891	0.2
105.0246535	0.2
105.0409483	0.2
105.0575818	0.2
105.0742716	0.2
105.0909833	0.2
105.1074641	0.2
105.1245248	0.2
105.141154	0.2
105.1574601	0.2
105.17411	0.2
105.190959	0.2
105.2076619	0.2
105.2242993	0.2
105.2409673	0.2
105.2577756	0.2
105.2743315	0.2
105.2926871	0.2
105.3071167	0.2
105.3239397	0.2
105.3409419	0.2
105.3574254	0.2
105.3738414	0.2
105.3909097	0.2
105.407597	0.2
105.4244818	0.2
105.4410179	0.2
105.4575495	0.2
105.4746277	0.2
105.4911362	0.2
105.5075485	0.2
105.5244351	0.2
105.5408888	0.2
105.5574271	0.2
105.5742453	0.2
105.5905845	0.2
105.6077284	0.2
105.6240716	0.2
105.641126	0.2
105.6578115	0.2
105.6744423	0.2
105.6908946	0.2
105.7073423	0.2
105.7245308	0.2
105.7402972	0.2
105.7573165	0.2
105.7740367	0.2
105.7912589	0.2
105.8074035	0.2
105.8244859	0.2
105.8404593	0.2
105.8581581	0.2
105.8746257	0.2
105.8911461	0.2
105.9073165	0.2
105.9243991	0.2
105.9405504	0.2
105.9577921	0.2
105.9747772	0.2
105.9910337	0.2
106.0076815	0.2
106.0244522	0.2
106.0404343	0.2
106.0578864	0.2
106.0744414	0.2
106.0906074	0.2
106.1076737	0.2
106.1243734	0.2
106.1405441	0.2
106.1578126	0.2
106.1745052	0.2
106.190392	0.2
106.2078952	0.2
106.2245003	0.2
106.2404082	0.2
106.258132	0.2
106.2910661	0.2
106.3076203	0.2
106.324519	0.2
106.340783	0.2
106.3577979	0.2
106.3745517	0.215625
106.3913975	0.233333333333333
106.4077774	0.241666666666667
106.4245563	0.25
106.4586654	0.25
106.4905046	0.25
106.5076606	0.25
106.5244207	0.25
106.5404118	0.25
106.5573525	0.25
106.5740973	0.25
106.5903894	0.25
106.6072947	0.25
106.6248133	0.25
106.657713	0.25
106.6743877	0.25
106.6908862	0.25
106.7074969	0.25
106.7243472	0.25
106.7405572	0.25
106.7577169	0.25
106.774557	0.25
106.807649	0.25
106.8407256	0.25
106.858173	0.25
106.8908057	0.25
106.9079763	0.25
106.9242518	0.241666666666667
106.9407364	0.241666666666667
106.9583928	0.241666666666667
106.9908161	0.241666666666667
107.007671	0.241666666666667
107.0243719	0.241666666666667
107.040365	0.241666666666667
107.0581891	0.241666666666667
107.0748781	0.241666666666667
107.0904373	0.241666666666667
107.1074735	0.241666666666667
107.1245664	0.241666666666667
107.1577218	0.241666666666667
107.1906944	0.241666666666667
107.2078563	0.241666666666667
107.2246409	0.241666666666667
107.25808	0.241666666666667
107.2907076	0.241666666666667
107.3244453	0.241666666666667
107.3581785	0.241666666666667
107.3905898	0.241666666666667
107.4076533	0.241666666666667
107.424376	0.241666666666667
107.4577526	0.241666666666667
107.4906763	0.241666666666667
107.5078679	0.241666666666667
107.5408577	0.241666666666667
107.5576485	0.241666666666667
107.5744283	0.241666666666667
107.5905666	0.241666666666667
107.6076193	0.241666666666667
107.624372	0.241666666666667
107.6574542	0.241666666666667
107.6907111	0.241666666666667
107.7076976	0.241666666666667
107.7409723	0.241666666666667
107.7577636	0.241666666666667
107.7908245	0.241666666666667
107.8072608	0.241666666666667
107.8246423	0.241666666666667
107.857521	0.241666666666667
107.8910406	0.241666666666667
107.9077644	0.241666666666667
107.9408868	0.241666666666667
107.957439	0.233333333333333
107.9746131	0.225
108.0085046	0.216666666666667
108.0405785	0.216666666666667
108.0575056	0.216666666666667
108.09097	0.216666666666667
108.1077345	0.216666666666667
108.1244444	0.216666666666667
108.1404319	0.216666666666667
108.1579682	0.216666666666667
108.1908747	0.216666666666667
108.2249159	0.216666666666667
108.2576436	0.216666666666667
108.2910486	0.216666666666667
108.3078713	0.216666666666667
108.3408437	0.216666666666667
108.3745524	0.216666666666667
108.4078127	0.216666666666667
108.4408748	0.216666666666667
108.4740748	0.216666666666667
108.5073169	0.216666666666667
108.5407749	0.216666666666667
108.5744958	0.216666666666667
108.6078096	0.216666666666667
108.6411353	0.216666666666667
108.6741514	0.216666666666667
108.7080563	0.216666666666667
108.7412847	0.216666666666667
108.7743305	0.216666666666667
108.8078469	0.216666666666667
108.8410043	0.216666666666667
108.8745978	0.216666666666667
108.9076918	0.216666666666667
108.9408459	0.216666666666667
108.9744776	0.216666666666667
109.0075068	0.216666666666667
109.0405887	0.216666666666667
109.0739695	0.216666666666667
109.1076431	0.216666666666667
109.1408617	0.216666666666667
109.1746103	0.216666666666667
109.2078342	0.216666666666667
109.2407325	0.216666666666667
109.2738795	0.216666666666667
109.3078009	0.216666666666667
109.3409151	0.216666666666667
109.374235	0.216666666666667
109.4076116	0.216666666666667
109.4411505	0.216666666666667
109.4742147	0.216666666666667
109.5077149	0.216666666666667
109.5409521	0.216666666666667
109.5745083	0.216666666666667
109.6075804	0.216666666666667
109.6408807	0.216666666666667
109.6743641	0.216666666666667
109.7077526	0.216666666666667
109.7410756	0.216666666666667
109.7742202	0.216666666666667
109.8078489	0.216666666666667
109.8415597	0.216666666666667
109.8742859	0.216666666666667
109.9077646	0.216666666666667
109.9412574	0.216666666666667
109.9744181	0.216666666666667
110.007753	0.216666666666667
110.0407125	0.216666666666667
110.0743527	0.216666666666667
110.1076549	0.216666666666667
110.1408512	0.216666666666667
110.1744631	0.216666666666667
110.2075231	0.216666666666667
110.240852	0.216666666666667
110.2743919	0.216666666666667
110.3076228	0.216666666666667
110.3410921	0.216666666666667
110.3743683	0.216666666666667
110.4073433	0.216666666666667
110.4411102	0.216666666666667
110.4743932	0.216666666666667
110.5076655	0.216666666666667
110.5411451	0.216666666666667
110.5746651	0.216666666666667
110.6077633	0.216666666666667
110.6409569	0.216666666666667
110.6740202	0.216666666666667
110.7077241	0.216666666666667
110.7410096	0.216666666666667
110.7741655	0.216666666666667
110.8072722	0.216666666666667
110.8409445	0.216666666666667
110.8740752	0.216666666666667
110.9076866	0.216666666666667
110.940993	0.216666666666667
110.9742553	0.216666666666667
111.0083728	0.216666666666667
111.0414173	0.216666666666667
111.0744336	0.216666666666667
111.1077218	0.216666666666667
111.1409044	0.216666666666667
111.1744405	0.216666666666667
111.2072392	0.216666666666667
111.2411298	0.216666666666667
111.2742744	0.216666666666667
111.3077393	0.216666666666667
111.3409788	0.216666666666667
111.3743329	0.216666666666667
111.4076708	0.216666666666667
111.4411679	0.216666666666667
111.4746008	0.216666666666667
111.5077129	0.216666666666667
111.540566	0.216666666666667
111.5737557	0.216666666666667
111.6072042	0.216666666666667
111.6408473	0.216666666666667
111.6745858	0.216666666666667
111.7071854	0.216666666666667
111.7408316	0.216666666666667
111.7745086	0.216666666666667
111.8076019	0.216666666666667
111.8409498	0.216666666666667
111.8738477	0.216666666666667
111.9078132	0.216666666666667
111.9411877	0.216666666666667
111.9744739	0.216666666666667
112.0077156	0.216666666666667
112.0409623	0.216666666666667
112.0738782	0.216666666666667
112.1078383	0.216666666666667
112.1404482	0.216666666666667
112.1743823	0.216666666666667
112.2075828	0.216666666666667
112.2409665	0.216666666666667
112.2739865	0.216666666666667
112.3075869	0.216666666666667
112.3404815	0.216666666666667
112.3742182	0.216666666666667
112.4076841	0.216666666666667
112.4410549	0.216666666666667
112.4739053	0.216666666666667
112.5071989	0.216666666666667
112.5401015	0.216666666666667
112.5727931	0.216666666666667
112.6066584	0.216666666666667
112.6398171	0.216666666666667
112.6727249	0.216666666666667
112.7064968	0.216666666666667
112.7397928	0.216666666666667
112.7728824	0.216666666666667
112.8060661	0.216666666666667
112.8400481	0.216666666666667
112.8732469	0.216666666666667
112.9065531	0.216666666666667
112.9394143	0.216666666666667
112.9725238	0.216666666666667
113.0065913	0.216666666666667
113.0398149	0.216666666666667
113.072597	0.216666666666667
113.106592	0.216666666666667
113.1397121	0.216666666666667
113.1730571	0.216666666666667
113.2065599	0.216666666666667
113.2393721	0.216666666666667
113.2730921	0.216666666666667
113.3061926	0.216666666666667
113.3401143	0.216666666666667
113.3733526	0.216666666666667
113.4065764	0.216666666666667
113.439661	0.216666666666667
113.4729223	0.216666666666667
113.5061192	0.216666666666667
113.5393664	0.216666666666667
113.5726649	0.216666666666667
113.6062429	0.216666666666667
113.6399404	0.216666666666667
113.6729986	0.216666666666667
113.7060806	0.216666666666667
113.7398847	0.216666666666667
113.7732691	0.216666666666667
113.8061718	0.216666666666667
113.8398526	0.216666666666667
113.8728387	0.216666666666667
113.9064876	0.216666666666667
113.9398507	0.216666666666667
113.9735105	0.216666666666667
114.0065972	0.216666666666667
114.0393852	0.216666666666667
114.0729387	0.216666666666667
114.1064971	0.216666666666667
114.1396365	0.216666666666667
114.1728636	0.216666666666667
114.2068124	0.216666666666667
114.2398211	0.216666666666667
114.2727265	0.216666666666667
114.3064708	0.216666666666667
114.3394767	0.216666666666667
114.372927	0.216666666666667
114.4059758	0.216666666666667
114.4397898	0.216666666666667
114.4724579	0.216666666666667
114.5065671	0.216666666666667
114.5393058	0.216666666666667
114.5729006	0.216666666666667
114.6064516	0.216666666666667
114.6396765	0.216666666666667
114.6727752	0.216666666666667
114.7062456	0.216666666666667
114.7399712	0.216666666666667
114.7728268	0.216666666666667
114.8063412	0.216666666666667
114.8394588	0.216666666666667
114.8729158	0.216666666666667
114.9066401	0.216666666666667
114.9398068	0.216666666666667
114.9729117	0.216666666666667
115.0069159	0.216666666666667
115.0392901	0.216666666666667
115.0728738	0.216666666666667
115.1066771	0.216666666666667
115.1399872	0.216666666666667
115.172919	0.216666666666667
115.2063798	0.216666666666667
115.2399184	0.216666666666667
115.2728477	0.216666666666667
115.3066671	0.216666666666667
115.3393761	0.216666666666667
115.3726337	0.216666666666667
115.4067108	0.216666666666667
115.4398191	0.216666666666667
115.4728441	0.216666666666667
115.5064484	0.216666666666667
115.5399945	0.216666666666667
115.5728795	0.216666666666667
115.6066254	0.216666666666667
115.6399345	0.216666666666667
115.6729225	0.216666666666667
115.7064875	0.216666666666667
115.7395298	0.216666666666667
115.7730306	0.216666666666667
115.8062211	0.216666666666667
115.8399384	0.216666666666667
115.8724601	0.216666666666667
115.9065144	0.216666666666667
115.9399789	0.216666666666667
115.9729689	0.216666666666667
116.0065866	0.216666666666667
116.0403688	0.216666666666667
116.0724763	0.216666666666667
116.1067199	0.216666666666667
116.1399803	0.216666666666667
116.1728331	0.216666666666667
116.2065053	0.216666666666667
116.2399317	0.216666666666667
116.2730921	0.216666666666667
116.306424	0.216666666666667
116.3397642	0.216666666666667
116.373031	0.216666666666667
116.4060756	0.216666666666667
116.4397561	0.216666666666667
116.4729443	0.216666666666667
116.5067732	0.216666666666667
116.5400486	0.216666666666667
116.5732737	0.216666666666667
116.6064186	0.216666666666667
116.6394221	0.216666666666667
116.6728966	0.216666666666667
116.706392	0.216666666666667
116.7393309	0.216666666666667
116.7727477	0.216666666666667
116.8063857	0.216666666666667
116.8399899	0.216666666666667
116.8724569	0.216666666666667
116.9059789	0.216666666666667
116.9396144	0.216666666666667
116.9727757	0.216666666666667
117.0068901	0.216666666666667
117.0396106	0.216666666666667
117.0729408	0.216666666666667
117.1064344	0.216666666666667
117.139553	0.216666666666667
117.1728716	0.216666666666667
117.2064852	0.216666666666667
117.2397688	0.216666666666667
117.2729536	0.216666666666667
117.3062755	0.216666666666667
117.3392309	0.216666666666667
117.3724906	0.216666666666667
117.4063625	0.216666666666667
117.4396842	0.216666666666667
117.4732727	0.216666666666667
117.5064184	0.216666666666667
117.5395951	0.216666666666667
117.5728389	0.216666666666667
117.6064591	0.216666666666667
117.6397058	0.216666666666667
117.6724772	0.216666666666667
117.7059787	0.216666666666667
117.7396595	0.216666666666667
117.772798	0.216666666666667
117.806354	0.216666666666667
117.8396534	0.216666666666667
117.8739517	0.216666666666667
117.9066297	0.216666666666667
117.9397898	0.216666666666667
117.9729614	0.216666666666667
118.007069	0.216666666666667
118.0393186	0.216666666666667
118.072599	0.216666666666667
118.1065273	0.216666666666667
118.1393868	0.216666666666667
118.1729232	0.216666666666667
118.2063592	0.216666666666667
118.2391627	0.216666666666667
118.2730387	0.216666666666667
118.3063654	0.216666666666667
118.3392436	0.216666666666667
118.3731856	0.216666666666667
118.406549	0.216666666666667
118.4395203	0.216666666666667
118.4731653	0.216666666666667
118.5064233	0.216666666666667
118.5397458	0.216666666666667
118.5726311	0.216666666666667
118.6062901	0.216666666666667
118.6397176	0.216666666666667
118.6725475	0.216666666666667
118.706606	0.216666666666667
118.7395491	0.216666666666667
118.7730478	0.216666666666667
118.8062484	0.216666666666667
118.8396104	0.216666666666667
118.8727899	0.216666666666667
118.9059493	0.216666666666667
118.9392898	0.216666666666667
118.9728831	0.216666666666667
119.0065496	0.216666666666667
119.0397009	0.216666666666667
119.0729187	0.216666666666667
119.1063546	0.216666666666667
119.1398176	0.216666666666667
119.172881	0.216666666666667
119.206538	0.216666666666667
119.2396579	0.216666666666667
119.2732798	0.216666666666667
119.3064492	0.216666666666667
119.3399203	0.216666666666667
119.373091	0.216666666666667
119.4065964	0.216666666666667
119.4398561	0.216666666666667
119.4729962	0.216666666666667
119.5065747	0.216666666666667
119.5396915	0.216666666666667
119.5728321	0.216666666666667
119.6064723	0.216666666666667
119.6397591	0.216666666666667
119.6729206	0.216666666666667
119.7062886	0.216666666666667
119.7398723	0.216666666666667
119.772848	0.216666666666667
119.8066223	0.216666666666667
119.839643	0.216666666666667
119.8729487	0.216666666666667
119.9062714	0.216666666666667
119.9393074	0.216666666666667
119.9728309	0.216666666666667
120.0066306	0.216666666666667
120.0397487	0.216666666666667
120.0723717	0.216666666666667
120.1062713	0.216666666666667
120.1396803	0.216666666666667
120.1729027	0.216666666666667
120.2065229	0.216666666666667
120.2402008	0.216666666666667
120.2736839	0.216666666666667
120.3059991	0.216666666666667
120.339607	0.216666666666667
120.3730355	0.216666666666667
120.4063887	0.216666666666667
120.4399949	0.216666666666667
120.4728436	0.216666666666667
120.5062604	0.216666666666667
120.5392558	0.216666666666667
120.5729435	0.216666666666667
120.6064215	0.216666666666667
120.6401038	0.216666666666667
120.6729415	0.216666666666667
120.7067328	0.216666666666667
120.7398857	0.216666666666667
120.772672	0.216666666666667
120.8064113	0.216666666666667
120.8399828	0.216666666666667
120.8730805	0.216666666666667
120.9065046	0.216666666666667
120.9397854	0.216666666666667
120.9731201	0.216666666666667
121.0068562	0.216666666666667
121.0399915	0.216666666666667
121.0729668	0.216666666666667
121.1068575	0.216666666666667
121.1393577	0.216666666666667
121.1732299	0.216666666666667
121.2061914	0.216666666666667
121.2396903	0.216666666666667
121.2725299	0.216666666666667
121.3063547	0.216666666666667
121.3397529	0.216666666666667
121.3730167	0.216666666666667
121.4063996	0.216666666666667
121.4396319	0.216666666666667
121.472564	0.216666666666667
121.5064996	0.216666666666667
121.5393981	0.216666666666667
121.5734118	0.216666666666667
121.6065539	0.216666666666667
121.6397913	0.216666666666667
121.6730516	0.216666666666667
121.7059108	0.216666666666667
121.7392359	0.216666666666667
121.7730927	0.216666666666667
121.8062733	0.216666666666667
121.8397296	0.216666666666667
121.8725962	0.216666666666667
121.9063035	0.216666666666667
121.9396892	0.216666666666667
121.972744	0.216666666666667
122.0060976	0.216666666666667
122.0398933	0.216666666666667
122.0731879	0.216666666666667
122.1063608	0.216666666666667
122.1393185	0.216666666666667
122.1725265	0.216666666666667
122.2058827	0.216666666666667
122.2399104	0.216666666666667
122.2729351	0.216666666666667
122.3060481	0.216666666666667
122.3399091	0.216666666666667
122.3730433	0.216666666666667
122.4061674	0.216666666666667
122.4399034	0.216666666666667
122.4729207	0.216666666666667
122.5063336	0.216666666666667
122.5395395	0.216666666666667
122.5727332	0.216666666666667
122.6062798	0.216666666666667
122.6395199	0.216666666666667
122.6730615	0.216666666666667
122.7060135	0.216666666666667
122.7392447	0.216666666666667
122.7729486	0.216666666666667
122.8059949	0.216666666666667
122.8397565	0.216666666666667
122.8733277	0.216666666666667
122.9064993	0.216666666666667
122.9392714	0.216666666666667
122.9730552	0.216666666666667
123.0064084	0.216666666666667
123.0397593	0.216666666666667
123.0728556	0.216666666666667
123.1061248	0.216666666666667
123.1393869	0.216666666666667
123.1725562	0.216666666666667
123.2059021	0.216666666666667
123.2391987	0.216666666666667
123.27287	0.216666666666667
123.3061329	0.216666666666667
123.339659	0.216666666666667
123.3728361	0.216666666666667
123.406241	0.216666666666667
123.4398939	0.216666666666667
123.4731259	0.216666666666667
123.5060989	0.216666666666667
123.5393544	0.216666666666667
123.5728545	0.216666666666667
123.6060849	0.216666666666667
123.6395824	0.216666666666667
123.6724774	0.216666666666667
123.7059578	0.216666666666667
123.7392751	0.216666666666667
123.7729457	0.216666666666667
123.806282	0.216666666666667
123.8395546	0.216666666666667
123.8731747	0.216666666666667
123.9059048	0.216666666666667
123.9393579	0.216666666666667
123.9729024	0.216666666666667
124.0063827	0.216666666666667
124.0398217	0.216666666666667
124.0731604	0.216666666666667
124.1061522	0.216666666666667
124.1396689	0.216666666666667
124.1730903	0.216666666666667
124.2057424	0.216666666666667
124.239879	0.216666666666667
124.2729194	0.216666666666667
124.3058284	0.216666666666667
124.3398024	0.216666666666667
124.3731123	0.216666666666667
124.405717	0.216666666666667
124.4393307	0.216666666666667
124.4726193	0.216666666666667
124.5057821	0.216666666666667
124.5391885	0.216666666666667
124.5724265	0.216666666666667
124.6059713	0.216666666666667
124.6395854	0.216666666666667
124.672609	0.216666666666667
124.7060842	0.216666666666667
124.7393881	0.216666666666667
124.7728145	0.216666666666667
124.8060361	0.216666666666667
124.8395531	0.216666666666667
124.8729747	0.216666666666667
124.9059088	0.216666666666667
124.9391959	0.216666666666667
124.973207	0.216666666666667
125.0062373	0.216666666666667
125.0396974	0.216666666666667
125.0724563	0.216666666666667
125.1058196	0.216666666666667
125.1395727	0.216666666666667
125.1728779	0.216666666666667
125.2061546	0.216666666666667
125.2398854	0.216666666666667
125.2731648	0.216666666666667
125.3061699	0.216666666666667
125.3397269	0.216666666666667
125.372859	0.216666666666667
125.4061127	0.216666666666667
125.4394043	0.216666666666667
125.4730161	0.216666666666667
125.5062326	0.216666666666667
125.5396763	0.216666666666667
125.5729067	0.216666666666667
125.6059214	0.216666666666667
125.6396132	0.216666666666667
125.6729227	0.216666666666667
125.7060775	0.216666666666667
125.7393186	0.216666666666667
125.7725744	0.216666666666667
125.8063435	0.216666666666667
125.8391418	0.216666666666667
125.8723646	0.216666666666667
125.9060206	0.216666666666667
125.9391486	0.216666666666667
125.9728265	0.216666666666667
126.0063057	0.216666666666667
126.0394043	0.216666666666667
126.0722915	0.216666666666667
126.1060716	0.216666666666667
126.1395281	0.216666666666667
126.1730857	0.216666666666667
126.2060664	0.216666666666667
126.2231419	0.216666666666667
126.2397721	0.216666666666667
126.27284	0.216666666666667
126.2894965	0.216666666666667
126.3229771	0.216666666666667
126.339445	0.216666666666667
126.3727205	0.216666666666667
126.3893561	0.216666666666667
126.4226025	0.216666666666667
126.4395382	0.216666666666667
126.4727532	0.216666666666667
126.48977	0.216666666666667
126.5230335	0.216666666666667
126.5393609	0.216666666666667
126.5728105	0.216666666666667
126.5893888	0.216666666666667
126.6223323	0.216666666666667
126.6396328	0.216666666666667
126.6726514	0.216666666666667
126.6892516	0.216666666666667
126.7230314	0.216666666666667
126.7393673	0.216666666666667
126.7727675	0.216666666666667
126.7893016	0.216666666666667
126.8226268	0.216666666666667
126.8392354	0.216666666666667
126.8729328	0.216666666666667
126.8890507	0.216666666666667
126.9227057	0.216666666666667
126.9395782	0.216666666666667
126.9724887	0.216666666666667
126.9893418	0.216666666666667
127.0289917	0.216666666666667
127.0558213	0.216666666666667
127.0723385	0.216666666666667
127.1068835	0.216666666666667
127.1224922	0.216666666666667
127.1391722	0.216666666666667
127.1558541	0.216666666666667
127.1724781	0.216666666666667
127.1890446	0.216666666666667
127.2058284	0.216666666666667
127.2228234	0.216666666666667
127.2418575	0.216666666666667
127.2734298	0.216666666666667
127.2902815	0.216666666666667
127.3070639	0.216666666666667
127.3235926	0.216666666666667
127.3400564	0.216666666666667
127.3732735	0.216666666666667
127.3902745	0.216666666666667
127.4063927	0.216666666666667
127.4236498	0.216666666666667
127.439852	0.216666666666667
127.4565729	0.216666666666667
127.4735278	0.216666666666667
127.4903375	0.216666666666667
127.5072293	0.216666666666667
127.5232135	0.216666666666667
127.540446	0.216666666666667
127.5569185	0.216666666666667
127.5734762	0.216666666666667
127.5903384	0.216666666666667
127.6070569	0.216666666666667
127.6235576	0.216666666666667
127.6403298	0.216666666666667
127.6736323	0.216666666666667
127.6899257	0.216666666666667
127.7236259	0.216666666666667
127.7402185	0.216666666666667
127.7734382	0.216666666666667
127.789987	0.216666666666667
127.8069969	0.216666666666667
127.8237099	0.216666666666667
127.8401655	0.216666666666667
127.8734802	0.216666666666667
127.8900648	0.216666666666667
127.9276627	0.216666666666667
127.9566763	0.216666666666667
127.9734742	0.216666666666667
127.9899658	0.216666666666667
128.0095004	0.216666666666667
128.0400471	0.216666666666667
128.0589093	0.216666666666667
128.07373	0.216666666666667
128.0900027	0.216666666666667
128.1070907	0.216666666666667
128.1237758	0.216666666666667
128.1402142	0.216666666666667
128.156682	0.216666666666667
128.1732892	0.216666666666667
128.1898452	0.216666666666667
128.2064955	0.216666666666667
128.2234743	0.216666666666667
128.2402018	0.216666666666667
128.2565826	0.216666666666667
128.2734	0.216666666666667
128.2901817	0.216666666666667
128.3064482	0.216666666666667
128.3238868	0.216666666666667
128.3396578	0.216666666666667
128.3569237	0.216666666666667
128.3731009	0.216666666666667
128.3900587	0.216666666666667
128.406851	0.216666666666667
128.4235897	0.216666666666667
128.4397566	0.216666666666667
128.4565169	0.216666666666667
128.4735896	0.216666666666667
128.4898324	0.216666666666667
128.5071755	0.216666666666667
128.5236066	0.216666666666667
128.5397601	0.216666666666667
128.5569383	0.216666666666667
128.5737469	0.216666666666667
128.5899913	0.216666666666667
128.6068006	0.216666666666667
128.6237082	0.216666666666667
128.6399865	0.216666666666667
128.6565702	0.216666666666667
128.6735527	0.216666666666667
128.6902838	0.216666666666667
128.7070717	0.216666666666667
128.7236464	0.216666666666667
128.7401723	0.216666666666667
128.756593	0.216666666666667
128.7735651	0.216666666666667
128.7898205	0.216666666666667
128.8066571	0.216666666666667
128.8237976	0.216666666666667
128.8397543	0.216666666666667
128.8568427	0.216666666666667
128.8732011	0.216666666666667
128.8898156	0.216666666666667
128.9068929	0.216666666666667
128.9243122	0.216666666666667
128.9400613	0.216666666666667
128.9565149	0.216666666666667
128.9739468	0.216666666666667
128.9898321	0.216666666666667
129.0067735	0.216666666666667
129.0231375	0.216666666666667
129.0398214	0.216666666666667
129.0565029	0.216666666666667
129.0731328	0.216666666666667
129.0897488	0.216666666666667
129.1070198	0.216666666666667
129.123556	0.216666666666667
129.1399961	0.216666666666667
129.1569381	0.216666666666667
129.1731269	0.216666666666667
129.189891	0.216666666666667
129.206875	0.216666666666667
129.2236459	0.216666666666667
129.2402032	0.216666666666667
129.2570215	0.216666666666667
129.2733679	0.216666666666667
129.2898276	0.216666666666667
129.3066829	0.216666666666667
129.3231518	0.216666666666667
129.3394787	0.216666666666667
129.3568769	0.216666666666667
129.3732066	0.216666666666667
129.389977	0.216666666666667
129.4065288	0.216666666666667
129.4231096	0.216666666666667
129.4400343	0.216666666666667
129.4568077	0.216666666666667
129.4731222	0.216666666666667
129.4897697	0.216666666666667
129.506761	0.216666666666667
129.5234251	0.216666666666667
129.5395957	0.216666666666667
129.5567502	0.216666666666667
129.5733947	0.216666666666667
129.5899557	0.216666666666667
129.6067958	0.216666666666667
129.623123	0.216666666666667
129.6395767	0.216666666666667
129.6567633	0.216666666666667
129.6733917	0.216666666666667
129.6901442	0.216666666666667
129.7069665	0.216666666666667
129.7233163	0.216666666666667
129.73985	0.216666666666667
129.7568669	0.216666666666667
129.7733477	0.216666666666667
129.7899538	0.216666666666667
129.8068136	0.216666666666667
129.8236898	0.216666666666667
129.8398525	0.216666666666667
129.8570021	0.216666666666667
129.873255	0.216666666666667
129.8897421	0.216666666666667
129.9074563	0.216666666666667
129.9234065	0.216666666666667
129.9398959	0.216666666666667
129.956784	0.216666666666667
129.9732863	0.216666666666667
129.9898514	0.216666666666667
130.0068913	0.216666666666667
130.0226357	0.216666666666667
130.0394729	0.216666666666667
130.056414	0.216666666666667
130.0735107	0.216666666666667
130.0896904	0.216666666666667
130.1069821	0.216666666666667
130.123716	0.216666666666667
130.1400679	0.216666666666667
130.1568617	0.216666666666667
130.1732604	0.216666666666667
130.1896059	0.216666666666667
130.2064848	0.216666666666667
130.2229381	0.216666666666667
130.2397283	0.216666666666667
130.2563812	0.216666666666667
130.2733039	0.216666666666667
130.2901877	0.216666666666667
130.3070968	0.216666666666667
130.3232111	0.216666666666667
130.3397925	0.216666666666667
130.3570212	0.216666666666667
130.373229	0.216666666666667
130.3899296	0.216666666666667
130.4063718	0.216666666666667
130.4234851	0.216666666666667
130.4397692	0.216666666666667
130.4567263	0.216666666666667
130.4731067	0.216666666666667
130.4896306	0.216666666666667
130.5068785	0.216666666666667
130.5233772	0.216666666666667
130.5398417	0.216666666666667
130.5565389	0.216666666666667
130.5733402	0.216666666666667
130.5897369	0.216666666666667
130.6067286	0.216666666666667
130.6235513	0.216666666666667
130.6397016	0.216666666666667
130.6562881	0.216666666666667
130.6731402	0.216666666666667
130.6894605	0.216666666666667
130.7067061	0.216666666666667
130.7231706	0.216666666666667
130.7398144	0.216666666666667
130.7564576	0.216666666666667
130.7732813	0.216666666666667
130.7895798	0.216666666666667
130.806411	0.216666666666667
130.8227838	0.216666666666667
130.8399209	0.216666666666667
130.856826	0.216666666666667
130.8731939	0.216666666666667
130.8898306	0.216666666666667
130.9068655	0.216666666666667
130.9230188	0.216666666666667
130.9395325	0.216666666666667
130.9566335	0.216666666666667
130.9732805	0.216666666666667
130.9897961	0.216666666666667
131.0065677	0.216666666666667
131.0235676	0.216666666666667
131.0397005	0.216666666666667
131.0566408	0.216666666666667
131.0731142	0.216666666666667
131.0899491	0.216666666666667
131.1062647	0.216666666666667
131.1229182	0.216666666666667
131.1397607	0.216666666666667
131.1562558	0.216666666666667
131.1732836	0.216666666666667
131.1898248	0.216666666666667
131.2066443	0.216666666666667
131.2239113	0.216666666666667
131.2399399	0.216666666666667
131.2567615	0.216666666666667
131.2735355	0.216666666666667
131.2898818	0.216666666666667
131.3068351	0.216666666666667
131.3231286	0.216666666666667
131.339764	0.216666666666667
131.3567812	0.216666666666667
131.3726828	0.216666666666667
131.3901244	0.216666666666667
131.4064698	0.216666666666667
131.4231531	0.216666666666667
131.4398175	0.216666666666667
131.4568891	0.216666666666667
131.4732714	0.216666666666667
131.4899467	0.216666666666667
131.5068488	0.216666666666667
131.5232398	0.216666666666667
131.5398516	0.216666666666667
131.5561405	0.216666666666667
131.5731027	0.216666666666667
131.5896021	0.216666666666667
131.6064812	0.216666666666667
131.623085	0.216666666666667
131.6394841	0.216666666666667
131.6565072	0.216666666666667
131.6731096	0.216666666666667
131.6897888	0.216666666666667
131.7061458	0.216666666666667
131.7232951	0.216666666666667
131.7399892	0.216666666666667
131.7566005	0.216666666666667
131.773405	0.216666666666667
131.7896792	0.216666666666667
131.8062267	0.216666666666667
131.8232828	0.216666666666667
131.8394807	0.216666666666667
131.8563323	0.216666666666667
131.8732849	0.216666666666667
131.889489	0.216666666666667
131.9068192	0.216666666666667
131.9234494	0.216666666666667
131.940098	0.216666666666667
131.956746	0.216666666666667
131.9733041	0.216666666666667
131.9896499	0.216666666666667
132.0067885	0.216666666666667
132.0235637	0.216666666666667
132.0398394	0.216666666666667
132.0564379	0.216666666666667
132.0730014	0.216666666666667
132.0894046	0.216666666666667
132.1067007	0.216666666666667
132.1233507	0.216666666666667
132.1399165	0.216666666666667
132.1571456	0.216666666666667
132.1732403	0.216666666666667
132.1894742	0.216666666666667
132.206825	0.216666666666667
132.2235723	0.216666666666667
132.239882	0.216666666666667
132.2567169	0.216666666666667
132.2731997	0.216666666666667
132.2900891	0.216666666666667
132.3063084	0.216666666666667
132.3227867	0.216666666666667
132.3398343	0.216666666666667
132.3565473	0.216666666666667
132.3733067	0.216666666666667
132.3899109	0.216666666666667
132.4066836	0.216666666666667
132.4235923	0.216666666666667
132.4398472	0.216666666666667
132.4567892	0.216666666666667
132.4736259	0.216666666666667
132.4898535	0.216666666666667
132.5062448	0.216666666666667
132.5231519	0.216666666666667
132.5397709	0.216666666666667
132.5565672	0.216666666666667
132.5728905	0.216666666666667
132.5899886	0.216666666666667
132.6069416	0.216666666666667
132.6234834	0.216666666666667
132.6399215	0.216666666666667
132.6567265	0.216666666666667
132.6734584	0.216666666666667
132.6900325	0.216666666666667
132.7067937	0.216666666666667
132.7232379	0.216666666666667
132.7399807	0.216666666666667
132.756213	0.216666666666667
132.7729093	0.216666666666667
132.7899141	0.216666666666667
132.8062489	0.216666666666667
132.8238132	0.216666666666667
132.8398562	0.216666666666667
132.8567685	0.216666666666667
132.8734339	0.216666666666667
132.8896669	0.216666666666667
132.9067253	0.216666666666667
132.9231545	0.216666666666667
132.9396534	0.216666666666667
132.9563222	0.216666666666667
132.9730921	0.216666666666667
132.9897533	0.216666666666667
133.0067703	0.216666666666667
133.023438	0.216666666666667
133.0397813	0.216666666666667
133.0563086	0.216666666666667
133.0737203	0.216666666666667
133.0898728	0.216666666666667
133.1065083	0.216666666666667
133.1235384	0.216666666666667
133.1398894	0.216666666666667
133.1567806	0.216666666666667
133.173316	0.216666666666667
133.189724	0.216666666666667
133.2063042	0.216666666666667
133.2229892	0.216666666666667
133.2396598	0.216666666666667
133.256146	0.216666666666667
133.2732943	0.216666666666667
133.2898245	0.216666666666667
133.3069521	0.216666666666667
133.3234537	0.216666666666667
133.3399375	0.216666666666667
133.3568072	0.216666666666667
133.3732581	0.216666666666667
133.3896242	0.216666666666667
133.4067483	0.216666666666667
133.4234436	0.216666666666667
133.43985	0.216666666666667
133.4561524	0.216666666666667
133.4733562	0.216666666666667
133.4900349	0.216666666666667
133.5066721	0.216666666666667
133.5231819	0.216666666666667
133.5398788	0.216666666666667
133.5567678	0.216666666666667
133.5730646	0.216666666666667
133.5899992	0.216666666666667
133.6065996	0.216666666666667
133.623438	0.216666666666667
133.6400748	0.216666666666667
133.6565757	0.216666666666667
133.673173	0.216666666666667
133.6899912	0.216666666666667
133.7068371	0.216666666666667
133.7232358	0.216666666666667
133.7400169	0.216666666666667
133.7567166	0.216666666666667
133.7732498	0.216666666666667
133.7898947	0.216666666666667
133.8065721	0.216666666666667
133.8234834	0.216666666666667
133.8400465	0.216666666666667
133.8563866	0.216666666666667
133.8732658	0.216666666666667
133.8898042	0.216666666666667
133.9068506	0.216666666666667
133.9231835	0.216666666666667
133.9402044	0.216666666666667
133.9567442	0.216666666666667
133.973399	0.216666666666667
133.9899042	0.216666666666667
134.0067674	0.216666666666667
134.0236557	0.216666666666667
134.039945	0.216666666666667
134.0563175	0.216666666666667
134.073102	0.216666666666667
134.0895722	0.216666666666667
134.106717	0.216666666666667
134.1230521	0.216666666666667
134.1396869	0.216666666666667
134.1565149	0.216666666666667
134.1731075	0.216666666666667
134.1898415	0.216666666666667
134.2063455	0.216666666666667
134.2235711	0.216666666666667
134.2396314	0.216666666666667
134.256264	0.216666666666667
134.2734948	0.216666666666667
134.2897185	0.216666666666667
134.3066966	0.216666666666667
134.3231601	0.216666666666667
134.3394912	0.216666666666667
134.3565432	0.216666666666667
134.3731124	0.216666666666667
134.3897403	0.216666666666667
134.4062684	0.216666666666667
134.4237262	0.216666666666667
134.440146	0.216666666666667
134.4566935	0.216666666666667
134.473279	0.216666666666667
134.4900355	0.216666666666667
134.5069631	0.216666666666667
134.5230717	0.216666666666667
134.5397997	0.216666666666667
134.5561896	0.216666666666667
134.57317	0.216666666666667
134.5897801	0.216666666666667
134.6064755	0.216666666666667
134.6233637	0.216666666666667
134.6397735	0.216666666666667
134.6563605	0.216666666666667
134.6733957	0.216666666666667
134.6897741	0.216666666666667
134.7066113	0.216666666666667
134.7232218	0.216666666666667
134.7394009	0.216666666666667
134.756583	0.216666666666667
134.7732727	0.216666666666667
134.7897313	0.216666666666667
134.8064972	0.216666666666667
134.8229046	0.216666666666667
134.8395671	0.216666666666667
134.8562014	0.216666666666667
134.8730897	0.216666666666667
134.8896845	0.216666666666667
134.9066763	0.216666666666667
134.9230719	0.216666666666667
134.9397707	0.216666666666667
134.9570903	0.216666666666667
134.9732779	0.216666666666667
134.9897021	0.216666666666667
135.0068171	0.216666666666667
135.0233737	0.216666666666667
135.0395073	0.216666666666667
135.056768	0.216666666666667
135.0729282	0.216666666666667
135.0895837	0.216666666666667
135.1062803	0.216666666666667
135.123188	0.216666666666667
135.1398554	0.216666666666667
135.1566335	0.216666666666667
135.1731973	0.216666666666667
135.1898052	0.216666666666667
135.2062148	0.216666666666667
135.2232132	0.216666666666667
135.239798	0.216666666666667
135.2572751	0.216666666666667
135.2730538	0.216666666666667
135.28972	0.216666666666667
135.306699	0.216666666666667
135.3227628	0.216666666666667
135.339217	0.216666666666667
135.3566634	0.216666666666667
135.3736596	0.216666666666667
135.3897606	0.216666666666667
135.4063935	0.216666666666667
135.4234711	0.216666666666667
135.4398512	0.216666666666667
135.4567768	0.216666666666667
135.4732429	0.216666666666667
135.4897813	0.216666666666667
135.5062674	0.216666666666667
135.5230958	0.216666666666667
135.5393918	0.216666666666667
135.5564248	0.216666666666667
135.5732112	0.216666666666667
135.5897481	0.216666666666667
135.6068051	0.216666666666667
135.6230067	0.216666666666667
135.6396915	0.216666666666667
135.6565615	0.216666666666667
135.6727747	0.216666666666667
135.6897561	0.216666666666667
135.7062521	0.216666666666667
135.723106	0.216666666666667
135.7393749	0.216666666666667
135.7567748	0.216666666666667
135.7727508	0.216666666666667
135.7897568	0.216666666666667
135.8066426	0.216666666666667
135.8234607	0.216666666666667
135.8397166	0.216666666666667
135.8565024	0.216666666666667
135.8734437	0.216666666666667
135.8900815	0.216666666666667
135.9067035	0.216666666666667
135.923211	0.216666666666667
135.9396422	0.216666666666667
135.9564067	0.216666666666667
135.9729181	0.216666666666667
135.9899999	0.216666666666667
136.0062806	0.216666666666667
136.0227297	0.216666666666667
136.0397532	0.216666666666667
136.0565516	0.216666666666667
136.0726578	0.216666666666667
136.0897568	0.216666666666667
136.106579	0.216666666666667
136.1231456	0.216666666666667
136.1398147	0.216666666666667
136.1565138	0.216666666666667
136.1727939	0.216666666666667
136.1901948	0.216666666666667
136.2062254	0.216666666666667
136.2232135	0.216666666666667
136.2393344	0.216666666666667
136.2562304	0.216666666666667
136.2730719	0.216666666666667
136.2896928	0.216666666666667
136.3062398	0.216666666666667
136.3230086	0.216666666666667
136.3395342	0.216666666666667
136.3568966	0.216666666666667
136.3731011	0.216666666666667
136.3893133	0.216666666666667
136.4061859	0.216666666666667
136.4233637	0.216666666666667
136.4396021	0.216666666666667
136.4562646	0.216666666666667
136.4732887	0.216666666666667
136.4897229	0.216666666666667
136.5068043	0.216666666666667
136.5233017	0.216666666666667
136.5397208	0.216666666666667
136.5569114	0.216666666666667
136.5730865	0.216666666666667
136.5899181	0.216666666666667
136.6063362	0.216666666666667
136.6235808	0.216666666666667
136.6398728	0.216666666666667
136.6567004	0.216666666666667
136.6734106	0.216666666666667
136.6899548	0.216666666666667
136.7065874	0.216666666666667
136.7231443	0.216666666666667
136.7398986	0.216666666666667
136.7566845	0.216666666666667
136.7729939	0.216666666666667
136.7901248	0.216666666666667
136.8063001	0.216666666666667
136.8234697	0.216666666666667
136.8393081	0.216666666666667
136.856286	0.216666666666667
136.8731911	0.216666666666667
136.8894063	0.216666666666667
136.906202	0.216666666666667
136.9232068	0.216666666666667
136.9394025	0.216666666666667
136.956574	0.216666666666667
136.9730988	0.216666666666667
136.989403	0.216666666666667
137.0063111	0.216666666666667
137.0233602	0.216666666666667
137.0396991	0.216666666666667
137.0567087	0.216666666666667
137.0728576	0.216666666666667
137.0900354	0.216666666666667
137.1061731	0.216666666666667
137.1231726	0.216666666666667
137.1397118	0.216666666666667
137.1564502	0.216666666666667
137.1726643	0.216666666666667
137.1892744	0.216666666666667
137.2070453	0.216666666666667
137.223352	0.216666666666667
137.2399572	0.216666666666667
137.2569269	0.216666666666667
137.2730828	0.216666666666667
137.2899329	0.216666666666667
137.306874	0.216666666666667
137.3231566	0.216666666666667
137.339559	0.216666666666667
137.3564381	0.216666666666667
137.3731579	0.216666666666667
137.3896017	0.216666666666667
137.40649	0.216666666666667
137.4232621	0.216666666666667
137.439881	0.216666666666667
137.4565966	0.216666666666667
137.4731798	0.216666666666667
137.4897634	0.216666666666667
137.5061558	0.216666666666667
137.5230614	0.216666666666667
137.539332	0.216666666666667
137.5567594	0.216666666666667
137.5729529	0.216666666666667
137.5899725	0.216666666666667
137.6064611	0.216666666666667
137.6233571	0.216666666666667
137.6392881	0.216666666666667
137.6566095	0.216666666666667
137.6731256	0.216666666666667
137.6892845	0.216666666666667
137.7064871	0.216666666666667
137.7231825	0.216666666666667
137.7399537	0.216666666666667
137.7565934	0.216666666666667
137.7732539	0.216666666666667
137.7897335	0.216666666666667
137.8066571	0.216666666666667
137.8232794	0.216666666666667
137.8394303	0.216666666666667
137.8561668	0.216666666666667
137.8731723	0.216666666666667
137.8896007	0.216666666666667
137.9067172	0.216666666666667
137.9229117	0.216666666666667
137.939895	0.216666666666667
137.9566375	0.216666666666667
137.9728122	0.216666666666667
137.989902	0.216666666666667
138.0064204	0.216666666666667
138.0234717	0.216666666666667
138.039869	0.216666666666667
138.056594	0.216666666666667
138.0734389	0.216666666666667
138.0899028	0.216666666666667
138.1071271	0.216666666666667
138.1230329	0.216666666666667
138.1395702	0.216666666666667
138.1564074	0.216666666666667
138.1730879	0.216666666666667
138.1894898	0.216666666666667
138.2062113	0.216666666666667
138.2227976	0.216666666666667
138.2398976	0.216666666666667
138.2569452	0.216666666666667
138.2731155	0.216666666666667
138.2894819	0.216666666666667
138.3062564	0.216666666666667
138.3231573	0.216666666666667
138.3396468	0.216666666666667
138.3561263	0.216666666666667
138.3728972	0.216666666666667
138.3893649	0.216666666666667
138.4067243	0.216666666666667
138.4228249	0.216666666666667
138.4398462	0.216666666666667
138.456479	0.216666666666667
138.4732479	0.216666666666667
138.4896685	0.216666666666667
138.5064956	0.216666666666667
138.5228559	0.216666666666667
138.5396669	0.216666666666667
138.5561785	0.216666666666667
138.5729878	0.216666666666667
138.5900515	0.216666666666667
138.6066625	0.216666666666667
138.6231952	0.216666666666667
138.6399071	0.216666666666667
138.6565358	0.216666666666667
138.6731697	0.216666666666667
138.6897719	0.216666666666667
138.7068181	0.216666666666667
138.7228541	0.216666666666667
138.739757	0.216666666666667
138.7564429	0.216666666666667
138.7731475	0.216666666666667
138.7897333	0.216666666666667
138.8061877	0.216666666666667
138.8231481	0.216666666666667
138.8396753	0.216666666666667
138.8562214	0.216666666666667
138.8732336	0.216666666666667
138.8894414	0.216666666666667
138.9061457	0.216666666666667
138.923138	0.216666666666667
138.9397859	0.216666666666667
138.9561061	0.216666666666667
138.9734805	0.216666666666667
138.9896908	0.216666666666667
139.0066914	0.216666666666667
139.0229622	0.216666666666667
139.0400333	0.216666666666667
139.0563098	0.216666666666667
139.0728645	0.216666666666667
139.0902651	0.216666666666667
139.1061516	0.216666666666667
139.1230817	0.216666666666667
139.139331	0.216666666666667
139.1563055	0.216666666666667
139.1727466	0.216666666666667
139.1898669	0.216666666666667
139.2072911	0.216666666666667
139.2233716	0.216666666666667
139.240102	0.216666666666667
139.2565762	0.216666666666667
139.2727758	0.216666666666667
139.2894264	0.216666666666667
139.3061921	0.216666666666667
139.3229455	0.216666666666667
139.3393002	0.216666666666667
139.3565353	0.216666666666667
139.3728202	0.216666666666667
139.3893176	0.216666666666667
139.4065405	0.216666666666667
139.4227828	0.216666666666667
139.4398545	0.216666666666667
139.4565173	0.216666666666667
139.4731097	0.216666666666667
139.4897828	0.216666666666667
139.5068762	0.216666666666667
139.5227791	0.216666666666667
139.539564	0.216666666666667
139.5562203	0.216666666666667
139.5730148	0.216666666666667
139.5896518	0.216666666666667
139.6104214	0.216666666666667
139.6228359	0.216666666666667
139.6398373	0.216666666666667
139.6567041	0.216666666666667
139.6727815	0.216666666666667
139.6895203	0.216666666666667
139.7065641	0.216666666666667
139.7232253	0.216666666666667
139.7397021	0.216666666666667
139.7560594	0.216666666666667
139.7728648	0.216666666666667
139.7893651	0.216666666666667
139.8070295	0.216666666666667
139.8229651	0.216666666666667
139.8396325	0.216666666666667
139.8563487	0.216666666666667
139.8732162	0.216666666666667
139.8894174	0.216666666666667
139.9061778	0.216666666666667
139.9226007	0.216666666666667
139.9398683	0.216666666666667
139.9564591	0.216666666666667
139.9734228	0.216666666666667
139.9898419	0.216666666666667
140.0063651	0.216666666666667
140.0229011	0.216666666666667
140.0397766	0.216666666666667
140.0564637	0.216666666666667
140.0728977	0.216666666666667
140.0897594	0.216666666666667
140.1065248	0.216666666666667
140.1230051	0.216666666666667
140.1398399	0.216666666666667
140.156245	0.216666666666667
140.1729977	0.216666666666667
140.1898136	0.216666666666667
140.2064267	0.216666666666667
140.2235138	0.216666666666667
140.2399673	0.216666666666667
140.2565751	0.216666666666667
140.2731492	0.216666666666667
140.2892891	0.216666666666667
140.3065146	0.216666666666667
140.3228205	0.216666666666667
140.3397538	0.216666666666667
140.356045	0.216666666666667
140.3730474	0.216666666666667
140.3896435	0.216666666666667
140.4066408	0.216666666666667
140.4237973	0.216666666666667
140.4397324	0.216666666666667
140.456377	0.216666666666667
140.4735172	0.216666666666667
140.4895511	0.216666666666667
140.5061958	0.216666666666667
140.5231653	0.216666666666667
140.5398013	0.216666666666667
140.5564794	0.216666666666667
140.5730162	0.216666666666667
140.5899012	0.216666666666667
140.6065028	0.216666666666667
140.6230751	0.216666666666667
140.6396948	0.216666666666667
140.6564111	0.216666666666667
140.6728215	0.216666666666667
140.6897569	0.216666666666667
140.7061207	0.216666666666667
140.7225548	0.216666666666667
140.7393472	0.216666666666667
140.7564071	0.216666666666667
140.7730706	0.216666666666667
140.7898021	0.216666666666667
140.8067053	0.216666666666667
140.8232082	0.216666666666667
140.8399548	0.216666666666667
140.8565134	0.216666666666667
140.8731217	0.216666666666667
140.889793	0.216666666666667
140.90651	0.216666666666667
140.9227968	0.216666666666667
140.9399554	0.216666666666667
140.9564961	0.216666666666667
140.9729103	0.216666666666667
140.989727	0.216666666666667
141.0067115	0.216666666666667
141.023585	0.216666666666667
141.0396868	0.216666666666667
141.0563063	0.216666666666667
141.0728543	0.216666666666667
141.0898244	0.216666666666667
141.1059927	0.216666666666667
141.1229286	0.216666666666667
141.1396089	0.216666666666667
141.1565637	0.216666666666667
141.1730829	0.216666666666667
141.1892845	0.216666666666667
141.2103016	0.216666666666667
141.2232983	0.216666666666667
141.240013	0.216666666666667
141.2567275	0.216666666666667
141.272978	0.216666666666667
141.2899076	0.216666666666667
141.3066675	0.216666666666667
141.3228997	0.216666666666667
141.3394946	0.216666666666667
141.3566864	0.216666666666667
141.3729022	0.216666666666667
141.3893824	0.216666666666667
141.4064502	0.216666666666667
141.4229721	0.216666666666667
141.4395319	0.216666666666667
141.4561298	0.216666666666667
141.472474	0.216666666666667
141.4894111	0.216666666666667
141.5058425	0.216666666666667
141.5224093	0.216666666666667
141.539443	0.216666666666667
141.5563284	0.216666666666667
141.5731679	0.216666666666667
141.5895458	0.216666666666667
141.6068423	0.216666666666667
141.6234652	0.216666666666667
141.6398614	0.216666666666667
141.6564786	0.216666666666667
141.6729551	0.216666666666667
141.6895379	0.216666666666667
141.706634	0.216666666666667
141.7231362	0.216666666666667
141.7396901	0.216666666666667
141.7564398	0.216666666666667
141.773147	0.216666666666667
141.7896492	0.216666666666667
141.8066516	0.216666666666667
141.822968	0.216666666666667
141.8392104	0.216666666666667
141.8566735	0.216666666666667
141.8729073	0.216666666666667
141.8897814	0.216666666666667
141.9066731	0.216666666666667
141.9227803	0.216666666666667
141.9394304	0.216666666666667
141.9562321	0.216666666666667
141.9728764	0.216666666666667
141.9895131	0.216666666666667
142.0065584	0.216666666666667
142.0226862	0.216666666666667
142.0393377	0.216666666666667
142.0558626	0.216666666666667
142.0729466	0.216666666666667
142.08943	0.216666666666667
142.1065223	0.216666666666667
142.1226547	0.216666666666667
142.139298	0.216666666666667
142.1557497	0.216666666666667
142.1726596	0.216666666666667
142.189104	0.216666666666667
142.2065001	0.216666666666667
142.2234792	0.216666666666667
142.2398476	0.216666666666667
142.2562973	0.216666666666667
142.2733292	0.216666666666667
142.2897101	0.216666666666667
142.3066539	0.216666666666667
142.3230918	0.216666666666667
142.339741	0.216666666666667
142.3566391	0.216666666666667
142.3728498	0.216666666666667
142.3893241	0.216666666666667
142.4062927	0.216666666666667
142.4225116	0.216666666666667
142.4395098	0.216666666666667
142.4557966	0.216666666666667
142.4728769	0.216666666666667
142.4893104	0.216666666666667
142.5060637	0.216666666666667
142.5227142	0.216666666666667
142.5393682	0.216666666666667
142.556328	0.216666666666667
142.5731666	0.216666666666667
142.589558	0.216666666666667
142.606041	0.216666666666667
142.6231268	0.216666666666667
142.6394071	0.216666666666667
142.6559726	0.216666666666667
142.6726872	0.216666666666667
142.6900489	0.216666666666667
142.7059962	0.216666666666667
142.7228472	0.216666666666667
142.7394676	0.216666666666667
142.7562605	0.216666666666667
142.7729156	0.216666666666667
142.7896756	0.216666666666667
142.8063521	0.216666666666667
142.8233186	0.216666666666667
142.8395814	0.216666666666667
142.8564522	0.216666666666667
142.8725476	0.216666666666667
142.8898774	0.216666666666667
142.9060742	0.216666666666667
142.9228198	0.216666666666667
142.9392747	0.216666666666667
142.9563894	0.216666666666667
142.9727598	0.216666666666667
142.9897306	0.216666666666667
143.0067556	0.216666666666667
143.0229865	0.216666666666667
143.0393002	0.216666666666667
143.0564374	0.216666666666667
143.0724917	0.216666666666667
143.0894127	0.216666666666667
143.1068392	0.216666666666667
143.1230518	0.216666666666667
143.1395881	0.216666666666667
143.1564263	0.216666666666667
143.1724577	0.216666666666667
143.1898207	0.216666666666667
143.2064765	0.216666666666667
143.2226475	0.216666666666667
143.2397851	0.216666666666667
143.2563821	0.216666666666667
143.2734285	0.216666666666667
143.2895123	0.216666666666667
143.3066413	0.216666666666667
143.3225047	0.216666666666667
143.3394689	0.216666666666667
143.3562308	0.216666666666667
143.3730163	0.216666666666667
143.3896738	0.216666666666667
143.4061377	0.216666666666667
143.4225472	0.216666666666667
143.4394534	0.216666666666667
143.4559598	0.216666666666667
143.4725368	0.216666666666667
143.4892507	0.216666666666667
143.5065702	0.216666666666667
143.5224565	0.216666666666667
143.5396028	0.216666666666667
143.556469	0.216666666666667
143.5725256	0.216666666666667
143.5894897	0.216666666666667
143.6063566	0.216666666666667
143.6228085	0.216666666666667
143.6397714	0.216666666666667
143.6559872	0.216666666666667
143.6724967	0.216666666666667
143.6893766	0.216666666666667
143.706311	0.216666666666667
143.7225001	0.216666666666667
143.7392093	0.216666666666667
143.755919	0.216666666666667
143.7728905	0.216666666666667
143.7894879	0.216666666666667
143.8064223	0.216666666666667
143.8229872	0.216666666666667
143.8397887	0.216666666666667
143.8561022	0.216666666666667
143.8726261	0.216666666666667
143.8895573	0.216666666666667
143.9065624	0.216666666666667
143.9229821	0.216666666666667
143.9393735	0.216666666666667
143.9561811	0.216666666666667
143.972768	0.216666666666667
143.9896287	0.216666666666667
144.0057815	0.216666666666667
144.0227119	0.216666666666667
144.0398889	0.216666666666667
144.0564946	0.216666666666667
144.0727946	0.216666666666667
144.0892433	0.216666666666667
144.1063074	0.216666666666667
144.1232308	0.216666666666667
144.1411931	0.216666666666667
144.1566774	0.216666666666667
144.1728992	0.216666666666667
144.1891891	0.216666666666667
144.2062494	0.216666666666667
144.2228755	0.216666666666667
144.2399629	0.216666666666667
144.2563515	0.216666666666667
144.2731843	0.216666666666667
144.2892595	0.216666666666667
144.3060187	0.216666666666667
144.3228636	0.216666666666667
144.3394141	0.216666666666667
144.3561559	0.216666666666667
144.3725733	0.216666666666667
144.3894012	0.216666666666667
144.4057086	0.216666666666667
144.4226043	0.216666666666667
144.4396985	0.216666666666667
144.456366	0.216666666666667
144.4729729	0.216666666666667
144.4892792	0.216666666666667
144.5064208	0.216666666666667
144.5230335	0.216666666666667
144.5397791	0.216666666666667
144.5564947	0.216666666666667
144.5731476	0.216666666666667
144.589517	0.216666666666667
144.6061902	0.216666666666667
144.6231729	0.216666666666667
144.6392635	0.216666666666667
144.6559811	0.216666666666667
144.6725282	0.216666666666667
144.6893365	0.216666666666667
144.7057274	0.216666666666667
144.722624	0.216666666666667
144.7393287	0.216666666666667
144.7559198	0.216666666666667
144.7727677	0.216666666666667
144.7895189	0.216666666666667
144.8062825	0.216666666666667
144.8227235	0.216666666666667
144.8391016	0.216666666666667
144.8560252	0.216666666666667
144.872787	0.216666666666667
144.8894513	0.216666666666667
144.9058657	0.216666666666667
144.9224511	0.216666666666667
144.9396592	0.216666666666667
144.9563505	0.216666666666667
144.9728613	0.216666666666667
144.9891904	0.216666666666667
145.0066623	0.216666666666667
145.0232151	0.216666666666667
145.039513	0.216666666666667
145.0565181	0.216666666666667
145.0728372	0.216666666666667
145.0893013	0.216666666666667
145.1062012	0.216666666666667
145.1226918	0.216666666666667
145.1391408	0.216666666666667
145.1562742	0.216666666666667
145.1729688	0.216666666666667
145.1897391	0.216666666666667
145.2064529	0.216666666666667
145.2228484	0.216666666666667
145.2391897	0.216666666666667
145.2566786	0.216666666666667
145.2728876	0.216666666666667
145.2891441	0.216666666666667
145.3064285	0.216666666666667
145.3228333	0.216666666666667
145.3396436	0.216666666666667
145.3563911	0.216666666666667
145.3724717	0.216666666666667
145.3896748	0.216666666666667
145.4059072	0.216666666666667
145.4228939	0.216666666666667
145.4395994	0.216666666666667
145.4565359	0.216666666666667
145.4727399	0.216666666666667
145.4899278	0.216666666666667
145.5060671	0.216666666666667
145.5228777	0.216666666666667
145.5396377	0.216666666666667
145.5562861	0.216666666666667
145.572471	0.216666666666667
145.5894621	0.216666666666667
145.6061718	0.216666666666667
145.6227854	0.216666666666667
145.6392018	0.216666666666667
145.6561051	0.216666666666667
145.6723948	0.216666666666667
145.6891205	0.216666666666667
145.7060444	0.216666666666667
145.7228037	0.216666666666667
145.7396779	0.216666666666667
145.755947	0.216666666666667
145.7729207	0.216666666666667
145.7895243	0.216666666666667
145.8063714	0.216666666666667
145.8230534	0.216666666666667
145.8394555	0.216666666666667
145.8562564	0.216666666666667
145.8725098	0.216666666666667
145.8891337	0.216666666666667
145.9059375	0.216666666666667
145.9227436	0.216666666666667
145.9395056	0.216666666666667
145.9564969	0.216666666666667
145.9729917	0.216666666666667
145.989577	0.216666666666667
146.0066999	0.216666666666667
146.0230161	0.216666666666667
146.0392753	0.216666666666667
146.0559014	0.216666666666667
146.0724127	0.216666666666667
146.0891027	0.216666666666667
146.1061573	0.216666666666667
146.1228102	0.216666666666667
146.1394558	0.216666666666667
146.1583743	0.216666666666667
146.1724628	0.216666666666667
146.1891563	0.216666666666667
146.2059306	0.216666666666667
146.2227646	0.216666666666667
146.2396938	0.216666666666667
146.2557067	0.216666666666667
146.2729802	0.216666666666667
146.2891517	0.216666666666667
146.3066047	0.216666666666667
146.3223253	0.216666666666667
146.3391096	0.216666666666667
146.356153	0.216666666666667
146.3728189	0.216666666666667
146.3891256	0.216666666666667
146.4059163	0.216666666666667
146.4227138	0.216666666666667
146.4391968	0.216666666666667
146.456666	0.216666666666667
146.4727598	0.216666666666667
146.4893389	0.216666666666667
146.5064019	0.216666666666667
146.5228844	0.216666666666667
146.5394517	0.216666666666667
146.5562504	0.216666666666667
146.5728157	0.216666666666667
146.5891474	0.216666666666667
146.6061781	0.216666666666667
146.6228092	0.216666666666667
146.6394777	0.216666666666667
146.6562952	0.216666666666667
146.6728395	0.216666666666667
146.689526	0.216666666666667
146.7063278	0.216666666666667
146.7224144	0.216666666666667
146.7394361	0.216666666666667
146.7563832	0.216666666666667
146.773008	0.216666666666667
146.7891381	0.216666666666667
146.8056503	0.216666666666667
146.8229037	0.216666666666667
146.8401739	0.216666666666667
146.8561413	0.216666666666667
146.8732566	0.216666666666667
146.8893791	0.216666666666667
146.9062707	0.216666666666667
146.9230671	0.216666666666667
146.9396108	0.216666666666667
146.9564032	0.216666666666667
146.9729459	0.216666666666667
146.9894424	0.216666666666667
147.0065742	0.216666666666667
147.022414	0.216666666666667
147.0394126	0.216666666666667
147.0561408	0.216666666666667
147.0726932	0.216666666666667
147.0896354	0.216666666666667
147.1063988	0.216666666666667
147.1229147	0.216666666666667
147.139706	0.216666666666667
147.156115	0.216666666666667
147.172714	0.216666666666667
147.1893928	0.216666666666667
147.206241	0.216666666666667
147.2228328	0.216666666666667
147.2389676	0.216666666666667
147.2562043	0.216666666666667
147.2728	0.216666666666667
147.2893448	0.216666666666667
147.3060556	0.216666666666667
147.3230674	0.216666666666667
147.3392986	0.216666666666667
147.3559244	0.216666666666667
147.373043	0.216666666666667
147.3894068	0.216666666666667
147.4061943	0.216666666666667
147.423056	0.216666666666667
147.4393904	0.216666666666667
147.45581	0.216666666666667
147.473028	0.216666666666667
147.489674	0.216666666666667
147.5062748	0.216666666666667
147.5228557	0.216666666666667
147.5393991	0.216666666666667
147.5557735	0.216666666666667
147.5727724	0.216666666666667
147.5890544	0.216666666666667
147.6058269	0.216666666666667
147.6230649	0.216666666666667
147.6394966	0.216666666666667
147.6558716	0.216666666666667
147.6729898	0.216666666666667
147.6897586	0.216666666666667
147.705934	0.216666666666667
147.7224801	0.216666666666667
147.7390904	0.216666666666667
147.7560504	0.216666666666667
147.7724796	0.216666666666667
147.789665	0.216666666666667
147.806031	0.216666666666667
147.8225294	0.216666666666667
147.8392704	0.216666666666667
147.8561654	0.216666666666667
147.8729112	0.216666666666667
147.8895604	0.216666666666667
147.9059972	0.216666666666667
147.9230436	0.216666666666667
147.9393743	0.216666666666667
147.9558737	0.216666666666667
147.9725242	0.216666666666667
147.9893864	0.216666666666667
148.0059883	0.216666666666667
148.022984	0.216666666666667
148.0390771	0.216666666666667
148.056071	0.216666666666667
148.0728246	0.216666666666667
148.0891115	0.216666666666667
148.1060047	0.216666666666667
148.1223901	0.216666666666667
148.1394484	0.216666666666667
148.1565796	0.216666666666667
148.1730295	0.216666666666667
148.189298	0.216666666666667
148.2059418	0.216666666666667
148.2231367	0.216666666666667
148.2389507	0.216666666666667
148.2564374	0.216666666666667
148.2731971	0.216666666666667
148.2891715	0.216666666666667
148.3057505	0.216666666666667
148.3223728	0.216666666666667
148.3395165	0.216666666666667
148.3561171	0.216666666666667
148.3728511	0.216666666666667
148.3892583	0.216666666666667
148.4060718	0.216666666666667
148.4224709	0.216666666666667
148.4390771	0.216666666666667
148.4561433	0.216666666666667
148.4727072	0.216666666666667
148.4894192	0.216666666666667
148.5058632	0.216666666666667
148.5225873	0.216666666666667
148.5391831	0.216666666666667
148.5560803	0.216666666666667
148.5729526	0.216666666666667
148.589551	0.216666666666667
148.605805	0.216666666666667
148.622674	0.216666666666667
148.6394308	0.216666666666667
148.6559845	0.216666666666667
148.6725026	0.216666666666667
148.6893059	0.216666666666667
148.7064454	0.216666666666667
148.7223886	0.216666666666667
148.7390625	0.216666666666667
148.7565388	0.216666666666667
148.7728165	0.216666666666667
148.7891031	0.216666666666667
148.8065388	0.216666666666667
148.8228835	0.216666666666667
148.8395165	0.216666666666667
148.8561419	0.216666666666667
148.8724882	0.216666666666667
148.8889999	0.216666666666667
148.9059899	0.216666666666667
148.9226136	0.216666666666667
148.9394293	0.216666666666667
148.9560176	0.216666666666667
148.9731467	0.216666666666667
148.9891249	0.216666666666667
149.0058496	0.216666666666667
149.0224965	0.216666666666667
149.0396688	0.216666666666667
149.0559378	0.216666666666667
149.0729724	0.216666666666667
149.0894849	0.216666666666667
149.1064243	0.216666666666667
149.1222411	0.216666666666667
149.1393695	0.216666666666667
149.1559373	0.216666666666667
149.1727128	0.216666666666667
149.1892228	0.216666666666667
149.2059369	0.216666666666667
149.2230712	0.216666666666667
149.2391536	0.216666666666667
149.2556865	0.216666666666667
149.2725079	0.216666666666667
149.2893044	0.216666666666667
149.3059735	0.216666666666667
149.3223495	0.216666666666667
149.3398984	0.216666666666667
149.3559901	0.216666666666667
149.3728747	0.216666666666667
149.3890943	0.216666666666667
149.4057618	0.216666666666667
149.4223364	0.216666666666667
149.4390224	0.216666666666667
149.45585	0.216666666666667
149.4726766	0.216666666666667
149.4890503	0.216666666666667
149.5060093	0.216666666666667
149.5224776	0.216666666666667
149.5391013	0.216666666666667
149.5563158	0.216666666666667
149.5729157	0.216666666666667
149.5889961	0.216666666666667
149.6061723	0.216666666666667
149.622758	0.216666666666667
149.6394122	0.216666666666667
149.6555488	0.216666666666667
149.6728816	0.216666666666667
149.6894234	0.216666666666667
149.7056651	0.216666666666667
149.7228158	0.216666666666667
149.7394503	0.216666666666667
149.7560227	0.216666666666667
149.7728203	0.216666666666667
149.7893921	0.216666666666667
149.8060093	0.216666666666667
149.8223981	0.216666666666667
149.8393089	0.216666666666667
149.8557051	0.216666666666667
149.8726623	0.216666666666667
149.8893415	0.216666666666667
149.9055602	0.216666666666667
149.9224467	0.216666666666667
149.9394147	0.216666666666667
149.9560182	0.216666666666667
149.9730078	0.216666666666667
149.9891598	0.216666666666667
150.0060989	0.216666666666667
150.0227279	0.216666666666667
150.0394003	0.216666666666667
150.0556892	0.216666666666667
150.072761	0.216666666666667
150.0899742	0.216666666666667
150.1060092	0.216666666666667
150.1223172	0.216666666666667
150.1394908	0.216666666666667
150.1561619	0.216666666666667
150.1722204	0.216666666666667
150.1891497	0.216666666666667
150.2058101	0.216666666666667
150.2225632	0.216666666666667
150.2389958	0.216666666666667
150.2561267	0.216666666666667
150.2729351	0.216666666666667
150.2895046	0.216666666666667
150.3062489	0.216666666666667
150.322386	0.216666666666667
150.339382	0.216666666666667
150.3557742	0.216666666666667
150.3728681	0.216666666666667
150.3892436	0.216666666666667
150.4059624	0.216666666666667
150.4223794	0.216666666666667
150.4391941	0.216666666666667
150.4557925	0.216666666666667
150.4727476	0.216666666666667
150.4892908	0.216666666666667
150.5057059	0.216666666666667
150.5223646	0.216666666666667
150.5392244	0.216666666666667
150.5561863	0.216666666666667
150.5728269	0.216666666666667
150.5894394	0.216666666666667
150.6061277	0.216666666666667
150.6224957	0.216666666666667
150.6389141	0.216666666666667
150.6558482	0.216666666666667
150.6725384	0.216666666666667
150.6891099	0.216666666666667
150.7058699	0.216666666666667
150.7224278	0.216666666666667
150.7391306	0.216666666666667
150.7559594	0.216666666666667
150.7730956	0.216666666666667
150.789338	0.216666666666667
150.8062388	0.216666666666667
150.8223977	0.216666666666667
150.8394386	0.216666666666667
150.8558376	0.216666666666667
150.8726916	0.216666666666667
150.8889562	0.216666666666667
150.9058178	0.216666666666667
150.9222157	0.216666666666667
150.9390472	0.216666666666667
150.9558885	0.216666666666667
150.9723887	0.216666666666667
150.9892537	0.216666666666667
151.0057701	0.216666666666667
151.0228936	0.216666666666667
151.03894	0.216666666666667
151.0565045	0.216666666666667
151.0730909	0.216666666666667
151.0892452	0.216666666666667
151.105775	0.216666666666667
151.122827	0.216666666666667
151.1388215	0.216666666666667
151.1559203	0.216666666666667
151.1727259	0.216666666666667
151.1887956	0.216666666666667
151.2061231	0.216666666666667
151.222711	0.216666666666667
151.2394295	0.216666666666667
151.255542	0.216666666666667
151.2728177	0.216666666666667
151.2894452	0.216666666666667
151.3058615	0.216666666666667
151.32302	0.216666666666667
151.3392892	0.216666666666667
151.3559654	0.216666666666667
151.372778	0.216666666666667
151.3894683	0.216666666666667
151.4057094	0.216666666666667
151.4226106	0.216666666666667
151.4388257	0.216666666666667
151.4555695	0.216666666666667
151.472611	0.216666666666667
151.4893437	0.216666666666667
151.5054142	0.216666666666667
151.5226768	0.216666666666667
151.5392234	0.216666666666667
151.5559974	0.216666666666667
151.5725727	0.216666666666667
151.5891605	0.216666666666667
151.6054685	0.216666666666667
151.6223784	0.216666666666667
151.6388687	0.216666666666667
151.6555489	0.216666666666667
151.6729277	0.216666666666667
151.689165	0.216666666666667
151.7057877	0.216666666666667
151.7223985	0.216666666666667
151.7390857	0.216666666666667
151.755709	0.216666666666667
151.7730959	0.216666666666667
151.7892967	0.216666666666667
151.8053938	0.216666666666667
151.8223004	0.216666666666667
151.8392444	0.216666666666667
151.8557136	0.216666666666667
151.8723006	0.216666666666667
151.8892081	0.216666666666667
151.9059959	0.216666666666667
151.9231523	0.216666666666667
151.939338	0.216666666666667
151.9554951	0.216666666666667
151.9732269	0.216666666666667
151.9893828	0.216666666666667
152.0058264	0.216666666666667
152.0224493	0.216666666666667
152.0391398	0.216666666666667
152.0559057	0.216666666666667
152.0728731	0.216666666666667
152.0893095	0.216666666666667
152.1058126	0.216666666666667
152.122719	0.216666666666667
152.1389337	0.216666666666667
152.1557769	0.216666666666667
152.1726753	0.216666666666667
152.1894301	0.216666666666667
152.2058318	0.216666666666667
152.2222748	0.216666666666667
152.2391481	0.216666666666667
152.2560228	0.216666666666667
152.2721491	0.216666666666667
152.2891849	0.216666666666667
152.305375	0.216666666666667
152.3222248	0.216666666666667
152.3390031	0.216666666666667
152.3557115	0.216666666666667
152.3733043	0.216666666666667
152.3898327	0.216666666666667
152.4060609	0.216666666666667
152.4224071	0.216666666666667
152.4393903	0.216666666666667
152.4554495	0.216666666666667
152.472744	0.216666666666667
152.4892508	0.216666666666667
152.5054157	0.216666666666667
152.5226233	0.216666666666667
152.5390007	0.216666666666667
152.5554554	0.216666666666667
152.572489	0.216666666666667
152.5891243	0.216666666666667
152.6056717	0.216666666666667
152.6223046	0.216666666666667
152.6392569	0.216666666666667
152.6558133	0.216666666666667
152.6727362	0.216666666666667
152.6894739	0.216666666666667
152.7054566	0.216666666666667
152.7227627	0.216666666666667
152.7388826	0.216666666666667
152.7558098	0.216666666666667
152.7722293	0.216666666666667
152.7891265	0.216666666666667
152.8054833	0.216666666666667
152.8223169	0.216666666666667
152.8392303	0.216666666666667
152.8557985	0.216666666666667
152.8728947	0.216666666666667
152.8892668	0.216666666666667
152.9062259	0.216666666666667
152.9227269	0.216666666666667
152.9394469	0.216666666666667
152.9557163	0.216666666666667
152.972226	0.216666666666667
152.9891404	0.216666666666667
153.005917	0.216666666666667
153.0227259	0.216666666666667
153.0389188	0.216666666666667
153.0560781	0.216666666666667
153.0723088	0.216666666666667
153.089113	0.216666666666667
153.105957	0.216666666666667
153.1225042	0.216666666666667
153.138949	0.216666666666667
153.1556864	0.216666666666667
153.1725612	0.216666666666667
153.1891559	0.216666666666667
153.2058203	0.216666666666667
153.2225091	0.216666666666667
153.2387911	0.216666666666667
153.255874	0.216666666666667
153.2725114	0.216666666666667
153.2891285	0.216666666666667
153.3061036	0.216666666666667
153.3224317	0.216666666666667
153.3390045	0.216666666666667
153.3557033	0.216666666666667
153.3725833	0.216666666666667
153.3891062	0.216666666666667
153.4059872	0.216666666666667
153.4226056	0.216666666666667
153.4388724	0.216666666666667
153.4559295	0.216666666666667
153.4727729	0.216666666666667
153.4893684	0.216666666666667
153.5055032	0.216666666666667
153.5226802	0.216666666666667
153.5391537	0.216666666666667
153.5560677	0.216666666666667
153.5725359	0.216666666666667
153.589084	0.216666666666667
153.6056845	0.216666666666667
153.6226262	0.216666666666667
153.6395738	0.216666666666667
153.65555	0.216666666666667
153.6726115	0.216666666666667
153.6890796	0.216666666666667
153.7054923	0.216666666666667
153.7228816	0.216666666666667
153.7391276	0.216666666666667
153.7555241	0.216666666666667
153.7723287	0.216666666666667
153.7895083	0.216666666666667
153.8055398	0.216666666666667
153.8230498	0.216666666666667
153.8391673	0.216666666666667
153.8560087	0.216666666666667
153.8725735	0.216666666666667
153.8888791	0.216666666666667
153.9059812	0.216666666666667
153.922803	0.216666666666667
153.938844	0.216666666666667
153.9557992	0.216666666666667
153.9726067	0.216666666666667
153.9891461	0.216666666666667
154.0058923	0.216666666666667
154.0228265	0.216666666666667
154.0390911	0.216666666666667
154.0560162	0.216666666666667
154.0725299	0.216666666666667
154.0887916	0.216666666666667
154.1055114	0.216666666666667
154.1222498	0.216666666666667
154.1391948	0.216666666666667
154.1559449	0.216666666666667
154.1725075	0.216666666666667
154.1890527	0.216666666666667
154.2061292	0.216666666666667
154.222702	0.216666666666667
154.2390569	0.216666666666667
154.2554752	0.223958333333333
154.272413	0.223958333333333
154.289517	0.223958333333333
154.3059152	0.223958333333333
154.3224981	0.223958333333333
154.3391698	0.223958333333333
154.3559027	0.223958333333333
154.3726174	0.223958333333333
154.388999	0.223958333333333
154.4058831	0.223958333333333
154.4226938	0.223958333333333
154.4387338	0.223958333333333
154.4559927	0.223958333333333
154.4724925	0.223958333333333
154.488731	0.223958333333333
154.5054437	0.223958333333333
154.5223654	0.223958333333333
154.5391509	0.223958333333333
154.5561494	0.223958333333333
154.572649	0.223958333333333
154.5890579	0.223958333333333
154.6061806	0.232291666666667
154.622619	0.232291666666667
154.6390755	0.232291666666667
154.6554182	0.232291666666667
154.6722189	0.232291666666667
154.6888822	0.232291666666667
154.7057883	0.232291666666667
154.722438	0.232291666666667
154.7393676	0.232291666666667
154.7553574	0.232291666666667
154.7726984	0.232291666666667
154.7888526	0.232291666666667
154.8060469	0.240625
154.8227128	0.248958333333333
154.8391449	0.248958333333333
154.8556055	0.248958333333333
154.872374	0.248958333333333
154.8890399	0.248958333333333
154.9059889	0.248958333333333
154.9223323	0.248958333333333
154.9391144	0.248958333333333
154.9561028	0.248958333333333
154.9729397	0.248958333333333
154.9893165	0.248958333333333
155.0062676	0.248958333333333
155.022242	0.248958333333333
155.0393957	0.248958333333333
155.0556832	0.248958333333333
155.0725343	0.248958333333333
155.0887589	0.248958333333333
155.1058612	0.248958333333333
155.1223269	0.248958333333333
155.1390306	0.248958333333333
155.1559379	0.248958333333333
155.1726229	0.248958333333333
155.1887035	0.248958333333333
155.2060111	0.248958333333333
155.2229655	0.248958333333333
155.2391923	0.248958333333333
155.2559987	0.248958333333333
155.2727504	0.248958333333333
155.2891875	0.248958333333333
155.3058029	0.248958333333333
155.3225091	0.248958333333333
155.3391052	0.248958333333333
155.3561081	0.248958333333333
155.3726898	0.248958333333333
155.38885	0.248958333333333
155.4059381	0.248958333333333
155.4226497	0.248958333333333
155.4387617	0.248958333333333
155.4557749	0.248958333333333
155.4723863	0.248958333333333
155.488832	0.248958333333333
155.5061411	0.248958333333333
155.5226383	0.248958333333333
155.5391695	0.248958333333333
155.5559259	0.248958333333333
155.5723561	0.248958333333333
155.5886333	0.248958333333333
155.605648	0.248958333333333
155.6226293	0.248958333333333
155.6392019	0.248958333333333
155.6560918	0.248958333333333
155.6726061	0.248958333333333
155.6891411	0.248958333333333
155.7056275	0.248958333333333
155.7229189	0.248958333333333
155.7390278	0.248958333333333
155.75565	0.248958333333333
155.7726078	0.248958333333333
155.7891802	0.248958333333333
155.8060249	0.248958333333333
155.8227719	0.248958333333333
155.8391653	0.248958333333333
155.8559424	0.248958333333333
155.8724629	0.248958333333333
155.8886662	0.248958333333333
155.9053414	0.248958333333333
155.9225245	0.248958333333333
155.938776	0.248958333333333
155.9553571	0.248958333333333
155.97257	0.248958333333333
155.9890072	0.248958333333333
156.0056824	0.248958333333333
156.0225718	0.248958333333333
156.0388529	0.248958333333333
156.0553603	0.248958333333333
156.0727628	0.248958333333333
156.0887193	0.248958333333333
156.1055094	0.248958333333333
156.1226579	0.248958333333333
156.1387869	0.248958333333333
156.1554711	0.248958333333333
156.1726833	0.248958333333333
156.1889561	0.248958333333333
156.2058404	0.248958333333333
156.222579	0.248958333333333
156.2392731	0.248958333333333
156.2561905	0.248958333333333
156.2727943	0.248958333333333
156.2890959	0.248958333333333
156.3060112	0.248958333333333
156.3228946	0.248958333333333
156.3386148	0.248958333333333
156.3557987	0.248958333333333
156.3723712	0.248958333333333
156.38862	0.248958333333333
156.4054951	0.248958333333333
156.4224835	0.248958333333333
156.4391369	0.248958333333333
156.4555049	0.248958333333333
156.4725862	0.248958333333333
156.4891952	0.248958333333333
156.5060237	0.248958333333333
156.5223398	0.248958333333333
156.5391009	0.248958333333333
156.5560993	0.248958333333333
156.5721938	0.248958333333333
156.5891577	0.248958333333333
156.6059342	0.248958333333333
156.6225973	0.248958333333333
156.6390986	0.248958333333333
156.6558172	0.248958333333333
156.6725966	0.248958333333333
156.6896305	0.248958333333333
156.705954	0.248958333333333
156.7218936	0.248958333333333
156.7398163	0.248958333333333
156.7559711	0.248958333333333
156.772478	0.248958333333333
156.7890187	0.248958333333333
156.8058606	0.248958333333333
156.8221509	0.248958333333333
156.8389848	0.248958333333333
156.8555242	0.248958333333333
156.8721409	0.248958333333333
156.8888451	0.248958333333333
156.9055037	0.248958333333333
156.9225053	0.248958333333333
156.9391322	0.248958333333333
156.9559504	0.248958333333333
156.9725592	0.248958333333333
156.9895859	0.248958333333333
157.0061853	0.248958333333333
157.022372	0.248958333333333
157.0391183	0.248958333333333
157.055808	0.248958333333333
157.072218	0.248958333333333
157.0887528	0.248958333333333
157.1058692	0.248958333333333
157.1224359	0.248958333333333
157.1389165	0.248958333333333
157.1555606	0.248958333333333
157.1720142	0.248958333333333
157.1885566	0.248958333333333
157.2060311	0.248958333333333
157.2221001	0.248958333333333
157.2390973	0.248958333333333
157.2559715	0.248958333333333
157.2723977	0.248958333333333
157.288713	0.248958333333333
157.3053528	0.248958333333333
157.3222282	0.248958333333333
157.3391717	0.248958333333333
157.3561906	0.248958333333333
157.372902	0.248958333333333
157.3889418	0.248958333333333
157.4057801	0.248958333333333
157.4223128	0.248958333333333
157.4392473	0.248958333333333
157.455902	0.248958333333333
157.4722242	0.248958333333333
157.4889398	0.248958333333333
157.5058991	0.248958333333333
157.5225154	0.248958333333333
157.5388412	0.248958333333333
157.5554848	0.248958333333333
157.5725623	0.248958333333333
157.5891187	0.248958333333333
157.6058782	0.248958333333333
157.6226749	0.248958333333333
157.6389171	0.248958333333333
157.6558963	0.248958333333333
157.6724689	0.248958333333333
157.6892057	0.248958333333333
157.7059958	0.248958333333333
157.722386	0.248958333333333
157.7390256	0.248958333333333
157.7558526	0.248958333333333
157.7720754	0.248958333333333
157.7890805	0.248958333333333
157.8055005	0.248958333333333
157.8221178	0.248958333333333
157.8390921	0.248958333333333
157.855892	0.248958333333333
157.8724302	0.248958333333333
157.8888427	0.248958333333333
157.9060692	0.248958333333333
157.9221848	0.248958333333333
157.9389037	0.248958333333333
157.9562041	0.248958333333333
157.9723377	0.248958333333333
157.9889137	0.248958333333333
158.00622	0.248958333333333
158.0224956	0.248958333333333
158.0390204	0.248958333333333
158.0556215	0.248958333333333
158.0725188	0.248958333333333
158.0890264	0.248958333333333
158.1058753	0.248958333333333
158.1221649	0.248958333333333
158.1389708	0.248958333333333
158.1560334	0.248958333333333
158.1724436	0.248958333333333
158.1889754	0.248958333333333
158.2054328	0.248958333333333
158.2225037	0.248958333333333
158.2388929	0.248958333333333
158.2563015	0.248958333333333
158.2725258	0.248958333333333
158.2889265	0.248958333333333
158.3059908	0.248958333333333
158.3222597	0.248958333333333
158.3389971	0.248958333333333
158.3555192	0.248958333333333
158.3726942	0.248958333333333
158.3886041	0.248958333333333
158.4054111	0.248958333333333
158.4226641	0.248958333333333
158.4390269	0.248958333333333
158.4571311	0.248958333333333
158.4726	0.248958333333333
158.4887133	0.248958333333333
158.5058535	0.248958333333333
158.522164	0.248958333333333
158.538973	0.248958333333333
158.5557914	0.248958333333333
158.5724538	0.248958333333333
158.5890482	0.248958333333333
158.6056402	0.248958333333333
158.6220176	0.248958333333333
158.6388504	0.248958333333333
158.6558104	0.248958333333333
158.6724276	0.248958333333333
158.6889756	0.248958333333333
158.7059992	0.248958333333333
158.7223794	0.248958333333333
158.7391391	0.248958333333333
158.7558586	0.248958333333333
158.7726153	0.248958333333333
158.7889308	0.248958333333333
158.8058639	0.248958333333333
158.8227972	0.248958333333333
158.8389722	0.248958333333333
158.8556479	0.248958333333333
158.8726491	0.248958333333333
158.888709	0.248958333333333
158.9052686	0.248958333333333
158.9221283	0.248958333333333
158.9386797	0.248958333333333
158.955851	0.248958333333333
158.9727788	0.248958333333333
158.9892004	0.248958333333333
159.0058578	0.248958333333333
159.0224378	0.248958333333333
159.0388932	0.248958333333333
159.0555884	0.248958333333333
159.0721232	0.248958333333333
159.0886593	0.248958333333333
159.1054408	0.248958333333333
159.1220464	0.248958333333333
159.1385842	0.248958333333333
159.1554968	0.248958333333333
159.172202	0.248958333333333
159.1887081	0.248958333333333
159.2053765	0.248958333333333
159.2226188	0.248958333333333
159.2384507	0.248958333333333
159.2559601	0.248958333333333
159.2720958	0.248958333333333
159.2888028	0.248958333333333
159.3054093	0.248958333333333
159.322267	0.248958333333333
159.338909	0.248958333333333
159.3553757	0.248958333333333
159.3722351	0.248958333333333
159.3886353	0.248958333333333
159.4060222	0.248958333333333
159.4222884	0.248958333333333
159.4393108	0.248958333333333
159.4554544	0.248958333333333
159.4725083	0.248958333333333
159.4890476	0.248958333333333
159.505789	0.248958333333333
159.5224713	0.248958333333333
159.538616	0.248958333333333
159.555338	0.248958333333333
159.5721146	0.248958333333333
159.5887812	0.248958333333333
159.6057897	0.248958333333333
159.622562	0.248958333333333
159.6388492	0.248958333333333
159.6560219	0.248958333333333
159.6722479	0.248958333333333
159.6889826	0.248958333333333
159.7058537	0.248958333333333
159.7227743	0.248958333333333
159.7389219	0.248958333333333
159.7561459	0.248958333333333
159.7723655	0.248958333333333
159.7886795	0.248958333333333
159.8061656	0.248958333333333
159.822356	0.248958333333333
159.8384571	0.248958333333333
159.855802	0.248958333333333
159.8725092	0.248958333333333
159.8890429	0.248958333333333
159.9055448	0.248958333333333
159.9225377	0.248958333333333
159.9389196	0.248958333333333
159.955813	0.248958333333333
159.9722823	0.248958333333333
159.9889466	0.248958333333333
160.0056724	0.248958333333333
160.0220601	0.248958333333333
160.0386481	0.248958333333333
160.0557756	0.248958333333333
160.0724657	0.248958333333333
160.0888034	0.248958333333333
160.1053493	0.248958333333333
160.1220101	0.248958333333333
160.1386	0.248958333333333
160.1557758	0.248958333333333
160.1722097	0.248958333333333
160.1884699	0.248958333333333
160.2056022	0.248958333333333
160.2226083	0.248958333333333
160.2383722	0.248958333333333
160.2557336	0.248958333333333
160.2722092	0.248958333333333
160.2887103	0.248958333333333
160.3059247	0.248958333333333
160.3224468	0.248958333333333
160.3388092	0.248958333333333
160.355913	0.248958333333333
160.3721393	0.248958333333333
160.3888891	0.248958333333333
160.4067173	0.248958333333333
160.4227047	0.248958333333333
160.438591	0.248958333333333
160.4552717	0.248958333333333
160.4723401	0.248958333333333
160.4888063	0.248958333333333
160.5057251	0.248958333333333
160.5224793	0.248958333333333
160.5387466	0.248958333333333
160.5557359	0.248958333333333
160.5721665	0.248958333333333
160.5888089	0.248958333333333
160.6057801	0.248958333333333
160.622597	0.248958333333333
160.6385851	0.248958333333333
160.6557774	0.248958333333333
160.6725725	0.248958333333333
160.6884433	0.248958333333333
160.7053122	0.248958333333333
160.7221467	0.248958333333333
160.7383952	0.248958333333333
160.7551777	0.248958333333333
160.7722289	0.248958333333333
160.7886052	0.248958333333333
160.8054968	0.248958333333333
160.8224811	0.248958333333333
160.8385117	0.248958333333333
160.8558063	0.248958333333333
160.8723143	0.248958333333333
160.8887007	0.248958333333333
160.9056191	0.248958333333333
160.9224615	0.248958333333333
160.9384583	0.248958333333333
160.9555542	0.248958333333333
160.9725632	0.248958333333333
160.9884084	0.248958333333333
161.0054827	0.248958333333333
161.0223023	0.248958333333333
161.0386553	0.248958333333333
161.0557267	0.248958333333333
161.0724002	0.248958333333333
161.0884734	0.248958333333333
161.1058636	0.248958333333333
161.1225611	0.248958333333333
161.1386261	0.248958333333333
161.1558782	0.248958333333333
161.1723668	0.248958333333333
161.1886286	0.248958333333333
161.2055268	0.248958333333333
161.2222663	0.248958333333333
161.2384586	0.248958333333333
161.2554023	0.248958333333333
161.271977	0.248958333333333
161.2887174	0.248958333333333
161.3059049	0.248958333333333
161.3227018	0.248958333333333
161.3386858	0.248958333333333
161.3558629	0.248958333333333
161.3725112	0.248958333333333
161.3884559	0.248958333333333
161.4059553	0.248958333333333
161.4221645	0.248958333333333
161.4384268	0.248958333333333
161.4558305	0.248958333333333
161.4719826	0.248958333333333
161.4884296	0.248958333333333
161.5058547	0.248958333333333
161.5224045	0.248958333333333
161.5385349	0.248958333333333
161.5559007	0.248958333333333
161.5725789	0.248958333333333
161.5886123	0.248958333333333
161.6059938	0.248958333333333
161.6221419	0.248958333333333
161.6385605	0.248958333333333
161.6553016	0.248958333333333
161.6722433	0.248958333333333
161.6885252	0.248958333333333
161.7055908	0.248958333333333
161.7222188	0.248958333333333
161.7386332	0.248958333333333
161.7559184	0.248958333333333
161.7720692	0.248958333333333
161.7885701	0.248958333333333
161.8053484	0.248958333333333
161.8222478	0.248958333333333
161.8384246	0.248958333333333
161.8558361	0.248958333333333
161.8720361	0.248958333333333
161.8887663	0.248958333333333
161.9058735	0.248958333333333
161.9223507	0.248958333333333
161.9383558	0.248958333333333
161.9558229	0.248958333333333
161.9721553	0.248958333333333
161.9883906	0.248958333333333
162.0060401	0.248958333333333
162.0221152	0.248958333333333
162.0388227	0.248958333333333
162.0556008	0.248958333333333
162.0721657	0.248958333333333
162.0887322	0.248958333333333
162.1055853	0.248958333333333
162.1224713	0.248958333333333
162.1383989	0.248958333333333
162.1557104	0.248958333333333
162.1719283	0.248958333333333
162.1884817	0.248958333333333
162.2055322	0.248958333333333
162.2224701	0.248958333333333
162.2385507	0.248958333333333
162.2557872	0.248958333333333
162.2725164	0.248958333333333
162.2888013	0.248958333333333
162.3058322	0.248958333333333
162.32236	0.248958333333333
162.3384684	0.248958333333333
162.3553288	0.248958333333333
162.372265	0.248958333333333
162.3884313	0.248958333333333
162.4052729	0.248958333333333
162.422477	0.248958333333333
162.4384141	0.248958333333333
162.4552703	0.248958333333333
162.4721465	0.248958333333333
162.4888784	0.248958333333333
162.5059764	0.248958333333333
162.5224817	0.248958333333333
162.5387463	0.248958333333333
162.5560151	0.248958333333333
162.5723837	0.248958333333333
162.5888691	0.248958333333333
162.6058235	0.248958333333333
162.6222914	0.248958333333333
162.6385134	0.248958333333333
162.6554538	0.248958333333333
162.6722301	0.248958333333333
162.6883967	0.248958333333333
162.7057102	0.248958333333333
162.7223484	0.248958333333333
162.7384398	0.248958333333333
162.7555142	0.248958333333333
162.7721825	0.248958333333333
162.788791	0.248958333333333
162.8056343	0.248958333333333
162.8222742	0.248958333333333
162.8386612	0.248958333333333
162.8552889	0.248958333333333
162.8721955	0.248958333333333
162.8887669	0.248958333333333
162.9057421	0.248958333333333
162.9219695	0.248958333333333
162.9385686	0.248958333333333
162.9558726	0.248958333333333
162.9726666	0.248958333333333
162.9888243	0.248958333333333
163.0056656	0.248958333333333
163.0225765	0.248958333333333
163.0384437	0.248958333333333
163.0556212	0.248958333333333
163.0721078	0.248958333333333
163.0889902	0.248958333333333
163.1058862	0.248958333333333
163.1222565	0.248958333333333
163.1383927	0.248958333333333
163.1557964	0.248958333333333
163.1721955	0.248958333333333
163.1883172	0.248958333333333
163.2057932	0.248958333333333
163.2235036	0.248958333333333
163.2382794	0.248958333333333
163.2557944	0.248958333333333
163.2725392	0.248958333333333
163.2883606	0.248958333333333
163.3056719	0.248958333333333
163.3223577	0.248958333333333
163.3386359	0.248958333333333
163.3550487	0.248958333333333
163.372171	0.248958333333333
163.3889288	0.248958333333333
163.4056624	0.248958333333333
163.4223211	0.248958333333333
163.4392148	0.248958333333333
163.455516	0.248958333333333
163.4725572	0.248958333333333
163.488915	0.248958333333333
163.5059671	0.248958333333333
163.5225162	0.248958333333333
163.5384706	0.248958333333333
163.5555247	0.248958333333333
163.5721248	0.248958333333333
163.5887108	0.248958333333333
163.6055967	0.248958333333333
163.6219068	0.248958333333333
163.6383456	0.248958333333333
163.6551818	0.248958333333333
163.6718795	0.248958333333333
163.688394	0.248958333333333
163.7054697	0.248958333333333
163.7226002	0.248958333333333
163.7383891	0.248958333333333
163.7558336	0.248958333333333
163.7722401	0.248958333333333
163.7883838	0.248958333333333
163.8052196	0.248958333333333
163.8222966	0.248958333333333
163.8384877	0.248958333333333
163.855281	0.248958333333333
163.872268	0.248958333333333
163.8887934	0.248958333333333
163.9057465	0.248958333333333
163.9223832	0.248958333333333
163.938604	0.248958333333333
163.9555928	0.248958333333333
163.9723711	0.248958333333333
163.988889	0.248958333333333
164.0053302	0.248958333333333
164.0224241	0.248958333333333
164.0388546	0.248958333333333
164.0552012	0.248958333333333
164.0722057	0.248958333333333
164.0887048	0.248958333333333
164.1056332	0.248958333333333
164.12241	0.248958333333333
164.1384494	0.248958333333333
164.1569347	0.248958333333333
164.1721978	0.248958333333333
164.1884135	0.248958333333333
164.2059247	0.248958333333333
164.2223161	0.248958333333333
164.2388763	0.248958333333333
164.2556087	0.248958333333333
164.2722747	0.248958333333333
164.2884452	0.248958333333333
164.305405	0.248958333333333
164.3225228	0.248958333333333
164.338629	0.248958333333333
164.3557165	0.248958333333333
164.3722208	0.248958333333333
164.3883116	0.248958333333333
164.4057143	0.248958333333333
164.4219416	0.248958333333333
164.4383036	0.248958333333333
164.4557198	0.248958333333333
164.4721773	0.248958333333333
164.4886978	0.248958333333333
164.5052118	0.248958333333333
164.5219102	0.248958333333333
164.5384574	0.248958333333333
164.5557032	0.248958333333333
164.5723776	0.248958333333333
164.588347	0.248958333333333
164.60546	0.248958333333333
164.6223907	0.248958333333333
164.6399315	0.248958333333333
164.6558468	0.248958333333333
164.6724003	0.248958333333333
164.6890046	0.248958333333333
164.7053575	0.248958333333333
164.7222968	0.248958333333333
164.7388672	0.248958333333333
164.7557191	0.248958333333333
164.7720841	0.248958333333333
164.7884437	0.248958333333333
164.8054385	0.248958333333333
164.8220157	0.248958333333333
164.8385783	0.248958333333333
164.8561423	0.248958333333333
164.8724099	0.248958333333333
164.8884564	0.248958333333333
164.9054987	0.248958333333333
164.9223911	0.248958333333333
164.938735	0.248958333333333
164.955774	0.248958333333333
164.9721933	0.248958333333333
164.9884003	0.248958333333333
165.0056188	0.248958333333333
165.0222173	0.248958333333333
165.0384108	0.248958333333333
165.0557319	0.248958333333333
165.0721194	0.248958333333333
165.0887288	0.248958333333333
165.1055999	0.248958333333333
165.1223985	0.248958333333333
165.1384591	0.248958333333333
165.1556764	0.248958333333333
165.1718444	0.248958333333333
165.1881762	0.248958333333333
165.2054873	0.248958333333333
165.2222844	0.248958333333333
165.2384639	0.248958333333333
165.2559955	0.248958333333333
165.2725544	0.248958333333333
165.289974	0.248958333333333
165.3052791	0.248958333333333
165.3224709	0.248958333333333
165.3384631	0.248958333333333
165.3557636	0.248958333333333
165.3723364	0.248958333333333
165.3887593	0.248958333333333
165.405622	0.248958333333333
165.4221861	0.248958333333333
165.4385353	0.248958333333333
165.4554658	0.248958333333333
165.4718361	0.248958333333333
165.488354	0.248958333333333
165.5055734	0.248958333333333
165.5217857	0.248958333333333
165.5383514	0.248958333333333
165.555598	0.248958333333333
165.5722323	0.248958333333333
165.5886199	0.248958333333333
165.6051528	0.248958333333333
165.6223933	0.248958333333333
165.6383202	0.248958333333333
165.6551484	0.248958333333333
165.671907	0.248958333333333
165.6886346	0.248958333333333
165.7052239	0.248958333333333
165.7221089	0.248958333333333
165.7384031	0.248958333333333
165.7556633	0.248958333333333
165.7718966	0.248958333333333
165.7888245	0.248958333333333
165.8056882	0.248958333333333
165.8220324	0.248958333333333
165.8384309	0.248958333333333
165.8556384	0.248958333333333
165.8721781	0.248958333333333
165.8885367	0.248958333333333
165.9054763	0.248958333333333
165.9216681	0.248958333333333
165.9383478	0.248958333333333
165.9551002	0.248958333333333
165.9718189	0.248958333333333
165.9885308	0.248958333333333
166.0052517	0.248958333333333
166.0219797	0.248958333333333
166.0387339	0.248958333333333
166.0551683	0.248958333333333
166.0720732	0.248958333333333
166.0887944	0.248958333333333
166.1056149	0.248958333333333
166.1218019	0.248958333333333
166.1383677	0.248958333333333
166.1557388	0.248958333333333
166.1719756	0.248958333333333
166.1886165	0.248958333333333
166.2052881	0.248958333333333
166.2220186	0.248958333333333
166.2385775	0.248958333333333
166.255403	0.248958333333333
166.271914	0.248958333333333
166.2887744	0.248958333333333
166.3055355	0.248958333333333
166.3217992	0.248958333333333
166.3383189	0.248958333333333
166.3555298	0.248958333333333
166.3719096	0.248958333333333
166.3884185	0.248958333333333
166.4057577	0.248958333333333
166.422132	0.248958333333333
166.4384969	0.248958333333333
166.4561132	0.248958333333333
166.4718559	0.248958333333333
166.4884158	0.248958333333333
166.505441	0.248958333333333
166.521917	0.248958333333333
166.5384753	0.248958333333333
166.5550427	0.248958333333333
166.5720308	0.248958333333333
166.5883868	0.248958333333333
166.6055136	0.248958333333333
166.6221216	0.248958333333333
166.6384251	0.248958333333333
166.6553491	0.248958333333333
166.6718115	0.248958333333333
166.6887478	0.248958333333333
166.705587	0.248958333333333
166.7225684	0.248958333333333
166.7383517	0.248958333333333
166.75553	0.248958333333333
166.7720478	0.248958333333333
166.7887168	0.248958333333333
166.8055161	0.248958333333333
166.8221335	0.248958333333333
166.8386993	0.248958333333333
166.8550648	0.248958333333333
166.8722181	0.248958333333333
166.8881235	0.248958333333333
166.9053913	0.248958333333333
166.9223064	0.248958333333333
166.9388085	0.248958333333333
166.955651	0.248958333333333
166.9721384	0.248958333333333
166.9884002	0.248958333333333
167.005419	0.248958333333333
167.0219663	0.248958333333333
167.0383788	0.248958333333333
167.0550974	0.248958333333333
167.0719105	0.248958333333333
167.0883956	0.248958333333333
167.1052798	0.248958333333333
167.1222048	0.248958333333333
167.1388185	0.248958333333333
167.1553164	0.248958333333333
167.1718393	0.248958333333333
167.1886171	0.248958333333333
167.2055767	0.248958333333333
167.2216297	0.248958333333333
167.2391925	0.248958333333333
167.2550991	0.248958333333333
167.2721896	0.248958333333333
167.2889538	0.248958333333333
167.3049771	0.248958333333333
167.3218018	0.248958333333333
167.3388613	0.248958333333333
167.3555123	0.248958333333333
167.3720157	0.248958333333333
167.3888916	0.248958333333333
167.4054132	0.248958333333333
167.42216	0.248958333333333
167.4388786	0.248958333333333
167.4555227	0.248958333333333
167.4720323	0.248958333333333
167.4887965	0.248958333333333
167.5055119	0.248958333333333
167.5217946	0.248958333333333
167.5388171	0.248958333333333
167.5554364	0.248958333333333
167.572182	0.248958333333333
167.5886529	0.248958333333333
167.6053797	0.248958333333333
167.6226853	0.248958333333333
167.6388737	0.248958333333333
167.6552675	0.248958333333333
167.6720312	0.248958333333333
167.6887794	0.248958333333333
167.7055386	0.248958333333333
167.7218243	0.248958333333333
167.7382285	0.248958333333333
167.7550876	0.248958333333333
167.771814	0.248958333333333
167.7887807	0.248958333333333
167.8053199	0.248958333333333
167.8219566	0.248958333333333
167.838933	0.248958333333333
167.8554777	0.248958333333333
167.8718277	0.248958333333333
167.8884054	0.248958333333333
167.9054121	0.248958333333333
167.9223869	0.248958333333333
167.9386403	0.248958333333333
167.9554305	0.248958333333333
167.9716129	0.248958333333333
167.9888532	0.248958333333333
168.0054261	0.248958333333333
168.0222308	0.248958333333333
168.038602	0.248958333333333
168.0553701	0.248958333333333
168.0721025	0.248958333333333
168.088804	0.248958333333333
168.1051822	0.248958333333333
168.1222202	0.248958333333333
168.1388185	0.248958333333333
168.155624	0.248958333333333
168.171804	0.248958333333333
168.1884394	0.248958333333333
168.2054575	0.248958333333333
168.221883	0.248958333333333
168.2388328	0.248958333333333
168.2555705	0.248958333333333
168.2725812	0.248958333333333
168.2888342	0.248958333333333
168.3056931	0.248958333333333
168.3220471	0.248958333333333
168.338733	0.248958333333333
168.3554274	0.248958333333333
168.3719776	0.248958333333333
168.3887034	0.248958333333333
168.4056811	0.248958333333333
168.4216861	0.248958333333333
168.438413	0.248958333333333
168.455497	0.248958333333333
168.4718656	0.248958333333333
168.4888287	0.248958333333333
168.5055338	0.248958333333333
168.5220802	0.248958333333333
168.5385535	0.248958333333333
168.5554115	0.248958333333333
168.5717615	0.248958333333333
168.5887777	0.248958333333333
168.6055307	0.248958333333333
168.6219806	0.248958333333333
168.638713	0.248958333333333
168.6553019	0.248958333333333
168.6720797	0.248958333333333
168.6885264	0.248958333333333
168.7055963	0.248958333333333
168.7220183	0.248958333333333
168.7388346	0.248958333333333
168.7554429	0.248958333333333
168.771942	0.248958333333333
168.7884274	0.248958333333333
168.8054025	0.248958333333333
168.8221334	0.248958333333333
168.8389352	0.248958333333333
168.855446	0.248958333333333
168.8719367	0.248958333333333
168.8888552	0.248958333333333
168.9053025	0.248958333333333
168.9219247	0.248958333333333
168.9386226	0.248958333333333
168.9557028	0.248958333333333
168.9717071	0.248958333333333
168.9886127	0.248958333333333
169.005278	0.248958333333333
169.0219755	0.248958333333333
169.0387189	0.248958333333333
169.0555971	0.248958333333333
169.0719484	0.248958333333333
169.0887621	0.248958333333333
169.1053987	0.248958333333333
169.1220769	0.248958333333333
169.1384715	0.248958333333333
169.1549662	0.248958333333333
169.1715581	0.248958333333333
169.188703	0.248958333333333
169.2048037	0.248958333333333
169.2220643	0.248958333333333
169.2388026	0.248958333333333
169.2554393	0.248958333333333
169.2722471	0.248958333333333
169.2886908	0.248958333333333
169.30524	0.248958333333333
169.3218109	0.248958333333333
169.3386852	0.248958333333333
169.3554284	0.248958333333333
169.3717351	0.248958333333333
169.3886564	0.248958333333333
169.4052508	0.248958333333333
169.4221742	0.248958333333333
169.4387926	0.248958333333333
169.4555663	0.248958333333333
169.4720961	0.248958333333333
169.4887863	0.248958333333333
169.5052071	0.248958333333333
169.5218887	0.248958333333333
169.5385163	0.248958333333333
169.5554131	0.248958333333333
169.5723682	0.248958333333333
169.5883892	0.248958333333333
169.6052813	0.248958333333333
169.6217939	0.248958333333333
169.638721	0.248958333333333
169.6552831	0.248958333333333
169.6720494	0.248958333333333
169.6883662	0.248958333333333
169.7052037	0.248958333333333
169.7221519	0.248958333333333
169.7383963	0.248958333333333
169.7553431	0.248958333333333
169.7721014	0.248958333333333
169.7886177	0.248958333333333
169.8054028	0.248958333333333
169.8220172	0.248958333333333
169.8386397	0.248958333333333
169.8553838	0.248958333333333
169.8721533	0.248958333333333
169.8885504	0.248958333333333
169.9049276	0.248958333333333
169.9215899	0.248958333333333
169.9383386	0.248958333333333
169.9555466	0.248958333333333
169.9721303	0.248958333333333
169.9888405	0.248958333333333
170.0052314	0.248958333333333
170.0221498	0.248958333333333
170.0386432	0.248958333333333
170.0553749	0.248958333333333
170.0719734	0.248958333333333
170.0884091	0.248958333333333
170.1052839	0.248958333333333
170.1214202	0.248958333333333
170.1386261	0.248958333333333
170.1550066	0.248958333333333
170.1720311	0.248958333333333
170.1886075	0.248958333333333
170.2055182	0.248958333333333
170.2221965	0.248958333333333
170.2389615	0.248958333333333
170.2550569	0.248958333333333
170.2721425	0.248958333333333
170.2883648	0.248958333333333
170.3055537	0.248958333333333
170.3222358	0.248958333333333
170.3388115	0.248958333333333
170.3548991	0.248958333333333
170.3721725	0.248958333333333
170.3883996	0.248958333333333
170.4051115	0.248958333333333
170.422249	0.248958333333333
170.4387221	0.248958333333333
170.455351	0.248958333333333
170.4719141	0.248958333333333
170.4886274	0.248958333333333
170.5053894	0.248958333333333
170.5219867	0.248958333333333
170.5385121	0.248958333333333
170.5553461	0.248958333333333
170.571752	0.248958333333333
170.5885682	0.248958333333333
170.6053835	0.248958333333333
170.6217247	0.248958333333333
170.6385706	0.248958333333333
170.6552621	0.248958333333333
170.6719759	0.248958333333333
170.688656	0.248958333333333
170.7058399	0.248958333333333
170.7218935	0.248958333333333
170.7384778	0.248958333333333
170.7553838	0.248958333333333
170.7718249	0.248958333333333
170.7889231	0.248958333333333
170.8053787	0.248958333333333
170.8215503	0.248958333333333
170.8388191	0.248958333333333
170.8550471	0.248958333333333
170.87184	0.248958333333333
170.8887699	0.248958333333333
170.9056913	0.248958333333333
170.9221396	0.248958333333333
170.9387938	0.248958333333333
170.9552112	0.248958333333333
170.9718937	0.248958333333333
170.9885571	0.248958333333333
171.0050885	0.248958333333333
171.0216821	0.248958333333333
171.0385123	0.248958333333333
171.0550372	0.248958333333333
171.0716642	0.248958333333333
171.0884176	0.248958333333333
171.1051915	0.248958333333333
171.1218719	0.248958333333333
171.1383866	0.248958333333333
171.155263	0.248958333333333
171.1718078	0.248958333333333
171.1884376	0.248958333333333
171.2051004	0.248958333333333
171.2216958	0.248958333333333
171.2387071	0.248958333333333
171.2555496	0.248958333333333
171.2718074	0.248958333333333
171.2884741	0.248958333333333
171.3051253	0.248958333333333
171.3218448	0.248958333333333
171.3384293	0.248958333333333
171.355197	0.248958333333333
171.3716269	0.248958333333333
171.3884405	0.248958333333333
171.4053036	0.248958333333333
171.4219713	0.248958333333333
171.4393962	0.248958333333333
171.4559138	0.248958333333333
171.4717422	0.248958333333333
171.4883557	0.248958333333333
171.5049651	0.248958333333333
171.5218734	0.248958333333333
171.5385316	0.248958333333333
171.5551952	0.248958333333333
171.5719318	0.248958333333333
171.5885421	0.248958333333333
171.6051701	0.248958333333333
171.6219499	0.248958333333333
171.6384205	0.248958333333333
171.6550246	0.248958333333333
171.6716443	0.248958333333333
171.6884178	0.248958333333333
171.7055384	0.248958333333333
171.7222776	0.248958333333333
171.7383096	0.248958333333333
171.7553912	0.248958333333333
171.7719342	0.248958333333333
171.7886411	0.248958333333333
171.8049378	0.248958333333333
171.8219692	0.248958333333333
171.8384907	0.248958333333333
171.8553758	0.248958333333333
171.8715721	0.248958333333333
171.8883332	0.248958333333333
171.9052738	0.248958333333333
171.9218829	0.248958333333333
171.938796	0.248958333333333
171.9553987	0.248958333333333
171.9717568	0.248958333333333
171.988286	0.248958333333333
172.0052397	0.248958333333333
172.0219008	0.248958333333333
172.0387108	0.248958333333333
172.0553151	0.248958333333333
172.0714942	0.248958333333333
172.088784	0.248958333333333
172.1052385	0.248958333333333
172.1214308	0.248958333333333
172.1384604	0.248958333333333
172.1552694	0.248958333333333
172.1715665	0.248958333333333
172.1885887	0.248958333333333
172.2053724	0.248958333333333
172.2217409	0.248958333333333
172.2386007	0.248958333333333
172.2552675	0.248958333333333
172.2715437	0.248958333333333
172.2882998	0.248958333333333
172.3053603	0.248958333333333
172.3219177	0.248958333333333
172.3385967	0.248958333333333
172.355171	0.248958333333333
172.3717881	0.248958333333333
172.3884059	0.248958333333333
172.4052361	0.248958333333333
172.4218643	0.248958333333333
172.438802	0.248958333333333
172.455378	0.248958333333333
172.4717162	0.248958333333333
172.4886508	0.248958333333333
172.5052978	0.248958333333333
172.5215174	0.248958333333333
172.5387648	0.248958333333333
172.5553146	0.248958333333333
172.571281	0.248958333333333
172.5883163	0.248958333333333
172.6054562	0.248958333333333
172.6218836	0.248958333333333
172.6386511	0.248958333333333
172.6551367	0.248958333333333
172.6716274	0.248958333333333
172.6885366	0.248958333333333
172.7050098	0.248958333333333
172.7213724	0.248958333333333
172.738127	0.248958333333333
172.7553218	0.248958333333333
172.7718429	0.248958333333333
172.7885981	0.248958333333333
172.8053358	0.248958333333333
172.8217991	0.248958333333333
172.8386232	0.248958333333333
172.8550038	0.248958333333333
172.8718976	0.248958333333333
172.8885019	0.248958333333333
172.9051127	0.248958333333333
172.9214173	0.248958333333333
172.9383246	0.248958333333333
172.9548402	0.248958333333333
172.971357	0.248958333333333
172.9883079	0.248958333333333
173.0052096	0.248958333333333
173.0218867	0.248958333333333
173.0384516	0.248958333333333
173.0552764	0.248958333333333
173.0715247	0.248958333333333
173.0886846	0.248958333333333
173.1052163	0.248958333333333
173.1214359	0.248958333333333
173.1388072	0.248958333333333
173.1553461	0.248958333333333
173.1715749	0.248958333333333
173.1886195	0.248958333333333
173.209647	0.248958333333333
173.2219823	0.248958333333333
173.2385131	0.248958333333333
173.2552459	0.248958333333333
173.271842	0.248958333333333
173.288323	0.248958333333333
173.3052313	0.248958333333333
173.3214373	0.248958333333333
173.3380562	0.248958333333333
173.3552428	0.248958333333333
173.3713856	0.248958333333333
173.3885294	0.248958333333333
173.4051567	0.248958333333333
173.4224252	0.248958333333333
173.4383064	0.248958333333333
173.4551921	0.248958333333333
173.4717576	0.248958333333333
173.4884446	0.248958333333333
173.5052077	0.248958333333333
173.521755	0.248958333333333
173.5386196	0.248958333333333
173.555467	0.248958333333333
173.5715626	0.248958333333333
173.5886274	0.248958333333333
173.6054527	0.248958333333333
173.6217427	0.248958333333333
173.6383792	0.248958333333333
173.6551028	0.248958333333333
173.671667	0.248958333333333
173.6885703	0.248958333333333
173.7048649	0.248958333333333
173.7220219	0.248958333333333
173.7387763	0.248958333333333
173.7550335	0.248958333333333
173.7713148	0.248958333333333
173.7884072	0.248958333333333
173.8053688	0.248958333333333
173.8213688	0.248958333333333
173.8386409	0.248958333333333
173.8552775	0.248958333333333
173.8713946	0.248958333333333
173.8887823	0.248958333333333
173.9053768	0.248958333333333
173.9217892	0.248958333333333
173.938466	0.248958333333333
173.9550659	0.248958333333333
173.9717081	0.248958333333333
173.9886324	0.248958333333333
174.0050023	0.248958333333333
174.021638	0.248958333333333
174.0386373	0.248958333333333
174.0556757	0.248958333333333
174.0717368	0.248958333333333
174.0883847	0.248958333333333
174.1052002	0.248958333333333
174.1213158	0.248958333333333
174.1383961	0.248958333333333
174.1549053	0.248958333333333
174.1714008	0.248958333333333
174.188648	0.248958333333333
174.2048153	0.248958333333333
174.2217957	0.248958333333333
174.2385881	0.248958333333333
174.2551195	0.248958333333333
174.2718442	0.248958333333333
174.2889489	0.248958333333333
174.3050971	0.248958333333333
174.3219002	0.248958333333333
174.3389201	0.248958333333333
174.3553012	0.248958333333333
174.3718219	0.248958333333333
174.3883016	0.248958333333333
174.4047627	0.248958333333333
174.4217967	0.248958333333333
174.4385227	0.248958333333333
174.4550206	0.248958333333333
174.4719604	0.248958333333333
174.4886192	0.248958333333333
174.5052115	0.248958333333333
174.5215579	0.248958333333333
174.5383119	0.248958333333333
174.5550675	0.248958333333333
174.5718445	0.248958333333333
174.5884202	0.248958333333333
174.6050147	0.248958333333333
174.6218121	0.248958333333333
174.6385888	0.248958333333333
174.6552957	0.248958333333333
174.6713932	0.248958333333333
174.6882174	0.248958333333333
174.7051559	0.248958333333333
174.7220317	0.248958333333333
174.7383419	0.248958333333333
174.7550999	0.248958333333333
174.7717181	0.248958333333333
174.7883896	0.248958333333333
174.8095682	0.248958333333333
174.8218101	0.248958333333333
174.8385831	0.248958333333333
174.8545351	0.248958333333333
174.8717962	0.248958333333333
174.8880724	0.248958333333333
174.9048788	0.248958333333333
174.9215598	0.248958333333333
174.9387875	0.248958333333333
174.9551634	0.248958333333333
174.9720744	0.248958333333333
174.9883685	0.248958333333333
175.004993	0.248958333333333
175.0216924	0.248958333333333
175.0383177	0.248958333333333
175.0551011	0.248958333333333
175.071733	0.248958333333333
175.0883803	0.248958333333333
175.1050633	0.248958333333333
175.1219496	0.248958333333333
175.1383583	0.248958333333333
175.1552531	0.248958333333333
175.1717055	0.248958333333333
175.1881775	0.248958333333333
175.2052191	0.248958333333333
175.2218217	0.248958333333333
175.2380994	0.248958333333333
175.255219	0.248958333333333
175.2717	0.248958333333333
175.2882232	0.248958333333333
175.3054195	0.248958333333333
175.3215412	0.248958333333333
175.3388043	0.248958333333333
175.3552005	0.248958333333333
175.3715397	0.248958333333333
175.3884164	0.248958333333333
175.405286	0.248958333333333
175.4218655	0.248958333333333
175.4384357	0.248958333333333
175.4550055	0.248958333333333
175.4718574	0.248958333333333
175.4887291	0.248958333333333
175.5053816	0.248958333333333
175.5213124	0.248958333333333
175.5382838	0.248958333333333
175.5548039	0.248958333333333
175.5719475	0.248958333333333
175.5881542	0.248958333333333
175.6053859	0.248958333333333
175.6212323	0.248958333333333
175.638307	0.248958333333333
175.655085	0.248958333333333
175.6717843	0.248958333333333
175.6884871	0.248958333333333
175.704891	0.248958333333333
175.7215642	0.248958333333333
175.738422	0.248958333333333
175.7552205	0.248958333333333
175.7710672	0.248958333333333
175.7882419	0.248958333333333
175.8052155	0.248958333333333
175.8213564	0.248958333333333
175.8385011	0.248958333333333
175.8553137	0.248958333333333
175.8719573	0.248958333333333
175.8884449	0.248958333333333
175.9052648	0.248958333333333
175.9217345	0.248958333333333
175.9385582	0.248958333333333
175.9552509	0.248958333333333
175.9714393	0.248958333333333
175.9879176	0.248958333333333
176.0047796	0.248958333333333
176.0216332	0.248958333333333
176.0380964	0.248958333333333
176.0551438	0.248958333333333
176.0717118	0.248958333333333
176.0882676	0.248958333333333
176.1047754	0.248958333333333
176.1213046	0.248958333333333
176.1386274	0.248958333333333
176.1548935	0.248958333333333
176.1713103	0.248958333333333
176.1883012	0.248958333333333
176.2049257	0.248958333333333
176.2214787	0.248958333333333
176.2386964	0.248958333333333
176.2550315	0.248958333333333
176.2715342	0.248958333333333
176.2883992	0.248958333333333
176.305714	0.248958333333333
176.3212575	0.248958333333333
176.3382062	0.248958333333333
176.3552869	0.248958333333333
176.3719187	0.248958333333333
176.3881742	0.248958333333333
176.4049937	0.248958333333333
176.421669	0.248958333333333
176.4380935	0.248958333333333
176.4551913	0.248958333333333
176.4711817	0.248958333333333
176.4885497	0.248958333333333
176.5052032	0.248958333333333
176.5221183	0.248958333333333
176.5380739	0.248958333333333
176.5551583	0.248958333333333
176.5715831	0.248958333333333
176.5884726	0.248958333333333
176.6052184	0.248958333333333
176.6213014	0.248958333333333
176.6381233	0.248958333333333
176.655163	0.248958333333333
176.671473	0.248958333333333
176.6883868	0.248958333333333
176.7049648	0.248958333333333
176.721276	0.248958333333333
176.7383892	0.248958333333333
176.7550626	0.248958333333333
176.7715924	0.248958333333333
176.7882381	0.248958333333333
176.8050924	0.248958333333333
176.8219442	0.248958333333333
176.8382525	0.248958333333333
176.8549221	0.248958333333333
176.871136	0.248958333333333
176.8884517	0.248958333333333
176.9050295	0.248958333333333
176.9215977	0.248958333333333
176.9382563	0.248958333333333
176.9547894	0.248958333333333
176.9711953	0.248958333333333
176.9884383	0.248958333333333
177.0050034	0.248958333333333
177.0216301	0.248958333333333
177.0381373	0.248958333333333
177.05503	0.248958333333333
177.0713963	0.248958333333333
177.0883778	0.248958333333333
177.1050425	0.248958333333333
177.1212581	0.248958333333333
177.1385086	0.248958333333333
177.1549175	0.248958333333333
177.171165	0.248958333333333
177.1883585	0.248958333333333
177.2049516	0.248958333333333
177.2214401	0.248958333333333
177.2387273	0.248958333333333
177.2550253	0.248958333333333
177.2718178	0.248958333333333
177.2885108	0.248958333333333
177.3051459	0.248958333333333
177.3214313	0.248958333333333
177.3382825	0.248958333333333
177.3554334	0.248958333333333
177.371423	0.248958333333333
177.3884033	0.248958333333333
177.4049042	0.248958333333333
177.4215241	0.248958333333333
177.4380828	0.248958333333333
177.4550195	0.248958333333333
177.4714247	0.248958333333333
177.4885482	0.248958333333333
177.5052296	0.248958333333333
177.5214844	0.248958333333333
177.5384204	0.248958333333333
177.5550903	0.248958333333333
177.5716663	0.248958333333333
177.5881397	0.248958333333333
177.6048633	0.248958333333333
177.6217879	0.248958333333333
177.6385258	0.248958333333333
177.6549137	0.248958333333333
177.6714874	0.248958333333333
177.6883032	0.248958333333333
177.7050353	0.248958333333333
177.7219092	0.248958333333333
177.7386481	0.248958333333333
177.754907	0.248958333333333
177.7716108	0.248958333333333
177.7884861	0.248958333333333
177.8047573	0.248958333333333
177.8214458	0.248958333333333
177.8382265	0.248958333333333
177.854839	0.248958333333333
177.8716342	0.248958333333333
177.8884171	0.248958333333333
177.905077	0.248958333333333
177.9212365	0.248958333333333
177.9383979	0.248958333333333
177.9554243	0.248958333333333
177.9712882	0.248958333333333
177.9883775	0.248958333333333
178.0050497	0.248958333333333
178.0217025	0.248958333333333
178.0382782	0.248958333333333
178.0547469	0.248958333333333
178.0714122	0.248958333333333
178.0880764	0.248958333333333
178.1048531	0.248958333333333
178.1218064	0.248958333333333
178.1383695	0.248958333333333
178.1549928	0.248958333333333
178.1714783	0.248958333333333
178.1881954	0.248958333333333
178.2051086	0.248958333333333
178.2212637	0.248958333333333
178.2383165	0.248958333333333
178.2548266	0.248958333333333
178.2717148	0.248958333333333
178.2882679	0.248958333333333
178.3046957	0.248958333333333
178.321422	0.248958333333333
178.3385251	0.248958333333333
178.354593	0.248958333333333
178.3717937	0.248958333333333
178.3882955	0.248958333333333
178.404837	0.248958333333333
178.4215854	0.248958333333333
178.4380917	0.248958333333333
178.4548892	0.248958333333333
178.4714876	0.248958333333333
178.4882391	0.248958333333333
178.5050703	0.248958333333333
178.5214996	0.248958333333333
178.5383379	0.248958333333333
178.5550542	0.248958333333333
178.5714051	0.248958333333333
178.5880224	0.248958333333333
178.6048028	0.248958333333333
178.6217927	0.248958333333333
178.6381996	0.248958333333333
178.6547992	0.248958333333333
178.6712269	0.248958333333333
178.6882194	0.248958333333333
178.7047217	0.248958333333333
178.7212616	0.248958333333333
178.7383322	0.248958333333333
178.7550486	0.248958333333333
178.7714373	0.248958333333333
178.7882949	0.248958333333333
178.8051232	0.248958333333333
178.8217844	0.248958333333333
178.8383726	0.248958333333333
178.854818	0.248958333333333
178.8717761	0.248958333333333
178.888487	0.248958333333333
178.9048261	0.248958333333333
178.9219019	0.248958333333333
178.9381498	0.248958333333333
178.9548623	0.248958333333333
178.9715429	0.248958333333333
178.987935	0.248958333333333
179.0047195	0.248958333333333
179.0215209	0.248958333333333
179.0382779	0.248958333333333
179.0546479	0.248958333333333
179.0716531	0.248958333333333
179.088238	0.248958333333333
179.1049455	0.248958333333333
179.1218089	0.248958333333333
179.1379268	0.248958333333333
179.1545502	0.248958333333333
179.1713833	0.248958333333333
179.1880645	0.248958333333333
179.2046311	0.248958333333333
179.2215706	0.248958333333333
179.2384092	0.248958333333333
179.2545592	0.248958333333333
179.2717159	0.248958333333333
179.2880851	0.248958333333333
179.3045535	0.248958333333333
179.3213914	0.248958333333333
179.3380582	0.248958333333333
179.3546211	0.248958333333333
179.3715454	0.248958333333333
179.3882566	0.248958333333333
179.4051645	0.248958333333333
179.4213242	0.248958333333333
179.4383481	0.248958333333333
179.4547085	0.248958333333333
179.471705	0.248958333333333
179.4883206	0.248958333333333
179.504709	0.248958333333333
179.5217395	0.248958333333333
179.5383797	0.248958333333333
179.5543956	0.248958333333333
179.5713705	0.248958333333333
179.5887692	0.248958333333333
179.6046019	0.248958333333333
179.6215107	0.248958333333333
179.6383619	0.248958333333333
179.6546396	0.248958333333333
179.671668	0.248958333333333
179.6884788	0.248958333333333
179.7044953	0.248958333333333
179.7216668	0.248958333333333
179.738268	0.248958333333333
179.7545373	0.248958333333333
179.7715286	0.248958333333333
179.787982	0.248958333333333
179.8052724	0.248958333333333
179.8216477	0.248958333333333
179.838296	0.248958333333333
179.8545332	0.248958333333333
179.8711865	0.248958333333333
179.8880348	0.248958333333333
179.9046231	0.248958333333333
179.9217022	0.248958333333333
179.9383065	0.248958333333333
179.9547718	0.248958333333333
179.971551	0.248958333333333
179.9886748	0.248958333333333
180.0046953	0.248958333333333
180.0218042	0.248958333333333
180.0382715	0.248958333333333
180.0544955	0.248958333333333
180.0717279	0.248958333333333
180.0883968	0.248958333333333
180.1045043	0.248958333333333
180.1218782	0.248958333333333
180.1381693	0.248958333333333
180.1548788	0.248958333333333
180.171342	0.248958333333333
180.18803	0.248958333333333
180.2046213	0.248958333333333
180.221702	0.248958333333333
180.2381806	0.248958333333333
180.2549807	0.248958333333333
180.271763	0.248958333333333
180.2894996	0.248958333333333
180.3046731	0.248958333333333
180.3214268	0.248958333333333
180.3383941	0.248958333333333
180.3545089	0.248958333333333
180.3715476	0.248958333333333
180.3881668	0.248958333333333
180.4045269	0.248958333333333
180.4216922	0.248958333333333
180.438221	0.248958333333333
180.4550448	0.248958333333333
180.4714038	0.248958333333333
180.4882482	0.248958333333333
180.5046569	0.248958333333333
180.5213512	0.248958333333333
180.5383694	0.248958333333333
180.5544971	0.248958333333333
180.571177	0.248958333333333
180.5880841	0.248958333333333
180.6045825	0.248958333333333
180.6213888	0.248958333333333
180.6382753	0.248958333333333
180.6546836	0.248958333333333
180.6712271	0.248958333333333
180.6888197	0.248958333333333
180.704781	0.248958333333333
180.721367	0.248958333333333
180.7380844	0.248958333333333
180.7549109	0.248958333333333
180.7717016	0.248958333333333
180.7882983	0.248958333333333
180.8050791	0.248958333333333
180.8214486	0.248958333333333
180.8381292	0.248958333333333
180.8549379	0.248958333333333
180.8715076	0.248958333333333
180.8883072	0.248958333333333
180.9052454	0.248958333333333
180.9213789	0.248958333333333
180.9383727	0.248958333333333
180.9551334	0.248958333333333
180.9712531	0.248958333333333
180.9885017	0.248958333333333
181.0049439	0.248958333333333
181.0212888	0.248958333333333
181.0381963	0.248958333333333
181.0549228	0.248958333333333
181.0712233	0.248958333333333
181.0882467	0.248958333333333
181.1049873	0.248958333333333
181.1213259	0.248958333333333
181.138188	0.248958333333333
181.1548791	0.248958333333333
181.1712959	0.248958333333333
181.1881842	0.248958333333333
181.2048509	0.248958333333333
181.221817	0.248958333333333
181.2383256	0.248958333333333
181.2545888	0.248958333333333
181.2711383	0.248958333333333
181.2881026	0.248958333333333
181.3050051	0.248958333333333
181.3212758	0.248958333333333
181.3381714	0.248958333333333
181.354959	0.248958333333333
181.3713302	0.248958333333333
181.3878889	0.248958333333333
181.4047631	0.248958333333333
181.4214123	0.248958333333333
181.438166	0.248958333333333
181.4544026	0.248958333333333
181.4711848	0.248958333333333
181.4881005	0.248958333333333
181.5048902	0.248958333333333
181.5212241	0.248958333333333
181.5381667	0.248958333333333
181.5546899	0.248958333333333
181.5714292	0.248958333333333
181.5878997	0.248958333333333
181.6048565	0.248958333333333
181.6213928	0.248958333333333
181.6380762	0.248958333333333
181.6545787	0.248958333333333
181.6712399	0.248958333333333
181.6882667	0.248958333333333
181.7048611	0.248958333333333
181.7211702	0.248958333333333
181.7381507	0.248958333333333
181.754627	0.248958333333333
181.7712687	0.248958333333333
181.7882255	0.248958333333333
181.8049264	0.248958333333333
181.8214054	0.248958333333333
181.8383236	0.248958333333333
181.8546339	0.248958333333333
181.8713123	0.248958333333333
181.8884477	0.248958333333333
181.9045095	0.248958333333333
181.9216716	0.248958333333333
181.9382995	0.248958333333333
181.9545186	0.248958333333333
181.9711256	0.248958333333333
181.9881001	0.248958333333333
182.0047242	0.248958333333333
182.0211447	0.248958333333333
182.0382892	0.248958333333333
182.0546812	0.248958333333333
182.0718146	0.248958333333333
182.0880372	0.248958333333333
182.1048963	0.248958333333333
182.1211154	0.248958333333333
182.1381005	0.248958333333333
182.1546222	0.248958333333333
182.1716264	0.248958333333333
182.1880814	0.248958333333333
182.2049657	0.248958333333333
182.2215978	0.248958333333333
182.2380973	0.248958333333333
182.2548393	0.248958333333333
182.2715752	0.248958333333333
182.2882394	0.248958333333333
182.3047666	0.248958333333333
182.32157	0.248958333333333
182.3383498	0.248958333333333
182.3547776	0.248958333333333
182.3713328	0.248958333333333
182.3881504	0.248958333333333
182.4048604	0.248958333333333
182.4212361	0.248958333333333
182.4381646	0.248958333333333
182.454894	0.248958333333333
182.4714668	0.248958333333333
182.4881598	0.248958333333333
182.504974	0.248958333333333
182.5215809	0.248958333333333
182.5380497	0.248958333333333
182.5549034	0.248958333333333
182.5711331	0.248958333333333
182.5882012	0.248958333333333
182.6048981	0.248958333333333
182.6216308	0.248958333333333
182.6378637	0.248958333333333
182.6545651	0.248958333333333
182.6715903	0.248958333333333
182.6880815	0.248958333333333
182.7045253	0.248958333333333
182.721541	0.248958333333333
182.7380139	0.248958333333333
182.7554643	0.248958333333333
182.771699	0.248958333333333
182.7880956	0.248958333333333
182.8054989	0.248958333333333
182.8211908	0.248958333333333
182.8380128	0.248958333333333
182.854739	0.248958333333333
182.8715598	0.248958333333333
182.8880296	0.248958333333333
182.9046335	0.248958333333333
182.9214065	0.248958333333333
182.9377708	0.248958333333333
182.9546637	0.248958333333333
182.9714257	0.248958333333333
182.9881059	0.248958333333333
183.0048829	0.248958333333333
183.0210021	0.248958333333333
183.0380651	0.248958333333333
183.054905	0.248958333333333
183.0715369	0.248958333333333
183.0878645	0.248958333333333
183.1044738	0.248958333333333
183.1209573	0.248958333333333
183.1379031	0.248958333333333
183.1549413	0.248958333333333
183.1711074	0.248958333333333
183.1880674	0.248958333333333
183.2051778	0.248958333333333
183.2218583	0.248958333333333
183.2381957	0.248958333333333
183.2551221	0.248958333333333
183.2714774	0.248958333333333
183.2879763	0.248958333333333
183.3047719	0.248958333333333
183.3212398	0.248958333333333
183.3380515	0.248958333333333
183.355268	0.248958333333333
183.3717151	0.248958333333333
183.3882603	0.248958333333333
183.4042338	0.248958333333333
183.4213514	0.248958333333333
183.4380434	0.248958333333333
183.4544997	0.248958333333333
183.4713829	0.248958333333333
183.4880417	0.248958333333333
183.5046861	0.248958333333333
183.5216503	0.248958333333333
183.5379853	0.248958333333333
183.5545711	0.248958333333333
183.5712053	0.248958333333333
183.5883044	0.248958333333333
183.6042044	0.248958333333333
183.6212015	0.248958333333333
183.6378657	0.248958333333333
183.6544514	0.248958333333333
183.6718236	0.248958333333333
183.6879117	0.248958333333333
183.7048082	0.248958333333333
183.7214099	0.248958333333333
183.7381947	0.248958333333333
183.7545356	0.248958333333333
183.7713432	0.248958333333333
183.7879297	0.248958333333333
183.8044565	0.248958333333333
183.8213525	0.248958333333333
183.8380825	0.248958333333333
183.8545226	0.248958333333333
183.8714548	0.248958333333333
183.8880473	0.248958333333333
183.9047515	0.248958333333333
183.921111	0.248958333333333
183.9383383	0.248958333333333
183.9545427	0.248958333333333
183.9710733	0.248958333333333
183.9881765	0.248958333333333
184.0050168	0.248958333333333
184.0210216	0.248958333333333
184.0380342	0.248958333333333
184.0545276	0.248958333333333
184.0711476	0.248958333333333
184.0878185	0.248958333333333
184.1048399	0.248958333333333
184.1217397	0.248958333333333
184.1378082	0.248958333333333
184.1545211	0.248958333333333
184.171433	0.248958333333333
184.1883968	0.248958333333333
184.2048909	0.248958333333333
184.2214472	0.248958333333333
184.2379255	0.248958333333333
184.2545961	0.248958333333333
184.2715596	0.248958333333333
184.2882238	0.248958333333333
184.3049357	0.248958333333333
184.3214846	0.248958333333333
184.3378553	0.248958333333333
184.3544811	0.248958333333333
184.3716123	0.248958333333333
184.3878033	0.248958333333333
184.4049147	0.248958333333333
184.4211365	0.248958333333333
184.4381038	0.248958333333333
184.4546462	0.248958333333333
184.4715084	0.248958333333333
184.488293	0.248958333333333
184.5048103	0.248958333333333
184.5212224	0.248958333333333
184.5381072	0.248958333333333
184.5549075	0.248958333333333
184.5715054	0.248958333333333
184.5882398	0.248958333333333
184.6048979	0.248958333333333
184.6215098	0.248958333333333
184.6384446	0.248958333333333
184.6549645	0.248958333333333
184.6714997	0.248958333333333
184.6880338	0.248958333333333
184.7047824	0.248958333333333
184.7215747	0.248958333333333
184.7382214	0.248958333333333
184.7543767	0.248958333333333
184.7712407	0.248958333333333
184.7879378	0.248958333333333
184.8049288	0.248958333333333
184.8218189	0.248958333333333
184.8381252	0.248958333333333
184.8548804	0.248958333333333
184.8715968	0.248958333333333
184.888105	0.248958333333333
184.904961	0.248958333333333
184.9214522	0.248958333333333
184.9380376	0.248958333333333
184.9548754	0.248958333333333
184.97139	0.248958333333333
184.9879717	0.248958333333333
185.0044039	0.248958333333333
185.0216349	0.248958333333333
185.037944	0.248958333333333
185.0549852	0.248958333333333
185.071409	0.248958333333333
185.0879431	0.248958333333333
185.1047627	0.248958333333333
185.1216286	0.248958333333333
185.1381171	0.248958333333333
185.1547808	0.248958333333333
185.1715503	0.248958333333333
185.1882503	0.248958333333333
185.2048143	0.248958333333333
185.2210773	0.248958333333333
185.2379357	0.248958333333333
185.2544234	0.248958333333333
185.2715202	0.248958333333333
185.287682	0.248958333333333
185.3050113	0.248958333333333
185.3213497	0.248958333333333
185.3377769	0.248958333333333
185.3544257	0.248958333333333
185.3711111	0.248958333333333
185.3883796	0.248958333333333
185.404947	0.248958333333333
185.4211749	0.248958333333333
185.437884	0.248958333333333
185.4548635	0.248958333333333
185.4713929	0.248958333333333
185.4879828	0.248958333333333
185.505089	0.248958333333333
185.5214743	0.248958333333333
185.5380508	0.248958333333333
185.5551383	0.248958333333333
185.571459	0.248958333333333
185.5878203	0.248958333333333
185.6045492	0.248958333333333
185.6215841	0.248958333333333
185.6380463	0.248958333333333
185.6546611	0.248958333333333
185.6714884	0.248958333333333
185.6881287	0.248958333333333
185.704893	0.248958333333333
185.7215603	0.248958333333333
185.7375409	0.248958333333333
185.7547725	0.248958333333333
185.7711117	0.248958333333333
185.7880102	0.248958333333333
185.8051056	0.248958333333333
185.8210892	0.248958333333333
185.837927	0.248958333333333
185.8548408	0.248958333333333
185.8716994	0.248958333333333
185.8879149	0.248958333333333
185.9044788	0.248958333333333
185.9214391	0.248958333333333
185.937849	0.248958333333333
185.9548826	0.248958333333333
185.9714245	0.248958333333333
185.9881547	0.248958333333333
186.0048959	0.248958333333333
186.0219381	0.248958333333333
186.0382217	0.248958333333333
186.054634	0.248958333333333
186.0713507	0.248958333333333
186.0880057	0.248958333333333
186.1045507	0.248958333333333
186.1214175	0.248958333333333
186.1380397	0.248958333333333
186.1549849	0.248958333333333
186.1715101	0.248958333333333
186.1878972	0.248958333333333
186.2045483	0.248958333333333
186.2214735	0.248958333333333
186.2382323	0.248958333333333
186.2549325	0.248958333333333
186.2716122	0.248958333333333
186.2877202	0.248958333333333
186.3049038	0.248958333333333
186.3210337	0.248958333333333
186.3378027	0.248958333333333
186.3548585	0.248958333333333
186.3711125	0.248958333333333
186.3880819	0.248958333333333
186.4048812	0.248958333333333
186.4212512	0.248958333333333
186.4379591	0.248958333333333
186.4547575	0.248958333333333
186.4716673	0.248958333333333
186.4878966	0.248958333333333
186.5049044	0.248958333333333
186.5210956	0.248958333333333
186.5378415	0.248958333333333
186.5544893	0.248958333333333
186.5715473	0.248958333333333
186.5877936	0.248958333333333
186.6048042	0.248958333333333
186.6216593	0.248958333333333
186.6379651	0.248958333333333
186.6547586	0.248958333333333
186.6715051	0.248958333333333
186.6877811	0.248958333333333
186.7047678	0.248958333333333
186.7212444	0.248958333333333
186.7374516	0.248958333333333
186.7543407	0.248958333333333
186.77105	0.248958333333333
186.7880674	0.248958333333333
186.804843	0.248958333333333
186.8215206	0.248958333333333
186.8377713	0.248958333333333
186.8544614	0.248958333333333
186.8716987	0.248958333333333
186.8878971	0.248958333333333
186.9048786	0.248958333333333
186.921225	0.248958333333333
186.9377077	0.248958333333333
186.9544383	0.248958333333333
186.9714367	0.248958333333333
186.9876009	0.248958333333333
187.0050399	0.248958333333333
187.0219037	0.248958333333333
187.0376036	0.248958333333333
187.0542396	0.248958333333333
187.0714556	0.248958333333333
187.0878799	0.248958333333333
187.1047065	0.248958333333333
187.1215185	0.248958333333333
187.1380298	0.248958333333333
187.1544069	0.248958333333333
187.1714537	0.248958333333333
187.1880205	0.248958333333333
187.204637	0.248958333333333
187.2212535	0.248958333333333
187.2376547	0.248958333333333
187.2544393	0.248958333333333
187.2715011	0.248958333333333
187.2876059	0.248958333333333
187.3044551	0.248958333333333
187.321439	0.248958333333333
187.3379143	0.248958333333333
187.3546851	0.248958333333333
187.3714078	0.248958333333333
187.3874795	0.248958333333333
187.4049426	0.248958333333333
187.4214695	0.248958333333333
187.4374903	0.248958333333333
187.4544345	0.248958333333333
187.4714356	0.248958333333333
187.4879531	0.248958333333333
187.5042554	0.248958333333333
187.5216808	0.248958333333333
187.5375909	0.248958333333333
187.5543222	0.248958333333333
187.5713076	0.248958333333333
187.5879744	0.248958333333333
187.6048298	0.248958333333333
187.6214275	0.248958333333333
187.6379661	0.248958333333333
187.65434	0.248958333333333
187.6710586	0.248958333333333
187.688	0.248958333333333
187.7042442	0.248958333333333
187.7212883	0.248958333333333
187.7379126	0.248958333333333
187.7542227	0.248958333333333
187.7712767	0.248958333333333
187.7878274	0.248958333333333
187.8049394	0.248958333333333
187.8212509	0.248958333333333
187.8380153	0.248958333333333
187.8546005	0.248958333333333
187.8713839	0.248958333333333
187.8879164	0.248958333333333
187.9044848	0.248958333333333
187.9210411	0.248958333333333
187.9392102	0.248958333333333
187.954755	0.248958333333333
187.9713442	0.248958333333333
187.9876509	0.248958333333333
188.0047785	0.248958333333333
188.0213498	0.248958333333333
188.0380686	0.248958333333333
188.0545015	0.248958333333333
188.0710274	0.248958333333333
188.0878531	0.248958333333333
188.1047616	0.248958333333333
188.1213668	0.248958333333333
188.1378605	0.248958333333333
188.1544794	0.248958333333333
188.1711201	0.248958333333333
188.1874428	0.248958333333333
188.2046278	0.248958333333333
188.2215525	0.248958333333333
188.237648	0.248958333333333
188.2543212	0.248958333333333
188.2720139	0.248958333333333
188.2875761	0.248958333333333
188.3048606	0.248958333333333
188.3212386	0.248958333333333
188.3378414	0.248958333333333
188.3544556	0.248958333333333
188.3737037	0.248958333333333
188.3875856	0.248958333333333
188.4045796	0.248958333333333
188.420962	0.248958333333333
188.4379652	0.248958333333333
188.4546898	0.248958333333333
188.4714306	0.248958333333333
188.4877005	0.248958333333333
188.5048818	0.248958333333333
188.5215287	0.248958333333333
188.5376498	0.248958333333333
188.554899	0.248958333333333
188.5714285	0.248958333333333
188.5879074	0.248958333333333
188.604651	0.248958333333333
188.6209218	0.248958333333333
188.6378546	0.248958333333333
188.6544919	0.248958333333333
188.6711865	0.248958333333333
188.6878802	0.248958333333333
188.7047363	0.248958333333333
188.721199	0.248958333333333
188.7377449	0.248958333333333
188.7545601	0.248958333333333
188.7711153	0.248958333333333
188.787965	0.248958333333333
188.8046499	0.248958333333333
188.8212031	0.248958333333333
188.8373791	0.248958333333333
188.8542049	0.248958333333333
188.8715436	0.248958333333333
188.8879911	0.248958333333333
188.9046301	0.248958333333333
188.9210506	0.248958333333333
188.9377366	0.248958333333333
188.9542301	0.248958333333333
188.9711056	0.248958333333333
188.9876745	0.248958333333333
189.0047787	0.248958333333333
189.0214729	0.248958333333333
189.0378264	0.248958333333333
189.0549815	0.248958333333333
189.0711004	0.248958333333333
189.0879567	0.248958333333333
189.1047464	0.248958333333333
189.120857	0.248958333333333
189.1378682	0.248958333333333
189.1543615	0.248958333333333
189.1712066	0.248958333333333
189.1880733	0.248958333333333
189.2047603	0.248958333333333
189.2214904	0.248958333333333
189.2377868	0.248958333333333
189.2549196	0.248958333333333
189.2715282	0.248958333333333
189.2874733	0.248958333333333
189.3047652	0.248958333333333
189.3212886	0.248958333333333
189.3375869	0.248958333333333
189.3546688	0.248958333333333
189.3713091	0.248958333333333
189.3878398	0.248958333333333
189.4047103	0.248958333333333
189.4208606	0.248958333333333
189.437789	0.248958333333333
189.4546272	0.248958333333333
189.4716493	0.248958333333333
189.4874758	0.248958333333333
189.5045034	0.248958333333333
189.5213742	0.248958333333333
189.537435	0.248958333333333
189.5547137	0.248958333333333
189.5713733	0.248958333333333
189.5874737	0.248958333333333
189.6049074	0.248958333333333
189.621583	0.248958333333333
189.6378212	0.248958333333333
189.6546973	0.248958333333333
189.6712934	0.248958333333333
189.6882266	0.248958333333333
189.704707	0.248958333333333
189.721406	0.248958333333333
189.7379629	0.248958333333333
189.7548076	0.248958333333333
189.7710227	0.248958333333333
189.788013	0.248958333333333
189.8047541	0.248958333333333
189.8212867	0.248958333333333
189.8374915	0.248958333333333
189.8544856	0.248958333333333
189.8713889	0.248958333333333
189.8878459	0.248958333333333
189.9046839	0.248958333333333
189.9211833	0.248958333333333
189.9374531	0.248958333333333
189.9544064	0.248958333333333
189.9711481	0.248958333333333
189.9876561	0.248958333333333
190.0044983	0.248958333333333
190.0213768	0.248958333333333
190.0374987	0.248958333333333
190.0546286	0.248958333333333
190.0710605	0.248958333333333
190.087572	0.248958333333333
190.1046043	0.248958333333333
190.1215905	0.248958333333333
190.1379549	0.248958333333333
190.1552082	0.248958333333333
190.1713573	0.248958333333333
190.187845	0.248958333333333
190.2044246	0.248958333333333
190.2213935	0.248958333333333
190.238381	0.248958333333333
190.2547473	0.248958333333333
190.2716199	0.248958333333333
190.2876033	0.248958333333333
190.3046954	0.248958333333333
190.3213934	0.248958333333333
190.3380909	0.248958333333333
190.3544428	0.248958333333333
190.3713645	0.248958333333333
190.3879163	0.248958333333333
190.4047485	0.248958333333333
190.4211402	0.248958333333333
190.4377627	0.248958333333333
190.4547842	0.248958333333333
190.4713905	0.248958333333333
190.4875164	0.248958333333333
190.5043295	0.248958333333333
190.5212802	0.248958333333333
190.5379626	0.248958333333333
190.5545376	0.248958333333333
190.5715645	0.248958333333333
190.5876698	0.248958333333333
190.604687	0.248958333333333
190.6217622	0.248958333333333
190.6378367	0.248958333333333
190.6544789	0.248958333333333
190.671115	0.248958333333333
190.6880657	0.248958333333333
190.7045181	0.248958333333333
190.7210328	0.248958333333333
190.7375382	0.248958333333333
190.7543165	0.248958333333333
190.7712376	0.248958333333333
190.787637	0.248958333333333
190.8046998	0.248958333333333
190.821158	0.248958333333333
190.837785	0.248958333333333
190.8546911	0.248958333333333
190.8714974	0.248958333333333
190.8879591	0.248958333333333
190.9045165	0.248958333333333
190.9210746	0.248958333333333
190.9380988	0.248958333333333
190.9544664	0.248958333333333
190.9709588	0.248958333333333
190.9878817	0.248958333333333
191.0045711	0.248958333333333
191.0213691	0.248958333333333
191.0383107	0.248958333333333
191.0541558	0.248958333333333
191.071463	0.248958333333333
191.0878215	0.248958333333333
191.1048219	0.248958333333333
191.1212312	0.248958333333333
191.1381498	0.248958333333333
191.1543855	0.248958333333333
191.1711679	0.248958333333333
191.1875135	0.248958333333333
191.2041341	0.248958333333333
191.2212645	0.248958333333333
191.2375271	0.248958333333333
191.2542484	0.248958333333333
191.2708109	0.248958333333333
191.288191	0.248958333333333
191.3043644	0.248958333333333
191.3212821	0.248958333333333
191.3380191	0.248958333333333
191.3546058	0.248958333333333
191.371145	0.248958333333333
191.3877869	0.248958333333333
191.4047024	0.248958333333333
191.4212451	0.248958333333333
191.4380058	0.248958333333333
191.4546665	0.248958333333333
191.4706056	0.248958333333333
191.4877499	0.248958333333333
191.5042757	0.248958333333333
191.5210923	0.248958333333333
191.5376739	0.248958333333333
191.5545233	0.248958333333333
191.5714612	0.248958333333333
191.5880186	0.248958333333333
191.6046424	0.248958333333333
191.6212548	0.248958333333333
191.6379152	0.248958333333333
191.6547019	0.248958333333333
191.6714553	0.248958333333333
191.6874633	0.248958333333333
191.7046663	0.248958333333333
191.7211304	0.248958333333333
191.7381339	0.248958333333333
191.75465	0.248958333333333
191.7712269	0.248958333333333
191.7878818	0.248958333333333
191.8046322	0.248958333333333
191.8212836	0.248958333333333
191.8376954	0.248958333333333
191.8543826	0.248958333333333
191.8711606	0.248958333333333
191.8882246	0.248958333333333
191.9046631	0.248958333333333
191.9211633	0.248958333333333
191.9380719	0.248958333333333
191.9548825	0.248958333333333
191.9709044	0.248958333333333
191.9878456	0.248958333333333
192.0048023	0.248958333333333
192.0209313	0.248958333333333
192.0379381	0.248958333333333
192.0541865	0.248958333333333
192.0712843	0.248958333333333
192.0877455	0.248958333333333
192.1045243	0.248958333333333
192.1210942	0.248958333333333
192.1379179	0.248958333333333
192.1548324	0.248958333333333
192.1709044	0.248958333333333
192.1876007	0.248958333333333
192.2041112	0.248958333333333
192.2208849	0.248958333333333
192.237762	0.248958333333333
192.2547481	0.248958333333333
192.2707636	0.248958333333333
192.2878038	0.248958333333333
192.3045251	0.248958333333333
192.3212278	0.248958333333333
192.3382729	0.248958333333333
192.3547525	0.248958333333333
192.371253	0.248958333333333
192.3878556	0.248958333333333
192.4047259	0.248958333333333
192.4213289	0.248958333333333
192.4379288	0.248958333333333
192.4545828	0.248958333333333
192.4714058	0.248958333333333
192.4876187	0.248958333333333
192.5044499	0.248958333333333
192.5211746	0.248958333333333
192.5376757	0.248958333333333
192.5543764	0.248958333333333
192.5710589	0.248958333333333
192.5874534	0.248958333333333
192.6046899	0.248958333333333
192.6211956	0.248958333333333
192.6375045	0.248958333333333
192.6543933	0.248958333333333
192.6708102	0.248958333333333
192.6877295	0.248958333333333
192.7046035	0.248958333333333
192.7211697	0.248958333333333
192.7377512	0.248958333333333
192.7545422	0.248958333333333
192.7709949	0.248958333333333
192.7876381	0.248958333333333
192.8043611	0.248958333333333
192.8211658	0.248958333333333
192.8380609	0.248958333333333
192.8545799	0.248958333333333
192.8714835	0.248958333333333
192.8874883	0.248958333333333
192.9044195	0.248958333333333
192.9214849	0.248958333333333
192.9372637	0.248958333333333
192.954285	0.248958333333333
192.9708974	0.248958333333333
192.9875764	0.248958333333333
193.0040275	0.248958333333333
193.0207052	0.248958333333333
193.0376417	0.248958333333333
193.0543593	0.248958333333333
193.0709398	0.248958333333333
193.0875436	0.248958333333333
193.1042032	0.248958333333333
193.1209268	0.248958333333333
193.1373838	0.248958333333333
193.1537894	0.248958333333333
193.171176	0.248958333333333
193.1875412	0.248958333333333
193.2044489	0.248958333333333
193.2210845	0.248958333333333
193.2378547	0.248958333333333
193.2542412	0.248958333333333
193.2709684	0.248958333333333
193.2876345	0.248958333333333
193.3043245	0.248958333333333
193.3212384	0.248958333333333
193.337563	0.248958333333333
193.3543657	0.248958333333333
193.3712525	0.248958333333333
193.3877036	0.248958333333333
193.4044083	0.248958333333333
193.4206789	0.248958333333333
193.4375425	0.248958333333333
193.4545408	0.248958333333333
193.4712058	0.248958333333333
193.4877648	0.248958333333333
193.5042708	0.248958333333333
193.5209908	0.248958333333333
193.5377213	0.248958333333333
193.554043	0.248958333333333
193.5709799	0.248958333333333
193.5872046	0.248958333333333
193.6044194	0.248958333333333
193.6212046	0.248958333333333
193.6377951	0.248958333333333
193.6545778	0.248958333333333
193.6709713	0.248958333333333
193.687768	0.248958333333333
193.7042417	0.248958333333333
193.721239	0.248958333333333
193.737576	0.248958333333333
193.754487	0.248958333333333
193.7712941	0.248958333333333
193.7880213	0.248958333333333
193.8045693	0.248958333333333
193.8214549	0.248958333333333
193.837983	0.248958333333333
193.8545905	0.248958333333333
193.8713521	0.248958333333333
193.8878651	0.248958333333333
193.9044168	0.248958333333333
193.9208307	0.248958333333333
193.937948	0.248958333333333
193.9544022	0.248958333333333
193.9711537	0.248958333333333
193.9876439	0.248958333333333
194.0047848	0.248958333333333
194.0209266	0.248958333333333
194.0379065	0.248958333333333
194.0541569	0.248958333333333
194.071046	0.248958333333333
194.0878603	0.248958333333333
194.1045207	0.248958333333333
194.1211887	0.248958333333333
194.1373717	0.248958333333333
194.1543035	0.248958333333333
194.1708918	0.248958333333333
194.187841	0.248958333333333
194.2043194	0.248958333333333
194.2212979	0.248958333333333
194.2377079	0.248958333333333
194.2548649	0.248958333333333
194.2706883	0.248958333333333
194.2879738	0.248958333333333
194.3046761	0.248958333333333
194.3211901	0.248958333333333
194.3379203	0.248958333333333
194.3543817	0.248958333333333
194.3712123	0.248958333333333
194.3878901	0.248958333333333
194.4045905	0.248958333333333
194.4209554	0.248958333333333
194.4374847	0.248958333333333
194.4541837	0.248958333333333
194.4710971	0.248958333333333
194.4873666	0.248958333333333
194.5042915	0.248958333333333
194.5212002	0.248958333333333
194.5376834	0.248958333333333
194.5544649	0.248958333333333
194.5712075	0.248958333333333
194.587906	0.248958333333333
194.6044718	0.248958333333333
194.6211361	0.248958333333333
194.6379227	0.248958333333333
194.6543614	0.248958333333333
194.6709774	0.248958333333333
194.687396	0.248958333333333
194.7047064	0.248958333333333
194.7210722	0.248958333333333
194.7379786	0.248958333333333
194.7548295	0.248958333333333
194.7711929	0.248958333333333
194.7877531	0.248958333333333
194.8045738	0.248958333333333
194.8210879	0.248958333333333
194.8374554	0.248958333333333
194.8548294	0.248958333333333
194.8710977	0.248958333333333
194.887874	0.248958333333333
194.9045304	0.248958333333333
194.9209392	0.248958333333333
194.9374887	0.248958333333333
194.9544812	0.248958333333333
194.9709153	0.248958333333333
194.9879537	0.248958333333333
195.0043655	0.248958333333333
195.021084	0.248958333333333
195.0378439	0.248958333333333
195.0546177	0.248958333333333
195.0710844	0.248958333333333
195.0879238	0.248958333333333
195.1044804	0.248958333333333
195.1211426	0.248958333333333
195.1380876	0.248958333333333
195.1546365	0.248958333333333
195.1713377	0.248958333333333
195.1877737	0.248958333333333
195.2044923	0.248958333333333
195.2211762	0.248958333333333
195.2375397	0.248958333333333
195.2541797	0.248958333333333
195.2708994	0.248958333333333
195.2876191	0.248958333333333
195.3044003	0.248958333333333
195.3208955	0.248958333333333
195.3377329	0.248958333333333
195.3544572	0.248958333333333
195.371	0.248958333333333
195.3878881	0.248958333333333
195.4042122	0.248958333333333
195.4209529	0.248958333333333
195.437172	0.248958333333333
195.4536982	0.248958333333333
195.4708323	0.248958333333333
195.4874966	0.248958333333333
195.5044431	0.248958333333333
195.5210505	0.248958333333333
195.5375165	0.248958333333333
195.5539913	0.248958333333333
195.5707195	0.248958333333333
195.5876809	0.248958333333333
195.6043462	0.248958333333333
195.621133	0.248958333333333
195.6379311	0.248958333333333
195.6540969	0.248958333333333
195.6713704	0.248958333333333
195.6879586	0.248958333333333
195.7044862	0.248958333333333
195.7210492	0.248958333333333
195.7377353	0.248958333333333
195.7542624	0.248958333333333
195.7708728	0.248958333333333
195.7877488	0.248958333333333
195.804327	0.248958333333333
195.8208024	0.248958333333333
195.8371707	0.248958333333333
195.8546315	0.248958333333333
195.8711883	0.248958333333333
195.8879333	0.248958333333333
195.9045219	0.248958333333333
195.9209671	0.248958333333333
195.9377464	0.248958333333333
195.9542595	0.248958333333333
195.9709218	0.248958333333333
195.9878389	0.248958333333333
196.0043267	0.248958333333333
196.0208227	0.248958333333333
196.0377878	0.248958333333333
196.0545397	0.248958333333333
196.0705392	0.248958333333333
196.0875711	0.248958333333333
196.1045313	0.248958333333333
196.1209218	0.248958333333333
196.1378282	0.248958333333333
196.1548529	0.248958333333333
196.1710274	0.248958333333333
196.1877579	0.248958333333333
196.2047837	0.248958333333333
196.2210741	0.248958333333333
196.2378075	0.248958333333333
196.2543193	0.248958333333333
196.2709166	0.248958333333333
196.2876616	0.248958333333333
196.3044524	0.248958333333333
196.3204452	0.248958333333333
196.3377872	0.248958333333333
196.3542827	0.248958333333333
196.3705301	0.248958333333333
196.387466	0.248958333333333
196.4043603	0.248958333333333
196.4209683	0.248958333333333
196.4375732	0.248958333333333
196.4546288	0.248958333333333
196.4709572	0.248958333333333
196.4877799	0.248958333333333
196.5044528	0.248958333333333
196.5211855	0.248958333333333
196.5375611	0.248958333333333
196.5545594	0.248958333333333
196.5706882	0.248958333333333
196.5876579	0.248958333333333
196.604356	0.248958333333333
196.6208687	0.248958333333333
196.6374508	0.248958333333333
196.6541573	0.248958333333333
196.6709494	0.248958333333333
196.6878596	0.248958333333333
196.70435	0.248958333333333
196.7209511	0.248958333333333
196.737513	0.248958333333333
196.7542837	0.248958333333333
196.7709415	0.248958333333333
196.7872989	0.248958333333333
196.8044013	0.248958333333333
196.8205687	0.248958333333333
196.8375327	0.248958333333333
196.8542901	0.248958333333333
196.8712208	0.248958333333333
196.8876272	0.248958333333333
196.9042855	0.248958333333333
196.9206055	0.248958333333333
196.937472	0.248958333333333
196.9544193	0.248958333333333
196.9708836	0.248958333333333
196.9884263	0.248958333333333
197.0043838	0.248958333333333
197.0212368	0.248958333333333
197.0371288	0.248958333333333
197.0544263	0.248958333333333
197.0705955	0.248958333333333
197.087577	0.248958333333333
197.1043786	0.248958333333333
197.120465	0.248958333333333
197.1377871	0.248958333333333
197.1544514	0.248958333333333
197.1706965	0.248958333333333
197.1876397	0.248958333333333
197.2046619	0.248958333333333
197.220865	0.248958333333333
197.2375621	0.248958333333333
197.2545998	0.248958333333333
197.2709652	0.248958333333333
197.2876372	0.248958333333333
197.3045663	0.248958333333333
197.320551	0.248958333333333
197.338134	0.248958333333333
197.3540656	0.248958333333333
197.3708608	0.248958333333333
197.3874623	0.248958333333333
197.4044511	0.248958333333333
197.4209121	0.248958333333333
197.4377527	0.248958333333333
197.4545305	0.248958333333333
197.4711529	0.248958333333333
197.4874532	0.248958333333333
197.5046058	0.248958333333333
197.5206641	0.248958333333333
197.5373907	0.248958333333333
197.5544114	0.248958333333333
197.5704624	0.248958333333333
197.587776	0.248958333333333
197.6042709	0.248958333333333
197.6206024	0.248958333333333
197.6374083	0.248958333333333
197.654561	0.248958333333333
197.6708222	0.248958333333333
197.6875611	0.248958333333333
197.7041534	0.248958333333333
197.7202639	0.248958333333333
197.7375842	0.248958333333333
197.7541268	0.248958333333333
197.7704273	0.248958333333333
197.787637	0.248958333333333
197.8044739	0.248958333333333
197.8210774	0.248958333333333
197.8376297	0.248958333333333
197.8542351	0.248958333333333
197.8705399	0.248958333333333
197.8880148	0.248958333333333
197.9043075	0.248958333333333
197.9210994	0.248958333333333
197.93805	0.248958333333333
197.9545033	0.248958333333333
197.9713531	0.248958333333333
197.9873867	0.248958333333333
198.0041761	0.248958333333333
198.0205349	0.248958333333333
198.0377384	0.248958333333333
198.0544215	0.248958333333333
198.0708516	0.248958333333333
198.087727	0.248958333333333
198.1042223	0.248958333333333
198.12083	0.248958333333333
198.1373732	0.248958333333333
198.1545474	0.248958333333333
198.1706162	0.248958333333333
198.1872616	0.248958333333333
198.2040937	0.248958333333333
198.2210475	0.248958333333333
198.2374873	0.248958333333333
198.2542136	0.248958333333333
198.270294	0.248958333333333
198.2871338	0.248958333333333
198.3044472	0.248958333333333
198.3205855	0.248958333333333
198.3375597	0.248958333333333
198.3542606	0.248958333333333
198.3708908	0.248958333333333
198.3878828	0.248958333333333
198.4044115	0.248958333333333
198.4248871	0.248958333333333
198.4375627	0.248958333333333
198.4544757	0.248958333333333
198.4708868	0.248958333333333
198.4876406	0.248958333333333
198.5045169	0.248958333333333
198.5208833	0.248958333333333
198.537576	0.248958333333333
198.5543137	0.248958333333333
198.5710199	0.248958333333333
198.5878204	0.248958333333333
198.6040952	0.248958333333333
198.6207262	0.248958333333333
198.6374689	0.248958333333333
198.65407	0.248958333333333
198.6704496	0.248958333333333
198.6874911	0.248958333333333
198.7041178	0.248958333333333
198.7204468	0.248958333333333
198.7377642	0.248958333333333
198.7541891	0.248958333333333
198.7704251	0.248958333333333
198.7874246	0.248958333333333
198.8041366	0.248958333333333
198.8204962	0.248958333333333
198.8374605	0.248958333333333
198.8546315	0.248958333333333
198.8704527	0.248958333333333
198.8877704	0.248958333333333
198.9044296	0.248958333333333
198.9207324	0.248958333333333
198.937818	0.248958333333333
198.9544134	0.248958333333333
198.9707931	0.248958333333333
198.9875617	0.248958333333333
199.0040632	0.248958333333333
199.0211264	0.248958333333333
199.0373369	0.248958333333333
199.0544368	0.248958333333333
199.0707029	0.248958333333333
199.0875295	0.248958333333333
199.1044417	0.248958333333333
199.120913	0.248958333333333
199.1374268	0.248958333333333
199.1542391	0.248958333333333
199.1709149	0.248958333333333
199.1878205	0.248958333333333
199.2043592	0.248958333333333
199.2205735	0.248958333333333
199.2375059	0.248958333333333
199.2541155	0.248958333333333
199.270679	0.248958333333333
199.2873479	0.248958333333333
199.3047363	0.248958333333333
199.3208511	0.248958333333333
199.3375955	0.248958333333333
199.3547748	0.248958333333333
199.37072	0.248958333333333
199.3875213	0.248958333333333
199.4048278	0.248958333333333
199.420828	0.248958333333333
199.4372895	0.248958333333333
199.4540283	0.248958333333333
199.4708347	0.248958333333333
199.4875231	0.248958333333333
199.5041019	0.248958333333333
199.5209447	0.248958333333333
199.5374207	0.248958333333333
199.55447	0.248958333333333
199.5706252	0.248958333333333
199.5872982	0.248958333333333
199.6043548	0.248958333333333
199.6210615	0.248958333333333
199.6372626	0.248958333333333
199.6540051	0.248958333333333
199.6706335	0.248958333333333
199.6873226	0.248958333333333
199.7043813	0.248958333333333
199.7209888	0.248958333333333
199.7377636	0.248958333333333
199.7546323	0.248958333333333
199.7711467	0.248958333333333
199.7874483	0.248958333333333
199.8043029	0.248958333333333
199.8211221	0.248958333333333
199.8374412	0.248958333333333
199.8542905	0.248958333333333
199.8704417	0.248958333333333
199.8874004	0.248958333333333
199.9043681	0.248958333333333
199.9205237	0.248958333333333
199.9375531	0.248958333333333
199.9542765	0.248958333333333
199.9705619	0.248958333333333
199.98773	0.248958333333333
200.0040852	0.248958333333333
200.0209609	0.248958333333333
200.0375282	0.248958333333333
200.0542629	0.248958333333333
200.0704756	0.248958333333333
200.0875403	0.248958333333333
200.1041673	0.248958333333333
200.1209271	0.248958333333333
200.1376512	0.248958333333333
200.1538626	0.248958333333333
200.1704436	0.248958333333333
200.1876605	0.248958333333333
200.2041953	0.248958333333333
200.220441	0.248958333333333
200.2379629	0.248958333333333
200.2543758	0.248958333333333
200.2707726	0.248958333333333
200.2876223	0.248958333333333
200.3043122	0.248958333333333
200.3210749	0.248958333333333
200.3375319	0.248958333333333
200.3542098	0.248958333333333
200.3709231	0.248958333333333
200.3875694	0.248958333333333
200.403806	0.248958333333333
200.4203614	0.248958333333333
200.4372644	0.248958333333333
200.4544811	0.248958333333333
200.4710031	0.248958333333333
200.4874412	0.248958333333333
200.5043198	0.248958333333333
200.5207758	0.248958333333333
200.5375893	0.248958333333333
200.5543539	0.248958333333333
200.5704651	0.248958333333333
200.5874415	0.248958333333333
200.6042121	0.248958333333333
200.6204527	0.248958333333333
200.6375554	0.248958333333333
200.6541775	0.248958333333333
200.6709516	0.248958333333333
200.6878998	0.248958333333333
200.7043517	0.248958333333333
200.7206571	0.248958333333333
200.7377906	0.258333333333333
200.7540109	0.266666666666667
200.7704649	0.266666666666667
200.7873951	0.266666666666667
200.8041196	0.266666666666667
200.8209746	0.266666666666667
200.8375744	0.266666666666667
200.8538825	0.266666666666667
200.8703676	0.266666666666667
200.887579	0.266666666666667
200.9041123	0.266666666666667
200.9209753	0.266666666666667
200.9377449	0.266666666666667
200.953972	0.266666666666667
200.9704752	0.266666666666667
200.9874208	0.266666666666667
201.003998	0.266666666666667
201.0210246	0.266666666666667
201.0376272	0.266666666666667
201.0541545	0.266666666666667
201.0708017	0.266666666666667
201.0872937	0.266666666666667
201.1037909	0.266666666666667
201.1207794	0.266666666666667
201.137631	0.266666666666667
201.1542692	0.266666666666667
201.1702751	0.266666666666667
201.1872855	0.266666666666667
201.2042894	0.266666666666667
201.2207742	0.266666666666667
201.2372663	0.266666666666667
201.2540764	0.266666666666667
201.2706031	0.266666666666667
201.2872554	0.266666666666667
201.3041008	0.266666666666667
201.3204285	0.266666666666667
201.3372681	0.266666666666667
201.3540177	0.266666666666667
201.3705923	0.266666666666667
201.3868917	0.266666666666667
201.4040215	0.266666666666667
201.4200403	0.266666666666667
201.4370432	0.266666666666667
201.4539477	0.266666666666667
201.4708267	0.266666666666667
201.4876895	0.283333333333333
201.504396	0.283333333333333
201.5207465	0.283333333333333
201.5374374	0.283333333333333
201.5544846	0.291666666666667
201.5708349	0.301041666666667
201.5879382	0.301041666666667
201.6042998	0.301041666666667
201.6201653	0.301041666666667
201.6375444	0.301041666666667
201.6542885	0.301041666666667
201.6712071	0.301041666666667
201.6874093	0.301041666666667
201.7039991	0.301041666666667
201.7209125	0.301041666666667
201.7381792	0.301041666666667
201.7541881	0.301041666666667
201.7709134	0.301041666666667
201.7869038	0.301041666666667
201.8041031	0.301041666666667
201.8207359	0.301041666666667
201.8375597	0.301041666666667
201.8541291	0.301041666666667
201.8705608	0.301041666666667
201.8871045	0.301041666666667
201.9041064	0.301041666666667
201.9208128	0.301041666666667
201.9378709	0.301041666666667
201.9542458	0.301041666666667
201.9707376	0.301041666666667
201.9871548	0.301041666666667
202.0042548	0.301041666666667
202.0210472	0.301041666666667
202.0372847	0.301041666666667
202.0538845	0.301041666666667
202.0709604	0.301041666666667
202.0875861	0.301041666666667
202.1042799	0.301041666666667
202.1210446	0.301041666666667
202.137599	0.301041666666667
202.1542794	0.301041666666667
202.1708995	0.301041666666667
202.1873556	0.301041666666667
202.2043627	0.301041666666667
202.2206682	0.301041666666667
202.2374393	0.301041666666667
202.2542775	0.301041666666667
202.2709232	0.301041666666667
202.2872266	0.301041666666667
202.3044091	0.301041666666667
202.3209883	0.301041666666667
202.3376802	0.301041666666667
202.3543638	0.301041666666667
202.3709698	0.301041666666667
202.3873657	0.301041666666667
202.4041584	0.301041666666667
202.420813	0.301041666666667
202.4375354	0.301041666666667
202.4541306	0.301041666666667
202.4708979	0.301041666666667
202.4874425	0.301041666666667
202.5041137	0.301041666666667
202.5209211	0.301041666666667
202.5375489	0.301041666666667
202.5541587	0.301041666666667
202.5709681	0.301041666666667
202.5873159	0.301041666666667
202.6040862	0.301041666666667
202.6210409	0.301041666666667
202.6373205	0.301041666666667
202.6539295	0.301041666666667
202.6708345	0.301041666666667
202.6877087	0.301041666666667
202.7042906	0.301041666666667
202.7207452	0.301041666666667
202.7373709	0.301041666666667
202.7543038	0.301041666666667
202.7710267	0.301041666666667
202.7872063	0.301041666666667
202.8038662	0.301041666666667
202.8207109	0.301041666666667
202.8376105	0.301041666666667
202.8540258	0.301041666666667
202.8709009	0.301041666666667
202.8876143	0.301041666666667
202.9042317	0.301041666666667
202.9208568	0.301041666666667
202.9376574	0.301041666666667
202.9543522	0.301041666666667
202.9708169	0.301041666666667
202.9881181	0.301041666666667
203.0042975	0.301041666666667
203.0208184	0.301041666666667
203.0375511	0.301041666666667
203.0538563	0.301041666666667
203.0705476	0.301041666666667
203.087489	0.301041666666667
203.1039089	0.301041666666667
203.1204827	0.301041666666667
203.1376867	0.301041666666667
203.1539691	0.301041666666667
203.1707233	0.301041666666667
203.1876452	0.301041666666667
203.2041571	0.301041666666667
203.2209815	0.301041666666667
203.2374517	0.301041666666667
203.2545051	0.301041666666667
203.2709925	0.301041666666667
203.287507	0.301041666666667
203.3042396	0.301041666666667
203.3204513	0.301041666666667
203.337071	0.301041666666667
203.354083	0.301041666666667
203.3704978	0.301041666666667
203.3871536	0.301041666666667
203.4045674	0.301041666666667
203.4208236	0.301041666666667
203.4376724	0.301041666666667
203.4544416	0.301041666666667
203.4710487	0.301041666666667
203.4875359	0.301041666666667
203.5042273	0.301041666666667
203.5203258	0.301041666666667
203.5372926	0.301041666666667
203.5538565	0.301041666666667
203.570491	0.301041666666667
203.5875106	0.301041666666667
203.6040719	0.301041666666667
203.6205066	0.301041666666667
203.6374992	0.301041666666667
203.654086	0.301041666666667
203.6709588	0.301041666666667
203.6873113	0.301041666666667
203.704105	0.301041666666667
203.7207262	0.301041666666667
203.7374721	0.301041666666667
203.7542176	0.301041666666667
203.770614	0.301041666666667
203.7874929	0.301041666666667
203.8042021	0.301041666666667
203.8208276	0.301041666666667
203.8374722	0.301041666666667
203.8541639	0.301041666666667
203.8707437	0.301041666666667
203.8874746	0.301041666666667
203.9042265	0.301041666666667
203.9209677	0.301041666666667
203.9373761	0.301041666666667
203.9543516	0.301041666666667
203.97084	0.301041666666667
203.9875774	0.301041666666667
204.0044733	0.301041666666667
204.0208699	0.301041666666667
204.0369436	0.301041666666667
204.0539475	0.301041666666667
204.0704124	0.301041666666667
204.0873692	0.301041666666667
204.1040379	0.301041666666667
204.1204514	0.301041666666667
204.1374059	0.301041666666667
204.1541385	0.301041666666667
204.1708866	0.301041666666667
204.1872073	0.301041666666667
204.2039776	0.301041666666667
204.22108	0.301041666666667
204.2372501	0.301041666666667
204.254105	0.301041666666667
204.2707553	0.301041666666667
204.2873029	0.301041666666667
204.3041827	0.301041666666667
204.3207205	0.301041666666667
204.3373016	0.301041666666667
204.3538041	0.301041666666667
204.3704815	0.301041666666667
204.3870807	0.301041666666667
204.4040689	0.301041666666667
204.4208116	0.301041666666667
204.4374355	0.301041666666667
204.4538542	0.301041666666667
204.4706505	0.301041666666667
204.4870674	0.301041666666667
204.5034317	0.301041666666667
204.5207147	0.301041666666667
204.5368972	0.301041666666667
204.5540274	0.301041666666667
204.570234	0.301041666666667
204.5869742	0.301041666666667
204.6040375	0.301041666666667
204.6209036	0.301041666666667
204.637306	0.301041666666667
204.6540722	0.301041666666667
204.6703811	0.301041666666667
204.6872709	0.301041666666667
204.7040364	0.301041666666667
204.7207302	0.301041666666667
204.7372584	0.301041666666667
204.7546619	0.301041666666667
204.7706588	0.301041666666667
204.7871596	0.301041666666667
204.8038124	0.301041666666667
204.8200658	0.301041666666667
204.8372516	0.301041666666667
204.8539331	0.301041666666667
204.870429	0.301041666666667
204.8871961	0.301041666666667
204.9037019	0.301041666666667
204.9207498	0.301041666666667
204.9368609	0.301041666666667
204.9536991	0.301041666666667
204.9704431	0.301041666666667
204.9870049	0.301041666666667
205.0041453	0.301041666666667
205.0207052	0.301041666666667
205.0374875	0.301041666666667
205.0539927	0.301041666666667
205.0703147	0.301041666666667
205.0872805	0.301041666666667
205.1039948	0.301041666666667
205.1208493	0.301041666666667
205.1373906	0.301041666666667
205.1540328	0.301041666666667
205.170559	0.301041666666667
205.1872811	0.301041666666667
205.2039591	0.301041666666667
205.2208368	0.301041666666667
205.236967	0.301041666666667
205.2534334	0.301041666666667
205.2707143	0.301041666666667
205.2877681	0.301041666666667
205.3037006	0.301041666666667
205.3204458	0.301041666666667
205.3371748	0.301041666666667
205.3540746	0.301041666666667
205.3708807	0.301041666666667
205.3874407	0.301041666666667
205.4036018	0.301041666666667
205.4207991	0.301041666666667
205.437505	0.301041666666667
205.4538254	0.301041666666667
205.4706927	0.301041666666667
205.4871965	0.301041666666667
205.5034962	0.301041666666667
205.5207268	0.301041666666667
205.5375737	0.301041666666667
205.55346	0.301041666666667
205.570793	0.301041666666667
205.5873899	0.301041666666667
205.6034632	0.301041666666667
205.6207991	0.301041666666667
205.6376315	0.301041666666667
205.6537125	0.301041666666667
205.6708005	0.301041666666667
205.6874316	0.301041666666667
205.7038038	0.301041666666667
205.7207725	0.301041666666667
205.7375572	0.301041666666667
205.7537508	0.301041666666667
205.770748	0.301041666666667
205.7872007	0.301041666666667
205.8040083	0.301041666666667
205.8206848	0.301041666666667
205.837091	0.301041666666667
205.8535352	0.301041666666667
205.8703161	0.301041666666667
205.8871278	0.301041666666667
205.9038649	0.301041666666667
205.9206221	0.301041666666667
205.9371754	0.301041666666667
205.9538444	0.301041666666667
205.970991	0.301041666666667
205.9874136	0.301041666666667
206.003487	0.301041666666667
206.0209095	0.301041666666667
206.037253	0.301041666666667
206.054152	0.301041666666667
206.0707922	0.301041666666667
206.0871104	0.301041666666667
206.1038772	0.301041666666667
206.1206379	0.301041666666667
206.1372456	0.301041666666667
206.1536714	0.301041666666667
206.1705703	0.301041666666667
206.187074	0.301041666666667
206.2041742	0.301041666666667
206.2206445	0.301041666666667
206.2373734	0.301041666666667
206.2540145	0.301041666666667
206.2700634	0.301041666666667
206.287089	0.301041666666667
206.3039602	0.301041666666667
206.3205291	0.301041666666667
206.3373102	0.301041666666667
206.3535799	0.301041666666667
206.3704329	0.301041666666667
206.3876105	0.301041666666667
206.4037259	0.301041666666667
206.4207285	0.301041666666667
206.4372971	0.301041666666667
206.4550405	0.301041666666667
206.4706959	0.301041666666667
206.4874407	0.301041666666667
206.5035958	0.301041666666667
206.5207608	0.301041666666667
206.5375103	0.301041666666667
206.5539587	0.301041666666667
206.5706094	0.301041666666667
206.5871993	0.301041666666667
206.6037261	0.301041666666667
206.6207343	0.301041666666667
206.6372869	0.301041666666667
206.6538083	0.301041666666667
206.6706924	0.301041666666667
206.6870637	0.301041666666667
206.7037981	0.301041666666667
206.7208556	0.301041666666667
206.7373819	0.301041666666667
206.753801	0.301041666666667
206.7705466	0.301041666666667
206.7869953	0.301041666666667
206.8083074	0.301041666666667
206.8201017	0.301041666666667
206.837377	0.301041666666667
206.8539684	0.301041666666667
206.8708369	0.301041666666667
206.8872096	0.301041666666667
206.9039077	0.301041666666667
206.9206039	0.301041666666667
206.9372704	0.301041666666667
206.9537983	0.301041666666667
206.9708226	0.301041666666667
206.9869799	0.301041666666667
207.0038753	0.301041666666667
207.0207937	0.301041666666667
207.0376758	0.301041666666667
207.0536983	0.301041666666667
207.0705853	0.301041666666667
207.0870617	0.301041666666667
207.1035345	0.301041666666667
207.1207066	0.301041666666667
207.1372102	0.301041666666667
207.1534552	0.301041666666667
207.1707061	0.301041666666667
207.1874581	0.301041666666667
207.2038474	0.301041666666667
207.2207415	0.301041666666667
207.2374097	0.301041666666667
207.2536788	0.301041666666667
207.2707396	0.301041666666667
207.287271	0.301041666666667
207.3037743	0.301041666666667
207.3207477	0.301041666666667
207.3369426	0.301041666666667
207.3535028	0.301041666666667
207.3706427	0.301041666666667
207.3870756	0.301041666666667
207.4036053	0.301041666666667
207.4208782	0.301041666666667
207.4372482	0.301041666666667
207.454129	0.301041666666667
207.4707029	0.301041666666667
207.4872578	0.301041666666667
207.5036689	0.301041666666667
207.5204621	0.301041666666667
207.537248	0.301041666666667
207.5538601	0.301041666666667
207.5707177	0.301041666666667
207.5871774	0.301041666666667
207.6040166	0.301041666666667
207.6206633	0.301041666666667
207.6372333	0.301041666666667
207.6535388	0.301041666666667
207.6703192	0.301041666666667
207.6871617	0.301041666666667
207.7038177	0.301041666666667
207.7207564	0.301041666666667
207.7376274	0.301041666666667
207.7535842	0.301041666666667
207.7709661	0.301041666666667
207.7871549	0.301041666666667
207.8038088	0.301041666666667
207.8201529	0.301041666666667
207.8372064	0.301041666666667
207.8537733	0.301041666666667
207.870404	0.301041666666667
207.8872268	0.301041666666667
207.9039871	0.301041666666667
207.9204235	0.301041666666667
207.9373172	0.301041666666667
207.953949	0.301041666666667
207.9706778	0.301041666666667
207.9877111	0.301041666666667
208.0040046	0.301041666666667
208.0211459	0.301041666666667
208.0372881	0.301041666666667
208.0540318	0.301041666666667
208.0702337	0.301041666666667
208.0873598	0.301041666666667
208.1039066	0.301041666666667
208.1206991	0.301041666666667
208.1371994	0.301041666666667
208.1540254	0.301041666666667
208.1706803	0.301041666666667
208.1874393	0.301041666666667
208.2039671	0.301041666666667
208.2208007	0.301041666666667
208.2371448	0.301041666666667
208.2540066	0.301041666666667
208.2706257	0.301041666666667
208.2869996	0.301041666666667
208.3038816	0.301041666666667
208.3200115	0.301041666666667
208.3374407	0.301041666666667
208.3539519	0.301041666666667
208.3706059	0.301041666666667
208.3871693	0.301041666666667
208.4083841	0.301041666666667
208.4203744	0.301041666666667
208.4372092	0.301041666666667
208.4537739	0.301041666666667
208.4706512	0.301041666666667
208.487118	0.301041666666667
208.5040239	0.301041666666667
208.5201088	0.301041666666667
208.5368883	0.301041666666667
208.5540065	0.301041666666667
208.5704521	0.301041666666667
208.5872827	0.301041666666667
208.6035433	0.301041666666667
208.6206579	0.301041666666667
208.6373761	0.301041666666667
208.6536132	0.301041666666667
208.6706072	0.301041666666667
208.686899	0.301041666666667
208.7041028	0.301041666666667
208.7209575	0.301041666666667
208.7368723	0.301041666666667
208.7539201	0.301041666666667
208.7705526	0.301041666666667
208.7873337	0.301041666666667
208.8039927	0.301041666666667
208.8206723	0.301041666666667
208.8368541	0.301041666666667
208.8533618	0.301041666666667
208.8705428	0.301041666666667
208.8871178	0.301041666666667
208.9038747	0.301041666666667
208.9206777	0.301041666666667
208.9373119	0.301041666666667
208.9536923	0.301041666666667
208.9707906	0.301041666666667
208.9875446	0.301041666666667
209.0042863	0.301041666666667
209.0210415	0.301041666666667
209.0369473	0.301041666666667
209.0540124	0.301041666666667
209.0702704	0.301041666666667
209.0871239	0.301041666666667
209.104032	0.301041666666667
209.1205253	0.301041666666667
209.1372586	0.301041666666667
209.1538401	0.301041666666667
209.1704584	0.301041666666667
209.1871061	0.301041666666667
209.2038643	0.301041666666667
209.2206836	0.301041666666667
209.2371862	0.301041666666667
209.2540091	0.301041666666667
209.2703101	0.301041666666667
209.2868569	0.301041666666667
209.3039523	0.301041666666667
209.3201963	0.301041666666667
209.3372184	0.301041666666667
209.3539917	0.301041666666667
209.3708237	0.301041666666667
209.3869675	0.301041666666667
209.4039859	0.301041666666667
209.421032	0.301041666666667
209.4371344	0.301041666666667
209.4535983	0.301041666666667
209.4705659	0.301041666666667
209.4871189	0.301041666666667
209.50395	0.301041666666667
209.5204567	0.301041666666667
209.5368772	0.301041666666667
209.5539812	0.301041666666667
209.5700782	0.301041666666667
209.5871409	0.301041666666667
209.6039321	0.301041666666667
209.6204733	0.301041666666667
209.6369784	0.301041666666667
209.6536174	0.301041666666667
209.6706963	0.301041666666667
209.6870447	0.301041666666667
209.7037889	0.301041666666667
209.7204778	0.301041666666667
209.7370152	0.301041666666667
209.7536222	0.301041666666667
209.7706747	0.301041666666667
209.7870916	0.301041666666667
209.8038909	0.301041666666667
209.8206468	0.301041666666667
209.8371659	0.301041666666667
209.853602	0.301041666666667
209.8703977	0.301041666666667
209.8873714	0.301041666666667
209.9035312	0.301041666666667
209.9205968	0.301041666666667
209.9374737	0.301041666666667
209.9538618	0.301041666666667
209.9704414	0.301041666666667
209.9871546	0.301041666666667
210.0039963	0.301041666666667
210.0210348	0.301041666666667
210.0369498	0.301041666666667
210.0538862	0.301041666666667
210.0704663	0.301041666666667
210.0870848	0.301041666666667
210.1041399	0.301041666666667
210.1200608	0.301041666666667
210.1374906	0.301041666666667
210.1538411	0.301041666666667
210.1706196	0.301041666666667
210.1870213	0.301041666666667
210.2034636	0.301041666666667
210.2208579	0.301041666666667
210.2372061	0.301041666666667
210.2539446	0.301041666666667
210.2707567	0.301041666666667
210.2872139	0.301041666666667
210.3039813	0.301041666666667
210.3206357	0.301041666666667
210.337146	0.301041666666667
210.3541761	0.301041666666667
210.3705862	0.301041666666667
210.3872951	0.301041666666667
210.4039883	0.301041666666667
210.4205223	0.301041666666667
210.4369429	0.301041666666667
210.4533382	0.301041666666667
210.470265	0.301041666666667
210.4871874	0.301041666666667
210.5034401	0.301041666666667
210.5200828	0.301041666666667
210.5368878	0.301041666666667
210.5538079	0.301041666666667
210.5707921	0.301041666666667
210.5869453	0.301041666666667
210.6035928	0.301041666666667
210.6202276	0.301041666666667
210.6369484	0.301041666666667
210.6540246	0.301041666666667
210.6704882	0.301041666666667
210.6870458	0.301041666666667
210.7034172	0.301041666666667
210.7207956	0.301041666666667
210.7369499	0.301041666666667
210.7539794	0.301041666666667
210.7702513	0.301041666666667
210.7871751	0.301041666666667
210.8037654	0.301041666666667
210.8205099	0.301041666666667
210.8370746	0.301041666666667
210.8538988	0.301041666666667
210.8699316	0.301041666666667
210.8869397	0.301041666666667
210.9039214	0.301041666666667
210.9202374	0.301041666666667
210.9370331	0.301041666666667
210.9539526	0.301041666666667
210.9703267	0.301041666666667
210.9870776	0.301041666666667
211.0039211	0.301041666666667
211.0208138	0.301041666666667
211.0370402	0.301041666666667
211.053985	0.301041666666667
211.0702351	0.301041666666667
211.0869879	0.301041666666667
211.1036824	0.301041666666667
211.1201537	0.301041666666667
211.1371805	0.301041666666667
211.1535245	0.301041666666667
211.1706964	0.301041666666667
211.1871477	0.301041666666667
211.2041201	0.301041666666667
211.2205952	0.301041666666667
211.2368611	0.301041666666667
211.2537735	0.301041666666667
211.2710546	0.301041666666667
211.2868326	0.301041666666667
211.3038941	0.301041666666667
211.3208555	0.301041666666667
211.3369452	0.301041666666667
211.35373	0.301041666666667
211.3705272	0.301041666666667
211.3870001	0.301041666666667
211.4038566	0.301041666666667
211.4201592	0.301041666666667
211.4370313	0.301041666666667
211.4535716	0.301041666666667
211.4705481	0.301041666666667
211.4870763	0.301041666666667
211.504013	0.301041666666667
211.520528	0.301041666666667
211.5369976	0.301041666666667
211.5538847	0.301041666666667
211.5705994	0.301041666666667
211.5870554	0.301041666666667
211.6035039	0.301041666666667
211.6204175	0.301041666666667
211.6367767	0.301041666666667
211.6539147	0.301041666666667
211.6704962	0.301041666666667
211.6869781	0.301041666666667
211.7039229	0.301041666666667
211.7202976	0.301041666666667
211.7376149	0.301041666666667
211.7536398	0.301041666666667
211.7706071	0.301041666666667
211.7870944	0.301041666666667
211.8039701	0.301041666666667
211.8205897	0.301041666666667
211.8369637	0.301041666666667
211.8534987	0.301041666666667
211.8701411	0.301041666666667
211.88696	0.301041666666667
211.9038845	0.301041666666667
211.9205536	0.301041666666667
211.9370684	0.301041666666667
211.9539756	0.301041666666667
211.9700962	0.301041666666667
211.9873271	0.301041666666667
212.003918	0.301041666666667
212.0207204	0.301041666666667
212.0370757	0.301041666666667
212.0537424	0.301041666666667
212.0706128	0.301041666666667
212.0870906	0.301041666666667
212.1038647	0.301041666666667
212.1203564	0.301041666666667
212.136851	0.301041666666667
212.1539035	0.301041666666667
212.1702932	0.301041666666667
212.1873373	0.301041666666667
212.2041152	0.301041666666667
212.2206829	0.301041666666667
212.2371846	0.301041666666667
212.2536309	0.301041666666667
212.2703793	0.301041666666667
212.2874986	0.301041666666667
212.3038508	0.301041666666667
212.320163	0.301041666666667
212.337045	0.301041666666667
212.3534293	0.301041666666667
212.3703159	0.301041666666667
212.386756	0.301041666666667
212.403796	0.301041666666667
212.4201256	0.301041666666667
212.4369351	0.301041666666667
212.4536517	0.301041666666667
212.470624	0.301041666666667
212.4869316	0.301041666666667
212.50341	0.301041666666667
212.5202121	0.301041666666667
212.536975	0.301041666666667
212.5538961	0.301041666666667
212.5706047	0.301041666666667
212.5872756	0.301041666666667
212.603408	0.301041666666667
212.6201999	0.301041666666667
212.6369668	0.301041666666667
212.6539826	0.301041666666667
212.670442	0.301041666666667
212.6872826	0.301041666666667
212.7035071	0.301041666666667
212.7204722	0.301041666666667
212.7370406	0.301041666666667
212.7537766	0.301041666666667
212.7711126	0.301041666666667
212.7870935	0.301041666666667
212.8038256	0.301041666666667
212.8202821	0.301041666666667
212.8369432	0.301041666666667
212.8540545	0.301041666666667
212.8701027	0.301041666666667
212.8866167	0.301041666666667
212.9040388	0.301041666666667
212.9204864	0.301041666666667
212.9367929	0.301041666666667
212.9540594	0.301041666666667
212.9704954	0.301041666666667
212.9869273	0.301041666666667
213.0039656	0.301041666666667
213.0208237	0.301041666666667
213.0370437	0.301041666666667
213.0538094	0.301041666666667
213.0700581	0.301041666666667
213.0869035	0.301041666666667
213.104094	0.301041666666667
213.120027	0.301041666666667
213.1368267	0.301041666666667
213.1537254	0.301041666666667
213.1702515	0.301041666666667
213.1872188	0.301041666666667
213.2038573	0.301041666666667
213.2204754	0.301041666666667
213.2368882	0.301041666666667
213.2538544	0.301041666666667
213.2706513	0.301041666666667
213.2871097	0.301041666666667
213.3038534	0.301041666666667
213.3206363	0.301041666666667
213.3367411	0.301041666666667
213.3535754	0.301041666666667
213.37042	0.301041666666667
213.386672	0.301041666666667
213.403945	0.301041666666667
213.4205421	0.301041666666667
213.4370182	0.301041666666667
213.4538827	0.301041666666667
213.47053	0.301041666666667
213.4867456	0.301041666666667
213.5037836	0.301041666666667
213.520417	0.301041666666667
213.5367354	0.301041666666667
213.5533048	0.301041666666667
213.5705464	0.301041666666667
213.5869597	0.301041666666667
213.6038471	0.301041666666667
213.6203222	0.301041666666667
213.6366165	0.301041666666667
213.6539886	0.301041666666667
213.6704475	0.301041666666667
213.6866999	0.301041666666667
213.7038025	0.301041666666667
213.7206874	0.301041666666667
213.7369375	0.301041666666667
213.7540595	0.301041666666667
213.770487	0.301041666666667
213.7865654	0.301041666666667
213.8038513	0.301041666666667
213.8199531	0.301041666666667
213.8369785	0.301041666666667
213.8541316	0.301041666666667
213.8705953	0.301041666666667
213.8866528	0.301041666666667
213.9034385	0.301041666666667
213.9202006	0.301041666666667
213.936965	0.301041666666667
213.9539763	0.301041666666667
213.9704911	0.301041666666667
213.986909	0.301041666666667
214.0034931	0.301041666666667
214.020495	0.301041666666667
214.0370806	0.301041666666667
214.0536486	0.301041666666667
214.0701727	0.301041666666667
214.0871473	0.301041666666667
214.1035738	0.301041666666667
214.1202475	0.301041666666667
214.1367831	0.301041666666667
214.1539611	0.301041666666667
214.1701783	0.301041666666667
214.1865495	0.301041666666667
214.2037316	0.301041666666667
214.2205901	0.301041666666667
214.2366608	0.301041666666667
214.2534382	0.301041666666667
214.2698817	0.301041666666667
214.2868412	0.301041666666667
214.3036566	0.301041666666667
214.3199966	0.301041666666667
214.3368454	0.301041666666667
214.3537376	0.301041666666667
214.3703976	0.301041666666667
214.3866742	0.301041666666667
214.403735	0.301041666666667
214.4204677	0.301041666666667
214.4366811	0.301041666666667
214.453659	0.301041666666667
214.47018	0.301041666666667
214.4869379	0.301041666666667
214.5037365	0.301041666666667
214.5200999	0.301041666666667
214.5372158	0.301041666666667
214.5537746	0.301041666666667
214.570381	0.301041666666667
214.5868179	0.301041666666667
214.6037847	0.301041666666667
214.6203966	0.301041666666667
214.6368355	0.301041666666667
214.6538952	0.301041666666667
214.6704926	0.301041666666667
214.6864279	0.301041666666667
214.7037855	0.301041666666667
214.7202121	0.301041666666667
214.7365214	0.301041666666667
214.7536725	0.301041666666667
214.770622	0.301041666666667
214.786914	0.301041666666667
214.8035583	0.301041666666667
214.8204938	0.301041666666667
214.8367544	0.301041666666667
214.8535744	0.301041666666667
214.870503	0.301041666666667
214.8867774	0.301041666666667
214.9035237	0.301041666666667
214.9202568	0.301041666666667
214.9368743	0.301041666666667
214.9538485	0.301041666666667
214.9703942	0.301041666666667
214.9867542	0.301041666666667
215.0037074	0.301041666666667
215.0205834	0.301041666666667
215.0365873	0.301041666666667
215.0534134	0.301041666666667
215.0709244	0.301041666666667
215.0868656	0.301041666666667
215.1035095	0.301041666666667
215.1204078	0.301041666666667
215.136759	0.301041666666667
215.1537859	0.301041666666667
215.1705396	0.301041666666667
215.1862776	0.301041666666667
215.2037817	0.301041666666667
215.2199567	0.301041666666667
215.2366272	0.301041666666667
215.2537845	0.301041666666667
215.2703828	0.301041666666667
215.2865963	0.301041666666667
215.3034738	0.301041666666667
215.3202243	0.301041666666667
215.3364448	0.301041666666667
215.3536538	0.301041666666667
215.3703258	0.301041666666667
215.3866266	0.301041666666667
215.4034515	0.301041666666667
215.4208742	0.301041666666667
215.436619	0.301041666666667
215.4534453	0.301041666666667
215.4705565	0.301041666666667
215.4869377	0.301041666666667
215.5033402	0.301041666666667
215.5203087	0.301041666666667
215.5371134	0.301041666666667
215.5535409	0.301041666666667
215.5702957	0.301041666666667
215.5866609	0.301041666666667
215.6039472	0.301041666666667
215.6202325	0.301041666666667
215.6370404	0.301041666666667
215.6537751	0.301041666666667
215.6705788	0.301041666666667
215.6865231	0.301041666666667
215.7037567	0.301041666666667
215.7203325	0.301041666666667
215.736596	0.301041666666667
215.7538591	0.301041666666667
215.7702052	0.301041666666667
215.7867439	0.301041666666667
215.8033546	0.301041666666667
215.8205005	0.301041666666667
215.8367112	0.301041666666667
215.8540292	0.301041666666667
215.8703256	0.301041666666667
215.8870953	0.301041666666667
215.9037401	0.301041666666667
215.9204232	0.301041666666667
215.9366598	0.301041666666667
215.953122	0.301041666666667
215.9703171	0.301041666666667
215.986952	0.301041666666667
216.0038326	0.301041666666667
216.0208855	0.301041666666667
216.0367772	0.301041666666667
216.0537485	0.301041666666667
216.0704169	0.301041666666667
216.086834	0.301041666666667
216.1037899	0.301041666666667
216.1200407	0.301041666666667
216.1369503	0.301041666666667
216.1532711	0.301041666666667
216.1702978	0.301041666666667
216.1865434	0.301041666666667
216.2037283	0.301041666666667
216.2202802	0.301041666666667
216.2367861	0.301041666666667
216.2537471	0.301041666666667
216.2703731	0.301041666666667
216.286781	0.301041666666667
216.3037413	0.301041666666667
216.3207763	0.301041666666667
216.3366645	0.301041666666667
216.3533688	0.301041666666667
216.3705376	0.301041666666667
216.3867311	0.301041666666667
216.4035141	0.301041666666667
216.4202665	0.301041666666667
216.4364602	0.301041666666667
216.4533337	0.301041666666667
216.4704574	0.301041666666667
216.4870215	0.301041666666667
216.5037256	0.301041666666667
216.5200838	0.301041666666667
216.5365654	0.301041666666667
216.553573	0.301041666666667
216.5703905	0.301041666666667
216.586835	0.301041666666667
216.6034112	0.301041666666667
216.6200453	0.301041666666667
216.636975	0.301041666666667
216.6534843	0.301041666666667
216.6701898	0.301041666666667
216.6867426	0.301041666666667
216.7038962	0.301041666666667
216.7201878	0.301041666666667
216.7367756	0.301041666666667
216.7534017	0.301041666666667
216.7703988	0.301041666666667
216.7873444	0.301041666666667
216.8037275	0.301041666666667
216.8204086	0.301041666666667
216.8371278	0.301041666666667
216.8534655	0.301041666666667
216.8703973	0.301041666666667
216.8868209	0.301041666666667
216.9034816	0.301041666666667
216.9202939	0.301041666666667
216.9368139	0.301041666666667
216.9537727	0.301041666666667
216.9704117	0.301041666666667
216.9868589	0.301041666666667
217.0037691	0.301041666666667
217.0200457	0.301041666666667
217.0366866	0.301041666666667
217.0535642	0.301041666666667
217.0704521	0.301041666666667
217.0867992	0.301041666666667
217.1035231	0.301041666666667
217.1197072	0.301041666666667
217.1367867	0.301041666666667
217.1533234	0.301041666666667
217.1703825	0.301041666666667
217.1868931	0.301041666666667
217.2036062	0.301041666666667
217.2203294	0.301041666666667
217.2366751	0.301041666666667
217.2540327	0.301041666666667
217.2703412	0.301041666666667
217.2864357	0.301041666666667
217.3041739	0.301041666666667
217.3203909	0.301041666666667
217.3365089	0.301041666666667
217.3537291	0.301041666666667
217.3702153	0.301041666666667
217.3869338	0.301041666666667
217.4037263	0.301041666666667
217.4204388	0.301041666666667
217.4365267	0.301041666666667
217.4538006	0.301041666666667
217.4700784	0.301041666666667
217.486555	0.301041666666667
217.5037083	0.301041666666667
217.5202782	0.301041666666667
217.5367595	0.301041666666667
217.5535846	0.301041666666667
217.5703423	0.301041666666667
217.5865195	0.301041666666667
217.6035637	0.301041666666667
217.6200811	0.301041666666667
217.6368593	0.301041666666667
217.653636	0.301041666666667
217.6700389	0.301041666666667
217.6870275	0.301041666666667
217.7040924	0.301041666666667
217.7199695	0.301041666666667
217.7368754	0.301041666666667
217.7538182	0.301041666666667
217.7701519	0.301041666666667
217.7864144	0.301041666666667
217.8037255	0.301041666666667
217.8203622	0.301041666666667
217.8368199	0.301041666666667
217.8534107	0.301041666666667
217.8703914	0.301041666666667
217.8865877	0.301041666666667
217.9035366	0.301041666666667
217.9200999	0.301041666666667
217.9368408	0.301041666666667
217.9534852	0.301041666666667
217.9708998	0.301041666666667
217.986599	0.301041666666667
218.0035631	0.301041666666667
218.020431	0.301041666666667
218.0365545	0.301041666666667
218.053269	0.301041666666667
218.0703651	0.301041666666667
218.086544	0.301041666666667
218.1036681	0.301041666666667
218.1204226	0.301041666666667
218.1368323	0.301041666666667
218.1534354	0.301041666666667
218.1702985	0.301041666666667
218.186647	0.301041666666667
218.2036746	0.301041666666667
218.2205464	0.301041666666667
218.2369738	0.301041666666667
218.2534325	0.301041666666667
218.270343	0.301041666666667
218.2867426	0.301041666666667
218.303452	0.301041666666667
218.3205215	0.301041666666667
218.3368504	0.301041666666667
218.3534046	0.301041666666667
218.3702139	0.301041666666667
218.3868924	0.301041666666667
218.4036364	0.301041666666667
218.4202583	0.301041666666667
218.4367605	0.301041666666667
218.453719	0.301041666666667
218.470914	0.301041666666667
218.4866409	0.301041666666667
218.5036982	0.301041666666667
218.5215749	0.301041666666667
218.5365849	0.301041666666667
218.5533362	0.301041666666667
218.5702471	0.301041666666667
218.5864283	0.301041666666667
218.6035787	0.301041666666667
218.6200769	0.301041666666667
218.637264	0.301041666666667
218.6536005	0.301041666666667
218.6699637	0.301041666666667
218.6866215	0.301041666666667
218.7035111	0.301041666666667
218.719983	0.301041666666667
218.73692	0.301041666666667
218.7538087	0.301041666666667
218.7700746	0.301041666666667
218.7869662	0.301041666666667
218.8034484	0.301041666666667
218.8199799	0.301041666666667
218.8363486	0.301041666666667
218.8538336	0.301041666666667
218.8699805	0.301041666666667
218.8865008	0.301041666666667
218.9037923	0.301041666666667
218.9200566	0.301041666666667
218.936832	0.301041666666667
218.9541062	0.301041666666667
218.9699675	0.301041666666667
218.9868189	0.301041666666667
219.0034492	0.301041666666667
219.0205953	0.301041666666667
219.0364065	0.301041666666667
219.0537616	0.301041666666667
219.0700375	0.301041666666667
219.0868204	0.301041666666667
219.1035593	0.301041666666667
219.1202475	0.301041666666667
219.1368633	0.301041666666667
219.1533376	0.301041666666667
219.1702388	0.301041666666667
219.1867382	0.301041666666667
219.2036172	0.301041666666667
219.2202185	0.301041666666667
219.2365821	0.301041666666667
219.2536171	0.301041666666667
219.2702167	0.301041666666667
219.2865594	0.301041666666667
219.303354	0.301041666666667
219.320176	0.301041666666667
219.3368534	0.301041666666667
219.3536378	0.301041666666667
219.3702885	0.301041666666667
219.3868997	0.301041666666667
219.4031248	0.301041666666667
219.4196072	0.301041666666667
219.4368804	0.301041666666667
219.4536081	0.301041666666667
219.4695964	0.301041666666667
219.4868601	0.301041666666667
219.503339	0.301041666666667
219.5200516	0.301041666666667
219.5366435	0.301041666666667
219.5537428	0.301041666666667
219.5702858	0.301041666666667
219.5868912	0.301041666666667
219.6034212	0.301041666666667
219.6202577	0.301041666666667
219.6368086	0.301041666666667
219.653445	0.301041666666667
219.6702965	0.301041666666667
219.6865705	0.301041666666667
219.7032718	0.301041666666667
219.7199277	0.301041666666667
219.7365128	0.301041666666667
219.7538008	0.301041666666667
219.7700708	0.301041666666667
219.7870655	0.301041666666667
219.8033928	0.301041666666667
219.8200495	0.301041666666667
219.8366832	0.301041666666667
219.8538032	0.301041666666667
219.8698302	0.301041666666667
219.8865721	0.301041666666667
219.9030935	0.301041666666667
219.9202735	0.301041666666667
219.936833	0.301041666666667
219.9536293	0.301041666666667
219.9699085	0.301041666666667
219.9868443	0.301041666666667
220.0035062	0.301041666666667
220.0204249	0.301041666666667
220.0367153	0.301041666666667
220.0532649	0.301041666666667
220.0702271	0.301041666666667
220.0870221	0.301041666666667
220.1034137	0.301041666666667
220.1199883	0.301041666666667
220.1366674	0.301041666666667
220.1532017	0.301041666666667
220.1702511	0.301041666666667
220.1867027	0.301041666666667
220.2034645	0.301041666666667
220.220064	0.301041666666667
220.2365618	0.301041666666667
220.2531644	0.301041666666667
220.2703622	0.301041666666667
220.2866119	0.301041666666667
220.30335	0.301041666666667
220.3199548	0.301041666666667
220.3364969	0.301041666666667
220.3533062	0.301041666666667
220.3698643	0.301041666666667
220.3870633	0.301041666666667
220.4033217	0.301041666666667
220.419668	0.301041666666667
220.4368378	0.301041666666667
220.4535496	0.301041666666667
220.4703836	0.301041666666667
220.486823	0.301041666666667
220.5037495	0.301041666666667
220.5204084	0.301041666666667
220.5366459	0.301041666666667
220.5533252	0.301041666666667
220.5700641	0.301041666666667
220.5867691	0.301041666666667
220.6033147	0.301041666666667
220.6200781	0.301041666666667
220.6366277	0.301041666666667
220.6533239	0.301041666666667
220.6699563	0.301041666666667
220.6865522	0.301041666666667
220.7032788	0.301041666666667
220.7198101	0.301041666666667
220.7365673	0.301041666666667
220.7534342	0.301041666666667
220.7700753	0.301041666666667
220.7868534	0.301041666666667
220.8035608	0.301041666666667
220.8202398	0.301041666666667
220.8367841	0.301041666666667
220.8534303	0.301041666666667
220.8698994	0.301041666666667
220.8869862	0.301041666666667
220.903107	0.301041666666667
220.9202196	0.301041666666667
220.9368089	0.301041666666667
220.9532172	0.301041666666667
220.9703486	0.301041666666667
220.986817	0.301041666666667
221.003709	0.301041666666667
221.0201548	0.301041666666667
221.0368258	0.301041666666667
221.053359	0.301041666666667
221.070153	0.301041666666667
221.086628	0.301041666666667
221.1036924	0.301041666666667
221.1199709	0.301041666666667
221.1368757	0.301041666666667
221.1534011	0.301041666666667
221.1696565	0.301041666666667
221.1865886	0.301041666666667
221.2043582	0.301041666666667
221.2203824	0.301041666666667
221.2365921	0.301041666666667
221.2534703	0.301041666666667
221.2701821	0.301041666666667
221.2867434	0.301041666666667
221.3034054	0.301041666666667
221.3200228	0.301041666666667
221.3364462	0.301041666666667
221.353842	0.301041666666667
221.3697793	0.301041666666667
221.3867929	0.301041666666667
221.4031697	0.301041666666667
221.4201501	0.301041666666667
221.436584	0.301041666666667
221.4534236	0.301041666666667
221.4701494	0.301041666666667
221.4868713	0.301041666666667
221.5035379	0.301041666666667
221.5199682	0.301041666666667
221.5364294	0.301041666666667
221.5535177	0.301041666666667
221.5696084	0.301041666666667
221.5867694	0.301041666666667
221.6035512	0.301041666666667
221.6201704	0.301041666666667
221.6368198	0.301041666666667
221.6531777	0.301041666666667
221.6699153	0.301041666666667
221.6868507	0.301041666666667
221.7037148	0.301041666666667
221.7198559	0.301041666666667
221.7367631	0.301041666666667
221.7535766	0.301041666666667
221.7698421	0.301041666666667
221.7868565	0.301041666666667
221.8034563	0.301041666666667
221.8198703	0.301041666666667
221.8364961	0.301041666666667
221.8537239	0.301041666666667
221.8697812	0.301041666666667
221.8867917	0.301041666666667
221.9034356	0.301041666666667
221.9198414	0.301041666666667
221.936754	0.301041666666667
221.9533123	0.301041666666667
221.9701574	0.301041666666667
221.9871431	0.301041666666667
222.0034883	0.301041666666667
222.0203976	0.301041666666667
222.0367876	0.301041666666667
222.0531447	0.301041666666667
222.0698235	0.301041666666667
222.0867728	0.301041666666667
222.1034323	0.301041666666667
222.1201023	0.301041666666667
222.13685	0.301041666666667
222.1538841	0.301041666666667
222.1699211	0.301041666666667
222.1865664	0.301041666666667
222.2034417	0.301041666666667
222.2201876	0.301041666666667
222.2369267	0.301041666666667
222.2529114	0.301041666666667
222.2700311	0.301041666666667
222.2868393	0.301041666666667
222.3036513	0.301041666666667
222.3200586	0.301041666666667
222.3368238	0.301041666666667
222.3534633	0.301041666666667
222.3699209	0.301041666666667
222.3869382	0.301041666666667
222.4036206	0.301041666666667
222.4200733	0.301041666666667
222.436754	0.301041666666667
222.4531229	0.301041666666667
222.4698222	0.301041666666667
222.4868164	0.301041666666667
222.50333	0.301041666666667
222.5199413	0.301041666666667
222.5368468	0.301041666666667
222.5536752	0.301041666666667
222.5696512	0.301041666666667
222.5867747	0.301041666666667
222.6034049	0.301041666666667
222.6197083	0.301041666666667
222.6369683	0.301041666666667
222.6531029	0.301041666666667
222.6699228	0.301041666666667
222.6868014	0.301041666666667
222.7035236	0.301041666666667
222.7202843	0.301041666666667
222.7364834	0.301041666666667
222.7534496	0.301041666666667
222.7703206	0.301041666666667
222.7864347	0.301041666666667
222.8034896	0.301041666666667
222.8201182	0.301041666666667
222.8363846	0.301041666666667
222.8533756	0.301041666666667
222.8695561	0.301041666666667
222.8865197	0.301041666666667
222.9033256	0.301041666666667
222.9198698	0.301041666666667
222.9368313	0.301041666666667
222.9535027	0.301041666666667
222.9695513	0.301041666666667
222.9863875	0.301041666666667
223.0035036	0.301041666666667
223.0199404	0.301041666666667
223.0367541	0.301041666666667
223.0533364	0.301041666666667
223.0699833	0.301041666666667
223.0866436	0.301041666666667
223.1034367	0.301041666666667
223.1197292	0.301041666666667
223.1364874	0.301041666666667
223.1534606	0.301041666666667
223.1699178	0.301041666666667
223.1867491	0.301041666666667
223.2035959	0.301041666666667
223.2197935	0.301041666666667
223.2378619	0.301041666666667
223.2535394	0.301041666666667
223.2694602	0.301041666666667
223.2865408	0.301041666666667
223.3036553	0.301041666666667
223.3194271	0.301041666666667
223.3369697	0.301041666666667
223.35366	0.301041666666667
223.3699227	0.301041666666667
223.3866722	0.301041666666667
223.4030414	0.301041666666667
223.4198311	0.301041666666667
223.4369968	0.301041666666667
223.4532898	0.301041666666667
223.4707872	0.301041666666667
223.4864444	0.301041666666667
223.5036079	0.301041666666667
223.5195383	0.301041666666667
223.536332	0.301041666666667
223.5530693	0.301041666666667
223.5695234	0.301041666666667
223.5865441	0.301041666666667
223.6032218	0.301041666666667
223.6194639	0.301041666666667
223.6369497	0.301041666666667
223.6533571	0.301041666666667
223.6694611	0.301041666666667
223.6865031	0.301041666666667
223.7037246	0.301041666666667
223.7198419	0.301041666666667
223.7365937	0.301041666666667
223.7534775	0.301041666666667
223.769404	0.301041666666667
223.7868569	0.301041666666667
223.8035516	0.301041666666667
223.8200202	0.301041666666667
223.8365271	0.301041666666667
223.8536153	0.301041666666667
223.8695292	0.301041666666667
223.8867296	0.301041666666667
223.9033208	0.301041666666667
223.9195109	0.301041666666667
223.936599	0.301041666666667
223.953295	0.301041666666667
223.9698833	0.301041666666667
223.9869763	0.301041666666667
224.002821	0.301041666666667
224.0200608	0.301041666666667
224.036316	0.301041666666667
224.0532264	0.301041666666667
224.0695024	0.301041666666667
224.0865263	0.301041666666667
224.1035781	0.301041666666667
224.1200213	0.301041666666667
224.1365479	0.301041666666667
224.1534928	0.301041666666667
224.1694943	0.301041666666667
224.1866416	0.301041666666667
224.2036874	0.301041666666667
224.2194411	0.301041666666667
224.2364816	0.301041666666667
224.2534702	0.301041666666667
224.2696559	0.301041666666667
224.286498	0.301041666666667
224.3033062	0.301041666666667
224.3198383	0.301041666666667
224.3367186	0.301041666666667
224.353446	0.301041666666667
224.36962	0.301041666666667
224.3863977	0.301041666666667
224.4031784	0.301041666666667
224.4198423	0.301041666666667
224.4366443	0.301041666666667
224.4532766	0.301041666666667
224.4696411	0.301041666666667
224.4865772	0.301041666666667
224.5035741	0.301041666666667
224.5194322	0.301041666666667
224.5366785	0.301041666666667
224.5534108	0.301041666666667
224.5696634	0.301041666666667
224.5866724	0.301041666666667
224.6036777	0.301041666666667
224.6194991	0.301041666666667
224.6373268	0.301041666666667
224.6531995	0.301041666666667
224.6697011	0.301041666666667
224.6867229	0.301041666666667
224.7035167	0.301041666666667
224.7194317	0.301041666666667
224.7369161	0.301041666666667
224.7529236	0.301041666666667
224.7694669	0.301041666666667
224.786327	0.301041666666667
224.8032621	0.301041666666667
224.8193835	0.301041666666667
224.8365647	0.301041666666667
224.8532697	0.301041666666667
224.8694874	0.301041666666667
224.8866463	0.301041666666667
224.9035493	0.301041666666667
224.9194301	0.301041666666667
224.9364611	0.301041666666667
224.9531782	0.301041666666667
224.9699475	0.301041666666667
224.9863366	0.301041666666667
225.0034438	0.301041666666667
225.0197107	0.301041666666667
225.0367645	0.301041666666667
225.0534037	0.301041666666667
225.0698052	0.301041666666667
225.0866345	0.301041666666667
225.1033537	0.301041666666667
225.1197655	0.301041666666667
225.1364834	0.301041666666667
225.1534409	0.301041666666667
225.1699255	0.301041666666667
225.1864137	0.301041666666667
225.2034147	0.301041666666667
225.2194299	0.301041666666667
225.2364649	0.301041666666667
225.2532476	0.301041666666667
225.2700832	0.301041666666667
225.2892475	0.301041666666667
225.3032444	0.301041666666667
225.3199893	0.301041666666667
225.3363993	0.301041666666667
225.3529673	0.301041666666667
225.3696704	0.301041666666667
225.3866748	0.301041666666667
225.4033851	0.301041666666667
225.4201015	0.301041666666667
225.4367558	0.301041666666667
225.4533869	0.301041666666667
225.4698844	0.301041666666667
225.4863106	0.301041666666667
225.5030208	0.301041666666667
225.5202781	0.301041666666667
225.5365371	0.301041666666667
225.5532288	0.301041666666667
225.5698602	0.301041666666667
225.5862635	0.301041666666667
225.6031155	0.301041666666667
225.6196027	0.301041666666667
225.6364643	0.301041666666667
225.6530916	0.301041666666667
225.6695353	0.301041666666667
225.6862192	0.301041666666667
225.7032109	0.301041666666667
225.7199438	0.301041666666667
225.7364666	0.301041666666667
225.753082	0.301041666666667
225.7699793	0.301041666666667
225.786551	0.301041666666667
225.8034785	0.301041666666667
225.8194167	0.301041666666667
225.8361381	0.301041666666667
225.8528081	0.301041666666667
225.8699739	0.301041666666667
225.8863939	0.301041666666667
225.9029599	0.301041666666667
225.9197984	0.301041666666667
225.9363686	0.301041666666667
225.953314	0.301041666666667
225.9696876	0.301041666666667
225.98689	0.301041666666667
226.0033598	0.301041666666667
226.0198011	0.301041666666667
226.0364856	0.301041666666667
226.0531044	0.301041666666667
226.0698304	0.301041666666667
226.0866114	0.301041666666667
226.1035252	0.301041666666667
226.1198185	0.301041666666667
226.13657	0.301041666666667
226.1532775	0.301041666666667
226.1701011	0.301041666666667
226.1864821	0.301041666666667
226.2034028	0.301041666666667
226.219975	0.301041666666667
226.2365657	0.301041666666667
226.2532544	0.301041666666667
226.2695574	0.301041666666667
226.2863016	0.301041666666667
226.3032942	0.301041666666667
226.3194404	0.301041666666667
226.3365874	0.301041666666667
226.3532662	0.301041666666667
226.3696277	0.301041666666667
226.3864454	0.301041666666667
226.4033606	0.301041666666667
226.4199669	0.301041666666667
226.4368488	0.301041666666667
226.4538156	0.301041666666667
226.4698542	0.301041666666667
226.4866971	0.301041666666667
226.5036037	0.301041666666667
226.5198179	0.301041666666667
226.5366879	0.301041666666667
226.5536566	0.301041666666667
226.5698609	0.301041666666667
226.5862276	0.301041666666667
226.6031219	0.301041666666667
226.6194547	0.301041666666667
226.6365989	0.301041666666667
226.65348	0.301041666666667
226.6700307	0.301041666666667
226.6865046	0.301041666666667
226.702854	0.301041666666667
226.719867	0.301041666666667
226.7364317	0.301041666666667
226.7533155	0.301041666666667
226.7698477	0.301041666666667
226.7865244	0.301041666666667
226.8032046	0.301041666666667
226.8199188	0.301041666666667
226.83633	0.301041666666667
226.8531208	0.301041666666667
226.8697946	0.301041666666667
226.886674	0.301041666666667
226.9034656	0.301041666666667
226.9198618	0.301041666666667
226.9366149	0.301041666666667
226.9529448	0.301041666666667
226.9696378	0.301041666666667
226.9864746	0.301041666666667
227.0031235	0.301041666666667
227.0197366	0.301041666666667
227.0364292	0.301041666666667
227.0533065	0.301041666666667
227.0699717	0.301041666666667
227.0862437	0.301041666666667
227.1032314	0.301041666666667
227.1194574	0.301041666666667
227.1365777	0.301041666666667
227.1532629	0.301041666666667
227.1699381	0.301041666666667
227.1866163	0.301041666666667
227.2032598	0.301041666666667
227.2194076	0.301041666666667
227.2365921	0.301041666666667
227.2532757	0.301041666666667
227.269556	0.301041666666667
227.2862347	0.301041666666667
227.3028697	0.301041666666667
227.319535	0.301041666666667
227.3365659	0.301041666666667
227.3535571	0.301041666666667
227.3700066	0.301041666666667
227.3863675	0.301041666666667
227.4030167	0.301041666666667
227.4196451	0.301041666666667
227.4364149	0.301041666666667
227.4531442	0.301041666666667
227.4696771	0.301041666666667
227.4864347	0.301041666666667
227.5028612	0.301041666666667
227.5198949	0.301041666666667
227.5362673	0.301041666666667
227.5532557	0.301041666666667
227.5694868	0.301041666666667
227.586797	0.301041666666667
227.6032364	0.301041666666667
227.6198764	0.301041666666667
227.6363899	0.301041666666667
227.6527376	0.301041666666667
227.6699038	0.301041666666667
227.6863185	0.301041666666667
227.7033225	0.301041666666667
227.7191739	0.301041666666667
227.7365432	0.301041666666667
227.7532631	0.301041666666667
227.7699041	0.301041666666667
227.7863053	0.301041666666667
227.802768	0.301041666666667
227.8196914	0.301041666666667
227.8362939	0.301041666666667
227.8529978	0.301041666666667
227.8699037	0.301041666666667
227.8865181	0.301041666666667
227.9032509	0.301041666666667
227.9198026	0.301041666666667
227.9366376	0.301041666666667
227.9533266	0.301041666666667
227.969909	0.301041666666667
227.986756	0.301041666666667
228.0033127	0.301041666666667
228.0202452	0.301041666666667
228.0363823	0.301041666666667
228.0532949	0.301041666666667
228.069612	0.301041666666667
228.0864692	0.301041666666667
228.1032669	0.301041666666667
228.119888	0.301041666666667
228.1364916	0.301041666666667
228.1534564	0.301041666666667
228.1698354	0.301041666666667
228.1866412	0.301041666666667
228.2032813	0.301041666666667
228.2196524	0.301041666666667
228.2361091	0.301041666666667
228.2532149	0.301041666666667
228.2698465	0.301041666666667
228.2864529	0.301041666666667
228.3034519	0.301041666666667
228.3194427	0.301041666666667
228.3365914	0.301041666666667
228.3534561	0.301041666666667
228.3697764	0.301041666666667
228.3861477	0.301041666666667
228.4032339	0.301041666666667
228.4196975	0.301041666666667
228.4363679	0.301041666666667
228.4530019	0.301041666666667
228.4697955	0.301041666666667
228.4866611	0.301041666666667
228.5029197	0.301041666666667
228.5198667	0.301041666666667
228.5363688	0.301041666666667
228.5532115	0.301041666666667
228.5698257	0.301041666666667
228.5866411	0.301041666666667
228.6031253	0.301041666666667
228.6194314	0.301041666666667
228.6363202	0.301041666666667
228.6530536	0.301041666666667
228.6697436	0.301041666666667
228.6863651	0.301041666666667
228.7032511	0.301041666666667
228.7193219	0.301041666666667
228.736375	0.301041666666667
228.7536104	0.301041666666667
228.7700926	0.301041666666667
228.7864552	0.301041666666667
228.8034662	0.301041666666667
228.8208492	0.301041666666667
228.8363342	0.301041666666667
228.8533327	0.301041666666667
228.8699388	0.301041666666667
228.8863646	0.301041666666667
228.9027776	0.301041666666667
228.9197031	0.301041666666667
228.9363984	0.301041666666667
228.953075	0.301041666666667
228.9697779	0.301041666666667
228.9863346	0.301041666666667
229.0030911	0.301041666666667
229.0196771	0.301041666666667
229.0361598	0.301041666666667
229.0530232	0.301041666666667
229.0693539	0.301041666666667
229.0863969	0.301041666666667
229.1030662	0.301041666666667
229.1197548	0.301041666666667
229.1364412	0.301041666666667
229.1532813	0.301041666666667
229.1698592	0.301041666666667
229.1865809	0.301041666666667
229.2033187	0.301041666666667
229.2196109	0.301041666666667
229.2364134	0.301041666666667
229.2534129	0.301041666666667
229.26995	0.301041666666667
229.2862408	0.301041666666667
229.3028846	0.301041666666667
229.3196542	0.301041666666667
229.3363457	0.301041666666667
229.352897	0.301041666666667
229.3699374	0.301041666666667
229.3863048	0.301041666666667
229.4027718	0.301041666666667
229.4197955	0.301041666666667
229.4364162	0.301041666666667
229.4531417	0.301041666666667
229.4699658	0.301041666666667
229.4865952	0.301041666666667
229.5032393	0.301041666666667
229.5199539	0.301041666666667
229.5363323	0.301041666666667
229.5532337	0.301041666666667
229.5696599	0.301041666666667
229.5864777	0.301041666666667
229.6028795	0.301041666666667
229.6200927	0.301041666666667
229.6359358	0.301041666666667
229.6532171	0.301041666666667
229.6699191	0.301041666666667
229.6865482	0.301041666666667
229.7030644	0.301041666666667
229.7195919	0.301041666666667
229.7364025	0.301041666666667
229.7531048	0.301041666666667
229.7699728	0.301041666666667
229.7862888	0.301041666666667
229.8029831	0.301041666666667
229.8200012	0.301041666666667
229.8364616	0.301041666666667
229.8528554	0.301041666666667
229.8692041	0.301041666666667
229.8864572	0.301041666666667
229.9031461	0.301041666666667
229.9200209	0.301041666666667
229.9363791	0.301041666666667
229.9535988	0.301041666666667
229.9699208	0.301041666666667
229.9864994	0.301041666666667
230.0033327	0.301041666666667
230.0198551	0.301041666666667
230.0363295	0.301041666666667
230.0529409	0.301041666666667
230.069632	0.301041666666667
230.0862065	0.301041666666667
230.1031563	0.301041666666667
230.1192419	0.301041666666667
230.1361913	0.301041666666667
230.1531886	0.301041666666667
230.1694806	0.301041666666667
230.1865281	0.301041666666667
230.2029968	0.301041666666667
230.2198112	0.301041666666667
230.2364767	0.301041666666667
230.2532717	0.301041666666667
230.2699341	0.301041666666667
230.2861524	0.301041666666667
230.3029302	0.301041666666667
230.3199949	0.301041666666667
230.3364615	0.301041666666667
230.3531131	0.301041666666667
230.3698893	0.301041666666667
230.3864324	0.301041666666667
230.40338	0.301041666666667
230.4198111	0.301041666666667
230.4365395	0.301041666666667
230.4529577	0.301041666666667
230.4696996	0.301041666666667
230.4862146	0.301041666666667
230.5031786	0.301041666666667
230.5198072	0.301041666666667
230.5363107	0.301041666666667
230.5528593	0.301041666666667
230.5699413	0.301041666666667
230.5861238	0.301041666666667
230.6029265	0.301041666666667
230.6194306	0.301041666666667
230.6367425	0.301041666666667
230.6531875	0.301041666666667
230.6698613	0.301041666666667
230.686297	0.301041666666667
230.7030378	0.301041666666667
230.7198771	0.301041666666667
230.7368183	0.301041666666667
230.7529319	0.301041666666667
230.7697801	0.301041666666667
230.7862294	0.301041666666667
230.8027616	0.301041666666667
230.819716	0.301041666666667
230.8364881	0.301041666666667
230.8527689	0.301041666666667
230.8698983	0.301041666666667
230.8864782	0.301041666666667
230.9027739	0.301041666666667
230.9199108	0.301041666666667
230.9364706	0.301041666666667
230.9530767	0.301041666666667
230.9700335	0.301041666666667
230.9864398	0.301041666666667
231.0032284	0.301041666666667
231.0196144	0.301041666666667
231.0364406	0.301041666666667
231.0531661	0.301041666666667
231.0694463	0.301041666666667
231.0862409	0.301041666666667
231.1032189	0.301041666666667
231.1195461	0.301041666666667
231.1366155	0.301041666666667
231.1534522	0.301041666666667
231.1697026	0.301041666666667
231.1864398	0.301041666666667
231.2030626	0.301041666666667
231.2198637	0.301041666666667
231.2364272	0.301041666666667
231.2526404	0.301041666666667
231.2698411	0.301041666666667
231.2863721	0.301041666666667
231.3031962	0.301041666666667
231.3197329	0.301041666666667
231.3363324	0.301041666666667
231.3531649	0.301041666666667
231.3696639	0.301041666666667
231.38637	0.301041666666667
231.4030681	0.301041666666667
231.4198304	0.301041666666667
231.4363159	0.301041666666667
231.4531918	0.301041666666667
231.4698491	0.301041666666667
231.4869776	0.301041666666667
231.5033301	0.301041666666667
231.5199607	0.301041666666667
231.5363128	0.301041666666667
231.5532416	0.301041666666667
231.5696105	0.301041666666667
231.5863266	0.301041666666667
231.6030777	0.301041666666667
231.6198914	0.301041666666667
231.6361001	0.301041666666667
231.6528946	0.301041666666667
231.6698248	0.301041666666667
231.6863221	0.301041666666667
231.7025357	0.301041666666667
231.7198411	0.301041666666667
231.7362198	0.301041666666667
231.7531321	0.301041666666667
231.7698316	0.301041666666667
231.7862733	0.301041666666667
231.8030872	0.301041666666667
231.8196982	0.301041666666667
231.8365097	0.301041666666667
231.8527017	0.301041666666667
231.8697103	0.301041666666667
231.8864067	0.301041666666667
231.9030419	0.301041666666667
231.9196137	0.301041666666667
231.936336	0.301041666666667
231.9527981	0.301041666666667
231.9699664	0.301041666666667
231.9865563	0.301041666666667
232.0027211	0.301041666666667
232.0204533	0.301041666666667
232.0363564	0.301041666666667
232.0529729	0.301041666666667
232.0697998	0.301041666666667
232.0863103	0.301041666666667
232.1030923	0.301041666666667
232.1197988	0.301041666666667
232.136598	0.301041666666667
232.1528176	0.301041666666667
232.169461	0.301041666666667
232.1863948	0.301041666666667
232.2028196	0.301041666666667
232.2198886	0.301041666666667
232.2364286	0.301041666666667
232.2530202	0.301041666666667
232.2694667	0.301041666666667
232.2867555	0.301041666666667
232.3026537	0.301041666666667
232.3196356	0.301041666666667
232.3364901	0.301041666666667
232.3531136	0.301041666666667
232.3697908	0.301041666666667
232.3862873	0.301041666666667
232.403012	0.301041666666667
232.4192447	0.301041666666667
232.4366673	0.301041666666667
232.4529471	0.301041666666667
232.4695248	0.301041666666667
232.4863981	0.301041666666667
232.5030489	0.301041666666667
232.5199247	0.301041666666667
232.5361338	0.301041666666667
232.5529341	0.301041666666667
232.5696235	0.301041666666667
232.5866525	0.301041666666667
232.6028404	0.301041666666667
232.6197906	0.301041666666667
232.6364759	0.301041666666667
232.6526295	0.301041666666667
232.6697039	0.301041666666667
232.6863289	0.301041666666667
232.702684	0.301041666666667
232.7198089	0.301041666666667
232.7361081	0.301041666666667
232.7530219	0.301041666666667
232.7699882	0.301041666666667
232.7863627	0.301041666666667
232.8030417	0.301041666666667
232.8197273	0.301041666666667
232.8362061	0.301041666666667
232.8525678	0.301041666666667
232.8696164	0.301041666666667
232.8862579	0.301041666666667
232.9029043	0.301041666666667
232.9196928	0.301041666666667
232.9366741	0.301041666666667
232.9525654	0.301041666666667
232.9692622	0.301041666666667
232.9862776	0.301041666666667
233.0032002	0.301041666666667
233.0199635	0.301041666666667
233.0365802	0.301041666666667
233.0527458	0.301041666666667
233.069794	0.301041666666667
233.0863874	0.301041666666667
233.102467	0.301041666666667
233.1197745	0.301041666666667
233.1363704	0.301041666666667
233.1526476	0.301041666666667
233.16964	0.301041666666667
233.1859939	0.301041666666667
233.2028684	0.301041666666667
233.219728	0.301041666666667
233.2361674	0.301041666666667
233.2525567	0.301041666666667
233.2703417	0.301041666666667
233.2862218	0.301041666666667
233.3027533	0.301041666666667
233.3195393	0.301041666666667
233.3362449	0.301041666666667
233.353116	0.301041666666667
233.3697248	0.301041666666667
233.3864381	0.301041666666667
233.4030755	0.301041666666667
233.4197016	0.301041666666667
233.4362861	0.301041666666667
233.4529439	0.301041666666667
233.4697761	0.301041666666667
233.4863347	0.301041666666667
233.5042627	0.301041666666667
233.5202494	0.301041666666667
233.5372392	0.301041666666667
233.5529017	0.301041666666667
233.5695622	0.301041666666667
233.5861533	0.301041666666667
233.6031235	0.301041666666667
233.6196167	0.301041666666667
233.6359291	0.301041666666667
233.6527223	0.301041666666667
233.6697507	0.301041666666667
233.6867085	0.301041666666667
233.702696	0.301041666666667
233.719579	0.301041666666667
233.7362268	0.301041666666667
233.7530288	0.301041666666667
233.7699796	0.301041666666667
233.7862415	0.301041666666667
233.8030912	0.301041666666667
233.8197571	0.301041666666667
233.8363782	0.301041666666667
233.8528208	0.301041666666667
233.869726	0.301041666666667
233.8863002	0.301041666666667
233.9026879	0.301041666666667
233.9192704	0.301041666666667
233.9363359	0.301041666666667
233.9530082	0.301041666666667
233.9692634	0.301041666666667
233.9865378	0.301041666666667
234.002854	0.301041666666667
234.0197967	0.301041666666667
234.0361231	0.301041666666667
234.0526931	0.301041666666667
234.0696988	0.301041666666667
234.0860684	0.301041666666667
234.1028582	0.301041666666667
234.1196583	0.301041666666667
234.1361775	0.301041666666667
234.1530582	0.301041666666667
234.1693718	0.301041666666667
234.1861447	0.301041666666667
234.2027745	0.301041666666667
234.2189708	0.301041666666667
234.2363398	0.301041666666667
234.2530195	0.301041666666667
234.2698232	0.301041666666667
234.286174	0.301041666666667
234.3030658	0.301041666666667
234.3199219	0.301041666666667
234.3360465	0.301041666666667
234.3528984	0.301041666666667
234.3693576	0.301041666666667
234.38604	0.301041666666667
234.4025311	0.301041666666667
234.4194621	0.301041666666667
234.4362713	0.301041666666667
234.4527636	0.301041666666667
234.4696362	0.301041666666667
234.4863019	0.301041666666667
234.5030047	0.301041666666667
234.5196496	0.301041666666667
234.5360317	0.301041666666667
234.5530485	0.301041666666667
234.5695904	0.301041666666667
234.5860682	0.301041666666667
234.6025963	0.301041666666667
234.6196467	0.301041666666667
234.636301	0.301041666666667
234.6527993	0.301041666666667
234.6693678	0.301041666666667
234.6864811	0.301041666666667
234.7029845	0.301041666666667
234.7196047	0.301041666666667
234.7364881	0.301041666666667
234.7524331	0.301041666666667
234.7694024	0.301041666666667
234.786064	0.301041666666667
234.8027476	0.301041666666667
234.8197132	0.301041666666667
234.8360563	0.301041666666667
234.8528093	0.301041666666667
234.8697261	0.301041666666667
234.8865042	0.301041666666667
234.9030247	0.301041666666667
234.9196653	0.301041666666667
234.9364081	0.301041666666667
234.952928	0.301041666666667
234.9696181	0.301041666666667
234.9859413	0.301041666666667
235.0029915	0.301041666666667
235.0196271	0.301041666666667
235.0360323	0.301041666666667
235.0526519	0.301041666666667
235.0694348	0.301041666666667
235.0860257	0.301041666666667
235.1026577	0.301041666666667
235.1192116	0.301041666666667
235.1359743	0.301041666666667
235.1529378	0.301041666666667
235.1695521	0.301041666666667
235.1866349	0.301041666666667
235.2028961	0.301041666666667
235.2198772	0.301041666666667
235.2364559	0.301041666666667
235.2529449	0.301041666666667
235.2697406	0.301041666666667
235.2862772	0.301041666666667
235.303091	0.301041666666667
235.3195555	0.301041666666667
235.3361583	0.301041666666667
235.3526515	0.301041666666667
235.3691155	0.301041666666667
235.3863186	0.301041666666667
235.4028672	0.301041666666667
235.4193326	0.301041666666667
235.4362152	0.301041666666667
235.4526151	0.301041666666667
235.4698591	0.301041666666667
235.4863691	0.301041666666667
235.502679	0.301041666666667
235.5193984	0.301041666666667
235.5362128	0.301041666666667
235.55302	0.301041666666667
235.5696628	0.301041666666667
235.5863079	0.301041666666667
235.60302	0.301041666666667
235.6195598	0.301041666666667
235.6361546	0.301041666666667
235.6530459	0.301041666666667
235.6696926	0.301041666666667
235.6861191	0.301041666666667
235.7029296	0.301041666666667
235.7196245	0.301041666666667
235.7361719	0.301041666666667
235.7525818	0.301041666666667
235.7694867	0.301041666666667
235.7861082	0.301041666666667
235.8025789	0.301041666666667
235.8197386	0.301041666666667
235.8359103	0.301041666666667
235.8528538	0.301041666666667
235.8696609	0.301041666666667
235.8862589	0.301041666666667
235.9026237	0.301041666666667
235.9194686	0.301041666666667
235.9360153	0.301041666666667
235.9532288	0.301041666666667
235.969482	0.301041666666667
235.9860931	0.301041666666667
236.0030281	0.301041666666667
236.0196587	0.301041666666667
236.035949	0.301041666666667
236.0522578	0.301041666666667
236.0698173	0.301041666666667
236.0861485	0.301041666666667
236.103094	0.301041666666667
236.1195637	0.301041666666667
236.1361296	0.301041666666667
236.1530733	0.301041666666667
236.1695163	0.301041666666667
236.1859697	0.301041666666667
236.2021542	0.301041666666667
236.2201234	0.301041666666667
236.2360169	0.301041666666667
236.2525797	0.301041666666667
236.2696929	0.301041666666667
236.2859115	0.301041666666667
236.3029111	0.301041666666667
236.3191657	0.301041666666667
236.3361317	0.301041666666667
236.3527702	0.301041666666667
236.369586	0.301041666666667
236.3859835	0.301041666666667
236.4028102	0.301041666666667
236.4196127	0.301041666666667
236.4359662	0.301041666666667
236.4526529	0.301041666666667
236.469589	0.301041666666667
236.4858507	0.301041666666667
236.5029189	0.301041666666667
236.5198684	0.301041666666667
236.5360532	0.301041666666667
236.5529238	0.301041666666667
236.5697201	0.301041666666667
236.5858666	0.301041666666667
236.6027997	0.301041666666667
236.6201601	0.301041666666667
236.6361187	0.301041666666667
236.6526245	0.301041666666667
236.6692364	0.301041666666667
236.6860885	0.301041666666667
236.7023918	0.301041666666667
236.7194999	0.301041666666667
236.736125	0.301041666666667
236.7525803	0.301041666666667
236.7698108	0.301041666666667
236.786121	0.301041666666667
236.8027249	0.301041666666667
236.8196244	0.301041666666667
236.8362958	0.301041666666667
236.8528739	0.301041666666667
236.8694462	0.301041666666667
236.8862318	0.301041666666667
236.9029899	0.301041666666667
236.9195826	0.301041666666667
236.9358832	0.301041666666667
236.9531517	0.301041666666667
236.9696182	0.301041666666667
236.9862731	0.301041666666667
237.0026126	0.301041666666667
237.0197976	0.301041666666667
237.0360915	0.301041666666667
237.0524429	0.301041666666667
237.0693958	0.301041666666667
237.0863295	0.301041666666667
237.1025811	0.301041666666667
237.1195289	0.301041666666667
237.1361717	0.301041666666667
237.1527899	0.301041666666667
237.1694067	0.301041666666667
237.1861591	0.301041666666667
237.202835	0.301041666666667
237.2194355	0.301041666666667
237.2363337	0.301041666666667
237.2532483	0.301041666666667
237.2697301	0.301041666666667
237.2860635	0.301041666666667
237.3028541	0.301041666666667
237.3194433	0.301041666666667
237.3359998	0.301041666666667
237.3528515	0.301041666666667
237.3695206	0.301041666666667
237.3860902	0.301041666666667
237.4028625	0.301041666666667
237.4199789	0.301041666666667
237.4360345	0.301041666666667
237.4524266	0.301041666666667
237.4696038	0.301041666666667
237.4866348	0.301041666666667
237.5028186	0.301041666666667
237.5191541	0.301041666666667
237.5362063	0.301041666666667
237.5524941	0.301041666666667
237.5695228	0.301041666666667
237.5860698	0.301041666666667
237.6026419	0.301041666666667
237.6195941	0.301041666666667
237.6361854	0.301041666666667
237.6524489	0.301041666666667
237.66925	0.301041666666667
237.6860407	0.301041666666667
237.7026699	0.301041666666667
237.7191497	0.301041666666667
237.7360949	0.301041666666667
237.7526667	0.301041666666667
237.7697486	0.301041666666667
237.7857054	0.301041666666667
237.802696	0.301041666666667
237.8196273	0.301041666666667
237.8359831	0.301041666666667
237.8529172	0.301041666666667
237.8694276	0.301041666666667
237.8860298	0.301041666666667
237.9028293	0.301041666666667
237.9194082	0.301041666666667
237.9359882	0.301041666666667
237.9531132	0.301041666666667
237.9696903	0.301041666666667
237.9859264	0.301041666666667
238.002872	0.301041666666667
238.0194042	0.301041666666667
238.035837	0.301041666666667
238.0527197	0.301041666666667
238.0693597	0.301041666666667
238.0861279	0.301041666666667
238.103065	0.301041666666667
238.1194499	0.301041666666667
238.1361256	0.301041666666667
238.1527638	0.301041666666667
238.1696243	0.301041666666667
238.1861855	0.301041666666667
238.2027607	0.301041666666667
238.2196603	0.301041666666667
238.2361767	0.301041666666667
238.252731	0.301041666666667
238.2695057	0.301041666666667
238.2860245	0.301041666666667
238.3028819	0.301041666666667
238.3196065	0.301041666666667
238.3362653	0.301041666666667
238.3530976	0.301041666666667
238.3694778	0.301041666666667
238.3861287	0.301041666666667
238.4028266	0.301041666666667
238.4221076	0.301041666666667
238.4362735	0.301041666666667
238.4540363	0.301041666666667
238.4693201	0.301041666666667
238.4858769	0.301041666666667
238.5023661	0.301041666666667
238.5192303	0.301041666666667
238.5361053	0.301041666666667
238.5529243	0.301041666666667
238.5694575	0.301041666666667
238.5858719	0.301041666666667
238.6027772	0.301041666666667
238.6194921	0.301041666666667
238.6367515	0.301041666666667
238.6529502	0.301041666666667
238.6692701	0.301041666666667
238.6859737	0.301041666666667
238.7027953	0.301041666666667
238.7192026	0.301041666666667
238.7358204	0.301041666666667
238.7527499	0.301041666666667
238.76937	0.301041666666667
238.7861052	0.301041666666667
238.8024484	0.301041666666667
238.8195813	0.301041666666667
238.835903	0.301041666666667
238.8531059	0.301041666666667
238.8700006	0.301041666666667
238.8860481	0.301041666666667
238.9028581	0.301041666666667
238.9196497	0.301041666666667
238.9359656	0.301041666666667
238.9528138	0.301041666666667
238.9693794	0.301041666666667
238.9859199	0.301041666666667
239.0034208	0.301041666666667
239.0195339	0.301041666666667
239.0359134	0.301041666666667
239.0525972	0.301041666666667
239.069392	0.301041666666667
239.0860627	0.301041666666667
239.1027481	0.301041666666667
239.1193825	0.301041666666667
239.1359462	0.301041666666667
239.1528542	0.301041666666667
239.1692715	0.301041666666667
239.185797	0.301041666666667
239.2025852	0.301041666666667
239.2196831	0.301041666666667
239.2365624	0.301041666666667
239.2528353	0.301041666666667
239.2696591	0.301041666666667
239.2858561	0.301041666666667
239.3027651	0.301041666666667
239.319421	0.301041666666667
239.3361828	0.301041666666667
239.3528392	0.301041666666667
239.3694859	0.301041666666667
239.3858854	0.301041666666667
239.4029148	0.301041666666667
239.4193816	0.301041666666667
239.436088	0.301041666666667
239.4526419	0.301041666666667
239.4692948	0.301041666666667
239.4859088	0.301041666666667
239.5027001	0.301041666666667
239.5194784	0.301041666666667
239.5360289	0.301041666666667
239.55241	0.301041666666667
239.5690385	0.301041666666667
239.5861809	0.301041666666667
239.6027188	0.301041666666667
239.6194361	0.301041666666667
239.6360256	0.301041666666667
239.6525491	0.301041666666667
239.6695348	0.301041666666667
239.685981	0.301041666666667
239.7028778	0.301041666666667
239.7191227	0.301041666666667
239.7358576	0.301041666666667
239.7529053	0.301041666666667
239.7694649	0.301041666666667
239.7862357	0.301041666666667
239.8030612	0.301041666666667
239.819573	0.301041666666667
239.8361105	0.301041666666667
239.8528056	0.301041666666667
239.8697022	0.301041666666667
239.8858654	0.301041666666667
239.9028755	0.301041666666667
239.9195002	0.301041666666667
239.9359266	0.301041666666667
239.9526403	0.301041666666667
239.9690587	0.301041666666667
239.9859999	0.301041666666667
240.0030149	0.301041666666667
240.0198198	0.301041666666667
240.0360397	0.301041666666667
240.0524501	0.301041666666667
240.0695324	0.301041666666667
240.085888	0.301041666666667
240.1024715	0.301041666666667
240.1192838	0.301041666666667
240.1360455	0.301041666666667
240.1527248	0.301041666666667
240.1691771	0.301041666666667
240.1858175	0.301041666666667
240.2029841	0.301041666666667
240.2192028	0.301041666666667
240.2361182	0.301041666666667
240.2533789	0.301041666666667
240.2692521	0.301041666666667
240.2858731	0.301041666666667
240.3037514	0.301041666666667
240.3195439	0.301041666666667
240.3358037	0.301041666666667
240.3525755	0.301041666666667
240.3692588	0.301041666666667
240.3858465	0.301041666666667
240.4067711	0.301041666666667
240.4193976	0.301041666666667
240.436698	0.301041666666667
240.4525195	0.301041666666667
240.4695474	0.301041666666667
240.4859459	0.301041666666667
240.5028034	0.301041666666667
240.519568	0.301041666666667
240.5360556	0.301041666666667
240.5527601	0.301041666666667
240.5694181	0.301041666666667
240.5860084	0.301041666666667
240.6028592	0.301041666666667
240.6195182	0.301041666666667
240.6358208	0.301041666666667
240.6529633	0.301041666666667
240.6693364	0.301041666666667
240.6862084	0.301041666666667
240.7028986	0.301041666666667
240.7195182	0.301041666666667
240.7359338	0.301041666666667
240.7528679	0.301041666666667
240.7693031	0.301041666666667
240.7860044	0.301041666666667
240.8028433	0.301041666666667
240.8195254	0.301041666666667
240.835998	0.301041666666667
240.8526096	0.301041666666667
240.8695666	0.301041666666667
240.8861897	0.301041666666667
240.9025212	0.301041666666667
240.9190279	0.301041666666667
240.9357895	0.301041666666667
240.9526107	0.301041666666667
240.9694296	0.301041666666667
240.9856237	0.301041666666667
241.0024388	0.301041666666667
241.0195713	0.301041666666667
241.0360533	0.301041666666667
241.052722	0.301041666666667
241.069472	0.301041666666667
241.0858675	0.301041666666667
241.1028376	0.301041666666667
241.11932	0.301041666666667
241.1360239	0.301041666666667
241.1526912	0.301041666666667
241.1700091	0.301041666666667
241.1859058	0.301041666666667
241.2027893	0.301041666666667
241.219925	0.301041666666667
241.2359443	0.301041666666667
241.2527568	0.301041666666667
241.2692603	0.301041666666667
241.2859748	0.301041666666667
241.3023533	0.301041666666667
241.3192699	0.301041666666667
241.335543	0.301041666666667
241.3530605	0.301041666666667
241.3694296	0.301041666666667
241.386201	0.301041666666667
241.4028313	0.301041666666667
241.4195397	0.301041666666667
241.4359487	0.301041666666667
241.4530519	0.301041666666667
241.4694164	0.301041666666667
241.48593	0.301041666666667
241.502456	0.301041666666667
241.5190724	0.301041666666667
241.5356279	0.301041666666667
241.5527924	0.301041666666667
241.5692765	0.301041666666667
241.5855093	0.301041666666667
241.6029905	0.301041666666667
241.6198412	0.301041666666667
241.6364445	0.301041666666667
241.6529551	0.301041666666667
241.6694043	0.301041666666667
241.685835	0.301041666666667
241.7025928	0.301041666666667
241.7195927	0.301041666666667
241.7356649	0.301041666666667
241.7528742	0.301041666666667
241.7690461	0.301041666666667
241.7858315	0.301041666666667
241.8028704	0.301041666666667
241.8197675	0.301041666666667
241.8357011	0.301041666666667
241.8527984	0.301041666666667
241.8693883	0.301041666666667
241.8855706	0.301041666666667
241.9027889	0.301041666666667
241.9194609	0.301041666666667
241.9357692	0.301041666666667
241.9531002	0.301041666666667
241.9688949	0.301041666666667
241.9857875	0.301041666666667
242.0074918	0.301041666666667
242.0190136	0.301041666666667
242.0356888	0.301041666666667
242.0527663	0.301041666666667
242.069113	0.301041666666667
242.0861344	0.301041666666667
242.1029606	0.301041666666667
242.1193945	0.301041666666667
242.1358683	0.301041666666667
242.1525718	0.301041666666667
242.1694235	0.301041666666667
242.1857482	0.301041666666667
242.2024365	0.301041666666667
242.2194771	0.301041666666667
242.2356489	0.301041666666667
242.2527287	0.301041666666667
242.2694215	0.301041666666667
242.2855149	0.301041666666667
242.3030122	0.301041666666667
242.3193558	0.301041666666667
242.335837	0.301041666666667
242.3523107	0.301041666666667
242.3689918	0.301041666666667
242.385781	0.301041666666667
242.4027394	0.301041666666667
242.4193659	0.301041666666667
242.4358712	0.301041666666667
242.4523024	0.301041666666667
242.4692148	0.301041666666667
242.4856825	0.301041666666667
242.5029098	0.301041666666667
242.5192769	0.301041666666667
242.5358994	0.301041666666667
242.5530543	0.301041666666667
242.5695718	0.301041666666667
242.5857349	0.301041666666667
242.6028125	0.301041666666667
242.6194582	0.301041666666667
242.6357047	0.301041666666667
242.6525867	0.301041666666667
242.6695651	0.301041666666667
242.6857483	0.301041666666667
242.7026841	0.301041666666667
242.719407	0.301041666666667
242.7354453	0.301041666666667
242.7525469	0.301041666666667
242.7691718	0.301041666666667
242.7858754	0.301041666666667
242.8029678	0.301041666666667
242.8192171	0.301041666666667
242.8357054	0.301041666666667
242.8529524	0.301041666666667
242.8695023	0.301041666666667
242.8857345	0.301041666666667
242.9029301	0.301041666666667
242.9192849	0.301041666666667
242.935422	0.301041666666667
242.9533144	0.301041666666667
242.9694304	0.301041666666667
242.9857038	0.301041666666667
243.0024967	0.301041666666667
243.0197383	0.301041666666667
243.0357205	0.301041666666667
243.0525143	0.301041666666667
243.0694858	0.301041666666667
243.0859338	0.301041666666667
243.1027894	0.301041666666667
243.1193934	0.301041666666667
243.1356494	0.301041666666667
243.1527632	0.301041666666667
243.1691839	0.301041666666667
243.1856885	0.301041666666667
243.2028123	0.301041666666667
243.2195037	0.301041666666667
243.2357073	0.301041666666667
243.2527093	0.301041666666667
243.2691713	0.301041666666667
243.2857267	0.301041666666667
243.3026382	0.301041666666667
243.3188479	0.301041666666667
243.3356363	0.301041666666667
243.3532895	0.301041666666667
243.3693402	0.301041666666667
243.3856352	0.301041666666667
243.4025618	0.301041666666667
243.4194009	0.301041666666667
243.4359324	0.301041666666667
243.4527308	0.301041666666667
243.4695213	0.301041666666667
243.4857856	0.301041666666667
243.5026857	0.301041666666667
243.5195154	0.301041666666667
243.5355771	0.301041666666667
243.5526346	0.301041666666667
243.569201	0.301041666666667
243.5855032	0.301041666666667
243.6027287	0.301041666666667
243.6194235	0.301041666666667
243.6355585	0.301041666666667
243.6529402	0.301041666666667
243.6695504	0.301041666666667
243.6857038	0.301041666666667
243.7027514	0.301041666666667
243.7190791	0.301041666666667
243.7360121	0.301041666666667
243.7529849	0.301041666666667
243.769682	0.301041666666667
243.7857271	0.301041666666667
243.8028421	0.301041666666667
243.8190281	0.301041666666667
243.8358938	0.301041666666667
243.8526055	0.301041666666667
243.8691723	0.301041666666667
243.8857356	0.301041666666667
243.9024723	0.301041666666667
243.9195277	0.301041666666667
243.9359104	0.301041666666667
243.9526643	0.301041666666667
243.9692366	0.301041666666667
243.9855926	0.301041666666667
244.0025097	0.301041666666667
244.0195268	0.301041666666667
244.0355295	0.301041666666667
244.0526965	0.301041666666667
244.0694047	0.301041666666667
244.0860594	0.301041666666667
244.1026072	0.301041666666667
244.1192973	0.301041666666667
244.1356191	0.301041666666667
244.1526601	0.301041666666667
244.1693459	0.301041666666667
244.1856664	0.301041666666667
244.2028262	0.301041666666667
244.2192063	0.301041666666667
244.2355897	0.301041666666667
244.2523818	0.301041666666667
244.2689768	0.301041666666667
244.2856082	0.301041666666667
244.3026855	0.301041666666667
244.3193707	0.301041666666667
244.3357857	0.301041666666667
244.3528232	0.301041666666667
244.3691722	0.301041666666667
244.3857618	0.301041666666667
244.4026321	0.301041666666667
244.419371	0.301041666666667
244.436084	0.301041666666667
244.4528951	0.301041666666667
244.4692293	0.301041666666667
244.4855924	0.301041666666667
244.5026851	0.301041666666667
244.5193325	0.301041666666667
244.5355744	0.301041666666667
244.5525434	0.301041666666667
244.5693887	0.301041666666667
244.5857106	0.301041666666667
244.6026696	0.301041666666667
244.6192695	0.301041666666667
244.6354928	0.301041666666667
244.6523804	0.301041666666667
244.6690571	0.301041666666667
244.6863466	0.301041666666667
244.7024294	0.301041666666667
244.719078	0.301041666666667
244.7358831	0.301041666666667
244.75252	0.301041666666667
244.7692481	0.301041666666667
244.7855209	0.301041666666667
244.8025877	0.301041666666667
244.8191493	0.301041666666667
244.8358433	0.301041666666667
244.8525039	0.301041666666667
244.8692699	0.301041666666667
244.8855144	0.301041666666667
244.9026327	0.301041666666667
244.9192215	0.301041666666667
244.9358984	0.301041666666667
244.9528574	0.301041666666667
244.9692961	0.301041666666667
244.985675	0.301041666666667
245.0028217	0.301041666666667
245.0191482	0.301041666666667
245.0354946	0.301041666666667
245.052548	0.301041666666667
245.0693697	0.301041666666667
245.0855717	0.301041666666667
245.1027987	0.301041666666667
245.1197398	0.301041666666667
245.1355578	0.301041666666667
245.1526833	0.301041666666667
245.168892	0.301041666666667
245.1861606	0.301041666666667
245.2022533	0.301041666666667
245.2193089	0.301041666666667
245.2355735	0.301041666666667
245.2523397	0.301041666666667
245.2691846	0.301041666666667
245.2861725	0.301041666666667
245.3027495	0.301041666666667
245.3192228	0.301041666666667
245.3358477	0.301041666666667
245.3526937	0.301041666666667
245.3689893	0.301041666666667
245.3858541	0.301041666666667
245.4025342	0.301041666666667
245.4194663	0.301041666666667
245.4356303	0.301041666666667
245.4522496	0.301041666666667
245.469172	0.301041666666667
245.485657	0.301041666666667
245.5025472	0.301041666666667
245.5192163	0.301041666666667
245.5358907	0.301041666666667
245.5525212	0.301041666666667
245.568894	0.301041666666667
245.5854931	0.301041666666667
245.6026767	0.301041666666667
245.6193958	0.301041666666667
245.6356315	0.301041666666667
245.652624	0.301041666666667
245.6694608	0.301041666666667
245.6858417	0.301041666666667
245.7025511	0.301041666666667
245.7189066	0.301041666666667
245.7356655	0.301041666666667
245.7526243	0.301041666666667
245.7698594	0.301041666666667
245.7856207	0.301041666666667
245.8024768	0.301041666666667
245.819429	0.301041666666667
245.83547	0.301041666666667
245.8524499	0.301041666666667
245.8690413	0.301041666666667
245.8862778	0.301041666666667
245.9026446	0.301041666666667
245.9191828	0.301041666666667
245.9355977	0.301041666666667
245.9522955	0.301041666666667
245.968716	0.301041666666667
245.9855307	0.301041666666667
246.0025427	0.301041666666667
246.0190577	0.301041666666667
246.0356482	0.301041666666667
246.0526879	0.301041666666667
246.0689391	0.301041666666667
246.0858696	0.301041666666667
246.1022634	0.301041666666667
246.119035	0.301041666666667
246.1357197	0.301041666666667
246.1528278	0.301041666666667
246.1689089	0.301041666666667
246.1855768	0.301041666666667
246.2026322	0.301041666666667
246.2192801	0.301041666666667
246.2359185	0.301041666666667
246.2524587	0.301041666666667
246.2689937	0.301041666666667
246.2860237	0.301041666666667
246.302701	0.301041666666667
246.319139	0.301041666666667
246.3358557	0.301041666666667
246.3527578	0.301041666666667
246.3687895	0.301041666666667
246.3855839	0.301041666666667
246.4025596	0.301041666666667
246.4190926	0.301041666666667
246.4359888	0.301041666666667
246.4526436	0.301041666666667
246.4689856	0.301041666666667
246.4858152	0.301041666666667
246.5023897	0.301041666666667
246.5191135	0.301041666666667
246.5353779	0.301041666666667
246.5526107	0.301041666666667
246.5693735	0.301041666666667
246.5860573	0.301041666666667
246.6026022	0.301041666666667
246.6192699	0.301041666666667
246.6354663	0.301041666666667
246.6527763	0.301041666666667
246.6688738	0.301041666666667
246.6861334	0.301041666666667
246.70261	0.301041666666667
246.7192648	0.301041666666667
246.7364479	0.301041666666667
246.7524751	0.301041666666667
246.7691238	0.301041666666667
246.7858557	0.301041666666667
246.8026438	0.301041666666667
246.8192292	0.301041666666667
246.8356555	0.301041666666667
246.8521195	0.301041666666667
246.8687196	0.301041666666667
246.8858485	0.301041666666667
246.9026109	0.301041666666667
246.9187189	0.301041666666667
246.9356258	0.301041666666667
246.952503	0.301041666666667
246.9692935	0.301041666666667
246.9855435	0.301041666666667
247.0025478	0.301041666666667
247.0194523	0.301041666666667
247.0358253	0.301041666666667
247.0525428	0.301041666666667
247.069381	0.301041666666667
247.0857406	0.301041666666667
247.1028407	0.301041666666667
247.1193283	0.301041666666667
247.1357664	0.301041666666667
247.1527683	0.301041666666667
247.1692834	0.301041666666667
247.1858668	0.301041666666667
247.2027405	0.301041666666667
247.2192342	0.301041666666667
247.2356429	0.301041666666667
247.2522074	0.301041666666667
247.2691728	0.301041666666667
247.2855329	0.301041666666667
247.3024387	0.301041666666667
247.3189319	0.301041666666667
247.3353578	0.301041666666667
247.3525341	0.301041666666667
247.3692742	0.301041666666667
247.3857973	0.301041666666667
247.4022724	0.301041666666667
247.4194359	0.301041666666667
247.4360173	0.301041666666667
247.4526005	0.301041666666667
247.4692774	0.301041666666667
247.4859541	0.301041666666667
247.5022187	0.301041666666667
247.518899	0.301041666666667
247.5362244	0.301041666666667
247.5525806	0.301041666666667
247.5694689	0.301041666666667
247.5856576	0.301041666666667
247.6028666	0.301041666666667
247.6190579	0.301041666666667
247.6356465	0.301041666666667
247.6522227	0.301041666666667
247.6693147	0.301041666666667
247.6860492	0.301041666666667
247.7024582	0.301041666666667
247.7193237	0.301041666666667
247.7355555	0.301041666666667
247.7526308	0.301041666666667
247.7692444	0.301041666666667
247.7857131	0.301041666666667
247.8023191	0.301041666666667
247.8189617	0.301041666666667
247.8354846	0.301041666666667
247.8525403	0.301041666666667
247.8691548	0.301041666666667
247.8858588	0.301041666666667
247.902617	0.301041666666667
247.9189509	0.301041666666667
247.9381801	0.301041666666667
247.9539348	0.301041666666667
247.9690787	0.301041666666667
247.9854864	0.301041666666667
248.0026066	0.301041666666667
248.0192114	0.301041666666667
248.035617	0.301041666666667
248.0523926	0.301041666666667
248.0690972	0.301041666666667
248.0855583	0.301041666666667
248.102584	0.301041666666667
248.1192089	0.301041666666667
248.1357034	0.301041666666667
248.1524625	0.301041666666667
248.1690419	0.301041666666667
248.1857264	0.301041666666667
248.2022697	0.301041666666667
248.2191667	0.301041666666667
248.2358618	0.301041666666667
248.2524151	0.301041666666667
248.268864	0.301041666666667
248.2855325	0.301041666666667
248.3023703	0.301041666666667
248.3191432	0.301041666666667
248.3358035	0.301041666666667
248.3524776	0.301041666666667
248.3692751	0.301041666666667
248.385499	0.301041666666667
248.4022528	0.301041666666667
248.4196407	0.301041666666667
248.435588	0.301041666666667
248.4527389	0.301041666666667
248.4690086	0.301041666666667
248.4859355	0.301041666666667
248.5022155	0.301041666666667
248.518771	0.301041666666667
248.5359144	0.301041666666667
248.5525542	0.301041666666667
248.5693795	0.301041666666667
248.5858311	0.301041666666667
248.6023965	0.301041666666667
248.6192369	0.301041666666667
248.6356539	0.301041666666667
248.6522061	0.301041666666667
248.6690954	0.301041666666667
248.687541	0.301041666666667
248.7026788	0.301041666666667
248.7190885	0.301041666666667
248.7359708	0.301041666666667
248.7524858	0.301041666666667
248.7687467	0.301041666666667
248.7853328	0.301041666666667
248.8024431	0.301041666666667
248.819214	0.301041666666667
248.8358787	0.301041666666667
248.8527932	0.301041666666667
248.869035	0.301041666666667
248.8856978	0.301041666666667
248.9024133	0.301041666666667
248.9193902	0.301041666666667
248.9354878	0.301041666666667
248.9522172	0.301041666666667
248.9689802	0.301041666666667
248.9856948	0.301041666666667
249.0022031	0.301041666666667
249.0193291	0.301041666666667
249.0358767	0.301041666666667
249.0523896	0.301041666666667
249.0691087	0.301041666666667
249.0855383	0.301041666666667
249.1021645	0.301041666666667
249.118802	0.301041666666667
249.1355161	0.301041666666667
249.1522672	0.301041666666667
249.1688289	0.301041666666667
249.1856793	0.301041666666667
249.2022656	0.301041666666667
249.2189791	0.301041666666667
249.2355694	0.301041666666667
249.2518929	0.301041666666667
249.2692137	0.301041666666667
249.2855913	0.301041666666667
249.3023991	0.301041666666667
249.3194007	0.301041666666667
249.3359506	0.301041666666667
249.3526673	0.301041666666667
249.3688946	0.301041666666667
249.3858293	0.301041666666667
249.4025456	0.301041666666667
249.4192524	0.301041666666667
249.4355972	0.301041666666667
249.4527395	0.301041666666667
249.4689011	0.301041666666667
249.4856591	0.301041666666667
249.5027533	0.301041666666667
249.5189773	0.301041666666667
249.535516	0.301041666666667
249.5522187	0.301041666666667
249.5691172	0.301041666666667
249.5854598	0.301041666666667
249.6023524	0.301041666666667
249.6189647	0.301041666666667
249.6353916	0.301041666666667
249.6521977	0.301041666666667
249.6687807	0.301041666666667
249.685505	0.301041666666667
249.7021873	0.301041666666667
249.7189125	0.301041666666667
249.7356248	0.301041666666667
249.7525088	0.301041666666667
249.7686934	0.301041666666667
249.7857537	0.301041666666667
249.8025008	0.301041666666667
249.8191487	0.301041666666667
249.8357951	0.301041666666667
249.8524527	0.301041666666667
249.8689897	0.301041666666667
249.885606	0.301041666666667
249.9027911	0.301041666666667
249.9188966	0.301041666666667
249.9353643	0.301041666666667
249.9527014	0.301041666666667
249.9687775	0.301041666666667
249.9855582	0.301041666666667
250.0026487	0.301041666666667
250.0189215	0.301041666666667
250.0356643	0.301041666666667
250.052442	0.301041666666667
250.0690471	0.301041666666667
250.0856337	0.301041666666667
250.1027263	0.301041666666667
250.1190021	0.301041666666667
250.1358219	0.301041666666667
250.1525555	0.301041666666667
250.1689539	0.301041666666667
250.1854075	0.301041666666667
250.2025212	0.301041666666667
250.21851	0.301041666666667
250.2355647	0.301041666666667
250.2525039	0.301041666666667
250.2686271	0.301041666666667
250.2858182	0.301041666666667
250.3024797	0.301041666666667
250.3185666	0.301041666666667
250.3358194	0.301041666666667
250.352648	0.301041666666667
250.3691824	0.301041666666667
250.3855401	0.301041666666667
250.4024059	0.301041666666667
250.4193396	0.301041666666667
250.4359419	0.301041666666667
250.4525346	0.301041666666667
250.4689528	0.301041666666667
250.4856059	0.301041666666667
250.5023324	0.301041666666667
250.5190536	0.301041666666667
250.535758	0.301041666666667
250.5527276	0.301041666666667
250.5689494	0.301041666666667
250.5856953	0.301041666666667
250.6025732	0.301041666666667
250.6185721	0.301041666666667
250.6355273	0.301041666666667
250.6523719	0.301041666666667
250.6689789	0.301041666666667
250.6857153	0.301041666666667
250.7021023	0.301041666666667
250.7190553	0.301041666666667
250.7356847	0.301041666666667
250.7524184	0.301041666666667
250.7685947	0.301041666666667
250.7858284	0.301041666666667
250.8022962	0.301041666666667
250.8188283	0.301041666666667
250.8358872	0.301041666666667
250.8524777	0.301041666666667
250.8688666	0.301041666666667
250.8854584	0.301041666666667
250.9024785	0.301041666666667
250.9187887	0.301041666666667
250.9353783	0.301041666666667
250.952504	0.301041666666667
250.9687712	0.301041666666667
250.9858747	0.301041666666667
251.0028089	0.301041666666667
251.0188184	0.301041666666667
251.0358151	0.301041666666667
251.0523223	0.301041666666667
251.0687823	0.301041666666667
251.0856294	0.301041666666667
251.1021987	0.301041666666667
251.1184718	0.301041666666667
251.1355725	0.301041666666667
251.1522972	0.301041666666667
251.1688831	0.301041666666667
251.1853727	0.301041666666667
251.2024537	0.301041666666667
251.2187739	0.301041666666667
251.235436	0.301041666666667
251.2525765	0.301041666666667
251.269018	0.301041666666667
251.2857727	0.301041666666667
251.302541	0.301041666666667
251.3188466	0.301041666666667
251.3363764	0.301041666666667
251.3521052	0.301041666666667
251.3688781	0.301041666666667
251.385575	0.301041666666667
251.4023959	0.301041666666667
251.4190226	0.301041666666667
251.4353382	0.301041666666667
251.4524705	0.301041666666667
251.4686906	0.301041666666667
251.4862467	0.301041666666667
251.5022145	0.301041666666667
251.518423	0.301041666666667
251.5357745	0.301041666666667
251.5522509	0.301041666666667
251.5685586	0.301041666666667
251.5856505	0.301041666666667
251.6025155	0.301041666666667
251.6184513	0.301041666666667
251.6354181	0.301041666666667
251.6523109	0.301041666666667
251.6689417	0.301041666666667
251.6853324	0.301041666666667
251.7024761	0.301041666666667
251.7184489	0.301041666666667
251.7363752	0.301041666666667
251.7529624	0.301041666666667
251.7687259	0.301041666666667
251.7854945	0.301041666666667
251.8026398	0.301041666666667
251.8188939	0.301041666666667
251.8353802	0.301041666666667
251.8523052	0.301041666666667
251.8685759	0.301041666666667
251.8854395	0.301041666666667
251.9024143	0.301041666666667
251.9190104	0.301041666666667
251.9357288	0.301041666666667
251.9521449	0.301041666666667
251.9686146	0.301041666666667
251.9854267	0.301041666666667
252.0021779	0.301041666666667
252.0191912	0.301041666666667
252.0355852	0.301041666666667
252.0522016	0.301041666666667
252.0689142	0.301041666666667
252.0854565	0.301041666666667
252.1024303	0.301041666666667
252.1184887	0.301041666666667
252.1355494	0.301041666666667
252.1524298	0.301041666666667
252.168536	0.301041666666667
252.1853979	0.301041666666667
252.2028073	0.301041666666667
252.218427	0.301041666666667
252.2359188	0.301041666666667
252.2527349	0.301041666666667
252.2687573	0.301041666666667
252.285717	0.301041666666667
252.3022395	0.301041666666667
252.3184197	0.301041666666667
252.3353513	0.301041666666667
252.3524218	0.301041666666667
252.3690428	0.301041666666667
252.385394	0.301041666666667
252.4024418	0.301041666666667
252.4186753	0.301041666666667
252.4355089	0.301041666666667
252.4521294	0.301041666666667
252.4685384	0.301041666666667
252.485609	0.301041666666667
252.5023598	0.301041666666667
252.5184524	0.301041666666667
252.535618	0.301041666666667
252.55204	0.301041666666667
252.5686334	0.301041666666667
252.5855844	0.301041666666667
252.6020732	0.301041666666667
252.6189386	0.301041666666667
252.6354921	0.301041666666667
252.6522182	0.301041666666667
252.6694433	0.301041666666667
252.6853785	0.301041666666667
252.7021417	0.301041666666667
252.7188553	0.301041666666667
252.7355043	0.301041666666667
252.7520618	0.301041666666667
252.7689559	0.301041666666667
252.7856757	0.301041666666667
252.8025434	0.301041666666667
252.818472	0.301041666666667
252.8352675	0.301041666666667
252.8523934	0.301041666666667
252.8688687	0.301041666666667
252.8853882	0.301041666666667
252.9024767	0.301041666666667
252.9186775	0.301041666666667
252.9354858	0.301041666666667
252.9525874	0.301041666666667
252.9684983	0.301041666666667
252.9856198	0.301041666666667
253.0022839	0.301041666666667
253.0191865	0.301041666666667
253.0356651	0.301041666666667
253.0524332	0.301041666666667
253.0688351	0.301041666666667
253.0853623	0.301041666666667
253.1022769	0.301041666666667
253.1188901	0.301041666666667
253.1358394	0.301041666666667
253.1527538	0.301041666666667
253.1691685	0.301041666666667
253.1855042	0.301041666666667
253.2025066	0.301041666666667
253.2189511	0.301041666666667
253.235699	0.301041666666667
253.2527545	0.301041666666667
253.2688718	0.301041666666667
253.2856581	0.301041666666667
253.30212	0.301041666666667
253.3184741	0.301041666666667
253.3355338	0.301041666666667
253.3526058	0.301041666666667
253.3692145	0.301041666666667
253.3859115	0.301041666666667
253.4026369	0.301041666666667
253.4185486	0.301041666666667
253.435687	0.301041666666667
253.4527466	0.301041666666667
253.4688576	0.301041666666667
253.485518	0.301041666666667
253.5023824	0.301041666666667
253.5186366	0.301041666666667
253.5353251	0.301041666666667
253.5519709	0.301041666666667
253.56893	0.301041666666667
253.5858445	0.301041666666667
253.6023171	0.301041666666667
253.6189017	0.301041666666667
253.6358578	0.301041666666667
253.6522726	0.301041666666667
253.6687877	0.301041666666667
253.6853584	0.301041666666667
253.7021152	0.301041666666667
253.7186349	0.301041666666667
253.7352488	0.301041666666667
253.7518771	0.301041666666667
253.7690543	0.301041666666667
253.7855687	0.301041666666667
253.8023687	0.301041666666667
253.8186153	0.301041666666667
253.8352653	0.301041666666667
253.8523871	0.301041666666667
253.8687829	0.301041666666667
253.8854052	0.301041666666667
253.9024292	0.301041666666667
253.9184544	0.301041666666667
253.9353181	0.301041666666667
253.9519213	0.301041666666667
253.9688353	0.301041666666667
253.9858032	0.301041666666667
254.0021957	0.301041666666667
254.0186858	0.301041666666667
254.0356141	0.301041666666667
254.0525125	0.301041666666667
254.06857	0.301041666666667
254.0856046	0.301041666666667
254.1024813	0.301041666666667
254.1190624	0.301041666666667
254.135564	0.301041666666667
254.1525679	0.301041666666667
254.1689202	0.301041666666667
254.1854049	0.301041666666667
254.2019638	0.301041666666667
254.2196277	0.301041666666667
254.235591	0.301041666666667
254.2523178	0.301041666666667
254.2686714	0.301041666666667
254.2854759	0.301041666666667
254.3020007	0.301041666666667
254.3189494	0.301041666666667
254.3354057	0.301041666666667
254.3523781	0.301041666666667
254.3694224	0.301041666666667
254.3854263	0.301041666666667
254.4022634	0.301041666666667
254.4191847	0.301041666666667
254.4355327	0.301041666666667
254.4523641	0.301041666666667
254.4689615	0.301041666666667
254.4855032	0.301041666666667
254.5022002	0.301041666666667
254.5186743	0.301041666666667
254.5355591	0.301041666666667
254.5524316	0.301041666666667
254.5689445	0.301041666666667
254.5853897	0.301041666666667
254.6019134	0.301041666666667
254.618473	0.301041666666667
254.6354939	0.301041666666667
254.6519545	0.301041666666667
254.6684128	0.301041666666667
254.6857257	0.301041666666667
254.7020728	0.301041666666667
254.7191903	0.301041666666667
254.7355899	0.301041666666667
254.752308	0.301041666666667
254.7691548	0.301041666666667
254.7854695	0.301041666666667
254.8022194	0.301041666666667
254.8183968	0.301041666666667
254.8354942	0.301041666666667
254.852332	0.301041666666667
254.8687868	0.301041666666667
254.8854131	0.301041666666667
254.9019682	0.301041666666667
254.91842	0.301041666666667
254.9352939	0.301041666666667
254.9523073	0.301041666666667
254.9691811	0.301041666666667
254.9856453	0.301041666666667
255.0021687	0.301041666666667
255.0190858	0.301041666666667
255.0355313	0.301041666666667
255.0521719	0.301041666666667
255.0689907	0.301041666666667
255.0857643	0.301041666666667
255.1021299	0.301041666666667
255.1189492	0.301041666666667
255.1353472	0.301041666666667
255.1520203	0.301041666666667
255.1691455	0.301041666666667
255.1853558	0.301041666666667
255.2022957	0.301041666666667
255.2184739	0.301041666666667
255.2359341	0.301041666666667
255.2522957	0.301041666666667
255.268923	0.301041666666667
255.2853144	0.301041666666667
255.3022235	0.301041666666667
255.3183488	0.301041666666667
255.3357102	0.301041666666667
255.3522762	0.301041666666667
255.3684119	0.301041666666667
255.3854433	0.301041666666667
255.4022061	0.301041666666667
255.4189975	0.301041666666667
255.4356366	0.301041666666667
255.4522684	0.301041666666667
255.4687419	0.301041666666667
255.4860329	0.301041666666667
255.5022773	0.301041666666667
255.5189435	0.301041666666667
255.5356294	0.301041666666667
255.5526897	0.301041666666667
255.5684586	0.301041666666667
255.5854989	0.301041666666667
255.6018835	0.301041666666667
255.6182978	0.301041666666667
255.6353905	0.301041666666667
255.6522268	0.301041666666667
255.6689475	0.301041666666667
255.6852782	0.301041666666667
255.7021507	0.301041666666667
255.7187122	0.301041666666667
255.7355662	0.301041666666667
255.7523775	0.301041666666667
255.768865	0.301041666666667
255.7854691	0.301041666666667
255.8022017	0.301041666666667
255.8190293	0.301041666666667
255.8354988	0.301041666666667
255.8522158	0.301041666666667
255.8686002	0.301041666666667
255.8855356	0.301041666666667
255.9025723	0.301041666666667
255.9189055	0.301041666666667
255.9353901	0.301041666666667
255.9519671	0.301041666666667
255.9684045	0.301041666666667
255.9858703	0.31875
256.0025054	0.346875
256.0195074	0.371875
256.0354389	0.38125
256.0524095	0.389583333333333
256.0689309	0.389583333333333
256.085466	0.389583333333333
256.102074	0.389583333333333
256.1189375	0.389583333333333
256.1353835	0.389583333333333
256.151779	0.389583333333333
256.1688758	0.389583333333333
256.1853141	0.389583333333333
256.2019651	0.389583333333333
256.2190436	0.389583333333333
256.2356633	0.389583333333333
256.2520096	0.389583333333333
256.2685683	0.389583333333333
256.2854627	0.389583333333333
256.3019101	0.389583333333333
256.3192743	0.372916666666667
256.3354088	0.364583333333333
256.352283	0.35625
256.3689261	0.35625
256.3854514	0.35625
256.4017681	0.35625
256.418896	0.35625
256.4352376	0.35625
256.4524838	0.35625
256.4685252	0.35625
256.4854965	0.35625
256.5021508	0.35625
256.5188422	0.35625
256.5353334	0.35625
256.5525324	0.35625
256.5688942	0.35625
256.5853638	0.35625
256.602325	0.35625
256.6190282	0.35625
256.6353455	0.35625
256.6523726	0.35625
256.6689481	0.35625
256.685334	0.35625
256.7019812	0.35625
256.7187325	0.35625
256.7384145	0.35625
256.752672	0.35625
256.7735675	0.35625
256.7897234	0.35625
256.8023715	0.35625
256.8186396	0.35625
256.8354171	0.35625
256.8521062	0.35625
256.86877	0.35625
256.8854481	0.35625
256.9021429	0.35625
256.9186	0.35625
256.9351292	0.35625
256.9519116	0.35625
256.9689708	0.35625
256.9854823	0.35625
257.002068	0.35625
257.0192866	0.35625
257.0352501	0.35625
257.0517684	0.35625
257.0688279	0.35625
257.0851426	0.35625
257.1021392	0.35625
257.1186453	0.35625
257.1352046	0.35625
257.1521253	0.35625
257.1684863	0.35625
257.1854389	0.35625
257.2020607	0.35625
257.219022	0.35625
257.2353719	0.35625
257.2520118	0.35625
257.2690987	0.35625
257.2853621	0.35625
257.3020844	0.35625
257.3187281	0.35625
257.3356094	0.35625
257.352142	0.35625
257.3689166	0.35625
257.3851346	0.35625
257.4019052	0.35625
257.4190379	0.35625
257.4352001	0.35625
257.4519521	0.35625
257.4688391	0.35625
257.4854565	0.35625
257.5019629	0.35625
257.5188739	0.35625
257.535588	0.35625
257.551872	0.35625
257.5692257	0.35625
257.5855629	0.35625
257.6019749	0.35625
257.6184295	0.35625
257.6355097	0.35625
257.6520865	0.35625
257.6689455	0.35625
257.6854483	0.35625
257.7020931	0.35625
257.7188927	0.35625
257.7356232	0.35625
257.7520039	0.35625
257.7685576	0.35625
257.7855042	0.35625
257.8019031	0.35625
257.819415	0.35625
257.8353002	0.35625
257.8516897	0.35625
257.8686012	0.35625
257.8851339	0.35625
257.9016661	0.35625
257.9188526	0.35625
257.9351227	0.35625
257.9519493	0.35625
257.9693147	0.35625
257.9853737	0.35625
258.0021467	0.35625
258.0194008	0.35625
258.0356647	0.35625
258.0516287	0.35625
258.0691407	0.35625
258.0852949	0.35625
258.1019563	0.35625
258.1188625	0.35625
258.1355488	0.35625
258.1522035	0.35625
258.1691694	0.35625
258.1858462	0.35625
258.2021958	0.35625
258.2190157	0.35625
258.2352704	0.35625
258.251869	0.35625
258.2686359	0.35625
258.2852627	0.35625
258.3020363	0.35625
258.3187091	0.35625
258.3352531	0.35625
258.3517959	0.35625
258.3684484	0.35625
258.385515	0.35625
258.4021789	0.35625
258.4189628	0.35625
258.4355676	0.35625
258.4521166	0.35625
258.4687712	0.35625
258.4854431	0.35625
258.5021361	0.35625
258.5188523	0.35625
258.5355511	0.35625
258.5519541	0.35625
258.5689063	0.35625
258.5853171	0.35625
258.6020644	0.35625
258.6184717	0.35625
258.6354658	0.35625
258.6523371	0.35625
258.6687831	0.35625
258.6855235	0.35625
258.7021771	0.35625
258.7188105	0.35625
258.7359441	0.35625
258.7519131	0.35625
258.7689743	0.35625
258.7854894	0.35625
258.8020806	0.35625
258.8189017	0.35625
258.8355608	0.35625
258.8516071	0.35625
258.8687535	0.35625
258.8854398	0.35625
258.9021639	0.35625
258.9185228	0.35625
258.935274	0.35625
258.9519736	0.35625
258.9686931	0.35625
258.9854275	0.35625
259.0019833	0.35625
259.0189172	0.35625
259.0355385	0.35625
259.0516926	0.35625
259.0685119	0.35625
259.0855138	0.35625
259.1020761	0.35625
259.118642	0.35625
259.1354011	0.35625
259.1523047	0.35625
259.1689775	0.35625
259.1856877	0.35625
259.2021784	0.35625
259.2186357	0.35625
259.2354732	0.35625
259.2529928	0.35625
259.2684057	0.35625
259.2855331	0.35625
259.3021571	0.35625
259.3184582	0.35625
259.3353406	0.35625
259.3522108	0.35625
259.3688425	0.35625
259.3854346	0.35625
259.4024343	0.35625
259.4186323	0.35625
259.4351283	0.35625
259.4516303	0.35625
259.468648	0.35625
259.4854125	0.35625
259.5017951	0.35625
259.5187886	0.35625
259.5354162	0.35625
259.5522865	0.35625
259.5690294	0.35625
259.5853107	0.35625
259.602132	0.35625
259.6189752	0.35625
259.6353227	0.35625
259.651434	0.35625
259.6686953	0.35625
259.6851352	0.35625
259.701969	0.35625
259.7186433	0.35625
259.7351972	0.35625
259.7518583	0.35625
259.7680512	0.35625
259.7850569	0.35625
259.8018054	0.35625
259.81835	0.35625
259.8353452	0.35625
259.8515887	0.35625
259.8685215	0.35625
259.8848336	0.35625
259.9019976	0.35625
259.9187323	0.35625
259.9352511	0.35625
259.9519141	0.35625
259.9685784	0.35625
259.9853367	0.35625
260.0020194	0.35625
260.0181937	0.35625
260.0351209	0.35625
260.0518079	0.35625
260.0686393	0.35625
260.0854774	0.35625
260.101587	0.35625
260.118762	0.35625
260.1353041	0.35625
260.1518987	0.35625
260.1682514	0.35625
260.1853234	0.35625
260.2017846	0.35625
260.2189547	0.35625
260.2353171	0.35625
260.2519339	0.35625
260.2685813	0.35625
260.2855018	0.35625
260.3022028	0.35625
260.3188325	0.35625
260.3355415	0.35625
260.3522097	0.35625
260.3689668	0.35625
260.3853713	0.35625
260.4021657	0.35625
260.4184299	0.35625
260.4347931	0.35625
260.4519741	0.35625
260.468757	0.35625
260.4853871	0.35625
260.5018983	0.35625
260.518738	0.35625
260.5357113	0.35625
260.5524107	0.35625
260.5688299	0.35625
260.5849443	0.35625
260.6024206	0.35625
260.6187455	0.35625
260.6352279	0.35625
260.6518389	0.35625
260.6687182	0.35625
260.6853933	0.35625
260.7022834	0.35625
260.7186006	0.35625
260.7353011	0.35625
260.7520269	0.35625
260.7681113	0.35625
260.7851758	0.35625
260.8019635	0.35625
260.8185196	0.35625
260.8353116	0.35625
260.8518568	0.35625
260.8686228	0.35625
260.8852067	0.35625
260.9017097	0.35625
260.9183843	0.35625
260.9354265	0.35625
260.9522858	0.35625
260.9687459	0.35625
260.9853068	0.35625
261.001643	0.35625
261.0188028	0.35625
261.0354471	0.35625
261.0519508	0.35625
261.0686257	0.35625
261.0852925	0.35625
261.1020907	0.35625
261.1186292	0.35625
261.1354266	0.35625
261.1522866	0.35625
261.168689	0.35625
261.1850928	0.35625
261.202019	0.35625
261.2186207	0.35625
261.2353417	0.35625
261.252071	0.35625
261.2688633	0.35625
261.2856077	0.35625
261.3020522	0.35625
261.3187444	0.35625
261.3350812	0.35625
261.3518419	0.35625
261.3684216	0.35625
261.3852639	0.35625
261.4017239	0.35625
261.4192252	0.35625
261.4353798	0.35625
261.4520776	0.35625
261.4690209	0.35625
261.4852934	0.35625
261.5024553	0.35625
261.5188775	0.35625
261.5353509	0.35625
261.5520153	0.35625
261.5684989	0.35625
261.5850312	0.35625
261.6020858	0.35625
261.6188073	0.35625
261.6350779	0.35625
261.6522089	0.35625
261.6685942	0.35625
261.685242	0.35625
261.7018148	0.35625
261.7186877	0.35625
261.7358965	0.35625
261.7520781	0.35625
261.7689273	0.35625
261.7854291	0.35625
261.8017934	0.35625
261.8182759	0.35625
261.8353182	0.35625
261.8517809	0.35625
261.8685619	0.35625
261.8852735	0.35625
261.9018105	0.35625
261.9189012	0.35625
261.9353162	0.35625
261.9522898	0.35625
261.9684772	0.35625
261.9849853	0.35625
262.0018806	0.35625
262.0187017	0.35625
262.0353599	0.35625
262.0519758	0.35625
262.0685919	0.35625
262.085215	0.35625
262.1016994	0.35625
262.118144	0.35625
262.1350457	0.35625
262.1518985	0.35625
262.1685162	0.35625
262.1853778	0.35625
262.2022791	0.35625
262.2185034	0.35625
262.2352751	0.35625
262.2516524	0.35625
262.2687289	0.35625
262.2851936	0.35625
262.3020032	0.35625
262.3188268	0.35625
262.3354163	0.35625
262.3515999	0.35625
262.3689072	0.35625
262.385223	0.35625
262.4019763	0.35625
262.4187224	0.35625
262.4349264	0.35625
262.4517675	0.35625
262.4685814	0.35625
262.4851587	0.35625
262.5018858	0.35625
262.5187225	0.35625
262.5349895	0.35625
262.551623	0.35625
262.5686891	0.35625
262.5852966	0.35625
262.6017056	0.35625
262.6189875	0.35625
262.6353182	0.35625
262.6516475	0.35625
262.66877	0.35625
262.6851648	0.35625
262.7020002	0.35625
262.7188779	0.35625
262.7352696	0.35625
262.7516338	0.35625
262.7687051	0.35625
262.7854647	0.35625
262.8017061	0.35625
262.8187151	0.35625
262.835421	0.35625
262.8516285	0.35625
262.8684944	0.35625
262.8852145	0.35625
262.9016894	0.35625
262.9186938	0.35625
262.9351063	0.35625
262.9519375	0.35625
262.9687057	0.35625
262.985125	0.35625
263.0020362	0.35625
263.0182651	0.35625
263.0351896	0.35625
263.0514133	0.35625
263.0682242	0.35625
263.0850894	0.35625
263.101871	0.35625
263.1184666	0.35625
263.1351643	0.35625
263.1516357	0.35625
263.168478	0.35625
263.1850818	0.35625
263.2017386	0.35625
263.218509	0.35625
263.2352738	0.35625
263.2517066	0.35625
263.2688009	0.35625
263.285616	0.35625
263.3019623	0.35625
263.3185891	0.35625
263.3351267	0.35625
263.3514991	0.35625
263.368686	0.35625
263.3851026	0.35625
263.4019573	0.35625
263.4185363	0.35625
263.435049	0.35625
263.4513801	0.35625
263.468957	0.35625
263.4850675	0.35625
263.501803	0.35625
263.5186143	0.35625
263.5351646	0.35625
263.5517374	0.35625
263.5685141	0.35625
263.5850314	0.35625
263.6017558	0.35625
263.6184746	0.35625
263.6350758	0.35625
263.6516834	0.35625
263.6683253	0.35625
263.6848871	0.35625
263.7018875	0.35625
263.7186919	0.35625
263.7347559	0.35625
263.7521776	0.35625
263.7686646	0.35625
263.7848688	0.35625
263.8016117	0.35625
263.8186354	0.35625
263.8351444	0.35625
263.8520207	0.35625
263.8687221	0.35625
263.8852003	0.35625
263.9014427	0.35625
263.918302	0.35625
263.9350681	0.35625
263.9518218	0.35625
263.9694719	0.35625
263.9851951	0.35625
264.0014462	0.35625
264.018994	0.35625
264.0351427	0.35625
264.0516246	0.35625
264.0686982	0.35625
264.0849202	0.35625
264.101439	0.35625
264.1185303	0.35625
264.1351558	0.35625
264.1514579	0.35625
264.1686305	0.35625
264.185142	0.35625
264.2014021	0.35625
264.2187957	0.35625
264.235159	0.35625
264.2520515	0.35625
264.2685946	0.35625
264.2851627	0.35625
264.3014259	0.35625
264.3186142	0.35625
264.3351465	0.35625
264.3515318	0.35625
264.368487	0.35625
264.3849986	0.35625
264.4015724	0.35625
264.418584	0.35625
264.4351756	0.35625
264.4518657	0.35625
264.4687352	0.35625
264.4852932	0.35625
264.5014968	0.35625
264.5183514	0.35625
264.5350495	0.35625
264.5513719	0.35625
264.5690253	0.35625
264.5851516	0.35625
264.6016312	0.35625
264.6187418	0.35625
264.6349526	0.35625
264.6517046	0.35625
264.6687588	0.35625
264.6851856	0.35625
264.701453	0.35625
264.7184155	0.35625
264.7350374	0.35625
264.7515143	0.35625
264.7697171	0.35625
264.7848638	0.35625
264.8014502	0.35625
264.8182437	0.35625
264.8352826	0.35625
264.8516393	0.35625
264.8686059	0.35625
264.8851532	0.35625
264.9019249	0.35625
264.918222	0.35625
264.9351272	0.35625
264.9519047	0.35625
264.9685957	0.35625
264.9851183	0.35625
265.0013636	0.35625
265.0189196	0.35625
265.0351212	0.35625
265.0516125	0.35625
265.0684022	0.35625
265.0855165	0.35625
265.1016663	0.35625
265.1186834	0.35625
265.1351948	0.35625
265.1513633	0.35625
265.1686225	0.35625
265.1850139	0.35625
265.2014686	0.35625
265.2186313	0.35625
265.2351903	0.35625
265.2518494	0.35625
265.2686318	0.35625
265.2851599	0.35625
265.301848	0.35625
265.3182117	0.35625
265.3350348	0.35625
265.3513972	0.35625
265.3683428	0.35625
265.3851426	0.35625
265.4012893	0.35625
265.4187492	0.35625
265.4352061	0.35625
265.4515742	0.35625
265.4685671	0.35625
265.4853139	0.35625
265.501714	0.35625
265.5182	0.35625
265.5352661	0.35625
265.5520484	0.35625
265.5686316	0.35625
265.5850002	0.35625
265.6020151	0.35625
265.6182116	0.35625
265.6349534	0.35625
265.6513726	0.35625
265.6685646	0.35625
265.6849332	0.35625
265.7013137	0.35625
265.7183733	0.35625
265.7351908	0.35625
265.7515981	0.35625
265.768601	0.35625
265.7851439	0.35625
265.8016766	0.35625
265.818683	0.35625
265.8352644	0.35625
265.8515014	0.35625
265.8683221	0.35625
265.8850309	0.35625
265.9012484	0.35625
265.918597	0.35625
265.9350012	0.35625
265.9517876	0.35625
265.9682597	0.35625
265.9850914	0.35625
266.0017697	0.35625
266.0190886	0.35625
266.0351657	0.35625
266.0512559	0.35625
266.0681337	0.35625
266.0853077	0.35625
266.1019022	0.35625
266.1184987	0.35625
266.1348485	0.35625
266.1514482	0.35625
266.1683498	0.35625
266.1852314	0.35625
266.2012817	0.35625
266.218409	0.35625
266.2350759	0.35625
266.2518899	0.35625
266.2684442	0.35625
266.2852478	0.35625
266.3017212	0.35625
266.3185068	0.35625
266.335108	0.35625
266.3516835	0.35625
266.36812	0.35625
266.3851036	0.35625
266.4015682	0.35625
266.4186874	0.35625
266.4352414	0.35625
266.4512011	0.35625
266.4686998	0.35625
266.4852957	0.35625
266.5015076	0.35625
266.518833	0.35625
266.5491157	0.35625
266.5606571	0.35625
266.5847609	0.35625
266.6016577	0.35625
266.6182041	0.35625
266.6352138	0.35625
266.6517479	0.35625
266.668216	0.35625
266.6848662	0.35625
266.7014942	0.35625
266.7184477	0.35625
266.7349015	0.35625
266.7515944	0.35625
266.76854	0.35625
266.7861733	0.35625
266.8016427	0.35625
266.8181381	0.35625
266.8351478	0.35625
266.851388	0.35625
266.8684508	0.35625
266.8848495	0.35625
266.901512	0.35625
266.9189119	0.35625
266.9352128	0.35625
266.9513944	0.35625
266.9689003	0.35625
266.9845603	0.35625
267.0015595	0.35625
267.0188838	0.35625
267.035126	0.35625
267.0513057	0.35625
267.0683445	0.35625
267.0851297	0.35625
267.1019897	0.35625
267.1183761	0.35625
267.1352602	0.35625
267.1514499	0.35625
267.1683631	0.35625
267.1851195	0.35625
267.2011079	0.35625
267.2186049	0.35625
267.2351483	0.35625
267.2513098	0.35625
267.2684525	0.35625
267.2850836	0.35625
267.3012622	0.35625
267.3184441	0.35625
267.3350702	0.35625
267.3514621	0.35625
267.36879	0.35625
267.3852069	0.35625
267.4013767	0.35625
267.4183962	0.35625
267.4351627	0.35625
267.4516139	0.35625
267.4684597	0.35625
267.4847198	0.35625
267.5014781	0.35625
267.5184233	0.35625
267.5345846	0.35625
267.5513177	0.35625
267.5683819	0.35625
267.5850484	0.35625
267.6015582	0.35625
267.6183332	0.35625
267.6350843	0.35625
267.6513821	0.35625
267.6687894	0.35625
267.6849606	0.35625
267.7015879	0.35625
267.7180718	0.35625
267.7350077	0.35625
267.7515263	0.35625
267.7686402	0.35625
267.784596	0.35625
267.8013067	0.35625
267.8185836	0.35625
267.8350225	0.35625
267.8519253	0.35625
267.8685045	0.35625
267.8852469	0.35625
267.9015415	0.35625
267.9184612	0.35625
267.9350797	0.35625
267.9513184	0.35625
267.9685438	0.35625
267.9847804	0.35625
268.0012334	0.35625
268.0186804	0.35625
268.0345913	0.35625
268.0513611	0.35625
268.0682921	0.35625
268.0849491	0.35625
268.1013034	0.35625
268.1184506	0.35625
268.1345771	0.35625
268.1513842	0.35625
268.1686062	0.35625
268.184825	0.35625
268.2017777	0.35625
268.2181666	0.35625
268.2349628	0.35625
268.2513311	0.35625
268.2685629	0.35625
268.2845468	0.35625
268.3014379	0.35625
268.3186426	0.35625
268.3349456	0.35625
268.3514893	0.35625
268.368479	0.35625
268.3845813	0.35625
268.4014123	0.35625
268.4183283	0.35625
268.435004	0.35625
268.4512512	0.35625
268.4683416	0.35625
268.4849345	0.35625
268.5012864	0.35625
268.5181537	0.35625
268.5349251	0.35625
268.5513076	0.35625
268.5681033	0.35625
268.5845954	0.35625
268.6012827	0.35625
268.6186445	0.35625
268.6350642	0.35625
268.6514928	0.35625
268.668642	0.35625
268.6845006	0.35625
268.701709	0.35625
268.7184314	0.35625
268.7349939	0.35625
268.7512627	0.35625
268.7688398	0.35625
268.7844805	0.35625
268.8019512	0.35625
268.8185801	0.35625
268.8346235	0.35625
268.8517235	0.35625
268.8685426	0.35625
268.8851367	0.35625
268.9012638	0.35625
268.9183326	0.35625
268.9349356	0.35625
268.9517324	0.35625
268.9685082	0.35625
268.9851427	0.35625
269.0016126	0.35625
269.0193334	0.35625
269.0344536	0.35625
269.0513321	0.35625
269.0683766	0.35625
269.084853	0.35625
269.1014602	0.35625
269.1187902	0.35625
269.1345589	0.35625
269.1513623	0.35625
269.1685245	0.35625
269.1845291	0.35625
269.2015338	0.35625
269.2185734	0.35625
269.235284	0.35625
269.2518824	0.35625
269.2687101	0.35625
269.2850582	0.35625
269.3013507	0.35625
269.3179218	0.35625
269.3346751	0.35625
269.3513322	0.35625
269.3684085	0.35625
269.3850297	0.35625
269.4013631	0.35625
269.4183308	0.35625
269.4346037	0.35625
269.4515956	0.35625
269.4687084	0.35625
269.4850299	0.35625
269.5016647	0.35625
269.5187961	0.35625
269.5349706	0.35625
269.5516922	0.35625
269.5682693	0.35625
269.5846587	0.35625
269.6011178	0.35625
269.6179879	0.35625
269.6350421	0.35625
269.6515709	0.35625
269.668076	0.35625
269.6847344	0.35625
269.7016932	0.35625
269.7184663	0.35625
269.7347992	0.35625
269.7513859	0.35625
269.76846	0.35625
269.7846251	0.35625
269.8013741	0.35625
269.8184324	0.35625
269.8350908	0.35625
269.8517093	0.35625
269.8684545	0.35625
269.8850874	0.35625
269.9017087	0.35625
269.918177	0.35625
269.9346068	0.35625
269.9512659	0.35625
269.9680601	0.35625
269.9848566	0.35625
270.0013397	0.35625
270.0185102	0.35625
270.0348841	0.35625
270.0513559	0.35625
270.0684859	0.35625
270.0848367	0.35625
270.1014033	0.35625
270.1183476	0.35625
270.1349498	0.35625
270.1514461	0.35625
270.168582	0.35625
270.1850253	0.35625
270.2015233	0.35625
270.2184182	0.35625
270.2344295	0.35625
270.2513702	0.35625
270.2685189	0.35625
270.2845015	0.35625
270.3016177	0.35625
270.3182585	0.35625
270.3345552	0.35625
270.351398	0.35625
270.3681212	0.35625
270.3848055	0.35625
270.4013158	0.35625
270.4183833	0.35625
270.4345002	0.35625
270.4512192	0.35625
270.4684432	0.35625
270.4847168	0.35625
270.5013771	0.35625
270.5180931	0.35625
270.5344082	0.35625
270.5514055	0.35625
270.5682679	0.35625
270.5843279	0.35625
270.6020571	0.35625
270.6182749	0.35625
270.6345697	0.35625
270.6514394	0.35625
270.6683714	0.35625
270.6845682	0.35625
270.7019422	0.35625
270.7187254	0.35625
270.7348041	0.35625
270.7514984	0.35625
270.7685438	0.35625
270.7844676	0.35625
270.8014802	0.35625
270.818384	0.35625
270.8344888	0.35625
270.8513516	0.35625
270.8683781	0.35625
270.8849166	0.35625
270.9012864	0.35625
270.9183947	0.35625
270.9343665	0.35625
270.951313	0.35625
270.9684024	0.35625
270.9851766	0.35625
271.0013542	0.35625
271.0185478	0.35625
271.0344867	0.35625
271.0513567	0.35625
271.0685908	0.35625
271.0846799	0.35625
271.1017793	0.35625
271.1186324	0.35625
271.1350075	0.35625
271.1511935	0.35625
271.1685159	0.35625
271.1847102	0.35625
271.2013833	0.35625
271.2179946	0.35625
271.2348084	0.35625
271.251639	0.35625
271.2685483	0.35625
271.284962	0.35625
271.3013481	0.35625
271.3187035	0.35625
271.3349635	0.35625
271.3514402	0.35625
271.3683281	0.35625
271.3849443	0.35625
271.4015729	0.35625
271.4183861	0.35625
271.4350335	0.35625
271.4516322	0.35625
271.4684224	0.35625
271.4847945	0.35625
271.5012038	0.35625
271.5183159	0.35625
271.534701	0.35625
271.551397	0.35625
271.5690237	0.35625
271.584528	0.35625
271.6012938	0.35625
271.618158	0.35625
271.6344921	0.35625
271.6512111	0.35625
271.6678709	0.35625
271.6846551	0.35625
271.7016198	0.35625
271.7180334	0.35625
271.7349876	0.35625
271.7514703	0.35625
271.7682844	0.35625
271.7850103	0.35625
271.8016032	0.35625
271.8182725	0.35625
271.8349678	0.35625
271.8512507	0.35625
271.8684035	0.35625
271.884913	0.35625
271.9014167	0.35625
271.9183901	0.35625
271.9343891	0.35625
271.9513051	0.35625
271.9683948	0.35625
271.9848402	0.35625
272.0014853	0.35625
272.0181679	0.35625
272.0348338	0.35625
272.0514127	0.35625
272.0683382	0.35625
272.084737	0.35625
272.1016806	0.35625
272.1181636	0.35625
272.1346294	0.35625
272.151335	0.35625
272.1683218	0.35625
272.1841914	0.35625
272.2012876	0.35625
272.2183791	0.35625
272.2344955	0.35625
272.2512537	0.35625
272.2681354	0.35625
272.2850032	0.35625
272.3013164	0.35625
272.3183743	0.35625
272.3349211	0.35625
272.3514429	0.35625
272.3683153	0.35625
272.3852743	0.35625
272.401503	0.35625
272.4182963	0.35625
272.4346878	0.35625
272.451339	0.35625
272.4681544	0.35625
272.4849715	0.35625
272.5018405	0.35625
272.5181647	0.35625
272.53535	0.35625
272.5513207	0.35625
272.5682394	0.35625
272.5848591	0.35625
272.6012904	0.35625
272.6182101	0.35625
272.6346458	0.35625
272.6515938	0.35625
272.6683298	0.35625
272.6848676	0.35625
272.7016182	0.35625
272.7181604	0.35625
272.7348567	0.35625
272.7510985	0.35625
272.7682297	0.35625
272.7848557	0.35625
272.8014054	0.35625
272.8185728	0.35625
272.8348204	0.35625
272.8511498	0.35625
272.8683449	0.35625
272.8850055	0.35625
272.9012436	0.35625
272.9185832	0.35625
272.9349355	0.35625
272.9513306	0.35625
272.9683943	0.35625
272.9851265	0.35625
273.0013106	0.35625
273.0181994	0.35625
273.0349779	0.35625
273.0514745	0.35625
273.0679712	0.35625
273.0847206	0.35625
273.1015016	0.35625
273.1182191	0.35625
273.1349817	0.35625
273.1513197	0.35625
273.1683286	0.35625
273.1850086	0.35625
273.2012727	0.35625
273.2181788	0.35625
273.2349969	0.35625
273.2513051	0.35625
273.2681394	0.35625
273.2850846	0.35625
273.3015247	0.35625
273.31809	0.35625
273.3343178	0.35625
273.3515352	0.35625
273.3681438	0.35625
273.3846144	0.35625
273.4015648	0.35625
273.4182807	0.35625
273.4346958	0.35625
273.4513783	0.35625
273.4682296	0.35625
273.4847429	0.35625
273.5016271	0.35625
273.5184675	0.35625
273.5350535	0.35625
273.5512691	0.35625
273.568116	0.35625
273.5846347	0.35625
273.6015826	0.35625
273.617905	0.35625
273.6344746	0.35625
273.6515792	0.35625
273.6679302	0.35625
273.684821	0.35625
273.7015404	0.35625
273.7182904	0.35625
273.7349543	0.35625
273.7513352	0.35625
273.7682405	0.35625
273.7849275	0.35625
273.8016467	0.35625
273.8179044	0.35625
273.8350909	0.35625
273.8516461	0.35625
273.8683131	0.35625
273.8849502	0.35625
273.9017648	0.35625
273.9183414	0.35625
273.9348557	0.35625
273.9515786	0.35625
273.9681281	0.35625
273.9849992	0.35625
274.0013193	0.35625
274.0226493	0.35625
274.0344592	0.35625
274.0511917	0.35625
274.0683205	0.35625
274.0849204	0.35625
274.1015194	0.35625
274.118144	0.35625
274.134565	0.35625
274.1512638	0.35625
274.1682471	0.35625
274.1845009	0.35625
274.2013832	0.35625
274.218159	0.35625
274.2350208	0.35625
274.2515897	0.35625
274.2680646	0.35625
274.2848517	0.35625
274.3017116	0.35625
274.3180896	0.35625
274.3349481	0.35625
274.351597	0.35625
274.3680225	0.35625
274.384751	0.35625
274.4015187	0.35625
274.4178	0.35625
274.4345468	0.35625
274.451465	0.35625
274.4680312	0.35625
274.4851083	0.35625
274.5013093	0.35625
274.5182133	0.35625
274.5350081	0.35625
274.5512009	0.35625
274.5681374	0.35625
274.5849258	0.35625
274.601707	0.35625
274.6180418	0.35625
274.6345029	0.35625
274.6514421	0.35625
274.6678201	0.35625
274.6848322	0.35625
274.7011566	0.35625
274.7180303	0.35625
274.7351932	0.35625
274.7517427	0.35625
274.7679085	0.35625
274.7849431	0.35625
274.8015814	0.35625
274.8182732	0.35625
274.834559	0.35625
274.851253	0.35625
274.8679672	0.35625
274.8844688	0.35625
274.9010707	0.35625
274.9182469	0.35625
274.934852	0.35625
274.9516732	0.35625
274.9678951	0.35625
274.984974	0.35625
275.0013093	0.35625
275.0182839	0.35625
275.0347967	0.35625
275.0515996	0.35625
275.0686666	0.35625
275.0848381	0.35625
275.1012811	0.35625
275.1183139	0.35625
275.1348819	0.35625
275.1515825	0.35625
275.1682379	0.35625
275.1849329	0.35625
275.2016217	0.35625
275.2180271	0.35625
275.2345724	0.35625
275.2515411	0.35625
275.2681792	0.35625
275.2848999	0.35625
275.3014341	0.35625
275.3181597	0.35625
275.3349266	0.35625
275.3515173	0.35625
275.368185	0.35625
275.3847342	0.35625
275.4014946	0.35625
275.4181489	0.35625
275.4347779	0.35625
275.4514044	0.35625
275.4681649	0.35625
275.4846021	0.35625
275.5012338	0.35625
275.518197	0.35625
275.5350656	0.35625
275.5512457	0.35625
275.5685419	0.35625
275.584435	0.35625
275.6015608	0.35625
275.6228148	0.35625
275.634818	0.35625
275.6513061	0.35625
275.6683894	0.35625
275.6845662	0.35625
275.7011922	0.35625
275.7184228	0.35625
275.7348437	0.35625
275.751349	0.35625
275.7681122	0.35625
275.784958	0.35625
275.8011551	0.35625
275.8174661	0.35625
275.8349098	0.35625
275.8517294	0.35625
275.8682044	0.35625
275.8850644	0.35625
275.9012202	0.35625
275.917952	0.35625
275.9348833	0.35625
275.9511679	0.35625
275.9679761	0.35625
275.9844301	0.35625
276.0012486	0.35625
276.0180899	0.35625
276.0348151	0.35625
276.0513645	0.35625
276.0677133	0.35625
276.0845247	0.35625
276.1015709	0.35625
276.1180582	0.35625
276.1346511	0.35625
276.1511908	0.35625
276.1683976	0.35625
276.1849269	0.35625
276.2013448	0.35625
276.2181312	0.35625
276.2347788	0.35625
276.2516898	0.35625
276.2684152	0.35625
276.2849003	0.35625
276.3014164	0.35625
276.3177903	0.35625
276.3349767	0.35625
276.3512203	0.35625
276.3680665	0.35625
276.3849828	0.35625
276.4011944	0.35625
276.4182494	0.35625
276.4351524	0.35625
276.4512764	0.35625
276.4682222	0.35625
276.4849341	0.35625
276.5011144	0.35625
276.5177927	0.35625
276.5349063	0.35625
276.5511523	0.35625
276.568135	0.35625
276.5851261	0.35625
276.6010982	0.35625
276.6179841	0.35625
276.6352302	0.35625
276.6514759	0.35625
276.6681025	0.35625
276.6848468	0.35625
276.7012743	0.35625
276.7180066	0.35625
276.735508	0.35625
276.7513096	0.35625
276.7677973	0.35625
276.7842768	0.35625
276.8011474	0.35625
276.8175106	0.35625
276.8345282	0.35625
276.8509554	0.35625
276.8679607	0.35625
276.8846355	0.35625
276.9012861	0.35625
276.9180955	0.35625
276.9346195	0.35625
276.9512708	0.35625
276.9680504	0.35625
276.9844637	0.35625
277.0012907	0.35625
277.0174139	0.35625
277.0348858	0.35625
277.0514634	0.35625
277.0677149	0.35625
277.0845925	0.35625
277.1016776	0.35625
277.1180711	0.35625
277.1348507	0.35625
277.1514181	0.35625
277.1681409	0.35625
277.1847668	0.35625
277.2012235	0.35625
277.2180631	0.35625
277.2348874	0.35625
277.2512545	0.35625
277.2680317	0.35625
277.2844593	0.35625
277.3013019	0.35625
277.3183068	0.35625
277.3345981	0.35625
277.351325	0.35625
277.3680851	0.35625
277.3851879	0.35625
277.4011579	0.35625
277.4178456	0.35625
277.4348374	0.35625
277.4515447	0.35625
277.4678758	0.35625
277.4844392	0.35625
277.5011477	0.35625
277.5178573	0.35625
277.5344748	0.35625
277.5515937	0.35625
277.5680842	0.35625
277.5849788	0.35625
277.6014049	0.35625
277.6180356	0.35625
277.6347226	0.35625
277.6514795	0.35625
277.6680344	0.35625
277.6847002	0.35625
277.7011783	0.35625
277.717892	0.35625
277.7346855	0.35625
277.751031	0.35625
277.767992	0.35625
277.7846354	0.35625
277.8014735	0.35625
277.8180365	0.35625
277.8346995	0.35625
277.8514055	0.35625
277.867833	0.35625
277.8846828	0.35625
277.9012562	0.35625
277.9178958	0.35625
277.9347922	0.35625
277.9509931	0.35625
277.967971	0.35625
277.9852733	0.35625
278.0013119	0.35625
278.0179942	0.35625
278.0346323	0.35625
278.05156	0.35625
278.0679502	0.35625
278.0847389	0.35625
278.1012858	0.35625
278.1175979	0.35625
278.1346857	0.35625
278.1512899	0.35625
278.1679883	0.35625
278.1847978	0.35625
278.2012853	0.35625
278.2179437	0.35625
278.2347474	0.35625
278.2511204	0.35625
278.267785	0.35625
278.2846524	0.35625
278.301183	0.35625
278.3181489	0.35625
278.3349011	0.35625
278.3511704	0.35625
278.3674905	0.35625
278.3848177	0.35625
278.4015102	0.35625
278.417967	0.35625
278.4347718	0.35625
278.4511611	0.35625
278.4676701	0.35625
278.4850838	0.35625
278.5014804	0.35625
278.5182885	0.35625
278.5346518	0.35625
278.5514121	0.35625
278.5676861	0.35625
278.5847739	0.35625
278.6015603	0.35625
278.6180341	0.35625
278.6344034	0.35625
278.6512713	0.35625
278.6678998	0.35625
278.6846029	0.35625
278.7013988	0.35625
278.7181354	0.35625
278.7346459	0.35625
278.7510548	0.35625
278.7681081	0.35625
278.7848537	0.35625
278.8013134	0.35625
278.8183063	0.35625
278.8345011	0.35625
278.8516522	0.35625
278.867569	0.35625
278.8847597	0.35625
278.9014859	0.35625
278.918098	0.35625
278.9350149	0.35625
278.951238	0.35625
278.9678967	0.35625
278.9846231	0.35625
279.0014124	0.35625
279.0179118	0.35625
279.034782	0.35625
279.0513256	0.35625
279.0678496	0.35625
279.0844184	0.35625
279.1014811	0.35625
279.1178223	0.35625
279.1346265	0.35625
279.1513967	0.35625
279.1676701	0.35625
279.1849107	0.35625
279.2016015	0.35625
279.2177282	0.35625
279.2347936	0.35625
279.2515179	0.35625
279.2675824	0.35625
279.2848081	0.35625
279.3012745	0.35625
279.3176284	0.35625
279.3344208	0.35625
279.351637	0.35625
279.3675872	0.35625
279.3847097	0.35625
279.4011143	0.35625
279.4174753	0.35625
279.4343307	0.35625
279.4514768	0.35625
279.4679723	0.35625
279.4849027	0.35625
279.5012779	0.35625
279.5180708	0.35625
279.5346851	0.35625
279.5512643	0.35625
279.5675914	0.35625
279.5843685	0.35625
279.601375	0.35625
279.617662	0.35625
279.6345045	0.35625
279.6510668	0.35625
279.6676312	0.35625
279.6845057	0.35625
279.7013542	0.35625
279.7179809	0.35625
279.7343385	0.35625
279.7512444	0.35625
279.7675144	0.35625
279.78435	0.35625
279.8016719	0.35625
279.8178468	0.35625
279.8347188	0.35625
279.8512263	0.35625
279.8675632	0.35625
279.8845421	0.35625
279.9013119	0.35625
279.9182238	0.35625
279.9345168	0.35625
279.9513973	0.35625
279.9677233	0.35625
279.9849326	0.35625
280.0012848	0.35625
280.0178803	0.35625
280.034737	0.35625
280.051021	0.35625
280.0675212	0.35625
280.0844333	0.35625
280.1010051	0.35625
280.1177106	0.35625
280.1347493	0.35625
280.1512258	0.35625
280.1679914	0.35625
280.1846627	0.35625
280.2011783	0.35625
280.2178468	0.35625
280.2347437	0.35625
280.2512879	0.35625
280.2681043	0.35625
280.2847994	0.35625
280.3012836	0.35625
280.3180404	0.35625
280.3345182	0.35625
280.3510508	0.35625
280.3675457	0.35625
280.3840508	0.35625
280.4012135	0.35625
280.4188456	0.35625
280.4344366	0.35625
280.4512552	0.35625
280.4676812	0.35625
280.48452	0.35625
280.5012872	0.35625
280.517463	0.35625
280.5343479	0.35625
280.5512777	0.35625
280.5679083	0.35625
280.584625	0.35625
280.601197	0.35625
280.6179269	0.35625
280.6344036	0.35625
280.6511532	0.35625
280.6678876	0.35625
280.6846141	0.35625
280.7009768	0.35625
280.717883	0.35625
280.7350755	0.35625
280.7512566	0.35625
280.7675684	0.35625
280.7847919	0.35625
280.8007588	0.35625
280.8176157	0.35625
280.8345772	0.35625
280.8511065	0.35625
280.8679038	0.35625
280.884527	0.35625
280.9009614	0.35625
280.9179811	0.35625
280.9347499	0.35625
280.9512837	0.35625
280.9676303	0.35625
280.9847113	0.35625
281.0012314	0.35625
281.018062	0.35625
281.0341011	0.35625
281.0512895	0.35625
281.0679462	0.35625
281.0845294	0.35625
281.10134	0.35625
281.1178215	0.35625
281.1347414	0.35625
281.1513293	0.35625
281.1678626	0.35625
281.1846984	0.35625
281.2011802	0.35625
281.2177559	0.35625
281.2347641	0.35625
281.2512777	0.35625
281.2679902	0.35625
281.2845563	0.35625
281.3009143	0.35625
281.317767	0.35625
281.3345069	0.35625
281.3512504	0.35625
281.3678077	0.35625
281.3845707	0.35625
281.4013299	0.35625
281.4179688	0.35625
281.4347036	0.35625
281.4511903	0.35625
281.4675794	0.35625
281.4844063	0.35625
281.5012385	0.35625
281.5175926	0.35625
281.5345338	0.35625
281.5512869	0.35625
281.5677123	0.35625
281.5843952	0.35625
281.6013104	0.35625
281.6177511	0.35625
281.6348948	0.35625
281.6512837	0.35625
281.6679449	0.35625
281.6847534	0.35625
281.7014475	0.35625
281.7176135	0.35625
281.7346836	0.35625
281.7508938	0.35625
281.7679564	0.35625
281.7846625	0.35625
281.8011312	0.35625
281.8180299	0.35625
281.8345489	0.35625
281.8510773	0.35625
281.8678482	0.35625
281.8845048	0.35625
281.9011672	0.35625
281.9175354	0.35625
281.9345505	0.35625
281.9507687	0.35625
281.967947	0.35625
281.9846797	0.35625
282.0011949	0.35625
282.017931	0.35625
282.0348197	0.35625
282.0508868	0.35625
282.0676749	0.35625
282.0844712	0.35625
282.1012655	0.35625
282.1181573	0.35625
282.1345949	0.35625
282.1513512	0.35625
282.1679698	0.35625
282.1846697	0.35625
282.2012042	0.35625
282.2178946	0.35625
282.2346449	0.35625
282.2510543	0.35625
282.267465	0.35625
282.2843093	0.35625
282.3013951	0.35625
282.3348857	0.35625
282.3513294	0.35625
282.3677463	0.35625
282.3848977	0.35625
282.4013405	0.35625
282.4179601	0.35625
282.4349004	0.35625
282.4512067	0.35625
282.4677516	0.35625
282.4842345	0.35625
282.5009562	0.35625
282.5178452	0.35625
282.5344443	0.35625
282.5511508	0.35625
282.5681576	0.35625
282.5850156	0.35625
282.6014698	0.35625
282.6180978	0.35625
282.635046	0.35625
282.6514744	0.35625
282.6676976	0.35625
282.6842787	0.35625
282.7012391	0.35625
282.7175509	0.35625
282.7346367	0.35625
282.7512435	0.35625
282.7674866	0.35625
282.784707	0.35625
282.801282	0.35625
282.8176437	0.35625
282.8344626	0.35625
282.851114	0.35625
282.8676221	0.35625
282.8847433	0.35625
282.9012306	0.35625
282.9178791	0.35625
282.9347763	0.35625
282.9513241	0.35625
282.9672558	0.35625
282.9845713	0.35625
283.0012357	0.35625
283.0176568	0.35625
283.0346029	0.35625
283.0511971	0.35625
283.0674979	0.35625
283.0846623	0.35625
283.101191	0.35625
283.1180731	0.35625
283.1345691	0.35625
283.1510921	0.35625
283.1675674	0.35625
283.1840957	0.35625
283.201252	0.35625
283.2177005	0.35625
283.2342995	0.35625
283.2512295	0.35625
283.267567	0.35625
283.2844638	0.35625
283.3014567	0.35625
283.3176476	0.35625
283.3348172	0.35625
283.3511879	0.35625
283.3678044	0.35625
283.3843597	0.35625
283.4009732	0.35625
283.4178794	0.35625
283.4346787	0.35625
283.4506939	0.35625
283.4675512	0.35625
283.4849881	0.35625
283.5012775	0.35625
283.5176016	0.35625
283.5344559	0.35625
283.5513558	0.35625
283.5677442	0.35625
283.58485	0.35625
283.6012164	0.35625
283.6179471	0.35625
283.6344688	0.35625
283.6510196	0.35625
283.6678834	0.35625
283.6840773	0.35625
283.7013796	0.35625
283.7176957	0.35625
283.7347283	0.35625
283.7511498	0.35625
283.7678234	0.35625
283.7841256	0.35625
283.8011619	0.35625
283.8177322	0.35625
283.8343177	0.35625
283.8514617	0.35625
283.867847	0.35625
283.8842812	0.35625
283.9011688	0.35625
283.9176353	0.35625
283.9345422	0.35625
283.9514239	0.35625
283.9678405	0.35625
283.984132	0.35625
284.0010481	0.35625
284.0178602	0.35625
284.0344606	0.35625
284.0511922	0.35625
284.0681552	0.35625
284.0847036	0.35625
284.1011608	0.35625
284.1177567	0.35625
284.1345144	0.35625
284.1508521	0.35625
284.1675569	0.35625
284.1845906	0.35625
284.2010805	0.35625
284.2178595	0.35625
284.2339433	0.35625
284.251183	0.35625
284.2675356	0.35625
284.2842739	0.35625
284.3011534	0.35625
284.3176495	0.35625
284.3344908	0.35625
284.3508958	0.35625
284.3675443	0.35625
284.3841245	0.35625
284.4012754	0.35625
284.4179143	0.35625
284.4347036	0.35625
284.4512534	0.35625
284.4679066	0.35625
284.4842921	0.35625
284.5008718	0.35625
284.5175553	0.35625
284.5344277	0.35625
284.5508193	0.35625
284.5675642	0.35625
284.5846713	0.35625
284.6010368	0.35625
284.6179087	0.35625
284.6348484	0.35625
284.6509993	0.35625
284.6679172	0.35625
284.6845159	0.35625
284.7010708	0.35625
284.7175944	0.35625
284.7341262	0.35625
284.7512374	0.35625
284.7675559	0.35625
284.7845446	0.35625
284.8011676	0.35625
284.8176939	0.35625
284.8344503	0.35625
284.8508282	0.35625
284.8678803	0.35625
284.8845397	0.35625
284.9005569	0.35625
284.9180676	0.35625
284.9347709	0.35625
284.9511556	0.35625
284.9678251	0.35625
284.9841683	0.35625
285.0010718	0.35625
285.0176852	0.35625
285.0344074	0.35625
285.0511854	0.35625
285.0678166	0.35625
285.0844943	0.35625
285.1007966	0.35625
285.1178648	0.35625
285.1345976	0.35625
285.1510812	0.35625
285.1678474	0.35625
285.1846104	0.35625
285.2012085	0.35625
285.2175338	0.35625
285.234256	0.35625
285.2510124	0.35625
285.2674099	0.35625
285.2879209	0.35625
285.3010131	0.35625
285.3178676	0.35625
285.3343361	0.35625
285.3504939	0.35625
285.3677901	0.35625
285.3844178	0.35625
285.4008398	0.35625
285.4176199	0.35625
285.4346589	0.35625
285.4508503	0.35625
285.4676544	0.35625
285.4846516	0.35625
285.5007506	0.35625
285.517532	0.35625
285.5344645	0.35625
285.5511414	0.35625
285.5677999	0.35625
285.5841013	0.35625
285.6009103	0.35625
285.617512	0.35625
285.6345361	0.35625
285.6508178	0.35625
285.6678857	0.35625
285.6840542	0.35625
285.7006341	0.35625
285.7178025	0.35625
285.7342547	0.35625
285.7511786	0.35625
285.7678592	0.35625
285.7842913	0.35625
285.8009763	0.35625
285.8177213	0.35625
285.834429	0.35625
285.8505381	0.35625
285.8674666	0.35625
285.8843561	0.35625
285.9005523	0.35625
285.9178444	0.35625
285.9342128	0.35625
285.9535887	0.35625
285.9680454	0.35625
285.9853325	0.35625
286.005403	0.35625
286.0207074	0.35625
286.0367746	0.35625
286.0542003	0.35625
286.0694458	0.35625
286.085156	0.35625
286.1006009	0.35625
286.1172434	0.35625
286.1344388	0.35625
286.1510534	0.35625
286.1672708	0.35625
286.1854095	0.35625
286.2004837	0.35625
286.2172576	0.35625
286.2340018	0.35625
286.2513243	0.35625
286.2672032	0.35625
286.2848821	0.35625
286.3004301	0.35625
286.3176387	0.35625
286.335514	0.35625
286.351125	0.35625
286.3677369	0.35625
286.3843906	0.35625
286.4010213	0.35625
286.4174643	0.35625
286.4344573	0.35625
286.4506979	0.35625
286.4677612	0.35625
286.4844389	0.35625
286.5013108	0.35625
286.5178003	0.35625
286.534431	0.35625
286.5509902	0.35625
286.5675819	0.35625
286.5842224	0.35625
286.6009345	0.35625
286.6176813	0.35625
286.6341375	0.35625
286.6509092	0.35625
286.6672984	0.35625
286.6845022	0.35625
286.7009217	0.35625
286.7177428	0.35625
286.7343477	0.35625
286.7505643	0.35625
286.7675414	0.35625
286.7844898	0.35625
286.8010024	0.35625
286.8177642	0.35625
286.8345859	0.35625
286.8506663	0.35625
286.8676616	0.35625
286.8843894	0.35625
286.9005784	0.35625
286.9174388	0.35625
286.934502	0.35625
286.9510004	0.35625
286.9674728	0.35625
286.9842503	0.35625
287.0009987	0.35625
287.0182337	0.35625
287.0344575	0.35625
287.050501	0.35625
287.0671316	0.35625
287.0838335	0.35625
287.1009567	0.35625
287.1173441	0.35625
287.1343194	0.35625
287.1508639	0.35625
287.1677955	0.35625
287.1844436	0.35625
287.200908	0.35625
287.2179898	0.35625
287.2341277	0.35625
287.2515511	0.35625
287.2676405	0.35625
287.2843247	0.35625
287.301163	0.35625
287.3173879	0.35625
287.3341271	0.35625
287.3509614	0.35625
287.3674723	0.35625
287.3842999	0.35625
287.4009903	0.35625
287.4172725	0.35625
287.4339043	0.35625
287.4507718	0.35625
287.4676417	0.35625
287.484294	0.35625
287.5010129	0.35625
287.5175324	0.35625
287.5340673	0.35625
287.5508728	0.35625
287.5676914	0.35625
287.5843542	0.35625
287.601076	0.35625
287.6178495	0.35625
287.63475	0.35625
287.6510303	0.35625
287.6676041	0.35625
287.6843918	0.35625
287.7009006	0.35625
287.7175036	0.35625
287.734598	0.35625
287.7504907	0.35625
287.7676883	0.35625
287.7844357	0.35625
287.8004632	0.35625
287.8175854	0.35625
287.8342936	0.35625
287.8509673	0.35625
287.86742	0.35625
287.8843085	0.35625
287.9008431	0.35625
287.9178547	0.35625
287.934548	0.35625
287.9508644	0.35625
287.9678302	0.35625
287.9842874	0.35625
288.0006002	0.35625
288.0176775	0.35625
288.0339597	0.35625
288.0504992	0.35625
288.0674067	0.35625
288.0846468	0.35625
288.1008566	0.35625
288.1174373	0.35625
288.1345205	0.35625
288.1506753	0.35625
288.1676177	0.35625
288.1844877	0.35625
288.2003639	0.35625
288.2177025	0.35625
288.234319	0.35625
288.2508711	0.35625
288.2676146	0.35625
288.2842257	0.35625
288.300549	0.35625
288.3174858	0.35625
288.3342938	0.35625
288.350608	0.35625
288.367773	0.35625
288.3845978	0.35625
288.4006686	0.35625
288.4175104	0.35625
288.4342829	0.35625
288.4507253	0.35625
288.4677427	0.35625
288.4842387	0.35625
288.5004833	0.35625
288.517425	0.35625
288.5344005	0.35625
288.5507235	0.35625
288.5672292	0.35625
288.5844133	0.35625
288.6010315	0.35625
288.6177647	0.35625
288.6343581	0.35625
288.6506838	0.35625
288.6675593	0.35625
288.6845877	0.35625
288.7174125	0.35625
288.7340579	0.35625
288.7505542	0.35625
288.7672332	0.35625
288.7842065	0.35625
288.8005894	0.35625
288.81767	0.35625
288.8342361	0.35625
288.8509515	0.35625
288.8672633	0.35625
288.8844142	0.35625
288.9022336	0.35625
288.9173435	0.35625
288.9346283	0.35625
288.950639	0.35625
288.967753	0.35625
288.984497	0.35625
289.0008294	0.35625
289.0181043	0.35625
289.0509924	0.35625
289.0678217	0.35625
289.0843055	0.35625
289.1006508	0.35625
289.117632	0.35625
289.13426	0.35625
289.1507193	0.35625
289.1677422	0.35625
289.184538	0.35625
289.2006953	0.35625
289.2177487	0.35625
289.2339683	0.35625
289.2508168	0.35625
289.2677822	0.35625
289.2847565	0.35625
289.3179985	0.35625
289.3509879	0.35625
289.367778	0.35625
289.3841787	0.35625
289.4005923	0.35625
289.4180035	0.35625
289.4510134	0.35625
289.4680204	0.35625
289.4842078	0.35625
289.5006752	0.35625
289.5178075	0.35625
289.5345928	0.35625
289.550687	0.35625
289.5676123	0.35625
289.5840056	0.35625
289.6006747	0.35625
289.617081	0.35625
289.6340867	0.35625
289.6503362	0.35625
289.6674124	0.35625
289.6840638	0.35625
289.7007156	0.35625
289.7176093	0.35625
289.7340585	0.35625
289.7506757	0.35625
289.7676199	0.35625
289.784058	0.35625
289.8006788	0.35625
289.8173111	0.35625
289.8340186	0.35625
289.8502592	0.35625
289.8673773	0.35625
289.8841047	0.35625
289.9006485	0.35625
289.9170757	0.35625
289.9337811	0.35625
289.9506847	0.35625
289.9677336	0.35625
289.9843405	0.35625
290.0007127	0.35625
290.0178307	0.35625
290.034142	0.35625
290.0506833	0.35625
290.0678782	0.35625
290.084155	0.35625
290.1004707	0.35625
290.1179101	0.35625
290.1508318	0.35625
290.1683283	0.35625
290.2009738	0.35625
290.2178114	0.35625
290.2507396	0.35625
290.2679509	0.35625
290.301155	0.35625
290.3186283	0.35625
290.3511224	0.35625
290.3847808	0.35625
290.417782	0.35625
290.4511843	0.35625
290.4675432	0.35625
290.4843174	0.35625
290.5178985	0.35625
290.5508241	0.35625
290.5844209	0.35625
290.6177426	0.35625
290.6509793	0.35625
290.684411	0.35625
290.7180589	0.35625
290.7509666	0.35625
290.7842406	0.35625
290.8173797	0.35625
290.851392	0.35625
290.8844007	0.35625
290.9175487	0.35625
290.9508123	0.35625
290.9843892	0.35625
291.0176686	0.35625
291.0509625	0.35625
291.0843305	0.35625
291.1177595	0.35625
291.150828	0.35625
291.184461	0.35625
291.2176968	0.35625
291.2510571	0.35625
291.284133	0.35625
291.3177762	0.35625
291.3516972	0.35625
291.3843283	0.35625
291.417656	0.35625
291.4524047	0.35625
291.4843989	0.35625
291.5180235	0.35625
291.5511472	0.35625
291.5841158	0.35625
291.617192	0.35625
291.6514776	0.35625
291.6839053	0.35625
291.7175586	0.35625
291.7510015	0.35625
291.7848457	0.35625
291.8178275	0.35625
291.8509862	0.35625
291.8843325	0.35625
291.9176488	0.35625
291.9509746	0.35625
291.9845464	0.35625
292.0178385	0.35625
292.0511918	0.35625
292.0842589	0.35625
292.117661	0.35625
292.1508311	0.35625
292.1845036	0.35625
292.2175717	0.35625
292.2514594	0.35625
292.2845836	0.35625
292.3176633	0.35625
292.3505983	0.35625
292.3842568	0.35625
292.4178031	0.35625
292.4511101	0.35625
292.484253	0.35625
292.5177219	0.35625
292.5506514	0.35625
292.5837959	0.35625
292.6174504	0.35625
292.6508037	0.35625
292.6845322	0.35625
292.7175247	0.35625
292.7512117	0.35625
292.7844	0.35625
292.8172237	0.35625
292.8509583	0.35625
292.8838374	0.35625
292.9178254	0.35625
292.9508496	0.35625
292.9841219	0.35625
293.0176734	0.35625
293.0510437	0.35625
293.0844342	0.35625
293.1177399	0.35625
293.1511674	0.35625
293.1839041	0.35625
293.2180465	0.35625
293.2511557	0.35625
293.2843861	0.35625
293.3177584	0.35625
293.3511885	0.35625
293.3837526	0.35625
293.417697	0.35625
293.4510093	0.35625
293.4838928	0.35625
293.5173519	0.35625
293.5505983	0.35625
293.584039	0.35625
293.6177723	0.35625
293.6506021	0.35625
293.6846041	0.35625
293.7174462	0.35625
293.7509981	0.35625
293.7842043	0.35625
293.8175503	0.35625
293.8511432	0.35625
293.884117	0.35625
293.9176607	0.35625
293.9509881	0.35625
293.9839684	0.35625
294.017468	0.35625
294.0505566	0.35625
294.0843475	0.35625
294.1176894	0.35625
294.1508885	0.35625
294.1844651	0.35625
294.2176038	0.35625
294.2507473	0.35625
294.2840112	0.35625
294.3178189	0.35625
294.3510209	0.35625
294.383796	0.35625
294.4176117	0.35625
294.4510106	0.35625
294.4841651	0.35625
294.5174505	0.35625
294.5505218	0.35625
294.5842785	0.347916666666667
294.6175714	0.347916666666667
294.6508633	0.347916666666667
294.6838103	0.347916666666667
294.717799	0.347916666666667
294.7511452	0.347916666666667
294.7842095	0.347916666666667
294.8176968	0.347916666666667
294.8509165	0.347916666666667
294.8838513	0.347916666666667
294.9191245	0.347916666666667
294.9505066	0.347916666666667
294.9842465	0.347916666666667
295.0173892	0.347916666666667
295.0510592	0.347916666666667
295.0838244	0.347916666666667
295.1176689	0.347916666666667
295.1507028	0.347916666666667
295.1843123	0.363541666666667
295.2179027	0.371875
295.2505373	0.371875
295.2836586	0.371875
295.3171284	0.371875
295.3502744	0.371875
295.384324	0.371875
295.4176244	0.371875
295.4506687	0.371875
295.4840698	0.371875
295.5178642	0.371875
295.5509012	0.371875
295.5840721	0.371875
295.6177085	0.371875
295.6510881	0.371875
295.6826492	0.371875
295.7165683	0.371875
295.7495205	0.371875
295.7833333	0.371875
295.8166583	0.371875
295.8494777	0.371875
295.882546	0.371875
295.9166658	0.371875
295.9497471	0.371875
295.9832178	0.371875
296.0160237	0.371875
296.0493577	0.371875
296.0828645	0.371875
296.1163941	0.371875
296.1494605	0.371875
296.1827793	0.371875
296.2165119	0.371875
296.2501318	0.371875
296.2827737	0.371875
296.3164843	0.371875
296.349912	0.371875
296.3835643	0.371875
296.4165787	0.371875
296.4494107	0.371875
296.4830101	0.371875
296.5164669	0.371875
296.5497135	0.371875
296.5829469	0.371875
296.6160448	0.371875
296.6494593	0.371875
296.6829416	0.388541666666667
296.7163569	0.388541666666667
296.7499509	0.388541666666667
296.7830261	0.388541666666667
296.816537	0.388541666666667
296.850029	0.388541666666667
296.8829996	0.388541666666667
296.9162519	0.388541666666667
296.9492239	0.388541666666667
296.9829027	0.388541666666667
297.016453	0.388541666666667
297.049827	0.388541666666667
297.0827175	0.388541666666667
297.1161864	0.388541666666667
297.1493901	0.388541666666667
297.1828516	0.388541666666667
297.2161808	0.388541666666667
297.2503253	0.388541666666667
297.2829983	0.388541666666667
297.3166407	0.388541666666667
297.3494729	0.388541666666667
297.3830514	0.388541666666667
297.416446	0.388541666666667
297.4497356	0.388541666666667
297.4829053	0.388541666666667
297.5166935	0.388541666666667
297.5492622	0.388541666666667
297.5828639	0.388541666666667
297.6165288	0.388541666666667
297.6497685	0.388541666666667
297.6828754	0.388541666666667
297.7164628	0.388541666666667
297.7501797	0.388541666666667
297.7829242	0.388541666666667
297.8162684	0.388541666666667
297.8498627	0.388541666666667
297.8826174	0.388541666666667
297.9160911	0.388541666666667
297.9492898	0.388541666666667
297.9828737	0.388541666666667
298.0164664	0.388541666666667
298.0497673	0.388541666666667
298.0827993	0.388541666666667
298.1164473	0.388541666666667
298.1493158	0.388541666666667
298.1828998	0.388541666666667
298.2161914	0.388541666666667
298.2497757	0.388541666666667
298.2823404	0.388541666666667
298.3161346	0.388541666666667
298.3508044	0.388541666666667
298.3825069	0.388541666666667
298.4160201	0.388541666666667
298.449444	0.388541666666667
298.4825233	0.388541666666667
298.5165291	0.388541666666667
298.5493598	0.388541666666667
298.5829477	0.388541666666667
298.6164898	0.388541666666667
298.6501262	0.388541666666667
298.6830641	0.388541666666667
298.7166129	0.388541666666667
298.749945	0.388541666666667
298.7828752	0.388541666666667
298.8160267	0.388541666666667
298.8498698	0.388541666666667
298.8829043	0.388541666666667
298.9163916	0.388541666666667
298.9499584	0.388541666666667
298.9830723	0.388541666666667
299.0160513	0.388541666666667
299.0497386	0.388541666666667
299.0828721	0.388541666666667
299.1163515	0.388541666666667
299.1499698	0.388541666666667
299.1827716	0.388541666666667
299.2160666	0.388541666666667
299.250199	0.388541666666667
299.282859	0.388541666666667
299.3166682	0.388541666666667
299.3493499	0.388541666666667
299.3825485	0.388541666666667
299.4163478	0.388541666666667
299.4493425	0.388541666666667
299.4826397	0.388541666666667
299.5164586	0.388541666666667
299.5492946	0.388541666666667
299.5830503	0.388541666666667
299.6158637	0.388541666666667
299.6495481	0.388541666666667
299.6828692	0.388541666666667
299.7163216	0.388541666666667
299.7497127	0.388541666666667
299.7827222	0.388541666666667
299.8165131	0.388541666666667
299.8497485	0.388541666666667
299.8825187	0.388541666666667
299.9163502	0.388541666666667
299.949277	0.388541666666667
299.9828487	0.388541666666667
300.0161519	0.388541666666667
300.0498844	0.388541666666667
300.082829	0.388541666666667
300.1162439	0.388541666666667
300.1493194	0.388541666666667
300.1829492	0.388541666666667
300.2163079	0.388541666666667
300.250088	0.388541666666667
300.2827687	0.388541666666667
300.3204315	0.388541666666667
300.3493166	0.388541666666667
300.3828944	0.388541666666667
300.4158463	0.388541666666667
300.4493248	0.388541666666667
300.4829311	0.388541666666667
300.5165187	0.388541666666667
300.5492314	0.388541666666667
300.5830951	0.388541666666667
300.6165718	0.388541666666667
300.6494238	0.388541666666667
300.6829603	0.388541666666667
300.7163426	0.388541666666667
300.7500031	0.388541666666667
300.7830254	0.388541666666667
300.8164496	0.388541666666667
300.8493004	0.388541666666667
300.8829551	0.388541666666667
300.9162098	0.388541666666667
300.9494734	0.388541666666667
300.9830754	0.388541666666667
301.0165982	0.388541666666667
301.049433	0.388541666666667
301.082888	0.388541666666667
301.1164485	0.388541666666667
301.1497439	0.388541666666667
301.1829521	0.388541666666667
301.2165199	0.388541666666667
301.2496894	0.388541666666667
301.2829375	0.388541666666667
301.3162556	0.388541666666667
301.3497581	0.388541666666667
301.3829642	0.388541666666667
301.4162836	0.388541666666667
301.4500492	0.388541666666667
301.4831598	0.388541666666667
301.5158857	0.388541666666667
301.5492518	0.388541666666667
301.582608	0.388541666666667
301.6165204	0.388541666666667
301.6498398	0.388541666666667
301.683186	0.388541666666667
301.7165875	0.388541666666667
301.749231	0.388541666666667
301.7827213	0.388541666666667
301.8164074	0.388541666666667
301.8494259	0.388541666666667
301.8828648	0.388541666666667
301.9165029	0.388541666666667
301.9500527	0.388541666666667
301.9826649	0.388541666666667
302.0165703	0.388541666666667
302.0498245	0.388541666666667
302.0829019	0.388541666666667
302.1165262	0.388541666666667
302.1494189	0.388541666666667
302.1827903	0.388541666666667
302.2160205	0.388541666666667
302.2492221	0.388541666666667
302.2835865	0.388541666666667
302.3160599	0.388541666666667
302.3499441	0.388541666666667
302.3829177	0.388541666666667
302.4164856	0.388541666666667
302.4496446	0.388541666666667
302.4828898	0.388541666666667
302.5167166	0.388541666666667
302.5492946	0.388541666666667
302.5829581	0.388541666666667
302.6165186	0.388541666666667
302.6495022	0.388541666666667
302.6826931	0.388541666666667
302.7165427	0.388541666666667
302.7495737	0.388541666666667
302.7828832	0.388541666666667
302.8164153	0.388541666666667
302.8501379	0.388541666666667
302.8828787	0.388541666666667
302.9161907	0.388541666666667
302.9497294	0.388541666666667
302.9824096	0.388541666666667
303.0161092	0.388541666666667
303.0493507	0.388541666666667
303.0831833	0.388541666666667
303.1159125	0.388541666666667
303.1494306	0.388541666666667
303.1829105	0.388541666666667
303.2160107	0.388541666666667
303.2492201	0.388541666666667
303.2831133	0.388541666666667
303.3163277	0.388541666666667
303.3493057	0.388541666666667
303.3830366	0.388541666666667
303.4158632	0.388541666666667
303.4491743	0.388541666666667
303.4827681	0.388541666666667
303.516139	0.388541666666667
303.5494568	0.388541666666667
303.5825576	0.388541666666667
303.6161843	0.388541666666667
303.6493473	0.388541666666667
303.6829286	0.388541666666667
303.716025	0.388541666666667
303.7498944	0.388541666666667
303.7831217	0.388541666666667
303.816366	0.388541666666667
303.8497344	0.388541666666667
303.8832365	0.388541666666667
303.9159289	0.388541666666667
303.9496988	0.388541666666667
303.9825431	0.388541666666667
304.0166797	0.388541666666667
304.0496314	0.388541666666667
304.0830947	0.388541666666667
304.115898	0.388541666666667
304.1493214	0.388541666666667
304.1830606	0.388541666666667
304.2162146	0.388541666666667
304.2497891	0.388541666666667
304.2824116	0.388541666666667
304.3160878	0.388541666666667
304.3493301	0.388541666666667
304.3834866	0.388541666666667
304.4160757	0.388541666666667
304.4497508	0.388541666666667
304.4829858	0.388541666666667
304.515891	0.388541666666667
304.5498081	0.388541666666667
304.5825422	0.388541666666667
304.6158734	0.388541666666667
304.6498981	0.388541666666667
304.6827026	0.388541666666667
304.7162266	0.388541666666667
304.749412	0.388541666666667
304.7830309	0.388541666666667
304.8162858	0.388541666666667
304.8499668	0.388541666666667
304.8829044	0.388541666666667
304.9161726	0.388541666666667
304.9494032	0.388541666666667
304.9831588	0.388541666666667
305.0162528	0.388541666666667
305.0499515	0.388541666666667
305.0825587	0.388541666666667
305.1164074	0.388541666666667
305.1493978	0.388541666666667
305.1832943	0.388541666666667
305.2161276	0.388541666666667
305.2496817	0.388541666666667
305.2828701	0.388541666666667
305.316497	0.388541666666667
305.3499351	0.388541666666667
305.3829357	0.388541666666667
305.4162994	0.388541666666667
305.4492963	0.388541666666667
305.4825155	0.388541666666667
305.5161944	0.388541666666667
305.5496747	0.388541666666667
305.583114	0.388541666666667
305.6164	0.388541666666667
305.6496602	0.388541666666667
305.6829765	0.388541666666667
305.7161281	0.388541666666667
305.7492138	0.388541666666667
305.7825774	0.388541666666667
305.8159621	0.388541666666667
305.8497206	0.388541666666667
305.8824921	0.388541666666667
305.9165689	0.388541666666667
305.9492297	0.388541666666667
305.9827626	0.388541666666667
306.0161558	0.388541666666667
306.0498955	0.388541666666667
306.0827539	0.388541666666667
306.1162113	0.388541666666667
306.149503	0.388541666666667
306.1827506	0.388541666666667
306.2159474	0.388541666666667
306.2497197	0.388541666666667
306.2826822	0.388541666666667
306.3161947	0.388541666666667
306.3497406	0.388541666666667
306.3828764	0.388541666666667
306.4157016	0.388541666666667
306.4497685	0.388541666666667
306.4828486	0.388541666666667
306.5159733	0.388541666666667
306.5498597	0.388541666666667
306.5824944	0.388541666666667
306.6161504	0.388541666666667
306.6496232	0.388541666666667
306.6828376	0.388541666666667
306.7162939	0.388541666666667
306.7492413	0.388541666666667
306.7825715	0.388541666666667
306.8157827	0.388541666666667
306.8491825	0.388541666666667
306.8824299	0.388541666666667
306.9161037	0.388541666666667
306.9494221	0.388541666666667
306.9830214	0.388541666666667
307.0162378	0.388541666666667
307.0495663	0.388541666666667
307.0827938	0.388541666666667
307.1163319	0.388541666666667
307.149238	0.388541666666667
307.182551	0.388541666666667
307.2163365	0.388541666666667
307.2494767	0.388541666666667
307.2829831	0.388541666666667
307.3162345	0.388541666666667
307.3492236	0.388541666666667
307.3830053	0.388541666666667
307.4163694	0.388541666666667
307.4502131	0.388541666666667
307.4831974	0.388541666666667
307.5162582	0.388541666666667
307.5496573	0.388541666666667
307.5826375	0.388541666666667
307.6156775	0.388541666666667
307.6495215	0.388541666666667
307.682612	0.388541666666667
307.7159819	0.388541666666667
307.7491419	0.388541666666667
307.7828283	0.388541666666667
307.8158004	0.388541666666667
307.8495167	0.388541666666667
307.8827297	0.388541666666667
307.9163452	0.388541666666667
307.9513519	0.388541666666667
307.9827581	0.388541666666667
308.0159488	0.388541666666667
308.049561	0.388541666666667
308.0827939	0.388541666666667
308.1156744	0.388541666666667
308.1493941	0.388541666666667
308.1829019	0.388541666666667
308.2162543	0.388541666666667
308.2496046	0.388541666666667
308.283038	0.388541666666667
308.316332	0.388541666666667
308.3495186	0.388541666666667
308.3826917	0.388541666666667
308.4160702	0.388541666666667
308.4496263	0.388541666666667
308.4826735	0.388541666666667
308.5156517	0.388541666666667
308.5496415	0.388541666666667
308.5827756	0.388541666666667
308.6158429	0.388541666666667
308.6497185	0.388541666666667
308.6829904	0.388541666666667
308.716119	0.388541666666667
308.7327975	0.388541666666667
308.7492683	0.388541666666667
308.7823507	0.388541666666667
308.8162211	0.388541666666667
308.8328933	0.388541666666667
308.8660267	0.388541666666667
308.8827201	0.388541666666667
308.916181	0.388541666666667
308.9326725	0.388541666666667
308.949409	0.388541666666667
308.9828335	0.388541666666667
308.9997507	0.388541666666667
309.0326705	0.388541666666667
309.0660343	0.388541666666667
309.082671	0.388541666666667
309.0993847	0.388541666666667
309.1325572	0.388541666666667
309.1665299	0.388541666666667
309.1824298	0.388541666666667
309.1993037	0.388541666666667
309.2159443	0.388541666666667
309.2325566	0.388541666666667
309.2659427	0.388541666666667
309.2995734	0.388541666666667
309.3158932	0.388541666666667
309.332659	0.388541666666667
309.3492795	0.388541666666667
309.3656184	0.388541666666667
309.399138	0.388541666666667
309.4326284	0.388541666666667
309.4493603	0.388541666666667
309.4660793	0.388541666666667
309.4827219	0.388541666666667
309.4991998	0.388541666666667
309.5159358	0.388541666666667
309.5328211	0.388541666666667
309.5503995	0.388541666666667
309.5659008	0.388541666666667
309.5995937	0.388541666666667
309.633011	0.388541666666667
309.6491552	0.388541666666667
309.6659792	0.388541666666667
309.6830497	0.388541666666667
309.6991561	0.388541666666667
309.7160453	0.388541666666667
309.7327783	0.388541666666667
309.7489236	0.388541666666667
309.7662114	0.388541666666667
309.7825661	0.388541666666667
309.7994142	0.388541666666667
309.8156713	0.388541666666667
309.83257	0.388541666666667
309.8492009	0.388541666666667
309.8660882	0.388541666666667
309.8826951	0.388541666666667
309.9001006	0.388541666666667
309.9169354	0.388541666666667
309.9339875	0.388541666666667
309.9502478	0.388541666666667
309.9665145	0.388541666666667
309.983203	0.388541666666667
310.0002405	0.388541666666667
310.016954	0.388541666666667
310.0431731	0.388541666666667
310.066976	0.388541666666667
310.0837672	0.388541666666667
310.1001938	0.388541666666667
310.1168788	0.388541666666667
310.1335333	0.388541666666667
310.1499329	0.388541666666667
310.1669814	0.388541666666667
310.183653	0.388541666666667
310.2001811	0.388541666666667
310.2335873	0.388541666666667
310.2500946	0.388541666666667
310.2669547	0.388541666666667
310.2833697	0.388541666666667
310.3003719	0.388541666666667
310.3165332	0.388541666666667
310.3334901	0.388541666666667
310.3500916	0.388541666666667
310.3666007	0.388541666666667
310.3835046	0.388541666666667
310.4004464	0.388541666666667
310.4167275	0.388541666666667
310.4335007	0.388541666666667
310.4502606	0.388541666666667
310.4670991	0.388541666666667
310.4835925	0.388541666666667
310.5002228	0.388541666666667
310.5163214	0.388541666666667
310.5333596	0.388541666666667
310.5501402	0.388541666666667
310.5664621	0.388541666666667
310.5831031	0.388541666666667
310.5998631	0.388541666666667
310.6166441	0.388541666666667
310.6335742	0.388541666666667
310.6503301	0.388541666666667
310.6669688	0.388541666666667
310.6832973	0.388541666666667
310.7000779	0.388541666666667
310.7168487	0.388541666666667
310.7330932	0.388541666666667
310.749871	0.388541666666667
310.7672887	0.388541666666667
310.7832342	0.388541666666667
310.7997604	0.388541666666667
310.8170031	0.388541666666667
310.8332066	0.388541666666667
310.8502862	0.388541666666667
310.8670395	0.388541666666667
310.883151	0.388541666666667
310.9002425	0.388541666666667
310.9170702	0.388541666666667
310.9330234	0.388541666666667
310.9498558	0.388541666666667
310.9669494	0.388541666666667
310.9831463	0.388541666666667
311.000083	0.388541666666667
311.0168332	0.388541666666667
311.0336513	0.388541666666667
311.0501931	0.388541666666667
311.0667204	0.388541666666667
311.0837494	0.388541666666667
311.1002777	0.388541666666667
311.1169291	0.388541666666667
311.1333059	0.388541666666667
311.1499399	0.388541666666667
311.1663069	0.388541666666667
311.183517	0.388541666666667
311.1997291	0.388541666666667
311.2164768	0.388541666666667
311.2332025	0.388541666666667
311.2497847	0.388541666666667
311.2669471	0.388541666666667
311.2834058	0.388541666666667
311.3000863	0.388541666666667
311.3166429	0.388541666666667
311.3330928	0.388541666666667
311.3501539	0.388541666666667
311.3671006	0.388541666666667
311.382868	0.388541666666667
311.4002868	0.388541666666667
311.4164788	0.388541666666667
311.4333358	0.388541666666667
311.4500032	0.388541666666667
311.4665081	0.388541666666667
311.4833993	0.388541666666667
311.4999287	0.388541666666667
311.5169059	0.388541666666667
311.5331252	0.388541666666667
311.5502806	0.388541666666667
311.5665629	0.388541666666667
311.5836591	0.388541666666667
311.5998548	0.388541666666667
311.616779	0.388541666666667
311.6335888	0.388541666666667
311.650135	0.388541666666667
311.6669953	0.388541666666667
311.6831724	0.388541666666667
311.6999266	0.388541666666667
311.716593	0.388541666666667
311.7327898	0.388541666666667
311.7497668	0.388541666666667
311.7665904	0.388541666666667
311.7829504	0.388541666666667
311.8001203	0.388541666666667
311.8164853	0.388541666666667
311.8328433	0.388541666666667
311.8496851	0.388541666666667
311.8660235	0.388541666666667
311.8833571	0.388541666666667
311.899946	0.388541666666667
311.916749	0.388541666666667
311.9331146	0.388541666666667
311.9500066	0.388541666666667
311.966728	0.388541666666667
311.9826166	0.388541666666667
311.9993166	0.388541666666667
312.0168939	0.388541666666667
312.0331036	0.388541666666667
312.0501296	0.388541666666667
312.0669528	0.388541666666667
312.0834964	0.388541666666667
312.1001744	0.388541666666667
312.1164569	0.388541666666667
312.1332233	0.388541666666667
312.1500209	0.388541666666667
312.166679	0.388541666666667
312.1829243	0.388541666666667
312.1997714	0.388541666666667
312.2163837	0.388541666666667
312.2332098	0.388541666666667
312.2499028	0.388541666666667
312.2668015	0.388541666666667
312.2833694	0.388541666666667
312.3000028	0.388541666666667
312.3166785	0.388541666666667
312.3330902	0.388541666666667
312.3497282	0.388541666666667
312.3669432	0.388541666666667
312.3829884	0.388541666666667
312.3996447	0.388541666666667
312.4167102	0.388541666666667
312.433154	0.388541666666667
312.450041	0.388541666666667
312.4672689	0.388541666666667
312.48341	0.388541666666667
312.4997972	0.388541666666667
312.5165568	0.388541666666667
312.5331868	0.388541666666667
312.5500425	0.388541666666667
312.5664485	0.388541666666667
312.5827607	0.388541666666667
312.6001903	0.388541666666667
312.6166541	0.388541666666667
312.6329909	0.388541666666667
312.6496036	0.388541666666667
312.6662001	0.388541666666667
312.6834852	0.388541666666667
312.6999884	0.388541666666667
312.7166052	0.388541666666667
312.7331582	0.388541666666667
312.7501391	0.388541666666667
312.766709	0.388541666666667
312.7829124	0.388541666666667
312.7997781	0.388541666666667
312.8165903	0.388541666666667
312.8331514	0.388541666666667
312.8499091	0.388541666666667
312.8665447	0.388541666666667
312.8831628	0.388541666666667
312.9002083	0.388541666666667
312.9168764	0.388541666666667
312.9334121	0.388541666666667
312.9500009	0.388541666666667
312.966948	0.388541666666667
312.983406	0.388541666666667
312.9998185	0.388541666666667
313.0167033	0.388541666666667
313.0335047	0.388541666666667
313.049746	0.388541666666667
313.0665416	0.388541666666667
313.0831666	0.388541666666667
313.1002573	0.388541666666667
313.1162488	0.388541666666667
313.1330746	0.388541666666667
313.1497107	0.388541666666667
313.1670547	0.388541666666667
313.1832836	0.388541666666667
313.1995548	0.388541666666667
313.2170166	0.388541666666667
313.2333377	0.388541666666667
313.2501668	0.388541666666667
313.2666868	0.388541666666667
313.2836332	0.388541666666667
313.2994816	0.388541666666667
313.3165307	0.388541666666667
313.3331775	0.388541666666667
313.3501384	0.388541666666667
313.3667302	0.388541666666667
313.3834514	0.388541666666667
313.3999207	0.388541666666667
313.4164856	0.388541666666667
313.4332165	0.388541666666667
313.449638	0.388541666666667
313.4667865	0.388541666666667
313.4834996	0.388541666666667
313.4994829	0.388541666666667
313.5167853	0.388541666666667
313.5331683	0.388541666666667
313.5500096	0.388541666666667
313.5665409	0.388541666666667
313.5829094	0.388541666666667
313.5997863	0.388541666666667
313.6163449	0.388541666666667
313.6328507	0.388541666666667
313.6500098	0.388541666666667
313.6667313	0.388541666666667
313.683388	0.388541666666667
313.6996992	0.388541666666667
313.7168316	0.388541666666667
313.7327834	0.388541666666667
313.7498089	0.388541666666667
313.7671394	0.388541666666667
313.7828258	0.388541666666667
313.7997649	0.388541666666667
313.8168353	0.388541666666667
313.8328998	0.388541666666667
313.8504137	0.388541666666667
313.8666092	0.388541666666667
313.8828458	0.388541666666667
313.8997717	0.388541666666667
313.916316	0.388541666666667
313.9327783	0.388541666666667
313.94984	0.388541666666667
313.9667102	0.388541666666667
313.982824	0.388541666666667
314.0001303	0.388541666666667
314.0166979	0.388541666666667
314.0332728	0.388541666666667
314.050154	0.388541666666667
314.066834	0.388541666666667
314.0828653	0.388541666666667
314.0999759	0.388541666666667
314.1164536	0.388541666666667
314.132889	0.388541666666667
314.1501027	0.388541666666667
314.1666022	0.388541666666667
314.1832148	0.388541666666667
314.1997166	0.388541666666667
314.2161753	0.388541666666667
314.2331368	0.388541666666667
314.249676	0.388541666666667
314.2663772	0.388541666666667
314.2827546	0.388541666666667
314.3001618	0.388541666666667
314.3171682	0.388541666666667
314.3333799	0.388541666666667
314.3501738	0.388541666666667
314.3666804	0.388541666666667
314.3836004	0.388541666666667
314.399722	0.388541666666667
314.4161932	0.388541666666667
314.4330037	0.388541666666667
314.4499964	0.388541666666667
314.4662913	0.388541666666667
314.4831198	0.388541666666667
314.4995663	0.388541666666667
314.5168546	0.388541666666667
314.5330078	0.388541666666667
314.5501438	0.388541666666667
314.5665851	0.388541666666667
314.583163	0.388541666666667
314.5997394	0.388541666666667
314.6166546	0.388541666666667
314.6331155	0.388541666666667
314.6501105	0.388541666666667
314.6665113	0.388541666666667
314.6833431	0.388541666666667
314.7001501	0.388541666666667
314.7167093	0.388541666666667
314.7329513	0.388541666666667
314.74966	0.388541666666667
314.766805	0.388541666666667
314.7830809	0.388541666666667
314.8000354	0.388541666666667
314.8167547	0.388541666666667
314.8330837	0.388541666666667
314.8500374	0.388541666666667
314.8666923	0.388541666666667
314.8832491	0.388541666666667
314.8993893	0.388541666666667
314.9162276	0.388541666666667
314.9327114	0.388541666666667
314.9498693	0.388541666666667
314.9661881	0.388541666666667
314.9833911	0.388541666666667
315.0002753	0.388541666666667
315.0167649	0.388541666666667
315.0332688	0.388541666666667
315.0500528	0.388541666666667
315.0666374	0.388541666666667
315.0831988	0.388541666666667
315.0995751	0.388541666666667
315.116522	0.388541666666667
315.1330659	0.388541666666667
315.1501161	0.388541666666667
315.1661505	0.388541666666667
315.182778	0.388541666666667
315.2001952	0.388541666666667
315.2165523	0.388541666666667
315.2334584	0.388541666666667
315.2497452	0.388541666666667
315.2665393	0.388541666666667
315.283445	0.388541666666667
315.3000639	0.388541666666667
315.3167501	0.388541666666667
315.3330817	0.388541666666667
315.3499612	0.388541666666667
315.3665183	0.388541666666667
315.3831674	0.388541666666667
315.4000552	0.388541666666667
315.4162819	0.388541666666667
315.4326433	0.388541666666667
315.4494647	0.388541666666667
315.466658	0.388541666666667
315.4827414	0.388541666666667
315.4998999	0.388541666666667
315.5166855	0.388541666666667
315.5331928	0.388541666666667
315.5495396	0.388541666666667
315.5668612	0.388541666666667
315.582759	0.388541666666667
315.6000758	0.388541666666667
315.6167771	0.388541666666667
315.633053	0.388541666666667
315.6499251	0.388541666666667
315.666188	0.388541666666667
315.6830481	0.388541666666667
315.6999202	0.388541666666667
315.7167029	0.388541666666667
315.7333646	0.388541666666667
315.7500841	0.388541666666667
315.7666714	0.388541666666667
315.7831863	0.388541666666667
315.8001303	0.388541666666667
315.8166631	0.388541666666667
315.8328613	0.388541666666667
315.8499396	0.388541666666667
315.8665088	0.388541666666667
315.8827084	0.388541666666667
315.8998537	0.388541666666667
315.9161497	0.388541666666667
315.9327822	0.388541666666667
315.949526	0.388541666666667
315.966785	0.388541666666667
315.9831885	0.388541666666667
316.0002338	0.388541666666667
316.0166179	0.388541666666667
316.0332249	0.388541666666667
316.0500475	0.388541666666667
316.066554	0.388541666666667
316.0830622	0.388541666666667
316.0994734	0.388541666666667
316.1165227	0.388541666666667
316.1328968	0.388541666666667
316.1502309	0.388541666666667
316.1662428	0.388541666666667
316.1835355	0.388541666666667
316.1999149	0.388541666666667
316.2166263	0.388541666666667
316.2332713	0.388541666666667
316.2498207	0.388541666666667
316.2665433	0.388541666666667
316.2833294	0.388541666666667
316.3000118	0.388541666666667
316.3166077	0.388541666666667
316.3332225	0.388541666666667
316.3496094	0.388541666666667
316.3665106	0.388541666666667
316.3827329	0.388541666666667
316.4001803	0.388541666666667
316.4165329	0.388541666666667
316.4331285	0.388541666666667
316.4501536	0.388541666666667
316.466754	0.388541666666667
316.4831881	0.388541666666667
316.5001869	0.388541666666667
316.5165381	0.388541666666667
316.5331377	0.388541666666667
316.5500675	0.388541666666667
316.5662247	0.388541666666667
316.5828794	0.388541666666667
316.5995825	0.388541666666667
316.6163924	0.388541666666667
316.6328455	0.388541666666667
316.6494821	0.388541666666667
316.666616	0.388541666666667
316.6826273	0.388541666666667
316.699879	0.388541666666667
316.7167311	0.388541666666667
316.7332269	0.388541666666667
316.7496668	0.388541666666667
316.7666486	0.388541666666667
316.7825875	0.388541666666667
316.799787	0.388541666666667
316.8165141	0.388541666666667
316.8326639	0.388541666666667
316.8495216	0.388541666666667
316.8664536	0.388541666666667
316.8826239	0.388541666666667
316.8994793	0.388541666666667
316.9158999	0.388541666666667
316.9330795	0.388541666666667
316.9498574	0.388541666666667
316.9664959	0.388541666666667
316.9831948	0.388541666666667
316.9998114	0.388541666666667
317.0168241	0.388541666666667
317.0334903	0.388541666666667
317.0495891	0.388541666666667
317.0669309	0.388541666666667
317.0830458	0.388541666666667
317.0994414	0.388541666666667
317.1167885	0.388541666666667
317.1329026	0.388541666666667
317.1499797	0.388541666666667
317.1668235	0.388541666666667
317.1827979	0.388541666666667
317.1995362	0.388541666666667
317.2162801	0.388541666666667
317.2331724	0.388541666666667
317.2532882	0.388541666666667
317.2669104	0.388541666666667
317.283056	0.388541666666667
317.3000587	0.388541666666667
317.3166459	0.388541666666667
317.3330067	0.388541666666667
317.3498778	0.388541666666667
317.3662503	0.388541666666667
317.3830879	0.388541666666667
317.399455	0.388541666666667
317.4165513	0.388541666666667
317.4331072	0.388541666666667
317.4499121	0.388541666666667
317.4670179	0.388541666666667
317.4832305	0.388541666666667
317.4997189	0.388541666666667
317.516502	0.388541666666667
317.5327595	0.388541666666667
317.5496437	0.388541666666667
317.5664088	0.388541666666667
317.5830391	0.388541666666667
317.5996296	0.388541666666667
317.6165476	0.388541666666667
317.6331401	0.388541666666667
317.6495954	0.388541666666667
317.6666815	0.388541666666667
317.6829423	0.388541666666667
317.6999703	0.388541666666667
317.7168173	0.388541666666667
317.7332985	0.388541666666667
317.7496596	0.388541666666667
317.7663592	0.388541666666667
317.7826856	0.388541666666667
317.7994277	0.388541666666667
317.8167737	0.388541666666667
317.8331484	0.388541666666667
317.8497994	0.388541666666667
317.8663259	0.388541666666667
317.8829263	0.388541666666667
317.8994913	0.388541666666667
317.9169563	0.388541666666667
317.9332446	0.388541666666667
317.9495698	0.388541666666667
317.9665282	0.388541666666667
317.9832875	0.388541666666667
317.9995205	0.388541666666667
318.0170708	0.388541666666667
318.0331269	0.388541666666667
318.0497038	0.388541666666667
318.0664503	0.388541666666667
318.0826983	0.388541666666667
318.0996184	0.388541666666667
318.116559	0.388541666666667
318.1328571	0.388541666666667
318.1497694	0.388541666666667
318.1663225	0.388541666666667
318.1830859	0.388541666666667
318.199693	0.388541666666667
318.2165088	0.388541666666667
318.232903	0.388541666666667
318.2493835	0.388541666666667
318.2665591	0.388541666666667
318.2831787	0.388541666666667
318.2993865	0.388541666666667
318.3163991	0.388541666666667
318.3331702	0.388541666666667
318.3500169	0.388541666666667
318.3668032	0.388541666666667
318.3830636	0.388541666666667
318.3994139	0.388541666666667
318.4169626	0.388541666666667
318.4329871	0.388541666666667
318.4499393	0.388541666666667
318.4667731	0.388541666666667
318.4827593	0.388541666666667
318.499798	0.388541666666667
318.5169649	0.388541666666667
318.532719	0.388541666666667
318.5496407	0.388541666666667
318.5662727	0.388541666666667
318.5828871	0.388541666666667
318.5997437	0.388541666666667
318.6170367	0.388541666666667
318.6329093	0.388541666666667
318.6498304	0.388541666666667
318.6667829	0.388541666666667
318.683311	0.388541666666667
318.6996885	0.388541666666667
318.7166161	0.388541666666667
318.733314	0.388541666666667
318.74968	0.388541666666667
318.7665627	0.388541666666667
318.7828831	0.388541666666667
318.7995322	0.388541666666667
318.8166214	0.388541666666667
318.832834	0.388541666666667
318.8535042	0.388541666666667
318.8666806	0.388541666666667
318.8826435	0.388541666666667
318.8995359	0.388541666666667
318.9168734	0.388541666666667
318.9332365	0.388541666666667
318.9494958	0.388541666666667
318.9668578	0.388541666666667
318.9833291	0.388541666666667
318.9994082	0.388541666666667
319.0163283	0.388541666666667
319.0333245	0.388541666666667
319.049982	0.388541666666667
319.0683069	0.388541666666667
319.0833131	0.388541666666667
319.0995169	0.388541666666667
319.116587	0.388541666666667
319.1331663	0.388541666666667
319.150434	0.388541666666667
319.1666107	0.388541666666667
319.1828041	0.388541666666667
319.1999135	0.388541666666667
319.2167513	0.388541666666667
319.2331992	0.388541666666667
319.250012	0.388541666666667
319.2661485	0.388541666666667
319.2831112	0.388541666666667
319.299741	0.388541666666667
319.3166393	0.388541666666667
319.3331533	0.388541666666667
319.3496307	0.388541666666667
319.3665002	0.388541666666667
319.3831842	0.388541666666667
319.3994471	0.388541666666667
319.4168083	0.388541666666667
319.4331434	0.388541666666667
319.4500634	0.388541666666667
319.4661108	0.388541666666667
319.4830526	0.388541666666667
319.4995691	0.388541666666667
319.5160971	0.388541666666667
319.5327568	0.388541666666667
319.550025	0.388541666666667
319.5663322	0.388541666666667
319.5828067	0.388541666666667
319.5996589	0.388541666666667
319.6167336	0.388541666666667
319.6330895	0.388541666666667
319.6494708	0.388541666666667
319.6667056	0.388541666666667
319.6831709	0.388541666666667
319.6996729	0.388541666666667
319.7166821	0.388541666666667
319.7328796	0.388541666666667
319.7500762	0.388541666666667
319.766155	0.388541666666667
319.7830254	0.388541666666667
319.7995531	0.388541666666667
319.8169089	0.388541666666667
319.8334753	0.388541666666667
319.8500946	0.388541666666667
319.8665948	0.388541666666667
319.8831528	0.388541666666667
319.8999178	0.388541666666667
319.9163663	0.388541666666667
319.9329877	0.388541666666667
319.949179	0.388541666666667
319.9661658	0.388541666666667
319.9827819	0.388541666666667
319.9996529	0.388541666666667
320.0161155	0.388541666666667
320.0332979	0.388541666666667
320.0493981	0.388541666666667
320.0662033	0.388541666666667
320.0824411	0.388541666666667
320.0996183	0.388541666666667
320.1162015	0.388541666666667
320.1324981	0.388541666666667
320.1494671	0.388541666666667
320.1661768	0.388541666666667
320.1828773	0.388541666666667
320.1998745	0.388541666666667
320.2163812	0.388541666666667
320.2329602	0.397916666666667
320.2500515	0.397916666666667
320.2665779	0.397916666666667
320.2833053	0.40625
320.2999101	0.40625
320.3210444	0.40625
320.3331974	0.40625
320.3502234	0.40625
320.3665412	0.40625
320.3829034	0.40625
320.3999733	0.40625
320.4163656	0.40625
320.4330609	0.40625
320.4499193	0.40625
320.4663933	0.40625
320.4827288	0.40625
320.4998597	0.40625
320.5166528	0.40625
320.5331159	0.40625
320.5499537	0.40625
320.5663693	0.40625
320.5830124	0.40625
320.5995588	0.40625
320.6161952	0.40625
320.6330112	0.40625
320.6497862	0.40625
320.6661216	0.40625
320.682979	0.40625
320.6997907	0.40625
320.716463	0.40625
320.7330349	0.40625
320.7504495	0.40625
320.7662756	0.40625
320.7829122	0.40625
320.8000781	0.40625
320.816144	0.40625
320.8329835	0.40625
320.8498585	0.40625
320.8661325	0.40625
320.8829876	0.40625
320.899448	0.40625
320.9165842	0.40625
320.9327768	0.40625
320.949519	0.40625
320.9669854	0.40625
320.9827753	0.40625
320.9999426	0.40625
321.0163093	0.40625
321.0336135	0.40625
321.0497361	0.40625
321.0668575	0.40625
321.0829634	0.40625
321.0999028	0.40625
321.1161314	0.40625
321.1327274	0.40625
321.1498385	0.40625
321.1667444	0.40625
321.1830154	0.40625
321.1999422	0.40625
321.2167642	0.40625
321.232728	0.40625
321.2503235	0.40625
321.266817	0.40625
321.2831755	0.40625
321.29983	0.40625
321.3164648	0.40625
321.3327626	0.40625
321.3500134	0.40625
321.3661805	0.40625
321.3826229	0.40625
321.3998551	0.40625
321.4166015	0.40625
321.4327689	0.40625
321.4498247	0.40625
321.4665646	0.40625
321.4828597	0.40625
321.4998144	0.40625
321.5161118	0.40625
321.5330119	0.40625
321.5493091	0.40625
321.5663976	0.40625
321.5829205	0.40625
321.5994204	0.40625
321.616177	0.40625
321.6333098	0.40625
321.6495977	0.40625
321.6668984	0.40625
321.6831066	0.40625
321.6999304	0.40625
321.7163038	0.40625
321.732939	0.40625
321.7498063	0.40625
321.7662117	0.40625
321.7828741	0.40625
321.7998119	0.40625
321.8161008	0.40625
321.8329225	0.40625
321.8499365	0.40625
321.8665015	0.40625
321.8830648	0.40625
321.899919	0.40625
321.9161791	0.40625
321.9329955	0.40625
321.9500529	0.40625
321.9667265	0.40625
321.9828417	0.40625
321.9997204	0.40625
322.0160916	0.40625
322.0329108	0.40625
322.0493996	0.40625
322.0661544	0.40625
322.0825849	0.40625
322.0998324	0.40625
322.1160952	0.40625
322.1330013	0.40625
322.1499585	0.40625
322.1665584	0.40625
322.1840028	0.40625
322.2001529	0.40625
322.2160695	0.40625
322.2329193	0.40625
322.2493788	0.40625
322.2664965	0.40625
322.2829377	0.40625
322.2995057	0.40625
322.3165762	0.40625
322.3327572	0.40625
322.3495302	0.40625
322.3664416	0.40625
322.3829493	0.40625
322.3999196	0.40625
322.4161597	0.40625
322.432956	0.40625
322.4498733	0.40625
322.4660354	0.40625
322.4828721	0.40625
322.4994237	0.40625
322.5161175	0.40625
322.5329474	0.40625
322.549486	0.40625
322.5661142	0.40625
322.5832492	0.40625
322.6001322	0.40625
322.6165567	0.40625
322.6333496	0.40625
322.6497716	0.40625
322.6664891	0.40625
322.6829837	0.40625
322.6996252	0.40625
322.7160498	0.40625
322.7330572	0.40625
322.7496666	0.40625
322.7661091	0.40625
322.782814	0.40625
322.7999149	0.40625
322.8163378	0.40625
322.8333173	0.40625
322.8500098	0.40625
322.8666431	0.40625
322.8828939	0.40625
322.8996605	0.40625
322.9163647	0.40625
322.9328713	0.40625
322.9495504	0.40625
322.9663619	0.40625
322.9828888	0.40625
322.9995113	0.40625
323.0162692	0.40625
323.0329206	0.40625
323.0496616	0.40625
323.0658392	0.40625
323.0827889	0.40625
323.0992671	0.40625
323.1161647	0.40625
323.1326717	0.40625
323.1494061	0.40625
323.1661861	0.40625
323.1823937	0.40625
323.1995616	0.40625
323.2160904	0.40625
323.2329774	0.40625
323.2493755	0.422916666666667
323.2664606	0.422916666666667
323.2826807	0.422916666666667
323.2992737	0.422916666666667
323.315926	0.422916666666667
323.333053	0.422916666666667
323.3493988	0.422916666666667
323.3662693	0.422916666666667
323.3826321	0.422916666666667
323.3998681	0.422916666666667
323.4165013	0.422916666666667
323.4330494	0.422916666666667
323.4499399	0.422916666666667
323.4661235	0.422916666666667
323.4830439	0.422916666666667
323.499591	0.422916666666667
323.5166748	0.422916666666667
323.5329365	0.422916666666667
323.5500281	0.422916666666667
323.566665	0.422916666666667
323.5828362	0.422916666666667
323.5994528	0.422916666666667
323.616098	0.422916666666667
323.6327776	0.422916666666667
323.6499036	0.422916666666667
323.6661239	0.422916666666667
323.6830479	0.422916666666667
323.6999929	0.422916666666667
323.7164764	0.422916666666667
323.7326955	0.422916666666667
323.7494693	0.422916666666667
323.7662605	0.422916666666667
323.7830346	0.422916666666667
323.8000614	0.422916666666667
323.8164047	0.422916666666667
323.8326999	0.422916666666667
323.8494238	0.422916666666667
323.866303	0.422916666666667
323.8827478	0.422916666666667
323.8996145	0.422916666666667
323.9162069	0.422916666666667
323.9326966	0.422916666666667
323.9498325	0.422916666666667
323.9666634	0.422916666666667
323.9823954	0.422916666666667
323.9999883	0.422916666666667
324.0164634	0.422916666666667
324.0327529	0.422916666666667
324.0500772	0.422916666666667
324.0661086	0.422916666666667
324.0823787	0.422916666666667
324.0993701	0.422916666666667
324.1164606	0.422916666666667
324.1324459	0.422916666666667
324.1491971	0.422916666666667
324.1663303	0.422916666666667
324.1825759	0.422916666666667
324.1997665	0.422916666666667
324.2162189	0.422916666666667
324.2330234	0.422916666666667
324.2499327	0.422916666666667
324.2663572	0.422916666666667
324.2824656	0.422916666666667
324.2998316	0.422916666666667
324.3163848	0.422916666666667
324.3324423	0.422916666666667
324.3495888	0.422916666666667
324.3662511	0.422916666666667
324.3826551	0.422916666666667
324.399448	0.422916666666667
324.4161022	0.422916666666667
324.432732	0.422916666666667
324.4499406	0.422916666666667
324.4662207	0.422916666666667
324.4826013	0.422916666666667
324.4997671	0.422916666666667
324.5160204	0.422916666666667
324.5327144	0.422916666666667
324.5492755	0.422916666666667
324.5660001	0.422916666666667
324.5824925	0.422916666666667
324.599909	0.422916666666667
324.6160596	0.422916666666667
324.6326915	0.422916666666667
324.6494152	0.422916666666667
324.6662571	0.422916666666667
324.6830955	0.422916666666667
324.6998247	0.422916666666667
324.71642	0.422916666666667
324.7326634	0.422916666666667
324.7493224	0.422916666666667
324.7662822	0.422916666666667
324.7822676	0.422916666666667
324.7997073	0.422916666666667
324.8163478	0.422916666666667
324.8327837	0.422916666666667
324.8495806	0.422916666666667
324.8664411	0.422916666666667
324.8827658	0.422916666666667
324.8996	0.422916666666667
324.9165176	0.422916666666667
324.9329944	0.422916666666667
324.9500711	0.422916666666667
324.9663559	0.422916666666667
324.9823761	0.422916666666667
324.9999184	0.422916666666667
325.0162435	0.422916666666667
325.0327182	0.422916666666667
325.0493323	0.422916666666667
325.0664466	0.422916666666667
325.0827236	0.422916666666667
325.0996365	0.422916666666667
325.1159975	0.422916666666667
325.1327516	0.422916666666667
325.1493152	0.422916666666667
325.1662042	0.422916666666667
325.1827391	0.422916666666667
325.1998517	0.422916666666667
325.2166235	0.422916666666667
325.2328126	0.422916666666667
325.2500422	0.422916666666667
325.266278	0.422916666666667
325.2829954	0.422916666666667
325.2996601	0.422916666666667
325.3162372	0.422916666666667
325.3323612	0.422916666666667
325.3498748	0.422916666666667
325.3663363	0.422916666666667
325.3827573	0.422916666666667
325.4001448	0.422916666666667
325.416201	0.422916666666667
325.4328528	0.422916666666667
325.4496504	0.422916666666667
325.4663327	0.422916666666667
325.4824309	0.422916666666667
325.4997544	0.422916666666667
325.5163553	0.422916666666667
325.5327766	0.422916666666667
325.549706	0.422916666666667
325.5660373	0.422916666666667
325.5828051	0.422916666666667
325.5995467	0.422916666666667
325.6159549	0.422916666666667
325.632439	0.422916666666667
325.6495278	0.422916666666667
325.6663721	0.422916666666667
325.6828865	0.422916666666667
325.699551	0.422916666666667
325.716415	0.422916666666667
325.7332801	0.422916666666667
325.7495488	0.422916666666667
325.7664277	0.422916666666667
325.7827203	0.422916666666667
325.7998353	0.422916666666667
325.8157734	0.422916666666667
325.832602	0.422916666666667
325.849777	0.422916666666667
325.8662138	0.422916666666667
325.8830507	0.422916666666667
325.899577	0.422916666666667
325.9165553	0.422916666666667
325.9327889	0.422916666666667
325.9497825	0.422916666666667
325.9663111	0.422916666666667
325.9830283	0.422916666666667
325.9996651	0.422916666666667
326.016149	0.422916666666667
326.0329616	0.422916666666667
326.0496584	0.422916666666667
326.0660184	0.422916666666667
326.0827822	0.422916666666667
326.099464	0.422916666666667
326.1162016	0.422916666666667
326.1329365	0.422916666666667
326.1498222	0.422916666666667
326.1665124	0.422916666666667
326.1829538	0.422916666666667
326.1998836	0.422916666666667
326.216293	0.422916666666667
326.2323163	0.422916666666667
326.2495203	0.422916666666667
326.2666819	0.422916666666667
326.283227	0.422916666666667
326.2996376	0.422916666666667
326.3165284	0.422916666666667
326.3325941	0.422916666666667
326.3497026	0.422916666666667
326.3663725	0.422916666666667
326.3827626	0.422916666666667
326.3998104	0.422916666666667
326.4163887	0.422916666666667
326.4328104	0.422916666666667
326.449454	0.422916666666667
326.4660754	0.422916666666667
326.4829337	0.422916666666667
326.4995042	0.422916666666667
326.5162547	0.422916666666667
326.5325968	0.422916666666667
326.549391	0.422916666666667
326.5665466	0.422916666666667
326.5828403	0.422916666666667
326.5996017	0.422916666666667
326.6160595	0.422916666666667
326.6325665	0.422916666666667
326.6495397	0.422916666666667
326.6662175	0.422916666666667
326.6828036	0.422916666666667
326.6996029	0.422916666666667
326.7159267	0.422916666666667
326.7327828	0.422916666666667
326.7492158	0.422916666666667
326.7662353	0.422916666666667
326.7830978	0.422916666666667
326.7994888	0.422916666666667
326.8162963	0.422916666666667
326.8327418	0.422916666666667
326.8497056	0.422916666666667
326.8662114	0.422916666666667
326.8825649	0.422916666666667
326.8997241	0.422916666666667
326.9158755	0.422916666666667
326.9325714	0.422916666666667
326.9495295	0.422916666666667
326.9658274	0.422916666666667
326.9825884	0.422916666666667
326.9995473	0.422916666666667
327.0160978	0.422916666666667
327.0328779	0.422916666666667
327.0492299	0.422916666666667
327.0665986	0.422916666666667
327.0825805	0.422916666666667
327.1002699	0.422916666666667
327.1164945	0.422916666666667
327.1331169	0.422916666666667
327.1497747	0.422916666666667
327.1664896	0.422916666666667
327.1828842	0.422916666666667
327.1996592	0.422916666666667
327.2158228	0.422916666666667
327.2326334	0.422916666666667
327.2497637	0.422916666666667
327.2658962	0.422916666666667
327.2823587	0.422916666666667
327.2992516	0.422916666666667
327.3159744	0.422916666666667
327.3330078	0.422916666666667
327.3497046	0.422916666666667
327.3661857	0.422916666666667
327.3832094	0.422916666666667
327.3996932	0.422916666666667
327.4159325	0.422916666666667
327.4324498	0.422916666666667
327.4496437	0.422916666666667
327.4657609	0.422916666666667
327.4828151	0.422916666666667
327.4994436	0.422916666666667
327.5162225	0.422916666666667
327.5330821	0.422916666666667
327.5498864	0.422916666666667
327.5663213	0.422916666666667
327.5832678	0.422916666666667
327.5995638	0.422916666666667
327.6163375	0.422916666666667
327.632916	0.422916666666667
327.6499331	0.422916666666667
327.6660569	0.422916666666667
327.6826225	0.422916666666667
327.6997221	0.422916666666667
327.7157672	0.422916666666667
327.7328566	0.422916666666667
327.7497445	0.422916666666667
327.7663126	0.422916666666667
327.78249	0.422916666666667
327.7996671	0.422916666666667
327.8162351	0.422916666666667
327.8329952	0.422916666666667
327.8493162	0.422916666666667
327.8662532	0.422916666666667
327.8828114	0.422916666666667
327.899625	0.422916666666667
327.916088	0.422916666666667
327.9326699	0.422916666666667
327.9491944	0.422916666666667
327.9660672	0.422916666666667
327.982567	0.422916666666667
327.9992983	0.422916666666667
328.0164873	0.422916666666667
328.0329316	0.422916666666667
328.0492908	0.422916666666667
328.065997	0.422916666666667
328.0828658	0.422916666666667
328.0995784	0.422916666666667
328.1161706	0.422916666666667
328.1328455	0.422916666666667
328.1495628	0.422916666666667
328.1663449	0.422916666666667
328.1825336	0.422916666666667
328.1994825	0.422916666666667
328.216091	0.422916666666667
328.232581	0.422916666666667
328.2497616	0.422916666666667
328.2659904	0.422916666666667
328.2829545	0.422916666666667
328.2997731	0.422916666666667
328.3162796	0.422916666666667
328.3328012	0.422916666666667
328.3497246	0.422916666666667
328.3662086	0.422916666666667
328.3824804	0.422916666666667
328.3990275	0.422916666666667
328.4156095	0.422916666666667
328.432775	0.422916666666667
328.449339	0.422916666666667
328.4659199	0.422916666666667
328.4825624	0.422916666666667
328.4992445	0.422916666666667
328.5162074	0.422916666666667
328.5329056	0.422916666666667
328.5494156	0.422916666666667
328.5661144	0.422916666666667
328.5830713	0.422916666666667
328.5997982	0.422916666666667
328.6165033	0.422916666666667
328.6328661	0.422916666666667
328.6495771	0.422916666666667
328.666225	0.422916666666667
328.6827469	0.422916666666667
328.6998131	0.422916666666667
328.716448	0.422916666666667
328.7326487	0.422916666666667
328.7491504	0.422916666666667
328.7659987	0.422916666666667
328.7830144	0.422916666666667
328.7995612	0.422916666666667
328.8161252	0.422916666666667
328.8329486	0.422916666666667
328.8496092	0.422916666666667
328.8659347	0.422916666666667
328.8831094	0.422916666666667
328.8992188	0.422916666666667
328.916176	0.422916666666667
328.9330712	0.422916666666667
328.9495769	0.422916666666667
328.9662474	0.422916666666667
328.9828944	0.422916666666667
328.9997228	0.422916666666667
329.0162173	0.422916666666667
329.033352	0.422916666666667
329.0495311	0.422916666666667
329.0661542	0.422916666666667
329.0827073	0.422916666666667
329.0992454	0.422916666666667
329.1162137	0.422916666666667
329.1328132	0.422916666666667
329.1497765	0.422916666666667
329.1665009	0.422916666666667
329.183011	0.422916666666667
329.1997221	0.422916666666667
329.2161853	0.422916666666667
329.2327343	0.422916666666667
329.2494295	0.422916666666667
329.2659471	0.422916666666667
329.2830899	0.422916666666667
329.2997218	0.422916666666667
329.3158778	0.422916666666667
329.3324951	0.422916666666667
329.3495196	0.422916666666667
329.3660697	0.422916666666667
329.382508	0.422916666666667
329.39973	0.422916666666667
329.4162717	0.422916666666667
329.4325577	0.422916666666667
329.4497867	0.422916666666667
329.4662294	0.422916666666667
329.4829662	0.422916666666667
329.4998345	0.422916666666667
329.5160057	0.422916666666667
329.5326304	0.422916666666667
329.5495601	0.422916666666667
329.565943	0.422916666666667
329.5826776	0.422916666666667
329.599118	0.422916666666667
329.6162266	0.422916666666667
329.6326886	0.422916666666667
329.6496656	0.422916666666667
329.6660802	0.422916666666667
329.6827602	0.422916666666667
329.6994971	0.422916666666667
329.7158765	0.422916666666667
329.732966	0.422916666666667
329.7495115	0.422916666666667
329.7661893	0.422916666666667
329.7827249	0.422916666666667
329.7996856	0.422916666666667
329.8160172	0.422916666666667
329.8322881	0.422916666666667
329.8493952	0.422916666666667
329.8661103	0.422916666666667
329.8827096	0.422916666666667
329.8996126	0.422916666666667
329.9161972	0.422916666666667
329.9325783	0.422916666666667
329.9497661	0.422916666666667
329.9661427	0.422916666666667
329.9829025	0.422916666666667
329.9998987	0.422916666666667
330.0160986	0.422916666666667
330.0329654	0.422916666666667
330.049526	0.422916666666667
330.0658676	0.422916666666667
330.0824559	0.422916666666667
330.0999222	0.422916666666667
330.1163072	0.422916666666667
330.1325069	0.422916666666667
330.1495151	0.422916666666667
330.1662426	0.422916666666667
330.1828791	0.422916666666667
330.1993023	0.422916666666667
330.2159737	0.422916666666667
330.232259	0.422916666666667
330.2494459	0.422916666666667
330.2659709	0.422916666666667
330.2829984	0.422916666666667
330.2992092	0.422916666666667
330.3160049	0.422916666666667
330.3327795	0.422916666666667
330.3497617	0.422916666666667
330.3659728	0.422916666666667
330.3825613	0.422916666666667
330.3999044	0.422916666666667
330.4163137	0.422916666666667
330.4329052	0.422916666666667
330.4493306	0.422916666666667
330.4659049	0.422916666666667
330.4822964	0.422916666666667
330.4995199	0.422916666666667
330.5160164	0.422916666666667
330.5326768	0.422916666666667
330.5495086	0.422916666666667
330.5660292	0.422916666666667
330.5828008	0.422916666666667
330.5991653	0.422916666666667
330.6159167	0.422916666666667
330.6321634	0.422916666666667
330.6494338	0.422916666666667
330.6660847	0.422916666666667
330.6824827	0.422916666666667
330.6995656	0.422916666666667
330.7157333	0.422916666666667
330.7322309	0.422916666666667
330.7490711	0.422916666666667
330.7654961	0.422916666666667
330.7823932	0.422916666666667
330.7989987	0.422916666666667
330.81567	0.422916666666667
330.8322869	0.422916666666667
330.8490935	0.422916666666667
330.8659028	0.422916666666667
330.8822064	0.422916666666667
330.8994676	0.422916666666667
330.9159157	0.422916666666667
330.9328736	0.422916666666667
330.9495972	0.422916666666667
330.9659417	0.422916666666667
330.9824097	0.422916666666667
330.9992528	0.422916666666667
331.016187	0.422916666666667
331.0327422	0.422916666666667
331.0496009	0.422916666666667
331.0662192	0.422916666666667
331.0824405	0.422916666666667
331.0995972	0.422916666666667
331.1164934	0.422916666666667
331.1329291	0.422916666666667
331.1495276	0.422916666666667
331.1659051	0.422916666666667
331.182439	0.422916666666667
331.1992033	0.422916666666667
331.2159478	0.422916666666667
331.2323635	0.422916666666667
331.2495349	0.422916666666667
331.2669126	0.422916666666667
331.2830707	0.422916666666667
331.2997306	0.422916666666667
331.3158814	0.422916666666667
331.3326557	0.422916666666667
331.3495755	0.422916666666667
331.3659674	0.422916666666667
331.3829743	0.422916666666667
331.3995333	0.422916666666667
331.4160382	0.422916666666667
331.4324022	0.422916666666667
331.4491776	0.422916666666667
331.4656791	0.422916666666667
331.4826039	0.422916666666667
331.4995087	0.422916666666667
331.5160059	0.422916666666667
331.5328754	0.422916666666667
331.5493597	0.422916666666667
331.5659114	0.422916666666667
331.5829665	0.422916666666667
331.5990441	0.422916666666667
331.6157577	0.422916666666667
331.6327288	0.422916666666667
331.6493952	0.422916666666667
331.6662269	0.422916666666667
331.6827402	0.422916666666667
331.6990045	0.422916666666667
331.715621	0.422916666666667
331.7324526	0.422916666666667
331.7495705	0.422916666666667
331.7658481	0.422916666666667
331.7825372	0.422916666666667
331.7996181	0.422916666666667
331.8156463	0.422916666666667
331.8325873	0.422916666666667
331.8493482	0.422916666666667
331.8661736	0.422916666666667
331.8823405	0.422916666666667
331.8990556	0.422916666666667
331.915837	0.422916666666667
331.9329211	0.422916666666667
331.9494483	0.422916666666667
331.9659451	0.422916666666667
331.9824047	0.422916666666667
331.9991359	0.422916666666667
332.0163126	0.422916666666667
332.0329107	0.422916666666667
332.0491095	0.422916666666667
332.0658628	0.422916666666667
332.0824053	0.422916666666667
332.0991511	0.422916666666667
332.1157425	0.422916666666667
332.1327382	0.422916666666667
332.1490251	0.422916666666667
332.1655459	0.422916666666667
332.1823784	0.422916666666667
332.1992645	0.422916666666667
332.2156257	0.422916666666667
332.2322956	0.422916666666667
332.2493257	0.422916666666667
332.2658638	0.422916666666667
332.2823866	0.422916666666667
332.2995778	0.422916666666667
332.3155224	0.422916666666667
332.3323671	0.422916666666667
332.3496308	0.422916666666667
332.3658999	0.422916666666667
332.382264	0.422916666666667
332.3990531	0.422916666666667
332.4158694	0.422916666666667
332.4324078	0.422916666666667
332.4491173	0.422916666666667
332.4661045	0.422916666666667
332.4825774	0.422916666666667
332.4991634	0.422916666666667
332.5161658	0.422916666666667
332.5324315	0.422916666666667
332.5494584	0.422916666666667
332.5654712	0.422916666666667
332.5823637	0.422916666666667
332.5994767	0.422916666666667
332.6157827	0.422916666666667
332.6326593	0.422916666666667
332.6494097	0.422916666666667
332.6660722	0.422916666666667
332.6822534	0.422916666666667
332.699424	0.422916666666667
332.7163567	0.422916666666667
332.7327257	0.422916666666667
332.7494611	0.422916666666667
332.7659884	0.422916666666667
332.7822079	0.422916666666667
332.7994824	0.422916666666667
332.8154727	0.422916666666667
332.8327726	0.422916666666667
332.8492799	0.422916666666667
332.8655064	0.422916666666667
332.8822835	0.422916666666667
332.8993679	0.422916666666667
332.9154706	0.422916666666667
332.9324594	0.422916666666667
332.9491986	0.422916666666667
332.965534	0.422916666666667
332.9826231	0.422916666666667
332.9994048	0.422916666666667
333.0158842	0.422916666666667
333.0330125	0.422916666666667
333.0493918	0.422916666666667
333.0658256	0.422916666666667
333.0823066	0.422916666666667
333.0994269	0.422916666666667
333.1155033	0.422916666666667
333.1324713	0.422916666666667
333.1490699	0.422916666666667
333.16562	0.422916666666667
333.1827893	0.422916666666667
333.1991973	0.422916666666667
333.2158593	0.422916666666667
333.2323403	0.422916666666667
333.2491388	0.422916666666667
333.2656667	0.422916666666667
333.2827679	0.422916666666667
333.2993223	0.422916666666667
333.3155354	0.422916666666667
333.3328596	0.422916666666667
333.3492101	0.422916666666667
333.3658014	0.422916666666667
333.38241	0.422916666666667
333.3991323	0.422916666666667
333.4156906	0.422916666666667
333.4322394	0.422916666666667
333.4495365	0.422916666666667
333.46548	0.422916666666667
333.4830823	0.422916666666667
333.4994191	0.422916666666667
333.5154894	0.422916666666667
333.532247	0.422916666666667
333.5493072	0.422916666666667
333.5655005	0.422916666666667
333.5827408	0.422916666666667
333.5990227	0.422916666666667
333.6155368	0.422916666666667
333.6329438	0.422916666666667
333.6493347	0.422916666666667
333.6655091	0.422916666666667
333.6826084	0.422916666666667
333.6992006	0.422916666666667
333.7159707	0.422916666666667
333.7329608	0.422916666666667
333.749348	0.422916666666667
333.7655281	0.422916666666667
333.7822058	0.422916666666667
333.7994269	0.422916666666667
333.8155209	0.422916666666667
333.8322228	0.422916666666667
333.849087	0.422916666666667
333.8659094	0.422916666666667
333.8827742	0.422916666666667
333.8994932	0.422916666666667
333.9158067	0.422916666666667
333.9322836	0.422916666666667
333.9493945	0.422916666666667
333.9658312	0.422916666666667
333.9826311	0.422916666666667
333.9992791	0.422916666666667
334.015483	0.422916666666667
334.0326514	0.422916666666667
334.0492951	0.422916666666667
334.0657445	0.422916666666667
334.0826158	0.422916666666667
334.0997953	0.422916666666667
334.1160254	0.422916666666667
334.1325528	0.422916666666667
334.1494456	0.422916666666667
334.1658411	0.422916666666667
334.1825564	0.422916666666667
334.1992669	0.422916666666667
334.2154653	0.422916666666667
334.2323729	0.422916666666667
334.2489886	0.422916666666667
334.2658427	0.422916666666667
334.2826198	0.422916666666667
334.298998	0.422916666666667
334.3158506	0.422916666666667
334.3323355	0.422916666666667
334.3492721	0.422916666666667
334.3658138	0.422916666666667
334.3825398	0.422916666666667
334.3993981	0.422916666666667
334.4156321	0.422916666666667
334.4324782	0.422916666666667
334.449078	0.422916666666667
334.4658991	0.422916666666667
334.4823506	0.422916666666667
334.4991958	0.422916666666667
334.5158385	0.422916666666667
334.5325401	0.422916666666667
334.5491262	0.422916666666667
334.5658593	0.422916666666667
334.5825069	0.422916666666667
334.5997089	0.422916666666667
334.616198	0.422916666666667
334.632623	0.422916666666667
334.6496305	0.422916666666667
334.6661039	0.422916666666667
334.6825564	0.422916666666667
334.6992349	0.422916666666667
334.7159998	0.422916666666667
334.7322282	0.422916666666667
334.7490285	0.422916666666667
334.7658412	0.422916666666667
334.7823992	0.422916666666667
334.7990621	0.422916666666667
334.8158419	0.422916666666667
334.8324792	0.422916666666667
334.8494621	0.422916666666667
334.8659627	0.422916666666667
334.8824707	0.422916666666667
334.8993271	0.422916666666667
334.9159381	0.422916666666667
334.931913	0.422916666666667
334.9488587	0.422916666666667
334.9655496	0.422916666666667
334.9822881	0.422916666666667
334.999099	0.422916666666667
335.015785	0.422916666666667
335.0322362	0.422916666666667
335.0489238	0.422916666666667
335.0657845	0.422916666666667
335.0823661	0.422916666666667
335.0990313	0.422916666666667
335.1154592	0.422916666666667
335.1325242	0.422916666666667
335.1491723	0.422916666666667
335.1656748	0.422916666666667
335.1821854	0.422916666666667
335.1988836	0.422916666666667
335.2164271	0.422916666666667
335.2321895	0.422916666666667
335.2494062	0.422916666666667
335.2659091	0.422916666666667
335.2824164	0.422916666666667
335.2994293	0.422916666666667
335.3158813	0.422916666666667
335.3323225	0.422916666666667
335.3489306	0.422916666666667
335.3659492	0.422916666666667
335.3824997	0.422916666666667
335.3992185	0.422916666666667
335.4160076	0.422916666666667
335.4321244	0.422916666666667
335.448777	0.422916666666667
335.4656046	0.422916666666667
335.4824723	0.422916666666667
335.4993568	0.422916666666667
335.5161124	0.422916666666667
335.5325911	0.422916666666667
335.549633	0.422916666666667
335.5655749	0.422916666666667
335.5827579	0.422916666666667
335.5994549	0.422916666666667
335.6161678	0.422916666666667
335.6324862	0.422916666666667
335.6493383	0.422916666666667
335.6654137	0.422916666666667
335.6821661	0.422916666666667
335.6994714	0.422916666666667
335.7159929	0.422916666666667
335.7323101	0.422916666666667
335.7491409	0.422916666666667
335.7656414	0.422916666666667
335.7824906	0.422916666666667
335.7988869	0.422916666666667
335.815584	0.422916666666667
335.8325666	0.422916666666667
335.8491949	0.422916666666667
335.8658592	0.422916666666667
335.8825264	0.422916666666667
335.8991939	0.422916666666667
335.9158146	0.422916666666667
335.9327403	0.422916666666667
335.9491825	0.422916666666667
335.9657056	0.422916666666667
335.9827652	0.422916666666667
335.9988935	0.422916666666667
336.0154423	0.422916666666667
336.0324439	0.422916666666667
336.0491983	0.422916666666667
336.0656701	0.422916666666667
336.0822082	0.422916666666667
336.099214	0.422916666666667
336.1158834	0.422916666666667
336.1324602	0.422916666666667
336.1492904	0.422916666666667
336.1660172	0.422916666666667
336.1823163	0.422916666666667
336.1993788	0.422916666666667
336.2156109	0.422916666666667
336.2324924	0.422916666666667
336.2489258	0.422916666666667
336.2654915	0.422916666666667
336.2826147	0.422916666666667
336.2991493	0.422916666666667
336.3159179	0.422916666666667
336.3327856	0.422916666666667
336.3495011	0.422916666666667
336.3659476	0.422916666666667
336.3822836	0.422916666666667
336.3992907	0.422916666666667
336.4161732	0.422916666666667
336.4327057	0.422916666666667
336.4491938	0.422916666666667
336.466285	0.422916666666667
336.4829079	0.422916666666667
336.4993613	0.422916666666667
336.5159816	0.422916666666667
336.5324127	0.422916666666667
336.5491883	0.422916666666667
336.5656163	0.422916666666667
336.5824721	0.422916666666667
336.5993476	0.422916666666667
336.6156138	0.422916666666667
336.6322245	0.422916666666667
336.6489729	0.422916666666667
336.6661377	0.422916666666667
336.6828031	0.422916666666667
336.6988636	0.422916666666667
336.7157168	0.422916666666667
336.7327824	0.422916666666667
336.7495542	0.422916666666667
336.7658288	0.422916666666667
336.7823751	0.422916666666667
336.7988584	0.422916666666667
336.8154944	0.422916666666667
336.8319675	0.422916666666667
336.8497303	0.422916666666667
336.8660625	0.422916666666667
336.8826773	0.422916666666667
336.8996009	0.422916666666667
336.9160484	0.422916666666667
336.9326295	0.422916666666667
336.9492265	0.422916666666667
336.9658739	0.422916666666667
336.9824427	0.422916666666667
336.9993338	0.422916666666667
337.016133	0.422916666666667
337.0325526	0.422916666666667
337.0490034	0.422916666666667
337.065558	0.422916666666667
337.082451	0.422916666666667
337.0988484	0.422916666666667
337.1160313	0.422916666666667
337.1325353	0.422916666666667
337.1495444	0.422916666666667
337.1660762	0.422916666666667
337.1823501	0.422916666666667
337.198943	0.422916666666667
337.2154421	0.422916666666667
337.2322054	0.422916666666667
337.2494064	0.422916666666667
337.2655372	0.422916666666667
337.2826098	0.422916666666667
337.2991279	0.422916666666667
337.3159642	0.422916666666667
337.3324311	0.422916666666667
337.3494096	0.422916666666667
337.365807	0.422916666666667
337.3827493	0.422916666666667
337.3991408	0.422916666666667
337.4156255	0.422916666666667
337.4326702	0.422916666666667
337.4488727	0.422916666666667
337.46606	0.422916666666667
337.4821872	0.422916666666667
337.4994416	0.422916666666667
337.5157167	0.422916666666667
337.5322139	0.422916666666667
337.5487764	0.422916666666667
337.5654049	0.422916666666667
337.5824218	0.422916666666667
337.5988523	0.422916666666667
337.6155304	0.422916666666667
337.6325822	0.422916666666667
337.6492367	0.422916666666667
337.6655913	0.422916666666667
337.6821188	0.422916666666667
337.699698	0.422916666666667
337.7160652	0.422916666666667
337.7324781	0.422916666666667
337.7487779	0.422916666666667
337.7656283	0.422916666666667
337.7820731	0.422916666666667
337.7987196	0.422916666666667
337.8163113	0.422916666666667
337.8323653	0.422916666666667
337.8489222	0.422916666666667
337.8657248	0.422916666666667
337.8825586	0.422916666666667
337.8993489	0.422916666666667
337.9159972	0.422916666666667
337.933469	0.422916666666667
337.9489723	0.422916666666667
337.9656192	0.422916666666667
337.9823529	0.422916666666667
337.99922	0.422916666666667
338.0154411	0.422916666666667
338.0326295	0.422916666666667
338.0491693	0.422916666666667
338.0657407	0.422916666666667
338.0823491	0.422916666666667
338.098921	0.422916666666667
338.1154528	0.422916666666667
338.1321729	0.422916666666667
338.1484967	0.422916666666667
338.1655103	0.422916666666667
338.182313	0.422916666666667
338.1991888	0.422916666666667
338.2153337	0.422916666666667
338.2324491	0.422916666666667
338.2492631	0.422916666666667
338.265787	0.422916666666667
338.2824307	0.422916666666667
338.2995019	0.422916666666667
338.3159683	0.422916666666667
338.3327614	0.422916666666667
338.3494156	0.422916666666667
338.3658693	0.422916666666667
338.3823473	0.422916666666667
338.3994394	0.422916666666667
338.4153408	0.422916666666667
338.4324967	0.422916666666667
338.4488903	0.422916666666667
338.4657124	0.422916666666667
338.4822006	0.422916666666667
338.4996071	0.422916666666667
338.5157876	0.422916666666667
338.5324951	0.422916666666667
338.5497669	0.422916666666667
338.5662234	0.422916666666667
338.5823068	0.422916666666667
338.5991105	0.422916666666667
338.6158519	0.422916666666667
338.6317929	0.422916666666667
338.6489129	0.422916666666667
338.6658414	0.422916666666667
338.6825369	0.422916666666667
338.6990292	0.422916666666667
338.715564	0.422916666666667
338.7327155	0.422916666666667
338.7490366	0.422916666666667
338.7661773	0.422916666666667
338.7824216	0.422916666666667
338.7992349	0.422916666666667
338.815549	0.422916666666667
338.8320134	0.422916666666667
338.8488111	0.422916666666667
338.8658451	0.422916666666667
338.8825275	0.422916666666667
338.8992663	0.422916666666667
338.9160951	0.422916666666667
338.9325899	0.422916666666667
338.9487459	0.422916666666667
338.9659761	0.422916666666667
338.9821176	0.422916666666667
338.9993951	0.422916666666667
339.0161025	0.422916666666667
339.0327309	0.422916666666667
339.0487543	0.422916666666667
339.0654946	0.422916666666667
339.0822007	0.422916666666667
339.0990703	0.422916666666667
339.1158214	0.422916666666667
339.1323234	0.422916666666667
339.1494849	0.422916666666667
339.166726	0.422916666666667
339.18252	0.422916666666667
339.1993286	0.422916666666667
339.2156572	0.422916666666667
339.2322994	0.422916666666667
339.2488516	0.422916666666667
339.2658462	0.422916666666667
339.2823313	0.422916666666667
339.2990573	0.422916666666667
339.3152195	0.422916666666667
339.3325004	0.422916666666667
339.3490122	0.422916666666667
339.3660556	0.422916666666667
339.382406	0.422916666666667
339.3991631	0.422916666666667
339.4159466	0.422916666666667
339.4324801	0.422916666666667
339.4492472	0.422916666666667
339.4654313	0.422916666666667
339.4823127	0.422916666666667
339.4990707	0.422916666666667
339.515528	0.422916666666667
339.5324136	0.422916666666667
339.5492427	0.422916666666667
339.5662272	0.422916666666667
339.5823392	0.422916666666667
339.5988897	0.422916666666667
339.6156271	0.422916666666667
339.6324372	0.422916666666667
339.6487592	0.422916666666667
339.6663065	0.422916666666667
339.6825028	0.422916666666667
339.69866	0.422916666666667
339.7158537	0.422916666666667
339.7320598	0.422916666666667
339.749205	0.422916666666667
339.7660008	0.422916666666667
339.7820368	0.422916666666667
339.799244	0.422916666666667
339.8162655	0.422916666666667
339.8322856	0.422916666666667
339.8491912	0.422916666666667
339.8658527	0.422916666666667
339.8820726	0.422916666666667
339.8991595	0.422916666666667
339.9159957	0.422916666666667
339.9325427	0.422916666666667
339.9487924	0.422916666666667
339.9655221	0.422916666666667
339.9822744	0.422916666666667
339.9989902	0.422916666666667
340.0161189	0.422916666666667
340.0323239	0.422916666666667
340.0492249	0.422916666666667
340.0667243	0.422916666666667
340.0820524	0.422916666666667
340.0985862	0.422916666666667
340.1157489	0.422916666666667
340.1323931	0.422916666666667
340.1487483	0.422916666666667
340.1656379	0.422916666666667
340.182243	0.422916666666667
340.1990702	0.422916666666667
340.2153361	0.422916666666667
340.2325214	0.422916666666667
340.2490678	0.422916666666667
340.2660194	0.422916666666667
340.2827023	0.422916666666667
340.2987436	0.422916666666667
340.316081	0.422916666666667
340.3322952	0.422916666666667
340.349344	0.422916666666667
340.3657646	0.422916666666667
340.382915	0.422916666666667
340.3990262	0.422916666666667
340.4160053	0.422916666666667
340.4327127	0.422916666666667
340.4489225	0.422916666666667
340.4659965	0.422916666666667
340.4822756	0.422916666666667
340.4989625	0.422916666666667
340.5158321	0.422916666666667
340.5325743	0.422916666666667
340.5488218	0.422916666666667
340.5655915	0.422916666666667
340.582205	0.422916666666667
340.5992124	0.422916666666667
340.6156369	0.422916666666667
340.6318722	0.422916666666667
340.6490027	0.422916666666667
340.6658343	0.422916666666667
340.6824604	0.422916666666667
340.6986898	0.422916666666667
340.7157381	0.422916666666667
340.7320491	0.422916666666667
340.7491602	0.422916666666667
340.7658347	0.422916666666667
340.7824577	0.422916666666667
340.7990699	0.422916666666667
340.8157813	0.422916666666667
340.8322404	0.422916666666667
340.8490164	0.422916666666667
340.8655785	0.422916666666667
340.8820785	0.422916666666667
340.8988016	0.422916666666667
340.9151519	0.422916666666667
340.9320486	0.422916666666667
340.9490471	0.422916666666667
340.9654197	0.422916666666667
340.9821992	0.422916666666667
340.9985975	0.422916666666667
341.0159083	0.422916666666667
341.0327518	0.422916666666667
341.0489802	0.422916666666667
341.0655017	0.422916666666667
341.0821759	0.422916666666667
341.0986884	0.422916666666667
341.1157836	0.422916666666667
341.1324726	0.422916666666667
341.1488125	0.422916666666667
341.1657337	0.422916666666667
341.1820259	0.422916666666667
341.1989419	0.422916666666667
341.2158588	0.422916666666667
341.2322226	0.422916666666667
341.2487093	0.422916666666667
341.2659281	0.422916666666667
341.2824809	0.422916666666667
341.2988274	0.422916666666667
341.3159209	0.422916666666667
341.3324169	0.422916666666667
341.3491406	0.422916666666667
341.3654059	0.422916666666667
341.3822194	0.422916666666667
341.398934	0.422916666666667
341.4159534	0.422916666666667
341.4324218	0.422916666666667
341.4490084	0.422916666666667
341.4659164	0.422916666666667
341.4822267	0.422916666666667
341.4991277	0.422916666666667
341.515432	0.422916666666667
341.5324234	0.422916666666667
341.5488751	0.422916666666667
341.5660032	0.422916666666667
341.5822463	0.422916666666667
341.598908	0.422916666666667
341.6154235	0.422916666666667
341.632289	0.422916666666667
341.6489586	0.422916666666667
341.6661235	0.422916666666667
341.6819927	0.422916666666667
341.6985013	0.422916666666667
341.7159211	0.422916666666667
341.7325268	0.422916666666667
341.7486356	0.422916666666667
341.7653748	0.422916666666667
341.7824862	0.422916666666667
341.7985645	0.422916666666667
341.8159538	0.422916666666667
341.8323425	0.422916666666667
341.8488988	0.422916666666667
341.8653414	0.422916666666667
341.8821884	0.422916666666667
341.8985827	0.422916666666667
341.9156927	0.422916666666667
341.9320374	0.422916666666667
341.9493125	0.422916666666667
341.9660754	0.422916666666667
341.9824057	0.422916666666667
341.9986441	0.422916666666667
342.0159038	0.422916666666667
342.0322487	0.422916666666667
342.0485679	0.422916666666667
342.0659045	0.422916666666667
342.0824562	0.422916666666667
342.0985567	0.422916666666667
342.1157621	0.422916666666667
342.1319594	0.422916666666667
342.1486074	0.422916666666667
342.1658169	0.422916666666667
342.1818788	0.422916666666667
342.1985484	0.422916666666667
342.2161012	0.422916666666667
342.2319375	0.422916666666667
342.2491681	0.422916666666667
342.2658547	0.422916666666667
342.2822107	0.422916666666667
342.2985236	0.422916666666667
342.3159609	0.422916666666667
342.3323682	0.422916666666667
342.348535	0.422916666666667
342.3662557	0.422916666666667
342.3822199	0.422916666666667
342.3985637	0.422916666666667
342.4154974	0.422916666666667
342.4323067	0.422916666666667
342.4489824	0.422916666666667
342.4654202	0.422916666666667
342.4823143	0.422916666666667
342.498822	0.422916666666667
342.5159728	0.422916666666667
342.5323301	0.422916666666667
342.5493429	0.422916666666667
342.5659395	0.422916666666667
342.5824394	0.422916666666667
342.5985407	0.422916666666667
342.6157985	0.422916666666667
342.6321264	0.422916666666667
342.6487275	0.422916666666667
342.6655803	0.422916666666667
342.6819809	0.422916666666667
342.6987779	0.422916666666667
342.7157974	0.422916666666667
342.7325638	0.422916666666667
342.749145	0.422916666666667
342.765241	0.422916666666667
342.7824797	0.422916666666667
342.7989156	0.422916666666667
342.8161976	0.422916666666667
342.8326393	0.422916666666667
342.8485727	0.422916666666667
342.8653293	0.422916666666667
342.8820936	0.422916666666667
342.8985186	0.422916666666667
342.9156936	0.422916666666667
342.9322059	0.422916666666667
342.9486275	0.422916666666667
342.9659574	0.422916666666667
342.9823053	0.422916666666667
342.998649	0.422916666666667
343.015377	0.422916666666667
343.0323586	0.422916666666667
343.0484702	0.422916666666667
343.0657717	0.422916666666667
343.0822	0.422916666666667
343.0985827	0.422916666666667
343.1153868	0.422916666666667
343.1319126	0.422916666666667
343.1484896	0.422916666666667
343.1658809	0.422916666666667
343.1827415	0.422916666666667
343.1986456	0.422916666666667
343.2155991	0.422916666666667
343.2332301	0.422916666666667
343.2484681	0.422916666666667
343.2661608	0.422916666666667
343.2823287	0.422916666666667
343.2989115	0.422916666666667
343.3154014	0.422916666666667
343.3321822	0.422916666666667
343.3486342	0.422916666666667
343.3657312	0.422916666666667
343.3821937	0.422916666666667
343.3986616	0.422916666666667
343.4161284	0.422916666666667
343.4325018	0.422916666666667
343.4490361	0.422916666666667
343.4657998	0.422916666666667
343.4820365	0.422916666666667
343.499017	0.422916666666667
343.5153892	0.422916666666667
343.5324396	0.422916666666667
343.5487879	0.422916666666667
343.5656563	0.422916666666667
343.5821821	0.422916666666667
343.5985306	0.422916666666667
343.6157375	0.422916666666667
343.6319649	0.422916666666667
343.6488422	0.422916666666667
343.6657538	0.422916666666667
343.6823137	0.422916666666667
343.699022	0.422916666666667
343.7158124	0.422916666666667
343.7324619	0.422916666666667
343.7490386	0.422916666666667
343.7655162	0.422916666666667
343.7822994	0.422916666666667
343.7991664	0.422916666666667
343.8155372	0.422916666666667
343.8319692	0.422916666666667
343.8489681	0.422916666666667
343.8657345	0.422916666666667
343.8823363	0.422916666666667
343.8988794	0.422916666666667
343.9158515	0.422916666666667
343.9319934	0.422916666666667
343.9489882	0.422916666666667
343.965683	0.422916666666667
343.9821982	0.422916666666667
343.9983779	0.422916666666667
344.0152657	0.422916666666667
344.0324735	0.422916666666667
344.0486334	0.422916666666667
344.0656066	0.422916666666667
344.0819206	0.422916666666667
344.098655	0.422916666666667
344.1157444	0.422916666666667
344.1322499	0.422916666666667
344.1490229	0.422916666666667
344.1658373	0.422916666666667
344.1819421	0.422916666666667
344.1992566	0.422916666666667
344.2158347	0.422916666666667
344.2322113	0.422916666666667
344.2487355	0.422916666666667
344.265396	0.422916666666667
344.2824665	0.422916666666667
344.2986378	0.422916666666667
344.3157873	0.422916666666667
344.3326406	0.422916666666667
344.3486012	0.422916666666667
344.3655267	0.422916666666667
344.3822594	0.422916666666667
344.3988064	0.422916666666667
344.4156986	0.422916666666667
344.4321353	0.422916666666667
344.4488116	0.422916666666667
344.4657902	0.422916666666667
344.4817738	0.422916666666667
344.4984736	0.422916666666667
344.515695	0.422916666666667
344.5322158	0.422916666666667
344.5485148	0.422916666666667
344.5657963	0.422916666666667
344.5824626	0.422916666666667
344.5989784	0.422916666666667
344.616243	0.422916666666667
344.6324963	0.422916666666667
344.6485123	0.422916666666667
344.6659747	0.422916666666667
344.6817897	0.422916666666667
344.6985924	0.422916666666667
344.7155445	0.422916666666667
344.7319056	0.422916666666667
344.748691	0.422916666666667
344.7656917	0.422916666666667
344.7823533	0.422916666666667
344.7988368	0.422916666666667
344.8155945	0.422916666666667
344.8321579	0.422916666666667
344.8485548	0.422916666666667
344.8656998	0.422916666666667
344.8821951	0.422916666666667
344.898923	0.422916666666667
344.9152964	0.422916666666667
344.9317666	0.422916666666667
344.9484383	0.422916666666667
344.9655364	0.422916666666667
344.9818851	0.422916666666667
344.9988092	0.422916666666667
345.0155477	0.422916666666667
345.0325147	0.422916666666667
345.0489904	0.422916666666667
345.0658071	0.422916666666667
345.0822681	0.422916666666667
345.0987999	0.422916666666667
345.1153355	0.422916666666667
345.1323528	0.422916666666667
345.1488007	0.422916666666667
345.1652086	0.422916666666667
345.1818986	0.422916666666667
345.1987917	0.422916666666667
345.2156005	0.422916666666667
345.232549	0.422916666666667
345.2487436	0.422916666666667
345.2657232	0.422916666666667
345.2838541	0.422916666666667
345.2987542	0.422916666666667
345.3157906	0.422916666666667
345.3322202	0.422916666666667
345.3484138	0.422916666666667
345.3656502	0.422916666666667
345.3822059	0.422916666666667
345.3990266	0.422916666666667
345.4153134	0.422916666666667
345.4316234	0.422916666666667
345.4484179	0.422916666666667
345.4651717	0.422916666666667
345.4822326	0.422916666666667
345.4990203	0.422916666666667
345.5156202	0.422916666666667
345.5318701	0.422916666666667
345.5490188	0.422916666666667
345.5655575	0.422916666666667
345.5819224	0.422916666666667
345.5990092	0.422916666666667
345.6157617	0.422916666666667
345.6320298	0.422916666666667
345.6491247	0.422916666666667
345.6654012	0.422916666666667
345.6820738	0.422916666666667
345.699095	0.422916666666667
345.7154994	0.422916666666667
345.7322283	0.422916666666667
345.7488582	0.422916666666667
345.7655001	0.422916666666667
345.7819773	0.422916666666667
345.7990972	0.422916666666667
345.815826	0.422916666666667
345.8318265	0.422916666666667
345.8486304	0.422916666666667
345.8657096	0.422916666666667
345.8819743	0.422916666666667
345.8990567	0.422916666666667
345.9156047	0.422916666666667
345.9322444	0.422916666666667
345.9487593	0.422916666666667
345.9656083	0.422916666666667
345.9822819	0.422916666666667
345.9991915	0.422916666666667
346.0153561	0.422916666666667
346.0321103	0.422916666666667
346.0493569	0.422916666666667
346.0653155	0.422916666666667
346.0817342	0.422916666666667
346.0992951	0.422916666666667
346.1154686	0.422916666666667
346.131808	0.422916666666667
346.1488031	0.422916666666667
346.1656833	0.422916666666667
346.1818463	0.422916666666667
346.1990233	0.422916666666667
346.2193585	0.422916666666667
346.2332076	0.422916666666667
346.2485889	0.422916666666667
346.2657033	0.422916666666667
346.2823509	0.422916666666667
346.2985573	0.422916666666667
346.3156395	0.422916666666667
346.3321358	0.422916666666667
346.3485885	0.422916666666667
346.3650139	0.422916666666667
346.3820503	0.422916666666667
346.3986781	0.422916666666667
346.4152543	0.422916666666667
346.4317489	0.422916666666667
346.449081	0.422916666666667
346.4658652	0.422916666666667
346.4822494	0.422916666666667
346.4985984	0.422916666666667
346.5159119	0.422916666666667
346.5321995	0.422916666666667
346.5488653	0.422916666666667
346.5660073	0.422916666666667
346.5819955	0.422916666666667
346.6011884	0.422916666666667
346.6183263	0.422916666666667
346.6320202	0.422916666666667
346.6488646	0.422916666666667
346.6652726	0.422916666666667
346.6820492	0.422916666666667
346.6989387	0.422916666666667
346.7157683	0.422916666666667
346.7323021	0.422916666666667
346.7489729	0.422916666666667
346.7658859	0.422916666666667
346.7827272	0.422916666666667
346.7988995	0.422916666666667
346.8177892	0.422916666666667
346.8316448	0.422916666666667
346.8488149	0.422916666666667
346.8651893	0.422916666666667
346.8818593	0.422916666666667
346.8990981	0.422916666666667
346.9157524	0.422916666666667
346.9320407	0.422916666666667
346.9488231	0.422916666666667
346.9659022	0.422916666666667
346.9819372	0.422916666666667
346.999323	0.422916666666667
347.015433	0.422916666666667
347.0320526	0.422916666666667
347.0487425	0.422916666666667
347.0651434	0.422916666666667
347.0819472	0.422916666666667
347.0989502	0.422916666666667
347.1152633	0.422916666666667
347.1318905	0.422916666666667
347.1488472	0.422916666666667
347.1655286	0.422916666666667
347.1818243	0.422916666666667
347.198867	0.422916666666667
347.2154926	0.422916666666667
347.2319137	0.422916666666667
347.2488126	0.422916666666667
347.2656845	0.422916666666667
347.2820999	0.422916666666667
347.299057	0.422916666666667
347.3152896	0.422916666666667
347.3321677	0.422916666666667
347.3492741	0.422916666666667
347.365734	0.422916666666667
347.3822352	0.422916666666667
347.3989447	0.422916666666667
347.4153261	0.422916666666667
347.4318198	0.422916666666667
347.4483303	0.422916666666667
347.4653393	0.422916666666667
347.4819984	0.422916666666667
347.4985132	0.422916666666667
347.5153128	0.422916666666667
347.5320725	0.422916666666667
347.54873	0.422916666666667
347.5656113	0.422916666666667
347.5819538	0.422916666666667
347.5991685	0.422916666666667
347.6153935	0.422916666666667
347.6322224	0.422916666666667
347.648879	0.422916666666667
347.6656751	0.422916666666667
347.6815891	0.422916666666667
347.6988297	0.422916666666667
347.7155892	0.422916666666667
347.7317533	0.422916666666667
347.7486702	0.422916666666667
347.7657254	0.422916666666667
347.7821396	0.422916666666667
347.7990305	0.422916666666667
347.8157779	0.422916666666667
347.8320907	0.422916666666667
347.8487961	0.422916666666667
347.8655165	0.422916666666667
347.8819876	0.422916666666667
347.8985645	0.422916666666667
347.9153712	0.422916666666667
347.9319693	0.422916666666667
347.9485681	0.422916666666667
347.9653957	0.422916666666667
347.9817787	0.422916666666667
347.9989549	0.422916666666667
348.0161191	0.422916666666667
348.0320562	0.422916666666667
348.0487785	0.422916666666667
348.0655101	0.422916666666667
348.0821833	0.422916666666667
348.0988761	0.422916666666667
348.1149504	0.422916666666667
348.1316826	0.422916666666667
348.148356	0.422916666666667
348.1652362	0.422916666666667
348.1820704	0.422916666666667
348.1990291	0.422916666666667
348.2155812	0.422916666666667
348.2319082	0.422916666666667
348.2490787	0.422916666666667
348.2658652	0.422916666666667
348.2819696	0.422916666666667
348.2990488	0.422916666666667
348.3155722	0.422916666666667
348.3319484	0.422916666666667
348.3488768	0.422916666666667
348.3652491	0.422916666666667
348.3819952	0.422916666666667
348.3990145	0.422916666666667
348.4154959	0.422916666666667
348.4319687	0.422916666666667
348.4490193	0.422916666666667
348.4658002	0.422916666666667
348.4820236	0.422916666666667
348.4985555	0.422916666666667
348.515501	0.422916666666667
348.5319025	0.422916666666667
348.5488562	0.422916666666667
348.5656191	0.422916666666667
348.5819168	0.422916666666667
348.5988484	0.422916666666667
348.6150511	0.422916666666667
348.6318699	0.422916666666667
348.6484649	0.422916666666667
348.6650557	0.422916666666667
348.6819979	0.422916666666667
348.6988308	0.422916666666667
348.7153644	0.422916666666667
348.7319301	0.422916666666667
348.7484447	0.422916666666667
348.7657561	0.422916666666667
348.7820441	0.422916666666667
348.7989652	0.422916666666667
348.815516	0.422916666666667
348.8320859	0.422916666666667
348.8489885	0.422916666666667
348.8659509	0.422916666666667
348.8818675	0.422916666666667
348.8985429	0.422916666666667
348.9152232	0.422916666666667
348.9318444	0.422916666666667
348.9485222	0.422916666666667
348.9654889	0.422916666666667
348.9822082	0.422916666666667
348.9984699	0.422916666666667
349.0155426	0.422916666666667
349.0322574	0.422916666666667
349.0487792	0.422916666666667
349.0654215	0.422916666666667
349.0818154	0.422916666666667
349.0989857	0.422916666666667
349.1151611	0.422916666666667
349.1319953	0.422916666666667
349.1484493	0.422916666666667
349.1651821	0.422916666666667
349.1821972	0.422916666666667
349.2009112	0.422916666666667
349.2150123	0.422916666666667
349.2319221	0.422916666666667
349.2489984	0.422916666666667
349.2661076	0.422916666666667
349.2822541	0.422916666666667
349.2984726	0.422916666666667
349.3156514	0.422916666666667
349.3315493	0.422916666666667
349.3487826	0.422916666666667
349.3656059	0.422916666666667
349.3817317	0.422916666666667
349.3989566	0.422916666666667
349.4152272	0.422916666666667
349.4319498	0.422916666666667
349.4490777	0.422916666666667
349.465589	0.422916666666667
349.4822294	0.422916666666667
349.4990388	0.422916666666667
349.5155298	0.422916666666667
349.5315584	0.422916666666667
349.5486123	0.422916666666667
349.5653734	0.422916666666667
349.581993	0.422916666666667
349.59893	0.422916666666667
349.6154964	0.422916666666667
349.6318308	0.422916666666667
349.6485541	0.422916666666667
349.6651616	0.422916666666667
349.6815577	0.422916666666667
349.6989048	0.422916666666667
349.7153666	0.422916666666667
349.7324022	0.422916666666667
349.7489081	0.422916666666667
349.7656505	0.422916666666667
349.7819081	0.422916666666667
349.79889	0.422916666666667
349.8151209	0.422916666666667
349.8315658	0.422916666666667
349.8488632	0.422916666666667
349.8655249	0.422916666666667
349.8822897	0.422916666666667
349.898829	0.422916666666667
349.9150706	0.422916666666667
349.9320485	0.422916666666667
349.9483695	0.422916666666667
349.966161	0.422916666666667
349.9819182	0.422916666666667
349.9985271	0.422916666666667
350.0151722	0.422916666666667
350.0322829	0.422916666666667
350.0485912	0.422916666666667
350.0654223	0.422916666666667
350.082082	0.422916666666667
350.0987326	0.422916666666667
350.1152931	0.422916666666667
350.1321178	0.422916666666667
350.1487086	0.422916666666667
350.1655033	0.422916666666667
350.1819439	0.422916666666667
350.1989296	0.422916666666667
350.2151432	0.422916666666667
350.2322256	0.422916666666667
350.2487251	0.422916666666667
350.2654605	0.422916666666667
350.2819038	0.422916666666667
350.298794	0.422916666666667
350.3154564	0.422916666666667
350.3321612	0.422916666666667
350.3488672	0.422916666666667
350.3656472	0.422916666666667
350.3820454	0.422916666666667
350.3988258	0.422916666666667
350.415952	0.422916666666667
350.4320456	0.422916666666667
350.4487482	0.422916666666667
350.4650729	0.422916666666667
350.4819827	0.422916666666667
350.4982444	0.422916666666667
350.5154646	0.422916666666667
350.532058	0.422916666666667
350.5486345	0.422916666666667
350.5653071	0.422916666666667
350.5820549	0.422916666666667
350.598837	0.422916666666667
350.6156112	0.422916666666667
350.6324062	0.422916666666667
350.6492194	0.422916666666667
350.6652525	0.422916666666667
350.6820841	0.422916666666667
350.6990885	0.422916666666667
350.7150251	0.422916666666667
350.7316048	0.422916666666667
350.7485188	0.422916666666667
350.7652537	0.422916666666667
350.7818892	0.422916666666667
350.7991039	0.422916666666667
350.8155782	0.422916666666667
350.8319801	0.422916666666667
350.8529492	0.422916666666667
350.8653091	0.422916666666667
350.8821437	0.422916666666667
350.8987636	0.422916666666667
350.9152609	0.422916666666667
350.9319327	0.422916666666667
350.9488842	0.422916666666667
350.9654656	0.422916666666667
350.9820025	0.422916666666667
350.9986221	0.422916666666667
351.0155346	0.422916666666667
351.0321217	0.422916666666667
351.0482999	0.422916666666667
351.0652776	0.422916666666667
351.0817828	0.422916666666667
351.098609	0.422916666666667
351.1154601	0.422916666666667
351.131604	0.422916666666667
351.1487954	0.422916666666667
351.1655179	0.422916666666667
351.1818817	0.422916666666667
351.1984589	0.422916666666667
351.215107	0.422916666666667
351.2317734	0.422916666666667
351.2487856	0.422916666666667
351.2653982	0.422916666666667
351.2818824	0.422916666666667
351.2991061	0.422916666666667
351.3154041	0.422916666666667
351.3320785	0.422916666666667
351.3488355	0.422916666666667
351.3654121	0.422916666666667
351.3823036	0.422916666666667
351.3985148	0.422916666666667
351.4154871	0.422916666666667
351.4319479	0.422916666666667
351.4485036	0.422916666666667
351.4655352	0.422916666666667
351.4817824	0.422916666666667
351.4984277	0.422916666666667
351.5153624	0.422916666666667
351.5317788	0.422916666666667
351.5488333	0.422916666666667
351.5658145	0.422916666666667
351.5822794	0.422916666666667
351.5988303	0.422916666666667
351.6155539	0.422916666666667
351.6321076	0.422916666666667
351.648678	0.422916666666667
351.6650572	0.422916666666667
351.6819617	0.422916666666667
351.6985326	0.422916666666667
351.7153665	0.422916666666667
351.7326905	0.422916666666667
351.7485061	0.422916666666667
351.765546	0.422916666666667
351.7820669	0.422916666666667
351.7984103	0.422916666666667
351.8154288	0.422916666666667
351.832016	0.422916666666667
351.8485313	0.422916666666667
351.8654547	0.422916666666667
351.8819138	0.422916666666667
351.8986315	0.422916666666667
351.9153205	0.422916666666667
351.9320311	0.422916666666667
351.9485879	0.422916666666667
351.9652034	0.422916666666667
351.9818967	0.422916666666667
351.9989305	0.422916666666667
352.0150589	0.422916666666667
352.0320262	0.422916666666667
352.0485538	0.422916666666667
352.0654125	0.422916666666667
352.0817778	0.422916666666667
352.098924	0.422916666666667
352.1153099	0.422916666666667
352.1317806	0.422916666666667
352.1486861	0.422916666666667
352.1653028	0.422916666666667
352.1820301	0.422916666666667
352.1986222	0.422916666666667
352.2150031	0.422916666666667
352.2319154	0.422916666666667
352.2486709	0.422916666666667
352.2652011	0.422916666666667
352.2815973	0.422916666666667
352.298653	0.422916666666667
352.3153537	0.422916666666667
352.3320307	0.422916666666667
352.3488168	0.422916666666667
352.3647737	0.422916666666667
352.3815278	0.422916666666667
352.3983981	0.422916666666667
352.41524	0.422916666666667
352.4317576	0.422916666666667
352.4531607	0.422916666666667
352.465267	0.422916666666667
352.4822106	0.422916666666667
352.4987957	0.422916666666667
352.5150272	0.422916666666667
352.5320562	0.422916666666667
352.548402	0.422916666666667
352.5650328	0.422916666666667
352.5817963	0.422916666666667
352.5984389	0.422916666666667
352.6153256	0.422916666666667
352.6314491	0.422916666666667
352.6485412	0.422916666666667
352.6652946	0.422916666666667
352.6820256	0.422916666666667
352.6985739	0.422916666666667
352.7152862	0.422916666666667
352.731558	0.422916666666667
352.7487795	0.422916666666667
352.7650722	0.422916666666667
352.7818713	0.422916666666667
352.7988028	0.422916666666667
352.8156293	0.422916666666667
352.8314849	0.422916666666667
352.8487496	0.422916666666667
352.8647316	0.422916666666667
352.8815989	0.422916666666667
352.8984048	0.422916666666667
352.9149633	0.422916666666667
352.9317846	0.422916666666667
352.9489084	0.422916666666667
352.9653971	0.422916666666667
352.9819332	0.422916666666667
352.9992405	0.422916666666667
353.0154578	0.422916666666667
353.0319217	0.422916666666667
353.0489463	0.422916666666667
353.0650305	0.422916666666667
353.0818456	0.422916666666667
353.0987737	0.422916666666667
353.1152856	0.422916666666667
353.1315516	0.422916666666667
353.1489396	0.422916666666667
353.1651109	0.422916666666667
353.1818573	0.422916666666667
353.1986956	0.422916666666667
353.2154698	0.422916666666667
353.2318631	0.422916666666667
353.2485718	0.422916666666667
353.2652207	0.422916666666667
353.2818959	0.422916666666667
353.2986451	0.422916666666667
353.3151212	0.422916666666667
353.3316218	0.422916666666667
353.3481898	0.422916666666667
353.3652216	0.422916666666667
353.3817649	0.422916666666667
353.398878	0.422916666666667
353.4151937	0.422916666666667
353.4315568	0.422916666666667
353.4483657	0.422916666666667
353.4649124	0.422916666666667
353.4818445	0.422916666666667
353.4987531	0.422916666666667
353.5154112	0.422916666666667
353.531606	0.422916666666667
353.5483923	0.422916666666667
353.56528	0.422916666666667
353.5818633	0.422916666666667
353.5987581	0.422916666666667
353.6152473	0.422916666666667
353.6319691	0.422916666666667
353.6483962	0.422916666666667
353.6653276	0.422916666666667
353.6818387	0.422916666666667
353.6987594	0.422916666666667
353.7147988	0.422916666666667
353.7318598	0.422916666666667
353.7484416	0.422916666666667
353.7650163	0.422916666666667
353.7819671	0.422916666666667
353.7988324	0.422916666666667
353.8153255	0.422916666666667
353.831907	0.422916666666667
353.8486725	0.422916666666667
353.8651529	0.422916666666667
353.8819634	0.422916666666667
353.8986657	0.422916666666667
353.915204	0.422916666666667
353.9315281	0.422916666666667
353.9482066	0.422916666666667
353.9656309	0.422916666666667
353.9815624	0.422916666666667
353.9986997	0.422916666666667
354.0155876	0.422916666666667
354.0316962	0.422916666666667
354.0485759	0.422916666666667
354.065675	0.422916666666667
354.0816876	0.422916666666667
354.0985805	0.422916666666667
354.1153047	0.422916666666667
354.1318341	0.422916666666667
354.1485243	0.422916666666667
354.1649968	0.422916666666667
354.1815418	0.422916666666667
354.1984057	0.422916666666667
354.2153661	0.422916666666667
354.2317869	0.422916666666667
354.2485156	0.422916666666667
354.2651432	0.422916666666667
354.2819533	0.422916666666667
354.2986894	0.422916666666667
354.3156395	0.422916666666667
354.3320308	0.422916666666667
354.3487274	0.422916666666667
354.3649931	0.422916666666667
354.3817019	0.422916666666667
354.3985253	0.422916666666667
354.4152968	0.422916666666667
354.4318326	0.422916666666667
354.4480862	0.422916666666667
354.46492	0.422916666666667
354.4816638	0.422916666666667
354.498235	0.422916666666667
354.5149901	0.422916666666667
354.5318801	0.422916666666667
354.5484997	0.422916666666667
354.564982	0.422916666666667
354.5816853	0.422916666666667
354.5987657	0.422916666666667
354.6153761	0.422916666666667
354.6319266	0.422916666666667
354.6487366	0.422916666666667
354.6652829	0.422916666666667
354.681853	0.422916666666667
354.698684	0.422916666666667
354.7153531	0.422916666666667
354.7320116	0.422916666666667
354.7485775	0.422916666666667
354.7651833	0.422916666666667
354.7817159	0.422916666666667
354.7986772	0.422916666666667
354.8151388	0.422916666666667
354.8316166	0.422916666666667
354.8480488	0.422916666666667
354.8650811	0.422916666666667
354.8812703	0.422916666666667
354.8984368	0.422916666666667
354.9152737	0.422916666666667
354.9317875	0.422916666666667
354.9484651	0.422916666666667
354.9649398	0.422916666666667
354.9819128	0.422916666666667
354.9985172	0.422916666666667
355.015327	0.422916666666667
355.0317185	0.422916666666667
355.0485093	0.422916666666667
355.0653073	0.422916666666667
355.081626	0.422916666666667
355.0985495	0.422916666666667
355.1151497	0.422916666666667
355.1319215	0.422916666666667
355.1483956	0.422916666666667
355.1652748	0.422916666666667
355.1814298	0.422916666666667
355.1987335	0.422916666666667
355.2153399	0.422916666666667
355.231624	0.422916666666667
355.2488013	0.422916666666667
355.2648688	0.422916666666667
355.2815461	0.422916666666667
355.2988774	0.422916666666667
355.3159919	0.422916666666667
355.3315762	0.422916666666667
355.3488337	0.422916666666667
355.364936	0.422916666666667
355.3815378	0.422916666666667
355.3986279	0.422916666666667
355.4157183	0.422916666666667
355.4317716	0.422916666666667
355.4485697	0.422916666666667
355.4646428	0.422916666666667
355.4814121	0.422916666666667
355.4985576	0.422916666666667
355.5158026	0.422916666666667
355.5315301	0.422916666666667
355.548544	0.422916666666667
355.5650957	0.422916666666667
355.5813091	0.422916666666667
355.5986518	0.422916666666667
355.6154671	0.422916666666667
355.6313846	0.422916666666667
355.648548	0.422916666666667
355.6651669	0.422916666666667
355.6816487	0.422916666666667
355.6985168	0.422916666666667
355.715433	0.422916666666667
355.7314266	0.422916666666667
355.7483133	0.422916666666667
355.7650769	0.422916666666667
355.7813319	0.422916666666667
355.7986003	0.422916666666667
355.8151183	0.422916666666667
355.8315777	0.422916666666667
355.8485936	0.422916666666667
355.8653047	0.422916666666667
355.8817155	0.422916666666667
355.898633	0.422916666666667
355.9150041	0.422916666666667
355.9313419	0.422916666666667
355.9480405	0.422916666666667
355.9649384	0.422916666666667
355.9815567	0.422916666666667
355.9983069	0.422916666666667
356.0149057	0.422916666666667
356.0316751	0.422916666666667
356.0487169	0.422916666666667
356.0648957	0.422916666666667
356.0816198	0.422916666666667
356.0980921	0.422916666666667
356.1155279	0.422916666666667
356.1313629	0.422916666666667
356.1485662	0.422916666666667
356.1649103	0.422916666666667
356.1814476	0.422916666666667
356.1985669	0.422916666666667
356.2154392	0.422916666666667
356.2315682	0.422916666666667
356.2487977	0.422916666666667
356.2650387	0.422916666666667
356.2814147	0.422916666666667
356.2987352	0.422916666666667
356.3150547	0.422916666666667
356.3315039	0.422916666666667
356.3484375	0.422916666666667
356.3652825	0.422916666666667
356.3813127	0.422916666666667
356.3987637	0.422916666666667
356.415447	0.422916666666667
356.4318387	0.422916666666667
356.4481037	0.422916666666667
356.4651505	0.422916666666667
356.4816044	0.422916666666667
356.4985851	0.422916666666667
356.5155088	0.422916666666667
356.5314877	0.422916666666667
356.5484715	0.422916666666667
356.5653304	0.422916666666667
356.5818136	0.422916666666667
356.5986113	0.422916666666667
356.6151691	0.422916666666667
356.6317558	0.422916666666667
356.6487591	0.422916666666667
356.6652789	0.422916666666667
356.681606	0.422916666666667
356.6985062	0.422916666666667
356.7155148	0.422916666666667
356.7315712	0.422916666666667
356.7485827	0.422916666666667
356.765178	0.422916666666667
356.7815477	0.422916666666667
356.7984472	0.422916666666667
356.8149224	0.422916666666667
356.8317247	0.422916666666667
356.8487515	0.422916666666667
356.8650611	0.422916666666667
356.8816256	0.422916666666667
356.8984539	0.422916666666667
356.9149494	0.422916666666667
356.9315781	0.422916666666667
356.9480606	0.422916666666667
356.9645832	0.422916666666667
356.9815648	0.422916666666667
356.9984847	0.422916666666667
357.015284	0.422916666666667
357.0315522	0.422916666666667
357.0482395	0.422916666666667
357.0650308	0.422916666666667
357.0820744	0.422916666666667
357.0984834	0.422916666666667
357.1149286	0.422916666666667
357.1317962	0.422916666666667
357.1486903	0.422916666666667
357.1649281	0.422916666666667
357.181784	0.422916666666667
357.1986069	0.422916666666667
357.2152119	0.422916666666667
357.2319509	0.422916666666667
357.2494963	0.422916666666667
357.2654657	0.422916666666667
357.2813871	0.422916666666667
357.2983214	0.422916666666667
357.3149409	0.422916666666667
357.3311876	0.422916666666667
357.3485534	0.422916666666667
357.3652715	0.422916666666667
357.3812986	0.422916666666667
357.3985412	0.422916666666667
357.4149955	0.422916666666667
357.4313945	0.422916666666667
357.4483884	0.422916666666667
357.4651048	0.422916666666667
357.4817763	0.422916666666667
357.4983768	0.422916666666667
357.5152162	0.422916666666667
357.531612	0.422916666666667
357.5485966	0.422916666666667
357.5650398	0.422916666666667
357.5817691	0.422916666666667
357.5988758	0.422916666666667
357.6152309	0.422916666666667
357.6313984	0.422916666666667
357.6485629	0.422916666666667
357.6652086	0.422916666666667
357.6811962	0.422916666666667
357.6984015	0.422916666666667
357.7152357	0.422916666666667
357.7316827	0.422916666666667
357.7485741	0.422916666666667
357.765087	0.422916666666667
357.7817832	0.422916666666667
357.7988161	0.422916666666667
357.815118	0.422916666666667
357.8315992	0.422916666666667
357.8486895	0.422916666666667
357.865025	0.422916666666667
357.8816507	0.422916666666667
357.8982323	0.422916666666667
357.9151453	0.422916666666667
357.9320215	0.422916666666667
357.948537	0.422916666666667
357.9652279	0.422916666666667
357.982598	0.422916666666667
357.9984725	0.422916666666667
358.0159368	0.422916666666667
358.0313693	0.422916666666667
358.0485896	0.422916666666667
358.0653104	0.422916666666667
358.0815239	0.422916666666667
358.0983418	0.422916666666667
358.115072	0.422916666666667
358.1312848	0.422916666666667
358.148366	0.422916666666667
358.1647156	0.422916666666667
358.1817819	0.422916666666667
358.1985807	0.422916666666667
358.2149864	0.422916666666667
358.2317031	0.422916666666667
358.248669	0.422916666666667
358.2651942	0.422916666666667
358.2816649	0.422916666666667
358.2981666	0.422916666666667
358.3145187	0.422916666666667
358.3315905	0.422916666666667
358.3485547	0.422916666666667
358.3648393	0.422916666666667
358.3813542	0.422916666666667
358.3984674	0.422916666666667
358.4146484	0.422916666666667
358.4316367	0.422916666666667
358.4483966	0.422916666666667
358.4653475	0.422916666666667
358.4813607	0.422916666666667
358.4986732	0.422916666666667
358.5152153	0.422916666666667
358.5313608	0.422916666666667
358.5487321	0.422916666666667
358.5650888	0.422916666666667
358.5820233	0.422916666666667
358.598282	0.422916666666667
358.6150201	0.422916666666667
358.6313941	0.422916666666667
358.648102	0.422916666666667
358.6651291	0.422916666666667
358.6814177	0.422916666666667
358.6984991	0.422916666666667
358.7151807	0.422916666666667
358.7321668	0.422916666666667
358.7483942	0.422916666666667
358.7651232	0.422916666666667
358.7818604	0.422916666666667
358.7983325	0.422916666666667
358.8151659	0.422916666666667
358.8315287	0.422916666666667
358.8486581	0.422916666666667
358.8645035	0.422916666666667
358.8818345	0.422916666666667
358.898635	0.422916666666667
358.9145485	0.422916666666667
358.9315739	0.422916666666667
358.9486004	0.422916666666667
358.9645246	0.422916666666667
358.9818519	0.422916666666667
358.998448	0.422916666666667
359.0148959	0.422916666666667
359.0315343	0.422916666666667
359.0486015	0.422916666666667
359.0646175	0.422916666666667
359.0814249	0.422916666666667
359.0985838	0.422916666666667
359.1144284	0.422916666666667
359.1318248	0.422916666666667
359.1485629	0.422916666666667
359.1646208	0.422916666666667
359.1816529	0.422916666666667
359.1984811	0.422916666666667
359.2145916	0.422916666666667
359.2312637	0.422916666666667
359.2483647	0.422916666666667
359.2647942	0.422916666666667
359.2814652	0.422916666666667
359.2984151	0.422916666666667
359.3146962	0.422916666666667
359.3313021	0.422916666666667
359.3485735	0.422916666666667
359.3650202	0.422916666666667
359.3815515	0.422916666666667
359.3982828	0.422916666666667
359.4144774	0.422916666666667
359.431504	0.422916666666667
359.4481385	0.422916666666667
359.464669	0.422916666666667
359.4815957	0.422916666666667
359.4985503	0.422916666666667
359.5145922	0.422916666666667
359.5316134	0.422916666666667
359.5485082	0.422916666666667
359.5646527	0.422916666666667
359.5813568	0.422916666666667
359.598006	0.422916666666667
359.6144574	0.422916666666667
359.6312943	0.422916666666667
359.6483689	0.422916666666667
359.6650116	0.422916666666667
359.6816169	0.422916666666667
359.6984788	0.422916666666667
359.715077	0.422916666666667
359.731279	0.422916666666667
359.7483957	0.422916666666667
359.7652849	0.422916666666667
359.7815587	0.422916666666667
359.7982792	0.422916666666667
359.8147295	0.422916666666667
359.8312295	0.422916666666667
359.8485855	0.422916666666667
359.8648593	0.422916666666667
359.8814428	0.422916666666667
359.8986954	0.422916666666667
359.9145623	0.422916666666667
359.9316285	0.422916666666667
359.9483104	0.422916666666667
359.9648824	0.422916666666667
359.9813584	0.422916666666667
359.9982422	0.422916666666667
360.0149014	0.422916666666667
360.0314338	0.422916666666667
360.048502	0.422916666666667
360.064641	0.422916666666667
360.0813751	0.422916666666667
360.0984164	0.422916666666667
360.1143332	0.422916666666667
360.1314099	0.422916666666667
360.1486579	0.422916666666667
360.1648465	0.422916666666667
360.1813697	0.422916666666667
360.1984894	0.422916666666667
360.2145701	0.422916666666667
360.2313452	0.422916666666667
360.248382	0.422916666666667
360.2650817	0.422916666666667
360.2814741	0.422916666666667
360.2986499	0.422916666666667
360.3148551	0.422916666666667
360.3333213	0.422916666666667
360.3481435	0.422916666666667
360.3651256	0.422916666666667
360.3817798	0.422916666666667
360.3985729	0.422916666666667
360.4149412	0.422916666666667
360.4317457	0.422916666666667
360.44861	0.422916666666667
360.4649112	0.422916666666667
360.481517	0.422916666666667
360.4984705	0.422916666666667
360.5144046	0.422916666666667
360.5315422	0.422916666666667
360.5484342	0.422916666666667
360.564928	0.422916666666667
360.5818563	0.422916666666667
360.5984851	0.422916666666667
360.6145851	0.422916666666667
360.631526	0.422916666666667
360.6484375	0.422916666666667
360.6643675	0.422916666666667
360.6816571	0.422916666666667
360.698432	0.422916666666667
360.7147363	0.422916666666667
360.7317215	0.422916666666667
360.7483278	0.422916666666667
360.7648589	0.422916666666667
360.7813488	0.422916666666667
360.7981025	0.422916666666667
360.8150393	0.422916666666667
360.8311927	0.422916666666667
360.848085	0.422916666666667
360.8649765	0.422916666666667
360.8812561	0.422916666666667
360.8984899	0.422916666666667
360.9150272	0.422916666666667
360.9317544	0.422916666666667
360.9487364	0.422916666666667
360.9645747	0.422916666666667
360.9813679	0.422916666666667
360.9983719	0.422916666666667
361.0149571	0.422916666666667
361.0313338	0.422916666666667
361.0484992	0.422916666666667
361.064863	0.422916666666667
361.0816055	0.422916666666667
361.0984566	0.422916666666667
361.1147855	0.422916666666667
361.1314008	0.422916666666667
361.1482818	0.422916666666667
361.1646776	0.422916666666667
361.1817129	0.422916666666667
361.1984256	0.422916666666667
361.2150076	0.422916666666667
361.2316701	0.422916666666667
361.2484179	0.422916666666667
361.2647393	0.422916666666667
361.2819198	0.422916666666667
361.2983602	0.422916666666667
361.3145188	0.422916666666667
361.3311504	0.422916666666667
361.3483017	0.422916666666667
361.364899	0.422916666666667
361.3812619	0.422916666666667
361.3982983	0.422916666666667
361.4151214	0.422916666666667
361.4313275	0.422916666666667
361.4484024	0.422916666666667
361.4649135	0.422916666666667
361.4813068	0.422916666666667
361.4980606	0.422916666666667
361.5148845	0.422916666666667
361.5313149	0.422916666666667
361.5482402	0.422916666666667
361.5642945	0.422916666666667
361.5817235	0.422916666666667
361.5984597	0.422916666666667
361.614939	0.422916666666667
361.6317488	0.422916666666667
361.6485535	0.422916666666667
361.6647854	0.422916666666667
361.6819556	0.422916666666667
361.6984333	0.422916666666667
361.7149254	0.422916666666667
361.731527	0.422916666666667
361.748027	0.422916666666667
361.7644261	0.422916666666667
361.7810914	0.422916666666667
361.7981348	0.422916666666667
361.8146485	0.422916666666667
361.8311626	0.422916666666667
361.8482417	0.422916666666667
361.8645195	0.422916666666667
361.8814624	0.422916666666667
361.8981765	0.422916666666667
361.9144232	0.422916666666667
361.931453	0.422916666666667
361.9480609	0.422916666666667
361.9650809	0.422916666666667
361.9810736	0.422916666666667
361.9984381	0.422916666666667
362.0147245	0.422916666666667
362.0319028	0.422916666666667
362.0486321	0.422916666666667
362.0648666	0.422916666666667
362.0809235	0.422916666666667
362.0982569	0.422916666666667
362.1144348	0.422916666666667
362.1317475	0.422916666666667
362.1484522	0.422916666666667
362.1646057	0.422916666666667
362.1812991	0.422916666666667
362.1987013	0.422916666666667
362.2148462	0.422916666666667
362.2310986	0.422916666666667
362.248202	0.422916666666667
362.2650762	0.422916666666667
362.2814857	0.422916666666667
362.2979657	0.422916666666667
362.3150676	0.422916666666667
362.3313665	0.422916666666667
362.3483471	0.422916666666667
362.3648896	0.422916666666667
362.3817284	0.422916666666667
362.3981784	0.422916666666667
362.4144566	0.422916666666667
362.4311965	0.422916666666667
362.4482286	0.422916666666667
362.4650545	0.422916666666667
362.4813199	0.422916666666667
362.4983171	0.422916666666667
362.5148672	0.422916666666667
362.5313876	0.422916666666667
362.5482221	0.422916666666667
362.564987	0.422916666666667
362.5816895	0.422916666666667
362.5983548	0.422916666666667
362.6152787	0.422916666666667
362.6313901	0.422916666666667
362.6483087	0.422916666666667
362.6650221	0.422916666666667
362.6813241	0.422916666666667
362.698313	0.422916666666667
362.7148394	0.422916666666667
362.7313965	0.422916666666667
362.748223	0.422916666666667
362.7648209	0.422916666666667
362.7815723	0.422916666666667
362.7984581	0.422916666666667
362.8148311	0.422916666666667
362.8313999	0.422916666666667
362.8483737	0.422916666666667
362.8649277	0.422916666666667
362.881239	0.422916666666667
362.898245	0.422916666666667
362.9149902	0.422916666666667
362.9309844	0.422916666666667
362.9483226	0.422916666666667
362.9648395	0.422916666666667
362.9813783	0.422916666666667
362.9982528	0.422916666666667
363.014361	0.422916666666667
363.031483	0.422916666666667
363.048292	0.422916666666667
363.0648265	0.422916666666667
363.0814027	0.422916666666667
363.0981834	0.422916666666667
363.1153278	0.422916666666667
363.1317165	0.422916666666667
363.1483361	0.422916666666667
363.1647959	0.422916666666667
363.1811314	0.422916666666667
363.1981631	0.422916666666667
363.2148188	0.422916666666667
363.231575	0.422916666666667
363.2483503	0.422916666666667
363.2650338	0.422916666666667
363.2817298	0.422916666666667
363.2980814	0.422916666666667
363.3149554	0.422916666666667
363.3322027	0.422916666666667
363.3479936	0.422916666666667
363.3648118	0.422916666666667
363.381624	0.422916666666667
363.3982144	0.422916666666667
363.4145379	0.422916666666667
363.4311303	0.422916666666667
363.4479571	0.422916666666667
363.4650487	0.422916666666667
363.4812346	0.422916666666667
363.4983575	0.422916666666667
363.5152397	0.422916666666667
363.5317129	0.422916666666667
363.5479564	0.422916666666667
363.5648252	0.422916666666667
363.5813722	0.422916666666667
363.5985511	0.422916666666667
363.6144862	0.422916666666667
363.6311394	0.422916666666667
363.6480837	0.422916666666667
363.6650498	0.422916666666667
363.681513	0.422916666666667
363.6982284	0.422916666666667
363.7145404	0.422916666666667
363.731582	0.422916666666667
363.7479204	0.422916666666667
363.7642055	0.422916666666667
363.7816061	0.422916666666667
363.7980456	0.422916666666667
363.8147624	0.422916666666667
363.8314485	0.422916666666667
363.8481118	0.422916666666667
363.86468	0.422916666666667
363.8816333	0.422916666666667
363.8983145	0.422916666666667
363.9144853	0.422916666666667
363.9314808	0.422916666666667
363.9480883	0.422916666666667
363.9646027	0.422916666666667
363.9819857	0.422916666666667
363.9984036	0.422916666666667
364.014941	0.422916666666667
364.0317404	0.422916666666667
364.0481862	0.422916666666667
364.0650059	0.422916666666667
364.0811382	0.422916666666667
364.0980901	0.422916666666667
364.1145467	0.422916666666667
364.1314176	0.422916666666667
364.1484784	0.422916666666667
364.1649244	0.422916666666667
364.1812536	0.422916666666667
364.1982687	0.422916666666667
364.2149332	0.422916666666667
364.2313912	0.422916666666667
364.2483329	0.422916666666667
364.2645826	0.422916666666667
364.2812751	0.422916666666667
364.2979851	0.422916666666667
364.3147411	0.422916666666667
364.3314168	0.422916666666667
364.3480571	0.422916666666667
364.3649619	0.422916666666667
364.3813557	0.422916666666667
364.3981206	0.422916666666667
364.4147907	0.422916666666667
364.431554	0.422916666666667
364.4483774	0.422916666666667
364.4645486	0.422916666666667
364.4813766	0.422916666666667
364.4984486	0.422916666666667
364.5151411	0.422916666666667
364.5314556	0.422916666666667
364.548349	0.422916666666667
364.5649467	0.422916666666667
364.5812901	0.422916666666667
364.5980049	0.422916666666667
364.6153736	0.422916666666667
364.6312169	0.422916666666667
364.6482422	0.422916666666667
364.6644751	0.422916666666667
364.6812139	0.422916666666667
364.6981918	0.422916666666667
364.715007	0.422916666666667
364.7311969	0.422916666666667
364.7481713	0.422916666666667
364.7650497	0.422916666666667
364.7814594	0.422916666666667
364.7980235	0.422916666666667
364.8149238	0.422916666666667
364.8312044	0.422916666666667
364.8479381	0.422916666666667
364.8643136	0.422916666666667
364.8812343	0.422916666666667
364.8979542	0.422916666666667
364.9149405	0.422916666666667
364.9310364	0.422916666666667
364.9480068	0.422916666666667
364.9649019	0.422916666666667
364.98151	0.422916666666667
364.9980821	0.422916666666667
365.0149713	0.422916666666667
365.0313009	0.422916666666667
365.0490192	0.422916666666667
365.0648291	0.422916666666667
365.0811078	0.422916666666667
365.0979952	0.422916666666667
365.1144991	0.422916666666667
365.1311197	0.422916666666667
365.1484082	0.422916666666667
365.1649207	0.422916666666667
365.1815696	0.422916666666667
365.1980249	0.422916666666667
365.2147465	0.422916666666667
365.2313438	0.422916666666667
365.2479769	0.422916666666667
365.2650015	0.422916666666667
365.2814522	0.422916666666667
365.2980413	0.422916666666667
365.3142295	0.422916666666667
365.3309777	0.422916666666667
365.3485906	0.422916666666667
365.3645903	0.422916666666667
365.381368	0.422916666666667
365.3983372	0.422916666666667
365.4149331	0.422916666666667
365.4312148	0.422916666666667
365.4484545	0.422916666666667
365.4649	0.422916666666667
365.4813704	0.422916666666667
365.4982893	0.422916666666667
365.5148513	0.422916666666667
365.5317026	0.422916666666667
365.5479347	0.422916666666667
365.5649081	0.422916666666667
365.5813526	0.422916666666667
365.5983721	0.422916666666667
365.6145648	0.422916666666667
365.6314619	0.422916666666667
365.6480934	0.422916666666667
365.6649602	0.422916666666667
365.6814101	0.422916666666667
365.6981927	0.422916666666667
365.7149892	0.422916666666667
365.7314762	0.422916666666667
365.7480546	0.422916666666667
365.7648605	0.422916666666667
365.7812876	0.422916666666667
365.7981836	0.422916666666667
365.8151379	0.422916666666667
365.8315702	0.422916666666667
365.8479982	0.422916666666667
365.8642281	0.422916666666667
365.8816589	0.422916666666667
365.8982396	0.422916666666667
365.9148386	0.422916666666667
365.9314907	0.422916666666667
365.9482942	0.422916666666667
365.9648018	0.422916666666667
365.9814232	0.422916666666667
365.9980556	0.422916666666667
366.0147765	0.422916666666667
366.0313147	0.422916666666667
366.0480807	0.422916666666667
366.064473	0.422916666666667
366.0818052	0.422916666666667
366.098092	0.422916666666667
366.1149524	0.422916666666667
366.1313105	0.422916666666667
366.1481622	0.422916666666667
366.1650303	0.422916666666667
366.1811058	0.422916666666667
366.1982821	0.422916666666667
366.2149524	0.422916666666667
366.231532	0.422916666666667
366.2484422	0.422916666666667
366.265076	0.422916666666667
366.281224	0.422916666666667
366.2977944	0.422916666666667
366.3148337	0.422916666666667
366.3315027	0.422916666666667
366.3480676	0.422916666666667
366.3645224	0.422916666666667
366.3815265	0.422916666666667
366.398054	0.422916666666667
366.4148337	0.422916666666667
366.4314444	0.422916666666667
366.4480769	0.422916666666667
366.4646702	0.422916666666667
366.4812197	0.422916666666667
366.4979139	0.422916666666667
366.5148008	0.422916666666667
366.5314917	0.422916666666667
366.5480185	0.422916666666667
366.5645251	0.422916666666667
366.5813621	0.422916666666667
366.5980953	0.422916666666667
366.6148224	0.422916666666667
366.631511	0.422916666666667
366.6482145	0.422916666666667
366.6649028	0.422916666666667
366.6816937	0.422916666666667
366.6979063	0.422916666666667
366.7146328	0.422916666666667
366.7321343	0.422916666666667
366.748298	0.422916666666667
366.7649242	0.422916666666667
366.7813962	0.422916666666667
366.7979117	0.422916666666667
366.8145688	0.422916666666667
366.8311239	0.422916666666667
366.8479876	0.422916666666667
366.8643486	0.422916666666667
366.8813099	0.422916666666667
366.8979113	0.422916666666667
366.914975	0.422916666666667
366.9314748	0.422916666666667
366.9481338	0.422916666666667
366.9649221	0.422916666666667
366.981126	0.422916666666667
366.9984962	0.422916666666667
367.0148376	0.422916666666667
367.0314652	0.422916666666667
367.0482636	0.422916666666667
367.0643682	0.422916666666667
367.0812885	0.422916666666667
367.0981215	0.422916666666667
367.1145884	0.422916666666667
367.1314145	0.422916666666667
367.1477443	0.422916666666667
367.1648301	0.422916666666667
367.1810975	0.422916666666667
367.1982123	0.422916666666667
367.2149971	0.422916666666667
367.2314812	0.422916666666667
367.2481378	0.422916666666667
367.2647295	0.422916666666667
367.2811901	0.422916666666667
367.2981151	0.422916666666667
367.3150277	0.422916666666667
367.3310999	0.422916666666667
367.3478187	0.422916666666667
367.3648802	0.422916666666667
367.3813153	0.422916666666667
367.3983133	0.422916666666667
367.4149236	0.422916666666667
367.4311561	0.422916666666667
367.448286	0.422916666666667
367.4648956	0.422916666666667
367.4816775	0.422916666666667
367.4979214	0.422916666666667
367.5144014	0.422916666666667
367.5314652	0.422916666666667
367.5481393	0.422916666666667
367.5647645	0.422916666666667
367.5814917	0.422916666666667
367.5978735	0.422916666666667
367.6148348	0.422916666666667
367.6317793	0.422916666666667
367.6478741	0.422916666666667
367.6653022	0.422916666666667
367.6811009	0.422916666666667
367.6980406	0.422916666666667
367.7150392	0.422916666666667
367.7311241	0.422916666666667
367.7476022	0.422916666666667
367.764711	0.422916666666667
367.7814094	0.422916666666667
367.7981344	0.422916666666667
367.8148315	0.422916666666667
367.831667	0.422916666666667
367.8481228	0.422916666666667
367.8649103	0.422916666666667
367.8814131	0.422916666666667
367.8979331	0.422916666666667
367.9148025	0.422916666666667
367.9313754	0.422916666666667
367.947545	0.422916666666667
367.9644696	0.422916666666667
367.9818285	0.422916666666667
367.9976249	0.422916666666667
368.0141322	0.422916666666667
368.0316142	0.422916666666667
368.0477964	0.422916666666667
368.0646264	0.422916666666667
368.0808825	0.422916666666667
368.0982111	0.422916666666667
368.1146852	0.422916666666667
368.1316565	0.422916666666667
368.1476649	0.422916666666667
368.1647675	0.422916666666667
368.1812395	0.422916666666667
368.197637	0.422916666666667
368.214464	0.422916666666667
368.2314385	0.422916666666667
368.2481773	0.422916666666667
368.2643719	0.422916666666667
368.2813321	0.422916666666667
368.2976178	0.422916666666667
368.3152187	0.422916666666667
368.3315253	0.422916666666667
368.3481526	0.422916666666667
368.3646791	0.422916666666667
368.3813106	0.422916666666667
368.3978642	0.422916666666667
368.4147567	0.422916666666667
368.4310298	0.422916666666667
368.447993	0.422916666666667
368.4651332	0.422916666666667
368.4830376	0.422916666666667
368.4975396	0.422916666666667
368.5145426	0.422916666666667
368.5313641	0.422916666666667
368.5479174	0.422916666666667
368.564961	0.422916666666667
368.5815564	0.422916666666667
368.5979486	0.422916666666667
368.6146037	0.422916666666667
368.631616	0.422916666666667
368.6478731	0.422916666666667
368.6644324	0.422916666666667
368.681116	0.422916666666667
368.697599	0.422916666666667
368.7146883	0.422916666666667
368.7315025	0.422916666666667
368.7476264	0.422916666666667
368.7645965	0.422916666666667
368.7816327	0.422916666666667
368.7976667	0.422916666666667
368.8147867	0.422916666666667
368.8316015	0.422916666666667
368.8479667	0.422916666666667
368.8649734	0.422916666666667
368.8813568	0.422916666666667
368.8975949	0.422916666666667
368.9147074	0.422916666666667
368.9311588	0.422916666666667
368.9475608	0.422916666666667
368.9647626	0.422916666666667
368.9812644	0.422916666666667
368.9976237	0.422916666666667
369.0146065	0.422916666666667
369.0312566	0.422916666666667
369.0480007	0.422916666666667
369.0648245	0.422916666666667
369.0814547	0.422916666666667
369.0978453	0.422916666666667
369.1148151	0.422916666666667
369.1308956	0.422916666666667
369.1475744	0.422916666666667
369.1648229	0.422916666666667
369.181294	0.422916666666667
369.1975759	0.422916666666667
369.2142878	0.422916666666667
369.2314827	0.422916666666667
369.2476324	0.422916666666667
369.2645438	0.422916666666667
369.2813614	0.422916666666667
369.2975337	0.422916666666667
369.3147535	0.422916666666667
369.3314076	0.422916666666667
369.3479718	0.422916666666667
369.3646927	0.422916666666667
369.3813658	0.422916666666667
369.3978409	0.422916666666667
369.4148121	0.422916666666667
369.4315172	0.422916666666667
369.4479428	0.422916666666667
369.4643375	0.422916666666667
369.4814907	0.422916666666667
369.4975763	0.422916666666667
369.5152132	0.422916666666667
369.531402	0.422916666666667
369.5478061	0.422916666666667
369.5651737	0.422916666666667
369.5812717	0.422916666666667
369.5979027	0.422916666666667
369.6149946	0.422916666666667
369.6314504	0.422916666666667
369.6479836	0.422916666666667
369.6646255	0.422916666666667
369.6812179	0.422916666666667
369.6977773	0.422916666666667
369.7145588	0.422916666666667
369.7313851	0.422916666666667
369.7481345	0.422916666666667
369.7644911	0.422916666666667
369.7811872	0.422916666666667
369.7975666	0.422916666666667
369.8147203	0.422916666666667
369.8312683	0.422916666666667
369.8476789	0.422916666666667
369.8645664	0.422916666666667
369.8813143	0.422916666666667
369.8977303	0.422916666666667
369.9147079	0.422916666666667
369.9314214	0.422916666666667
369.9476814	0.422916666666667
369.9647361	0.422916666666667
369.9814313	0.422916666666667
369.9978891	0.422916666666667
370.0151306	0.422916666666667
370.031587	0.422916666666667
370.047541	0.422916666666667
370.06459	0.422916666666667
370.0813013	0.422916666666667
370.0979749	0.422916666666667
370.1146076	0.422916666666667
370.1315683	0.422916666666667
370.1478064	0.422916666666667
370.1647199	0.422916666666667
370.1812075	0.422916666666667
370.1975499	0.422916666666667
370.2147523	0.422916666666667
370.2313728	0.422916666666667
370.2477449	0.422916666666667
370.26484	0.422916666666667
370.2808765	0.422916666666667
370.2976185	0.422916666666667
370.314238	0.422916666666667
370.3310214	0.422916666666667
370.3475909	0.422916666666667
370.3645824	0.422916666666667
370.3814224	0.422916666666667
370.3976887	0.422916666666667
370.414557	0.422916666666667
370.4316079	0.422916666666667
370.4479495	0.422916666666667
370.4648158	0.422916666666667
370.4812424	0.422916666666667
370.4974681	0.422916666666667
370.5146805	0.422916666666667
370.5310906	0.422916666666667
370.5478597	0.422916666666667
370.5641218	0.422916666666667
370.5811946	0.422916666666667
370.5980074	0.422916666666667
370.6144654	0.422916666666667
370.6313343	0.422916666666667
370.6479243	0.422916666666667
370.6648971	0.422916666666667
370.6817052	0.422916666666667
370.6975289	0.422916666666667
370.7145374	0.422916666666667
370.7313514	0.422916666666667
370.7481719	0.422916666666667
370.7647351	0.422916666666667
370.7809557	0.422916666666667
370.7979192	0.422916666666667
370.8148561	0.422916666666667
370.8314303	0.422916666666667
370.8478214	0.422916666666667
370.8647001	0.422916666666667
370.8810364	0.422916666666667
370.8981701	0.422916666666667
370.9146964	0.422916666666667
370.931297	0.422916666666667
370.9477631	0.422916666666667
370.9647948	0.422916666666667
370.9814499	0.422916666666667
370.9974563	0.422916666666667
371.0147787	0.422916666666667
371.0313584	0.422916666666667
371.0480185	0.422916666666667
371.0644938	0.422916666666667
371.0809094	0.422916666666667
371.0980859	0.422916666666667
371.1146121	0.422916666666667
371.1312768	0.422916666666667
371.1479413	0.422916666666667
371.1647916	0.422916666666667
371.1813082	0.422916666666667
371.1980203	0.422916666666667
371.2145304	0.422916666666667
371.231335	0.422916666666667
371.2478859	0.422916666666667
371.2648736	0.422916666666667
371.2809403	0.422916666666667
371.2976147	0.422916666666667
371.3143875	0.422916666666667
371.3312757	0.422916666666667
371.3482141	0.422916666666667
371.3644424	0.422916666666667
371.3811561	0.422916666666667
371.3981007	0.422916666666667
371.4147833	0.422916666666667
371.431368	0.422916666666667
371.4481483	0.422916666666667
371.4647982	0.422916666666667
371.4813217	0.422916666666667
371.498124	0.422916666666667
371.5148066	0.422916666666667
371.5313244	0.422916666666667
371.5479609	0.422916666666667
371.5648132	0.422916666666667
371.5811072	0.422916666666667
371.5975247	0.422916666666667
371.6141809	0.422916666666667
371.6313684	0.422916666666667
371.647696	0.422916666666667
371.6645015	0.422916666666667
371.6810136	0.422916666666667
371.6979608	0.422916666666667
371.7140366	0.422916666666667
371.7309133	0.422916666666667
371.7479542	0.422916666666667
371.7647156	0.422916666666667
371.7812052	0.422916666666667
371.7981562	0.422916666666667
371.8145144	0.422916666666667
371.8310491	0.422916666666667
371.8482476	0.422916666666667
371.8644506	0.422916666666667
371.8814145	0.422916666666667
371.8981415	0.422916666666667
371.9146386	0.422916666666667
371.9313461	0.422916666666667
371.9474193	0.422916666666667
371.9647087	0.422916666666667
371.9813123	0.422916666666667
371.9979572	0.422916666666667
372.0144689	0.422916666666667
372.0315403	0.422916666666667
372.0478279	0.422916666666667
372.0647636	0.422916666666667
372.0811344	0.422916666666667
372.0980347	0.422916666666667
372.1146874	0.422916666666667
372.1311703	0.422916666666667
372.1480264	0.422916666666667
372.16464	0.422916666666667
372.1809366	0.422916666666667
372.1975106	0.422916666666667
372.2146812	0.422916666666667
372.2314115	0.422916666666667
372.2480092	0.422916666666667
372.264476	0.422916666666667
372.2811816	0.422916666666667
372.2980472	0.422916666666667
372.3146605	0.422916666666667
372.3314049	0.422916666666667
372.3479709	0.422916666666667
372.3648223	0.422916666666667
372.3808394	0.422916666666667
372.3975509	0.422916666666667
372.4146641	0.422916666666667
372.4312148	0.422916666666667
372.4480223	0.422916666666667
372.4642605	0.422916666666667
372.4812464	0.422916666666667
372.4980254	0.422916666666667
372.5146995	0.422916666666667
372.5311015	0.422916666666667
372.5481621	0.422916666666667
372.5646381	0.422916666666667
372.5811658	0.422916666666667
372.5981169	0.422916666666667
372.6147975	0.422916666666667
372.6313608	0.422916666666667
372.6480165	0.422916666666667
372.6647408	0.422916666666667
372.6811577	0.422916666666667
372.6976311	0.422916666666667
372.7146879	0.422916666666667
372.7315409	0.422916666666667
372.7475236	0.422916666666667
372.7645895	0.422916666666667
372.7812509	0.422916666666667
372.7978382	0.422916666666667
372.814688	0.422916666666667
372.8314003	0.422916666666667
372.8479806	0.422916666666667
372.8646045	0.422916666666667
372.8813242	0.422916666666667
372.897953	0.422916666666667
372.914658	0.422916666666667
372.9308393	0.422916666666667
372.9477174	0.422916666666667
372.9644322	0.422916666666667
372.980948	0.422916666666667
372.997379	0.422916666666667
373.0146675	0.422916666666667
373.0313442	0.422916666666667
373.0477115	0.422916666666667
373.0645965	0.422916666666667
373.0812531	0.422916666666667
373.0982209	0.422916666666667
373.1146122	0.422916666666667
373.131162	0.422916666666667
373.1477601	0.422916666666667
373.1645209	0.422916666666667
373.1810288	0.422916666666667
373.1976906	0.422916666666667
373.214312	0.422916666666667
373.2311806	0.422916666666667
373.2474969	0.422916666666667
373.2644846	0.422916666666667
373.2811232	0.422916666666667
373.2976585	0.422916666666667
373.3146304	0.422916666666667
373.3310454	0.422916666666667
373.3476114	0.422916666666667
373.3646282	0.422916666666667
373.381145	0.422916666666667
373.3975469	0.422916666666667
373.4142784	0.422916666666667
373.4312371	0.422916666666667
373.4479631	0.422916666666667
373.4642632	0.422916666666667
373.4813021	0.422916666666667
373.4987393	0.422916666666667
373.5144446	0.422916666666667
373.5310882	0.422916666666667
373.5479919	0.422916666666667
373.5646593	0.422916666666667
373.581156	0.422916666666667
373.5979838	0.422916666666667
373.6141675	0.422916666666667
373.6307933	0.422916666666667
373.6479573	0.422916666666667
373.664514	0.422916666666667
373.6808721	0.422916666666667
373.6976948	0.422916666666667
373.7143024	0.422916666666667
373.7313595	0.422916666666667
373.748052	0.422916666666667
373.7644664	0.422916666666667
373.7810326	0.422916666666667
373.797618	0.422916666666667
373.8141861	0.422916666666667
373.8312455	0.422916666666667
373.8479749	0.422916666666667
373.8643498	0.422916666666667
373.8811739	0.422916666666667
373.8977059	0.422916666666667
373.9146743	0.422916666666667
373.9311882	0.422916666666667
373.9479717	0.422916666666667
373.9645519	0.422916666666667
373.9809293	0.422916666666667
373.9980005	0.422916666666667
374.0143383	0.422916666666667
374.0320241	0.422916666666667
374.0480378	0.422916666666667
374.064881	0.422916666666667
374.0806947	0.422916666666667
374.0980941	0.422916666666667
374.1146928	0.422916666666667
374.1308977	0.422916666666667
374.1479469	0.422916666666667
374.1648068	0.422916666666667
374.1811838	0.422916666666667
374.1977902	0.422916666666667
374.2145951	0.422916666666667
374.2310126	0.422916666666667
374.2481069	0.422916666666667
374.2646304	0.422916666666667
374.2811889	0.422916666666667
374.2977828	0.422916666666667
374.3151348	0.422916666666667
374.331194	0.422916666666667
374.3478105	0.422916666666667
374.3647014	0.422916666666667
374.3808187	0.422916666666667
374.3979131	0.422916666666667
374.4144529	0.422916666666667
374.4309394	0.422916666666667
374.4480678	0.422916666666667
374.4646276	0.422916666666667
374.4812894	0.422916666666667
374.4979132	0.422916666666667
374.5144584	0.422916666666667
374.5310592	0.422916666666667
374.5480461	0.422916666666667
374.564896	0.422916666666667
374.5811785	0.422916666666667
374.597466	0.422916666666667
374.6144263	0.422916666666667
374.6309892	0.422916666666667
374.6478213	0.422916666666667
374.6644046	0.422916666666667
374.6811299	0.422916666666667
374.6980989	0.422916666666667
374.7144356	0.422916666666667
374.7312075	0.422916666666667
374.7476776	0.422916666666667
374.7644622	0.422916666666667
374.781092	0.422916666666667
374.7979336	0.422916666666667
374.8145403	0.422916666666667
374.8312844	0.422916666666667
374.8479827	0.422916666666667
374.8644512	0.422916666666667
374.8811767	0.422916666666667
374.8978877	0.422916666666667
374.9145311	0.422916666666667
374.9307947	0.422916666666667
374.9478801	0.422916666666667
374.9644381	0.422916666666667
374.980844	0.422916666666667
374.9975927	0.422916666666667
375.0146077	0.422916666666667
375.0312643	0.422916666666667
375.0479786	0.422916666666667
375.0645738	0.422916666666667
375.0814761	0.422916666666667
375.0978962	0.422916666666667
375.1142358	0.422916666666667
375.131314	0.422916666666667
375.1480933	0.422916666666667
375.1646158	0.422916666666667
375.1808064	0.422916666666667
375.1977737	0.422916666666667
375.2143002	0.422916666666667
375.2312317	0.422916666666667
375.2480196	0.422916666666667
375.264688	0.422916666666667
375.2812029	0.422916666666667
375.297416	0.422916666666667
375.3143038	0.422916666666667
375.3310305	0.422916666666667
375.3476541	0.422916666666667
375.364181	0.422916666666667
375.3811315	0.422916666666667
375.3978357	0.422916666666667
375.4145992	0.422916666666667
375.4313434	0.422916666666667
375.4479524	0.422916666666667
375.4644508	0.422916666666667
375.4812334	0.422916666666667
375.497555	0.422916666666667
375.5144803	0.422916666666667
375.5314185	0.422916666666667
375.5480919	0.422916666666667
375.5641489	0.422916666666667
375.5811819	0.422916666666667
375.5980669	0.422916666666667
375.6147	0.422916666666667
375.6310571	0.422916666666667
375.6479094	0.422916666666667
375.664494	0.422916666666667
375.6808059	0.422916666666667
375.6979874	0.422916666666667
375.7140019	0.422916666666667
375.7310799	0.422916666666667
375.7475326	0.422916666666667
375.7641806	0.422916666666667
375.7809087	0.422916666666667
375.7980345	0.422916666666667
375.8146045	0.422916666666667
375.8310327	0.422916666666667
375.8479723	0.422916666666667
375.8645971	0.422916666666667
375.8810587	0.422916666666667
375.8978166	0.422916666666667
375.9144592	0.422916666666667
375.9310186	0.422916666666667
375.9478146	0.422916666666667
375.964135	0.422916666666667
375.9810639	0.422916666666667
375.9979817	0.422916666666667
376.0143289	0.422916666666667
376.0314047	0.422916666666667
376.0477062	0.422916666666667
376.0641949	0.422916666666667
376.081243	0.422916666666667
376.0977555	0.422916666666667
376.1142085	0.422916666666667
376.1312979	0.422916666666667
376.1478301	0.422916666666667
376.1644368	0.422916666666667
376.181027	0.422916666666667
376.1978774	0.422916666666667
376.2141659	0.422916666666667
376.2313038	0.422916666666667
376.2480157	0.422916666666667
376.264356	0.422916666666667
376.2810185	0.422916666666667
376.2980517	0.422916666666667
376.3146161	0.422916666666667
376.3312122	0.422916666666667
376.3480375	0.422916666666667
376.3645178	0.422916666666667
376.3810206	0.422916666666667
376.3977068	0.422916666666667
376.4145466	0.422916666666667
376.4312506	0.422916666666667
376.4476446	0.422916666666667
376.464253	0.422916666666667
376.4808053	0.422916666666667
376.497409	0.422916666666667
376.5140638	0.422916666666667
376.5308443	0.422916666666667
376.5474998	0.422916666666667
376.5644938	0.422916666666667
376.5809232	0.422916666666667
376.5977908	0.422916666666667
376.6144508	0.422916666666667
376.6313676	0.422916666666667
376.6479568	0.422916666666667
376.6646085	0.422916666666667
376.6804481	0.422916666666667
376.6982361	0.422916666666667
376.7146004	0.422916666666667
376.73128	0.422916666666667
376.7479968	0.422916666666667
376.7643928	0.422916666666667
376.780902	0.422916666666667
376.79803	0.422916666666667
376.8145777	0.422916666666667
376.8311402	0.422916666666667
376.8473787	0.422916666666667
376.8646058	0.422916666666667
376.8809952	0.422916666666667
376.8978265	0.422916666666667
376.9148371	0.422916666666667
376.9308895	0.422916666666667
376.9477429	0.422916666666667
376.9645073	0.422916666666667
376.9809605	0.422916666666667
376.9977922	0.422916666666667
377.0142677	0.422916666666667
377.0312685	0.422916666666667
377.047904	0.422916666666667
377.0644856	0.422916666666667
377.0810788	0.422916666666667
377.0976579	0.422916666666667
377.1141727	0.422916666666667
377.1306609	0.422916666666667
377.1475175	0.422916666666667
377.1640439	0.422916666666667
377.1809679	0.422916666666667
377.1975076	0.422916666666667
377.2144515	0.422916666666667
377.2311005	0.422916666666667
377.2475892	0.422916666666667
377.2645608	0.422916666666667
377.2807137	0.422916666666667
377.2974867	0.422916666666667
377.3143578	0.422916666666667
377.3312424	0.422916666666667
377.348074	0.422916666666667
377.3645276	0.422916666666667
377.3808551	0.422916666666667
377.3977012	0.422916666666667
377.4146929	0.422916666666667
377.4312528	0.422916666666667
377.4479624	0.422916666666667
377.4645642	0.422916666666667
377.4809509	0.422916666666667
377.4975556	0.422916666666667
377.5143966	0.422916666666667
377.5309911	0.422916666666667
377.547814	0.422916666666667
377.5643632	0.422916666666667
377.5809823	0.422916666666667
377.5977973	0.422916666666667
377.6144517	0.422916666666667
377.6311543	0.422916666666667
377.647692	0.422916666666667
377.6645012	0.422916666666667
377.6809992	0.422916666666667
377.6975161	0.422916666666667
377.7143282	0.422916666666667
377.7309426	0.422916666666667
377.7477069	0.422916666666667
377.7644606	0.422916666666667
377.7809295	0.422916666666667
377.79761	0.422916666666667
377.8143468	0.422916666666667
377.8312496	0.422916666666667
377.8478103	0.422916666666667
377.8640328	0.422916666666667
377.8808469	0.422916666666667
377.8978545	0.422916666666667
377.9146248	0.422916666666667
377.9307652	0.422916666666667
377.9476214	0.422916666666667
377.9648491	0.422916666666667
377.9809169	0.422916666666667
377.9979315	0.422916666666667
378.0146171	0.422916666666667
378.0308012	0.422916666666667
378.04757	0.422916666666667
378.0644579	0.422916666666667
378.0805075	0.422916666666667
378.0981917	0.422916666666667
378.1145636	0.422916666666667
378.1309017	0.422916666666667
378.1477789	0.422916666666667
378.1644794	0.422916666666667
378.180604	0.422916666666667
378.1976458	0.422916666666667
378.2142951	0.422916666666667
378.2309133	0.422916666666667
378.2477005	0.422916666666667
378.2639367	0.422916666666667
378.2805473	0.422916666666667
378.2980225	0.422916666666667
378.3138801	0.422916666666667
378.3306111	0.422916666666667
378.3480451	0.422916666666667
378.3644012	0.422916666666667
378.3805383	0.422916666666667
378.3981416	0.422916666666667
378.4140003	0.422916666666667
378.4310502	0.422916666666667
378.4475763	0.422916666666667
378.4644612	0.422916666666667
378.4809088	0.422916666666667
378.4974645	0.422916666666667
378.514107	0.422916666666667
378.5305654	0.422916666666667
378.5477953	0.422916666666667
378.5644244	0.422916666666667
378.5806083	0.422916666666667
378.59748	0.422916666666667
378.6143556	0.422916666666667
378.6306419	0.422916666666667
378.6478846	0.422916666666667
378.6645596	0.422916666666667
378.680617	0.422916666666667
378.6977059	0.422916666666667
378.7145076	0.422916666666667
378.73088	0.422916666666667
378.7479353	0.422916666666667
378.764625	0.422916666666667
378.7803399	0.422916666666667
378.7977978	0.422916666666667
378.8145788	0.422916666666667
378.8311831	0.422916666666667
378.8478165	0.422916666666667
378.8641617	0.422916666666667
378.8804952	0.422916666666667
378.8977356	0.422916666666667
378.9143522	0.422916666666667
378.9309595	0.422916666666667
378.9476571	0.422916666666667
378.9640769	0.422916666666667
378.9809192	0.422916666666667
378.9974503	0.422916666666667
379.014351	0.422916666666667
379.031258	0.422916666666667
379.0478247	0.422916666666667
379.0645044	0.422916666666667
379.0811409	0.422916666666667
379.0977717	0.422916666666667
379.1145534	0.422916666666667
379.1305906	0.422916666666667
379.1476327	0.422916666666667
379.1640832	0.422916666666667
379.1807101	0.422916666666667
379.1979193	0.422916666666667
379.2142345	0.422916666666667
379.2309758	0.422916666666667
379.2475956	0.422916666666667
379.2643728	0.422916666666667
379.2807635	0.422916666666667
379.2979128	0.422916666666667
379.3144323	0.422916666666667
379.3317884	0.422916666666667
379.3477548	0.422916666666667
379.3639143	0.422916666666667
379.3805857	0.422916666666667
379.3976015	0.422916666666667
379.4143408	0.422916666666667
379.4310348	0.422916666666667
379.447866	0.422916666666667
379.46387	0.422916666666667
379.4809427	0.422916666666667
379.4980063	0.422916666666667
379.5144883	0.422916666666667
379.5307796	0.422916666666667
379.5475701	0.422916666666667
379.5643587	0.422916666666667
379.5807711	0.422916666666667
379.5979427	0.422916666666667
379.614588	0.422916666666667
379.6311419	0.422916666666667
379.6476595	0.422916666666667
379.6644413	0.422916666666667
379.6808331	0.422916666666667
379.6976397	0.422916666666667
379.7140675	0.422916666666667
379.7309004	0.422916666666667
379.7481347	0.422916666666667
379.7644591	0.422916666666667
379.780823	0.422916666666667
379.7975546	0.422916666666667
379.8142219	0.422916666666667
379.8309902	0.422916666666667
379.8477426	0.422916666666667
379.8641412	0.422916666666667
379.8805084	0.422916666666667
379.8978618	0.422916666666667
379.9142777	0.422916666666667
379.9306463	0.422916666666667
379.9475495	0.422916666666667
379.963772	0.422916666666667
379.9808601	0.422916666666667
379.9978945	0.422916666666667
380.0143597	0.422916666666667
380.0305023	0.422916666666667
380.0479651	0.422916666666667
380.0642751	0.422916666666667
380.0810571	0.422916666666667
380.0979214	0.422916666666667
380.1142471	0.422916666666667
380.1308525	0.422916666666667
380.1473509	0.422916666666667
380.164409	0.422916666666667
380.1809322	0.422916666666667
380.1976314	0.422916666666667
380.2138886	0.422916666666667
380.2309899	0.422916666666667
380.2478136	0.422916666666667
380.2645779	0.422916666666667
380.2808962	0.422916666666667
380.2974848	0.422916666666667
380.3143277	0.422916666666667
380.3306172	0.422916666666667
380.3478965	0.422916666666667
380.3644925	0.422916666666667
380.3808102	0.422916666666667
380.3973349	0.422916666666667
380.4141862	0.422916666666667
380.430519	0.422916666666667
380.4475962	0.422916666666667
380.4642639	0.422916666666667
380.4809946	0.422916666666667
380.4979077	0.422916666666667
380.5143203	0.422916666666667
380.5308127	0.422916666666667
380.5479631	0.422916666666667
380.5642741	0.422916666666667
380.5806925	0.422916666666667
380.5977474	0.422916666666667
380.6143305	0.422916666666667
380.6309778	0.422916666666667
380.6472186	0.422916666666667
380.6639569	0.422916666666667
380.6810499	0.422916666666667
380.6978575	0.422916666666667
380.7139684	0.422916666666667
380.7309996	0.422916666666667
380.7475638	0.422916666666667
380.7642126	0.422916666666667
380.780816	0.422916666666667
380.7977797	0.422916666666667
380.8138062	0.422916666666667
380.8305733	0.422916666666667
380.8475003	0.422916666666667
380.8640313	0.422916666666667
380.8807391	0.422916666666667
380.8975745	0.422916666666667
380.9143008	0.422916666666667
380.9307921	0.422916666666667
380.9474276	0.422916666666667
380.9646771	0.422916666666667
380.9811321	0.422916666666667
380.997752	0.422916666666667
381.0145029	0.422916666666667
381.030641	0.422916666666667
381.047752	0.422916666666667
381.0644507	0.422916666666667
381.0808155	0.422916666666667
381.0973488	0.422916666666667
381.1141142	0.422916666666667
381.1306978	0.422916666666667
381.147649	0.422916666666667
381.1645879	0.422916666666667
381.1807582	0.422916666666667
381.1977962	0.422916666666667
381.2140139	0.422916666666667
381.2304703	0.422916666666667
381.2475809	0.422916666666667
381.2643442	0.422916666666667
381.2806638	0.422916666666667
381.2977265	0.422916666666667
381.3142975	0.422916666666667
381.3309206	0.422916666666667
381.347891	0.422916666666667
381.3641107	0.422916666666667
381.3807992	0.422916666666667
381.397447	0.422916666666667
381.4142094	0.422916666666667
381.4302283	0.422916666666667
381.4477581	0.422916666666667
381.4644699	0.422916666666667
381.4810272	0.422916666666667
381.4976592	0.422916666666667
381.5144095	0.422916666666667
381.5306532	0.422916666666667
381.5473303	0.422916666666667
381.5642198	0.422916666666667
381.5812088	0.422916666666667
381.5976092	0.422916666666667
381.6143453	0.422916666666667
381.6309567	0.422916666666667
381.6476376	0.422916666666667
381.6639633	0.422916666666667
381.6808134	0.422916666666667
381.6977941	0.422916666666667
381.7142133	0.422916666666667
381.7304159	0.422916666666667
381.7476137	0.422916666666667
381.7640266	0.422916666666667
381.7809173	0.422916666666667
381.7975066	0.422916666666667
381.814077	0.422916666666667
381.8303723	0.422916666666667
381.8478457	0.422916666666667
381.8642971	0.422916666666667
381.880568	0.422916666666667
381.8975687	0.422916666666667
381.913771	0.422916666666667
381.9308132	0.422916666666667
381.9477607	0.422916666666667
381.9641161	0.422916666666667
381.9807619	0.422916666666667
381.9978382	0.422916666666667
382.0141604	0.422916666666667
382.0306704	0.422916666666667
382.047545	0.422916666666667
382.0643163	0.422916666666667
382.0808603	0.422916666666667
382.0978953	0.422916666666667
382.1143191	0.422916666666667
382.1308568	0.422916666666667
382.1478263	0.422916666666667
382.1638386	0.422916666666667
382.180838	0.422916666666667
382.197639	0.422916666666667
382.2139762	0.422916666666667
382.2303125	0.422916666666667
382.2476826	0.422916666666667
382.2643346	0.422916666666667
382.2809737	0.422916666666667
382.297672	0.422916666666667
382.3141183	0.422916666666667
382.330869	0.422916666666667
382.3477066	0.422916666666667
382.3643025	0.422916666666667
382.3810648	0.422916666666667
382.3978637	0.422916666666667
382.4140011	0.422916666666667
382.4303359	0.422916666666667
382.4477543	0.422916666666667
382.4640002	0.422916666666667
382.4807937	0.422916666666667
382.4972593	0.422916666666667
382.5141883	0.422916666666667
382.5307505	0.422916666666667
382.5476443	0.422916666666667
382.5638682	0.422916666666667
382.5805065	0.422916666666667
382.5970648	0.422916666666667
382.6139967	0.422916666666667
382.6307532	0.422916666666667
382.6472242	0.422916666666667
382.6640206	0.422916666666667
382.6810689	0.422916666666667
382.6976567	0.422916666666667
382.7143024	0.422916666666667
382.7310745	0.422916666666667
382.7475536	0.422916666666667
382.7640733	0.422916666666667
382.7804669	0.422916666666667
382.7972096	0.422916666666667
382.81435	0.422916666666667
382.8307098	0.422916666666667
382.8475148	0.422916666666667
382.864291	0.422916666666667
382.8807927	0.422916666666667
382.8977249	0.422916666666667
382.9143449	0.422916666666667
382.930896	0.422916666666667
382.9473806	0.422916666666667
382.9642786	0.422916666666667
382.9811296	0.422916666666667
382.9976045	0.422916666666667
383.014021	0.422916666666667
383.0311048	0.422916666666667
383.0476841	0.422916666666667
383.0638293	0.422916666666667
383.0804289	0.422916666666667
383.0975809	0.422916666666667
383.1141353	0.422916666666667
383.130674	0.422916666666667
383.1476615	0.422916666666667
383.1639161	0.422916666666667
383.1807971	0.422916666666667
383.1975252	0.422916666666667
383.2142997	0.422916666666667
383.2308317	0.422916666666667
383.24757	0.422916666666667
383.2642556	0.422916666666667
383.280969	0.422916666666667
383.2976175	0.422916666666667
383.3141804	0.422916666666667
383.3306701	0.422916666666667
383.3474114	0.422916666666667
383.3642537	0.422916666666667
383.3804094	0.422916666666667
383.3978562	0.422916666666667
383.414158	0.422916666666667
383.4302435	0.422916666666667
383.4474641	0.422916666666667
383.4641412	0.422916666666667
383.4804977	0.422916666666667
383.497484	0.422916666666667
383.5140951	0.422916666666667
383.5307748	0.422916666666667
383.5476339	0.422916666666667
383.5639766	0.422916666666667
383.5806352	0.422916666666667
383.5974805	0.422916666666667
383.6139633	0.422916666666667
383.6307984	0.422916666666667
383.6474916	0.422916666666667
383.6642219	0.422916666666667
383.6807979	0.422916666666667
383.6976668	0.422916666666667
383.7139544	0.422916666666667
383.7304171	0.422916666666667
383.7470864	0.422916666666667
383.764106	0.422916666666667
383.7806184	0.422916666666667
383.7976514	0.422916666666667
383.8142041	0.422916666666667
383.8306066	0.422916666666667
383.8476711	0.422916666666667
383.8645325	0.422916666666667
383.8808251	0.422916666666667
383.8977265	0.422916666666667
383.9141839	0.422916666666667
383.9307732	0.422916666666667
383.9473894	0.422916666666667
383.9639937	0.422916666666667
383.9810146	0.422916666666667
383.9975092	0.422916666666667
384.0140792	0.422916666666667
384.0310132	0.422916666666667
384.0475885	0.422916666666667
384.0643936	0.422916666666667
384.080556	0.422916666666667
384.0974899	0.422916666666667
384.1140289	0.422916666666667
384.1307611	0.422916666666667
384.1474879	0.422916666666667
384.1644284	0.422916666666667
384.1807289	0.422916666666667
384.1977414	0.422916666666667
384.214043	0.422916666666667
384.2311771	0.422916666666667
384.2476258	0.422916666666667
384.2643427	0.422916666666667
384.2810286	0.422916666666667
384.2976305	0.422916666666667
384.3141497	0.422916666666667
384.3309271	0.422916666666667
384.3474675	0.422916666666667
384.3639456	0.422916666666667
384.3809478	0.422916666666667
384.3977311	0.422916666666667
384.4141451	0.422916666666667
384.4306424	0.422916666666667
384.4518824	0.422916666666667
384.4639566	0.422916666666667
384.4809074	0.422916666666667
384.4975704	0.422916666666667
384.5141499	0.422916666666667
384.5309071	0.422916666666667
384.5477083	0.422916666666667
384.563732	0.422916666666667
384.5804976	0.422916666666667
384.5975718	0.422916666666667
384.6141449	0.422916666666667
384.6302635	0.422916666666667
384.6475036	0.422916666666667
384.6641796	0.422916666666667
384.6807698	0.422916666666667
384.6976139	0.422916666666667
384.7142184	0.422916666666667
384.7312803	0.422916666666667
384.7477136	0.422916666666667
384.7640714	0.422916666666667
384.7805125	0.422916666666667
384.7974716	0.422916666666667
384.8137817	0.422916666666667
384.8303972	0.422916666666667
384.847069	0.422916666666667
384.863685	0.422916666666667
384.8805417	0.422916666666667
384.8973919	0.422916666666667
384.9140034	0.422916666666667
384.9306343	0.422916666666667
384.9475962	0.422916666666667
384.9641297	0.422916666666667
384.9807288	0.422916666666667
384.9976069	0.422916666666667
385.0142489	0.422916666666667
385.0311463	0.422916666666667
385.0474881	0.422916666666667
385.0638655	0.422916666666667
385.0808414	0.422916666666667
385.0978059	0.422916666666667
385.1140327	0.422916666666667
385.1306171	0.422916666666667
385.1477781	0.422916666666667
385.1643016	0.422916666666667
385.1808788	0.422916666666667
385.1976001	0.422916666666667
385.2144073	0.422916666666667
385.2302775	0.422916666666667
385.2472016	0.422916666666667
385.2641615	0.422916666666667
385.2804681	0.422916666666667
385.2975639	0.422916666666667
385.3140682	0.422916666666667
385.3304883	0.422916666666667
385.347461	0.422916666666667
385.3642992	0.422916666666667
385.3810601	0.422916666666667
385.3976377	0.422916666666667
385.4141841	0.422916666666667
385.4308081	0.422916666666667
385.4476289	0.422916666666667
385.4640202	0.422916666666667
385.4809622	0.422916666666667
385.4976791	0.422916666666667
385.5138464	0.422916666666667
385.5304449	0.422916666666667
385.5477116	0.422916666666667
385.5639105	0.422916666666667
385.5805166	0.422916666666667
385.5978745	0.422916666666667
385.6142126	0.422916666666667
385.6303346	0.422916666666667
385.6475439	0.422916666666667
385.6642256	0.422916666666667
385.6808366	0.422916666666667
385.6972097	0.422916666666667
385.7140876	0.422916666666667
385.7307697	0.422916666666667
385.7474612	0.422916666666667
385.7640496	0.422916666666667
385.7805073	0.422916666666667
385.7971566	0.422916666666667
385.8144437	0.422916666666667
385.8306956	0.422916666666667
385.8475072	0.422916666666667
385.8635505	0.422916666666667
385.880916	0.422916666666667
385.8974149	0.422916666666667
385.9142282	0.422916666666667
385.9307554	0.422916666666667
385.9471748	0.422916666666667
385.963553	0.422916666666667
385.9806827	0.422916666666667
385.9973573	0.422916666666667
386.0136432	0.422916666666667
386.030429	0.422916666666667
386.0520283	0.422916666666667
386.0641695	0.422916666666667
386.0804784	0.422916666666667
386.0971042	0.422916666666667
386.1138462	0.422916666666667
386.130356	0.422916666666667
386.1474145	0.422916666666667
386.1641848	0.422916666666667
386.1805155	0.422916666666667
386.1972157	0.422916666666667
386.2135224	0.422916666666667
386.2306415	0.422916666666667
386.2473473	0.422916666666667
386.2635716	0.422916666666667
386.2807478	0.422916666666667
386.2975005	0.422916666666667
386.3135919	0.422916666666667
386.3308453	0.422916666666667
386.347568	0.422916666666667
386.3638234	0.422916666666667
386.3808565	0.422916666666667
386.3971549	0.422916666666667
386.4142923	0.422916666666667
386.4306777	0.422916666666667
386.4476256	0.422916666666667
386.4638666	0.422916666666667
386.4808096	0.422916666666667
386.4975611	0.422916666666667
386.5140059	0.422916666666667
386.5310179	0.422916666666667
386.5470703	0.422916666666667
386.5638075	0.422916666666667
386.5806842	0.422916666666667
386.5975204	0.422916666666667
386.6139624	0.422916666666667
386.6302699	0.422916666666667
386.6473443	0.422916666666667
386.6636438	0.422916666666667
386.6808486	0.422916666666667
386.6973631	0.422916666666667
386.713774	0.422916666666667
386.7308129	0.422916666666667
386.747632	0.422916666666667
386.7635955	0.422916666666667
386.7802828	0.422916666666667
386.7970793	0.422916666666667
386.81409	0.422916666666667
386.8302978	0.422916666666667
386.8471681	0.422916666666667
386.8635164	0.422916666666667
386.880699	0.422916666666667
386.8971746	0.422916666666667
386.913993	0.422916666666667
386.930333	0.422916666666667
386.94754	0.422916666666667
386.9635532	0.422916666666667
386.9807331	0.422916666666667
386.9974694	0.422916666666667
387.0137621	0.422916666666667
387.0304187	0.422916666666667
387.0476536	0.422916666666667
387.0635969	0.422916666666667
387.0804592	0.422916666666667
387.0971674	0.422916666666667
387.1137871	0.422916666666667
387.1303899	0.422916666666667
387.1473587	0.422916666666667
387.1637904	0.422916666666667
387.1804661	0.422916666666667
387.1972732	0.422916666666667
387.2135447	0.422916666666667
387.2305857	0.422916666666667
387.247477	0.422916666666667
387.2639139	0.422916666666667
387.2806273	0.422916666666667
387.296913	0.422916666666667
387.3139034	0.422916666666667
387.3308199	0.422916666666667
387.347282	0.422916666666667
387.3640016	0.422916666666667
387.3819002	0.422916666666667
387.3984651	0.422916666666667
387.4140079	0.422916666666667
387.4305845	0.422916666666667
387.4473378	0.422916666666667
387.4635361	0.422916666666667
387.4807577	0.422916666666667
387.4975819	0.422916666666667
387.5139336	0.422916666666667
387.5305941	0.422916666666667
387.5470957	0.422916666666667
387.5637795	0.422916666666667
387.5807714	0.422916666666667
387.5974588	0.422916666666667
387.6135371	0.422916666666667
387.6310471	0.422916666666667
387.6475237	0.422916666666667
387.6637055	0.422916666666667
387.6809334	0.422916666666667
387.6974928	0.422916666666667
387.7134402	0.422916666666667
387.730614	0.422916666666667
387.7473315	0.422916666666667
387.7635136	0.422916666666667
387.7807975	0.422916666666667
387.7974989	0.422916666666667
387.8135381	0.422916666666667
387.8303976	0.422916666666667
387.8474272	0.422916666666667
387.8637413	0.422916666666667
387.8804974	0.422916666666667
387.8973423	0.422916666666667
387.9142675	0.422916666666667
387.9305315	0.422916666666667
387.9471955	0.422916666666667
387.9640774	0.422916666666667
387.980705	0.422916666666667
387.9974949	0.422916666666667
388.0138347	0.422916666666667
388.0308515	0.422916666666667
388.0470608	0.422916666666667
388.0636902	0.422916666666667
388.0802193	0.422916666666667
388.0975333	0.422916666666667
388.1137717	0.422916666666667
388.1305967	0.422916666666667
388.1471498	0.422916666666667
388.1638793	0.422916666666667
388.1806272	0.422916666666667
388.1974344	0.422916666666667
388.2135271	0.422916666666667
388.2302729	0.422916666666667
388.2477681	0.422916666666667
388.2633607	0.422916666666667
388.2803072	0.422916666666667
388.2971707	0.422916666666667
388.3138547	0.422916666666667
388.3307042	0.422916666666667
388.3472531	0.422916666666667
388.3643242	0.422916666666667
388.3805508	0.422916666666667
388.3974975	0.422916666666667
388.4138525	0.422916666666667
388.4305643	0.422916666666667
388.4475028	0.422916666666667
388.46358	0.422916666666667
388.4807937	0.422916666666667
388.4974624	0.422916666666667
388.5138227	0.422916666666667
388.5304747	0.422916666666667
388.5469459	0.422916666666667
388.5639172	0.422916666666667
388.580394	0.422916666666667
388.5974747	0.422916666666667
388.6133048	0.422916666666667
388.6304099	0.422916666666667
388.6474229	0.422916666666667
388.6634925	0.422916666666667
388.6807773	0.422916666666667
388.6976429	0.422916666666667
388.7136117	0.422916666666667
388.7308068	0.422916666666667
388.7474271	0.422916666666667
388.7639813	0.422916666666667
388.7806448	0.422916666666667
388.7975864	0.422916666666667
388.8137037	0.422916666666667
388.8307996	0.422916666666667
388.8475494	0.422916666666667
388.8637927	0.422916666666667
388.8809609	0.422916666666667
388.8971284	0.422916666666667
388.9136874	0.422916666666667
388.9305893	0.422916666666667
388.9471455	0.422916666666667
388.9637407	0.422916666666667
388.9809351	0.422916666666667
388.9974184	0.422916666666667
389.0139515	0.422916666666667
389.0304915	0.422916666666667
389.0475786	0.422916666666667
389.063545	0.422916666666667
389.0806229	0.422916666666667
389.0974565	0.422916666666667
389.113307	0.422916666666667
389.1302433	0.422916666666667
389.1473503	0.422916666666667
389.1639718	0.422916666666667
389.1805832	0.422916666666667
389.1973248	0.422916666666667
389.2138502	0.422916666666667
389.2306699	0.422916666666667
389.246984	0.422916666666667
389.2641272	0.422916666666667
389.2805389	0.422916666666667
389.297245	0.422916666666667
389.313703	0.422916666666667
389.3304912	0.422916666666667
389.347499	0.422916666666667
389.3639521	0.422916666666667
389.3803495	0.422916666666667
389.3969698	0.422916666666667
389.4138987	0.422916666666667
389.4303677	0.422916666666667
389.4473392	0.422916666666667
389.4643762	0.422916666666667
389.4804896	0.422916666666667
389.4972406	0.422916666666667
389.5135603	0.422916666666667
389.530399	0.422916666666667
389.547277	0.422916666666667
389.5634519	0.422916666666667
389.5803714	0.422916666666667
389.5972745	0.422916666666667
389.6134467	0.422916666666667
389.6302834	0.422916666666667
389.6473608	0.422916666666667
389.6639553	0.422916666666667
389.6805632	0.422916666666667
389.6972655	0.422916666666667
389.714162	0.422916666666667
389.7304752	0.422916666666667
389.7475948	0.422916666666667
389.7638845	0.422916666666667
389.7804255	0.422916666666667
389.7975852	0.422916666666667
389.8136569	0.422916666666667
389.8302922	0.422916666666667
389.8470073	0.422916666666667
389.8640982	0.422916666666667
389.8803403	0.422916666666667
389.8970925	0.422916666666667
389.9136784	0.422916666666667
389.9302897	0.422916666666667
389.9469347	0.422916666666667
389.9637771	0.422916666666667
389.9805062	0.422916666666667
389.9970465	0.422916666666667
390.0140719	0.422916666666667
390.0304482	0.422916666666667
390.047324	0.422916666666667
390.0639613	0.422916666666667
390.0807408	0.422916666666667
390.09715	0.422916666666667
390.1140092	0.422916666666667
390.1305408	0.422916666666667
390.147275	0.422916666666667
390.1638639	0.422916666666667
390.1803424	0.422916666666667
390.1973165	0.422916666666667
390.2138041	0.422916666666667
390.2303495	0.422916666666667
390.2472812	0.422916666666667
390.2638395	0.422916666666667
390.2807095	0.422916666666667
390.2972806	0.422916666666667
390.3139638	0.422916666666667
390.3306045	0.422916666666667
390.3473429	0.422916666666667
390.3640112	0.422916666666667
390.3803385	0.422916666666667
390.3969016	0.422916666666667
390.4138501	0.422916666666667
390.4307666	0.422916666666667
390.4470105	0.422916666666667
390.4633771	0.422916666666667
390.4803851	0.422916666666667
390.4974551	0.422916666666667
390.5140492	0.422916666666667
390.5306502	0.422916666666667
390.5471401	0.422916666666667
390.5640059	0.422916666666667
390.5801728	0.422916666666667
390.5973713	0.422916666666667
390.6137042	0.422916666666667
390.6302413	0.422916666666667
390.6472962	0.422916666666667
390.6642617	0.422916666666667
390.6804178	0.422916666666667
390.6973202	0.422916666666667
390.7141463	0.422916666666667
390.7303506	0.422916666666667
390.7470655	0.422916666666667
390.7636065	0.422916666666667
390.780661	0.422916666666667
390.7972437	0.422916666666667
390.8139613	0.422916666666667
390.8303236	0.422916666666667
390.8472246	0.422916666666667
390.8637934	0.422916666666667
390.88018	0.422916666666667
390.8972587	0.422916666666667
390.9138821	0.422916666666667
390.9306534	0.422916666666667
390.947214	0.422916666666667
390.9638483	0.422916666666667
390.9806251	0.422916666666667
390.9970395	0.422916666666667
391.0132804	0.422916666666667
391.0306952	0.422916666666667
391.047467	0.422916666666667
391.0643301	0.422916666666667
391.0805102	0.422916666666667
391.0972793	0.422916666666667
391.1138108	0.422916666666667
391.1307184	0.422916666666667
391.1474727	0.422916666666667
391.1639642	0.422916666666667
391.1808156	0.422916666666667
391.1969486	0.422916666666667
391.2134411	0.422916666666667
391.2302026	0.422916666666667
391.2473445	0.422916666666667
391.2638432	0.422916666666667
391.2809121	0.422916666666667
391.2973694	0.422916666666667
391.3137073	0.422916666666667
391.330289	0.422916666666667
391.3468261	0.422916666666667
391.3634013	0.422916666666667
391.3806012	0.422916666666667
391.3967841	0.422916666666667
391.4134508	0.422916666666667
391.4303199	0.422916666666667
391.4471541	0.422916666666667
391.4638972	0.422916666666667
391.4802246	0.422916666666667
391.4972254	0.422916666666667
391.513773	0.422916666666667
391.5302623	0.422916666666667
391.5468025	0.422916666666667
391.5634895	0.422916666666667
391.5805362	0.422916666666667
391.5969843	0.422916666666667
391.6135465	0.422916666666667
391.630304	0.422916666666667
391.647436	0.422916666666667
391.6636787	0.422916666666667
391.6805803	0.422916666666667
391.6971289	0.422916666666667
391.7140705	0.422916666666667
391.730741	0.422916666666667
391.7470725	0.422916666666667
391.7639625	0.422916666666667
391.7804721	0.422916666666667
391.7972701	0.422916666666667
391.8139914	0.422916666666667
391.830408	0.422916666666667
391.8472698	0.422916666666667
391.8638194	0.422916666666667
391.880522	0.422916666666667
391.8971965	0.422916666666667
391.9136405	0.422916666666667
391.9307078	0.422916666666667
391.9471726	0.422916666666667
391.9633661	0.422916666666667
391.9801739	0.422916666666667
391.997076	0.422916666666667
392.0139663	0.422916666666667
392.0303645	0.422916666666667
392.047649	0.422916666666667
392.0639782	0.422916666666667
392.0805674	0.422916666666667
392.0971751	0.422916666666667
392.1139837	0.422916666666667
392.1306873	0.422916666666667
392.1470991	0.422916666666667
392.1638882	0.422916666666667
392.1805793	0.422916666666667
392.1972922	0.422916666666667
392.2139147	0.422916666666667
392.2306418	0.422916666666667
392.247448	0.422916666666667
392.2636255	0.422916666666667
392.2804001	0.422916666666667
392.2972329	0.422916666666667
392.3137457	0.422916666666667
392.3301626	0.422916666666667
392.347173	0.422916666666667
392.3639773	0.422916666666667
392.380608	0.422916666666667
392.397213	0.422916666666667
392.413742	0.422916666666667
392.4304914	0.422916666666667
392.447153	0.422916666666667
392.4637476	0.422916666666667
392.4803712	0.422916666666667
392.497412	0.422916666666667
392.5140191	0.422916666666667
392.5301107	0.422916666666667
392.5468604	0.422916666666667
392.5642856	0.422916666666667
392.5804886	0.422916666666667
392.5971639	0.422916666666667
392.6134954	0.422916666666667
392.6304571	0.422916666666667
392.647296	0.422916666666667
392.6640543	0.422916666666667
392.6804822	0.422916666666667
392.697325	0.422916666666667
392.7135614	0.422916666666667
392.7304597	0.422916666666667
392.7476251	0.422916666666667
392.7639537	0.422916666666667
392.7801413	0.422916666666667
392.7974189	0.422916666666667
392.8136627	0.422916666666667
392.8303359	0.422916666666667
392.8468548	0.422916666666667
392.8636335	0.422916666666667
392.8807219	0.422916666666667
392.8973956	0.422916666666667
392.9138211	0.422916666666667
392.9303607	0.422916666666667
392.94734	0.422916666666667
392.9640185	0.422916666666667
392.9808199	0.422916666666667
392.9972754	0.422916666666667
393.0138232	0.422916666666667
393.0304379	0.422916666666667
393.0469005	0.422916666666667
393.0636961	0.422916666666667
393.0805243	0.422916666666667
393.0972894	0.422916666666667
393.113787	0.422916666666667
393.1305663	0.422916666666667
393.1469439	0.422916666666667
393.163973	0.422916666666667
393.1804708	0.422916666666667
393.1975064	0.422916666666667
393.2142375	0.422916666666667
393.2306434	0.422916666666667
393.2473411	0.422916666666667
393.2636	0.422916666666667
393.2805414	0.422916666666667
393.296628	0.422916666666667
393.3135449	0.422916666666667
393.3306152	0.422916666666667
393.3470748	0.422916666666667
393.363362	0.422916666666667
393.380402	0.422916666666667
393.3971595	0.422916666666667
393.4139753	0.422916666666667
393.4303693	0.422916666666667
393.447174	0.422916666666667
393.464028	0.422916666666667
393.4804926	0.422916666666667
393.4972171	0.422916666666667
393.5136287	0.422916666666667
393.5304998	0.422916666666667
393.5471515	0.422916666666667
393.5634844	0.422916666666667
393.5803355	0.422916666666667
393.596812	0.422916666666667
393.613773	0.422916666666667
393.6302915	0.422916666666667
393.6468203	0.422916666666667
393.6636426	0.422916666666667
393.6802695	0.422916666666667
393.6970139	0.422916666666667
393.7137366	0.422916666666667
393.730103	0.422916666666667
393.7473071	0.422916666666667
393.7639185	0.422916666666667
393.7801693	0.422916666666667
393.7968522	0.422916666666667
393.8134556	0.422916666666667
393.830119	0.422916666666667
393.847103	0.422916666666667
393.8634528	0.422916666666667
393.880321	0.422916666666667
393.8977698	0.422916666666667
393.9137356	0.422916666666667
393.9305161	0.422916666666667
393.9472193	0.422916666666667
393.9638957	0.422916666666667
393.9802237	0.422916666666667
393.997022	0.422916666666667
394.0135497	0.422916666666667
394.0305517	0.422916666666667
394.0470751	0.422916666666667
394.0634715	0.422916666666667
394.080497	0.422916666666667
394.0971285	0.422916666666667
394.1134991	0.422916666666667
394.1301025	0.422916666666667
394.1471186	0.422916666666667
394.1636957	0.422916666666667
394.1801626	0.422916666666667
394.1968226	0.422916666666667
394.2136522	0.422916666666667
394.2301994	0.422916666666667
394.2473355	0.422916666666667
394.2641314	0.422916666666667
394.2801624	0.422916666666667
394.2970387	0.422916666666667
394.3138568	0.422916666666667
394.3303631	0.422916666666667
394.3470244	0.422916666666667
394.3634644	0.422916666666667
394.3799259	0.422916666666667
394.3974091	0.422916666666667
394.4132197	0.422916666666667
394.430312	0.422916666666667
394.4471587	0.422916666666667
394.4635889	0.422916666666667
394.4805874	0.422916666666667
394.4970387	0.422916666666667
394.5138907	0.422916666666667
394.5306097	0.422916666666667
394.5468607	0.422916666666667
394.5636624	0.422916666666667
394.58063	0.422916666666667
394.5970394	0.422916666666667
394.6135226	0.422916666666667
394.6302651	0.422916666666667
394.6470219	0.422916666666667
394.6637765	0.422916666666667
394.6806947	0.422916666666667
394.6971503	0.422916666666667
394.7139069	0.422916666666667
394.7305634	0.422916666666667
394.7469233	0.422916666666667
394.7638012	0.422916666666667
394.7806444	0.422916666666667
394.7966844	0.422916666666667
394.813614	0.422916666666667
394.8302716	0.422916666666667
394.8466957	0.422916666666667
394.8636436	0.422916666666667
394.8802272	0.422916666666667
394.8967555	0.422916666666667
394.9134917	0.422916666666667
394.9302431	0.422916666666667
394.9471448	0.422916666666667
394.963776	0.422916666666667
394.9807995	0.422916666666667
394.9968	0.422916666666667
395.0136533	0.422916666666667
395.0303943	0.422916666666667
395.0466657	0.422916666666667
395.0638561	0.422916666666667
395.0807164	0.422916666666667
395.0965813	0.422916666666667
395.1133543	0.422916666666667
395.1302957	0.422916666666667
395.1465501	0.422916666666667
395.1638525	0.422916666666667
395.1803863	0.422916666666667
395.1969157	0.422916666666667
395.2139302	0.422916666666667
395.2300363	0.422916666666667
395.2469802	0.422916666666667
395.2637098	0.422916666666667
395.2801215	0.422916666666667
395.2966346	0.422916666666667
395.3141247	0.422916666666667
395.3304054	0.422916666666667
395.3467438	0.422916666666667
395.3636665	0.422916666666667
395.3800737	0.422916666666667
395.3970103	0.422916666666667
395.4136199	0.422916666666667
395.4303315	0.422916666666667
395.4470768	0.422916666666667
395.4634976	0.422916666666667
395.4802595	0.422916666666667
395.4972092	0.422916666666667
395.5137763	0.422916666666667
395.5302243	0.422916666666667
395.5472544	0.422916666666667
395.563883	0.422916666666667
395.5800577	0.422916666666667
395.5970913	0.422916666666667
395.6134688	0.422916666666667
395.6299885	0.422916666666667
395.6469071	0.422916666666667
395.6638292	0.422916666666667
395.6804136	0.422916666666667
395.6965648	0.422916666666667
395.7133601	0.422916666666667
395.730696	0.422916666666667
395.7471678	0.422916666666667
395.763666	0.422916666666667
395.7807104	0.422916666666667
395.7968871	0.422916666666667
395.813903	0.422916666666667
395.830164	0.422916666666667
395.8466256	0.422916666666667
395.8638561	0.422916666666667
395.8798934	0.422916666666667
395.8969855	0.422916666666667
395.9137277	0.422916666666667
395.9304819	0.422916666666667
395.946988	0.422916666666667
395.9637608	0.422916666666667
395.9800326	0.422916666666667
395.9966513	0.422916666666667
396.0137588	0.422916666666667
396.0300927	0.422916666666667
396.0470504	0.422916666666667
396.0637158	0.422916666666667
396.0803776	0.422916666666667
396.0970082	0.422916666666667
396.1137184	0.422916666666667
396.1307425	0.422916666666667
396.1468536	0.422916666666667
396.163238	0.422916666666667
396.1803561	0.422916666666667
396.1970881	0.422916666666667
396.213293	0.422916666666667
396.2303203	0.422916666666667
396.24705	0.422916666666667
396.2638776	0.422916666666667
396.2804346	0.422916666666667
396.2969722	0.422916666666667
396.3137969	0.422916666666667
396.3304645	0.422916666666667
396.3467084	0.422916666666667
396.3638484	0.422916666666667
396.3800092	0.422916666666667
396.3965526	0.422916666666667
396.4134993	0.422916666666667
396.4303281	0.422916666666667
396.4465877	0.422916666666667
396.4634593	0.422916666666667
396.4802825	0.422916666666667
396.4967541	0.422916666666667
396.5136315	0.422916666666667
396.5307073	0.422916666666667
396.546627	0.422916666666667
396.5638153	0.422916666666667
396.5804082	0.422916666666667
396.5969481	0.422916666666667
396.6138104	0.422916666666667
396.6299573	0.422916666666667
396.6474735	0.422916666666667
396.6630502	0.422916666666667
396.6801048	0.422916666666667
396.6967609	0.422916666666667
396.7139177	0.422916666666667
396.7309867	0.422916666666667
396.7467185	0.422916666666667
396.7639338	0.422916666666667
396.7802418	0.422916666666667
396.7967181	0.422916666666667
396.8138938	0.422916666666667
396.8305526	0.422916666666667
396.8468434	0.422916666666667
396.8633443	0.422916666666667
396.8805766	0.422916666666667
396.8965121	0.422916666666667
396.9134898	0.422916666666667
396.9304365	0.422916666666667
396.946603	0.422916666666667
396.9637926	0.422916666666667
396.980208	0.422916666666667
396.9965839	0.422916666666667
397.0137938	0.422916666666667
397.0304615	0.422916666666667
397.0467565	0.422916666666667
397.063805	0.422916666666667
397.0801163	0.422916666666667
397.0970528	0.422916666666667
397.1141213	0.422916666666667
397.1303454	0.422916666666667
397.1469775	0.422916666666667
397.1639107	0.422916666666667
397.1803323	0.422916666666667
397.1967727	0.422916666666667
397.2137858	0.422916666666667
397.2303732	0.422916666666667
397.2469162	0.422916666666667
397.2641257	0.422916666666667
397.2803673	0.422916666666667
397.2966379	0.422916666666667
397.3137943	0.422916666666667
397.3302411	0.422916666666667
397.3468288	0.422916666666667
397.363635	0.422916666666667
397.3802731	0.422916666666667
397.3969001	0.422916666666667
397.413571	0.422916666666667
397.4304331	0.422916666666667
397.4469183	0.422916666666667
397.4635219	0.422916666666667
397.4801536	0.422916666666667
397.496623	0.422916666666667
397.513852	0.422916666666667
397.5303316	0.422916666666667
397.5465825	0.422916666666667
397.5639617	0.422916666666667
397.5804494	0.422916666666667
397.5966218	0.422916666666667
397.6139469	0.422916666666667
397.6301331	0.422916666666667
397.6466211	0.422916666666667
397.6638907	0.422916666666667
397.6801526	0.422916666666667
397.6967946	0.422916666666667
397.7136442	0.422916666666667
397.7305004	0.422916666666667
397.7468161	0.422916666666667
397.7637295	0.422916666666667
397.7801978	0.422916666666667
397.7964192	0.422916666666667
397.8139111	0.422916666666667
397.8300637	0.422916666666667
397.8467305	0.422916666666667
397.8637783	0.422916666666667
397.8803092	0.422916666666667
397.8965579	0.422916666666667
397.9135323	0.422916666666667
397.9300638	0.422916666666667
397.947013	0.422916666666667
397.9636995	0.422916666666667
397.980349	0.422916666666667
397.9969136	0.422916666666667
398.0138745	0.422916666666667
398.0301971	0.422916666666667
398.046795	0.422916666666667
398.0637639	0.422916666666667
398.0806378	0.422916666666667
398.0975546	0.422916666666667
398.1137657	0.422916666666667
398.1301525	0.422916666666667
398.1470838	0.422916666666667
398.1638664	0.422916666666667
398.1803497	0.422916666666667
398.1970892	0.422916666666667
398.2137401	0.422916666666667
398.2302057	0.422916666666667
398.2471376	0.422916666666667
398.2631756	0.422916666666667
398.280285	0.422916666666667
398.2968781	0.422916666666667
398.3134085	0.422916666666667
398.330414	0.422916666666667
398.3470185	0.422916666666667
398.3637136	0.422916666666667
398.3801489	0.422916666666667
398.3971609	0.422916666666667
398.4135204	0.422916666666667
398.4302905	0.422916666666667
398.4470372	0.422916666666667
398.4637619	0.422916666666667
398.4804898	0.422916666666667
398.4968263	0.422916666666667
398.5135926	0.422916666666667
398.5300331	0.422916666666667
398.5465167	0.422916666666667
398.5637606	0.422916666666667
398.5805836	0.422916666666667
398.5968271	0.422916666666667
398.6137406	0.422916666666667
398.6301458	0.422916666666667
398.6470501	0.422916666666667
398.6636686	0.422916666666667
398.6803329	0.422916666666667
398.6971979	0.422916666666667
398.7130647	0.422916666666667
398.7299294	0.422916666666667
398.7467219	0.422916666666667
398.7635589	0.422916666666667
398.7802024	0.422916666666667
398.7968908	0.422916666666667
398.8133997	0.422916666666667
398.8301168	0.422916666666667
398.8466209	0.422916666666667
398.8635577	0.422916666666667
398.8801037	0.422916666666667
398.8967869	0.422916666666667
398.9134504	0.422916666666667
398.9302133	0.422916666666667
398.9472397	0.422916666666667
398.9635373	0.422916666666667
398.9801199	0.422916666666667
398.9967391	0.422916666666667
399.0131496	0.422916666666667
399.0301398	0.422916666666667
399.0468517	0.422916666666667
399.0633554	0.422916666666667
399.0801682	0.422916666666667
399.0971092	0.422916666666667
399.113749	0.422916666666667
399.1300571	0.422916666666667
399.1469794	0.422916666666667
399.1640338	0.422916666666667
399.1801878	0.422916666666667
399.1968282	0.422916666666667
399.2136833	0.422916666666667
399.2299266	0.422916666666667
399.2467382	0.422916666666667
399.2633157	0.422916666666667
399.2800896	0.422916666666667
399.296962	0.422916666666667
399.313717	0.422916666666667
399.3302753	0.422916666666667
399.3468748	0.422916666666667
399.3636804	0.422916666666667
399.3802001	0.422916666666667
399.396713	0.422916666666667
399.4138572	0.422916666666667
399.4301772	0.422916666666667
399.4468935	0.422916666666667
399.4646385	0.422916666666667
399.4800414	0.422916666666667
399.4965575	0.422916666666667
399.5133206	0.422916666666667
399.5302537	0.422916666666667
399.5468471	0.422916666666667
399.563696	0.422916666666667
399.5802804	0.422916666666667
399.596939	0.422916666666667
399.6132941	0.422916666666667
399.6301668	0.422916666666667
399.6470973	0.422916666666667
399.6635988	0.422916666666667
399.6801078	0.422916666666667
399.6968274	0.422916666666667
399.7135227	0.422916666666667
399.7300894	0.422916666666667
399.7470171	0.422916666666667
399.7638942	0.422916666666667
399.7801087	0.422916666666667
399.7966459	0.422916666666667
399.8134428	0.422916666666667
399.8302616	0.422916666666667
399.8471008	0.422916666666667
399.8637548	0.422916666666667
399.8800002	0.422916666666667
399.8969044	0.422916666666667
399.9138547	0.422916666666667
399.9305084	0.422916666666667
399.9466227	0.422916666666667
399.9635708	0.422916666666667
399.9800431	0.422916666666667
399.9969573	0.422916666666667
400.0131196	0.422916666666667
400.0301882	0.422916666666667
400.0470014	0.422916666666667
400.0635678	0.422916666666667
400.0807012	0.422916666666667
400.0970005	0.422916666666667
400.1132466	0.422916666666667
400.1302954	0.422916666666667
400.1465701	0.422916666666667
400.1629494	0.422916666666667
400.1803292	0.422916666666667
400.1968288	0.422916666666667
400.2130093	0.422916666666667
400.2301671	0.422916666666667
400.2466652	0.422916666666667
400.2636434	0.422916666666667
400.2801573	0.422916666666667
400.2971782	0.422916666666667
400.3136195	0.422916666666667
400.3307046	0.422916666666667
400.3470074	0.422916666666667
400.3640699	0.422916666666667
400.3803562	0.422916666666667
400.3969397	0.422916666666667
400.413753	0.422916666666667
400.4302354	0.422916666666667
400.4473618	0.422916666666667
400.4635521	0.422916666666667
400.4800546	0.422916666666667
400.4967524	0.422916666666667
400.5136916	0.422916666666667
400.530113	0.422916666666667
400.5463966	0.422916666666667
400.5638767	0.422916666666667
400.5801065	0.422916666666667
400.5968661	0.422916666666667
400.6134909	0.422916666666667
400.6298554	0.422916666666667
400.6464722	0.422916666666667
400.6631361	0.422916666666667
400.6797859	0.422916666666667
400.6967761	0.422916666666667
400.7132727	0.422916666666667
400.7300331	0.422916666666667
400.7471683	0.422916666666667
400.7635278	0.422916666666667
400.7800478	0.422916666666667
400.7971864	0.422916666666667
400.8135208	0.422916666666667
400.8298382	0.422916666666667
400.8474674	0.422916666666667
400.8634432	0.422916666666667
400.8797565	0.422916666666667
400.8968233	0.422916666666667
400.9132012	0.422916666666667
400.9298995	0.422916666666667
400.9467794	0.422916666666667
400.9635965	0.422916666666667
400.9799452	0.422916666666667
400.9967677	0.422916666666667
401.013498	0.422916666666667
401.0301019	0.422916666666667
401.0469023	0.422916666666667
401.0638631	0.422916666666667
401.0800783	0.422916666666667
401.0971211	0.422916666666667
401.1135199	0.422916666666667
401.1298523	0.422916666666667
401.1463019	0.422916666666667
401.1629849	0.422916666666667
401.180322	0.422916666666667
401.1966295	0.422916666666667
401.2135094	0.422916666666667
401.2304251	0.422916666666667
401.2472226	0.422916666666667
401.263646	0.422916666666667
401.2800796	0.422916666666667
401.2972902	0.422916666666667
401.3137949	0.422916666666667
401.3299464	0.422916666666667
401.3465929	0.422916666666667
401.3637297	0.422916666666667
401.379699	0.422916666666667
401.3969502	0.422916666666667
401.4134517	0.422916666666667
401.4302136	0.422916666666667
401.4466834	0.422916666666667
401.4634343	0.422916666666667
401.4799358	0.422916666666667
401.4968447	0.422916666666667
401.5135171	0.422916666666667
401.5298483	0.422916666666667
401.5469772	0.422916666666667
401.5636095	0.422916666666667
401.5804243	0.422916666666667
401.5967114	0.422916666666667
401.6134959	0.422916666666667
401.6298531	0.422916666666667
401.646973	0.422916666666667
401.6634324	0.422916666666667
401.6802086	0.422916666666667
401.697035	0.422916666666667
401.7138366	0.422916666666667
401.7301181	0.422916666666667
401.747023	0.422916666666667
401.763602	0.422916666666667
401.7799462	0.422916666666667
401.7972236	0.422916666666667
401.8135986	0.422916666666667
401.8299708	0.422916666666667
401.8466125	0.422916666666667
401.8633559	0.422916666666667
401.8802215	0.422916666666667
401.8969573	0.422916666666667
401.9133855	0.422916666666667
401.930054	0.422916666666667
401.9468342	0.422916666666667
401.9634515	0.422916666666667
401.9798285	0.422916666666667
401.9965923	0.422916666666667
402.013289	0.422916666666667
402.0299674	0.422916666666667
402.0468314	0.422916666666667
402.0632353	0.422916666666667
402.0800071	0.422916666666667
402.0966033	0.422916666666667
402.1128362	0.422916666666667
402.1294415	0.422916666666667
402.1466686	0.422916666666667
402.1632222	0.422916666666667
402.1801738	0.422916666666667
402.1963612	0.422916666666667
402.2134848	0.422916666666667
402.2301646	0.422916666666667
402.2465669	0.422916666666667
402.2634834	0.422916666666667
402.2799384	0.422916666666667
402.2966703	0.422916666666667
402.3134706	0.422916666666667
402.3301026	0.422916666666667
402.3466777	0.422916666666667
402.3629247	0.422916666666667
402.3799055	0.422916666666667
402.3965862	0.422916666666667
402.4132888	0.422916666666667
402.4297499	0.422916666666667
402.4470024	0.422916666666667
402.4632826	0.422916666666667
402.4799656	0.422916666666667
402.4969438	0.422916666666667
402.5134816	0.422916666666667
402.5299804	0.422916666666667
402.5469211	0.422916666666667
402.5636351	0.422916666666667
402.5800352	0.422916666666667
402.5965955	0.422916666666667
402.6131674	0.422916666666667
402.6303494	0.422916666666667
402.6466998	0.422916666666667
402.6632946	0.422916666666667
402.6803672	0.422916666666667
402.6968669	0.422916666666667
402.7133708	0.422916666666667
402.7301686	0.422916666666667
402.7469738	0.422916666666667
402.7632248	0.422916666666667
402.7800247	0.422916666666667
402.7968865	0.422916666666667
402.8132788	0.422916666666667
402.8298859	0.422916666666667
402.846449	0.422916666666667
402.8637525	0.422916666666667
402.8799726	0.422916666666667
402.8969445	0.422916666666667
402.9133482	0.422916666666667
402.9302655	0.422916666666667
402.9468481	0.422916666666667
402.9634272	0.422916666666667
402.9800933	0.422916666666667
402.9965604	0.422916666666667
403.01357	0.422916666666667
403.0300004	0.422916666666667
403.0466281	0.422916666666667
403.0632246	0.422916666666667
403.0803029	0.422916666666667
403.0964707	0.422916666666667
403.1135536	0.422916666666667
403.1303667	0.422916666666667
403.1471972	0.422916666666667
403.1635496	0.422916666666667
403.1802525	0.422916666666667
403.1969202	0.422916666666667
403.2133892	0.422916666666667
403.2303053	0.422916666666667
403.246676	0.422916666666667
403.2636858	0.422916666666667
403.279969	0.422916666666667
403.2970371	0.422916666666667
403.3128322	0.422916666666667
403.33017	0.422916666666667
403.3469992	0.422916666666667
403.363365	0.422916666666667
403.3802316	0.422916666666667
403.397037	0.422916666666667
403.4133329	0.422916666666667
403.4302029	0.422916666666667
403.4473242	0.422916666666667
403.463467	0.422916666666667
403.480123	0.422916666666667
403.4970199	0.422916666666667
403.5135188	0.422916666666667
403.5299067	0.422916666666667
403.5472812	0.422916666666667
403.5634305	0.422916666666667
403.5800609	0.422916666666667
403.5973313	0.422916666666667
403.6133125	0.422916666666667
403.6301613	0.422916666666667
403.647123	0.422916666666667
403.6633961	0.422916666666667
403.6799175	0.422916666666667
403.6965746	0.422916666666667
403.7135081	0.422916666666667
403.730117	0.422916666666667
403.7469677	0.422916666666667
403.7634634	0.422916666666667
403.779851	0.422916666666667
403.7963682	0.422916666666667
403.8131682	0.422916666666667
403.8297777	0.422916666666667
403.8468744	0.422916666666667
403.86359	0.422916666666667
403.879831	0.422916666666667
403.8966835	0.422916666666667
403.9133335	0.422916666666667
403.9300505	0.422916666666667
403.9465393	0.422916666666667
403.9631416	0.422916666666667
403.9796318	0.422916666666667
403.996522	0.422916666666667
404.0134124	0.422916666666667
404.0300369	0.422916666666667
404.0470787	0.422916666666667
404.063965	0.422916666666667
404.0797261	0.422916666666667
404.0964403	0.422916666666667
404.1131722	0.422916666666667
404.130079	0.422916666666667
404.1471023	0.422916666666667
404.163276	0.422916666666667
404.1800997	0.422916666666667
404.1964236	0.422916666666667
404.2133265	0.422916666666667
404.2296718	0.422916666666667
404.2469356	0.422916666666667
404.2636153	0.422916666666667
404.2796613	0.422916666666667
404.2967986	0.422916666666667
404.3134903	0.422916666666667
404.3299738	0.422916666666667
404.3465813	0.422916666666667
404.3633258	0.422916666666667
404.3797576	0.422916666666667
404.396549	0.422916666666667
404.4135241	0.422916666666667
404.4299402	0.422916666666667
404.446912	0.422916666666667
404.4636675	0.422916666666667
404.4796617	0.422916666666667
404.4969751	0.422916666666667
404.5136523	0.422916666666667
404.5299437	0.422916666666667
404.54651	0.422916666666667
404.5633606	0.422916666666667
404.5794945	0.422916666666667
404.5967711	0.422916666666667
404.6135073	0.422916666666667
404.6300153	0.422916666666667
404.6467724	0.422916666666667
404.6634299	0.422916666666667
404.679775	0.422916666666667
404.6967354	0.422916666666667
404.7133254	0.422916666666667
404.7296087	0.422916666666667
404.7466426	0.422916666666667
404.7635634	0.422916666666667
404.7796556	0.422916666666667
404.7965044	0.422916666666667
404.8130573	0.422916666666667
404.8295533	0.422916666666667
404.8466447	0.422916666666667
404.8628283	0.422916666666667
404.8798203	0.422916666666667
404.8967599	0.422916666666667
404.9134147	0.422916666666667
404.9298314	0.422916666666667
404.9467766	0.422916666666667
404.9630857	0.422916666666667
404.9798206	0.422916666666667
404.9968041	0.422916666666667
405.0135092	0.422916666666667
405.0296793	0.422916666666667
405.046802	0.422916666666667
405.0629672	0.422916666666667
405.0796552	0.422916666666667
405.096771	0.422916666666667
405.1135187	0.422916666666667
405.1296377	0.422916666666667
405.1468264	0.422916666666667
405.1630782	0.422916666666667
405.1798376	0.422916666666667
405.1967871	0.422916666666667
405.2128438	0.422916666666667
405.2299739	0.422916666666667
405.2471395	0.422916666666667
405.2630775	0.422916666666667
405.279697	0.422916666666667
405.2974405	0.422916666666667
405.3129319	0.422916666666667
405.3295095	0.422916666666667
405.347227	0.422916666666667
405.3636587	0.422916666666667
405.3799338	0.422916666666667
405.396889	0.422916666666667
405.4130466	0.422916666666667
405.4302137	0.422916666666667
405.4467194	0.422916666666667
405.4634941	0.422916666666667
405.4798458	0.422916666666667
405.4970128	0.422916666666667
405.513518	0.422916666666667
405.5299361	0.422916666666667
405.546576	0.422916666666667
405.5633497	0.422916666666667
405.5796648	0.422916666666667
405.5968447	0.422916666666667
405.6135271	0.422916666666667
405.6296466	0.422916666666667
405.6467783	0.422916666666667
405.6634252	0.422916666666667
405.6796661	0.422916666666667
405.6966053	0.422916666666667
405.7129546	0.422916666666667
405.7300379	0.422916666666667
405.7468188	0.422916666666667
405.7635346	0.422916666666667
405.7798531	0.422916666666667
405.7966474	0.422916666666667
405.8130766	0.422916666666667
405.8302644	0.422916666666667
405.8470317	0.422916666666667
405.8633724	0.422916666666667
405.8794806	0.422916666666667
405.8972315	0.422916666666667
405.9132833	0.422916666666667
405.9299299	0.422916666666667
405.9468086	0.422916666666667
405.9632535	0.422916666666667
405.9798556	0.422916666666667
405.9962886	0.422916666666667
406.0129597	0.422916666666667
406.0297589	0.422916666666667
406.0464581	0.422916666666667
406.0630018	0.422916666666667
406.0798582	0.422916666666667
406.096609	0.422916666666667
406.1136056	0.422916666666667
406.1297662	0.422916666666667
406.1466947	0.422916666666667
406.1633558	0.422916666666667
406.179742	0.422916666666667
406.1968449	0.422916666666667
406.2134986	0.422916666666667
406.2295095	0.422916666666667
406.2469007	0.422916666666667
406.26347	0.422916666666667
406.2798877	0.422916666666667
406.2968811	0.422916666666667
406.3133286	0.422916666666667
406.3298198	0.422916666666667
406.346825	0.422916666666667
406.3637517	0.422916666666667
406.3796667	0.422916666666667
406.3966864	0.422916666666667
406.4136002	0.422916666666667
406.4296489	0.422916666666667
406.4467909	0.422916666666667
406.4630494	0.422916666666667
406.4795175	0.422916666666667
406.4966747	0.422916666666667
406.513181	0.422916666666667
406.5300027	0.422916666666667
406.5461169	0.422916666666667
406.5633887	0.422916666666667
406.5795725	0.422916666666667
406.5967088	0.422916666666667
406.6134339	0.422916666666667
406.62947	0.422916666666667
406.6466256	0.422916666666667
406.6632374	0.422916666666667
406.6795765	0.422916666666667
406.6963894	0.422916666666667
406.7134709	0.422916666666667
406.7301076	0.422916666666667
406.7466066	0.422916666666667
406.763331	0.422916666666667
406.7800026	0.422916666666667
406.7965349	0.422916666666667
406.8132676	0.422916666666667
406.8299897	0.422916666666667
406.846779	0.422916666666667
406.863218	0.422916666666667
406.8799683	0.422916666666667
406.8967742	0.422916666666667
406.9132762	0.422916666666667
406.9298523	0.422916666666667
406.9465007	0.422916666666667
406.9634345	0.422916666666667
406.979967	0.422916666666667
406.9967791	0.422916666666667
407.0135539	0.422916666666667
407.029907	0.422916666666667
407.04672	0.422916666666667
407.0634986	0.422916666666667
407.0798618	0.422916666666667
407.0967183	0.422916666666667
407.1133945	0.422916666666667
407.1300798	0.422916666666667
407.146766	0.422916666666667
407.1631969	0.422916666666667
407.1796103	0.422916666666667
407.1967255	0.422916666666667
407.213169	0.422916666666667
407.2301533	0.422916666666667
407.2466477	0.422916666666667
407.2632812	0.422916666666667
407.279802	0.422916666666667
407.2967235	0.422916666666667
407.3132597	0.422916666666667
407.3297499	0.422916666666667
407.3465054	0.422916666666667
407.3634219	0.422916666666667
407.3799731	0.422916666666667
407.3964849	0.422916666666667
407.4133887	0.422916666666667
407.4299424	0.422916666666667
407.4465509	0.422916666666667
407.4633529	0.422916666666667
407.4795155	0.422916666666667
407.496988	0.422916666666667
407.5128852	0.422916666666667
407.5299053	0.422916666666667
407.546542	0.422916666666667
407.5633777	0.422916666666667
407.5796259	0.422916666666667
407.5967391	0.422916666666667
407.6134166	0.422916666666667
407.6296431	0.422916666666667
407.6464491	0.422916666666667
407.663134	0.422916666666667
407.6801593	0.422916666666667
407.6964012	0.422916666666667
407.713136	0.422916666666667
407.7300421	0.422916666666667
407.747016	0.422916666666667
407.7634925	0.422916666666667
407.779613	0.422916666666667
407.7968455	0.422916666666667
407.8133752	0.422916666666667
407.8298619	0.422916666666667
407.8465143	0.422916666666667
407.8633406	0.422916666666667
407.879505	0.422916666666667
407.8963458	0.422916666666667
407.9133557	0.422916666666667
407.9297901	0.422916666666667
407.9463874	0.422916666666667
407.9633824	0.422916666666667
407.9798498	0.422916666666667
407.9968648	0.422916666666667
408.0130879	0.422916666666667
408.0295887	0.422916666666667
408.0466931	0.422916666666667
408.0631874	0.422916666666667
408.0796648	0.422916666666667
408.0966927	0.422916666666667
408.1129977	0.422916666666667
408.1295826	0.422916666666667
408.1466388	0.422916666666667
408.1632579	0.422916666666667
408.1798421	0.422916666666667
408.1969056	0.422916666666667
408.2135379	0.422916666666667
408.2298771	0.422916666666667
408.2465557	0.422916666666667
408.2631805	0.422916666666667
408.2795933	0.422916666666667
408.2964248	0.422916666666667
408.3130811	0.422916666666667
408.3295311	0.422916666666667
408.3464084	0.422916666666667
408.3629495	0.422916666666667
408.3792741	0.422916666666667
408.3962722	0.422916666666667
408.4129987	0.422916666666667
408.4298792	0.422916666666667
408.4467645	0.422916666666667
408.463065	0.422916666666667
408.4793969	0.422916666666667
408.4965527	0.422916666666667
408.5129014	0.422916666666667
408.5300541	0.422916666666667
408.5467101	0.422916666666667
408.5632093	0.422916666666667
408.5797795	0.422916666666667
408.5963395	0.422916666666667
408.6132616	0.422916666666667
408.6296138	0.422916666666667
408.646688	0.422916666666667
408.6634848	0.422916666666667
408.6799542	0.422916666666667
408.6965009	0.422916666666667
408.7135196	0.422916666666667
408.729951	0.422916666666667
408.7463702	0.422916666666667
408.7629699	0.422916666666667
408.7796813	0.422916666666667
408.7962391	0.422916666666667
408.8131428	0.422916666666667
408.8298837	0.422916666666667
408.8464504	0.422916666666667
408.8635448	0.422916666666667
408.8797321	0.422916666666667
408.8965925	0.422916666666667
408.9127521	0.422916666666667
408.9298512	0.422916666666667
408.946531	0.422916666666667
408.9632688	0.422916666666667
408.9801043	0.422916666666667
408.9961396	0.422916666666667
409.01291	0.422916666666667
409.0297272	0.422916666666667
409.0467166	0.422916666666667
409.063573	0.422916666666667
409.0799084	0.422916666666667
409.0965191	0.422916666666667
409.1130797	0.422916666666667
409.1297085	0.422916666666667
409.146547	0.422916666666667
409.1633594	0.422916666666667
409.1801374	0.422916666666667
409.1967024	0.422916666666667
409.2130508	0.422916666666667
409.2299485	0.422916666666667
409.2467932	0.422916666666667
409.2630439	0.422916666666667
409.2798959	0.422916666666667
409.2964955	0.422916666666667
409.3129102	0.422916666666667
409.330037	0.422916666666667
409.3466373	0.422916666666667
409.3632647	0.422916666666667
409.3798129	0.422916666666667
409.3966814	0.422916666666667
409.4130709	0.422916666666667
409.4295653	0.422916666666667
409.4468196	0.422916666666667
409.4633128	0.422916666666667
409.4798844	0.422916666666667
409.4964515	0.422916666666667
409.5131927	0.422916666666667
409.5299631	0.422916666666667
409.5465642	0.422916666666667
409.5631888	0.422916666666667
409.5799537	0.422916666666667
409.5961788	0.422916666666667
409.6133123	0.422916666666667
409.6299024	0.422916666666667
409.6460876	0.422916666666667
409.6629756	0.422916666666667
409.6800998	0.422916666666667
409.6962894	0.422916666666667
409.7132322	0.422916666666667
409.7298065	0.422916666666667
409.7463091	0.422916666666667
409.7630255	0.422916666666667
409.7798889	0.422916666666667
409.7963819	0.422916666666667
409.8129175	0.422916666666667
409.8296	0.422916666666667
409.8465495	0.422916666666667
409.8631809	0.422916666666667
409.8798511	0.422916666666667
409.8968321	0.422916666666667
409.9128158	0.422916666666667
409.9299617	0.422916666666667
409.9466256	0.422916666666667
409.9631093	0.422916666666667
409.9796013	0.422916666666667
409.9967689	0.422916666666667
410.0131475	0.422916666666667
410.0298899	0.422916666666667
410.0464444	0.422916666666667
410.0637816	0.422916666666667
410.0798787	0.422916666666667
410.0961601	0.422916666666667
410.1129307	0.422916666666667
410.1297841	0.422916666666667
410.1467017	0.422916666666667
410.1631481	0.422916666666667
410.1799069	0.422916666666667
410.1964709	0.422916666666667
410.2131574	0.422916666666667
410.2298902	0.422916666666667
410.2466138	0.422916666666667
410.2631087	0.422916666666667
410.279783	0.422916666666667
410.2965513	0.422916666666667
410.3129943	0.422916666666667
410.3296213	0.422916666666667
410.3464577	0.422916666666667
410.3626287	0.422916666666667
410.3795299	0.422916666666667
410.3967453	0.422916666666667
410.4132898	0.422916666666667
410.4298158	0.422916666666667
410.446465	0.422916666666667
410.4636291	0.422916666666667
410.4798147	0.422916666666667
410.4967654	0.422916666666667
410.5133381	0.422916666666667
410.529741	0.422916666666667
410.5466397	0.422916666666667
410.5633176	0.422916666666667
410.5797422	0.422916666666667
410.5963383	0.422916666666667
410.6133285	0.422916666666667
410.6299869	0.422916666666667
410.6467709	0.422916666666667
410.6628924	0.422916666666667
410.6799855	0.422916666666667
410.6964674	0.422916666666667
410.7131326	0.422916666666667
410.7297342	0.422916666666667
410.7467692	0.422916666666667
410.7632309	0.422916666666667
410.7795039	0.422916666666667
410.7964746	0.422916666666667
410.8132864	0.422916666666667
410.8294948	0.422916666666667
410.8461757	0.422916666666667
410.8631804	0.422916666666667
410.8798788	0.422916666666667
410.8967215	0.422916666666667
410.9133347	0.422916666666667
410.9298788	0.422916666666667
410.9467939	0.422916666666667
410.9633079	0.422916666666667
410.9795584	0.422916666666667
410.9965961	0.422916666666667
411.0130568	0.422916666666667
411.0301555	0.422916666666667
411.0467958	0.422916666666667
411.0629364	0.422916666666667
411.0799149	0.422916666666667
411.0966378	0.422916666666667
411.1126868	0.422916666666667
411.1292953	0.422916666666667
411.1465579	0.422916666666667
411.1632446	0.422916666666667
411.1798008	0.422916666666667
411.1963216	0.422916666666667
411.2129704	0.422916666666667
411.230113	0.422916666666667
411.246498	0.422916666666667
411.2631204	0.422916666666667
411.2795996	0.422916666666667
411.2961347	0.422916666666667
411.3125299	0.422916666666667
411.3298814	0.422916666666667
411.3463925	0.422916666666667
411.3632972	0.422916666666667
411.3798376	0.422916666666667
411.3964637	0.422916666666667
411.413362	0.422916666666667
411.4299345	0.422916666666667
411.4481705	0.422916666666667
411.4640117	0.422916666666667
411.4796663	0.422916666666667
411.4964172	0.422916666666667
411.5132871	0.422916666666667
411.5298193	0.422916666666667
411.5462968	0.422916666666667
411.5630644	0.422916666666667
411.5797882	0.422916666666667
411.5967986	0.422916666666667
411.6129741	0.422916666666667
411.6302192	0.422916666666667
411.6466039	0.422916666666667
411.6630422	0.422916666666667
411.6796471	0.422916666666667
411.6964704	0.422916666666667
411.7131462	0.422916666666667
411.7299669	0.422916666666667
411.7463423	0.422916666666667
411.7630976	0.422916666666667
411.7797717	0.422916666666667
411.7965858	0.422916666666667
411.8131185	0.422916666666667
411.8302516	0.422916666666667
411.8462575	0.422916666666667
411.8626629	0.422916666666667
411.8798074	0.422916666666667
411.8961904	0.422916666666667
411.9130285	0.422916666666667
411.9298151	0.422916666666667
411.9464639	0.422916666666667
411.9626927	0.422916666666667
411.9799791	0.422916666666667
411.9966542	0.422916666666667
412.0128217	0.422916666666667
412.0298595	0.422916666666667
412.0467427	0.422916666666667
412.0626388	0.422916666666667
412.0795473	0.422916666666667
412.096449	0.422916666666667
412.1130467	0.422916666666667
412.1295139	0.422916666666667
412.1464429	0.422916666666667
412.1630089	0.422916666666667
412.1798199	0.422916666666667
412.1967623	0.422916666666667
412.212911	0.422916666666667
412.2301123	0.422916666666667
412.2466232	0.422916666666667
412.2625685	0.422916666666667
412.2797246	0.422916666666667
412.2961095	0.422916666666667
412.3127781	0.422916666666667
412.3297357	0.422916666666667
412.3466286	0.422916666666667
412.3632253	0.422916666666667
412.3797928	0.422916666666667
412.3966632	0.422916666666667
412.4129347	0.422916666666667
412.4296954	0.422916666666667
412.4465872	0.422916666666667
412.4629951	0.422916666666667
412.4795919	0.422916666666667
412.4965858	0.422916666666667
412.5132725	0.422916666666667
412.5294565	0.422916666666667
412.5465203	0.422916666666667
412.5630819	0.422916666666667
412.579815	0.422916666666667
412.5964481	0.422916666666667
412.6132843	0.422916666666667
412.629592	0.422916666666667
412.6465668	0.422916666666667
412.6631344	0.422916666666667
412.6798297	0.422916666666667
412.6966576	0.422916666666667
412.7129524	0.422916666666667
412.730134	0.422916666666667
412.7467155	0.422916666666667
412.7631815	0.422916666666667
412.7799582	0.422916666666667
412.7968554	0.422916666666667
412.813054	0.422916666666667
412.8298816	0.422916666666667
412.8464435	0.422916666666667
412.8630234	0.422916666666667
412.8796205	0.422916666666667
412.8965079	0.422916666666667
412.9130712	0.422916666666667
412.9298731	0.422916666666667
412.9463387	0.422916666666667
412.9626192	0.422916666666667
412.979872	0.422916666666667
412.9962855	0.422916666666667
413.0128952	0.422916666666667
413.029656	0.422916666666667
413.0466964	0.422916666666667
413.0626466	0.422916666666667
413.0795029	0.422916666666667
413.0965221	0.422916666666667
413.1132292	0.422916666666667
413.1296404	0.422916666666667
413.1465847	0.422916666666667
413.1627405	0.422916666666667
413.1794484	0.422916666666667
413.196638	0.422916666666667
413.2131819	0.422916666666667
413.2294526	0.422916666666667
413.2465166	0.422916666666667
413.2626735	0.422916666666667
413.2795735	0.422916666666667
413.2965563	0.422916666666667
413.3125225	0.422916666666667
413.3295148	0.422916666666667
413.3463033	0.422916666666667
413.3630507	0.422916666666667
413.3797108	0.422916666666667
413.3966102	0.422916666666667
413.4129197	0.422916666666667
413.4298528	0.422916666666667
413.4470331	0.422916666666667
413.4626178	0.422916666666667
413.4797464	0.422916666666667
413.4963671	0.422916666666667
413.5124937	0.422916666666667
413.5295902	0.422916666666667
413.5460082	0.422916666666667
413.5625194	0.422916666666667
413.5798836	0.422916666666667
413.5965791	0.422916666666667
413.6126509	0.422916666666667
413.6295947	0.422916666666667
413.646651	0.422916666666667
413.6625921	0.422916666666667
413.6799829	0.422916666666667
413.6962056	0.422916666666667
413.7128973	0.422916666666667
413.7290863	0.422916666666667
413.7461339	0.422916666666667
413.7625638	0.422916666666667
413.7795093	0.422916666666667
413.7963183	0.422916666666667
413.8129741	0.422916666666667
413.8299918	0.422916666666667
413.8465732	0.422916666666667
413.8629151	0.422916666666667
413.8798858	0.422916666666667
413.8964251	0.422916666666667
413.9130921	0.422916666666667
413.9296056	0.422916666666667
413.9465155	0.422916666666667
413.9629785	0.422916666666667
413.9793155	0.422916666666667
413.9963853	0.422916666666667
414.0129429	0.422916666666667
414.0295429	0.422916666666667
414.0465219	0.422916666666667
414.0626017	0.422916666666667
414.0797459	0.422916666666667
414.096325	0.422916666666667
414.1125727	0.422916666666667
414.1300738	0.422916666666667
414.1464891	0.422916666666667
414.1626053	0.422916666666667
414.1798874	0.422916666666667
414.1965956	0.422916666666667
414.2128561	0.422916666666667
414.2297603	0.422916666666667
414.2466483	0.422916666666667
414.2626486	0.422916666666667
414.2795921	0.422916666666667
414.2965384	0.422916666666667
414.3125994	0.422916666666667
414.3299268	0.422916666666667
414.3465033	0.422916666666667
414.362931	0.422916666666667
414.379856	0.422916666666667
414.3967102	0.422916666666667
414.4130083	0.422916666666667
414.4298486	0.422916666666667
414.4461085	0.422916666666667
414.4628703	0.422916666666667
414.4797179	0.422916666666667
414.4964113	0.422916666666667
414.5129803	0.422916666666667
414.5294133	0.422916666666667
414.5462717	0.422916666666667
414.5631179	0.422916666666667
414.5795692	0.422916666666667
414.5966045	0.422916666666667
414.6125589	0.422916666666667
414.6298962	0.422916666666667
414.6468533	0.422916666666667
414.6627433	0.422916666666667
414.6797044	0.422916666666667
414.696471	0.422916666666667
414.712532	0.422916666666667
414.729374	0.422916666666667
414.7460787	0.422916666666667
414.7624701	0.422916666666667
414.7798208	0.422916666666667
414.7964403	0.422916666666667
414.8126581	0.422916666666667
414.8297056	0.422916666666667
414.8466796	0.422916666666667
414.8631218	0.422916666666667
414.8798675	0.422916666666667
414.896122	0.422916666666667
414.9125294	0.422916666666667
414.9294758	0.422916666666667
414.9468147	0.422916666666667
414.9626501	0.422916666666667
414.9794025	0.422916666666667
414.9959604	0.422916666666667
415.0128773	0.422916666666667
415.0296901	0.422916666666667
415.0459249	0.422916666666667
415.0629722	0.422916666666667
415.0796809	0.422916666666667
415.0964888	0.422916666666667
415.1126746	0.422916666666667
415.1296563	0.422916666666667
415.1465507	0.422916666666667
415.1627775	0.422916666666667
415.1796417	0.422916666666667
415.1964458	0.422916666666667
415.2128757	0.422916666666667
415.2294114	0.422916666666667
415.2465341	0.422916666666667
415.2629214	0.422916666666667
415.279498	0.422916666666667
415.2963606	0.422916666666667
415.3131774	0.422916666666667
415.329533	0.422916666666667
415.3464346	0.422916666666667
415.3626498	0.422916666666667
415.3795053	0.422916666666667
415.3964556	0.422916666666667
415.4126617	0.422916666666667
415.4297111	0.422916666666667
415.4465933	0.422916666666667
415.4623439	0.422916666666667
415.4796445	0.422916666666667
415.4961223	0.422916666666667
415.5129849	0.422916666666667
415.5295222	0.422916666666667
415.5481583	0.422916666666667
415.5633036	0.422916666666667
415.5794769	0.422916666666667
415.5962599	0.422916666666667
415.6129061	0.422916666666667
415.62989	0.422916666666667
415.6465583	0.422916666666667
415.6628753	0.422916666666667
415.6794282	0.422916666666667
415.6964543	0.422916666666667
415.7124426	0.422916666666667
415.72952	0.422916666666667
415.7462356	0.422916666666667
415.7623311	0.422916666666667
415.77958	0.422916666666667
415.7962524	0.422916666666667
415.8129083	0.422916666666667
415.8298848	0.422916666666667
415.8463529	0.422916666666667
415.8629377	0.422916666666667
415.8796762	0.422916666666667
415.8964226	0.422916666666667
415.9130651	0.422916666666667
415.9297087	0.422916666666667
415.9464559	0.422916666666667
415.9637026	0.422916666666667
415.9794126	0.422916666666667
415.9964209	0.422916666666667
416.0134409	0.422916666666667
416.0293419	0.422916666666667
416.0459741	0.422916666666667
416.0631053	0.422916666666667
416.0795066	0.422916666666667
416.0964497	0.422916666666667
416.1125469	0.422916666666667
416.129397	0.422916666666667
416.1462987	0.422916666666667
416.1627842	0.422916666666667
416.1796939	0.422916666666667
416.1962386	0.422916666666667
416.2126909	0.422916666666667
416.2295582	0.422916666666667
416.2465514	0.422916666666667
416.2628225	0.422916666666667
416.2795005	0.422916666666667
416.2963321	0.422916666666667
416.3130841	0.422916666666667
416.3294933	0.422916666666667
416.3462886	0.422916666666667
416.3628591	0.422916666666667
416.3795625	0.422916666666667
416.396442	0.422916666666667
416.4128713	0.422916666666667
416.4300534	0.422916666666667
416.4465041	0.422916666666667
416.4625343	0.422916666666667
416.4793295	0.422916666666667
416.4962276	0.422916666666667
416.5129755	0.422916666666667
416.5297244	0.422916666666667
416.5463887	0.422916666666667
416.5629324	0.422916666666667
416.5798447	0.422916666666667
416.5965953	0.422916666666667
416.6130711	0.422916666666667
416.6296727	0.422916666666667
416.645938	0.422916666666667
416.6624835	0.422916666666667
416.6796704	0.422916666666667
416.6964883	0.422916666666667
416.7126778	0.422916666666667
416.7295246	0.422916666666667
416.7462512	0.422916666666667
416.7629297	0.422916666666667
416.779438	0.422916666666667
416.7963089	0.422916666666667
416.8135507	0.422916666666667
416.8296149	0.422916666666667
416.8464398	0.422916666666667
416.862436	0.422916666666667
416.8795045	0.422916666666667
416.8964173	0.422916666666667
416.9129999	0.422916666666667
416.9293549	0.422916666666667
416.9462511	0.422916666666667
416.9627239	0.422916666666667
416.9797458	0.422916666666667
416.9962489	0.422916666666667
417.0124589	0.422916666666667
417.0297057	0.422916666666667
417.0458805	0.422916666666667
417.0629756	0.422916666666667
417.079422	0.422916666666667
417.0963644	0.422916666666667
417.1126146	0.422916666666667
417.1292773	0.422916666666667
417.1462113	0.422916666666667
417.1628316	0.422916666666667
417.1793792	0.422916666666667
417.1962158	0.422916666666667
417.2123377	0.422916666666667
417.2295035	0.422916666666667
417.2461427	0.422916666666667
417.26326	0.422916666666667
417.2795532	0.422916666666667
417.2962789	0.422916666666667
417.3129852	0.422916666666667
417.3294383	0.422916666666667
417.3462785	0.422916666666667
417.3625529	0.422916666666667
417.3796008	0.422916666666667
417.3965242	0.422916666666667
417.4128667	0.422916666666667
417.4292618	0.422916666666667
417.4461653	0.422916666666667
417.4626075	0.422916666666667
417.4797235	0.422916666666667
417.4967711	0.422916666666667
417.5131855	0.422916666666667
417.5296549	0.422916666666667
417.5462532	0.422916666666667
417.5635021	0.422916666666667
417.5796432	0.422916666666667
417.5963067	0.422916666666667
417.6130336	0.422916666666667
417.6297124	0.422916666666667
417.6462998	0.422916666666667
417.6628215	0.422916666666667
417.6796848	0.422916666666667
417.6962041	0.422916666666667
417.7120967	0.422916666666667
417.7290737	0.422916666666667
417.7461903	0.422916666666667
417.7623874	0.422916666666667
417.7794718	0.422916666666667
417.7962264	0.422916666666667
417.8131913	0.422916666666667
417.8294708	0.422916666666667
417.8461166	0.422916666666667
417.8627806	0.422916666666667
417.879258	0.422916666666667
417.8962619	0.422916666666667
417.9130094	0.422916666666667
417.9292447	0.422916666666667
417.9464287	0.422916666666667
417.9628878	0.422916666666667
417.9796585	0.422916666666667
417.9960789	0.422916666666667
418.0130358	0.422916666666667
418.0296765	0.422916666666667
418.0506043	0.422916666666667
418.0623469	0.422916666666667
418.0797035	0.422916666666667
418.0957979	0.422916666666667
418.1130157	0.422916666666667
418.1295619	0.422916666666667
418.1462203	0.422916666666667
418.1626269	0.422916666666667
418.1794754	0.422916666666667
418.1962621	0.422916666666667
418.2129941	0.422916666666667
418.2296818	0.422916666666667
418.2461686	0.422916666666667
418.2634128	0.422916666666667
418.2794603	0.422916666666667
418.296074	0.422916666666667
418.3126115	0.422916666666667
418.3291986	0.422916666666667
418.3462672	0.422916666666667
418.3625161	0.422916666666667
418.3794403	0.422916666666667
418.3961667	0.422916666666667
418.4127209	0.422916666666667
418.4296051	0.422916666666667
418.4464391	0.422916666666667
418.462763	0.422916666666667
418.4795194	0.422916666666667
418.4961912	0.422916666666667
418.5129543	0.422916666666667
418.5293748	0.422916666666667
418.5462417	0.422916666666667
418.563077	0.422916666666667
418.5794218	0.422916666666667
418.5959205	0.422916666666667
418.6130181	0.422916666666667
418.6294851	0.422916666666667
418.6459685	0.422916666666667
418.662582	0.422916666666667
418.679476	0.422916666666667
418.6965134	0.422916666666667
418.7127741	0.422916666666667
418.7295702	0.422916666666667
418.7463298	0.422916666666667
418.7629439	0.422916666666667
418.7795831	0.422916666666667
418.7960181	0.422916666666667
418.812529	0.422916666666667
418.8291312	0.422916666666667
418.8461806	0.422916666666667
418.8626384	0.422916666666667
418.8794905	0.422916666666667
418.8962136	0.422916666666667
418.9127361	0.422916666666667
418.9294199	0.422916666666667
418.9462185	0.422916666666667
418.9627661	0.422916666666667
418.9795694	0.422916666666667
418.9962499	0.422916666666667
419.0129914	0.422916666666667
419.0291467	0.422916666666667
419.0460679	0.422916666666667
419.0626007	0.422916666666667
419.0796068	0.422916666666667
419.0957376	0.422916666666667
419.1127292	0.422916666666667
419.1294201	0.422916666666667
419.1463964	0.422916666666667
419.1628661	0.422916666666667
419.1798426	0.422916666666667
419.1961507	0.422916666666667
419.2127935	0.422916666666667
419.2295338	0.422916666666667
419.2463866	0.422916666666667
419.2627907	0.422916666666667
419.2792413	0.422916666666667
419.2961074	0.422916666666667
419.3130037	0.422916666666667
419.3294626	0.422916666666667
419.346308	0.422916666666667
419.3630949	0.422916666666667
419.3793509	0.422916666666667
419.3960274	0.422916666666667
419.4126205	0.422916666666667
419.4293023	0.422916666666667
419.4461761	0.422916666666667
419.4627881	0.422916666666667
419.4794271	0.422916666666667
419.4960097	0.422916666666667
419.5126156	0.422916666666667
419.5294117	0.422916666666667
419.5460977	0.422916666666667
419.5628918	0.422916666666667
419.579625	0.422916666666667
419.5963668	0.422916666666667
419.6131964	0.422916666666667
419.6296583	0.422916666666667
419.6509349	0.422916666666667
419.6626132	0.422916666666667
419.6793223	0.422916666666667
419.6965051	0.422916666666667
419.7127421	0.422916666666667
419.7292766	0.422916666666667
419.7461668	0.422916666666667
419.7627473	0.422916666666667
419.7794449	0.422916666666667
419.7961381	0.422916666666667
419.8129471	0.422916666666667
419.829279	0.422916666666667
419.8461617	0.422916666666667
419.8628726	0.422916666666667
419.879386	0.422916666666667
419.8959972	0.422916666666667
419.9127256	0.422916666666667
419.9295022	0.422916666666667
419.9461725	0.422916666666667
419.9627814	0.422916666666667
419.9791659	0.422916666666667
419.99614	0.422916666666667
420.0127278	0.422916666666667
420.0297288	0.422916666666667
420.045992	0.422916666666667
420.0630109	0.422916666666667
420.0793333	0.422916666666667
420.0961552	0.422916666666667
420.1131196	0.422916666666667
420.1294243	0.422916666666667
420.1459359	0.422916666666667
420.1629967	0.422916666666667
420.1794361	0.422916666666667
420.1961448	0.422916666666667
420.2128037	0.422916666666667
420.2292621	0.422916666666667
420.2460794	0.422916666666667
420.2627694	0.422916666666667
420.2795142	0.422916666666667
420.2956727	0.422916666666667
420.3126706	0.422916666666667
420.3291582	0.422916666666667
420.3480584	0.422916666666667
420.3629881	0.422916666666667
420.3794213	0.422916666666667
420.3966712	0.422916666666667
420.4127414	0.422916666666667
420.4295835	0.422916666666667
420.4459768	0.422916666666667
420.4625954	0.422916666666667
420.4793421	0.422916666666667
420.4959939	0.422916666666667
420.5129969	0.422916666666667
420.5294944	0.422916666666667
420.5460969	0.422916666666667
420.5631124	0.422916666666667
420.5792964	0.422916666666667
420.5960241	0.422916666666667
420.6130876	0.422916666666667
420.6296658	0.422916666666667
420.6459074	0.422916666666667
420.6628363	0.422916666666667
420.679459	0.422916666666667
420.6958575	0.422916666666667
420.7125615	0.422916666666667
420.7293682	0.422916666666667
420.7462346	0.422916666666667
420.7630492	0.422916666666667
420.7794497	0.422916666666667
420.796085	0.422916666666667
420.8128564	0.422916666666667
420.8292959	0.422916666666667
420.8460008	0.422916666666667
420.8629477	0.422916666666667
420.879224	0.422916666666667
420.8961647	0.422916666666667
420.9126839	0.422916666666667
420.9294226	0.422916666666667
420.945818	0.422916666666667
420.9624606	0.422916666666667
420.9794591	0.422916666666667
420.9966366	0.422916666666667
421.0126887	0.422916666666667
421.0296163	0.422916666666667
421.0459112	0.422916666666667
421.063101	0.422916666666667
421.0796336	0.422916666666667
421.0960516	0.422916666666667
421.1129269	0.422916666666667
421.1293928	0.422916666666667
421.1459973	0.422916666666667
421.162698	0.422916666666667
421.179496	0.422916666666667
421.1959731	0.422916666666667
421.2128685	0.422916666666667
421.2292848	0.422916666666667
421.2460025	0.422916666666667
421.2626981	0.422916666666667
421.2793141	0.422916666666667
421.2956509	0.422916666666667
421.3125888	0.422916666666667
421.3292305	0.422916666666667
421.3459674	0.422916666666667
421.3625909	0.422916666666667
421.3792811	0.422916666666667
421.3959943	0.422916666666667
421.4124945	0.422916666666667
421.429204	0.422916666666667
421.4458952	0.422916666666667
421.4628196	0.422916666666667
421.4797234	0.422916666666667
421.4960288	0.422916666666667
421.5129045	0.422916666666667
421.5291272	0.422916666666667
421.5460622	0.422916666666667
421.562906	0.422916666666667
421.5795624	0.422916666666667
421.5961592	0.422916666666667
421.6126523	0.422916666666667
421.6296139	0.422916666666667
421.6459739	0.422916666666667
421.6628889	0.422916666666667
421.6792647	0.422916666666667
421.6959391	0.422916666666667
421.7127032	0.422916666666667
421.7293858	0.422916666666667
421.7463354	0.422916666666667
421.762529	0.422916666666667
421.7793303	0.422916666666667
421.7960765	0.422916666666667
421.8128146	0.422916666666667
421.8294395	0.422916666666667
421.8459721	0.422916666666667
421.8624909	0.422916666666667
421.8789209	0.422916666666667
421.8961977	0.422916666666667
421.9126479	0.422916666666667
421.9294439	0.422916666666667
421.9460758	0.422916666666667
421.9625069	0.422916666666667
421.9792059	0.422916666666667
421.9959562	0.422916666666667
422.0129591	0.422916666666667
422.0294277	0.422916666666667
422.0461573	0.422916666666667
422.0630009	0.422916666666667
422.0795303	0.422916666666667
422.0956191	0.422916666666667
422.1124811	0.422916666666667
422.1292794	0.422916666666667
422.1461807	0.422916666666667
422.1624623	0.422916666666667
422.1794555	0.422916666666667
422.196269	0.422916666666667
422.2128122	0.422916666666667
422.2292941	0.422916666666667
422.24566	0.422916666666667
422.2625053	0.422916666666667
422.2791573	0.422916666666667
422.2961091	0.422916666666667
422.3126756	0.422916666666667
422.3294213	0.422916666666667
422.3458219	0.422916666666667
422.3629868	0.422916666666667
422.3792973	0.422916666666667
422.3959819	0.422916666666667
422.4128413	0.422916666666667
422.4295657	0.422916666666667
422.4460774	0.422916666666667
422.4626853	0.422916666666667
422.4792688	0.422916666666667
422.4958889	0.422916666666667
422.5127503	0.422916666666667
422.529391	0.422916666666667
422.5455838	0.422916666666667
422.5629019	0.422916666666667
422.5794486	0.422916666666667
422.595594	0.422916666666667
422.6129576	0.422916666666667
422.6295178	0.422916666666667
422.6460503	0.422916666666667
422.6625536	0.422916666666667
422.6793539	0.422916666666667
422.6956449	0.422916666666667
422.7129637	0.422916666666667
422.7294418	0.422916666666667
422.7457065	0.422916666666667
422.7628406	0.422916666666667
422.7794616	0.422916666666667
422.7955811	0.422916666666667
422.8127878	0.422916666666667
422.8293232	0.422916666666667
422.8460375	0.422916666666667
422.8629662	0.422916666666667
422.8793172	0.422916666666667
422.8960073	0.422916666666667
422.9127835	0.422916666666667
422.9292917	0.422916666666667
422.9460859	0.422916666666667
422.9627818	0.422916666666667
422.9791968	0.422916666666667
422.996059	0.422916666666667
423.0126224	0.422916666666667
423.0293088	0.422916666666667
423.0457366	0.422916666666667
423.0625533	0.422916666666667
423.0792805	0.422916666666667
423.0955474	0.422916666666667
423.1128143	0.422916666666667
423.129167	0.422916666666667
423.1455402	0.422916666666667
423.1628296	0.422916666666667
423.1795383	0.422916666666667
423.1957096	0.422916666666667
423.2128237	0.422916666666667
423.2294244	0.422916666666667
423.2458048	0.422916666666667
423.2630347	0.422916666666667
423.2794426	0.422916666666667
423.2959807	0.422916666666667
423.3124259	0.422916666666667
423.3296353	0.422916666666667
423.3458798	0.422916666666667
423.3629379	0.422916666666667
423.3795958	0.422916666666667
423.3964302	0.422916666666667
423.4130358	0.422916666666667
423.4292578	0.422916666666667
423.4462102	0.422916666666667
423.4626411	0.422916666666667
423.4793193	0.422916666666667
423.4958476	0.422916666666667
423.5128762	0.422916666666667
423.5291193	0.422916666666667
423.546018	0.422916666666667
423.5629588	0.422916666666667
423.5791424	0.422916666666667
423.5956405	0.422916666666667
423.6128315	0.422916666666667
423.6292197	0.422916666666667
423.6460764	0.422916666666667
423.6625922	0.422916666666667
423.6793308	0.422916666666667
423.6956384	0.422916666666667
423.7128007	0.422916666666667
423.7290599	0.422916666666667
423.74594	0.422916666666667
423.7623015	0.422916666666667
423.7791987	0.422916666666667
423.7960336	0.422916666666667
423.8127807	0.422916666666667
423.8293218	0.422916666666667
423.8460698	0.422916666666667
423.8628321	0.422916666666667
423.8796	0.422916666666667
423.8959126	0.422916666666667
423.9128179	0.422916666666667
423.9291959	0.422916666666667
423.9460455	0.422916666666667
423.9628124	0.422916666666667
423.9793577	0.422916666666667
423.9958198	0.422916666666667
424.0128072	0.422916666666667
424.0291109	0.422916666666667
424.045763	0.422916666666667
424.0623812	0.422916666666667
424.0792542	0.422916666666667
424.0960562	0.422916666666667
424.1126269	0.422916666666667
424.1294714	0.422916666666667
424.1457526	0.422916666666667
424.162549	0.422916666666667
424.179428	0.422916666666667
424.1956348	0.422916666666667
424.212767	0.422916666666667
424.2292916	0.422916666666667
424.2458902	0.422916666666667
424.2624453	0.422916666666667
424.2792804	0.422916666666667
424.2958562	0.422916666666667
424.3127682	0.422916666666667
424.3292675	0.422916666666667
424.3457472	0.422916666666667
424.3627116	0.422916666666667
424.379218	0.422916666666667
424.3958664	0.422916666666667
424.4129534	0.422916666666667
424.4294868	0.422916666666667
424.4458522	0.422916666666667
424.4627601	0.422916666666667
424.4790676	0.422916666666667
424.4958668	0.422916666666667
424.5126376	0.422916666666667
424.5292146	0.422916666666667
424.5459695	0.422916666666667
424.5623408	0.422916666666667
424.5792305	0.422916666666667
424.5963289	0.422916666666667
424.6128371	0.422916666666667
424.6292445	0.422916666666667
424.645781	0.422916666666667
424.6626317	0.422916666666667
424.6789633	0.422916666666667
424.6959271	0.422916666666667
424.7127493	0.422916666666667
424.7292675	0.422916666666667
424.7459103	0.422916666666667
424.7623274	0.422916666666667
424.7791804	0.422916666666667
424.7955211	0.422916666666667
424.8126483	0.422916666666667
424.8293213	0.422916666666667
424.8460611	0.422916666666667
424.8626529	0.422916666666667
424.8792705	0.422916666666667
424.8958895	0.422916666666667
424.9125163	0.422916666666667
424.929486	0.422916666666667
424.9457771	0.422916666666667
424.9621664	0.422916666666667
424.9793632	0.422916666666667
424.9954534	0.422916666666667
425.0123602	0.422916666666667
425.0293043	0.422916666666667
425.0461194	0.422916666666667
425.0627887	0.422916666666667
425.0791405	0.422916666666667
425.0960773	0.422916666666667
425.1128382	0.422916666666667
425.1291148	0.422916666666667
425.1457064	0.422916666666667
425.162167	0.422916666666667
425.1794518	0.422916666666667
425.1959622	0.422916666666667
425.2125257	0.422916666666667
425.2294301	0.422916666666667
425.245918	0.422916666666667
425.2626264	0.422916666666667
425.2794338	0.422916666666667
425.2961242	0.422916666666667
425.3126302	0.422916666666667
425.3290714	0.422916666666667
425.3457069	0.422916666666667
425.362761	0.422916666666667
425.3793099	0.422916666666667
425.39608	0.422916666666667
425.4121295	0.422916666666667
425.4293656	0.422916666666667
425.4458998	0.422916666666667
425.4626354	0.422916666666667
425.4788835	0.422916666666667
425.4958491	0.422916666666667
425.5123758	0.422916666666667
425.5291381	0.422916666666667
425.5457766	0.422916666666667
425.5625458	0.422916666666667
425.5791007	0.422916666666667
425.5963684	0.422916666666667
425.6125917	0.422916666666667
425.6297757	0.422916666666667
425.6456331	0.422916666666667
425.662667	0.422916666666667
425.6791141	0.422916666666667
425.6956978	0.422916666666667
425.7122933	0.422916666666667
425.7291423	0.422916666666667
425.7459982	0.422916666666667
425.7624439	0.422916666666667
425.7792202	0.422916666666667
425.7955084	0.422916666666667
425.8126755	0.422916666666667
425.8290431	0.422916666666667
425.8459116	0.422916666666667
425.8621158	0.422916666666667
425.8789988	0.422916666666667
425.8960742	0.422916666666667
425.9127977	0.422916666666667
425.9288388	0.422916666666667
425.9459081	0.422916666666667
425.9627499	0.422916666666667
425.9791165	0.422916666666667
425.9958319	0.422916666666667
426.0123823	0.422916666666667
426.0293057	0.422916666666667
426.0463044	0.422916666666667
426.0624169	0.422916666666667
426.0794777	0.422916666666667
426.0956961	0.422916666666667
426.1126188	0.422916666666667
426.1293116	0.422916666666667
426.1459842	0.422916666666667
426.1627557	0.422916666666667
426.1792243	0.422916666666667
426.1962148	0.422916666666667
426.2123195	0.422916666666667
426.2293255	0.422916666666667
426.2461042	0.422916666666667
426.2630678	0.422916666666667
426.2791869	0.422916666666667
426.2959366	0.422916666666667
426.3126563	0.422916666666667
426.3290942	0.422916666666667
426.3456667	0.422916666666667
426.362491	0.422916666666667
426.3792446	0.422916666666667
426.3956697	0.422916666666667
426.4125826	0.422916666666667
426.4292502	0.422916666666667
426.4461298	0.422916666666667
426.4627101	0.422916666666667
426.479088	0.422916666666667
426.4957933	0.422916666666667
426.5127463	0.422916666666667
426.529274	0.422916666666667
426.5462034	0.422916666666667
426.5623512	0.422916666666667
426.5792521	0.422916666666667
426.5965203	0.422916666666667
426.6127139	0.422916666666667
426.628933	0.422916666666667
426.6459389	0.422916666666667
426.6623908	0.422916666666667
426.6787998	0.422916666666667
426.6959857	0.422916666666667
426.7126879	0.422916666666667
426.7293096	0.422916666666667
426.7459829	0.422916666666667
426.7626666	0.422916666666667
426.7787174	0.422916666666667
426.7957334	0.422916666666667
426.8129381	0.422916666666667
426.8288709	0.422916666666667
426.8457933	0.422916666666667
426.8626208	0.422916666666667
426.8791526	0.422916666666667
426.8956892	0.422916666666667
426.9124213	0.422916666666667
426.9289189	0.422916666666667
426.9459806	0.422916666666667
426.9630323	0.422916666666667
426.979203	0.422916666666667
426.9960411	0.422916666666667
427.0124638	0.422916666666667
427.0291953	0.422916666666667
427.0458333	0.422916666666667
427.0625721	0.422916666666667
427.0792167	0.422916666666667
427.0961065	0.422916666666667
427.1124613	0.422916666666667
427.1294775	0.422916666666667
427.1458672	0.422916666666667
427.1625956	0.422916666666667
427.1791781	0.422916666666667
427.1959595	0.422916666666667
427.2122078	0.422916666666667
427.2290349	0.422916666666667
427.2458885	0.422916666666667
427.2625193	0.422916666666667
427.2790735	0.422916666666667
427.2959116	0.422916666666667
427.3126728	0.422916666666667
427.3290538	0.422916666666667
427.3457828	0.422916666666667
427.3627655	0.422916666666667
427.3789599	0.422916666666667
427.3959521	0.422916666666667
427.4125465	0.422916666666667
427.4289202	0.422916666666667
427.4456991	0.422916666666667
427.4629176	0.422916666666667
427.4790724	0.422916666666667
427.4959061	0.422916666666667
427.513253	0.422916666666667
427.5291121	0.422916666666667
427.5458344	0.422916666666667
427.5627437	0.422916666666667
427.5792144	0.422916666666667
427.5959752	0.422916666666667
427.6128232	0.422916666666667
427.6294186	0.422916666666667
427.6457832	0.422916666666667
427.6626339	0.422916666666667
427.6790498	0.422916666666667
427.6957155	0.422916666666667
427.712626	0.422916666666667
427.7291601	0.422916666666667
427.745982	0.422916666666667
427.7627882	0.422916666666667
427.7794151	0.422916666666667
427.7959987	0.422916666666667
427.8125303	0.422916666666667
427.8289658	0.422916666666667
427.8459517	0.422916666666667
427.8625853	0.422916666666667
427.8791832	0.422916666666667
427.8956239	0.422916666666667
427.9123024	0.422916666666667
427.9291123	0.422916666666667
427.9458773	0.422916666666667
427.9622543	0.422916666666667
427.9802072	0.422916666666667
427.9961699	0.422916666666667
428.0127532	0.422916666666667
428.0292617	0.422916666666667
428.0458295	0.422916666666667
428.0624671	0.422916666666667
428.0789701	0.422916666666667
428.095845	0.422916666666667
428.112636	0.422916666666667
428.129157	0.422916666666667
428.1457449	0.422916666666667
428.1622318	0.422916666666667
428.1791843	0.422916666666667
428.1958866	0.422916666666667
428.2125854	0.422916666666667
428.2293178	0.422916666666667
428.2458323	0.422916666666667
428.2628445	0.422916666666667
428.2790708	0.422916666666667
428.296012	0.422916666666667
428.312614	0.422916666666667
428.3292041	0.422916666666667
428.3462763	0.422916666666667
428.3627267	0.422916666666667
428.3791156	0.422916666666667
428.3959966	0.422916666666667
428.4123143	0.422916666666667
428.4290157	0.422916666666667
428.4462945	0.422916666666667
428.4628528	0.422916666666667
428.4790238	0.422916666666667
428.4961076	0.422916666666667
428.5125608	0.422916666666667
428.5290308	0.422916666666667
428.5453059	0.422916666666667
428.5626567	0.422916666666667
428.5790815	0.422916666666667
428.5961315	0.422916666666667
428.6128134	0.422916666666667
428.6292469	0.422916666666667
428.6461015	0.422916666666667
428.6623751	0.422916666666667
428.6791673	0.422916666666667
428.6957948	0.422916666666667
428.7121358	0.422916666666667
428.7290192	0.422916666666667
428.7454508	0.422916666666667
428.7624196	0.422916666666667
428.7788537	0.422916666666667
428.7955772	0.422916666666667
428.8126672	0.422916666666667
428.8291768	0.422916666666667
428.8461763	0.422916666666667
428.8634344	0.422916666666667
428.8792197	0.422916666666667
428.8956297	0.422916666666667
428.9121258	0.422916666666667
428.9287137	0.422916666666667
428.9459675	0.422916666666667
428.9624513	0.422916666666667
428.9790599	0.422916666666667
428.9958105	0.422916666666667
429.0126084	0.422916666666667
429.0291029	0.422916666666667
429.0459292	0.422916666666667
429.0627951	0.422916666666667
429.0789403	0.422916666666667
429.0959516	0.422916666666667
429.1128367	0.422916666666667
429.1290604	0.422916666666667
429.1457634	0.422916666666667
429.1625076	0.422916666666667
429.1791652	0.422916666666667
429.1956648	0.422916666666667
429.2120564	0.422916666666667
429.2293018	0.422916666666667
429.2458199	0.422916666666667
429.2626941	0.422916666666667
429.279084	0.422916666666667
429.296042	0.422916666666667
429.3129788	0.422916666666667
429.329089	0.422916666666667
429.3458605	0.422916666666667
429.3626449	0.422916666666667
429.3788308	0.422916666666667
429.3957434	0.422916666666667
429.4123407	0.422916666666667
429.4293007	0.422916666666667
429.4457599	0.422916666666667
429.4628869	0.422916666666667
429.4790009	0.422916666666667
429.4957441	0.422916666666667
429.5125849	0.422916666666667
429.5290872	0.422916666666667
429.5460304	0.422916666666667
429.5626457	0.422916666666667
429.5788079	0.422916666666667
429.5955408	0.422916666666667
429.6119551	0.422916666666667
429.629319	0.422916666666667
429.6457498	0.422916666666667
429.6621363	0.422916666666667
429.678962	0.422916666666667
429.6956485	0.422916666666667
429.7127	0.422916666666667
429.7292386	0.422916666666667
429.7460146	0.422916666666667
429.7621591	0.422916666666667
429.7793784	0.422916666666667
429.7959115	0.422916666666667
429.8126734	0.422916666666667
429.829018	0.422916666666667
429.8457324	0.422916666666667
429.8627572	0.422916666666667
429.8788994	0.422916666666667
429.8956722	0.422916666666667
429.9122331	0.422916666666667
429.928829	0.422916666666667
429.9458385	0.422916666666667
429.9624713	0.422916666666667
429.979099	0.422916666666667
429.9960455	0.422916666666667
430.0126954	0.422916666666667
430.0296708	0.422916666666667
430.0457687	0.422916666666667
430.0628876	0.422916666666667
430.0788653	0.422916666666667
430.0956571	0.422916666666667
430.1125439	0.422916666666667
430.1290034	0.422916666666667
430.1460834	0.422916666666667
430.1625907	0.422916666666667
430.1789081	0.422916666666667
430.1956409	0.422916666666667
430.2124288	0.422916666666667
430.2292796	0.422916666666667
430.2460996	0.422916666666667
430.2626452	0.422916666666667
430.2790104	0.422916666666667
430.2956104	0.422916666666667
430.3126292	0.422916666666667
430.3291618	0.422916666666667
430.3459868	0.422916666666667
430.3624102	0.422916666666667
430.3791052	0.422916666666667
430.395915	0.422916666666667
430.4121499	0.422916666666667
430.4290119	0.422916666666667
430.4460693	0.422916666666667
430.4627592	0.422916666666667
430.4789018	0.422916666666667
430.4954836	0.422916666666667
430.5125752	0.422916666666667
430.5291792	0.422916666666667
430.5458747	0.422916666666667
430.5622976	0.422916666666667
430.5789505	0.422916666666667
430.5957006	0.422916666666667
430.6122112	0.422916666666667
430.6290705	0.422916666666667
430.6456221	0.422916666666667
430.662653	0.422916666666667
430.6788417	0.422916666666667
430.6958827	0.422916666666667
430.7124809	0.422916666666667
430.7291451	0.422916666666667
430.7460667	0.422916666666667
430.762563	0.422916666666667
430.779036	0.422916666666667
430.7958672	0.422916666666667
430.8122633	0.422916666666667
430.8285969	0.422916666666667
430.8458905	0.422916666666667
430.8625826	0.422916666666667
430.8792641	0.422916666666667
430.8956679	0.422916666666667
430.912198	0.422916666666667
430.9290456	0.422916666666667
430.9458192	0.422916666666667
430.9623514	0.422916666666667
430.978829	0.422916666666667
430.9957851	0.422916666666667
431.0123673	0.422916666666667
431.0291262	0.422916666666667
431.0457513	0.422916666666667
431.0625211	0.422916666666667
431.0791063	0.422916666666667
431.0955662	0.422916666666667
431.112552	0.422916666666667
431.1287708	0.422916666666667
431.1461782	0.422916666666667
431.1623233	0.422916666666667
431.1790121	0.422916666666667
431.1961101	0.422916666666667
431.2126833	0.422916666666667
431.2287637	0.422916666666667
431.245794	0.422916666666667
431.26258	0.422916666666667
431.2791082	0.422916666666667
431.2961106	0.422916666666667
431.3122441	0.422916666666667
431.3288678	0.422916666666667
431.3459377	0.422916666666667
431.3624598	0.422916666666667
431.3790676	0.422916666666667
431.3959033	0.422916666666667
431.4121895	0.422916666666667
431.4290509	0.422916666666667
431.4458112	0.422916666666667
431.4623184	0.422916666666667
431.4788074	0.422916666666667
431.4956048	0.422916666666667
431.5120963	0.422916666666667
431.5286951	0.422916666666667
431.5458978	0.422916666666667
431.5624785	0.422916666666667
431.5789776	0.422916666666667
431.5957886	0.422916666666667
431.6122308	0.422916666666667
431.6290854	0.422916666666667
431.6459052	0.422916666666667
431.6623675	0.422916666666667
431.6788277	0.422916666666667
431.695708	0.422916666666667
431.7124229	0.422916666666667
431.7287035	0.422916666666667
431.7454876	0.422916666666667
431.7621489	0.422916666666667
431.7785627	0.422916666666667
431.7957885	0.422916666666667
431.8124676	0.422916666666667
431.8287316	0.422916666666667
431.8456712	0.422916666666667
431.862436	0.422916666666667
431.8786672	0.422916666666667
431.8962318	0.422916666666667
431.9124777	0.422916666666667
431.9286629	0.422916666666667
431.9457029	0.422916666666667
431.9621299	0.422916666666667
431.9789761	0.422916666666667
431.9956629	0.422916666666667
432.0124549	0.422916666666667
432.0286597	0.422916666666667
432.0460838	0.422916666666667
432.0626305	0.422916666666667
432.0786518	0.422916666666667
432.0957143	0.422916666666667
432.1126064	0.422916666666667
432.1286857	0.422916666666667
432.1455252	0.422916666666667
432.1625617	0.422916666666667
432.1786501	0.422916666666667
432.1956947	0.422916666666667
432.2122491	0.422916666666667
432.228985	0.422916666666667
432.245678	0.422916666666667
432.2623978	0.422916666666667
432.2784493	0.422916666666667
432.2959841	0.422916666666667
432.3123689	0.422916666666667
432.3288403	0.422916666666667
432.345774	0.422916666666667
432.3621154	0.422916666666667
432.3790105	0.422916666666667
432.3954704	0.422916666666667
432.4121359	0.422916666666667
432.4286425	0.422916666666667
432.445693	0.422916666666667
432.4627019	0.422916666666667
432.4786928	0.422916666666667
432.4961299	0.422916666666667
432.5124855	0.422916666666667
432.5291012	0.422916666666667
432.5460151	0.422916666666667
432.562247	0.422916666666667
432.5787649	0.422916666666667
432.5959803	0.422916666666667
432.6123179	0.422916666666667
432.6286137	0.422916666666667
432.6455595	0.422916666666667
432.6626343	0.422916666666667
432.6788969	0.422916666666667
432.6956971	0.422916666666667
432.7125104	0.422916666666667
432.7288665	0.422916666666667
432.7458588	0.422916666666667
432.7623007	0.422916666666667
432.7789567	0.422916666666667
432.7955061	0.422916666666667
432.8124181	0.422916666666667
432.8286316	0.422916666666667
432.8457835	0.422916666666667
432.861953	0.422916666666667
432.8787726	0.422916666666667
432.8957679	0.422916666666667
432.9121632	0.422916666666667
432.928609	0.422916666666667
432.9458379	0.422916666666667
432.9623673	0.422916666666667
432.9791472	0.422916666666667
432.9958814	0.422916666666667
433.0119905	0.422916666666667
433.0285359	0.422916666666667
433.0459111	0.422916666666667
433.0626362	0.422916666666667
433.0788265	0.422916666666667
433.0956833	0.422916666666667
433.1120522	0.422916666666667
433.1285832	0.422916666666667
433.1457103	0.422916666666667
433.1623486	0.422916666666667
433.1785406	0.422916666666667
433.1955151	0.422916666666667
433.2125948	0.422916666666667
433.2286729	0.422916666666667
433.245608	0.422916666666667
433.2622819	0.422916666666667
433.2789368	0.422916666666667
433.2957749	0.422916666666667
433.3125891	0.422916666666667
433.3286107	0.422916666666667
433.3459008	0.422916666666667
433.36246	0.422916666666667
433.3788842	0.422916666666667
433.3956507	0.422916666666667
433.4123876	0.422916666666667
433.4286716	0.422916666666667
433.4458057	0.422916666666667
433.4628357	0.422916666666667
433.4789313	0.422916666666667
433.4956115	0.422916666666667
433.5124524	0.422916666666667
433.5290621	0.422916666666667
433.5456479	0.422916666666667
433.5622536	0.422916666666667
433.578982	0.422916666666667
433.595787	0.422916666666667
433.6124066	0.422916666666667
433.6286418	0.422916666666667
433.6455034	0.422916666666667
433.6623522	0.422916666666667
433.6789273	0.422916666666667
433.6954993	0.422916666666667
433.7122969	0.422916666666667
433.7286125	0.422916666666667
433.7458669	0.422916666666667
433.7625937	0.422916666666667
433.7787479	0.422916666666667
433.7958169	0.422916666666667
433.8124694	0.422916666666667
433.8290059	0.422916666666667
433.8458916	0.422916666666667
433.862175	0.422916666666667
433.8788088	0.422916666666667
433.8958593	0.422916666666667
433.9126846	0.422916666666667
433.9288263	0.422916666666667
433.9455813	0.422916666666667
433.9622317	0.422916666666667
433.978536	0.422916666666667
433.995577	0.422916666666667
434.0122314	0.422916666666667
434.028914	0.422916666666667
434.0457012	0.422916666666667
434.0624773	0.422916666666667
434.0789076	0.422916666666667
434.0957499	0.422916666666667
434.1120096	0.422916666666667
434.1291796	0.422916666666667
434.1457119	0.422916666666667
434.1621977	0.422916666666667
434.1785078	0.422916666666667
434.1956821	0.422916666666667
434.2122341	0.422916666666667
434.2289998	0.422916666666667
434.2455515	0.422916666666667
434.262455	0.422916666666667
434.2785697	0.422916666666667
434.2958772	0.422916666666667
434.3127135	0.422916666666667
434.3288827	0.422916666666667
434.3459576	0.422916666666667
434.3623189	0.422916666666667
434.3785819	0.422916666666667
434.3954097	0.422916666666667
434.4125097	0.422916666666667
434.4288817	0.422916666666667
434.4455866	0.422916666666667
434.4625919	0.422916666666667
434.4790512	0.422916666666667
434.4958622	0.422916666666667
434.5127732	0.422916666666667
434.5289885	0.422916666666667
434.5455556	0.422916666666667
434.5621247	0.422916666666667
434.5788991	0.422916666666667
434.5959163	0.422916666666667
434.6123504	0.422916666666667
434.6286821	0.422916666666667
434.6453687	0.422916666666667
434.6623861	0.422916666666667
434.6784127	0.422916666666667
434.6957553	0.422916666666667
434.7122648	0.422916666666667
434.72882	0.422916666666667
434.7455018	0.422916666666667
434.7625262	0.422916666666667
434.7789553	0.422916666666667
434.7956004	0.422916666666667
434.8122842	0.422916666666667
434.8289303	0.422916666666667
434.8454356	0.422916666666667
434.8626666	0.422916666666667
434.8788388	0.422916666666667
434.8957425	0.422916666666667
434.9125687	0.422916666666667
434.9286111	0.422916666666667
434.9453724	0.422916666666667
434.9623402	0.422916666666667
434.978532	0.422916666666667
434.9957139	0.422916666666667
435.012552	0.422916666666667
435.02852	0.422916666666667
435.0456767	0.422916666666667
435.0620441	0.422916666666667
435.0787857	0.422916666666667
435.0953298	0.422916666666667
435.1120387	0.422916666666667
435.1289489	0.422916666666667
435.145533	0.422916666666667
435.1620548	0.422916666666667
435.178907	0.422916666666667
435.1956404	0.422916666666667
435.2124053	0.422916666666667
435.2286087	0.422916666666667
435.2456267	0.422916666666667
435.2624592	0.422916666666667
435.2787299	0.422916666666667
435.2958418	0.422916666666667
435.3125634	0.422916666666667
435.3286206	0.422916666666667
435.3456949	0.422916666666667
435.3623359	0.422916666666667
435.3787081	0.422916666666667
435.3956556	0.422916666666667
435.4119916	0.422916666666667
435.4289527	0.422916666666667
435.4460335	0.422916666666667
435.4624838	0.422916666666667
435.4788157	0.422916666666667
435.4957403	0.422916666666667
435.5127499	0.422916666666667
435.5286613	0.422916666666667
435.5460293	0.422916666666667
435.5623519	0.422916666666667
435.5786122	0.422916666666667
435.5953814	0.422916666666667
435.6122551	0.422916666666667
435.62886	0.422916666666667
435.6454267	0.422916666666667
435.6623704	0.422916666666667
435.6789362	0.422916666666667
435.6957991	0.422916666666667
435.7123229	0.422916666666667
435.7288107	0.422916666666667
435.7459505	0.422916666666667
435.7624357	0.422916666666667
435.7784978	0.422916666666667
435.7958677	0.422916666666667
435.8125057	0.422916666666667
435.8288568	0.422916666666667
435.8456012	0.422916666666667
435.8620006	0.422916666666667
435.8784803	0.422916666666667
435.895589	0.422916666666667
435.9121522	0.422916666666667
435.9291049	0.422916666666667
435.9456235	0.422916666666667
435.962066	0.422916666666667
435.9789607	0.422916666666667
435.9958414	0.422916666666667
436.0126105	0.422916666666667
436.0283684	0.422916666666667
436.0456199	0.422916666666667
436.0621529	0.422916666666667
436.078755	0.422916666666667
436.0956057	0.422916666666667
436.1122793	0.422916666666667
436.1289143	0.422916666666667
436.1458488	0.422916666666667
436.162254	0.422916666666667
436.1786538	0.422916666666667
436.1957836	0.422916666666667
436.2123436	0.422916666666667
436.2289896	0.422916666666667
436.2456347	0.422916666666667
436.2624565	0.422916666666667
436.2787036	0.422916666666667
436.2955443	0.422916666666667
436.3124375	0.422916666666667
436.328573	0.422916666666667
436.3455747	0.422916666666667
436.3623273	0.422916666666667
436.378793	0.422916666666667
436.3956925	0.422916666666667
436.4123166	0.422916666666667
436.4289248	0.422916666666667
436.4454971	0.422916666666667
436.4621231	0.422916666666667
436.4786553	0.422916666666667
436.4956389	0.422916666666667
436.512324	0.422916666666667
436.5284968	0.422916666666667
436.5457079	0.422916666666667
436.5622435	0.422916666666667
436.5785791	0.422916666666667
436.5954912	0.422916666666667
436.6122353	0.422916666666667
436.6289428	0.422916666666667
436.6459281	0.422916666666667
436.6623596	0.422916666666667
436.6787298	0.422916666666667
436.6956816	0.422916666666667
436.7126814	0.422916666666667
436.7319979	0.422916666666667
436.7459806	0.422916666666667
436.7672457	0.422916666666667
436.7831438	0.422916666666667
436.7951076	0.422916666666667
436.812044	0.422916666666667
436.8286331	0.422916666666667
436.8454826	0.422916666666667
436.8622694	0.422916666666667
436.8790082	0.422916666666667
436.8955679	0.422916666666667
436.9120978	0.422916666666667
436.928826	0.422916666666667
436.945214	0.422916666666667
436.9621923	0.422916666666667
436.9789814	0.422916666666667
436.9959965	0.422916666666667
437.0120015	0.422916666666667
437.0289913	0.422916666666667
437.04558	0.422916666666667
437.0620797	0.422916666666667
437.0790295	0.422916666666667
437.0954655	0.422916666666667
437.1120049	0.422916666666667
437.1289231	0.422916666666667
437.1454156	0.422916666666667
437.1620027	0.422916666666667
437.1789714	0.422916666666667
437.1956233	0.422916666666667
437.2119567	0.422916666666667
437.2289807	0.422916666666667
437.2458347	0.422916666666667
437.2619374	0.422916666666667
437.2786329	0.422916666666667
437.2955792	0.422916666666667
437.3116668	0.422916666666667
437.3289201	0.422916666666667
437.3454131	0.422916666666667
437.3622414	0.422916666666667
437.3789306	0.422916666666667
437.3956263	0.422916666666667
437.41239	0.422916666666667
437.4285361	0.422916666666667
437.4456451	0.422916666666667
437.4622472	0.422916666666667
437.4786891	0.422916666666667
437.4952392	0.422916666666667
437.5124747	0.422916666666667
437.5283928	0.422916666666667
437.5458332	0.422916666666667
437.5622383	0.422916666666667
437.578924	0.422916666666667
437.5957497	0.422916666666667
437.6120977	0.422916666666667
437.6285644	0.422916666666667
437.6457991	0.422916666666667
437.6621982	0.422916666666667
437.67873	0.422916666666667
437.6957363	0.422916666666667
437.7120731	0.422916666666667
437.7287154	0.422916666666667
437.7455698	0.422916666666667
437.7621667	0.422916666666667
437.7788625	0.422916666666667
437.7954353	0.422916666666667
437.8121983	0.422916666666667
437.8287673	0.422916666666667
437.845462	0.422916666666667
437.8623022	0.422916666666667
437.8788378	0.422916666666667
437.8950819	0.422916666666667
437.9122293	0.422916666666667
437.9287372	0.422916666666667
437.945787	0.422916666666667
437.9621489	0.422916666666667
437.9789308	0.422916666666667
437.9953595	0.422916666666667
438.011993	0.422916666666667
438.0283998	0.422916666666667
438.0453972	0.422916666666667
438.0623319	0.422916666666667
438.0786764	0.422916666666667
438.0954769	0.422916666666667
438.1119174	0.422916666666667
438.1290612	0.422916666666667
438.1454208	0.422916666666667
438.1619366	0.422916666666667
438.1784515	0.422916666666667
438.1952375	0.422916666666667
438.2119317	0.422916666666667
438.2290253	0.422916666666667
438.2454951	0.422916666666667
438.2620574	0.422916666666667
438.2785673	0.422916666666667
438.2955127	0.422916666666667
438.31205	0.422916666666667
438.3289237	0.422916666666667
438.3455863	0.422916666666667
438.3618658	0.422916666666667
438.3785027	0.422916666666667
438.3955681	0.422916666666667
438.4121339	0.422916666666667
438.4290666	0.422916666666667
438.445479	0.422916666666667
438.4621605	0.422916666666667
438.4792783	0.422916666666667
438.4956427	0.422916666666667
438.5126654	0.422916666666667
438.5285482	0.422916666666667
438.5456568	0.422916666666667
438.5621127	0.422916666666667
438.5786018	0.422916666666667
438.5952549	0.422916666666667
438.6120753	0.422916666666667
438.6291196	0.422916666666667
438.6453205	0.422916666666667
438.6622652	0.422916666666667
438.6789306	0.422916666666667
438.6951805	0.422916666666667
438.7121166	0.422916666666667
438.7291443	0.422916666666667
438.7456239	0.422916666666667
438.7622377	0.422916666666667
438.7784672	0.422916666666667
438.7953912	0.422916666666667
438.812054	0.422916666666667
438.828833	0.422916666666667
438.8454393	0.422916666666667
438.8622739	0.422916666666667
438.8786365	0.422916666666667
438.8952197	0.422916666666667
438.9119249	0.422916666666667
438.9285615	0.422916666666667
438.9452377	0.422916666666667
438.9625393	0.422916666666667
438.9787671	0.422916666666667
438.9956547	0.422916666666667
439.0122997	0.422916666666667
439.0289123	0.422916666666667
439.0455825	0.422916666666667
439.0622159	0.422916666666667
439.07865	0.422916666666667
439.0951956	0.422916666666667
439.1116519	0.422916666666667
439.128834	0.422916666666667
439.1452242	0.422916666666667
439.1619906	0.422916666666667
439.1789022	0.422916666666667
439.1959007	0.422916666666667
439.2116869	0.422916666666667
439.2287267	0.422916666666667
439.2455148	0.422916666666667
439.2621008	0.422916666666667
439.2788324	0.422916666666667
439.2956121	0.422916666666667
439.311587	0.422916666666667
439.3285087	0.422916666666667
439.3455664	0.422916666666667
439.3613339	0.422916666666667
439.3787557	0.422916666666667
439.3953428	0.422916666666667
439.4120229	0.422916666666667
439.4288276	0.422916666666667
439.4454339	0.422916666666667
439.4621121	0.422916666666667
439.4788117	0.422916666666667
439.495346	0.422916666666667
439.5122198	0.422916666666667
439.5289169	0.422916666666667
439.5457241	0.422916666666667
439.5621065	0.422916666666667
439.5784687	0.422916666666667
439.5949314	0.422916666666667
439.6114955	0.422916666666667
439.6288838	0.422916666666667
439.64539	0.422916666666667
439.6625669	0.422916666666667
439.6789081	0.422916666666667
439.6958039	0.422916666666667
439.7122323	0.422916666666667
439.7288263	0.422916666666667
439.7459024	0.422916666666667
439.7622681	0.422916666666667
439.778883	0.422916666666667
439.7956242	0.422916666666667
439.8119813	0.422916666666667
439.8284938	0.422916666666667
439.8455352	0.422916666666667
439.8620608	0.422916666666667
439.8788029	0.422916666666667
439.8955234	0.422916666666667
439.9120452	0.422916666666667
439.9287207	0.422916666666667
439.9450796	0.422916666666667
439.9621489	0.422916666666667
439.9788649	0.422916666666667
439.9953219	0.422916666666667
440.0118585	0.422916666666667
440.0288225	0.422916666666667
440.0456321	0.422916666666667
440.0619789	0.422916666666667
440.078824	0.422916666666667
440.0957003	0.422916666666667
440.1120804	0.422916666666667
440.1288132	0.422916666666667
440.1454889	0.422916666666667
440.1620831	0.422916666666667
440.1786266	0.422916666666667
440.1955171	0.422916666666667
440.212063	0.422916666666667
440.228496	0.422916666666667
440.2451606	0.422916666666667
440.2622198	0.422916666666667
440.2785533	0.422916666666667
440.2953074	0.422916666666667
440.3116363	0.422916666666667
440.3285353	0.422916666666667
440.3454779	0.422916666666667
440.3618482	0.422916666666667
440.3785014	0.422916666666667
440.3954804	0.422916666666667
440.4119073	0.422916666666667
440.4283119	0.422916666666667
440.445256	0.422916666666667
440.4620514	0.422916666666667
440.4785164	0.422916666666667
440.495502	0.422916666666667
440.5122028	0.422916666666667
440.5286675	0.422916666666667
440.5451605	0.422916666666667
440.5620675	0.422916666666667
440.5788071	0.422916666666667
440.595445	0.422916666666667
440.6123665	0.422916666666667
440.6284154	0.422916666666667
440.6454146	0.422916666666667
440.661797	0.422916666666667
440.6788652	0.422916666666667
440.6956084	0.422916666666667
440.7121052	0.422916666666667
440.7286823	0.422916666666667
440.7453616	0.422916666666667
440.762471	0.422916666666667
440.7788392	0.422916666666667
440.7954666	0.422916666666667
440.8123538	0.422916666666667
440.8288752	0.422916666666667
440.8453379	0.422916666666667
440.8623452	0.422916666666667
440.8787961	0.422916666666667
440.8951295	0.422916666666667
440.9118472	0.422916666666667
440.9281127	0.422916666666667
440.9451602	0.422916666666667
440.9617541	0.422916666666667
440.9786494	0.422916666666667
440.9949686	0.422916666666667
441.0116456	0.422916666666667
441.0285083	0.422916666666667
441.045499	0.422916666666667
441.061776	0.422916666666667
441.0786474	0.422916666666667
441.0954783	0.422916666666667
441.1120259	0.422916666666667
441.1287498	0.422916666666667
441.1453568	0.422916666666667
441.1620355	0.422916666666667
441.1787825	0.422916666666667
441.1955749	0.422916666666667
441.2119445	0.422916666666667
441.228405	0.422916666666667
441.2452822	0.422916666666667
441.2619464	0.422916666666667
441.2790587	0.422916666666667
441.2955152	0.422916666666667
441.3123456	0.422916666666667
441.3285309	0.422916666666667
441.3453601	0.422916666666667
441.3619339	0.422916666666667
441.3782655	0.422916666666667
441.3952628	0.422916666666667
441.4120357	0.422916666666667
441.4287208	0.422916666666667
441.4453778	0.422916666666667
441.4621737	0.422916666666667
441.4787388	0.422916666666667
441.4949357	0.422916666666667
441.5120548	0.422916666666667
441.5286583	0.422916666666667
441.5453559	0.422916666666667
441.5618915	0.422916666666667
441.578452	0.422916666666667
441.5950437	0.422916666666667
441.6123445	0.422916666666667
441.6286966	0.422916666666667
441.6452004	0.422916666666667
441.6617037	0.422916666666667
441.6784981	0.422916666666667
441.6951197	0.422916666666667
441.7120078	0.422916666666667
441.7290394	0.422916666666667
441.744912	0.422916666666667
441.762148	0.422916666666667
441.7789239	0.422916666666667
441.7955025	0.422916666666667
441.81206	0.422916666666667
441.8288077	0.422916666666667
441.8455824	0.422916666666667
441.862137	0.422916666666667
441.8788252	0.422916666666667
441.8953987	0.422916666666667
441.9121581	0.422916666666667
441.9281933	0.422916666666667
441.945435	0.422916666666667
441.9620407	0.422916666666667
441.9784877	0.422916666666667
441.9951995	0.422916666666667
442.0121341	0.422916666666667
442.0283261	0.422916666666667
442.0452756	0.422916666666667
442.061745	0.422916666666667
442.0783633	0.422916666666667
442.0951292	0.422916666666667
442.1119167	0.422916666666667
442.1285292	0.422916666666667
442.1451221	0.422916666666667
442.1612974	0.422916666666667
442.1786426	0.422916666666667
442.1950819	0.422916666666667
442.2117084	0.422916666666667
442.2288032	0.422916666666667
442.245314	0.422916666666667
442.2617022	0.422916666666667
442.2788204	0.422916666666667
442.2955591	0.422916666666667
442.3115415	0.422916666666667
442.3288998	0.422916666666667
442.3454791	0.422916666666667
442.3619234	0.422916666666667
442.3786988	0.422916666666667
442.394767	0.422916666666667
442.4115997	0.422916666666667
442.4283185	0.422916666666667
442.4452855	0.422916666666667
442.4618109	0.422916666666667
442.4787286	0.422916666666667
442.4950093	0.422916666666667
442.5120749	0.422916666666667
442.5288192	0.422916666666667
442.5453233	0.422916666666667
442.5622274	0.422916666666667
442.5785742	0.422916666666667
442.595371	0.422916666666667
442.6120924	0.422916666666667
442.6285326	0.422916666666667
442.6456064	0.422916666666667
442.661279	0.422916666666667
442.6786242	0.422916666666667
442.6955664	0.422916666666667
442.7119713	0.422916666666667
442.7288539	0.422916666666667
442.7452152	0.422916666666667
442.7620868	0.422916666666667
442.7785546	0.422916666666667
442.7951649	0.422916666666667
442.8120506	0.422916666666667
442.8285731	0.422916666666667
442.8452752	0.422916666666667
442.8622949	0.422916666666667
442.8784028	0.422916666666667
442.8954524	0.422916666666667
442.9117044	0.422916666666667
442.9284263	0.422916666666667
442.9454498	0.422916666666667
442.9620451	0.422916666666667
442.9787744	0.422916666666667
442.9952567	0.422916666666667
443.012077	0.422916666666667
443.0285467	0.422916666666667
443.0453063	0.422916666666667
443.0620419	0.422916666666667
443.0787104	0.422916666666667
443.0949683	0.422916666666667
443.1117041	0.422916666666667
443.1286301	0.422916666666667
443.1449425	0.422916666666667
443.1616874	0.422916666666667
443.1784829	0.422916666666667
443.1954731	0.422916666666667
443.2113722	0.422916666666667
443.228375	0.422916666666667
443.2454366	0.422916666666667
443.2622249	0.422916666666667
443.2785358	0.422916666666667
443.2954144	0.422916666666667
443.3117179	0.422916666666667
443.3285174	0.422916666666667
443.3453152	0.422916666666667
443.3618268	0.422916666666667
443.3786879	0.422916666666667
443.3952234	0.422916666666667
443.411698	0.422916666666667
443.4286792	0.422916666666667
443.4454336	0.422916666666667
443.4621682	0.422916666666667
443.4788715	0.422916666666667
443.4953633	0.422916666666667
443.5119608	0.422916666666667
443.5288026	0.422916666666667
443.5451559	0.422916666666667
443.5617812	0.422916666666667
443.5784578	0.422916666666667
443.5951929	0.422916666666667
443.6120951	0.422916666666667
443.6287313	0.422916666666667
443.6452989	0.422916666666667
443.6614856	0.422916666666667
443.6784997	0.422916666666667
443.6952845	0.422916666666667
443.7112044	0.422916666666667
443.7284993	0.422916666666667
443.7452584	0.422916666666667
443.7620214	0.422916666666667
443.7784998	0.422916666666667
443.7953902	0.422916666666667
443.8119213	0.422916666666667
443.8283909	0.422916666666667
443.8452586	0.422916666666667
443.861879	0.422916666666667
443.8786511	0.422916666666667
443.8952534	0.422916666666667
443.9117574	0.422916666666667
443.9283554	0.422916666666667
443.945412	0.422916666666667
443.9617223	0.422916666666667
443.9784727	0.422916666666667
443.995799	0.422916666666667
444.011858	0.422916666666667
444.0285256	0.422916666666667
444.0454426	0.422916666666667
444.0618276	0.422916666666667
444.0788564	0.422916666666667
444.0952202	0.422916666666667
444.1117578	0.422916666666667
444.1283888	0.422916666666667
444.1451997	0.422916666666667
444.1617664	0.422916666666667
444.1784962	0.422916666666667
444.1951657	0.422916666666667
444.2118437	0.422916666666667
444.2287586	0.422916666666667
444.2452823	0.422916666666667
444.2615987	0.422916666666667
444.2783976	0.422916666666667
444.2953687	0.422916666666667
444.3116489	0.422916666666667
444.3285344	0.422916666666667
444.3452766	0.422916666666667
444.3617117	0.422916666666667
444.3786275	0.422916666666667
444.3952663	0.422916666666667
444.4120657	0.422916666666667
444.4284652	0.422916666666667
444.4452776	0.422916666666667
444.4619931	0.422916666666667
444.4784419	0.422916666666667
444.4952149	0.422916666666667
444.5119574	0.422916666666667
444.5285737	0.422916666666667
444.5456196	0.422916666666667
444.561822	0.422916666666667
444.5784631	0.422916666666667
444.5952584	0.422916666666667
444.6119852	0.422916666666667
444.6285534	0.422916666666667
444.6453912	0.422916666666667
444.6620142	0.422916666666667
444.6784601	0.422916666666667
444.6951823	0.422916666666667
444.7118196	0.422916666666667
444.7283546	0.422916666666667
444.7449409	0.422916666666667
444.7613736	0.422916666666667
444.7783883	0.422916666666667
444.7952003	0.422916666666667
444.8118247	0.422916666666667
444.8286341	0.422916666666667
444.8451007	0.422916666666667
444.8614955	0.422916666666667
444.8785318	0.422916666666667
444.8954264	0.422916666666667
444.9119038	0.422916666666667
444.9286614	0.422916666666667
444.9457744	0.422916666666667
444.9616818	0.422916666666667
444.9785092	0.422916666666667
444.9954957	0.422916666666667
445.0119692	0.422916666666667
445.0281289	0.422916666666667
445.0452451	0.422916666666667
445.0617138	0.422916666666667
445.0784614	0.422916666666667
445.0951973	0.422916666666667
445.1117301	0.422916666666667
445.1286658	0.422916666666667
445.1452842	0.422916666666667
445.1619388	0.422916666666667
445.1782565	0.422916666666667
445.195302	0.422916666666667
445.2117891	0.422916666666667
445.2286844	0.422916666666667
445.2454319	0.422916666666667
445.2618283	0.422916666666667
445.2787144	0.422916666666667
445.2950672	0.422916666666667
445.3118983	0.422916666666667
445.3290564	0.422916666666667
445.3456783	0.422916666666667
445.3618003	0.422916666666667
445.3786611	0.422916666666667
445.3954199	0.422916666666667
445.4120808	0.422916666666667
445.4284943	0.422916666666667
445.4451243	0.422916666666667
445.4620111	0.422916666666667
445.4785936	0.422916666666667
445.4949159	0.422916666666667
445.5113155	0.422916666666667
445.5285327	0.422916666666667
445.5454885	0.422916666666667
445.5618081	0.422916666666667
445.5787707	0.422916666666667
445.5950127	0.422916666666667
445.6119995	0.422916666666667
445.6287754	0.422916666666667
445.6453	0.422916666666667
445.6616978	0.422916666666667
445.6783908	0.422916666666667
445.6959428	0.422916666666667
445.7119131	0.422916666666667
445.7286474	0.422916666666667
445.7452631	0.422916666666667
445.7611669	0.422916666666667
445.7784749	0.422916666666667
445.7952769	0.422916666666667
445.8118254	0.422916666666667
445.8285022	0.422916666666667
445.8452068	0.422916666666667
445.8614862	0.422916666666667
445.8785947	0.422916666666667
445.8953235	0.422916666666667
445.9115201	0.422916666666667
445.9285327	0.422916666666667
445.9453952	0.422916666666667
445.9615451	0.422916666666667
445.9785858	0.422916666666667
445.9951859	0.422916666666667
446.0115741	0.422916666666667
446.0284552	0.422916666666667
446.0451444	0.422916666666667
446.0615933	0.422916666666667
446.0787578	0.422916666666667
446.0952558	0.422916666666667
446.1112392	0.422916666666667
446.1285575	0.422916666666667
446.1450627	0.422916666666667
446.1613732	0.422916666666667
446.1785335	0.422916666666667
446.1948972	0.422916666666667
446.2113011	0.422916666666667
446.228895	0.422916666666667
446.2450259	0.422916666666667
446.2613573	0.422916666666667
446.2784475	0.422916666666667
446.2951211	0.422916666666667
446.3113078	0.422916666666667
446.3288085	0.422916666666667
446.3459937	0.422916666666667
446.3614688	0.422916666666667
446.3787534	0.422916666666667
446.3949526	0.422916666666667
446.4113238	0.422916666666667
446.4285017	0.422916666666667
446.4454666	0.422916666666667
446.4617546	0.422916666666667
446.4782134	0.422916666666667
446.4953161	0.422916666666667
446.5113777	0.422916666666667
446.5283062	0.422916666666667
446.5452011	0.422916666666667
446.5613604	0.422916666666667
446.5784233	0.422916666666667
446.5950976	0.422916666666667
446.6114647	0.422916666666667
446.6286457	0.422916666666667
446.6453496	0.422916666666667
446.6619012	0.422916666666667
446.6788659	0.422916666666667
446.6954442	0.422916666666667
446.7115815	0.422916666666667
446.7283254	0.422916666666667
446.7453089	0.422916666666667
446.7617239	0.422916666666667
446.7781991	0.422916666666667
446.7953036	0.422916666666667
446.8118227	0.422916666666667
446.8284524	0.422916666666667
446.8451936	0.422916666666667
446.8617397	0.422916666666667
446.8783598	0.422916666666667
446.8952341	0.422916666666667
446.9117795	0.422916666666667
446.9385366	0.422916666666667
446.9563345	0.422916666666667
446.9676578	0.422916666666667
446.9783592	0.422916666666667
446.9947614	0.422916666666667
447.0114466	0.422916666666667
447.0282455	0.422916666666667
447.0452605	0.422916666666667
447.0617682	0.422916666666667
447.07836	0.422916666666667
447.0950192	0.422916666666667
447.1114633	0.422916666666667
447.1281783	0.422916666666667
447.144757	0.422916666666667
447.1613012	0.422916666666667
447.1783867	0.422916666666667
447.1947275	0.422916666666667
447.2116843	0.422916666666667
447.2283699	0.422916666666667
447.2454372	0.422916666666667
447.2615225	0.422916666666667
447.278143	0.422916666666667
447.29539	0.422916666666667
447.311319	0.422916666666667
447.3284604	0.422916666666667
447.3450748	0.422916666666667
447.3612611	0.422916666666667
447.3783539	0.422916666666667
447.3951861	0.422916666666667
447.412155	0.422916666666667
447.428347	0.422916666666667
447.4450021	0.422916666666667
447.461367	0.422916666666667
447.4787291	0.422916666666667
447.4951659	0.422916666666667
447.5115996	0.422916666666667
447.5284913	0.422916666666667
447.5450857	0.422916666666667
447.56164	0.422916666666667
447.578519	0.422916666666667
447.5952072	0.422916666666667
447.6117262	0.422916666666667
447.6290817	0.422916666666667
447.6451593	0.422916666666667
447.6617488	0.422916666666667
447.6783236	0.422916666666667
447.6960054	0.422916666666667
447.7119166	0.422916666666667
447.7283823	0.422916666666667
447.7450127	0.422916666666667
447.7619043	0.422916666666667
447.7784654	0.422916666666667
447.7951423	0.422916666666667
447.8116109	0.422916666666667
447.8284774	0.422916666666667
447.8451596	0.422916666666667
447.861745	0.422916666666667
447.8783155	0.422916666666667
447.8950297	0.422916666666667
447.9115765	0.422916666666667
447.9282953	0.422916666666667
447.9450513	0.422916666666667
447.9617029	0.422916666666667
447.9781063	0.422916666666667
447.9950444	0.422916666666667
448.0115292	0.422916666666667
448.028363	0.422916666666667
448.0450454	0.422916666666667
448.0617352	0.422916666666667
448.0780803	0.422916666666667
448.0946403	0.422916666666667
448.1117355	0.422916666666667
448.1285293	0.422916666666667
448.1454371	0.422916666666667
448.1618978	0.422916666666667
448.178725	0.422916666666667
448.1952771	0.422916666666667
448.2117454	0.422916666666667
448.2283791	0.422916666666667
448.2448307	0.422916666666667
448.261816	0.422916666666667
448.27866	0.422916666666667
448.2949604	0.422916666666667
448.3117658	0.422916666666667
448.328234	0.422916666666667
448.3452788	0.422916666666667
448.3619147	0.422916666666667
448.3783729	0.422916666666667
448.3951508	0.422916666666667
448.4117316	0.422916666666667
448.4286778	0.422916666666667
448.4449499	0.422916666666667
448.4615394	0.422916666666667
448.478729	0.422916666666667
448.4950498	0.422916666666667
448.5115873	0.422916666666667
448.5283491	0.422916666666667
448.544927	0.422916666666667
448.5617504	0.422916666666667
448.5782352	0.422916666666667
448.5951475	0.422916666666667
448.6118202	0.422916666666667
448.6287843	0.422916666666667
448.6447758	0.422916666666667
448.6614625	0.422916666666667
448.6787377	0.422916666666667
448.6952084	0.422916666666667
448.7117098	0.422916666666667
448.7281219	0.422916666666667
448.7450211	0.422916666666667
448.7617019	0.422916666666667
448.7784336	0.422916666666667
448.7952456	0.422916666666667
448.8117227	0.422916666666667
448.8282124	0.422916666666667
448.8450795	0.422916666666667
448.8617704	0.422916666666667
448.8785783	0.422916666666667
448.8950337	0.422916666666667
448.9113512	0.422916666666667
448.928351	0.422916666666667
448.9451102	0.422916666666667
448.961486	0.422916666666667
448.9785418	0.422916666666667
448.9947791	0.422916666666667
449.0116585	0.422916666666667
449.0286314	0.422916666666667
449.0450082	0.422916666666667
449.0618566	0.422916666666667
449.0785036	0.422916666666667
449.0949485	0.422916666666667
449.1112383	0.422916666666667
449.1286225	0.422916666666667
449.145101	0.422916666666667
449.1612386	0.422916666666667
449.1784111	0.422916666666667
449.1947809	0.422916666666667
449.2115284	0.422916666666667
449.2289554	0.422916666666667
449.2446822	0.422916666666667
449.2612359	0.422916666666667
449.2785299	0.422916666666667
449.295175	0.422916666666667
449.3112105	0.422916666666667
449.3281211	0.422916666666667
449.3447359	0.422916666666667
449.3617952	0.422916666666667
449.3786734	0.422916666666667
449.3949666	0.422916666666667
449.4117971	0.422916666666667
449.428222	0.422916666666667
449.444943	0.422916666666667
449.4618368	0.422916666666667
449.4783089	0.422916666666667
449.4951503	0.422916666666667
449.5111882	0.422916666666667
449.5283623	0.422916666666667
449.5453522	0.422916666666667
449.561123	0.422916666666667
449.5786404	0.422916666666667
449.5952492	0.422916666666667
449.6112777	0.422916666666667
449.6284203	0.422916666666667
449.6450741	0.422916666666667
449.6617937	0.422916666666667
449.6783696	0.422916666666667
449.6951888	0.422916666666667
449.7115531	0.422916666666667
449.7282696	0.422916666666667
449.7446381	0.422916666666667
449.7615132	0.422916666666667
449.7784369	0.422916666666667
449.7950425	0.422916666666667
449.8117688	0.422916666666667
449.8283511	0.422916666666667
449.8445955	0.422916666666667
449.8620843	0.422916666666667
449.8781339	0.422916666666667
449.8952173	0.422916666666667
449.9117522	0.422916666666667
449.9284364	0.422916666666667
449.9446053	0.422916666666667
449.9617938	0.422916666666667
449.9783298	0.422916666666667
449.9946551	0.422916666666667
450.011392	0.422916666666667
450.0285649	0.422916666666667
450.0453001	0.422916666666667
450.0622544	0.422916666666667
450.0784814	0.422916666666667
450.0947645	0.422916666666667
450.111752	0.422916666666667
450.1283014	0.422916666666667
450.1451546	0.422916666666667
450.1612648	0.422916666666667
450.178317	0.422916666666667
450.1949325	0.422916666666667
450.2112653	0.422916666666667
450.2284239	0.422916666666667
450.2453443	0.422916666666667
450.2612083	0.422916666666667
450.2784996	0.422916666666667
450.2949455	0.422916666666667
450.311653	0.422916666666667
450.3284808	0.422916666666667
450.3448143	0.422916666666667
450.3611953	0.422916666666667
450.3786052	0.422916666666667
450.3951818	0.422916666666667
450.4111881	0.422916666666667
450.4283996	0.422916666666667
450.4451198	0.422916666666667
450.461714	0.422916666666667
450.4785633	0.422916666666667
450.4952647	0.422916666666667
450.5117369	0.422916666666667
450.5282518	0.422916666666667
450.5446731	0.422916666666667
450.5612541	0.422916666666667
450.5781809	0.422916666666667
450.5950499	0.422916666666667
450.6113409	0.422916666666667
450.6283435	0.422916666666667
450.6446159	0.422916666666667
450.6617938	0.422916666666667
450.6783326	0.422916666666667
450.694586	0.422916666666667
450.7117325	0.422916666666667
450.727873	0.422916666666667
450.7446536	0.422916666666667
450.7612143	0.422916666666667
450.778282	0.422916666666667
450.7946497	0.422916666666667
450.8117286	0.422916666666667
450.8287182	0.422916666666667
450.8449267	0.422916666666667
450.8613595	0.422916666666667
450.8784966	0.422916666666667
450.8950056	0.422916666666667
450.9115839	0.422916666666667
450.9285792	0.422916666666667
450.9449949	0.422916666666667
450.9613049	0.422916666666667
450.9786606	0.422916666666667
450.9945197	0.422916666666667
451.0117188	0.422916666666667
451.0284614	0.422916666666667
451.0450538	0.422916666666667
451.0615801	0.422916666666667
451.0784652	0.422916666666667
451.0948868	0.422916666666667
451.1114331	0.422916666666667
451.1282597	0.422916666666667
451.1448045	0.422916666666667
451.1610928	0.422916666666667
451.1783553	0.422916666666667
451.1949021	0.422916666666667
451.2118303	0.422916666666667
451.2286328	0.422916666666667
451.2450738	0.422916666666667
451.2614912	0.422916666666667
451.2783443	0.422916666666667
451.2951515	0.422916666666667
451.3116086	0.422916666666667
451.3282829	0.422916666666667
451.344778	0.422916666666667
451.3612609	0.422916666666667
451.3784789	0.422916666666667
451.3949477	0.422916666666667
451.4112719	0.422916666666667
451.4284965	0.422916666666667
451.4447838	0.422916666666667
451.4612828	0.422916666666667
451.4782289	0.422916666666667
451.4945953	0.422916666666667
451.5112845	0.422916666666667
451.5282014	0.422916666666667
451.5450427	0.422916666666667
451.5612149	0.422916666666667
451.5781109	0.422916666666667
451.594823	0.422916666666667
451.611563	0.422916666666667
451.6285914	0.422916666666667
451.6490859	0.422916666666667
451.6617864	0.422916666666667
451.6780635	0.422916666666667
451.6946491	0.422916666666667
451.7117816	0.422916666666667
451.7283571	0.422916666666667
451.7446567	0.422916666666667
451.7612134	0.422916666666667
451.7782895	0.422916666666667
451.7947231	0.422916666666667
451.8115667	0.422916666666667
451.8282945	0.422916666666667
451.8451627	0.422916666666667
451.8613068	0.422916666666667
451.8787397	0.422916666666667
451.895191	0.422916666666667
451.9114039	0.422916666666667
451.9285625	0.422916666666667
451.9449124	0.422916666666667
451.9614293	0.422916666666667
451.9780733	0.422916666666667
451.9950187	0.422916666666667
452.0113815	0.422916666666667
452.0283826	0.422916666666667
452.045126	0.422916666666667
452.0618823	0.422916666666667
452.0781035	0.422916666666667
452.0946749	0.422916666666667
452.1115399	0.422916666666667
452.1282602	0.422916666666667
452.1445136	0.422916666666667
452.1615593	0.422916666666667
452.1779792	0.422916666666667
452.1946045	0.422916666666667
452.2116986	0.422916666666667
452.2280684	0.422916666666667
452.2445995	0.422916666666667
452.2617745	0.422916666666667
452.2783751	0.422916666666667
452.2947911	0.422916666666667
452.3121725	0.422916666666667
452.3284078	0.422916666666667
452.3447181	0.422916666666667
452.3618366	0.422916666666667
452.3783544	0.422916666666667
452.3950853	0.422916666666667
452.4114381	0.422916666666667
452.4284109	0.422916666666667
452.4445602	0.422916666666667
452.461206	0.422916666666667
452.4786953	0.422916666666667
452.4951124	0.422916666666667
452.5113927	0.422916666666667
452.528176	0.422916666666667
452.5452855	0.422916666666667
452.5615047	0.422916666666667
452.5780653	0.422916666666667
452.5946118	0.422916666666667
452.6113548	0.422916666666667
452.6284184	0.422916666666667
452.6450362	0.422916666666667
452.6612516	0.422916666666667
452.6781198	0.422916666666667
452.6950531	0.422916666666667
452.7112887	0.422916666666667
452.7281605	0.422916666666667
452.7450708	0.422916666666667
452.7612002	0.422916666666667
452.7782651	0.422916666666667
452.7948228	0.422916666666667
452.8113946	0.422916666666667
452.8285298	0.422916666666667
452.8449519	0.422916666666667
452.8617611	0.422916666666667
452.878478	0.422916666666667
452.8950902	0.422916666666667
452.9111946	0.422916666666667
452.9282035	0.422916666666667
452.9447957	0.422916666666667
452.9613545	0.422916666666667
452.9785319	0.422916666666667
452.9950857	0.422916666666667
453.0114099	0.422916666666667
453.028108	0.422916666666667
453.0448234	0.422916666666667
453.0614352	0.422916666666667
453.078275	0.422916666666667
453.095224	0.422916666666667
453.1115897	0.422916666666667
453.1282664	0.422916666666667
453.144974	0.422916666666667
453.1615483	0.422916666666667
453.1779728	0.422916666666667
453.194685	0.422916666666667
453.2113611	0.422916666666667
453.2282906	0.422916666666667
453.249573	0.422916666666667
453.261734	0.422916666666667
453.278522	0.422916666666667
453.2951272	0.422916666666667
453.3113835	0.422916666666667
453.3278285	0.422916666666667
453.3450446	0.422916666666667
453.3616496	0.422916666666667
453.3785638	0.422916666666667
453.3947164	0.422916666666667
453.4111918	0.422916666666667
453.4282894	0.422916666666667
453.4450713	0.422916666666667
453.461457	0.422916666666667
453.478287	0.422916666666667
453.4951974	0.422916666666667
453.5115617	0.422916666666667
453.5281436	0.422916666666667
453.545433	0.422916666666667
453.5613329	0.422916666666667
453.5783966	0.422916666666667
453.5950541	0.422916666666667
453.6113776	0.422916666666667
453.6281976	0.422916666666667
453.6450195	0.422916666666667
453.6611094	0.422916666666667
453.6784127	0.422916666666667
453.6947936	0.422916666666667
453.7116524	0.422916666666667
453.7285872	0.422916666666667
453.7450149	0.422916666666667
453.7615065	0.422916666666667
453.7780533	0.422916666666667
453.7946753	0.422916666666667
453.8112555	0.422916666666667
453.828369	0.422916666666667
453.8450554	0.422916666666667
453.8612701	0.422916666666667
453.8781657	0.422916666666667
453.8950525	0.422916666666667
453.9115101	0.422916666666667
453.9285201	0.422916666666667
453.9447513	0.422916666666667
453.9613313	0.422916666666667
453.9782746	0.422916666666667
453.9950316	0.422916666666667
454.0113881	0.422916666666667
454.0279143	0.422916666666667
454.0450295	0.422916666666667
454.0613162	0.422916666666667
454.0781174	0.422916666666667
454.0948317	0.422916666666667
454.111322	0.422916666666667
454.1280787	0.422916666666667
454.1454505	0.422916666666667
454.161327	0.422916666666667
454.1782631	0.422916666666667
454.1955056	0.422916666666667
454.2112388	0.422916666666667
454.228099	0.422916666666667
454.2454703	0.422916666666667
454.2616374	0.422916666666667
454.2782983	0.422916666666667
454.2993947	0.422916666666667
454.3154499	0.422916666666667
454.3282292	0.422916666666667
454.3448349	0.422916666666667
454.361552	0.422916666666667
454.3782008	0.422916666666667
454.3951503	0.422916666666667
454.4113402	0.422916666666667
454.4283347	0.422916666666667
454.4444991	0.422916666666667
454.4614986	0.422916666666667
454.4780679	0.422916666666667
454.4946281	0.422916666666667
454.511334	0.422916666666667
454.5283429	0.422916666666667
454.5449036	0.422916666666667
454.561613	0.422916666666667
454.5782631	0.422916666666667
454.5952127	0.422916666666667
454.6116199	0.422916666666667
454.6282374	0.422916666666667
454.645002	0.422916666666667
454.6618846	0.422916666666667
454.6780933	0.422916666666667
454.6944744	0.422916666666667
454.7117841	0.422916666666667
454.7281775	0.422916666666667
454.7447611	0.422916666666667
454.7614342	0.422916666666667
454.7781498	0.422916666666667
454.7949857	0.422916666666667
454.811111	0.422916666666667
454.828194	0.422916666666667
454.8451731	0.422916666666667
454.8612975	0.422916666666667
454.8781425	0.422916666666667
454.8951857	0.422916666666667
454.9119845	0.422916666666667
454.9281922	0.422916666666667
454.9449687	0.422916666666667
454.9612462	0.422916666666667
454.9778711	0.422916666666667
454.994987	0.422916666666667
455.0116155	0.422916666666667
455.0283745	0.422916666666667
455.0450866	0.422916666666667
455.0612655	0.422916666666667
455.0783754	0.422916666666667
455.0947538	0.422916666666667
455.1120995	0.422916666666667
455.1279945	0.422916666666667
455.1450227	0.422916666666667
455.1613792	0.422916666666667
455.1780986	0.422916666666667
455.1951794	0.422916666666667
455.2111784	0.422916666666667
455.2283293	0.422916666666667
455.2449802	0.422916666666667
455.2619098	0.422916666666667
455.2780944	0.422916666666667
455.2950874	0.422916666666667
455.311654	0.422916666666667
455.3285773	0.422916666666667
455.34487	0.422916666666667
455.3613858	0.422916666666667
455.3781908	0.422916666666667
455.3952358	0.422916666666667
455.4114477	0.422916666666667
455.4280614	0.422916666666667
455.4448627	0.422916666666667
455.4614976	0.422916666666667
455.4779112	0.422916666666667
455.4949689	0.422916666666667
455.5112145	0.422916666666667
455.5284581	0.422916666666667
455.544584	0.422916666666667
455.5617051	0.422916666666667
455.5780536	0.422916666666667
455.5949958	0.422916666666667
455.6112869	0.422916666666667
455.6281737	0.422916666666667
455.6446362	0.422916666666667
455.6611423	0.422916666666667
455.6782286	0.422916666666667
455.6946507	0.422916666666667
455.7115835	0.422916666666667
455.7279283	0.422916666666667
455.7449945	0.422916666666667
455.761667	0.422916666666667
455.7784608	0.422916666666667
455.7946829	0.422916666666667
455.8111855	0.422916666666667
455.8279133	0.422916666666667
455.8450378	0.422916666666667
455.8612845	0.422916666666667
455.8781633	0.422916666666667
455.8948657	0.422916666666667
455.911524	0.422916666666667
455.9276894	0.422916666666667
455.9444911	0.422916666666667
455.9615487	0.422916666666667
455.9780584	0.422916666666667
455.9950898	0.422916666666667
456.0114864	0.422916666666667
456.0279889	0.422916666666667
456.0450386	0.422916666666667
456.0609445	0.422916666666667
456.0779744	0.422916666666667
456.094882	0.422916666666667
456.1116338	0.422916666666667
456.1281351	0.422916666666667
456.1450251	0.422916666666667
456.1615353	0.422916666666667
456.1780278	0.422916666666667
456.194702	0.422916666666667
456.2110655	0.422916666666667
456.2282912	0.422916666666667
456.2450522	0.422916666666667
456.2612826	0.422916666666667
456.2781652	0.422916666666667
456.2950434	0.422916666666667
456.3112541	0.422916666666667
456.3280222	0.422916666666667
456.3448684	0.422916666666667
456.3614144	0.422916666666667
456.3782497	0.422916666666667
456.3949927	0.422916666666667
456.4115821	0.422916666666667
456.4282681	0.422916666666667
456.4452608	0.422916666666667
456.4614181	0.422916666666667
456.4784216	0.422916666666667
456.4945995	0.422916666666667
456.5112635	0.422916666666667
456.5282832	0.422916666666667
456.5447592	0.422916666666667
456.5616374	0.422916666666667
456.5780231	0.422916666666667
456.5949975	0.422916666666667
456.6127042	0.422916666666667
456.6323365	0.422916666666667
456.6451172	0.422916666666667
456.6652417	0.422916666666667
456.6807871	0.422916666666667
456.6992468	0.422916666666667
456.7135727	0.422916666666667
456.7302122	0.422916666666667
456.7467139	0.422916666666667
456.7617624	0.422916666666667
456.7786062	0.422916666666667
456.7976859	0.422916666666667
456.814058	0.422916666666667
456.8325562	0.422916666666667
456.8453365	0.422916666666667
456.8610184	0.422916666666667
456.8776315	0.422916666666667
456.8945225	0.422916666666667
456.9115313	0.422916666666667
456.9274313	0.422916666666667
456.945082	0.422916666666667
456.9612642	0.422916666666667
456.9779731	0.422916666666667
456.9951032	0.422916666666667
457.0110956	0.422916666666667
457.0279853	0.422916666666667
457.0448959	0.422916666666667
457.061208	0.422916666666667
457.078295	0.422916666666667
457.0951234	0.422916666666667
457.1116023	0.422916666666667
457.1279785	0.422916666666667
457.1447013	0.422916666666667
457.1611849	0.422916666666667
457.1780235	0.422916666666667
457.1948308	0.422916666666667
457.2113883	0.422916666666667
457.2280718	0.422916666666667
457.2448517	0.422916666666667
457.2615582	0.422916666666667
457.2781067	0.422916666666667
457.2950391	0.422916666666667
457.3116224	0.422916666666667
457.3281443	0.422916666666667
457.3452822	0.422916666666667
457.3616255	0.422916666666667
457.3778886	0.422916666666667
457.39482	0.422916666666667
457.4115232	0.422916666666667
457.4278797	0.422916666666667
457.4447389	0.422916666666667
457.4615355	0.422916666666667
457.477921	0.422916666666667
457.4943598	0.422916666666667
457.5112874	0.422916666666667
457.5278817	0.422916666666667
457.5443408	0.422916666666667
457.5614097	0.422916666666667
457.5779681	0.422916666666667
457.594719	0.422916666666667
457.6107713	0.422916666666667
457.6280034	0.422916666666667
457.6448114	0.422916666666667
457.6612644	0.422916666666667
457.6776615	0.422916666666667
457.6943943	0.422916666666667
457.7114638	0.422916666666667
457.7281671	0.422916666666667
457.7444318	0.422916666666667
457.7613317	0.422916666666667
457.7779637	0.422916666666667
457.7948707	0.422916666666667
457.8113323	0.422916666666667
457.8282828	0.422916666666667
457.8445766	0.422916666666667
457.8613617	0.422916666666667
457.8783393	0.422916666666667
457.8948533	0.422916666666667
457.9113842	0.422916666666667
457.9278691	0.422916666666667
457.9452546	0.422916666666667
457.9616249	0.422916666666667
457.9779065	0.422916666666667
457.9948638	0.422916666666667
458.0113883	0.422916666666667
458.027787	0.422916666666667
458.0446608	0.422916666666667
458.0614912	0.422916666666667
458.0780466	0.422916666666667
458.0946913	0.422916666666667
458.1113107	0.422916666666667
458.1280054	0.422916666666667
458.1460782	0.422916666666667
458.1617098	0.422916666666667
458.1779687	0.422916666666667
458.1948145	0.422916666666667
458.2116396	0.422916666666667
458.2281969	0.422916666666667
458.2449256	0.422916666666667
458.2615977	0.422916666666667
458.2777874	0.422916666666667
458.2951523	0.422916666666667
458.3111125	0.422916666666667
458.3283476	0.422916666666667
458.3449384	0.422916666666667
458.3615755	0.422916666666667
458.3779733	0.422916666666667
458.3945854	0.422916666666667
458.4110931	0.422916666666667
458.4277017	0.422916666666667
458.4450829	0.422916666666667
458.4616463	0.422916666666667
458.4778134	0.422916666666667
458.494944	0.422916666666667
458.5111825	0.422916666666667
458.5278631	0.422916666666667
458.5450358	0.422916666666667
458.5614919	0.422916666666667
458.5779104	0.422916666666667
458.5984429	0.422916666666667
458.6114508	0.422916666666667
458.6281207	0.422916666666667
458.6450811	0.422916666666667
458.6612385	0.422916666666667
458.6777257	0.422916666666667
458.6949519	0.422916666666667
458.7111489	0.422916666666667
458.7277954	0.422916666666667
458.7450833	0.422916666666667
458.7615596	0.422916666666667
458.7776347	0.422916666666667
458.7951451	0.422916666666667
458.8118305	0.422916666666667
458.8278601	0.422916666666667
458.8449689	0.422916666666667
458.861382	0.422916666666667
458.8778053	0.422916666666667
458.8948708	0.422916666666667
458.9114907	0.422916666666667
458.9276489	0.422916666666667
458.9448311	0.422916666666667
458.9611684	0.422916666666667
458.9776704	0.422916666666667
458.9945315	0.422916666666667
459.0113764	0.422916666666667
459.028019	0.422916666666667
459.0449903	0.422916666666667
459.0614403	0.422916666666667
459.0778238	0.422916666666667
459.0949648	0.422916666666667
459.111225	0.422916666666667
459.1276526	0.422916666666667
459.1449479	0.422916666666667
459.1615903	0.422916666666667
459.177694	0.422916666666667
459.1948793	0.422916666666667
459.2116021	0.422916666666667
459.2279411	0.422916666666667
459.2448711	0.422916666666667
459.2619301	0.422916666666667
459.277657	0.422916666666667
459.2947763	0.422916666666667
459.3116949	0.422916666666667
459.3279643	0.422916666666667
459.3449014	0.422916666666667
459.3614838	0.422916666666667
459.3776366	0.422916666666667
459.3948402	0.422916666666667
459.4113365	0.422916666666667
459.4278773	0.422916666666667
459.4447622	0.422916666666667
459.4615571	0.422916666666667
459.4777185	0.422916666666667
459.4945599	0.422916666666667
459.5111843	0.422916666666667
459.5279239	0.422916666666667
459.5448808	0.422916666666667
459.5615996	0.422916666666667
459.5777246	0.422916666666667
459.594384	0.422916666666667
459.6116825	0.422916666666667
459.6279829	0.422916666666667
459.6449202	0.422916666666667
459.6615683	0.422916666666667
459.6779074	0.422916666666667
459.6949589	0.422916666666667
459.7116713	0.422916666666667
459.7276433	0.422916666666667
459.745353	0.422916666666667
459.7609358	0.422916666666667
459.7780241	0.422916666666667
459.7948364	0.422916666666667
459.8114	0.422916666666667
459.827915	0.422916666666667
459.8448166	0.422916666666667
459.8613398	0.422916666666667
459.8782749	0.422916666666667
459.8948973	0.422916666666667
459.9112766	0.422916666666667
459.9280554	0.422916666666667
459.9449395	0.422916666666667
459.9615445	0.422916666666667
459.9777048	0.422916666666667
459.9947025	0.422916666666667
460.0109701	0.422916666666667
460.0279937	0.422916666666667
460.0446306	0.422916666666667
460.0613507	0.422916666666667
460.0775978	0.422916666666667
460.0945532	0.422916666666667
460.1113695	0.422916666666667
460.1282536	0.422916666666667
460.1447059	0.422916666666667
460.1614869	0.422916666666667
460.1779232	0.422916666666667
460.194679	0.422916666666667
460.2114813	0.422916666666667
460.2275698	0.422916666666667
460.2447141	0.422916666666667
460.2612266	0.422916666666667
460.2781659	0.422916666666667
460.294492	0.422916666666667
460.3114746	0.422916666666667
460.3275879	0.422916666666667
460.3447169	0.422916666666667
460.3613723	0.422916666666667
460.377559	0.422916666666667
460.3946201	0.422916666666667
460.4113297	0.422916666666667
460.4279188	0.422916666666667
460.4453404	0.422916666666667
460.4613262	0.422916666666667
460.4777283	0.422916666666667
460.4947658	0.422916666666667
460.5114642	0.422916666666667
460.5274772	0.422916666666667
460.5448218	0.422916666666667
460.5616034	0.422916666666667
460.5776348	0.422916666666667
460.595004	0.422916666666667
460.6114291	0.422916666666667
460.6275005	0.422916666666667
460.6446241	0.422916666666667
460.6612813	0.422916666666667
460.6778586	0.422916666666667
460.6945026	0.422916666666667
460.7112266	0.422916666666667
460.7278418	0.422916666666667
460.7448602	0.422916666666667
460.7613682	0.422916666666667
460.77754	0.422916666666667
460.7949636	0.422916666666667
460.8108665	0.422916666666667
460.8274684	0.422916666666667
460.8447273	0.422916666666667
460.8613025	0.422916666666667
460.8778557	0.422916666666667
460.8948897	0.422916666666667
460.9111781	0.422916666666667
460.9275439	0.422916666666667
460.944713	0.422916666666667
460.9617375	0.422916666666667
460.9777453	0.422916666666667
460.9951745	0.422916666666667
461.0114038	0.422916666666667
461.0278484	0.422916666666667
461.0448867	0.422916666666667
461.0616523	0.422916666666667
461.0779628	0.422916666666667
461.094546	0.422916666666667
461.1115093	0.422916666666667
461.1275904	0.422916666666667
461.1449179	0.422916666666667
461.1614334	0.422916666666667
461.177792	0.422916666666667
461.1946213	0.422916666666667
461.2109076	0.422916666666667
461.2278698	0.422916666666667
461.2448579	0.422916666666667
461.2614575	0.422916666666667
461.2775663	0.422916666666667
461.294672	0.422916666666667
461.3110152	0.422916666666667
461.3279459	0.422916666666667
461.344815	0.422916666666667
461.3614128	0.422916666666667
461.3779895	0.422916666666667
461.3950877	0.422916666666667
461.4111946	0.422916666666667
461.4277064	0.422916666666667
461.4446369	0.422916666666667
461.4615052	0.422916666666667
461.4779857	0.422916666666667
461.4947491	0.422916666666667
461.511735	0.422916666666667
461.5277945	0.422916666666667
461.5448184	0.422916666666667
461.5613366	0.422916666666667
461.5776612	0.422916666666667
461.5948133	0.422916666666667
461.6112336	0.422916666666667
461.6279329	0.422916666666667
461.6446344	0.422916666666667
461.6612928	0.422916666666667
461.6777443	0.422916666666667
461.694475	0.422916666666667
461.7114451	0.422916666666667
461.7276616	0.422916666666667
461.7448909	0.422916666666667
461.7612345	0.422916666666667
461.7779292	0.422916666666667
461.7943249	0.422916666666667
461.8107008	0.422916666666667
461.8279478	0.422916666666667
461.8447558	0.422916666666667
461.8614796	0.422916666666667
461.8777856	0.422916666666667
461.8947491	0.422916666666667
461.9108348	0.422916666666667
461.9278006	0.422916666666667
461.9444155	0.422916666666667
461.9616835	0.422916666666667
461.9781136	0.422916666666667
461.9947449	0.422916666666667
462.0111818	0.422916666666667
462.0280439	0.422916666666667
462.0446528	0.422916666666667
462.0612705	0.422916666666667
462.0780094	0.422916666666667
462.0943935	0.422916666666667
462.1112574	0.422916666666667
462.1280014	0.422916666666667
462.1448294	0.422916666666667
462.1614315	0.422916666666667
462.1777255	0.422916666666667
462.1944297	0.422916666666667
462.2113361	0.422916666666667
462.2275965	0.422916666666667
462.2448579	0.422916666666667
462.2614377	0.422916666666667
462.2780499	0.422916666666667
462.2946797	0.422916666666667
462.3113866	0.422916666666667
462.3276161	0.422916666666667
462.3447795	0.422916666666667
462.3612222	0.422916666666667
462.377765	0.422916666666667
462.3944361	0.422916666666667
462.4112391	0.422916666666667
462.4280005	0.422916666666667
462.4446382	0.422916666666667
462.4613019	0.422916666666667
462.47819	0.422916666666667
462.4947594	0.422916666666667
462.5113325	0.422916666666667
462.5277045	0.422916666666667
462.5444724	0.422916666666667
462.5612621	0.422916666666667
462.577832	0.422916666666667
462.5945959	0.422916666666667
462.6112099	0.422916666666667
462.6279428	0.422916666666667
462.6444929	0.422916666666667
462.6612913	0.422916666666667
462.6779545	0.422916666666667
462.694375	0.422916666666667
462.7114466	0.422916666666667
462.7278593	0.422916666666667
462.7443419	0.422916666666667
462.7611874	0.422916666666667
462.777984	0.422916666666667
462.7944966	0.422916666666667
462.8114452	0.422916666666667
462.8283	0.422916666666667
462.8442552	0.422916666666667
462.8611178	0.422916666666667
462.8777653	0.422916666666667
462.8949845	0.422916666666667
462.9114434	0.422916666666667
462.9278771	0.422916666666667
462.9450593	0.422916666666667
462.961307	0.422916666666667
462.9778393	0.422916666666667
462.9943704	0.422916666666667
463.0112765	0.422916666666667
463.0276232	0.422916666666667
463.0447776	0.422916666666667
463.0613036	0.422916666666667
463.0780339	0.422916666666667
463.0945719	0.422916666666667
463.1113462	0.422916666666667
463.1277507	0.422916666666667
463.1447334	0.422916666666667
463.1609532	0.422916666666667
463.1776772	0.422916666666667
463.1945477	0.422916666666667
463.2109758	0.422916666666667
463.2274522	0.422916666666667
463.2445299	0.422916666666667
463.2612754	0.422916666666667
463.2775507	0.422916666666667
463.2945831	0.422916666666667
463.3111458	0.422916666666667
463.3278265	0.422916666666667
463.3449401	0.422916666666667
463.3613113	0.422916666666667
463.3779338	0.422916666666667
463.3948387	0.422916666666667
463.4115875	0.422916666666667
463.428016	0.422916666666667
463.4448456	0.422916666666667
463.4608979	0.422916666666667
463.477573	0.422916666666667
463.4947341	0.422916666666667
463.5114428	0.422916666666667
463.5279423	0.422916666666667
463.5448299	0.422916666666667
463.5609937	0.422916666666667
463.57794	0.422916666666667
463.5944185	0.422916666666667
463.6109963	0.422916666666667
463.6279375	0.422916666666667
463.6447076	0.422916666666667
463.6611394	0.422916666666667
463.6779185	0.422916666666667
463.6945319	0.422916666666667
463.7108553	0.422916666666667
463.7278609	0.422916666666667
463.7446951	0.422916666666667
463.7609305	0.422916666666667
463.778016	0.422916666666667
463.7946083	0.422916666666667
463.8115053	0.422916666666667
463.8279963	0.422916666666667
463.8446908	0.422916666666667
463.8610711	0.422916666666667
463.8775094	0.422916666666667
463.894608	0.422916666666667
463.9111634	0.422916666666667
463.9274407	0.422916666666667
463.9448661	0.422916666666667
463.9612008	0.422916666666667
463.9778429	0.422916666666667
463.9949317	0.422916666666667
464.0111421	0.422916666666667
464.0283565	0.422916666666667
464.0448585	0.422916666666667
464.060981	0.422916666666667
464.0774391	0.422916666666667
464.0945951	0.422916666666667
464.1111878	0.422916666666667
464.1277866	0.422916666666667
464.1445288	0.422916666666667
464.1612345	0.422916666666667
464.1777596	0.422916666666667
464.1951671	0.422916666666667
464.2112368	0.422916666666667
464.227731	0.422916666666667
464.2447563	0.422916666666667
464.2610726	0.422916666666667
464.2781714	0.422916666666667
464.2943512	0.422916666666667
464.3116029	0.422916666666667
464.3279265	0.422916666666667
464.3447232	0.422916666666667
464.3611066	0.422916666666667
464.3774672	0.422916666666667
464.3942241	0.422916666666667
464.4108283	0.422916666666667
464.427807	0.422916666666667
464.4445498	0.422916666666667
464.4611638	0.422916666666667
464.4777897	0.422916666666667
464.4945935	0.422916666666667
464.5113791	0.422916666666667
464.5278101	0.422916666666667
464.5443361	0.422916666666667
464.5612093	0.422916666666667
464.5779844	0.422916666666667
464.5945098	0.422916666666667
464.6113579	0.422916666666667
464.6276451	0.422916666666667
464.6446242	0.422916666666667
464.6612085	0.422916666666667
464.6777032	0.422916666666667
464.6944123	0.422916666666667
464.7112266	0.422916666666667
464.7276328	0.422916666666667
464.7445199	0.422916666666667
464.7614766	0.422916666666667
464.7782475	0.422916666666667
464.7941937	0.422916666666667
464.8107931	0.422916666666667
464.8280513	0.422916666666667
464.8446256	0.422916666666667
464.8612983	0.422916666666667
464.8778047	0.422916666666667
464.8948858	0.422916666666667
464.911317	0.422916666666667
464.9279124	0.422916666666667
464.9454936	0.422916666666667
464.9612905	0.422916666666667
464.9777417	0.422916666666667
464.9945361	0.422916666666667
465.0113518	0.422916666666667
465.0278818	0.422916666666667
465.0444285	0.422916666666667
465.0607537	0.422916666666667
465.0775106	0.422916666666667
465.0945991	0.422916666666667
465.1111149	0.422916666666667
465.1279501	0.422916666666667
465.1445356	0.422916666666667
465.1610184	0.422916666666667
465.1777663	0.422916666666667
465.1947702	0.422916666666667
465.2110388	0.422916666666667
465.227579	0.422916666666667
465.2449675	0.422916666666667
465.2612298	0.422916666666667
465.2780619	0.422916666666667
465.2978491	0.422916666666667
465.3115188	0.422916666666667
465.3278748	0.422916666666667
465.3445244	0.422916666666667
465.3607099	0.422916666666667
465.3777333	0.422916666666667
465.3943825	0.422916666666667
465.4106385	0.422916666666667
465.4279369	0.422916666666667
465.4443717	0.422916666666667
465.4612041	0.422916666666667
465.4779876	0.422916666666667
465.4945758	0.422916666666667
465.5108593	0.422916666666667
465.5278671	0.422916666666667
465.5444413	0.422916666666667
465.5609248	0.422916666666667
465.5773048	0.422916666666667
465.5945174	0.422916666666667
465.6107178	0.422916666666667
465.6281217	0.422916666666667
465.6448392	0.422916666666667
465.6610709	0.422916666666667
465.6777356	0.422916666666667
465.6947844	0.422916666666667
465.7113604	0.422916666666667
465.7275524	0.422916666666667
465.7444826	0.422916666666667
465.761148	0.422916666666667
465.7779145	0.422916666666667
465.7943694	0.422916666666667
465.8109143	0.422916666666667
465.8280269	0.422916666666667
465.8446564	0.422916666666667
465.8611721	0.422916666666667
465.8775942	0.422916666666667
465.8946125	0.422916666666667
465.9111609	0.422916666666667
465.9279423	0.422916666666667
465.9447858	0.422916666666667
465.9611157	0.422916666666667
465.9780944	0.422916666666667
465.9946314	0.422916666666667
466.0108423	0.422916666666667
466.0278265	0.422916666666667
466.0444622	0.422916666666667
466.0608815	0.422916666666667
466.0777487	0.422916666666667
466.0945992	0.422916666666667
466.1115086	0.422916666666667
466.1278693	0.422916666666667
466.144578	0.422916666666667
466.1621525	0.422916666666667
466.1777439	0.422916666666667
466.194451	0.422916666666667
466.2108418	0.422916666666667
466.2274743	0.422916666666667
466.2443076	0.422916666666667
466.2611075	0.422916666666667
466.2775949	0.422916666666667
466.2946288	0.422916666666667
466.310937	0.422916666666667
466.3278861	0.422916666666667
466.3445369	0.422916666666667
466.3610897	0.422916666666667
466.3779033	0.422916666666667
466.3943653	0.422916666666667
466.4110784	0.422916666666667
466.4278482	0.422916666666667
466.4444506	0.422916666666667
466.461444	0.422916666666667
466.4780388	0.422916666666667
466.494453	0.422916666666667
466.5111609	0.422916666666667
466.5277099	0.422916666666667
466.5439495	0.422916666666667
466.5608895	0.422916666666667
466.5779022	0.422916666666667
466.5945298	0.422916666666667
466.611461	0.422916666666667
466.6278428	0.422916666666667
466.6440843	0.422916666666667
466.661064	0.422916666666667
466.6779431	0.422916666666667
466.6944821	0.422916666666667
466.7110963	0.422916666666667
466.7278923	0.422916666666667
466.7445825	0.422916666666667
466.761389	0.422916666666667
466.7784166	0.422916666666667
466.7943489	0.422916666666667
466.8110684	0.422916666666667
466.8274034	0.422916666666667
466.8444989	0.422916666666667
466.8613926	0.422916666666667
466.8778076	0.422916666666667
466.8945476	0.422916666666667
466.9112898	0.422916666666667
466.9278661	0.422916666666667
466.9444624	0.422916666666667
466.961048	0.422916666666667
466.9775741	0.422916666666667
466.9944039	0.422916666666667
467.0106978	0.422916666666667
467.028094	0.422916666666667
467.0446141	0.422916666666667
467.0615387	0.422916666666667
467.078034	0.422916666666667
467.0945746	0.422916666666667
467.1112436	0.422916666666667
467.1278433	0.422916666666667
467.1443461	0.422916666666667
467.1611688	0.422916666666667
467.177458	0.422916666666667
467.194135	0.422916666666667
467.2106494	0.422916666666667
467.2278246	0.422916666666667
467.2445488	0.422916666666667
467.261118	0.422916666666667
467.2776895	0.422916666666667
467.2945199	0.422916666666667
467.3110875	0.422916666666667
467.3278334	0.422916666666667
467.3442374	0.422916666666667
467.3608703	0.422916666666667
467.3777103	0.422916666666667
467.3943049	0.422916666666667
467.4111831	0.422916666666667
467.4278714	0.422916666666667
467.4442426	0.422916666666667
467.4610599	0.422916666666667
467.477524	0.422916666666667
467.4947113	0.422916666666667
467.5111189	0.422916666666667
467.5277034	0.422916666666667
467.5447092	0.422916666666667
467.5605385	0.422916666666667
467.5778086	0.422916666666667
467.5944792	0.422916666666667
467.611052	0.422916666666667
467.6279427	0.422916666666667
467.6444033	0.422916666666667
467.6607591	0.422916666666667
467.6775465	0.422916666666667
467.6944724	0.422916666666667
467.7106375	0.422916666666667
467.7274673	0.422916666666667
467.7442248	0.422916666666667
467.7610635	0.422916666666667
467.7776968	0.422916666666667
467.7945012	0.422916666666667
467.8109995	0.422916666666667
467.8278	0.422916666666667
467.8443687	0.422916666666667
467.8612667	0.422916666666667
467.8781994	0.422916666666667
467.894254	0.422916666666667
467.9111997	0.422916666666667
467.9275116	0.422916666666667
467.9447486	0.422916666666667
467.9607402	0.422916666666667
467.9776396	0.422916666666667
467.9945427	0.422916666666667
468.0111662	0.422916666666667
468.0277174	0.422916666666667
468.0447126	0.422916666666667
468.0610837	0.422916666666667
468.0773842	0.422916666666667
468.0940328	0.422916666666667
468.1105888	0.422916666666667
468.1277873	0.422916666666667
468.1442995	0.422916666666667
468.1609855	0.422916666666667
468.1778616	0.422916666666667
468.1945112	0.422916666666667
468.2109674	0.422916666666667
468.2274353	0.422916666666667
468.2440576	0.422916666666667
468.2609547	0.422916666666667
468.2778828	0.422916666666667
468.2945001	0.422916666666667
468.3109576	0.422916666666667
468.3276233	0.422916666666667
468.3445238	0.422916666666667
468.3613472	0.422916666666667
468.377589	0.422916666666667
468.3945567	0.422916666666667
468.4112502	0.422916666666667
468.4278831	0.422916666666667
468.4443451	0.422916666666667
468.4611526	0.422916666666667
468.4777365	0.422916666666667
468.4946996	0.422916666666667
468.5104527	0.422916666666667
468.5277608	0.422916666666667
468.5444844	0.422916666666667
468.5610562	0.422916666666667
468.5777208	0.422916666666667
468.5942882	0.422916666666667
468.6109392	0.422916666666667
468.6280298	0.422916666666667
468.6444958	0.422916666666667
468.6609127	0.422916666666667
468.6778589	0.422916666666667
468.6945133	0.422916666666667
468.7110265	0.422916666666667
468.7277878	0.422916666666667
468.7441955	0.422916666666667
468.7609446	0.422916666666667
468.7775822	0.422916666666667
468.7944768	0.422916666666667
468.8109967	0.422916666666667
468.8278383	0.422916666666667
468.84455	0.422916666666667
468.8608351	0.422916666666667
468.8779327	0.422916666666667
468.8947988	0.422916666666667
468.9112242	0.422916666666667
468.9277411	0.422916666666667
468.9443401	0.422916666666667
468.9609787	0.422916666666667
468.9773017	0.422916666666667
468.9946311	0.422916666666667
469.0105869	0.422916666666667
469.0273782	0.422916666666667
469.0446932	0.422916666666667
469.0610799	0.422916666666667
469.0774609	0.422916666666667
469.0944631	0.422916666666667
469.1107388	0.422916666666667
469.1276437	0.422916666666667
469.1442758	0.422916666666667
469.1605	0.422916666666667
469.1774145	0.422916666666667
469.1939823	0.422916666666667
469.2104231	0.422916666666667
469.2277785	0.422916666666667
469.2443906	0.422916666666667
469.2610425	0.422916666666667
469.2773776	0.422916666666667
469.2942306	0.422916666666667
469.3108433	0.422916666666667
469.3276364	0.422916666666667
469.3445097	0.422916666666667
469.3606052	0.422916666666667
469.3777021	0.422916666666667
469.3944508	0.422916666666667
469.4107572	0.422916666666667
469.4276732	0.422916666666667
469.4442834	0.422916666666667
469.4609565	0.422916666666667
469.4772297	0.422916666666667
469.4944363	0.422916666666667
469.5109811	0.422916666666667
469.5276194	0.422916666666667
469.5441531	0.422916666666667
469.5606559	0.422916666666667
469.577502	0.422916666666667
469.5944398	0.422916666666667
469.6109229	0.422916666666667
469.6277157	0.422916666666667
469.6444326	0.422916666666667
469.660907	0.422916666666667
469.6775074	0.422916666666667
469.6943666	0.422916666666667
469.7109239	0.422916666666667
469.7273255	0.422916666666667
469.7441477	0.422916666666667
469.7608983	0.422916666666667
469.7776401	0.422916666666667
469.797679	0.422916666666667
469.8105636	0.422916666666667
469.8278102	0.422916666666667
469.8444849	0.422916666666667
469.8605324	0.422916666666667
469.8775977	0.422916666666667
469.8945557	0.422916666666667
469.9105294	0.422916666666667
469.927535	0.422916666666667
469.9443816	0.422916666666667
469.9610404	0.422916666666667
469.977469	0.422916666666667
469.9945401	0.422916666666667
470.0109393	0.422916666666667
470.027552	0.422916666666667
470.0447105	0.422916666666667
470.0608668	0.422916666666667
470.0778894	0.422916666666667
470.0946763	0.422916666666667
470.1109058	0.422916666666667
470.127403	0.422916666666667
470.1444812	0.422916666666667
470.1608291	0.422916666666667
470.1775162	0.422916666666667
470.194337	0.422916666666667
470.2109077	0.422916666666667
470.2277797	0.422916666666667
470.24456	0.422916666666667
470.2607916	0.422916666666667
470.2779445	0.422916666666667
470.2959421	0.43125
470.3109564	0.43125
470.3276489	0.43125
470.3445202	0.43125
470.3605335	0.440625
470.3777948	0.440625
470.3944689	0.440625
470.4108014	0.440625
470.4273481	0.440625
470.4444895	0.440625
470.4609912	0.440625
470.4775361	0.440625
470.4943812	0.440625
470.5104773	0.440625
470.5277487	0.440625
470.5443623	0.440625
470.5608805	0.440625
470.5774769	0.440625
470.5941964	0.440625
470.610938	0.440625
470.6278135	0.440625
470.6446158	0.440625
470.6608578	0.440625
470.6776366	0.440625
470.6947198	0.440625
470.7112916	0.457291666666667
470.7281267	0.473958333333333
470.7448534	0.473958333333333
470.7610671	0.473958333333333
470.7775082	0.473958333333333
470.7942561	0.473958333333333
470.8105783	0.473958333333333
470.8274683	0.473958333333333
470.8440303	0.473958333333333
470.8606631	0.473958333333333
470.8777645	0.473958333333333
470.89429	0.473958333333333
470.9113601	0.473958333333333
470.9277661	0.473958333333333
470.9443302	0.473958333333333
470.9609703	0.473958333333333
470.9778632	0.473958333333333
470.9941577	0.473958333333333
471.010868	0.473958333333333
471.0278138	0.473958333333333
471.0444246	0.473958333333333
471.0608554	0.473958333333333
471.077458	0.473958333333333
471.0942364	0.473958333333333
471.1106536	0.473958333333333
471.127753	0.473958333333333
471.1442253	0.473958333333333
471.1603646	0.473958333333333
471.1778657	0.473958333333333
471.1942222	0.473958333333333
471.2109304	0.473958333333333
471.2276621	0.473958333333333
471.244385	0.473958333333333
471.2608888	0.473958333333333
471.2776843	0.473958333333333
471.2945206	0.473958333333333
471.3105347	0.473958333333333
471.3276882	0.473958333333333
471.3443116	0.473958333333333
471.3609482	0.473958333333333
471.3773908	0.473958333333333
471.3941249	0.473958333333333
471.4107499	0.473958333333333
471.4276128	0.473958333333333
471.4443766	0.473958333333333
471.4610757	0.473958333333333
471.4774176	0.473958333333333
471.4943211	0.473958333333333
471.5108695	0.473958333333333
471.5275717	0.473958333333333
471.5442827	0.473958333333333
471.5610465	0.473958333333333
471.5773668	0.473958333333333
471.5939712	0.473958333333333
471.6103889	0.473958333333333
471.6279124	0.473958333333333
471.6440429	0.473958333333333
471.6609731	0.473958333333333
471.678138	0.473958333333333
471.6939352	0.473958333333333
471.7109781	0.473958333333333
471.7273304	0.473958333333333
471.7443815	0.473958333333333
471.7608596	0.473958333333333
471.7778064	0.473958333333333
471.8113534	0.473958333333333
471.8277048	0.473958333333333
471.844567	0.473958333333333
471.8776398	0.473958333333333
471.9109752	0.473958333333333
471.9277856	0.473958333333333
471.9611094	0.473958333333333
471.9777248	0.473958333333333
471.9947472	0.473958333333333
472.0109482	0.473958333333333
472.0272486	0.473958333333333
472.0441578	0.473958333333333
472.0605322	0.473958333333333
472.0771757	0.473958333333333
472.0941829	0.473958333333333
472.1110085	0.473958333333333
472.1283471	0.473958333333333
472.1609561	0.473958333333333
472.1777062	0.473958333333333
472.1941716	0.473958333333333
472.2109229	0.473958333333333
472.2276406	0.473958333333333
472.2604148	0.473958333333333
472.277827	0.473958333333333
472.310974	0.473958333333333
472.3270872	0.473958333333333
472.3442161	0.473958333333333
472.360874	0.473958333333333
472.377924	0.473958333333333
472.4110398	0.473958333333333
472.4278378	0.473958333333333
472.4609351	0.473958333333333
472.4946152	0.473958333333333
472.5274308	0.473958333333333
472.56137	0.473958333333333
472.5946613	0.473958333333333
472.6280536	0.473958333333333
472.6610315	0.473958333333333
472.6944738	0.473958333333333
472.7279484	0.473958333333333
472.7610915	0.473958333333333
472.7943261	0.473958333333333
472.8274705	0.473958333333333
472.8611405	0.473958333333333
472.894471	0.473958333333333
472.9278946	0.473958333333333
472.9611583	0.473958333333333
472.9942332	0.473958333333333
473.0279836	0.473958333333333
473.064222	0.473958333333333
473.0775551	0.473958333333333
473.1106938	0.473958333333333
473.1279809	0.473958333333333
473.1610958	0.473958333333333
473.1942839	0.473958333333333
473.227593	0.473958333333333
473.2607911	0.473958333333333
473.294094	0.473958333333333
473.3272985	0.473958333333333
473.3612549	0.473958333333333
473.3941086	0.473958333333333
473.4277627	0.473958333333333
473.4606464	0.473958333333333
473.4943703	0.473958333333333
473.5277936	0.473958333333333
473.5606064	0.473958333333333
473.5943691	0.473958333333333
473.6273028	0.473958333333333
473.6612073	0.473958333333333
473.6945653	0.473958333333333
473.7276259	0.473958333333333
473.7610247	0.473958333333333
473.7940771	0.473958333333333
473.8277155	0.473958333333333
473.8611342	0.473958333333333
473.894487	0.473958333333333
473.9275914	0.473958333333333
473.9609012	0.473958333333333
473.9942327	0.473958333333333
474.0278099	0.473958333333333
474.0610369	0.473958333333333
474.0944609	0.473958333333333
474.1277954	0.473958333333333
474.1611542	0.473958333333333
474.1945705	0.473958333333333
474.2277129	0.473958333333333
474.2608874	0.473958333333333
474.2944057	0.473958333333333
474.327425	0.473958333333333
474.360944	0.473958333333333
474.3943089	0.473958333333333
474.4277814	0.473958333333333
474.4610895	0.473958333333333
474.494281	0.473958333333333
474.5272217	0.473958333333333
474.5610008	0.473958333333333
474.5944444	0.473958333333333
474.6277573	0.473958333333333
474.6610114	0.473958333333333
474.6940439	0.473958333333333
474.7273189	0.473958333333333
474.7609883	0.473958333333333
474.7940427	0.473958333333333
474.8275303	0.473958333333333
474.8610599	0.473958333333333
474.8945498	0.473958333333333
474.9272397	0.473958333333333
474.9609736	0.473958333333333
474.9942217	0.473958333333333
475.0278073	0.473958333333333
475.0610809	0.473958333333333
475.0944192	0.473958333333333
475.1276302	0.473958333333333
475.1617619	0.473958333333333
475.1941407	0.473958333333333
475.227799	0.473958333333333
475.2609814	0.473958333333333
475.2944698	0.473958333333333
475.3275432	0.473958333333333
475.3610669	0.473958333333333
475.3938044	0.473958333333333
475.4279307	0.473958333333333
475.460935	0.473958333333333
475.4942762	0.473958333333333
475.5276323	0.473958333333333
475.5607584	0.473958333333333
475.5942247	0.473958333333333
475.6278021	0.473958333333333
475.6605107	0.473958333333333
475.6940928	0.473958333333333
475.7275206	0.473958333333333
475.7610477	0.473958333333333
475.7944072	0.473958333333333
475.8281806	0.473958333333333
475.8606882	0.473958333333333
475.8938846	0.473958333333333
475.92765	0.473958333333333
475.9609488	0.473958333333333
475.9941644	0.473958333333333
476.0275306	0.473958333333333
476.0606839	0.473958333333333
476.0941422	0.473958333333333
476.1275774	0.473958333333333
476.1612722	0.473958333333333
476.1942371	0.473958333333333
476.2281252	0.473958333333333
476.2607195	0.473958333333333
476.294309	0.473958333333333
476.3276583	0.473958333333333
476.3615953	0.473958333333333
476.3942887	0.473958333333333
476.427669	0.473958333333333
476.4607446	0.473958333333333
476.4942294	0.473958333333333
476.5275136	0.473958333333333
476.5604416	0.473958333333333
476.5942016	0.473958333333333
476.6275695	0.473958333333333
476.660885	0.473958333333333
476.6943728	0.473958333333333
476.7273635	0.473958333333333
476.7608978	0.473958333333333
476.793994	0.473958333333333
476.8275374	0.473958333333333
476.8608177	0.473958333333333
476.8941528	0.473958333333333
476.9277048	0.473958333333333
476.9610593	0.473958333333333
476.9939966	0.473958333333333
477.0277893	0.473958333333333
477.0607903	0.473958333333333
477.0938075	0.473958333333333
477.1277853	0.473958333333333
477.1610061	0.473958333333333
477.1943715	0.473958333333333
477.2273009	0.473958333333333
477.2611103	0.473958333333333
477.2939593	0.473958333333333
477.3270987	0.473958333333333
477.3606803	0.473958333333333
477.3940995	0.473958333333333
477.4277074	0.473958333333333
477.4608139	0.473958333333333
477.4942185	0.473958333333333
477.527451	0.473958333333333
477.560608	0.473958333333333
477.5941527	0.473958333333333
477.6277178	0.473958333333333
477.6611893	0.473958333333333
477.6941867	0.473958333333333
477.727237	0.473958333333333
477.761031	0.473958333333333
477.7941724	0.473958333333333
477.8271608	0.473958333333333
477.8609789	0.473958333333333
477.894188	0.473958333333333
477.9274314	0.473958333333333
477.9609683	0.473958333333333
477.9941723	0.473958333333333
478.0277031	0.473958333333333
478.0608514	0.473958333333333
478.0937622	0.473958333333333
478.1272709	0.473958333333333
478.1608171	0.473958333333333
478.1939352	0.473958333333333
478.227653	0.473958333333333
478.260935	0.473958333333333
478.29417	0.473958333333333
478.3264141	0.473958333333333
478.3597831	0.473958333333333
478.3929942	0.473958333333333
478.4266396	0.473958333333333
478.4597074	0.473958333333333
478.4925811	0.473958333333333
478.5262325	0.473958333333333
478.5592649	0.473958333333333
478.5930648	0.473958333333333
478.6266288	0.473958333333333
478.6593391	0.473958333333333
478.692886	0.473958333333333
478.7262955	0.473958333333333
478.7592967	0.473958333333333
478.7929684	0.473958333333333
478.8267622	0.473958333333333
478.8593553	0.473958333333333
478.893084	0.473958333333333
478.9263655	0.473958333333333
478.9593879	0.473958333333333
478.9933588	0.473958333333333
479.0261181	0.473958333333333
479.0599291	0.473958333333333
479.0932196	0.473958333333333
479.1262715	0.473958333333333
479.1591815	0.473958333333333
479.1934764	0.473958333333333
479.226041	0.473958333333333
479.2598279	0.473958333333333
479.2933021	0.473958333333333
479.3261371	0.473958333333333
479.3597791	0.473958333333333
479.3928817	0.473958333333333
479.4265725	0.473958333333333
479.4598681	0.473958333333333
479.4925677	0.473958333333333
479.5264447	0.473958333333333
479.5596696	0.473958333333333
479.5928094	0.473958333333333
479.6265622	0.473958333333333
479.6596415	0.473958333333333
479.6931931	0.473958333333333
479.7263461	0.473958333333333
479.7598748	0.473958333333333
479.7931335	0.473958333333333
479.8265297	0.473958333333333
479.8592199	0.473958333333333
479.8931791	0.473958333333333
479.9267771	0.473958333333333
479.9599792	0.473958333333333
479.9930939	0.473958333333333
480.0257823	0.473958333333333
480.0597829	0.473958333333333
480.0931827	0.473958333333333
480.1260475	0.473958333333333
480.1597086	0.473958333333333
480.1926669	0.473958333333333
480.2266539	0.473958333333333
480.2592411	0.473958333333333
480.2927261	0.473958333333333
480.3260924	0.473958333333333
480.3612087	0.473958333333333
480.3926865	0.473958333333333
480.4269299	0.473958333333333
480.4593331	0.473958333333333
480.4927995	0.473958333333333
480.5261003	0.473958333333333
480.5593097	0.473958333333333
480.5930734	0.473958333333333
480.6265388	0.473958333333333
480.6592235	0.473958333333333
480.6924544	0.473958333333333
480.726327	0.473958333333333
480.7596374	0.473958333333333
480.7928997	0.473958333333333
480.8269002	0.473958333333333
480.8596722	0.473958333333333
480.8929037	0.473958333333333
480.926363	0.473958333333333
480.9593134	0.473958333333333
480.99652	0.473958333333333
481.0265307	0.473958333333333
481.0596799	0.473958333333333
481.0930688	0.473958333333333
481.12594	0.473958333333333
481.1593169	0.473958333333333
481.1925045	0.473958333333333
481.2264661	0.473958333333333
481.2598959	0.473958333333333
481.2929529	0.473958333333333
481.3264692	0.473958333333333
481.3600268	0.473958333333333
481.393077	0.473958333333333
481.4265439	0.473958333333333
481.459445	0.473958333333333
481.4926908	0.473958333333333
481.5262926	0.473958333333333
481.5598192	0.473958333333333
481.593263	0.473958333333333
481.6265455	0.473958333333333
481.6593603	0.473958333333333
481.6925796	0.473958333333333
481.7264673	0.473958333333333
481.7596408	0.473958333333333
481.793126	0.473958333333333
481.8265574	0.473958333333333
481.8594311	0.473958333333333
481.893214	0.473958333333333
481.925926	0.473958333333333
481.9596737	0.473958333333333
481.9930165	0.473958333333333
482.0264077	0.473958333333333
482.0596847	0.473958333333333
482.0936634	0.473958333333333
482.1263611	0.473958333333333
482.1595136	0.473958333333333
482.1932524	0.473958333333333
482.2269775	0.473958333333333
482.2599129	0.473958333333333
482.2935095	0.473958333333333
482.325872	0.473958333333333
482.3595096	0.473958333333333
482.3929536	0.473958333333333
482.4265638	0.473958333333333
482.4596187	0.473958333333333
482.4931579	0.473958333333333
482.5262763	0.473958333333333
482.559461	0.473958333333333
482.5934177	0.473958333333333
482.6266099	0.473958333333333
482.6597725	0.473958333333333
482.6930902	0.473958333333333
482.7262269	0.473958333333333
482.7591223	0.473958333333333
482.7929906	0.473958333333333
482.8262245	0.473958333333333
482.8596826	0.473958333333333
482.8930414	0.473958333333333
482.9263839	0.473958333333333
482.9592418	0.473958333333333
482.9929607	0.473958333333333
483.0268354	0.473958333333333
483.0593877	0.473958333333333
483.0930978	0.473958333333333
483.1267298	0.473958333333333
483.1597277	0.473958333333333
483.1931015	0.473958333333333
483.2266154	0.473958333333333
483.2591729	0.473958333333333
483.293275	0.473958333333333
483.3259902	0.473958333333333
483.3593104	0.473958333333333
483.3930431	0.473958333333333
483.4266384	0.473958333333333
483.459193	0.473958333333333
483.4931128	0.473958333333333
483.5261145	0.473958333333333
483.5596951	0.473958333333333
483.5931346	0.473958333333333
483.626566	0.473958333333333
483.6597876	0.473958333333333
483.6927189	0.473958333333333
483.7263199	0.473958333333333
483.759586	0.473958333333333
483.7925434	0.473958333333333
483.826478	0.473958333333333
483.8596496	0.473958333333333
483.8933083	0.473958333333333
483.9262341	0.473958333333333
483.9596882	0.473958333333333
483.99317	0.473958333333333
484.026503	0.473958333333333
484.0597425	0.473958333333333
484.0938251	0.473958333333333
484.1264553	0.473958333333333
484.1597603	0.473958333333333
484.1930952	0.473958333333333
484.226465	0.473958333333333
484.2597124	0.473958333333333
484.2937503	0.473958333333333
484.3259253	0.473958333333333
484.3596716	0.473958333333333
484.3927146	0.473958333333333
484.4263603	0.473958333333333
484.4595763	0.473958333333333
484.493198	0.473958333333333
484.5264629	0.473958333333333
484.5599586	0.473958333333333
484.5930881	0.473958333333333
484.6259983	0.473958333333333
484.6597027	0.473958333333333
484.6926527	0.473958333333333
484.7262941	0.473958333333333
484.7596741	0.473958333333333
484.7931332	0.473958333333333
484.8261451	0.473958333333333
484.8590868	0.473958333333333
484.893479	0.473958333333333
484.9261935	0.473958333333333
484.959949	0.473958333333333
484.992933	0.473958333333333
485.0265186	0.473958333333333
485.0592303	0.473958333333333
485.0933877	0.473958333333333
485.1258136	0.473958333333333
485.1592369	0.473958333333333
485.1930931	0.473958333333333
485.2265194	0.473958333333333
485.2596422	0.473958333333333
485.2935481	0.473958333333333
485.3263187	0.473958333333333
485.3594544	0.473958333333333
485.3929338	0.473958333333333
485.4269459	0.473958333333333
485.4597143	0.473958333333333
485.4932749	0.473958333333333
485.5261259	0.473958333333333
485.5594046	0.473958333333333
485.5932264	0.473958333333333
485.6263089	0.473958333333333
485.6597644	0.473958333333333
485.6932624	0.473958333333333
485.7262707	0.473958333333333
485.7592088	0.473958333333333
485.7926372	0.473958333333333
485.8262828	0.473958333333333
485.8596821	0.473958333333333
485.8936927	0.473958333333333
485.9257964	0.473958333333333
485.9592842	0.473958333333333
485.9924973	0.473958333333333
486.0262722	0.473958333333333
486.0596161	0.473958333333333
486.0937268	0.473958333333333
486.1260708	0.473958333333333
486.1592033	0.473958333333333
486.1929032	0.473958333333333
486.225811	0.473958333333333
486.2596614	0.473958333333333
486.2937183	0.473958333333333
486.3260801	0.473958333333333
486.3596826	0.473958333333333
486.3934182	0.473958333333333
486.4264378	0.473958333333333
486.4597684	0.473958333333333
486.4932594	0.473958333333333
486.5263004	0.473958333333333
486.559866	0.473958333333333
486.592643	0.473958333333333
486.626191	0.473958333333333
486.659197	0.473958333333333
486.6928097	0.473958333333333
486.7258399	0.473958333333333
486.7597467	0.473958333333333
486.793044	0.473958333333333
486.8265229	0.473958333333333
486.8598355	0.473958333333333
486.8932613	0.473958333333333
486.9262154	0.473958333333333
486.9596928	0.473958333333333
486.9926274	0.473958333333333
487.0265861	0.473958333333333
487.059145	0.473958333333333
487.0935517	0.473958333333333
487.1262231	0.473958333333333
487.159542	0.473958333333333
487.1927452	0.473958333333333
487.2264508	0.473958333333333
487.2596493	0.473958333333333
487.2929126	0.473958333333333
487.3264493	0.473958333333333
487.3596051	0.473958333333333
487.3929745	0.473958333333333
487.4264072	0.473958333333333
487.459375	0.473958333333333
487.4932544	0.473958333333333
487.5263201	0.473958333333333
487.5596688	0.473958333333333
487.5926976	0.473958333333333
487.6264796	0.473958333333333
487.6597114	0.473958333333333
487.6927215	0.473958333333333
487.7260194	0.473958333333333
487.7594933	0.473958333333333
487.7927309	0.473958333333333
487.8265398	0.473958333333333
487.859197	0.473958333333333
487.8926863	0.473958333333333
487.9262052	0.473958333333333
487.95944	0.473958333333333
487.9928334	0.473958333333333
488.0265799	0.473958333333333
488.0594077	0.473958333333333
488.0928041	0.473958333333333
488.1260756	0.473958333333333
488.1594881	0.473958333333333
488.1928063	0.473958333333333
488.2264573	0.473958333333333
488.2594273	0.473958333333333
488.29273	0.473958333333333
488.3262213	0.473958333333333
488.359662	0.473958333333333
488.3926104	0.473958333333333
488.426205	0.473958333333333
488.4591247	0.473958333333333
488.4931647	0.473958333333333
488.5260948	0.473958333333333
488.5594634	0.473958333333333
488.5931446	0.473958333333333
488.6267557	0.473958333333333
488.6596948	0.473958333333333
488.6933366	0.473958333333333
488.7261213	0.473958333333333
488.7596602	0.473958333333333
488.7931404	0.473958333333333
488.8263796	0.473958333333333
488.8593826	0.473958333333333
488.8930808	0.473958333333333
488.9260346	0.473958333333333
488.9596019	0.473958333333333
488.9926462	0.473958333333333
489.0258714	0.473958333333333
489.0593704	0.473958333333333
489.0932831	0.473958333333333
489.1260608	0.473958333333333
489.1597015	0.473958333333333
489.1929575	0.473958333333333
489.2262563	0.473958333333333
489.2591245	0.473958333333333
489.2932557	0.473958333333333
489.3261749	0.473958333333333
489.3595846	0.473958333333333
489.3929027	0.473958333333333
489.4264469	0.473958333333333
489.4594916	0.473958333333333
489.4926007	0.473958333333333
489.5258077	0.473958333333333
489.5594836	0.473958333333333
489.5927397	0.473958333333333
489.6264701	0.473958333333333
489.6596047	0.473958333333333
489.6925929	0.473958333333333
489.7261016	0.473958333333333
489.7591454	0.473958333333333
489.7924421	0.473958333333333
489.8257777	0.473958333333333
489.8597117	0.473958333333333
489.894746	0.473958333333333
489.9260937	0.473958333333333
489.9596544	0.473958333333333
489.9929526	0.473958333333333
490.0266721	0.473958333333333
490.0593514	0.473958333333333
490.0933909	0.473958333333333
490.1257434	0.473958333333333
490.1595091	0.473958333333333
490.1925042	0.473958333333333
490.2262768	0.473958333333333
490.2590628	0.473958333333333
490.2933003	0.473958333333333
490.3263506	0.473958333333333
490.359432	0.473958333333333
490.3928376	0.473958333333333
490.4263412	0.473958333333333
490.4593827	0.473958333333333
490.4934759	0.473958333333333
490.5263334	0.473958333333333
490.5596159	0.473958333333333
490.592449	0.473958333333333
490.6264779	0.473958333333333
490.6591003	0.473958333333333
490.6929437	0.473958333333333
490.7263037	0.473958333333333
490.7595676	0.473958333333333
490.7927782	0.473958333333333
490.8094867	0.473958333333333
490.8423995	0.473958333333333
490.8760656	0.473958333333333
490.9097875	0.473958333333333
490.9427938	0.473958333333333
490.9760216	0.473958333333333
491.0095228	0.473958333333333
491.0427796	0.473958333333333
491.0761387	0.473958333333333
491.1093491	0.473958333333333
491.1422976	0.473958333333333
491.1593121	0.473958333333333
491.1927657	0.473958333333333
491.2092376	0.473958333333333
491.2424348	0.473958333333333
491.2592996	0.473958333333333
491.2763025	0.473958333333333
491.2935053	0.473958333333333
491.3095173	0.473958333333333
491.32607	0.473958333333333
491.3591637	0.482291666666667
491.3928716	0.482291666666667
491.4266048	0.482291666666667
491.4425827	0.482291666666667
491.4594631	0.482291666666667
491.4760778	0.482291666666667
491.5095604	0.482291666666667
491.5424903	0.482291666666667
491.5593283	0.482291666666667
491.576077	0.482291666666667
491.5923479	0.482291666666667
491.6091385	0.482291666666667
491.6257351	0.482291666666667
491.6424837	0.482291666666667
491.6593892	0.482291666666667
491.6766913	0.482291666666667
491.692834	0.482291666666667
491.7107316	0.482291666666667
491.7267581	0.482291666666667
491.7435946	0.482291666666667
491.7598261	0.482291666666667
491.7770538	0.482291666666667
491.7936475	0.482291666666667
491.8099937	0.482291666666667
491.8265621	0.482291666666667
491.8602549	0.482291666666667
491.8768487	0.482291666666667
491.8933022	0.482291666666667
491.9103084	0.482291666666667
491.9271446	0.482291666666667
491.9434985	0.482291666666667
491.960456	0.482291666666667
491.9768295	0.482291666666667
491.9937589	0.482291666666667
492.0101901	0.482291666666667
492.0265686	0.482291666666667
492.0435346	0.482291666666667
492.0599134	0.482291666666667
492.0763517	0.482291666666667
492.0935907	0.482291666666667
492.1269643	0.482291666666667
492.1436301	0.482291666666667
492.1599601	0.482291666666667
492.1770022	0.482291666666667
492.1935971	0.482291666666667
492.2098676	0.482291666666667
492.2266551	0.482291666666667
492.2437584	0.482291666666667
492.259994	0.482291666666667
492.2771088	0.482291666666667
492.2934436	0.482291666666667
492.3101324	0.482291666666667
492.3277139	0.482291666666667
492.3603144	0.482291666666667
492.3773185	0.482291666666667
492.3933134	0.482291666666667
492.4102316	0.482291666666667
492.427195	0.482291666666667
492.4435811	0.482291666666667
492.4598663	0.482291666666667
492.4768153	0.482291666666667
492.4938447	0.482291666666667
492.5101496	0.482291666666667
492.5265713	0.482291666666667
492.543619	0.482291666666667
492.5600744	0.482291666666667
492.5770356	0.482291666666667
492.5935159	0.482291666666667
492.609761	0.482291666666667
492.6266203	0.482291666666667
492.6434538	0.482291666666667
492.6596654	0.482291666666667
492.6769739	0.482291666666667
492.6936855	0.482291666666667
492.7098883	0.482291666666667
492.727031	0.482291666666667
492.7436667	0.482291666666667
492.7601407	0.482291666666667
492.7771296	0.482291666666667
492.793745	0.482291666666667
492.8099769	0.482291666666667
492.8269727	0.482291666666667
492.8438556	0.482291666666667
492.8600333	0.482291666666667
492.8770898	0.482291666666667
492.8932487	0.482291666666667
492.9100634	0.482291666666667
492.9270826	0.482291666666667
492.9436519	0.490625
492.9599768	0.490625
492.9770157	0.490625
492.9931149	0.490625
493.0096103	0.490625
493.0265105	0.490625
493.0435785	0.490625
493.0600006	0.490625
493.077071	0.490625
493.0936691	0.490625
493.110031	0.490625
493.1273044	0.498958333333333
493.1436626	0.508333333333333
493.1601672	0.508333333333333
493.1772501	0.508333333333333
493.1937484	0.508333333333333
493.210188	0.508333333333333
493.2269845	0.508333333333333
493.243323	0.508333333333333
493.2602342	0.508333333333333
493.276719	0.508333333333333
493.2939825	0.508333333333333
493.3097293	0.508333333333333
493.32669	0.508333333333333
493.3432412	0.508333333333333
493.3596914	0.508333333333333
493.3769551	0.508333333333333
493.3932041	0.508333333333333
493.4098865	0.508333333333333
493.4267673	0.508333333333333
493.4437735	0.508333333333333
493.4595467	0.508333333333333
493.4767783	0.508333333333333
493.4934648	0.508333333333333
493.5095064	0.508333333333333
493.5267479	0.508333333333333
493.543411	0.508333333333333
493.5598699	0.508333333333333
493.5767655	0.508333333333333
493.5936332	0.508333333333333
493.6099876	0.508333333333333
493.6266745	0.508333333333333
493.6436851	0.508333333333333
493.6596602	0.508333333333333
493.6768427	0.508333333333333
493.6931742	0.508333333333333
493.710461	0.508333333333333
493.7268917	0.508333333333333
493.7435927	0.508333333333333
493.7599738	0.508333333333333
493.7767027	0.508333333333333
493.7934686	0.508333333333333
493.8099698	0.508333333333333
493.8270286	0.508333333333333
493.8430471	0.508333333333333
493.8600159	0.508333333333333
493.876598	0.508333333333333
493.8933686	0.508333333333333
493.910212	0.508333333333333
493.9266023	0.508333333333333
493.9433836	0.508333333333333
493.9598956	0.508333333333333
493.9768434	0.508333333333333
493.9935422	0.508333333333333
494.0099939	0.508333333333333
494.0266912	0.508333333333333
494.0430964	0.508333333333333
494.0599965	0.508333333333333
494.076429	0.508333333333333
494.0935453	0.508333333333333
494.1096412	0.508333333333333
494.1268953	0.508333333333333
494.1436506	0.508333333333333
494.1599858	0.508333333333333
494.1768896	0.508333333333333
494.19348	0.508333333333333
494.2098431	0.508333333333333
494.2270165	0.508333333333333
494.2433325	0.508333333333333
494.2598722	0.508333333333333
494.2765458	0.508333333333333
494.2935652	0.508333333333333
494.3094815	0.508333333333333
494.3262519	0.508333333333333
494.3434039	0.508333333333333
494.359725	0.508333333333333
494.3764991	0.508333333333333
494.3933621	0.508333333333333
494.4097514	0.508333333333333
494.4268271	0.508333333333333
494.4433158	0.508333333333333
494.459644	0.508333333333333
494.4763379	0.508333333333333
494.4931205	0.508333333333333
494.5098397	0.508333333333333
494.5262681	0.508333333333333
494.5433991	0.508333333333333
494.5598625	0.508333333333333
494.5767575	0.508333333333333
494.5934927	0.508333333333333
494.6097449	0.508333333333333
494.6273665	0.508333333333333
494.6434829	0.508333333333333
494.6602165	0.508333333333333
494.6766936	0.508333333333333
494.693272	0.508333333333333
494.7098638	0.508333333333333
494.7261978	0.508333333333333
494.7433918	0.508333333333333
494.7599705	0.508333333333333
494.776355	0.508333333333333
494.7931172	0.508333333333333
494.8101063	0.508333333333333
494.8262836	0.508333333333333
494.8434797	0.508333333333333
494.8598323	0.508333333333333
494.8802873	0.508333333333333
494.893258	0.508333333333333
494.9100431	0.508333333333333
494.9263248	0.508333333333333
494.9431254	0.508333333333333
494.9598772	0.508333333333333
494.976356	0.508333333333333
494.9929399	0.508333333333333
495.0097111	0.508333333333333
495.0270114	0.508333333333333
495.0432437	0.508333333333333
495.0595056	0.508333333333333
495.0763105	0.508333333333333
495.0937542	0.508333333333333
495.1097659	0.508333333333333
495.126405	0.508333333333333
495.1433991	0.508333333333333
495.1601792	0.508333333333333
495.1767649	0.508333333333333
495.1930613	0.508333333333333
495.2097404	0.508333333333333
495.2268363	0.508333333333333
495.2430257	0.508333333333333
495.259735	0.508333333333333
495.2766106	0.508333333333333
495.2934905	0.508333333333333
495.3098403	0.508333333333333
495.3262622	0.508333333333333
495.3437228	0.508333333333333
495.3599409	0.508333333333333
495.3767106	0.508333333333333
495.3933129	0.508333333333333
495.4098364	0.508333333333333
495.4267562	0.508333333333333
495.4433427	0.508333333333333
495.460024	0.508333333333333
495.4766831	0.508333333333333
495.4928973	0.508333333333333
495.5100739	0.508333333333333
495.526296	0.508333333333333
495.5433302	0.508333333333333
495.5598197	0.508333333333333
495.5770208	0.508333333333333
495.5933763	0.508333333333333
495.6099442	0.508333333333333
495.6266885	0.508333333333333
495.6429946	0.508333333333333
495.6595215	0.508333333333333
495.6767231	0.508333333333333
495.6935396	0.508333333333333
495.709809	0.508333333333333
495.7266613	0.508333333333333
495.7433345	0.508333333333333
495.7599138	0.508333333333333
495.7763075	0.508333333333333
495.793527	0.508333333333333
495.809873	0.508333333333333
495.826301	0.508333333333333
495.8433153	0.508333333333333
495.8600766	0.508333333333333
495.8762984	0.508333333333333
495.8934721	0.508333333333333
495.9094795	0.508333333333333
495.926282	0.508333333333333
495.9431396	0.508333333333333
495.9599636	0.508333333333333
495.9762344	0.508333333333333
495.9934887	0.508333333333333
496.009706	0.508333333333333
496.0268628	0.508333333333333
496.0432116	0.508333333333333
496.0597733	0.508333333333333
496.0765825	0.508333333333333
496.0935471	0.508333333333333
496.109988	0.508333333333333
496.126427	0.508333333333333
496.1432809	0.508333333333333
496.1597045	0.508333333333333
496.1765817	0.508333333333333
496.1928043	0.508333333333333
496.2096127	0.508333333333333
496.2264716	0.508333333333333
496.2436081	0.508333333333333
496.2596052	0.508333333333333
496.2766498	0.508333333333333
496.2936141	0.508333333333333
496.3096349	0.508333333333333
496.3268038	0.508333333333333
496.3431831	0.508333333333333
496.3599014	0.508333333333333
496.3766716	0.508333333333333
496.3928808	0.508333333333333
496.4100486	0.508333333333333
496.4267627	0.508333333333333
496.4432491	0.508333333333333
496.4598907	0.508333333333333
496.4805902	0.508333333333333
496.4928867	0.508333333333333
496.5097195	0.508333333333333
496.5269074	0.508333333333333
496.5429023	0.508333333333333
496.5594888	0.508333333333333
496.576231	0.508333333333333
496.5931889	0.508333333333333
496.6098091	0.508333333333333
496.6266957	0.508333333333333
496.6428183	0.508333333333333
496.6595126	0.508333333333333
496.6764729	0.508333333333333
496.6932136	0.508333333333333
496.7098001	0.508333333333333
496.7264558	0.508333333333333
496.7432564	0.508333333333333
496.7598534	0.508333333333333
496.7762529	0.508333333333333
496.7931673	0.508333333333333
496.8097576	0.508333333333333
496.826506	0.508333333333333
496.8430809	0.508333333333333
496.8596194	0.508333333333333
496.8762812	0.508333333333333
496.8929306	0.508333333333333
496.9099121	0.508333333333333
496.9269516	0.508333333333333
496.9432848	0.508333333333333
496.9600234	0.508333333333333
496.9770918	0.508333333333333
496.9933189	0.508333333333333
497.0099067	0.508333333333333
497.0262	0.508333333333333
497.0436986	0.508333333333333
497.0598808	0.508333333333333
497.0763239	0.508333333333333
497.0928324	0.508333333333333
497.1099206	0.508333333333333
497.1268202	0.508333333333333
497.1433045	0.508333333333333
497.1600615	0.508333333333333
497.1768915	0.508333333333333
497.1928326	0.508333333333333
497.2094888	0.508333333333333
497.226679	0.508333333333333
497.2431813	0.508333333333333
497.2599882	0.508333333333333
497.276212	0.508333333333333
497.2928314	0.508333333333333
497.3099252	0.508333333333333
497.3266597	0.508333333333333
497.3428406	0.508333333333333
497.3600745	0.508333333333333
497.3767435	0.508333333333333
497.3932721	0.508333333333333
497.4097792	0.508333333333333
497.4267463	0.508333333333333
497.4434887	0.508333333333333
497.4602196	0.508333333333333
497.476627	0.508333333333333
497.4934299	0.508333333333333
497.5094586	0.508333333333333
497.5261466	0.508333333333333
497.5428824	0.508333333333333
497.559847	0.508333333333333
497.5761814	0.508333333333333
497.5928501	0.508333333333333
497.6099494	0.508333333333333
497.6263227	0.508333333333333
497.6437578	0.508333333333333
497.6597484	0.508333333333333
497.6767654	0.508333333333333
497.6933482	0.508333333333333
497.7097369	0.508333333333333
497.7263749	0.508333333333333
497.7431559	0.508333333333333
497.7593932	0.508333333333333
497.77663	0.508333333333333
497.7932598	0.508333333333333
497.8100051	0.508333333333333
497.8270151	0.508333333333333
497.84355	0.508333333333333
497.8599264	0.508333333333333
497.8766651	0.508333333333333
497.8937363	0.508333333333333
497.9094324	0.508333333333333
497.9261825	0.508333333333333
497.9433058	0.508333333333333
497.9600866	0.508333333333333
497.9766522	0.508333333333333
497.9932232	0.508333333333333
498.0098989	0.508333333333333
498.0268239	0.508333333333333
498.0429792	0.508333333333333
498.0594426	0.508333333333333
498.0765969	0.508333333333333
498.0928162	0.508333333333333
498.1098711	0.508333333333333
498.1266524	0.508333333333333
498.1430011	0.508333333333333
498.1598403	0.508333333333333
498.1761226	0.508333333333333
498.1928032	0.508333333333333
498.2101009	0.508333333333333
498.2266784	0.508333333333333
498.2433721	0.508333333333333
498.2598904	0.508333333333333
498.2762947	0.508333333333333
498.2931337	0.508333333333333
498.3102251	0.508333333333333
498.3267023	0.508333333333333
498.3429606	0.508333333333333
498.3595792	0.508333333333333
498.3766266	0.508333333333333
498.3931604	0.508333333333333
498.4097208	0.508333333333333
498.4267733	0.508333333333333
498.4433744	0.508333333333333
498.4594417	0.508333333333333
498.4765741	0.508333333333333
498.4931781	0.508333333333333
498.5096978	0.508333333333333
498.5265816	0.508333333333333
498.5427764	0.508333333333333
498.5598479	0.508333333333333
498.576613	0.508333333333333
498.5931934	0.508333333333333
498.6098059	0.508333333333333
498.6274207	0.508333333333333
498.6429797	0.508333333333333
498.6596205	0.508333333333333
498.6767124	0.508333333333333
498.6932652	0.508333333333333
498.7098049	0.508333333333333
498.7262751	0.508333333333333
498.7431821	0.508333333333333
498.7597261	0.508333333333333
498.776779	0.508333333333333
498.7930516	0.508333333333333
498.8096815	0.508333333333333
498.8267728	0.508333333333333
498.8428982	0.508333333333333
498.8595854	0.508333333333333
498.8767414	0.508333333333333
498.8931595	0.508333333333333
498.9097943	0.508333333333333
498.926669	0.508333333333333
498.9433006	0.508333333333333
498.9597706	0.508333333333333
498.9767541	0.508333333333333
498.9930991	0.508333333333333
499.0097083	0.508333333333333
499.0267833	0.508333333333333
499.0432946	0.508333333333333
499.0596953	0.508333333333333
499.0762589	0.508333333333333
499.0929442	0.508333333333333
499.1099828	0.508333333333333
499.1265895	0.508333333333333
499.1431718	0.508333333333333
499.1594161	0.508333333333333
499.1762859	0.508333333333333
499.1935407	0.508333333333333
499.209784	0.508333333333333
499.2274448	0.508333333333333
499.2431431	0.508333333333333
499.2594732	0.508333333333333
499.2769335	0.508333333333333
499.29355	0.508333333333333
499.3094505	0.508333333333333
499.3261414	0.508333333333333
499.3431416	0.508333333333333
499.3596602	0.508333333333333
499.3766611	0.508333333333333
499.3933232	0.508333333333333
499.4099033	0.508333333333333
499.4267586	0.508333333333333
499.4429523	0.508333333333333
499.4597893	0.508333333333333
499.4765996	0.508333333333333
499.4931679	0.508333333333333
499.5094397	0.508333333333333
499.5262774	0.508333333333333
499.54279	0.508333333333333
499.5594079	0.508333333333333
499.5765653	0.508333333333333
499.5936201	0.508333333333333
499.6096228	0.508333333333333
499.6263638	0.508333333333333
499.6429854	0.508333333333333
499.6595717	0.508333333333333
499.67655	0.508333333333333
499.6934399	0.508333333333333
499.709818	0.508333333333333
499.7266713	0.508333333333333
499.7431987	0.508333333333333
499.7593214	0.508333333333333
499.776539	0.508333333333333
499.7930621	0.508333333333333
499.8096305	0.508333333333333
499.8271255	0.508333333333333
499.8429076	0.508333333333333
499.8592965	0.508333333333333
499.8762084	0.508333333333333
499.8932487	0.508333333333333
499.9095685	0.508333333333333
499.9262406	0.508333333333333
499.9468073	0.508333333333333
499.9597777	0.508333333333333
499.9763333	0.508333333333333
499.992837	0.508333333333333
500.0095831	0.508333333333333
500.0267727	0.508333333333333
500.0430227	0.508333333333333
500.0594186	0.508333333333333
500.0762327	0.508333333333333
500.0932199	0.508333333333333
500.1098876	0.508333333333333
500.1264754	0.508333333333333
500.1435158	0.508333333333333
500.159757	0.508333333333333
500.1766386	0.508333333333333
500.1932844	0.508333333333333
500.2094081	0.508333333333333
500.2269815	0.508333333333333
500.2431316	0.508333333333333
500.2593531	0.508333333333333
500.2766519	0.508333333333333
500.2929459	0.508333333333333
500.3096033	0.508333333333333
500.3266063	0.508333333333333
500.3429916	0.508333333333333
500.3596553	0.508333333333333
500.3766201	0.508333333333333
500.3935643	0.508333333333333
500.4100824	0.508333333333333
500.4270876	0.508333333333333
500.443085	0.508333333333333
500.45974	0.508333333333333
500.4765576	0.508333333333333
500.4931561	0.508333333333333
500.5096608	0.508333333333333
500.526124	0.508333333333333
500.5429841	0.508333333333333
500.5597463	0.508333333333333
500.5763183	0.508333333333333
500.5931266	0.508333333333333
500.6101199	0.508333333333333
500.6266544	0.508333333333333
500.6430796	0.508333333333333
500.6598831	0.508333333333333
500.6767383	0.508333333333333
500.6932239	0.508333333333333
500.7099225	0.508333333333333
500.7265887	0.508333333333333
500.7430712	0.508333333333333
500.7594935	0.508333333333333
500.776512	0.508333333333333
500.7930215	0.508333333333333
500.8100904	0.508333333333333
500.8269641	0.508333333333333
500.8431869	0.508333333333333
500.8594564	0.508333333333333
500.8764447	0.508333333333333
500.8929508	0.508333333333333
500.9101099	0.508333333333333
500.9264652	0.508333333333333
500.9431711	0.508333333333333
500.9598565	0.508333333333333
500.9761484	0.508333333333333
500.9932142	0.508333333333333
501.0097441	0.508333333333333
501.0268036	0.508333333333333
501.0432831	0.508333333333333
501.059423	0.508333333333333
501.0769487	0.508333333333333
501.0932832	0.508333333333333
501.1094189	0.508333333333333
501.1267352	0.508333333333333
501.1429498	0.508333333333333
501.1598426	0.508333333333333
501.1763598	0.508333333333333
501.193442	0.508333333333333
501.210198	0.508333333333333
501.2266161	0.508333333333333
501.243596	0.508333333333333
501.2596223	0.508333333333333
501.2767217	0.508333333333333
501.2931722	0.508333333333333
501.3097945	0.508333333333333
501.3262171	0.508333333333333
501.3431948	0.508333333333333
501.3599492	0.508333333333333
501.3768225	0.508333333333333
501.3931777	0.508333333333333
501.4094236	0.508333333333333
501.4262289	0.508333333333333
501.4428594	0.508333333333333
501.4594583	0.508333333333333
501.4762261	0.508333333333333
501.4929877	0.508333333333333
501.5099806	0.508333333333333
501.5267844	0.508333333333333
501.5430285	0.508333333333333
501.5597886	0.508333333333333
501.576674	0.508333333333333
501.593298	0.508333333333333
501.6099541	0.508333333333333
501.626517	0.508333333333333
501.6427058	0.508333333333333
501.6597096	0.508333333333333
501.6764821	0.508333333333333
501.6934467	0.508333333333333
501.7098493	0.508333333333333
501.7266184	0.508333333333333
501.7435057	0.508333333333333
501.7595347	0.508333333333333
501.7761303	0.508333333333333
501.7927648	0.508333333333333
501.8093824	0.508333333333333
501.8267901	0.508333333333333
501.8427738	0.508333333333333
501.8594361	0.508333333333333
501.8767144	0.508333333333333
501.8932027	0.508333333333333
501.9095562	0.508333333333333
501.9268596	0.508333333333333
501.9432727	0.508333333333333
501.959868	0.508333333333333
501.9764732	0.508333333333333
501.9937747	0.508333333333333
502.0101258	0.508333333333333
502.0261979	0.508333333333333
502.0435682	0.508333333333333
502.0596991	0.508333333333333
502.0766367	0.508333333333333
502.0930456	0.508333333333333
502.1097402	0.508333333333333
502.1263551	0.508333333333333
502.1431855	0.508333333333333
502.1595216	0.508333333333333
502.1763808	0.508333333333333
502.1932175	0.508333333333333
502.2099957	0.508333333333333
502.2265873	0.508333333333333
502.2431628	0.508333333333333
502.2595079	0.508333333333333
502.2766188	0.508333333333333
502.2932647	0.508333333333333
502.3097554	0.508333333333333
502.3267845	0.508333333333333
502.3432244	0.508333333333333
502.3596988	0.508333333333333
502.3765146	0.508333333333333
502.3930117	0.508333333333333
502.4095548	0.508333333333333
502.4268466	0.508333333333333
502.4433122	0.508333333333333
502.4600036	0.508333333333333
502.4767637	0.508333333333333
502.4935555	0.508333333333333
502.5093768	0.508333333333333
502.5260894	0.508333333333333
502.5431366	0.508333333333333
502.5594932	0.508333333333333
502.5765967	0.508333333333333
502.593086	0.508333333333333
502.6094722	0.508333333333333
502.6261495	0.508333333333333
502.6432808	0.508333333333333
502.6596863	0.508333333333333
502.676497	0.508333333333333
502.6928752	0.508333333333333
502.7096872	0.508333333333333
502.726413	0.508333333333333
502.7432658	0.508333333333333
502.7594971	0.508333333333333
502.776621	0.508333333333333
502.7930179	0.508333333333333
502.8095588	0.508333333333333
502.8263156	0.508333333333333
502.8433156	0.508333333333333
502.8594857	0.508333333333333
502.8766097	0.508333333333333
502.8928806	0.508333333333333
502.910133	0.508333333333333
502.9262919	0.508333333333333
502.9430088	0.508333333333333
502.959789	0.508333333333333
502.9766367	0.508333333333333
502.9930362	0.508333333333333
503.0098908	0.508333333333333
503.0269575	0.508333333333333
503.0432183	0.508333333333333
503.0597224	0.508333333333333
503.076741	0.508333333333333
503.0930735	0.508333333333333
503.1100654	0.508333333333333
503.1266625	0.508333333333333
503.1428036	0.508333333333333
503.1593553	0.508333333333333
503.1763207	0.508333333333333
503.1931065	0.508333333333333
503.2097163	0.508333333333333
503.2260993	0.508333333333333
503.2429208	0.508333333333333
503.2595078	0.508333333333333
503.2769242	0.508333333333333
503.293272	0.508333333333333
503.309799	0.508333333333333
503.3266078	0.508333333333333
503.3432028	0.508333333333333
503.3596124	0.508333333333333
503.3760992	0.508333333333333
503.3928553	0.508333333333333
503.4096226	0.508333333333333
503.4267208	0.508333333333333
503.4436317	0.508333333333333
503.4594479	0.508333333333333
503.476709	0.508333333333333
503.4930643	0.508333333333333
503.5098207	0.508333333333333
503.5261968	0.508333333333333
503.5432734	0.508333333333333
503.5597543	0.508333333333333
503.5766534	0.508333333333333
503.5927179	0.508333333333333
503.6093288	0.508333333333333
503.626183	0.508333333333333
503.6430708	0.508333333333333
503.6598239	0.508333333333333
503.6761373	0.508333333333333
503.6929052	0.508333333333333
503.7095014	0.508333333333333
503.7268224	0.508333333333333
503.7431278	0.508333333333333
503.7597257	0.508333333333333
503.7764149	0.508333333333333
503.7927709	0.508333333333333
503.8097613	0.508333333333333
503.8264885	0.508333333333333
503.8428572	0.508333333333333
503.8596663	0.508333333333333
503.8766681	0.508333333333333
503.892853	0.508333333333333
503.909735	0.508333333333333
503.9265587	0.508333333333333
503.9432321	0.508333333333333
503.9593386	0.508333333333333
503.9762815	0.508333333333333
503.993066	0.508333333333333
504.0092835	0.508333333333333
504.0263297	0.508333333333333
504.0432395	0.508333333333333
504.059619	0.508333333333333
504.0765191	0.508333333333333
504.0927684	0.508333333333333
504.1093249	0.508333333333333
504.1261206	0.508333333333333
504.142984	0.508333333333333
504.1594764	0.508333333333333
504.1767225	0.508333333333333
504.1930433	0.508333333333333
504.2098553	0.508333333333333
504.2265848	0.508333333333333
504.2432405	0.508333333333333
504.2595303	0.508333333333333
504.2763307	0.508333333333333
504.2927055	0.508333333333333
504.3097626	0.508333333333333
504.3260923	0.508333333333333
504.3429136	0.508333333333333
504.3597007	0.508333333333333
504.3764356	0.508333333333333
504.3928052	0.508333333333333
504.4095057	0.508333333333333
504.426934	0.508333333333333
504.4429655	0.508333333333333
504.459458	0.508333333333333
504.4760717	0.508333333333333
504.492833	0.508333333333333
504.5096012	0.508333333333333
504.5264623	0.508333333333333
504.5426292	0.508333333333333
504.5595138	0.508333333333333
504.5760898	0.508333333333333
504.5925054	0.508333333333333
504.6096151	0.508333333333333
504.6261738	0.508333333333333
504.6436801	0.508333333333333
504.6593886	0.508333333333333
504.6761279	0.508333333333333
504.6927162	0.508333333333333
504.7097355	0.508333333333333
504.7265989	0.508333333333333
504.742995	0.508333333333333
504.7598276	0.508333333333333
504.7765632	0.508333333333333
504.7928892	0.508333333333333
504.8096197	0.508333333333333
504.8263314	0.508333333333333
504.8428575	0.508333333333333
504.8592538	0.508333333333333
504.8761144	0.508333333333333
504.8928848	0.508333333333333
504.9099564	0.508333333333333
504.9262386	0.508333333333333
504.9430127	0.508333333333333
504.9595796	0.508333333333333
504.9765639	0.508333333333333
504.9930409	0.508333333333333
505.0097485	0.508333333333333
505.0266585	0.508333333333333
505.0429584	0.508333333333333
505.0598789	0.508333333333333
505.0765953	0.508333333333333
505.0927869	0.508333333333333
505.1094864	0.508333333333333
505.126375	0.508333333333333
505.1433019	0.508333333333333
505.1594803	0.508333333333333
505.1762078	0.508333333333333
505.1929352	0.508333333333333
505.2096683	0.508333333333333
505.226538	0.508333333333333
505.2429	0.508333333333333
505.2603627	0.508333333333333
505.2759843	0.508333333333333
505.2929307	0.508333333333333
505.3094254	0.508333333333333
505.326476	0.508333333333333
505.3431055	0.508333333333333
505.3598371	0.508333333333333
505.3761996	0.508333333333333
505.3929649	0.508333333333333
505.4095292	0.508333333333333
505.4263847	0.508333333333333
505.4432749	0.508333333333333
505.4599629	0.508333333333333
505.4763844	0.508333333333333
505.492523	0.508333333333333
505.5094002	0.508333333333333
505.5263592	0.508333333333333
505.5428477	0.508333333333333
505.5593902	0.508333333333333
505.5764647	0.508333333333333
505.5929373	0.508333333333333
505.6093058	0.508333333333333
505.6265314	0.508333333333333
505.6430214	0.508333333333333
505.6592215	0.508333333333333
505.6763708	0.508333333333333
505.6932041	0.508333333333333
505.709737	0.508333333333333
505.7265597	0.508333333333333
505.742591	0.508333333333333
505.7593069	0.508333333333333
505.7761114	0.508333333333333
505.7925242	0.508333333333333
505.8096414	0.508333333333333
505.8265841	0.508333333333333
505.8431729	0.508333333333333
505.8600944	0.508333333333333
505.8762964	0.508333333333333
505.8927097	0.508333333333333
505.9094875	0.508333333333333
505.9264102	0.508333333333333
505.9428816	0.508333333333333
505.9598276	0.508333333333333
505.9766463	0.508333333333333
505.9928913	0.508333333333333
506.0092862	0.508333333333333
506.0266557	0.508333333333333
506.0429983	0.508333333333333
506.0593557	0.508333333333333
506.0764924	0.508333333333333
506.0928872	0.508333333333333
506.1097766	0.508333333333333
506.1264134	0.508333333333333
506.1424397	0.508333333333333
506.1592682	0.508333333333333
506.1763824	0.508333333333333
506.1930328	0.508333333333333
506.2096734	0.508333333333333
506.2266418	0.508333333333333
506.2427938	0.508333333333333
506.2593976	0.508333333333333
506.2763971	0.508333333333333
506.2925491	0.508333333333333
506.3097632	0.508333333333333
506.3261723	0.508333333333333
506.3431151	0.508333333333333
506.3597533	0.508333333333333
506.3765767	0.508333333333333
506.3931414	0.508333333333333
506.4096671	0.508333333333333
506.4264473	0.508333333333333
506.4425992	0.508333333333333
506.4592864	0.508333333333333
506.476024	0.508333333333333
506.4928671	0.508333333333333
506.5093617	0.508333333333333
506.526086	0.508333333333333
506.5430204	0.508333333333333
506.5593534	0.508333333333333
506.5763989	0.508333333333333
506.5930873	0.508333333333333
506.6094932	0.508333333333333
506.6264585	0.508333333333333
506.642644	0.508333333333333
506.6592608	0.508333333333333
506.6763086	0.508333333333333
506.6930236	0.508333333333333
506.7092646	0.508333333333333
506.7264164	0.508333333333333
506.7428545	0.508333333333333
506.7596343	0.508333333333333
506.7763562	0.508333333333333
506.7926506	0.508333333333333
506.8092999	0.508333333333333
506.8265864	0.508333333333333
506.8428772	0.508333333333333
506.8595405	0.508333333333333
506.8762756	0.508333333333333
506.8926691	0.508333333333333
506.9091391	0.508333333333333
506.9258123	0.508333333333333
506.9430763	0.508333333333333
506.9597774	0.508333333333333
506.9763884	0.508333333333333
506.9930874	0.508333333333333
507.0094993	0.508333333333333
507.0264787	0.508333333333333
507.043136	0.508333333333333
507.0594294	0.508333333333333
507.0762368	0.508333333333333
507.0930782	0.508333333333333
507.1093871	0.508333333333333
507.125995	0.508333333333333
507.1429947	0.508333333333333
507.1596535	0.508333333333333
507.1760491	0.508333333333333
507.1930818	0.508333333333333
507.2095395	0.508333333333333
507.2262836	0.508333333333333
507.2431576	0.508333333333333
507.259583	0.508333333333333
507.2766562	0.508333333333333
507.293338	0.508333333333333
507.3094752	0.508333333333333
507.3262274	0.508333333333333
507.3426024	0.508333333333333
507.3593892	0.508333333333333
507.3763051	0.508333333333333
507.3924713	0.508333333333333
507.4091877	0.508333333333333
507.4259208	0.508333333333333
507.4424807	0.508333333333333
507.4594793	0.508333333333333
507.4760787	0.508333333333333
507.493112	0.508333333333333
507.5098373	0.508333333333333
507.5264405	0.508333333333333
507.5428663	0.508333333333333
507.5596737	0.508333333333333
507.5761089	0.508333333333333
507.5926912	0.508333333333333
507.6092702	0.508333333333333
507.6257814	0.508333333333333
507.6426433	0.508333333333333
507.6593412	0.508333333333333
507.675842	0.508333333333333
507.692687	0.508333333333333
507.7090282	0.508333333333333
507.7264832	0.508333333333333
507.7424451	0.508333333333333
507.7596784	0.508333333333333
507.7763319	0.508333333333333
507.7925808	0.508333333333333
507.809479	0.508333333333333
507.8265487	0.508333333333333
507.8428572	0.508333333333333
507.8592793	0.508333333333333
507.8765758	0.508333333333333
507.8930454	0.508333333333333
507.9095815	0.508333333333333
507.9263436	0.508333333333333
507.9428965	0.508333333333333
507.9600082	0.508333333333333
507.9763405	0.508333333333333
507.9939868	0.508333333333333
508.0093827	0.508333333333333
508.0264853	0.508333333333333
508.0425279	0.508333333333333
508.0594745	0.508333333333333
508.0759532	0.508333333333333
508.0925841	0.508333333333333
508.1092871	0.508333333333333
508.1264016	0.508333333333333
508.1432342	0.508333333333333
508.1592174	0.508333333333333
508.1761201	0.508333333333333
508.1932378	0.508333333333333
508.2097557	0.508333333333333
508.2266227	0.508333333333333
508.2430895	0.508333333333333
508.2591134	0.508333333333333
508.2760627	0.508333333333333
508.2928165	0.508333333333333
508.3095924	0.508333333333333
508.3261433	0.508333333333333
508.3425736	0.508333333333333
508.3594256	0.508333333333333
508.3760124	0.508333333333333
508.3930519	0.508333333333333
508.4096564	0.508333333333333
508.4268143	0.508333333333333
508.4430249	0.508333333333333
508.4597747	0.508333333333333
508.4762147	0.508333333333333
508.4925344	0.508333333333333
508.509614	0.508333333333333
508.5262134	0.508333333333333
508.5425849	0.508333333333333
508.5594825	0.508333333333333
508.5763402	0.508333333333333
508.5929635	0.508333333333333
508.6092635	0.508333333333333
508.6259889	0.508333333333333
508.6429663	0.508333333333333
508.6594202	0.508333333333333
508.6764935	0.508333333333333
508.6923673	0.508333333333333
508.7096827	0.508333333333333
508.7259689	0.508333333333333
508.7428219	0.508333333333333
508.7596531	0.508333333333333
508.7764248	0.508333333333333
508.7925739	0.508333333333333
508.8091872	0.508333333333333
508.8263776	0.508333333333333
508.8428	0.508333333333333
508.8594111	0.508333333333333
508.8759278	0.508333333333333
508.8929472	0.508333333333333
508.9096345	0.508333333333333
508.9258875	0.508333333333333
508.943293	0.508333333333333
508.9596478	0.508333333333333
508.9757614	0.508333333333333
508.9924119	0.508333333333333
509.0090987	0.508333333333333
509.0259026	0.508333333333333
509.0429314	0.508333333333333
509.0595621	0.508333333333333
509.076116	0.508333333333333
509.0926132	0.508333333333333
509.1094054	0.508333333333333
509.1258491	0.508333333333333
509.1427786	0.508333333333333
509.1596091	0.508333333333333
509.175847	0.508333333333333
509.192569	0.508333333333333
509.2092147	0.508333333333333
509.2258045	0.508333333333333
509.2426987	0.508333333333333
509.2595331	0.508333333333333
509.2759438	0.508333333333333
509.2936527	0.508333333333333
509.3099907	0.508333333333333
509.3259721	0.508333333333333
509.3430414	0.508333333333333
509.3597794	0.508333333333333
509.3759701	0.508333333333333
509.3926797	0.508333333333333
509.4095946	0.508333333333333
509.4263851	0.508333333333333
509.4426466	0.508333333333333
509.4594509	0.508333333333333
509.4758444	0.508333333333333
509.4927647	0.508333333333333
509.5091412	0.508333333333333
509.5258995	0.508333333333333
509.5427434	0.508333333333333
509.5595052	0.508333333333333
509.5759762	0.508333333333333
509.5924414	0.508333333333333
509.6092301	0.508333333333333
509.6260831	0.508333333333333
509.6428327	0.508333333333333
509.6591432	0.508333333333333
509.6758964	0.508333333333333
509.6929433	0.508333333333333
509.7095589	0.508333333333333
509.7258475	0.508333333333333
509.7426458	0.508333333333333
509.7592566	0.508333333333333
509.7761486	0.508333333333333
509.7926645	0.508333333333333
509.8095144	0.508333333333333
509.826072	0.508333333333333
509.8430864	0.508333333333333
509.8597516	0.508333333333333
509.876216	0.508333333333333
509.8928223	0.508333333333333
509.9092363	0.508333333333333
509.9261756	0.508333333333333
509.9425284	0.508333333333333
509.9591403	0.508333333333333
509.9759738	0.508333333333333
509.992641	0.508333333333333
510.0096675	0.508333333333333
510.0261962	0.508333333333333
510.0427412	0.508333333333333
510.0595036	0.508333333333333
510.0758851	0.508333333333333
510.0932618	0.508333333333333
510.1096631	0.508333333333333
510.1258518	0.508333333333333
510.1430365	0.508333333333333
510.1596408	0.508333333333333
510.1759506	0.508333333333333
510.1930689	0.508333333333333
510.2096352	0.508333333333333
510.2259736	0.508333333333333
510.2429522	0.508333333333333
510.2595343	0.508333333333333
510.2764389	0.508333333333333
510.2926948	0.508333333333333
510.3097663	0.508333333333333
510.3260851	0.508333333333333
510.3427988	0.508333333333333
510.3593466	0.508333333333333
510.3758662	0.508333333333333
510.3927366	0.508333333333333
510.4091967	0.508333333333333
510.4263409	0.508333333333333
510.4427935	0.508333333333333
510.4590569	0.508333333333333
510.4762875	0.508333333333333
510.4929851	0.508333333333333
510.5096056	0.508333333333333
510.5258443	0.508333333333333
510.5425823	0.508333333333333
510.559084	0.508333333333333
510.5761788	0.508333333333333
510.5925229	0.508333333333333
510.6091608	0.508333333333333
510.6261004	0.508333333333333
510.6426398	0.508333333333333
510.6592762	0.508333333333333
510.6760789	0.508333333333333
510.6929756	0.508333333333333
510.7097803	0.508333333333333
510.7265149	0.508333333333333
510.7427791	0.508333333333333
510.7591771	0.508333333333333
510.7762295	0.508333333333333
510.7924846	0.508333333333333
510.8093322	0.508333333333333
510.8262675	0.508333333333333
510.843003	0.508333333333333
510.8595502	0.508333333333333
510.8761335	0.508333333333333
510.8929126	0.508333333333333
510.9093685	0.508333333333333
510.9260356	0.508333333333333
510.9423761	0.508333333333333
510.9591867	0.508333333333333
510.9761328	0.508333333333333
510.9929275	0.508333333333333
511.0094792	0.508333333333333
511.0262508	0.508333333333333
511.0426264	0.508333333333333
511.0593988	0.508333333333333
511.076071	0.508333333333333
511.0926888	0.508333333333333
511.1090896	0.508333333333333
511.1261723	0.508333333333333
511.1430229	0.508333333333333
511.1592724	0.508333333333333
511.1759625	0.508333333333333
511.1933528	0.508333333333333
511.2094825	0.508333333333333
511.2262447	0.508333333333333
511.2427907	0.508333333333333
511.2593548	0.508333333333333
511.2761188	0.508333333333333
511.2925128	0.508333333333333
511.3096119	0.508333333333333
511.3258513	0.508333333333333
511.3429912	0.508333333333333
511.3593429	0.508333333333333
511.3762606	0.508333333333333
511.3929804	0.508333333333333
511.409478	0.508333333333333
511.4265053	0.508333333333333
511.4430471	0.508333333333333
511.4593667	0.508333333333333
511.4762818	0.508333333333333
511.492329	0.508333333333333
511.5089393	0.508333333333333
511.5258068	0.508333333333333
511.5429072	0.508333333333333
511.559793	0.508333333333333
511.5762271	0.508333333333333
511.5928549	0.508333333333333
511.6095124	0.508333333333333
511.6262864	0.508333333333333
511.6433658	0.508333333333333
511.6591291	0.508333333333333
511.6762359	0.508333333333333
511.6930903	0.508333333333333
511.7094586	0.508333333333333
511.7256567	0.508333333333333
511.7429121	0.508333333333333
511.7588653	0.508333333333333
511.7761606	0.508333333333333
511.7930648	0.508333333333333
511.809601	0.508333333333333
511.8260375	0.508333333333333
511.8429611	0.508333333333333
511.8591085	0.508333333333333
511.8759655	0.508333333333333
511.892596	0.508333333333333
511.9091126	0.508333333333333
511.9259262	0.508333333333333
511.9427277	0.508333333333333
511.9590566	0.508333333333333
511.9758794	0.508333333333333
511.9929128	0.508333333333333
512.0092442	0.508333333333333
512.0263991	0.508333333333333
512.0428493	0.508333333333333
512.0595546	0.508333333333333
512.0758627	0.508333333333333
512.0929853	0.508333333333333
512.1101513	0.508333333333333
512.1260501	0.508333333333333
512.1427289	0.508333333333333
512.1592051	0.508333333333333
512.1760355	0.508333333333333
512.1924765	0.508333333333333
512.2091277	0.508333333333333
512.225815	0.508333333333333
512.243057	0.508333333333333
512.2592027	0.508333333333333
512.2758511	0.508333333333333
512.2930398	0.508333333333333
512.3098423	0.508333333333333
512.3260572	0.508333333333333
512.3425657	0.508333333333333
512.3592282	0.508333333333333
512.3759999	0.508333333333333
512.3925459	0.508333333333333
512.4093062	0.508333333333333
512.4258768	0.508333333333333
512.4429118	0.508333333333333
512.4592405	0.508333333333333
512.475844	0.508333333333333
512.4928734	0.508333333333333
512.5099715	0.508333333333333
512.5257226	0.508333333333333
512.5429073	0.508333333333333
512.5596398	0.508333333333333
512.5761668	0.508333333333333
512.5925402	0.508333333333333
512.6096107	0.508333333333333
512.626022	0.508333333333333
512.6424223	0.508333333333333
512.6593482	0.508333333333333
512.6759482	0.508333333333333
512.6927959	0.508333333333333
512.7092482	0.508333333333333
512.7261977	0.508333333333333
512.7429277	0.508333333333333
512.7590554	0.508333333333333
512.7764735	0.508333333333333
512.7927842	0.508333333333333
512.8093891	0.508333333333333
512.8258831	0.508333333333333
512.8423939	0.508333333333333
512.8593499	0.508333333333333
512.8758537	0.508333333333333
512.8925873	0.508333333333333
512.9089645	0.508333333333333
512.9257737	0.508333333333333
512.9428142	0.508333333333333
512.9596942	0.508333333333333
512.9762309	0.508333333333333
512.9925493	0.508333333333333
513.0091121	0.508333333333333
513.0260673	0.508333333333333
513.0430316	0.508333333333333
513.0593506	0.508333333333333
513.0770122	0.508333333333333
513.0928776	0.508333333333333
513.1095551	0.508333333333333
513.1265856	0.508333333333333
513.1424787	0.508333333333333
513.1595506	0.508333333333333
513.1760489	0.508333333333333
513.1928726	0.508333333333333
513.2096108	0.508333333333333
513.2262376	0.508333333333333
513.2430161	0.508333333333333
513.2594067	0.508333333333333
513.2762621	0.508333333333333
513.2926556	0.508333333333333
513.3091056	0.508333333333333
513.3255958	0.508333333333333
513.3429113	0.508333333333333
513.3591325	0.508333333333333
513.3759071	0.508333333333333
513.3924309	0.508333333333333
513.4092626	0.508333333333333
513.4255901	0.508333333333333
513.4429627	0.508333333333333
513.4590587	0.508333333333333
513.4755511	0.508333333333333
513.4930772	0.508333333333333
513.5095483	0.508333333333333
513.5256138	0.508333333333333
513.5427562	0.508333333333333
513.5590827	0.508333333333333
513.5755756	0.508333333333333
513.5928793	0.508333333333333
513.6090998	0.508333333333333
513.6263388	0.508333333333333
513.6424035	0.508333333333333
513.6591631	0.508333333333333
513.6755241	0.508333333333333
513.692991	0.508333333333333
513.7090215	0.508333333333333
513.7256146	0.508333333333333
513.7430199	0.508333333333333
513.7592946	0.508333333333333
513.7760131	0.508333333333333
513.7924415	0.508333333333333
513.8091408	0.508333333333333
513.8256905	0.508333333333333
513.8422665	0.508333333333333
513.8587902	0.508333333333333
513.8757	0.508333333333333
513.8924718	0.508333333333333
513.9092867	0.508333333333333
513.9256326	0.508333333333333
513.9425175	0.508333333333333
513.9595727	0.508333333333333
513.975921	0.508333333333333
513.9924935	0.508333333333333
514.0097043	0.508333333333333
514.0256037	0.508333333333333
514.0428344	0.508333333333333
514.0592842	0.508333333333333
514.0756461	0.508333333333333
514.0924108	0.508333333333333
514.1091291	0.508333333333333
514.1258858	0.508333333333333
514.142691	0.508333333333333
514.1590342	0.508333333333333
514.1757456	0.508333333333333
514.192368	0.508333333333333
514.2093605	0.508333333333333
514.2261745	0.508333333333333
514.2427099	0.508333333333333
514.2592727	0.508333333333333
514.275518	0.508333333333333
514.29243	0.508333333333333
514.3093097	0.508333333333333
514.3255806	0.508333333333333
514.3428619	0.508333333333333
514.3593604	0.508333333333333
514.3755854	0.508333333333333
514.3930748	0.508333333333333
514.4096539	0.508333333333333
514.4257252	0.508333333333333
514.4429711	0.508333333333333
514.4591294	0.508333333333333
514.4755403	0.508333333333333
514.492947	0.508333333333333
514.5093298	0.508333333333333
514.5259282	0.508333333333333
514.5427268	0.508333333333333
514.5592705	0.508333333333333
514.5755776	0.508333333333333
514.5928172	0.508333333333333
514.6091243	0.508333333333333
514.6255723	0.508333333333333
514.6431341	0.508333333333333
514.6590383	0.508333333333333
514.6762912	0.508333333333333
514.6929105	0.508333333333333
514.7095878	0.508333333333333
514.7259598	0.508333333333333
514.7428109	0.508333333333333
514.7591203	0.508333333333333
514.775916	0.508333333333333
514.7924242	0.508333333333333
514.8092401	0.508333333333333
514.8255773	0.508333333333333
514.842445	0.508333333333333
514.8589809	0.508333333333333
514.8757662	0.508333333333333
514.8926914	0.508333333333333
514.9090432	0.508333333333333
514.9258898	0.508333333333333
514.9432132	0.508333333333333
514.9590958	0.508333333333333
514.9759193	0.508333333333333
514.9922869	0.508333333333333
515.0092003	0.508333333333333
515.026167	0.508333333333333
515.0424979	0.508333333333333
515.0594916	0.508333333333333
515.0755477	0.508333333333333
515.0924703	0.508333333333333
515.1095922	0.508333333333333
515.1259298	0.508333333333333
515.1427549	0.508333333333333
515.1591255	0.508333333333333
515.1760483	0.508333333333333
515.1925681	0.508333333333333
515.2093543	0.508333333333333
515.2261556	0.508333333333333
515.2428534	0.508333333333333
515.2592982	0.508333333333333
515.2755965	0.508333333333333
515.2924957	0.508333333333333
515.309081	0.508333333333333
515.3260752	0.508333333333333
515.3429336	0.508333333333333
515.3599443	0.508333333333333
515.3763654	0.508333333333333
515.392298	0.508333333333333
515.4089454	0.508333333333333
515.4257652	0.508333333333333
515.4428977	0.508333333333333
515.4593339	0.508333333333333
515.4760951	0.508333333333333
515.4925723	0.508333333333333
515.509448	0.508333333333333
515.5260625	0.508333333333333
515.5426336	0.508333333333333
515.55903	0.508333333333333
515.576126	0.508333333333333
515.5923717	0.508333333333333
515.6089999	0.508333333333333
515.6261877	0.508333333333333
515.6424848	0.508333333333333
515.65911	0.508333333333333
515.6755255	0.508333333333333
515.6923464	0.508333333333333
515.7097821	0.508333333333333
515.7261056	0.508333333333333
515.7423592	0.508333333333333
515.7592452	0.508333333333333
515.775829	0.508333333333333
515.7929362	0.508333333333333
515.8095047	0.508333333333333
515.826214	0.508333333333333
515.8427557	0.508333333333333
515.8596511	0.508333333333333
515.8758714	0.508333333333333
515.8921894	0.508333333333333
515.9089986	0.508333333333333
515.9261128	0.508333333333333
515.9426698	0.508333333333333
515.9594722	0.508333333333333
515.9759721	0.508333333333333
515.9926894	0.508333333333333
516.0091526	0.508333333333333
516.0255347	0.508333333333333
516.0423077	0.508333333333333
516.0587072	0.508333333333333
516.0759003	0.508333333333333
516.0928502	0.508333333333333
516.1095284	0.508333333333333
516.1259431	0.508333333333333
516.1428678	0.508333333333333
516.159588	0.508333333333333
516.1755692	0.508333333333333
516.1925619	0.508333333333333
516.2092495	0.508333333333333
516.2259051	0.508333333333333
516.2428281	0.508333333333333
516.2589425	0.508333333333333
516.2755109	0.508333333333333
516.2929037	0.508333333333333
516.3088418	0.508333333333333
516.3259605	0.508333333333333
516.3426282	0.508333333333333
516.3591506	0.508333333333333
516.3758252	0.508333333333333
516.3924054	0.508333333333333
516.4090476	0.508333333333333
516.4261104	0.508333333333333
516.4428853	0.508333333333333
516.4594387	0.508333333333333
516.4757905	0.508333333333333
516.4928566	0.508333333333333
516.5093433	0.508333333333333
516.5257127	0.508333333333333
516.542568	0.508333333333333
516.5591243	0.508333333333333
516.576151	0.508333333333333
516.5925	0.508333333333333
516.6092612	0.508333333333333
516.6262163	0.508333333333333
516.6443954	0.508333333333333
516.6593308	0.508333333333333
516.6757024	0.508333333333333
516.6923481	0.508333333333333
516.7097881	0.508333333333333
516.725558	0.508333333333333
516.7422679	0.508333333333333
516.7595912	0.508333333333333
516.7755959	0.508333333333333
516.7924862	0.508333333333333
516.808952	0.508333333333333
516.8255917	0.508333333333333
516.8429306	0.508333333333333
516.8591455	0.508333333333333
516.8759903	0.508333333333333
516.8926533	0.508333333333333
516.9089456	0.508333333333333
516.9262169	0.508333333333333
516.9427655	0.508333333333333
516.9591374	0.508333333333333
516.9762292	0.508333333333333
516.9928542	0.508333333333333
517.0088266	0.508333333333333
517.0261998	0.508333333333333
517.0425225	0.508333333333333
517.0591906	0.508333333333333
517.0758428	0.508333333333333
517.0923266	0.508333333333333
517.1089648	0.508333333333333
517.1260327	0.508333333333333
517.1423039	0.508333333333333
517.1596241	0.508333333333333
517.1754897	0.508333333333333
517.192298	0.508333333333333
517.2088702	0.508333333333333
517.2256619	0.508333333333333
517.242288	0.508333333333333
517.2591511	0.508333333333333
517.2754046	0.508333333333333
517.2923836	0.508333333333333
517.3093344	0.508333333333333
517.3258333	0.508333333333333
517.342672	0.508333333333333
517.3591346	0.508333333333333
517.3763372	0.508333333333333
517.3927493	0.508333333333333
517.4088656	0.508333333333333
517.4256745	0.508333333333333
517.4420898	0.508333333333333
517.4590507	0.508333333333333
517.4761465	0.508333333333333
517.4926972	0.508333333333333
517.5089171	0.508333333333333
517.5259893	0.508333333333333
517.5422586	0.508333333333333
517.5588608	0.508333333333333
517.5761702	0.508333333333333
517.5927319	0.508333333333333
517.6091194	0.508333333333333
517.6258706	0.508333333333333
517.6426047	0.508333333333333
517.6593882	0.508333333333333
517.6757697	0.508333333333333
517.6924682	0.508333333333333
517.7091829	0.508333333333333
517.7259492	0.508333333333333
517.7425364	0.508333333333333
517.7588952	0.508333333333333
517.7757077	0.508333333333333
517.7923378	0.508333333333333
517.8090804	0.508333333333333
517.8259108	0.508333333333333
517.8427238	0.508333333333333
517.8591315	0.508333333333333
517.876027	0.508333333333333
517.8924042	0.508333333333333
517.9089641	0.508333333333333
517.9260282	0.508333333333333
517.9426883	0.508333333333333
517.9589377	0.508333333333333
517.9756624	0.508333333333333
517.992376	0.508333333333333
518.0092755	0.508333333333333
518.026071	0.508333333333333
518.0427365	0.508333333333333
518.0594923	0.508333333333333
518.0762244	0.508333333333333
518.0926363	0.508333333333333
518.1091119	0.508333333333333
518.1255174	0.508333333333333
518.1422655	0.508333333333333
518.159098	0.508333333333333
518.1760147	0.508333333333333
518.1923828	0.508333333333333
518.2091106	0.508333333333333
518.2257626	0.508333333333333
518.2425945	0.508333333333333
518.2593579	0.508333333333333
518.2761252	0.508333333333333
518.2928109	0.508333333333333
518.3089148	0.508333333333333
518.3259251	0.508333333333333
518.3422295	0.508333333333333
518.3593532	0.508333333333333
518.375967	0.508333333333333
518.3923803	0.508333333333333
518.4092141	0.508333333333333
518.4263256	0.508333333333333
518.442667	0.508333333333333
518.4592252	0.508333333333333
518.4760878	0.508333333333333
518.4925568	0.508333333333333
518.5091658	0.508333333333333
518.5255755	0.508333333333333
518.5420518	0.508333333333333
518.559094	0.508333333333333
518.5756302	0.508333333333333
518.5923894	0.508333333333333
518.6088992	0.508333333333333
518.6260708	0.508333333333333
518.6420297	0.508333333333333
518.6588214	0.508333333333333
518.6756584	0.508333333333333
518.6926909	0.508333333333333
518.7089156	0.508333333333333
518.7255442	0.508333333333333
518.7425831	0.508333333333333
518.7591272	0.508333333333333
518.7761626	0.508333333333333
518.7925125	0.508333333333333
518.8087983	0.508333333333333
518.8254957	0.508333333333333
518.8427448	0.508333333333333
518.8587346	0.508333333333333
518.8759999	0.508333333333333
518.8925976	0.508333333333333
518.9088521	0.508333333333333
518.9256323	0.508333333333333
518.9424937	0.508333333333333
518.9591289	0.508333333333333
518.975987	0.508333333333333
518.9922222	0.508333333333333
519.0094182	0.508333333333333
519.0259762	0.508333333333333
519.0427491	0.508333333333333
519.0596715	0.508333333333333
519.0759621	0.508333333333333
519.0922591	0.508333333333333
519.1090969	0.508333333333333
519.1255324	0.508333333333333
519.1421609	0.508333333333333
519.1589542	0.508333333333333
519.1757521	0.508333333333333
519.1928187	0.508333333333333
519.2092387	0.508333333333333
519.2258041	0.508333333333333
519.242623	0.508333333333333
519.2592463	0.508333333333333
519.276014	0.508333333333333
519.2923833	0.508333333333333
519.309164	0.508333333333333
519.3257605	0.508333333333333
519.3423866	0.508333333333333
519.3586321	0.508333333333333
519.3753111	0.508333333333333
519.3923672	0.508333333333333
519.4091693	0.508333333333333
519.4261366	0.508333333333333
519.442665	0.508333333333333
519.4594502	0.508333333333333
519.476239	0.508333333333333
519.4925437	0.508333333333333
519.5088325	0.508333333333333
519.5258127	0.508333333333333
519.542245	0.508333333333333
519.5590076	0.508333333333333
519.5755411	0.508333333333333
519.592255	0.508333333333333
519.6088079	0.508333333333333
519.6256313	0.508333333333333
519.6425433	0.508333333333333
519.6590663	0.508333333333333
519.675676	0.508333333333333
519.6927692	0.508333333333333
519.7086824	0.508333333333333
519.7255975	0.508333333333333
519.7426183	0.508333333333333
519.7588627	0.508333333333333
519.7757112	0.508333333333333
519.7927892	0.508333333333333
519.8092498	0.508333333333333
519.8261559	0.508333333333333
519.8422855	0.508333333333333
519.8589078	0.508333333333333
519.8759712	0.508333333333333
519.8926028	0.508333333333333
519.9089901	0.508333333333333
519.9258834	0.508333333333333
519.9428028	0.508333333333333
519.9589854	0.508333333333333
519.9761987	0.508333333333333
519.9923865	0.508333333333333
520.0091609	0.508333333333333
520.0258512	0.508333333333333
520.0422394	0.508333333333333
520.0588204	0.508333333333333
520.0757176	0.508333333333333
520.0923117	0.508333333333333
520.10915	0.508333333333333
520.1256817	0.508333333333333
520.142548	0.508333333333333
520.1591123	0.508333333333333
520.1755696	0.508333333333333
520.1925347	0.508333333333333
520.2089385	0.508333333333333
520.2262533	0.508333333333333
520.2424263	0.508333333333333
520.2590467	0.508333333333333
520.2758902	0.508333333333333
520.2921937	0.508333333333333
520.3091028	0.508333333333333
520.3254327	0.508333333333333
520.3428649	0.508333333333333
520.3591116	0.508333333333333
520.3760175	0.508333333333333
520.3928948	0.508333333333333
520.4090747	0.508333333333333
520.4259677	0.508333333333333
520.4423866	0.508333333333333
520.458826	0.508333333333333
520.475605	0.508333333333333
520.4921356	0.508333333333333
520.5085261	0.508333333333333
520.525616	0.508333333333333
520.5418334	0.508333333333333
520.558738	0.508333333333333
520.5753039	0.508333333333333
520.5923143	0.508333333333333
520.6088377	0.508333333333333
520.6260441	0.508333333333333
520.6422967	0.508333333333333
520.6590534	0.508333333333333
520.6759139	0.508333333333333
520.6925903	0.508333333333333
520.7088765	0.508333333333333
520.7260521	0.508333333333333
520.7420605	0.508333333333333
520.7591345	0.508333333333333
520.7759703	0.508333333333333
520.7926011	0.508333333333333
520.8092682	0.508333333333333
520.8260706	0.508333333333333
520.8429247	0.508333333333333
520.8592646	0.508333333333333
520.8760826	0.508333333333333
520.8929004	0.508333333333333
520.9093265	0.508333333333333
520.9259374	0.508333333333333
520.942155	0.508333333333333
520.958591	0.508333333333333
520.9754612	0.508333333333333
520.9925091	0.508333333333333
521.0087896	0.508333333333333
521.0261358	0.508333333333333
521.0426771	0.508333333333333
521.0589076	0.508333333333333
521.0759163	0.508333333333333
521.0924933	0.508333333333333
521.1097975	0.508333333333333
521.1256235	0.508333333333333
521.1423846	0.508333333333333
521.1585295	0.508333333333333
521.1759207	0.508333333333333
521.1925491	0.508333333333333
521.2089548	0.508333333333333
521.2261151	0.508333333333333
521.2424758	0.508333333333333
521.2590692	0.508333333333333
521.2759291	0.508333333333333
521.2919048	0.508333333333333
521.30922	0.508333333333333
521.3254548	0.508333333333333
521.3425418	0.508333333333333
521.3594669	0.508333333333333
521.3758595	0.508333333333333
521.3926765	0.508333333333333
521.4088995	0.508333333333333
521.4256232	0.508333333333333
521.4424134	0.508333333333333
521.4585098	0.508333333333333
521.4758929	0.508333333333333
521.4925413	0.508333333333333
521.5085645	0.508333333333333
521.525476	0.508333333333333
521.5423373	0.508333333333333
521.5589637	0.508333333333333
521.5756205	0.508333333333333
521.5926041	0.508333333333333
521.608661	0.508333333333333
521.6264115	0.508333333333333
521.6427126	0.508333333333333
521.6589705	0.508333333333333
521.6759976	0.508333333333333
521.6923653	0.508333333333333
521.7090049	0.508333333333333
521.7258888	0.508333333333333
521.7422967	0.508333333333333
521.7586664	0.508333333333333
521.7757809	0.508333333333333
521.7926348	0.508333333333333
521.8087892	0.508333333333333
521.8260863	0.508333333333333
521.8427475	0.508333333333333
521.8586577	0.508333333333333
521.8758848	0.508333333333333
521.8924842	0.508333333333333
521.9090785	0.508333333333333
521.9255278	0.508333333333333
521.942333	0.508333333333333
521.9586389	0.508333333333333
521.9758018	0.508333333333333
521.99247	0.508333333333333
522.0087993	0.508333333333333
522.0254437	0.508333333333333
522.0425698	0.508333333333333
522.0590454	0.508333333333333
522.0760289	0.508333333333333
522.0923519	0.508333333333333
522.1091998	0.508333333333333
522.1257474	0.508333333333333
522.1421113	0.508333333333333
522.1590063	0.508333333333333
522.1757387	0.508333333333333
522.192315	0.508333333333333
522.2085273	0.508333333333333
522.2266031	0.508333333333333
522.2425478	0.508333333333333
522.2585692	0.508333333333333
522.2757475	0.508333333333333
522.2922962	0.508333333333333
522.3085757	0.508333333333333
522.3260179	0.508333333333333
522.3425265	0.508333333333333
522.3588363	0.508333333333333
522.3761704	0.508333333333333
522.3923743	0.508333333333333
522.4085457	0.508333333333333
522.4254358	0.508333333333333
522.4425518	0.508333333333333
522.4589366	0.508333333333333
522.4754992	0.508333333333333
522.4921706	0.508333333333333
522.5090918	0.508333333333333
522.5255688	0.508333333333333
522.542302	0.508333333333333
522.5588335	0.508333333333333
522.5756998	0.508333333333333
522.5924162	0.508333333333333
522.6085629	0.508333333333333
522.6259688	0.508333333333333
522.6424044	0.508333333333333
522.6591433	0.508333333333333
522.6756646	0.508333333333333
522.6927076	0.508333333333333
522.7090977	0.508333333333333
522.7257272	0.508333333333333
522.7424226	0.508333333333333
522.7589204	0.508333333333333
522.775866	0.508333333333333
522.7926592	0.508333333333333
522.8090167	0.508333333333333
522.8259103	0.508333333333333
522.8426849	0.508333333333333
522.8588158	0.508333333333333
522.8756061	0.508333333333333
522.8919678	0.508333333333333
522.9086195	0.508333333333333
522.9258738	0.508333333333333
522.9424678	0.508333333333333
522.9587594	0.508333333333333
522.9757234	0.508333333333333
522.9927289	0.508333333333333
523.0086487	0.508333333333333
523.0260254	0.508333333333333
523.0423437	0.508333333333333
523.0588041	0.508333333333333
523.075976	0.508333333333333
523.0923115	0.508333333333333
523.1089517	0.508333333333333
523.1255188	0.508333333333333
523.1418892	0.508333333333333
523.1587035	0.508333333333333
523.1754635	0.508333333333333
523.1926883	0.508333333333333
523.2090005	0.508333333333333
523.2259546	0.508333333333333
523.2424057	0.508333333333333
523.2585726	0.508333333333333
523.2756846	0.508333333333333
523.2920449	0.508333333333333
523.3084013	0.508333333333333
523.3252406	0.508333333333333
523.3422857	0.508333333333333
523.3585339	0.508333333333333
523.3753757	0.508333333333333
523.3920013	0.508333333333333
523.4086263	0.508333333333333
523.4260365	0.508333333333333
523.4427829	0.508333333333333
523.4589166	0.508333333333333
523.4759651	0.508333333333333
523.492407	0.508333333333333
523.5085551	0.508333333333333
523.5259558	0.508333333333333
523.5423971	0.508333333333333
523.5588804	0.508333333333333
523.5752899	0.508333333333333
523.5920705	0.508333333333333
523.6090251	0.508333333333333
523.6258791	0.508333333333333
523.6425252	0.508333333333333
523.6588931	0.508333333333333
523.6756835	0.508333333333333
523.6922095	0.508333333333333
523.7085057	0.508333333333333
523.7257999	0.508333333333333
523.7423753	0.508333333333333
523.7584948	0.508333333333333
523.7753913	0.508333333333333
523.7920307	0.508333333333333
523.8085794	0.508333333333333
523.8251723	0.508333333333333
523.8420406	0.508333333333333
523.8587448	0.508333333333333
523.8758469	0.508333333333333
523.8924751	0.508333333333333
523.9088707	0.508333333333333
523.9258408	0.508333333333333
523.9423149	0.508333333333333
523.9590567	0.508333333333333
523.9755784	0.508333333333333
523.9924916	0.508333333333333
524.0084642	0.508333333333333
524.0258744	0.508333333333333
524.0423756	0.508333333333333
524.0586982	0.508333333333333
524.0760421	0.508333333333333
524.0922071	0.508333333333333
524.1086063	0.508333333333333
524.125737	0.508333333333333
524.1420115	0.508333333333333
524.1584837	0.508333333333333
524.175904	0.508333333333333
524.1924197	0.508333333333333
524.2087349	0.508333333333333
524.2255323	0.508333333333333
524.2424775	0.508333333333333
524.2586364	0.508333333333333
524.27575	0.508333333333333
524.2922836	0.508333333333333
524.3087472	0.508333333333333
524.3258448	0.508333333333333
524.3422203	0.508333333333333
524.3588082	0.508333333333333
524.3759416	0.508333333333333
524.3923359	0.508333333333333
524.4087126	0.508333333333333
524.4258171	0.508333333333333
524.4423697	0.508333333333333
524.4584015	0.508333333333333
524.4758834	0.508333333333333
524.4923089	0.508333333333333
524.5088356	0.508333333333333
524.5261453	0.508333333333333
524.5425306	0.508333333333333
524.5588529	0.508333333333333
524.5759447	0.508333333333333
524.5924776	0.508333333333333
524.6085248	0.508333333333333
524.6261192	0.508333333333333
524.6420547	0.508333333333333
524.6588035	0.508333333333333
524.6759562	0.508333333333333
524.6924863	0.508333333333333
524.7089576	0.508333333333333
524.7259019	0.508333333333333
524.742249	0.508333333333333
524.7590638	0.508333333333333
524.7753904	0.508333333333333
524.7925371	0.508333333333333
524.8089575	0.508333333333333
524.8260122	0.508333333333333
524.8423996	0.508333333333333
524.858691	0.508333333333333
524.8757817	0.508333333333333
524.8918745	0.508333333333333
524.908485	0.508333333333333
524.9254079	0.508333333333333
524.9423412	0.508333333333333
524.9586323	0.508333333333333
524.9754392	0.508333333333333
524.9926825	0.508333333333333
525.0088493	0.508333333333333
525.025892	0.508333333333333
525.0419407	0.508333333333333
525.0588068	0.508333333333333
525.0754573	0.508333333333333
525.0921936	0.508333333333333
525.1084233	0.508333333333333
525.1256188	0.508333333333333
525.1420621	0.508333333333333
525.1591057	0.508333333333333
525.1756477	0.508333333333333
525.192235	0.508333333333333
525.2086427	0.508333333333333
525.2260784	0.508333333333333
525.2423713	0.508333333333333
525.2585223	0.508333333333333
525.2757482	0.508333333333333
525.295534	0.508333333333333
525.3088901	0.508333333333333
525.3254027	0.508333333333333
525.3423341	0.508333333333333
525.3584551	0.508333333333333
525.3756372	0.508333333333333
525.3924758	0.508333333333333
525.4086769	0.508333333333333
525.426294	0.508333333333333
525.4426436	0.508333333333333
525.4590155	0.508333333333333
525.4759475	0.508333333333333
525.492725	0.508333333333333
525.5087136	0.508333333333333
525.5257838	0.508333333333333
525.5422203	0.508333333333333
525.5585613	0.508333333333333
525.5753158	0.508333333333333
525.5922384	0.508333333333333
525.6088299	0.508333333333333
525.6253296	0.508333333333333
525.64207	0.508333333333333
525.6589756	0.508333333333333
525.6760195	0.508333333333333
525.692632	0.508333333333333
525.7085235	0.508333333333333
525.7258851	0.508333333333333
525.7424273	0.508333333333333
525.7584979	0.508333333333333
525.7757235	0.508333333333333
525.7922129	0.508333333333333
525.8089762	0.508333333333333
525.8253161	0.508333333333333
525.8425931	0.508333333333333
525.8585953	0.508333333333333
525.8757235	0.508333333333333
525.8923946	0.508333333333333
525.9088524	0.508333333333333
525.9253615	0.508333333333333
525.9423847	0.508333333333333
525.9589657	0.508333333333333
525.9759351	0.508333333333333
525.9923909	0.508333333333333
526.0090749	0.508333333333333
526.0258856	0.508333333333333
526.0422728	0.508333333333333
526.0589648	0.508333333333333
526.075654	0.508333333333333
526.0922312	0.508333333333333
526.1088667	0.508333333333333
526.1256328	0.508333333333333
526.1423084	0.508333333333333
526.1588027	0.508333333333333
526.1752657	0.508333333333333
526.1920463	0.508333333333333
526.2086098	0.508333333333333
526.2257143	0.508333333333333
526.2422555	0.508333333333333
526.2590622	0.508333333333333
526.2756489	0.508333333333333
526.2920048	0.508333333333333
526.308877	0.508333333333333
526.3256716	0.508333333333333
526.342397	0.508333333333333
526.3584268	0.508333333333333
526.3758297	0.508333333333333
526.3919727	0.508333333333333
526.4087961	0.508333333333333
526.4256298	0.508333333333333
526.4420063	0.508333333333333
526.4589786	0.508333333333333
526.4758488	0.508333333333333
526.4929287	0.508333333333333
526.5083517	0.508333333333333
526.5257449	0.508333333333333
526.5421764	0.508333333333333
526.5587705	0.508333333333333
526.5757263	0.508333333333333
526.5918514	0.508333333333333
526.608981	0.508333333333333
526.6259847	0.508333333333333
526.6423713	0.508333333333333
526.6590786	0.508333333333333
526.6758477	0.508333333333333
526.6922727	0.508333333333333
526.7083182	0.508333333333333
526.7278901	0.508333333333333
526.7431035	0.508333333333333
526.7633159	0.508333333333333
526.7752596	0.508333333333333
526.7968399	0.508333333333333
526.808849	0.508333333333333
526.8255776	0.508333333333333
526.8423956	0.508333333333333
526.8585917	0.508333333333333
526.8754904	0.508333333333333
526.8919413	0.508333333333333
526.9091698	0.508333333333333
526.9255624	0.508333333333333
526.9418297	0.508333333333333
526.9586766	0.508333333333333
526.9751764	0.508333333333333
526.9921103	0.508333333333333
527.0088478	0.508333333333333
527.0260219	0.508333333333333
527.042459	0.508333333333333
527.0588082	0.508333333333333
527.0759442	0.508333333333333
527.0923014	0.508333333333333
527.109039	0.508333333333333
527.1258384	0.508333333333333
527.1424731	0.508333333333333
527.1588215	0.508333333333333
527.1756019	0.508333333333333
527.1923757	0.508333333333333
527.2085612	0.508333333333333
527.2253356	0.508333333333333
527.2419811	0.508333333333333
527.2586087	0.508333333333333
527.2752266	0.508333333333333
527.2925971	0.508333333333333
527.3090459	0.508333333333333
527.3252675	0.508333333333333
527.3424898	0.508333333333333
527.3590454	0.508333333333333
527.3756383	0.508333333333333
527.3921456	0.508333333333333
527.4088927	0.508333333333333
527.4252551	0.508333333333333
527.4419624	0.508333333333333
527.4584638	0.508333333333333
527.4754261	0.508333333333333
527.4920504	0.508333333333333
527.5089066	0.508333333333333
527.5251595	0.508333333333333
527.541765	0.508333333333333
527.5586689	0.508333333333333
527.5752654	0.508333333333333
527.5921072	0.508333333333333
527.6090047	0.508333333333333
527.6252343	0.508333333333333
527.6420589	0.508333333333333
527.6589199	0.508333333333333
527.6752555	0.508333333333333
527.6922631	0.508333333333333
527.7084401	0.508333333333333
527.7257725	0.508333333333333
527.7421384	0.508333333333333
527.7591586	0.508333333333333
527.7753345	0.508333333333333
527.7923392	0.508333333333333
527.8085503	0.508333333333333
527.825617	0.508333333333333
527.8419702	0.508333333333333
527.8587708	0.508333333333333
527.8752739	0.508333333333333
527.892137	0.508333333333333
527.90881	0.508333333333333
527.9252664	0.508333333333333
527.9420782	0.508333333333333
527.9591293	0.508333333333333
527.9752367	0.508333333333333
527.9922792	0.508333333333333
528.0089127	0.508333333333333
528.0256888	0.508333333333333
528.0422611	0.508333333333333
528.0590688	0.508333333333333
528.0757279	0.508333333333333
528.0919872	0.508333333333333
528.1082	0.508333333333333
528.1256379	0.508333333333333
528.1421426	0.508333333333333
528.1590059	0.508333333333333
528.1752698	0.508333333333333
528.1918715	0.508333333333333
528.2094455	0.508333333333333
528.2260714	0.508333333333333
528.2423706	0.508333333333333
528.2592512	0.508333333333333
528.2757399	0.508333333333333
528.2921215	0.508333333333333
528.3092643	0.508333333333333
528.3256675	0.508333333333333
528.3420486	0.508333333333333
528.3586812	0.508333333333333
528.375502	0.508333333333333
528.3923117	0.508333333333333
528.4089293	0.508333333333333
528.4254783	0.508333333333333
528.4423054	0.508333333333333
528.4589867	0.508333333333333
528.4793606	0.508333333333333
528.4921655	0.508333333333333
528.5091895	0.508333333333333
528.5252859	0.508333333333333
528.5419136	0.508333333333333
528.5585968	0.508333333333333
528.5758242	0.508333333333333
528.5920482	0.508333333333333
528.6085013	0.508333333333333
528.6260217	0.508333333333333
528.6422654	0.508333333333333
528.6586202	0.508333333333333
528.6757925	0.508333333333333
528.6926644	0.508333333333333
528.708827	0.508333333333333
528.7257771	0.508333333333333
528.7420967	0.508333333333333
528.7584668	0.508333333333333
528.7751535	0.508333333333333
528.791708	0.508333333333333
528.8086232	0.508333333333333
528.825844	0.508333333333333
528.8419005	0.508333333333333
528.8584518	0.508333333333333
528.8752701	0.508333333333333
528.8924007	0.508333333333333
528.9086193	0.508333333333333
528.9258133	0.508333333333333
528.9419928	0.508333333333333
528.9587036	0.508333333333333
528.9756181	0.508333333333333
528.991887	0.508333333333333
529.0088642	0.508333333333333
529.0252274	0.508333333333333
529.0419591	0.508333333333333
529.0589464	0.508333333333333
529.0755747	0.508333333333333
529.0918226	0.508333333333333
529.1088123	0.508333333333333
529.1261867	0.508333333333333
529.1422559	0.508333333333333
529.1586571	0.508333333333333
529.1756616	0.508333333333333
529.1918503	0.508333333333333
529.2090067	0.508333333333333
529.2258745	0.508333333333333
529.2423902	0.508333333333333
529.258432	0.508333333333333
529.275772	0.508333333333333
529.2922268	0.508333333333333
529.3089588	0.508333333333333
529.3254349	0.508333333333333
529.3421181	0.508333333333333
529.3589473	0.508333333333333
529.3755885	0.508333333333333
529.3921802	0.508333333333333
529.4087273	0.508333333333333
529.4252232	0.508333333333333
529.442318	0.508333333333333
529.4587096	0.508333333333333
529.4754618	0.508333333333333
529.4920561	0.508333333333333
529.5085411	0.508333333333333
529.5252434	0.508333333333333
529.5419951	0.508333333333333
529.5585042	0.508333333333333
529.5749308	0.508333333333333
529.5920923	0.508333333333333
529.6087508	0.508333333333333
529.6252832	0.508333333333333
529.6415931	0.508333333333333
529.6587255	0.508333333333333
529.6752022	0.508333333333333
529.6926834	0.508333333333333
529.7083785	0.508333333333333
529.7256349	0.508333333333333
529.7420306	0.508333333333333
529.7586829	0.508333333333333
529.7751063	0.508333333333333
529.7921939	0.508333333333333
529.8086026	0.508333333333333
529.8253195	0.508333333333333
529.8422563	0.508333333333333
529.8584732	0.508333333333333
529.8755673	0.508333333333333
529.8920218	0.508333333333333
529.9089092	0.508333333333333
529.9255136	0.508333333333333
529.9419371	0.508333333333333
529.9584923	0.508333333333333
529.975682	0.508333333333333
529.9919892	0.508333333333333
530.008471	0.508333333333333
530.0259893	0.508333333333333
530.0420357	0.508333333333333
530.0591478	0.508333333333333
530.0796749	0.508333333333333
530.0925004	0.508333333333333
530.109044	0.508333333333333
530.125858	0.508333333333333
530.1420236	0.508333333333333
530.1585221	0.508333333333333
530.1752855	0.508333333333333
530.1916803	0.508333333333333
530.2087587	0.508333333333333
530.2255669	0.508333333333333
530.2421605	0.508333333333333
530.2583495	0.508333333333333
530.2753791	0.508333333333333
530.2920398	0.508333333333333
530.3090577	0.508333333333333
530.3256288	0.508333333333333
530.3421507	0.508333333333333
530.3590475	0.508333333333333
530.3758867	0.508333333333333
530.3923075	0.508333333333333
530.4088353	0.508333333333333
530.4258014	0.508333333333333
530.4416262	0.508333333333333
530.458734	0.508333333333333
530.4754557	0.508333333333333
530.4916696	0.508333333333333
530.5092495	0.508333333333333
530.5251763	0.508333333333333
530.5418097	0.508333333333333
530.559149	0.508333333333333
530.5753153	0.508333333333333
530.5916186	0.508333333333333
530.6088263	0.508333333333333
530.6255839	0.508333333333333
530.6422469	0.508333333333333
530.6588525	0.508333333333333
530.6753321	0.508333333333333
530.6916505	0.508333333333333
530.7087475	0.508333333333333
530.7257606	0.508333333333333
530.7420581	0.508333333333333
530.758455	0.508333333333333
530.77501	0.508333333333333
530.7916966	0.508333333333333
530.8087332	0.508333333333333
530.8255576	0.508333333333333
530.842145	0.508333333333333
530.8584342	0.508333333333333
530.8755691	0.508333333333333
530.8919227	0.508333333333333
530.9088128	0.508333333333333
530.925114	0.508333333333333
530.9419723	0.508333333333333
530.9587784	0.508333333333333
530.9755394	0.508333333333333
530.9919762	0.508333333333333
531.0093536	0.508333333333333
531.025213	0.508333333333333
531.0429056	0.508333333333333
531.0589113	0.508333333333333
531.0751943	0.508333333333333
531.091772	0.508333333333333
531.1084039	0.508333333333333
531.1254934	0.508333333333333
531.142069	0.508333333333333
531.1587961	0.508333333333333
531.1756853	0.508333333333333
531.1919539	0.508333333333333
531.2082982	0.508333333333333
531.224933	0.508333333333333
531.2418602	0.508333333333333
531.2584501	0.508333333333333
531.2751224	0.508333333333333
531.2921255	0.508333333333333
531.3088078	0.508333333333333
531.3256364	0.508333333333333
531.3419775	0.508333333333333
531.3588935	0.508333333333333
531.3753247	0.508333333333333
531.3920217	0.508333333333333
531.4083526	0.508333333333333
531.4259204	0.508333333333333
531.4420013	0.508333333333333
531.4591099	0.508333333333333
531.4752275	0.508333333333333
531.492288	0.508333333333333
531.5090049	0.508333333333333
531.5257463	0.508333333333333
531.5421439	0.508333333333333
531.5589123	0.508333333333333
531.5756549	0.508333333333333
531.5920408	0.508333333333333
531.608433	0.508333333333333
531.6255874	0.508333333333333
531.641995	0.508333333333333
531.6586972	0.508333333333333
531.6753481	0.508333333333333
531.6918328	0.508333333333333
531.7083101	0.508333333333333
531.7251205	0.508333333333333
531.7422711	0.508333333333333
531.7585704	0.508333333333333
531.7751948	0.508333333333333
531.7917302	0.508333333333333
531.8086617	0.508333333333333
531.8256819	0.508333333333333
531.8419999	0.508333333333333
531.8586183	0.508333333333333
531.8757446	0.508333333333333
531.8923266	0.508333333333333
531.9088339	0.508333333333333
531.9255792	0.508333333333333
531.9420632	0.508333333333333
531.9587811	0.508333333333333
531.9753972	0.508333333333333
531.9919459	0.508333333333333
532.0090316	0.508333333333333
532.0252433	0.508333333333333
532.0421373	0.508333333333333
532.0587033	0.508333333333333
532.0755095	0.508333333333333
532.0918727	0.508333333333333
532.1086784	0.508333333333333
532.1256528	0.508333333333333
532.1419461	0.508333333333333
532.1585402	0.508333333333333
532.1754792	0.508333333333333
532.1922122	0.508333333333333
532.208949	0.508333333333333
532.2255296	0.508333333333333
532.2418773	0.508333333333333
532.2585889	0.508333333333333
532.2753331	0.508333333333333
532.293656	0.508333333333333
532.3088853	0.508333333333333
532.3250738	0.508333333333333
532.3419743	0.508333333333333
532.3587087	0.508333333333333
532.3754259	0.508333333333333
532.3922031	0.508333333333333
532.4087633	0.508333333333333
532.4255788	0.508333333333333
532.4422047	0.508333333333333
532.4587459	0.508333333333333
532.475514	0.508333333333333
532.4919249	0.508333333333333
532.5089798	0.508333333333333
532.5251706	0.508333333333333
532.5414187	0.508333333333333
532.5585812	0.508333333333333
532.575435	0.508333333333333
532.5917863	0.508333333333333
532.6086189	0.508333333333333
532.6255637	0.508333333333333
532.6419782	0.508333333333333
532.6587325	0.508333333333333
532.6756486	0.508333333333333
532.6918685	0.508333333333333
532.7088557	0.508333333333333
532.7254774	0.508333333333333
532.74202	0.508333333333333
532.7588835	0.508333333333333
532.7752554	0.508333333333333
532.7920157	0.508333333333333
532.8089929	0.508333333333333
532.8255885	0.508333333333333
532.8421857	0.508333333333333
532.8588359	0.508333333333333
532.8753347	0.508333333333333
532.8921542	0.508333333333333
532.90844	0.508333333333333
532.9254209	0.508333333333333
532.9418582	0.508333333333333
532.958691	0.508333333333333
532.9753579	0.508333333333333
532.9919792	0.508333333333333
533.0087724	0.508333333333333
533.0259972	0.508333333333333
533.0422821	0.508333333333333
533.0589035	0.508333333333333
533.0753754	0.508333333333333
533.0919388	0.508333333333333
533.1084716	0.508333333333333
533.1254983	0.508333333333333
533.1421332	0.508333333333333
533.1587506	0.508333333333333
533.1755854	0.508333333333333
533.1915996	0.508333333333333
533.2083355	0.508333333333333
533.2254691	0.508333333333333
533.2420795	0.508333333333333
533.2587189	0.508333333333333
533.2754996	0.508333333333333
533.2920315	0.508333333333333
533.3084945	0.508333333333333
533.3253846	0.508333333333333
533.3419228	0.508333333333333
533.3588201	0.508333333333333
533.3752653	0.508333333333333
533.3918328	0.508333333333333
533.4084484	0.508333333333333
533.4256083	0.508333333333333
533.4413371	0.508333333333333
533.4582846	0.508333333333333
533.4755145	0.508333333333333
533.4921674	0.508333333333333
533.5085494	0.508333333333333
533.5257104	0.508333333333333
533.543217	0.508333333333333
533.5599233	0.508333333333333
533.576746	0.508333333333333
533.591828	0.508333333333333
533.6087134	0.508333333333333
533.6249103	0.508333333333333
533.6419627	0.508333333333333
533.658678	0.508333333333333
533.6753139	0.508333333333333
533.6922032	0.508333333333333
533.7083484	0.508333333333333
533.7255397	0.508333333333333
533.7426852	0.508333333333333
533.7586908	0.508333333333333
533.7757938	0.508333333333333
533.7921474	0.508333333333333
533.8085729	0.508333333333333
533.8253984	0.508333333333333
533.8420466	0.508333333333333
533.8586097	0.508333333333333
533.8755876	0.508333333333333
533.8921508	0.508333333333333
533.9085265	0.508333333333333
533.9254542	0.508333333333333
533.9419774	0.508333333333333
533.958553	0.508333333333333
533.9749883	0.508333333333333
533.9916042	0.508333333333333
534.0083847	0.508333333333333
534.0250647	0.508333333333333
534.0420501	0.508333333333333
534.0587869	0.508333333333333
534.0752384	0.508333333333333
534.0916303	0.508333333333333
534.1084014	0.508333333333333
534.1252546	0.508333333333333
534.1418205	0.508333333333333
534.1585431	0.508333333333333
534.1752961	0.508333333333333
534.1916736	0.508333333333333
534.2083703	0.508333333333333
534.2255045	0.508333333333333
534.2418331	0.508333333333333
534.2589045	0.508333333333333
534.2753063	0.508333333333333
534.2918908	0.508333333333333
534.308935	0.508333333333333
534.3254113	0.508333333333333
534.3418793	0.508333333333333
534.3585493	0.508333333333333
534.3749753	0.508333333333333
534.3913106	0.508333333333333
534.4085677	0.508333333333333
534.4253796	0.508333333333333
534.4415873	0.508333333333333
534.4583823	0.508333333333333
534.4750132	0.508333333333333
534.491999	0.508333333333333
534.508545	0.508333333333333
534.5254167	0.508333333333333
534.5420228	0.508333333333333
534.5586119	0.508333333333333
534.5754242	0.508333333333333
534.5919857	0.508333333333333
534.6085169	0.508333333333333
534.6255071	0.508333333333333
534.6415552	0.508333333333333
534.6581124	0.508333333333333
534.675413	0.508333333333333
534.6920092	0.508333333333333
534.7089397	0.508333333333333
534.7254647	0.508333333333333
534.7421156	0.508333333333333
534.7587257	0.508333333333333
534.774984	0.508333333333333
534.7918526	0.508333333333333
534.8085079	0.508333333333333
534.8254516	0.508333333333333
534.8419237	0.508333333333333
534.858502	0.508333333333333
534.8752599	0.508333333333333
534.8920454	0.508333333333333
534.9083317	0.508333333333333
534.9248235	0.508333333333333
534.9419509	0.508333333333333
534.9586099	0.508333333333333
534.975281	0.508333333333333
534.9920855	0.508333333333333
535.0086367	0.508333333333333
535.025218	0.508333333333333
535.0418878	0.508333333333333
535.0586656	0.508333333333333
535.0753827	0.508333333333333
535.0918366	0.508333333333333
535.1086286	0.508333333333333
535.1250374	0.508333333333333
535.1413489	0.508333333333333
535.1586241	0.508333333333333
535.1753402	0.508333333333333
535.1919593	0.508333333333333
535.2083688	0.508333333333333
535.2253019	0.508333333333333
535.2418709	0.508333333333333
535.2584618	0.508333333333333
535.2752654	0.508333333333333
535.2918802	0.508333333333333
535.308623	0.508333333333333
535.3251962	0.508333333333333
535.3414238	0.508333333333333
535.3584938	0.508333333333333
535.375039	0.508333333333333
535.3919744	0.508333333333333
535.4085785	0.508333333333333
535.4253175	0.508333333333333
535.4419547	0.508333333333333
535.4585139	0.508333333333333
535.4752058	0.508333333333333
535.4913867	0.508333333333333
535.5085902	0.508333333333333
535.5251845	0.508333333333333
535.5417329	0.508333333333333
535.5589371	0.508333333333333
535.5752959	0.508333333333333
535.5920315	0.508333333333333
535.6084379	0.508333333333333
535.6254221	0.508333333333333
535.641318	0.508333333333333
535.658584	0.508333333333333
535.6750522	0.508333333333333
535.6914831	0.508333333333333
535.7085678	0.508333333333333
535.7254156	0.508333333333333
535.7414271	0.508333333333333
535.7588683	0.508333333333333
535.775393	0.508333333333333
535.7919382	0.508333333333333
535.808503	0.508333333333333
535.8249732	0.508333333333333
535.8418019	0.508333333333333
535.8586435	0.508333333333333
535.8753518	0.508333333333333
535.8914199	0.508333333333333
535.9083363	0.508333333333333
535.9250348	0.508333333333333
535.9418286	0.508333333333333
535.9585101	0.508333333333333
535.9752788	0.508333333333333
535.9916989	0.508333333333333
536.0083537	0.508333333333333
536.0255571	0.508333333333333
536.0413726	0.508333333333333
536.0586501	0.508333333333333
536.0752879	0.508333333333333
536.0920446	0.508333333333333
536.1085299	0.508333333333333
536.1251616	0.508333333333333
536.1415216	0.508333333333333
536.159011	0.508333333333333
536.1749623	0.508333333333333
536.1915397	0.508333333333333
536.208405	0.508333333333333
536.2250199	0.508333333333333
536.2415323	0.508333333333333
536.2582798	0.508333333333333
536.2752341	0.508333333333333
536.2914714	0.508333333333333
536.3086391	0.508333333333333
536.3248578	0.508333333333333
536.3417282	0.508333333333333
536.3585862	0.508333333333333
536.3752893	0.508333333333333
536.3914846	0.508333333333333
536.4085302	0.508333333333333
536.4254578	0.508333333333333
536.4419644	0.508333333333333
536.4582248	0.508333333333333
536.475231	0.508333333333333
536.4922259	0.508333333333333
536.5085963	0.508333333333333
536.5250904	0.508333333333333
536.5415738	0.508333333333333
536.5584246	0.508333333333333
536.5752614	0.508333333333333
536.5914693	0.508333333333333
536.6086018	0.508333333333333
536.6253314	0.508333333333333
536.6414481	0.508333333333333
536.6584194	0.508333333333333
536.6753345	0.508333333333333
536.691542	0.508333333333333
536.7084548	0.508333333333333
536.7253236	0.508333333333333
536.7413148	0.508333333333333
536.7584852	0.508333333333333
536.7753918	0.508333333333333
536.7919464	0.508333333333333
536.8085881	0.508333333333333
536.8250259	0.508333333333333
536.8413709	0.508333333333333
536.8586864	0.508333333333333
536.8752148	0.508333333333333
536.8914151	0.508333333333333
536.9085847	0.508333333333333
536.9249775	0.508333333333333
536.9413953	0.508333333333333
536.9587063	0.508333333333333
536.9752167	0.508333333333333
536.9914268	0.508333333333333
537.0085563	0.508333333333333
537.0250089	0.508333333333333
537.0415129	0.508333333333333
537.0585768	0.508333333333333
537.0751781	0.508333333333333
537.0913406	0.508333333333333
537.1084434	0.508333333333333
537.1252721	0.508333333333333
537.1414498	0.508333333333333
537.1584543	0.508333333333333
537.175171	0.508333333333333
537.1918137	0.508333333333333
537.208508	0.508333333333333
537.2249534	0.508333333333333
537.2414169	0.508333333333333
537.2582145	0.508333333333333
537.2752604	0.508333333333333
537.2916369	0.508333333333333
537.3080242	0.508333333333333
537.3247451	0.508333333333333
537.3414749	0.508333333333333
537.3587789	0.508333333333333
537.3756408	0.508333333333333
537.3919573	0.508333333333333
537.408555	0.508333333333333
537.4251086	0.508333333333333
537.4413389	0.508333333333333
537.4587084	0.508333333333333
537.4752164	0.508333333333333
537.491578	0.508333333333333
537.5085706	0.508333333333333
537.5251927	0.508333333333333
537.5420127	0.508333333333333
537.5587058	0.508333333333333
537.5752456	0.508333333333333
537.5917829	0.508333333333333
537.6085585	0.508333333333333
537.6252446	0.508333333333333
537.641615	0.508333333333333
537.658458	0.508333333333333
537.67536	0.508333333333333
537.6917172	0.508333333333333
537.7088207	0.508333333333333
537.7248162	0.508333333333333
537.742033	0.508333333333333
537.7586273	0.508333333333333
537.775019	0.508333333333333
537.7918418	0.508333333333333
537.8088713	0.508333333333333
537.8248884	0.508333333333333
537.8418872	0.508333333333333
537.8586497	0.508333333333333
537.8755122	0.508333333333333
537.8919407	0.508333333333333
537.9086379	0.508333333333333
537.925268	0.508333333333333
537.941934	0.508333333333333
537.958548	0.508333333333333
537.9752881	0.508333333333333
537.9918104	0.508333333333333
538.008585	0.508333333333333
538.0249416	0.508333333333333
538.0416804	0.508333333333333
538.0582548	0.508333333333333
538.0751858	0.508333333333333
538.0917691	0.508333333333333
538.1083546	0.508333333333333
538.1259935	0.508333333333333
538.141665	0.508333333333333
538.1582421	0.508333333333333
538.1753359	0.508333333333333
538.1914528	0.508333333333333
538.2086401	0.508333333333333
538.2249566	0.508333333333333
538.2411159	0.508333333333333
538.2584148	0.508333333333333
538.2752907	0.508333333333333
538.2913478	0.508333333333333
538.3085238	0.508333333333333
538.3250006	0.508333333333333
538.3414237	0.508333333333333
538.3585098	0.508333333333333
538.3752906	0.508333333333333
538.3914545	0.508333333333333
538.4085074	0.508333333333333
538.4248949	0.508333333333333
538.4417424	0.508333333333333
538.4586375	0.508333333333333
538.4751005	0.508333333333333
538.4913266	0.508333333333333
538.508575	0.508333333333333
538.5248476	0.508333333333333
538.5419196	0.508333333333333
538.5583322	0.508333333333333
538.5755081	0.508333333333333
538.5914084	0.508333333333333
538.6085212	0.508333333333333
538.6250087	0.508333333333333
538.6416556	0.508333333333333
538.658624	0.508333333333333
538.6748948	0.508333333333333
538.6917396	0.508333333333333
538.7085557	0.508333333333333
538.7253478	0.508333333333333
538.7417267	0.508333333333333
538.7585552	0.508333333333333
538.7753087	0.508333333333333
538.7916324	0.508333333333333
538.8083855	0.508333333333333
538.8252805	0.508333333333333
538.8417794	0.508333333333333
538.8588767	0.508333333333333
538.8751396	0.508333333333333
538.8917474	0.508333333333333
538.9084816	0.508333333333333
538.9250539	0.508333333333333
538.941236	0.508333333333333
538.9583995	0.508333333333333
538.9751049	0.508333333333333
538.991534	0.508333333333333
539.0087332	0.508333333333333
539.0252805	0.508333333333333
539.0417389	0.508333333333333
539.0587308	0.508333333333333
539.0751823	0.508333333333333
539.0917417	0.508333333333333
539.1086193	0.508333333333333
539.1250306	0.508333333333333
539.1415707	0.508333333333333
539.1584639	0.508333333333333
539.1749043	0.508333333333333
539.1918473	0.508333333333333
539.2085926	0.508333333333333
539.2251726	0.508333333333333
539.2416341	0.508333333333333
539.2584357	0.508333333333333
539.2757006	0.508333333333333
539.2921454	0.508333333333333
539.3084549	0.508333333333333
539.324887	0.508333333333333
539.3411807	0.508333333333333
539.3584985	0.508333333333333
539.3751411	0.508333333333333
539.3913233	0.508333333333333
539.4085468	0.508333333333333
539.4250719	0.508333333333333
539.4415357	0.508333333333333
539.4581219	0.508333333333333
539.4750118	0.508333333333333
539.4911911	0.508333333333333
539.5085942	0.508333333333333
539.5251331	0.508333333333333
539.5416076	0.508333333333333
539.5585555	0.508333333333333
539.5749966	0.508333333333333
539.5912178	0.508333333333333
539.6085973	0.508333333333333
539.6248732	0.508333333333333
539.6420497	0.508333333333333
539.658354	0.508333333333333
539.674741	0.508333333333333
539.6919719	0.508333333333333
539.7086872	0.508333333333333
539.7249596	0.508333333333333
539.7415352	0.508333333333333
539.7589019	0.508333333333333
539.7750761	0.508333333333333
539.792656	0.508333333333333
539.8082074	0.508333333333333
539.8249937	0.508333333333333
539.8417412	0.508333333333333
539.8585099	0.508333333333333
539.8748913	0.508333333333333
539.891755	0.508333333333333
539.9081872	0.508333333333333
539.9251034	0.508333333333333
539.9413552	0.508333333333333
539.9583061	0.508333333333333
539.9750494	0.508333333333333
539.991228	0.508333333333333
540.0082596	0.508333333333333
540.0249559	0.508333333333333
540.0412925	0.508333333333333
540.0585494	0.508333333333333
540.0749995	0.508333333333333
540.0918149	0.508333333333333
540.1084018	0.508333333333333
540.1249808	0.508333333333333
540.1413383	0.508333333333333
540.1580812	0.508333333333333
540.1752959	0.508333333333333
540.1918661	0.508333333333333
540.2083509	0.508333333333333
540.2246095	0.508333333333333
540.2417639	0.508333333333333
540.258578	0.508333333333333
540.2747558	0.508333333333333
540.2915986	0.508333333333333
540.3083918	0.508333333333333
540.3247527	0.508333333333333
540.3419183	0.508333333333333
540.3605541	0.508333333333333
540.3749971	0.508333333333333
540.3917962	0.508333333333333
540.4084438	0.508333333333333
540.4248268	0.508333333333333
540.441424	0.508333333333333
540.4583359	0.508333333333333
540.4750585	0.508333333333333
540.4917353	0.508333333333333
540.5085247	0.508333333333333
540.5247178	0.508333333333333
540.541593	0.508333333333333
540.5584096	0.508333333333333
540.5746549	0.508333333333333
540.5915552	0.508333333333333
540.6081522	0.508333333333333
540.6248603	0.508333333333333
540.6421711	0.508333333333333
540.6583184	0.508333333333333
540.6748926	0.508333333333333
540.6912	0.508333333333333
540.7084493	0.508333333333333
540.7250559	0.508333333333333
540.7412414	0.508333333333333
540.7589708	0.508333333333333
540.774777	0.508333333333333
540.7912831	0.508333333333333
540.8083888	0.508333333333333
540.8249908	0.508333333333333
540.8418126	0.508333333333333
540.858538	0.508333333333333
540.8747401	0.508333333333333
540.891774	0.508333333333333
540.9083492	0.508333333333333
540.9246525	0.508333333333333
540.9412176	0.508333333333333
540.9584227	0.508333333333333
540.9749489	0.508333333333333
540.9913336	0.508333333333333
541.0087029	0.508333333333333
541.0246549	0.508333333333333
541.0412063	0.508333333333333
541.0582582	0.508333333333333
541.0750774	0.508333333333333
541.0922343	0.508333333333333
541.1082589	0.508333333333333
541.1247272	0.508333333333333
541.1414593	0.508333333333333
541.1583472	0.508333333333333
541.1749394	0.508333333333333
541.1911945	0.508333333333333
541.2084972	0.508333333333333
541.2250382	0.508333333333333
541.2412906	0.508333333333333
541.2587172	0.508333333333333
541.2749007	0.508333333333333
541.2915989	0.508333333333333
541.3086008	0.508333333333333
541.3245398	0.508333333333333
541.3419775	0.508333333333333
541.3583948	0.508333333333333
541.374664	0.508333333333333
541.3916108	0.508333333333333
541.4082819	0.508333333333333
541.4247011	0.508333333333333
541.44119	0.508333333333333
541.4583534	0.508333333333333
541.4750576	0.508333333333333
541.4940618	0.508333333333333
541.5088829	0.508333333333333
541.5248274	0.508333333333333
541.5417136	0.508333333333333
541.5583432	0.508333333333333
541.5750894	0.508333333333333
541.5919639	0.508333333333333
541.608407	0.508333333333333
541.6249444	0.508333333333333
541.6414027	0.508333333333333
541.6584059	0.508333333333333
541.6750326	0.508333333333333
541.6918187	0.508333333333333
541.7085248	0.508333333333333
541.7252007	0.508333333333333
541.7416895	0.508333333333333
541.7592428	0.508333333333333
541.7747807	0.508333333333333
541.7917235	0.508333333333333
541.8083182	0.508333333333333
541.8246622	0.508333333333333
541.8415201	0.508333333333333
541.8584745	0.508333333333333
541.874627	0.508333333333333
541.8911993	0.508333333333333
541.9085293	0.508333333333333
541.9250271	0.508333333333333
541.941465	0.508333333333333
541.9583048	0.508333333333333
541.9747329	0.508333333333333
541.9913732	0.508333333333333
542.0087328	0.508333333333333
542.0250409	0.508333333333333
542.0415328	0.508333333333333
542.0584092	0.508333333333333
542.0745308	0.508333333333333
542.0915919	0.508333333333333
542.1083054	0.508333333333333
542.1250593	0.508333333333333
542.1412679	0.508333333333333
542.1583927	0.508333333333333
542.1749334	0.508333333333333
542.1912392	0.508333333333333
542.2080805	0.508333333333333
542.224779	0.508333333333333
542.2415547	0.508333333333333
542.2583847	0.508333333333333
542.2747842	0.508333333333333
542.291574	0.508333333333333
542.308241	0.508333333333333
542.3249618	0.508333333333333
542.3416332	0.508333333333333
542.3581936	0.508333333333333
542.3746632	0.508333333333333
542.3914661	0.508333333333333
542.4080792	0.508333333333333
542.4245912	0.508333333333333
542.4416333	0.508333333333333
542.4579917	0.508333333333333
542.4755278	0.508333333333333
542.4913039	0.508333333333333
542.5083582	0.508333333333333
542.5250771	0.508333333333333
542.5413587	0.508333333333333
542.5580216	0.508333333333333
542.5751496	0.508333333333333
542.5911916	0.508333333333333
542.608293	0.508333333333333
542.6252257	0.508333333333333
542.6414747	0.508333333333333
542.6583255	0.508333333333333
542.6749932	0.508333333333333
542.6916687	0.508333333333333
542.7084085	0.508333333333333
542.7252254	0.508333333333333
542.7412352	0.508333333333333
542.7582857	0.508333333333333
542.7747374	0.508333333333333
542.7913603	0.508333333333333
542.8080784	0.508333333333333
542.8250894	0.508333333333333
542.8417645	0.508333333333333
542.8583866	0.508333333333333
542.8752933	0.508333333333333
542.891808	0.508333333333333
542.9083261	0.508333333333333
542.9251814	0.508333333333333
542.9419699	0.508333333333333
542.9583789	0.508333333333333
542.9749945	0.508333333333333
542.9917094	0.508333333333333
543.0081188	0.508333333333333
543.0247422	0.508333333333333
543.041258	0.508333333333333
543.0584959	0.508333333333333
543.0750828	0.508333333333333
543.0918611	0.508333333333333
543.1083351	0.508333333333333
543.1249525	0.508333333333333
543.1412414	0.508333333333333
543.1581885	0.508333333333333
543.1748992	0.508333333333333
543.1912079	0.508333333333333
543.2082925	0.508333333333333
543.224944	0.508333333333333
543.2411314	0.508333333333333
543.2583495	0.508333333333333
543.2747152	0.508333333333333
543.291687	0.508333333333333
543.3084152	0.508333333333333
543.324759	0.508333333333333
543.3416245	0.508333333333333
543.358328	0.508333333333333
543.3749074	0.508333333333333
543.3919485	0.508333333333333
543.4079984	0.508333333333333
543.4245759	0.508333333333333
543.4419206	0.508333333333333
543.4581598	0.508333333333333
543.4749335	0.508333333333333
543.4913105	0.508333333333333
543.5083193	0.508333333333333
543.525252	0.508333333333333
543.5418164	0.508333333333333
543.5582658	0.508333333333333
543.5747312	0.508333333333333
543.5916927	0.508333333333333
543.6081774	0.508333333333333
543.624962	0.508333333333333
543.6417573	0.508333333333333
543.6583598	0.508333333333333
543.6744814	0.508333333333333
543.6913403	0.508333333333333
543.7081461	0.508333333333333
543.7250522	0.508333333333333
543.7412715	0.508333333333333
543.7580469	0.508333333333333
543.7750149	0.508333333333333
543.7913786	0.508333333333333
543.8082529	0.508333333333333
543.8251666	0.508333333333333
543.8417706	0.508333333333333
543.8583328	0.508333333333333
543.8747517	0.508333333333333
543.8917684	0.508333333333333
543.9082942	0.508333333333333
543.9249987	0.508333333333333
543.9414429	0.508333333333333
543.9581234	0.508333333333333
543.9747338	0.508333333333333
543.9916857	0.508333333333333
544.0080704	0.508333333333333
544.0250341	0.508333333333333
544.0419663	0.508333333333333
544.0585246	0.508333333333333
544.0750061	0.508333333333333
544.0920278	0.508333333333333
544.1079464	0.508333333333333
544.1246945	0.508333333333333
544.1418332	0.508333333333333
544.1579614	0.508333333333333
544.1750191	0.508333333333333
544.191446	0.508333333333333
544.208174	0.508333333333333
544.2247157	0.508333333333333
544.2416888	0.508333333333333
544.2582654	0.508333333333333
544.2750439	0.508333333333333
544.2913651	0.508333333333333
544.3082378	0.508333333333333
544.3251036	0.508333333333333
544.341589	0.508333333333333
544.3581495	0.508333333333333
544.3748066	0.508333333333333
544.3916423	0.508333333333333
544.4079619	0.508333333333333
544.4250766	0.508333333333333
544.4415509	0.508333333333333
544.4579591	0.508333333333333
544.4747674	0.508333333333333
544.4914945	0.508333333333333
544.5081997	0.508333333333333
544.5248923	0.508333333333333
544.5415352	0.508333333333333
544.5581169	0.508333333333333
544.5751566	0.508333333333333
544.5912726	0.508333333333333
544.6080016	0.508333333333333
544.6250663	0.508333333333333
544.6415496	0.508333333333333
544.6580217	0.508333333333333
544.6749848	0.508333333333333
544.691257	0.508333333333333
544.7076513	0.508333333333333
544.7251926	0.508333333333333
544.7415786	0.508333333333333
544.7582062	0.508333333333333
544.7749885	0.508333333333333
544.7916153	0.508333333333333
544.8081444	0.508333333333333
544.8250738	0.508333333333333
544.8414251	0.508333333333333
544.858019	0.508333333333333
544.8744748	0.508333333333333
544.8916664	0.508333333333333
544.9082637	0.508333333333333
544.924653	0.508333333333333
544.941152	0.508333333333333
544.9583172	0.508333333333333
544.9749825	0.508333333333333
544.991653	0.508333333333333
545.0083146	0.508333333333333
545.0248447	0.508333333333333
545.0415949	0.508333333333333
545.0584802	0.508333333333333
545.0747072	0.508333333333333
545.0916105	0.508333333333333
545.1079385	0.508333333333333
545.1252398	0.508333333333333
545.1417156	0.508333333333333
545.158232	0.508333333333333
545.17516	0.508333333333333
545.1912033	0.508333333333333
545.2082102	0.508333333333333
545.2254772	0.508333333333333
545.2413947	0.508333333333333
545.2580917	0.508333333333333
545.2751139	0.508333333333333
545.2916998	0.508333333333333
545.307895	0.508333333333333
545.3245802	0.508333333333333
545.3416353	0.508333333333333
545.357897	0.508333333333333
545.3750143	0.508333333333333
545.3912184	0.508333333333333
545.4081926	0.508333333333333
545.4251055	0.508333333333333
545.4414135	0.508333333333333
545.4579756	0.508333333333333
545.4749304	0.508333333333333
545.4916316	0.508333333333333
545.507892	0.508333333333333
545.5244677	0.508333333333333
545.5411646	0.508333333333333
545.5584047	0.508333333333333
545.5746412	0.508333333333333
545.5912397	0.508333333333333
545.6082718	0.508333333333333
545.6247831	0.508333333333333
545.6412246	0.508333333333333
545.6582738	0.508333333333333
545.6748358	0.508333333333333
545.6914064	0.508333333333333
545.7082501	0.508333333333333
545.7249865	0.508333333333333
545.7418693	0.508333333333333
545.7579203	0.508333333333333
545.7749507	0.508333333333333
545.7913248	0.508333333333333
545.8080562	0.508333333333333
545.8250479	0.508333333333333
545.8410724	0.508333333333333
545.8585535	0.508333333333333
545.8751546	0.508333333333333
545.8916284	0.508333333333333
545.907997	0.508333333333333
545.9249814	0.508333333333333
545.9412331	0.508333333333333
545.9581356	0.508333333333333
545.9747269	0.508333333333333
545.9911463	0.508333333333333
546.0082561	0.508333333333333
546.0248313	0.508333333333333
546.0410449	0.508333333333333
546.0583525	0.508333333333333
546.0747019	0.508333333333333
546.0917116	0.508333333333333
546.1082719	0.508333333333333
546.124843	0.508333333333333
546.1414891	0.508333333333333
546.1583299	0.508333333333333
546.1748963	0.508333333333333
546.1913822	0.508333333333333
546.2078037	0.508333333333333
546.2247916	0.508333333333333
546.2414662	0.508333333333333
546.2582703	0.508333333333333
546.2750441	0.508333333333333
546.2911213	0.508333333333333
546.3081238	0.508333333333333
546.325168	0.508333333333333
546.3416501	0.508333333333333
546.3580268	0.508333333333333
546.3749753	0.508333333333333
546.3915383	0.508333333333333
546.4078963	0.508333333333333
546.4251415	0.508333333333333
546.4410116	0.508333333333333
546.4582682	0.508333333333333
546.4749746	0.508333333333333
546.491495	0.508333333333333
546.5080154	0.508333333333333
546.5252495	0.508333333333333
546.5415942	0.508333333333333
546.5580211	0.508333333333333
546.5752553	0.508333333333333
546.5916265	0.508333333333333
546.6086249	0.508333333333333
546.6251198	0.508333333333333
546.6416916	0.508333333333333
546.6580766	0.508333333333333
546.6746111	0.508333333333333
546.6915971	0.508333333333333
546.7083315	0.508333333333333
546.7248107	0.508333333333333
546.741233	0.508333333333333
546.7577656	0.508333333333333
546.7747824	0.508333333333333
546.7912514	0.508333333333333
546.807957	0.508333333333333
546.8247557	0.508333333333333
546.8411624	0.508333333333333
546.8580284	0.508333333333333
546.875025	0.508333333333333
546.8912481	0.508333333333333
546.9078929	0.508333333333333
546.9245481	0.508333333333333
546.9410457	0.508333333333333
546.957663	0.508333333333333
546.9748231	0.508333333333333
546.9919102	0.508333333333333
547.0081547	0.508333333333333
547.025001	0.508333333333333
547.041177	0.508333333333333
547.0578074	0.508333333333333
547.0757187	0.508333333333333
547.0912201	0.508333333333333
547.1081548	0.508333333333333
547.1252014	0.508333333333333
547.1410977	0.508333333333333
547.1579174	0.508333333333333
547.1750288	0.508333333333333
547.1911115	0.508333333333333
547.2079925	0.508333333333333
547.2249643	0.508333333333333
547.241393	0.508333333333333
547.2579029	0.508333333333333
547.2749284	0.508333333333333
547.2916195	0.508333333333333
547.3083068	0.508333333333333
547.3251661	0.508333333333333
547.3415991	0.508333333333333
547.3579305	0.508333333333333
547.3748964	0.508333333333333
547.3915343	0.508333333333333
547.4080522	0.508333333333333
547.4251392	0.508333333333333
547.4412379	0.508333333333333
547.4581566	0.508333333333333
547.4747421	0.508333333333333
547.4915711	0.508333333333333
547.5081786	0.508333333333333
547.525246	0.508333333333333
547.5412403	0.508333333333333
547.5580676	0.508333333333333
547.5751834	0.508333333333333
547.5914767	0.508333333333333
547.608105	0.508333333333333
547.6244059	0.508333333333333
547.6415252	0.508333333333333
547.6580689	0.508333333333333
547.6751333	0.508333333333333
547.6916323	0.508333333333333
547.7078945	0.508333333333333
547.7253283	0.508333333333333
547.7415261	0.508333333333333
547.7581233	0.508333333333333
547.7747452	0.508333333333333
547.7913853	0.508333333333333
547.8076152	0.508333333333333
547.82493	0.508333333333333
547.8413173	0.508333333333333
547.857543	0.508333333333333
547.8743507	0.508333333333333
547.8910587	0.508333333333333
547.9081589	0.508333333333333
547.9247899	0.508333333333333
547.941234	0.508333333333333
547.9582082	0.508333333333333
547.9747141	0.508333333333333
547.9915158	0.508333333333333
548.0081142	0.508333333333333
548.0268495	0.508333333333333
548.0416156	0.508333333333333
548.0579018	0.508333333333333
548.0744902	0.508333333333333
548.0915632	0.508333333333333
548.1081249	0.508333333333333
548.1250551	0.508333333333333
548.1418276	0.508333333333333
548.1581246	0.508333333333333
548.1750643	0.508333333333333
548.191604	0.508333333333333
548.2080668	0.508333333333333
548.2244973	0.508333333333333
548.241363	0.508333333333333
548.2582463	0.508333333333333
548.275082	0.508333333333333
548.2918904	0.508333333333333
548.308046	0.508333333333333
548.3247591	0.508333333333333
548.3415932	0.508333333333333
548.3580474	0.508333333333333
548.3746615	0.508333333333333
548.3914484	0.508333333333333
548.4077618	0.508333333333333
548.424703	0.508333333333333
548.4418843	0.508333333333333
548.4578044	0.508333333333333
548.4747955	0.508333333333333
548.4915512	0.508333333333333
548.5079372	0.508333333333333
548.524695	0.508333333333333
548.5416817	0.508333333333333
548.5579458	0.508333333333333
548.5750136	0.508333333333333
548.5910599	0.508333333333333
548.6079189	0.508333333333333
548.6247522	0.508333333333333
548.641298	0.508333333333333
548.6581162	0.508333333333333
548.6748512	0.508333333333333
548.691207	0.508333333333333
548.7076791	0.508333333333333
548.7249523	0.508333333333333
548.7413257	0.508333333333333
548.7576261	0.508333333333333
548.774556	0.508333333333333
548.7917378	0.508333333333333
548.8077807	0.508333333333333
548.8250656	0.508333333333333
548.841711	0.508333333333333
548.8581089	0.508333333333333
548.8746345	0.508333333333333
548.8919423	0.508333333333333
548.9085395	0.508333333333333
548.9245222	0.508333333333333
548.9415514	0.508333333333333
548.9581814	0.508333333333333
548.9748102	0.508333333333333
548.9912047	0.508333333333333
549.007662	0.508333333333333
549.0249352	0.508333333333333
549.0416054	0.508333333333333
549.057977	0.508333333333333
549.0749823	0.508333333333333
549.0912039	0.508333333333333
549.108138	0.508333333333333
549.1249281	0.508333333333333
549.141136	0.508333333333333
549.1580553	0.508333333333333
549.1748758	0.508333333333333
549.1914853	0.508333333333333
549.2078031	0.508333333333333
549.2247663	0.508333333333333
549.241447	0.508333333333333
549.2580667	0.508333333333333
549.2745927	0.508333333333333
549.2915526	0.508333333333333
549.3076193	0.508333333333333
549.3249653	0.508333333333333
549.3413031	0.508333333333333
549.3577229	0.508333333333333
549.3752542	0.508333333333333
549.3915095	0.508333333333333
549.4078364	0.508333333333333
549.4251557	0.508333333333333
549.4413689	0.508333333333333
549.4576791	0.508333333333333
549.4748672	0.508333333333333
549.4921323	0.508333333333333
549.5075642	0.508333333333333
549.5252364	0.508333333333333
549.5414545	0.508333333333333
549.5575997	0.508333333333333
549.5749309	0.508333333333333
549.5911928	0.508333333333333
549.6080106	0.508333333333333
549.6247031	0.508333333333333
549.6415346	0.508333333333333
549.6577571	0.508333333333333
549.6746914	0.508333333333333
549.691475	0.508333333333333
549.7075825	0.508333333333333
549.7250129	0.508333333333333
549.7414101	0.508333333333333
549.7576677	0.508333333333333
549.7744666	0.508333333333333
549.7911058	0.508333333333333
549.8077741	0.508333333333333
549.825049	0.508333333333333
549.8415383	0.508333333333333
549.8578965	0.508333333333333
549.8749935	0.508333333333333
549.8912334	0.508333333333333
549.908101	0.508333333333333
549.9249124	0.508333333333333
549.9410984	0.508333333333333
549.9578975	0.508333333333333
549.97516	0.508333333333333
549.9914176	0.508333333333333
550.0079221	0.508333333333333
550.0249042	0.508333333333333
550.0414397	0.508333333333333
550.0580261	0.508333333333333
550.0749139	0.508333333333333
550.0914704	0.508333333333333
550.1079893	0.508333333333333
550.1250301	0.508333333333333
550.1414709	0.508333333333333
550.1577466	0.508333333333333
550.1750597	0.508333333333333
550.1922869	0.508333333333333
550.2078405	0.508333333333333
550.2244523	0.508333333333333
550.2410251	0.508333333333333
550.2578239	0.508333333333333
550.275118	0.508333333333333
550.2913004	0.508333333333333
550.3077297	0.508333333333333
550.3247427	0.508333333333333
550.3411457	0.508333333333333
550.3581027	0.508333333333333
550.3746023	0.508333333333333
550.3916723	0.508333333333333
550.4076628	0.508333333333333
550.4246813	0.508333333333333
550.4415277	0.508333333333333
550.4579039	0.508333333333333
550.4744192	0.508333333333333
550.4911652	0.508333333333333
550.5079909	0.508333333333333
550.5247122	0.508333333333333
550.5415288	0.508333333333333
550.5579971	0.508333333333333
550.5749252	0.508333333333333
550.591291	0.508333333333333
550.6078831	0.508333333333333
550.6246081	0.508333333333333
550.640718	0.508333333333333
550.6576048	0.508333333333333
550.6747756	0.508333333333333
550.6916493	0.508333333333333
550.7079309	0.508333333333333
550.7250582	0.508333333333333
550.7411464	0.508333333333333
550.7578022	0.508333333333333
550.7747402	0.508333333333333
550.7916476	0.508333333333333
550.8077826	0.508333333333333
550.824693	0.508333333333333
550.841347	0.508333333333333
550.8578421	0.508333333333333
550.8747048	0.508333333333333
550.8914227	0.508333333333333
550.9077045	0.508333333333333
550.9247778	0.508333333333333
550.9414844	0.508333333333333
550.9581505	0.508333333333333
550.9748892	0.508333333333333
550.9916079	0.508333333333333
551.0075578	0.508333333333333
551.0243857	0.508333333333333
551.0409999	0.508333333333333
551.0579875	0.508333333333333
551.0746433	0.508333333333333
551.0915864	0.508333333333333
551.1077975	0.508333333333333
551.1249164	0.508333333333333
551.1414622	0.508333333333333
551.1577159	0.508333333333333
551.1748005	0.508333333333333
551.191533	0.508333333333333
551.2079451	0.508333333333333
551.2244286	0.508333333333333
551.2407635	0.508333333333333
551.2578567	0.508333333333333
551.2747873	0.508333333333333
551.2915433	0.508333333333333
551.3081407	0.508333333333333
551.3247855	0.508333333333333
551.3414286	0.508333333333333
551.35781	0.508333333333333
551.3745375	0.508333333333333
551.3917557	0.508333333333333
551.4078374	0.508333333333333
551.4244261	0.508333333333333
551.4417428	0.508333333333333
551.4578429	0.508333333333333
551.4742448	0.508333333333333
551.4915001	0.508333333333333
551.5079308	0.508333333333333
551.5248342	0.508333333333333
551.5413645	0.508333333333333
551.557782	0.508333333333333
551.5744706	0.508333333333333
551.5914833	0.508333333333333
551.6076796	0.508333333333333
551.624685	0.508333333333333
551.6414005	0.508333333333333
551.6578471	0.508333333333333
551.6746182	0.508333333333333
551.6912958	0.508333333333333
551.7078793	0.508333333333333
551.7244875	0.508333333333333
551.7409481	0.508333333333333
551.7576471	0.508333333333333
551.7744415	0.508333333333333
551.791476	0.508333333333333
551.8075755	0.508333333333333
551.8247216	0.508333333333333
551.8413912	0.508333333333333
551.8577814	0.508333333333333
551.8744454	0.508333333333333
551.8913976	0.508333333333333
551.9074714	0.508333333333333
551.9246523	0.508333333333333
551.9408641	0.508333333333333
551.9577031	0.508333333333333
551.9747727	0.508333333333333
551.9914766	0.508333333333333
552.0080052	0.508333333333333
552.0251935	0.508333333333333
552.0412353	0.508333333333333
552.0577885	0.508333333333333
552.0744092	0.508333333333333
552.0913748	0.508333333333333
552.1079748	0.508333333333333
552.1251354	0.508333333333333
552.1412562	0.508333333333333
552.1578929	0.508333333333333
552.1748733	0.508333333333333
552.1910488	0.508333333333333
552.2076989	0.508333333333333
552.2247995	0.508333333333333
552.2411533	0.508333333333333
552.257875	0.508333333333333
552.2744475	0.508333333333333
552.291252	0.508333333333333
552.3075297	0.508333333333333
552.3246408	0.508333333333333
552.3410772	0.508333333333333
552.3579559	0.508333333333333
552.3747882	0.508333333333333
552.3915144	0.508333333333333
552.4076071	0.508333333333333
552.4245467	0.508333333333333
552.4410755	0.508333333333333
552.457963	0.508333333333333
552.4746509	0.508333333333333
552.4913771	0.508333333333333
552.5079721	0.508333333333333
552.5247463	0.508333333333333
552.5411945	0.508333333333333
552.5576633	0.508333333333333
552.5747406	0.508333333333333
552.5916734	0.508333333333333
552.6079374	0.508333333333333
552.6246633	0.508333333333333
552.6416986	0.508333333333333
552.6574971	0.508333333333333
552.6745338	0.508333333333333
552.6911702	0.508333333333333
552.7081891	0.508333333333333
552.7249382	0.508333333333333
552.7412716	0.508333333333333
552.7578949	0.508333333333333
552.7746494	0.508333333333333
552.7915834	0.508333333333333
552.8081662	0.508333333333333
552.8247488	0.508333333333333
552.8410308	0.508333333333333
552.8579057	0.508333333333333
552.8747919	0.508333333333333
552.8913045	0.508333333333333
552.9079128	0.508333333333333
552.924649	0.508333333333333
552.9413154	0.508333333333333
552.9578717	0.508333333333333
552.9743577	0.508333333333333
552.9909388	0.508333333333333
553.0079142	0.508333333333333
553.0246365	0.508333333333333
553.0412807	0.508333333333333
553.058004	0.508333333333333
553.0748274	0.508333333333333
553.0912069	0.508333333333333
553.1078346	0.508333333333333
553.124497	0.508333333333333
553.1412028	0.508333333333333
553.1574694	0.508333333333333
553.1745168	0.508333333333333
553.1911047	0.508333333333333
553.2080505	0.508333333333333
553.2247276	0.508333333333333
553.2411744	0.508333333333333
553.2576355	0.508333333333333
553.274835	0.508333333333333
553.2909458	0.508333333333333
553.3079894	0.508333333333333
553.3247885	0.508333333333333
553.341111	0.508333333333333
553.3577867	0.508333333333333
553.374162	0.508333333333333
553.3914682	0.508333333333333
553.4076082	0.508333333333333
553.4249325	0.508333333333333
553.4410818	0.508333333333333
553.4579281	0.508333333333333
553.4744209	0.508333333333333
553.4914594	0.508333333333333
553.5081176	0.508333333333333
553.5243575	0.508333333333333
553.5413398	0.508333333333333
553.5581595	0.508333333333333
553.574485	0.508333333333333
553.5907895	0.508333333333333
553.607585	0.508333333333333
553.624783	0.508333333333333
553.6408727	0.508333333333333
553.6579419	0.508333333333333
553.6750762	0.508333333333333
553.6915405	0.508333333333333
553.7078045	0.508333333333333
553.724622	0.508333333333333
553.741264	0.508333333333333
553.7579772	0.508333333333333
553.7748674	0.508333333333333
553.7911398	0.508333333333333
553.8079757	0.508333333333333
553.8248534	0.508333333333333
553.841149	0.508333333333333
553.8577938	0.508333333333333
553.8745992	0.508333333333333
553.8911846	0.508333333333333
553.9078236	0.508333333333333
553.9249776	0.508333333333333
553.9413971	0.508333333333333
553.9578977	0.508333333333333
553.9748605	0.508333333333333
553.9911696	0.508333333333333
554.0081765	0.508333333333333
554.0248512	0.508333333333333
554.0412886	0.508333333333333
554.057715	0.508333333333333
554.0750924	0.508333333333333
554.0909118	0.508333333333333
554.1077922	0.508333333333333
554.1251099	0.508333333333333
554.141423	0.508333333333333
554.1577815	0.508333333333333
554.1748687	0.508333333333333
554.1911363	0.508333333333333
554.2079738	0.508333333333333
554.2249226	0.508333333333333
554.241066	0.508333333333333
554.2580418	0.508333333333333
554.2748292	0.508333333333333
554.2913367	0.508333333333333
554.3079756	0.508333333333333
554.3248751	0.508333333333333
554.3407659	0.508333333333333
554.3579638	0.508333333333333
554.3746274	0.508333333333333
554.3913015	0.508333333333333
554.4079655	0.508333333333333
554.4248111	0.508333333333333
554.4416784	0.508333333333333
554.4576591	0.508333333333333
554.4748418	0.508333333333333
554.4909786	0.508333333333333
554.5079928	0.508333333333333
554.5247195	0.508333333333333
554.5407925	0.508333333333333
554.5576081	0.508333333333333
554.574716	0.508333333333333
554.5908963	0.508333333333333
554.6079628	0.508333333333333
554.6244	0.508333333333333
554.6413297	0.508333333333333
554.6578642	0.508333333333333
554.674619	0.508333333333333
554.6914196	0.508333333333333
554.7081066	0.508333333333333
554.7246326	0.508333333333333
554.7414068	0.508333333333333
554.7580441	0.508333333333333
554.7747176	0.508333333333333
554.7913661	0.508333333333333
554.8076554	0.508333333333333
554.8245672	0.508333333333333
554.8408824	0.508333333333333
554.8578977	0.508333333333333
554.8741663	0.508333333333333
554.8915772	0.508333333333333
554.9075834	0.508333333333333
554.9245215	0.508333333333333
554.941839	0.508333333333333
554.957633	0.508333333333333
554.9747911	0.508333333333333
554.9914957	0.508333333333333
555.008012	0.508333333333333
555.0244061	0.508333333333333
555.0410216	0.508333333333333
555.0576563	0.508333333333333
555.0746942	0.508333333333333
555.0916151	0.508333333333333
555.1079073	0.508333333333333
555.1249933	0.508333333333333
555.1413419	0.508333333333333
555.1577637	0.508333333333333
555.1747962	0.508333333333333
555.1914677	0.508333333333333
555.2075808	0.508333333333333
555.224313	0.508333333333333
555.2413498	0.508333333333333
555.2578439	0.508333333333333
555.2743638	0.508333333333333
555.2911971	0.508333333333333
555.3080303	0.508333333333333
555.3246691	0.508333333333333
555.3413425	0.508333333333333
555.357796	0.508333333333333
555.3744808	0.508333333333333
555.3914813	0.508333333333333
555.4078951	0.508333333333333
555.4248237	0.508333333333333
555.4412703	0.508333333333333
555.4580778	0.508333333333333
555.4746673	0.508333333333333
555.4913435	0.508333333333333
555.5077512	0.508333333333333
555.524729	0.508333333333333
555.541232	0.508333333333333
555.5575005	0.508333333333333
555.5748608	0.508333333333333
555.5910328	0.508333333333333
555.6079884	0.508333333333333
555.6246347	0.508333333333333
555.6414107	0.508333333333333
555.6579301	0.508333333333333
555.6746788	0.508333333333333
555.6911368	0.508333333333333
555.7075908	0.508333333333333
555.7246757	0.508333333333333
555.7407211	0.508333333333333
555.7577894	0.508333333333333
555.7747183	0.508333333333333
555.7908924	0.508333333333333
555.8081456	0.508333333333333
555.8247301	0.508333333333333
555.841071	0.508333333333333
555.8578154	0.508333333333333
555.8749216	0.508333333333333
555.8911327	0.508333333333333
555.9079714	0.508333333333333
555.9246292	0.508333333333333
555.9413034	0.508333333333333
555.9579602	0.508333333333333
555.974648	0.508333333333333
555.991366	0.508333333333333
556.0075849	0.508333333333333
556.0242367	0.508333333333333
556.0407237	0.508333333333333
556.0578748	0.508333333333333
556.0742756	0.508333333333333
556.0912592	0.508333333333333
556.107701	0.508333333333333
556.1247213	0.508333333333333
556.1406613	0.508333333333333
556.158233	0.508333333333333
556.1746555	0.508333333333333
556.1912109	0.508333333333333
556.2075916	0.508333333333333
556.2244086	0.508333333333333
556.24107	0.508333333333333
556.2577852	0.508333333333333
556.2748652	0.508333333333333
556.291294	0.508333333333333
556.3079652	0.508333333333333
556.3250116	0.508333333333333
556.3414675	0.508333333333333
556.3577145	0.508333333333333
556.3745112	0.508333333333333
556.3907786	0.508333333333333
556.4078721	0.508333333333333
556.4246697	0.508333333333333
556.4406493	0.508333333333333
556.4580348	0.508333333333333
556.4746522	0.508333333333333
556.4910986	0.508333333333333
556.5078888	0.508333333333333
556.5242388	0.508333333333333
556.5407507	0.508333333333333
556.5577967	0.508333333333333
556.5748878	0.508333333333333
556.5908003	0.508333333333333
556.6078867	0.508333333333333
556.6245542	0.508333333333333
556.6411498	0.508333333333333
556.6576143	0.508333333333333
556.6745952	0.508333333333333
556.6905917	0.508333333333333
556.7078954	0.508333333333333
556.7248961	0.508333333333333
556.7411747	0.508333333333333
556.7575514	0.508333333333333
556.7746944	0.508333333333333
556.7906946	0.508333333333333
556.8080407	0.508333333333333
556.8248837	0.508333333333333
556.8414972	0.508333333333333
556.8578826	0.508333333333333
556.8744707	0.508333333333333
556.8910888	0.508333333333333
556.9074759	0.508333333333333
556.9246904	0.508333333333333
556.9411007	0.508333333333333
556.9578661	0.508333333333333
556.9744744	0.508333333333333
556.991022	0.508333333333333
557.0076053	0.508333333333333
557.0246114	0.508333333333333
557.0411182	0.508333333333333
557.0577468	0.508333333333333
557.0744586	0.508333333333333
557.0911267	0.508333333333333
557.1076489	0.508333333333333
557.1247561	0.508333333333333
557.1407213	0.508333333333333
557.1579118	0.508333333333333
557.1746635	0.508333333333333
557.1911977	0.508333333333333
557.2076025	0.508333333333333
557.2246497	0.508333333333333
557.2409201	0.508333333333333
557.2575459	0.508333333333333
557.2748724	0.508333333333333
557.2911063	0.508333333333333
557.3079333	0.508333333333333
557.3248361	0.508333333333333
557.3411307	0.508333333333333
557.357526	0.508333333333333
557.3742212	0.508333333333333
557.3912385	0.508333333333333
557.407873	0.508333333333333
557.4245902	0.508333333333333
557.4411589	0.508333333333333
557.4577871	0.508333333333333
557.4745806	0.508333333333333
557.4908379	0.508333333333333
557.5079392	0.508333333333333
557.5247705	0.508333333333333
557.5412363	0.508333333333333
557.5578145	0.508333333333333
557.5743355	0.508333333333333
557.5911339	0.508333333333333
557.6075317	0.508333333333333
557.6247926	0.508333333333333
557.6410932	0.508333333333333
557.6578644	0.508333333333333
557.6746351	0.508333333333333
557.6912402	0.508333333333333
557.7079723	0.508333333333333
557.7248526	0.508333333333333
557.7410887	0.508333333333333
557.7576083	0.508333333333333
557.7745658	0.508333333333333
557.7910602	0.508333333333333
557.8075656	0.508333333333333
557.8246852	0.508333333333333
557.8410863	0.508333333333333
557.858076	0.508333333333333
557.8745532	0.508333333333333
557.8910712	0.508333333333333
557.9078375	0.508333333333333
557.9247385	0.508333333333333
557.9411036	0.508333333333333
557.9579968	0.508333333333333
557.9750983	0.508333333333333
557.9909838	0.508333333333333
558.0079672	0.508333333333333
558.0245485	0.508333333333333
558.0411312	0.508333333333333
558.0576616	0.508333333333333
558.074473	0.508333333333333
558.0910656	0.508333333333333
558.1078496	0.508333333333333
558.1245716	0.508333333333333
558.1410844	0.508333333333333
558.1580968	0.508333333333333
558.1745297	0.508333333333333
558.1910641	0.508333333333333
558.2079828	0.508333333333333
558.2247929	0.508333333333333
558.2410747	0.508333333333333
558.2579042	0.508333333333333
558.2742201	0.508333333333333
558.291078	0.508333333333333
558.3079533	0.508333333333333
558.3247111	0.508333333333333
558.3407501	0.508333333333333
558.3576937	0.508333333333333
558.3742494	0.508333333333333
558.3905516	0.508333333333333
558.4076434	0.508333333333333
558.4247745	0.508333333333333
558.4409096	0.508333333333333
558.4577546	0.508333333333333
558.4745679	0.508333333333333
558.4909877	0.508333333333333
558.5077951	0.508333333333333
558.5245619	0.508333333333333
558.5410207	0.508333333333333
558.5575866	0.508333333333333
558.5749111	0.508333333333333
558.5910725	0.508333333333333
558.6078056	0.508333333333333
558.6244557	0.508333333333333
558.641012	0.508333333333333
558.6574151	0.508333333333333
558.6742498	0.508333333333333
558.6910658	0.508333333333333
558.7075706	0.508333333333333
558.7245155	0.508333333333333
558.7412239	0.508333333333333
558.7576242	0.508333333333333
558.7746742	0.508333333333333
558.7906886	0.508333333333333
558.8075186	0.508333333333333
558.8243339	0.508333333333333
558.8405885	0.508333333333333
558.8578686	0.508333333333333
558.874463	0.508333333333333
558.8910588	0.508333333333333
558.9075789	0.508333333333333
558.924475	0.508333333333333
558.9410328	0.508333333333333
558.9575081	0.508333333333333
558.9743988	0.508333333333333
558.9909882	0.508333333333333
559.0077392	0.508333333333333
559.0244458	0.508333333333333
559.0406568	0.508333333333333
559.0578318	0.508333333333333
559.0746574	0.508333333333333
559.0909614	0.508333333333333
559.1075171	0.508333333333333
559.1242735	0.508333333333333
559.1410551	0.508333333333333
559.1576776	0.508333333333333
559.1750205	0.508333333333333
559.1909391	0.508333333333333
559.2079395	0.508333333333333
559.224669	0.508333333333333
559.2408822	0.508333333333333
559.2574686	0.508333333333333
559.274625	0.508333333333333
559.2905097	0.508333333333333
559.3078577	0.508333333333333
559.3247017	0.508333333333333
559.3409215	0.508333333333333
559.3578225	0.508333333333333
559.3743495	0.508333333333333
559.3908253	0.508333333333333
559.4077919	0.508333333333333
559.42437	0.508333333333333
559.4410841	0.508333333333333
559.4575404	0.508333333333333
559.4745772	0.508333333333333
559.4913376	0.508333333333333
559.5073097	0.508333333333333
559.5239315	0.508333333333333
559.5411884	0.508333333333333
559.5575333	0.508333333333333
559.5745332	0.508333333333333
559.5905954	0.508333333333333
559.6078538	0.508333333333333
559.624333	0.508333333333333
559.640992	0.508333333333333
559.6575951	0.508333333333333
559.6742764	0.508333333333333
559.6909616	0.508333333333333
559.7074444	0.508333333333333
559.7246718	0.508333333333333
559.7410395	0.508333333333333
559.7576828	0.508333333333333
559.774602	0.508333333333333
559.791254	0.508333333333333
559.8077264	0.508333333333333
559.8245054	0.508333333333333
559.8409226	0.508333333333333
559.8573667	0.508333333333333
559.8744225	0.508333333333333
559.8910564	0.508333333333333
559.9079654	0.508333333333333
559.924475	0.508333333333333
559.94108	0.508333333333333
559.9580937	0.508333333333333
559.9746326	0.508333333333333
559.9911646	0.508333333333333
560.0077175	0.508333333333333
560.0241941	0.508333333333333
560.041061	0.508333333333333
560.0578265	0.508333333333333
560.0745022	0.508333333333333
560.0906819	0.508333333333333
560.1074287	0.508333333333333
560.1249741	0.508333333333333
560.1409571	0.508333333333333
560.1576879	0.508333333333333
560.1741762	0.508333333333333
560.19055	0.508333333333333
560.2077951	0.508333333333333
560.2243666	0.508333333333333
560.2449696	0.508333333333333
560.2573961	0.508333333333333
560.2744935	0.508333333333333
560.2909856	0.508333333333333
560.3079353	0.508333333333333
560.3240305	0.508333333333333
560.3408118	0.508333333333333
560.3578005	0.508333333333333
560.3743785	0.508333333333333
560.3910174	0.508333333333333
560.4078478	0.508333333333333
560.4244903	0.508333333333333
560.4405904	0.508333333333333
560.4575967	0.508333333333333
560.4743108	0.508333333333333
560.4906449	0.508333333333333
560.507914	0.508333333333333
560.5245371	0.508333333333333
560.5409939	0.508333333333333
560.5572752	0.508333333333333
560.5742903	0.508333333333333
560.5910032	0.508333333333333
560.6077086	0.508333333333333
560.6247009	0.508333333333333
560.640904	0.508333333333333
560.6575369	0.508333333333333
560.6743918	0.508333333333333
560.6909436	0.508333333333333
560.7072733	0.508333333333333
560.7239453	0.508333333333333
560.7405163	0.508333333333333
560.757591	0.508333333333333
560.7743539	0.508333333333333
560.7906188	0.508333333333333
560.8079579	0.508333333333333
560.8243885	0.508333333333333
560.840879	0.508333333333333
560.8577853	0.508333333333333
560.8741111	0.508333333333333
560.8910662	0.508333333333333
560.9078298	0.508333333333333
560.9245499	0.508333333333333
560.9409251	0.508333333333333
560.9578815	0.508333333333333
560.9740553	0.508333333333333
560.990638	0.508333333333333
561.0079066	0.508333333333333
561.0243692	0.508333333333333
561.0409694	0.508333333333333
561.0577116	0.508333333333333
561.0743562	0.508333333333333
561.0910715	0.508333333333333
561.1075913	0.508333333333333
561.1241682	0.508333333333333
561.1407626	0.508333333333333
561.1574974	0.508333333333333
561.1743528	0.508333333333333
561.1919404	0.508333333333333
561.2072167	0.508333333333333
561.2240775	0.508333333333333
561.2409709	0.508333333333333
561.2576375	0.508333333333333
561.274418	0.508333333333333
561.2909277	0.508333333333333
561.3078825	0.508333333333333
561.3247159	0.508333333333333
561.3408953	0.508333333333333
561.3576403	0.508333333333333
561.3741473	0.508333333333333
561.3911391	0.508333333333333
561.4075829	0.508333333333333
561.424678	0.508333333333333
561.4409941	0.508333333333333
561.4574151	0.508333333333333
561.4744264	0.508333333333333
561.490452	0.508333333333333
561.5077523	0.508333333333333
561.5243344	0.508333333333333
561.5412322	0.508333333333333
561.5574616	0.508333333333333
561.5745638	0.508333333333333
561.5909011	0.508333333333333
561.6075822	0.508333333333333
561.6242083	0.508333333333333
561.6410066	0.508333333333333
561.6575666	0.508333333333333
561.6743167	0.508333333333333
561.6910489	0.508333333333333
561.7076646	0.508333333333333
561.7244085	0.508333333333333
561.7408554	0.508333333333333
561.7577317	0.508333333333333
561.7742053	0.508333333333333
561.7906705	0.508333333333333
561.8072898	0.508333333333333
561.8241112	0.508333333333333
561.8410831	0.508333333333333
561.8577973	0.508333333333333
561.8741716	0.508333333333333
561.891247	0.508333333333333
561.9077029	0.508333333333333
561.92422	0.508333333333333
561.9410045	0.508333333333333
561.9576068	0.508333333333333
561.9744782	0.508333333333333
561.9903865	0.508333333333333
562.0075429	0.508333333333333
562.0241045	0.508333333333333
562.0405491	0.508333333333333
562.0580187	0.508333333333333
562.0783008	0.508333333333333
562.0911034	0.508333333333333
562.1075696	0.508333333333333
562.1242519	0.508333333333333
562.1402507	0.508333333333333
562.1575203	0.508333333333333
562.174001	0.508333333333333
562.1914226	0.508333333333333
562.2075233	0.508333333333333
562.2245011	0.508333333333333
562.2412682	0.508333333333333
562.2574593	0.508333333333333
562.274209	0.508333333333333
562.2909731	0.508333333333333
562.3078128	0.508333333333333
562.3241416	0.508333333333333
562.3409055	0.508333333333333
562.3573681	0.508333333333333
562.3741553	0.508333333333333
562.3910766	0.508333333333333
562.4074795	0.508333333333333
562.4238635	0.508333333333333
562.4409946	0.508333333333333
562.4577383	0.508333333333333
562.4745669	0.508333333333333
562.4909806	0.508333333333333
562.5074612	0.508333333333333
562.5242548	0.508333333333333
562.5411625	0.508333333333333
562.5577454	0.508333333333333
562.5741971	0.508333333333333
562.5905583	0.508333333333333
562.6075831	0.508333333333333
562.6244046	0.508333333333333
562.6409183	0.508333333333333
562.6573426	0.508333333333333
562.6741066	0.508333333333333
562.6910732	0.508333333333333
562.7080894	0.508333333333333
562.724741	0.508333333333333
562.7410531	0.508333333333333
562.7579379	0.508333333333333
562.7743122	0.508333333333333
562.790797	0.508333333333333
562.8075134	0.508333333333333
562.8247913	0.508333333333333
562.8410172	0.508333333333333
562.8575994	0.508333333333333
562.8743651	0.508333333333333
562.8908391	0.508333333333333
562.9072625	0.508333333333333
562.9239529	0.508333333333333
562.9403869	0.508333333333333
562.9572921	0.508333333333333
562.9743065	0.508333333333333
562.9909551	0.508333333333333
563.0073545	0.508333333333333
563.0240478	0.508333333333333
563.0406984	0.508333333333333
563.0576037	0.508333333333333
563.0741382	0.508333333333333
563.0907016	0.508333333333333
563.107634	0.508333333333333
563.1249177	0.508333333333333
563.1405982	0.508333333333333
563.1575829	0.508333333333333
563.1744096	0.508333333333333
563.191054	0.508333333333333
563.2077993	0.508333333333333
563.2241196	0.508333333333333
563.2410977	0.508333333333333
563.2572382	0.508333333333333
563.2742426	0.508333333333333
563.2906652	0.508333333333333
563.3077065	0.508333333333333
563.3239252	0.508333333333333
563.3405197	0.508333333333333
563.3576405	0.508333333333333
563.3744198	0.508333333333333
563.3905989	0.508333333333333
563.4073484	0.508333333333333
563.4245846	0.508333333333333
563.4411589	0.508333333333333
563.4574836	0.508333333333333
563.4741957	0.508333333333333
563.4909728	0.508333333333333
563.5077856	0.508333333333333
563.5243526	0.508333333333333
563.541011	0.508333333333333
563.5577959	0.508333333333333
563.5740463	0.508333333333333
563.5909021	0.508333333333333
563.6074177	0.508333333333333
563.6244087	0.508333333333333
563.6409816	0.508333333333333
563.6575017	0.508333333333333
563.679137	0.508333333333333
563.6908631	0.508333333333333
563.7074081	0.508333333333333
563.7244514	0.508333333333333
563.7408996	0.508333333333333
563.7576255	0.508333333333333
563.7742886	0.508333333333333
563.7910062	0.508333333333333
563.807516	0.508333333333333
563.8241291	0.508333333333333
563.8409907	0.508333333333333
563.8575556	0.508333333333333
563.873925	0.508333333333333
563.8907372	0.508333333333333
563.9077775	0.508333333333333
563.9240624	0.508333333333333
563.9410462	0.508333333333333
563.957374	0.508333333333333
563.9740779	0.508333333333333
563.9907278	0.508333333333333
564.0074691	0.508333333333333
564.0243123	0.508333333333333
564.0413455	0.508333333333333
564.0576465	0.508333333333333
564.0739696	0.508333333333333
564.0905113	0.508333333333333
564.1072717	0.508333333333333
564.1243197	0.508333333333333
564.1411184	0.508333333333333
564.1572816	0.508333333333333
564.1740115	0.508333333333333
564.1908683	0.508333333333333
564.2074972	0.508333333333333
564.2243873	0.508333333333333
564.2410554	0.508333333333333
564.2577545	0.508333333333333
564.2739967	0.508333333333333
564.2908294	0.508333333333333
564.3078534	0.508333333333333
564.3244997	0.508333333333333
564.3410213	0.508333333333333
564.35748	0.508333333333333
564.3743002	0.508333333333333
564.3906489	0.508333333333333
564.4073281	0.508333333333333
564.4241973	0.508333333333333
564.4410081	0.508333333333333
564.4579198	0.508333333333333
564.4743495	0.508333333333333
564.490905	0.508333333333333
564.5076617	0.508333333333333
564.524307	0.508333333333333
564.5405127	0.508333333333333
564.5576098	0.508333333333333
564.5744978	0.508333333333333
564.5912293	0.508333333333333
564.6074012	0.508333333333333
564.624359	0.508333333333333
564.6411697	0.508333333333333
564.6574596	0.508333333333333
564.6740012	0.508333333333333
564.6908358	0.508333333333333
564.7072071	0.508333333333333
564.7241491	0.508333333333333
564.7410597	0.508333333333333
564.7574731	0.508333333333333
564.7743059	0.508333333333333
564.7905323	0.508333333333333
564.8074428	0.508333333333333
564.8242997	0.508333333333333
564.8409951	0.508333333333333
564.8577821	0.508333333333333
564.8745877	0.508333333333333
564.8908902	0.508333333333333
564.9079858	0.508333333333333
564.9243457	0.508333333333333
564.9409296	0.508333333333333
564.9574328	0.508333333333333
564.9737541	0.508333333333333
564.9910185	0.508333333333333
565.0078453	0.508333333333333
565.0241681	0.508333333333333
565.0406971	0.508333333333333
565.0576866	0.508333333333333
565.0740238	0.508333333333333
565.0912097	0.508333333333333
565.1072418	0.508333333333333
565.1243178	0.508333333333333
565.1408788	0.508333333333333
565.1572975	0.508333333333333
565.1741626	0.508333333333333
565.1908651	0.508333333333333
565.2075763	0.508333333333333
565.2240428	0.508333333333333
565.2403131	0.508333333333333
565.257203	0.508333333333333
565.2739948	0.508333333333333
565.2913221	0.508333333333333
565.307233	0.508333333333333
565.3242262	0.508333333333333
565.3410087	0.508333333333333
565.3578495	0.508333333333333
565.3741859	0.508333333333333
565.3909873	0.508333333333333
565.4075726	0.508333333333333
565.4243653	0.508333333333333
565.4408078	0.508333333333333
565.4572609	0.508333333333333
565.4737899	0.508333333333333
565.4905579	0.508333333333333
565.5074319	0.508333333333333
565.5242856	0.508333333333333
565.540474	0.508333333333333
565.5571176	0.508333333333333
565.5743191	0.508333333333333
565.591068	0.508333333333333
565.6075322	0.508333333333333
565.6238683	0.508333333333333
565.6408429	0.508333333333333
565.6574785	0.508333333333333
565.673893	0.508333333333333
565.6908088	0.508333333333333
565.7074756	0.508333333333333
565.7241438	0.508333333333333
565.7410049	0.508333333333333
565.7576528	0.508333333333333
565.7742365	0.508333333333333
565.7902783	0.508333333333333
565.8073424	0.508333333333333
565.8241701	0.508333333333333
565.84096	0.508333333333333
565.8575097	0.508333333333333
565.8741214	0.508333333333333
565.8907198	0.508333333333333
565.9076125	0.508333333333333
565.9241656	0.508333333333333
565.9407796	0.508333333333333
565.9574082	0.508333333333333
565.9742295	0.508333333333333
565.9906821	0.508333333333333
566.0075424	0.508333333333333
566.0241894	0.508333333333333
566.0406341	0.508333333333333
566.0575122	0.508333333333333
566.0739784	0.508333333333333
566.0908552	0.508333333333333
566.1074404	0.508333333333333
566.1242044	0.508333333333333
566.1410046	0.508333333333333
566.157552	0.508333333333333
566.17396	0.508333333333333
566.1909493	0.508333333333333
566.207224	0.508333333333333
566.2238464	0.508333333333333
566.2410121	0.508333333333333
566.2575736	0.508333333333333
566.2748315	0.508333333333333
566.2904767	0.508333333333333
566.3073094	0.508333333333333
566.3241608	0.508333333333333
566.341103	0.508333333333333
566.3575513	0.508333333333333
566.3740677	0.508333333333333
566.3908316	0.508333333333333
566.4075831	0.508333333333333
566.4240593	0.508333333333333
566.4410326	0.508333333333333
566.4572035	0.508333333333333
566.4744905	0.508333333333333
566.4903703	0.508333333333333
566.5076433	0.508333333333333
566.5241547	0.508333333333333
566.5405864	0.508333333333333
566.5571449	0.508333333333333
566.5741318	0.508333333333333
566.5903996	0.508333333333333
566.6074804	0.508333333333333
566.624272	0.508333333333333
566.6408411	0.508333333333333
566.6574338	0.508333333333333
566.6746004	0.508333333333333
566.6907301	0.508333333333333
566.707635	0.508333333333333
566.7242747	0.508333333333333
566.7407472	0.508333333333333
566.7575797	0.508333333333333
566.7737787	0.508333333333333
566.7906989	0.508333333333333
566.8073028	0.508333333333333
566.8241753	0.508333333333333
566.8411467	0.508333333333333
566.8570821	0.508333333333333
566.8741055	0.508333333333333
566.8909326	0.508333333333333
566.9076125	0.508333333333333
566.9239948	0.508333333333333
566.9408617	0.508333333333333
566.9573228	0.508333333333333
566.9738078	0.508333333333333
566.9908644	0.508333333333333
567.0071387	0.508333333333333
567.0238404	0.508333333333333
567.0407716	0.508333333333333
567.0577853	0.508333333333333
567.073816	0.508333333333333
567.0910048	0.508333333333333
567.1073243	0.508333333333333
567.1237667	0.508333333333333
567.1408328	0.508333333333333
567.1571354	0.508333333333333
567.1738837	0.508333333333333
567.190573	0.508333333333333
567.2071211	0.508333333333333
567.2238355	0.508333333333333
567.2410581	0.508333333333333
567.2574514	0.508333333333333
567.2736838	0.508333333333333
567.2909052	0.508333333333333
567.3074592	0.508333333333333
567.3237064	0.508333333333333
567.3407102	0.508333333333333
567.3577079	0.508333333333333
567.3739272	0.508333333333333
567.3908228	0.508333333333333
567.4073452	0.508333333333333
567.4237819	0.508333333333333
567.4406573	0.508333333333333
567.4576432	0.508333333333333
567.4743809	0.508333333333333
567.490421	0.508333333333333
567.5072289	0.508333333333333
567.5239487	0.508333333333333
567.5408126	0.508333333333333
567.5575164	0.508333333333333
567.5739355	0.508333333333333
567.5909915	0.508333333333333
567.6071305	0.508333333333333
567.6239917	0.508333333333333
567.6410125	0.508333333333333
567.6576658	0.508333333333333
567.6742472	0.508333333333333
567.6908736	0.508333333333333
567.70717	0.508333333333333
567.7236529	0.508333333333333
567.740523	0.508333333333333
567.7573683	0.508333333333333
567.7741989	0.508333333333333
567.7909296	0.508333333333333
567.8075228	0.508333333333333
567.824149	0.508333333333333
567.8408249	0.508333333333333
567.8576465	0.508333333333333
567.8736187	0.508333333333333
567.890993	0.508333333333333
567.9071256	0.508333333333333
567.9239745	0.508333333333333
567.940968	0.508333333333333
567.957377	0.508333333333333
567.9735584	0.508333333333333
567.9904383	0.508333333333333
568.0073553	0.508333333333333
568.0240715	0.508333333333333
568.0409895	0.508333333333333
568.0573464	0.508333333333333
568.074034	0.508333333333333
568.0908793	0.508333333333333
568.1073373	0.508333333333333
568.1241193	0.508333333333333
568.1407841	0.508333333333333
568.1574653	0.508333333333333
568.1743047	0.508333333333333
568.1905546	0.508333333333333
568.2076072	0.508333333333333
568.2238935	0.508333333333333
568.240784	0.508333333333333
568.2573896	0.508333333333333
568.2749667	0.508333333333333
568.2927301	0.508333333333333
568.3074679	0.508333333333333
568.3238626	0.508333333333333
568.3408701	0.508333333333333
568.3574687	0.508333333333333
568.3736316	0.508333333333333
568.3910303	0.508333333333333
568.4075134	0.508333333333333
568.4235742	0.508333333333333
568.4403702	0.508333333333333
568.4574204	0.508333333333333
568.4737898	0.508333333333333
568.4905284	0.508333333333333
568.507082	0.508333333333333
568.5239554	0.508333333333333
568.5407658	0.508333333333333
568.5575264	0.508333333333333
568.5736843	0.508333333333333
568.5909695	0.508333333333333
568.607548	0.508333333333333
568.6239114	0.508333333333333
568.6404723	0.508333333333333
568.6574252	0.508333333333333
568.6741262	0.508333333333333
568.6906061	0.508333333333333
568.7072591	0.508333333333333
568.7234816	0.508333333333333
568.7405607	0.508333333333333
568.7571953	0.508333333333333
568.7739951	0.508333333333333
568.7909444	0.508333333333333
568.8073939	0.508333333333333
568.8236858	0.508333333333333
568.8406523	0.508333333333333
568.8573431	0.508333333333333
568.8736375	0.508333333333333
568.8904682	0.508333333333333
568.9073725	0.508333333333333
568.9240767	0.508333333333333
568.9408032	0.508333333333333
568.9572217	0.508333333333333
568.9741	0.508333333333333
568.9908234	0.508333333333333
569.007165	0.508333333333333
569.0238958	0.508333333333333
569.040851	0.508333333333333
569.0573624	0.508333333333333
569.0735284	0.508333333333333
569.0908403	0.508333333333333
569.1071141	0.508333333333333
569.1240405	0.508333333333333
569.1403482	0.508333333333333
569.1576067	0.508333333333333
569.1738421	0.508333333333333
569.1908021	0.508333333333333
569.2075193	0.508333333333333
569.2237243	0.508333333333333
569.2408177	0.508333333333333
569.2570985	0.508333333333333
569.2740573	0.508333333333333
569.2908	0.508333333333333
569.3074103	0.508333333333333
569.3240092	0.508333333333333
569.3407379	0.508333333333333
569.3568682	0.508333333333333
569.3741746	0.508333333333333
569.3907722	0.508333333333333
569.4074344	0.508333333333333
569.4240313	0.508333333333333
569.4402566	0.508333333333333
569.4572229	0.508333333333333
569.4741095	0.508333333333333
569.491463	0.508333333333333
569.5071504	0.508333333333333
569.5241628	0.508333333333333
569.5406451	0.508333333333333
569.5574643	0.508333333333333
569.5740068	0.508333333333333
569.5909495	0.508333333333333
569.6072876	0.508333333333333
569.6237967	0.508333333333333
569.6408596	0.508333333333333
569.6576602	0.508333333333333
569.6741117	0.508333333333333
569.6907458	0.508333333333333
569.7071082	0.508333333333333
569.724013	0.508333333333333
569.7409738	0.508333333333333
569.757632	0.508333333333333
569.7736569	0.508333333333333
569.7908156	0.508333333333333
569.8071544	0.508333333333333
569.8239821	0.508333333333333
569.8408451	0.508333333333333
569.8572473	0.508333333333333
569.873638	0.508333333333333
569.8908222	0.508333333333333
569.9072408	0.508333333333333
569.9236423	0.508333333333333
569.9408156	0.508333333333333
569.9569823	0.508333333333333
569.9741779	0.508333333333333
569.9908082	0.508333333333333
570.0070832	0.508333333333333
570.0240815	0.508333333333333
570.0409534	0.508333333333333
570.0574944	0.508333333333333
570.0742287	0.508333333333333
570.0912441	0.508333333333333
570.1073103	0.508333333333333
570.1238859	0.508333333333333
570.1409252	0.508333333333333
570.15735	0.508333333333333
570.1738343	0.508333333333333
570.1905433	0.508333333333333
570.2072661	0.508333333333333
570.2240659	0.508333333333333
570.2407722	0.508333333333333
570.2572552	0.508333333333333
570.2739844	0.508333333333333
570.2909867	0.508333333333333
570.3075783	0.508333333333333
570.3240976	0.508333333333333
570.3410149	0.508333333333333
570.3574412	0.508333333333333
570.3739065	0.508333333333333
570.3907978	0.508333333333333
570.4072835	0.508333333333333
570.424088	0.508333333333333
570.4407484	0.508333333333333
570.4570962	0.508333333333333
570.4734844	0.508333333333333
570.4903284	0.508333333333333
570.5070436	0.508333333333333
570.5242154	0.508333333333333
570.5408665	0.508333333333333
570.5575514	0.508333333333333
570.5742623	0.508333333333333
570.5907835	0.508333333333333
570.607305	0.508333333333333
570.6243686	0.508333333333333
570.6407557	0.508333333333333
570.657423	0.508333333333333
570.6742447	0.508333333333333
570.6912686	0.508333333333333
570.7070919	0.508333333333333
570.7240865	0.508333333333333
570.7402919	0.508333333333333
570.7573987	0.508333333333333
570.7739727	0.508333333333333
570.7906396	0.508333333333333
570.8069809	0.508333333333333
570.8235746	0.508333333333333
570.8402962	0.508333333333333
570.8572603	0.508333333333333
570.8740824	0.508333333333333
570.8907818	0.508333333333333
570.9073507	0.508333333333333
570.9236188	0.508333333333333
570.940471	0.508333333333333
570.9574251	0.508333333333333
570.9740476	0.508333333333333
570.9907622	0.508333333333333
571.0070549	0.508333333333333
571.0238086	0.508333333333333
571.0407464	0.508333333333333
571.057276	0.508333333333333
571.07406	0.508333333333333
571.0906893	0.508333333333333
571.1071789	0.508333333333333
571.1235916	0.508333333333333
571.1408883	0.508333333333333
571.1569594	0.508333333333333
571.1740231	0.508333333333333
571.1904722	0.508333333333333
571.207351	0.508333333333333
571.224093	0.508333333333333
571.24068	0.508333333333333
571.2573077	0.508333333333333
571.2737088	0.508333333333333
571.2903926	0.508333333333333
571.3070438	0.508333333333333
571.3240141	0.508333333333333
571.3406011	0.508333333333333
571.3571562	0.508333333333333
571.3736846	0.508333333333333
571.3903185	0.508333333333333
571.4070327	0.508333333333333
571.423787	0.508333333333333
571.440936	0.508333333333333
571.4573102	0.508333333333333
571.4739035	0.508333333333333
571.490829	0.508333333333333
571.5071455	0.508333333333333
571.523834	0.508333333333333
571.540235	0.508333333333333
571.5568378	0.508333333333333
571.5737403	0.508333333333333
571.5911993	0.508333333333333
571.6071325	0.508333333333333
571.6238611	0.508333333333333
571.6406469	0.508333333333333
571.657061	0.508333333333333
571.6737096	0.508333333333333
571.6906953	0.508333333333333
571.7070473	0.508333333333333
571.7239311	0.508333333333333
571.7407126	0.508333333333333
571.7570124	0.508333333333333
571.7737435	0.508333333333333
571.7906699	0.508333333333333
571.806965	0.508333333333333
571.824266	0.508333333333333
571.8407437	0.508333333333333
571.8569645	0.508333333333333
571.8740707	0.508333333333333
571.8907707	0.508333333333333
571.9077859	0.508333333333333
571.9239728	0.508333333333333
571.9410036	0.508333333333333
571.9577737	0.508333333333333
571.9736846	0.508333333333333
571.9905885	0.508333333333333
572.0072546	0.508333333333333
572.0237005	0.508333333333333
572.0407225	0.508333333333333
572.0572614	0.508333333333333
572.0741057	0.508333333333333
572.0906966	0.508333333333333
572.1071687	0.508333333333333
572.1240661	0.508333333333333
572.1406017	0.508333333333333
572.1569869	0.508333333333333
572.1740847	0.508333333333333
572.1905935	0.508333333333333
572.2073575	0.508333333333333
572.2241033	0.508333333333333
572.2406888	0.508333333333333
572.2572652	0.508333333333333
572.2739535	0.508333333333333
572.2909764	0.508333333333333
572.3071302	0.508333333333333
572.3240703	0.508333333333333
572.3403471	0.508333333333333
572.3570985	0.508333333333333
572.3736664	0.508333333333333
572.390637	0.508333333333333
572.4072683	0.508333333333333
572.4241757	0.508333333333333
572.4406436	0.508333333333333
572.457181	0.508333333333333
572.4739202	0.508333333333333
572.4903211	0.508333333333333
572.506831	0.508333333333333
572.5235017	0.508333333333333
572.5404597	0.508333333333333
572.5572216	0.508333333333333
572.574049	0.508333333333333
572.5900879	0.508333333333333
572.6072443	0.508333333333333
572.6242146	0.508333333333333
572.6406763	0.508333333333333
572.6572771	0.508333333333333
572.6740086	0.508333333333333
572.690687	0.508333333333333
572.7070626	0.508333333333333
572.7238513	0.508333333333333
572.7407297	0.508333333333333
572.7572683	0.508333333333333
572.7739119	0.508333333333333
572.79073	0.508333333333333
572.8070053	0.508333333333333
572.8239867	0.508333333333333
572.8400768	0.508333333333333
572.8567866	0.508333333333333
572.8737754	0.508333333333333
572.8904821	0.508333333333333
572.907028	0.508333333333333
572.9237935	0.508333333333333
572.9403315	0.508333333333333
572.9569014	0.508333333333333
572.9738452	0.508333333333333
572.9902508	0.508333333333333
573.0071578	0.508333333333333
573.0239529	0.508333333333333
573.0407342	0.508333333333333
573.057363	0.508333333333333
573.0735581	0.508333333333333
573.0902528	0.508333333333333
573.1071586	0.508333333333333
573.1243865	0.508333333333333
573.1398498	0.508333333333333
573.1572855	0.508333333333333
573.1736764	0.508333333333333
573.1901753	0.508333333333333
573.207217	0.508333333333333
573.2240037	0.508333333333333
573.2403721	0.508333333333333
573.2571069	0.508333333333333
573.274068	0.508333333333333
573.2906605	0.508333333333333
573.3072553	0.508333333333333
573.3241038	0.508333333333333
573.3409279	0.508333333333333
573.3571598	0.508333333333333
573.3736529	0.508333333333333
573.3903941	0.508333333333333
573.4071818	0.508333333333333
573.4239452	0.508333333333333
573.4407028	0.508333333333333
573.457287	0.508333333333333
573.4738067	0.508333333333333
573.4906447	0.508333333333333
573.5069082	0.508333333333333
573.523829	0.508333333333333
573.5404175	0.508333333333333
573.5570949	0.508333333333333
573.5738406	0.508333333333333
573.5906927	0.508333333333333
573.6071375	0.508333333333333
573.6236141	0.508333333333333
573.6407875	0.508333333333333
573.6570965	0.508333333333333
573.673997	0.508333333333333
573.6906164	0.508333333333333
573.7072834	0.508333333333333
573.723708	0.508333333333333
573.740206	0.508333333333333
573.7573523	0.508333333333333
573.7735558	0.508333333333333
573.7909479	0.508333333333333
573.8071653	0.508333333333333
573.8242557	0.508333333333333
573.8408035	0.508333333333333
573.8570996	0.508333333333333
573.8740687	0.508333333333333
573.890858	0.508333333333333
573.9070428	0.508333333333333
573.9235994	0.508333333333333
573.940789	0.508333333333333
573.956954	0.508333333333333
573.9740087	0.508333333333333
573.9906923	0.508333333333333
574.0072461	0.508333333333333
574.0240154	0.508333333333333
574.0410126	0.508333333333333
574.0573901	0.508333333333333
574.073735	0.508333333333333
574.090413	0.508333333333333
574.1070203	0.508333333333333
574.1239689	0.508333333333333
574.1404245	0.508333333333333
574.1570684	0.508333333333333
574.1742887	0.508333333333333
574.1906095	0.508333333333333
574.2074719	0.508333333333333
574.223644	0.508333333333333
574.2406403	0.508333333333333
574.2567192	0.508333333333333
574.2739563	0.508333333333333
574.2904588	0.508333333333333
574.3072445	0.508333333333333
574.3236357	0.508333333333333
574.3409291	0.508333333333333
574.3573915	0.508333333333333
574.3738722	0.508333333333333
574.3904923	0.508333333333333
574.4072737	0.508333333333333
574.4237311	0.508333333333333
574.440397	0.508333333333333
574.4568982	0.508333333333333
574.4739105	0.508333333333333
574.4899716	0.508333333333333
574.5069148	0.508333333333333
574.5239291	0.508333333333333
574.5400703	0.508333333333333
574.5575134	0.508333333333333
574.5739664	0.508333333333333
574.5907681	0.508333333333333
574.6073041	0.508333333333333
574.6241277	0.508333333333333
574.6402712	0.508333333333333
574.6572043	0.508333333333333
574.6737264	0.508333333333333
574.6904681	0.508333333333333
574.7071043	0.508333333333333
574.7239721	0.508333333333333
574.740458	0.508333333333333
574.7570951	0.508333333333333
574.7738418	0.508333333333333
574.790532	0.508333333333333
574.8071758	0.508333333333333
574.8239417	0.508333333333333
574.8398166	0.508333333333333
574.8571554	0.508333333333333
574.8738715	0.508333333333333
574.8906586	0.508333333333333
574.9070612	0.508333333333333
574.9239604	0.508333333333333
574.9402312	0.508333333333333
574.9573159	0.508333333333333
574.9738505	0.508333333333333
574.9906267	0.508333333333333
575.0070165	0.508333333333333
575.0238495	0.508333333333333
575.0404152	0.508333333333333
575.057221	0.508333333333333
575.0737563	0.508333333333333
575.0903193	0.508333333333333
575.1068734	0.508333333333333
575.1241242	0.508333333333333
575.1407636	0.508333333333333
575.1572616	0.508333333333333
575.1739855	0.508333333333333
575.1901164	0.508333333333333
575.206937	0.508333333333333
575.2239785	0.508333333333333
575.2405345	0.508333333333333
575.2566542	0.508333333333333
575.273633	0.508333333333333
575.2907128	0.508333333333333
575.307264	0.508333333333333
575.3240674	0.508333333333333
575.340757	0.508333333333333
575.3571224	0.508333333333333
575.3737931	0.508333333333333
575.3901217	0.508333333333333
575.4070804	0.508333333333333
575.4240342	0.508333333333333
575.4404086	0.508333333333333
575.4567992	0.508333333333333
575.4735114	0.508333333333333
575.4906338	0.508333333333333
575.5070971	0.508333333333333
575.5235852	0.508333333333333
575.5404215	0.508333333333333
575.5570251	0.508333333333333
575.5740783	0.508333333333333
575.5907104	0.508333333333333
575.6073054	0.508333333333333
575.6234656	0.508333333333333
575.6404827	0.508333333333333
575.6569899	0.508333333333333
575.6741162	0.508333333333333
575.690416	0.508333333333333
575.7066413	0.508333333333333
575.7236169	0.508333333333333
575.7398578	0.508333333333333
575.7566385	0.508333333333333
575.7739964	0.508333333333333
575.7906514	0.508333333333333
575.8068535	0.508333333333333
575.8242915	0.508333333333333
575.8402827	0.508333333333333
575.8570854	0.508333333333333
575.8739706	0.508333333333333
575.8905982	0.508333333333333
575.906813	0.508333333333333
575.9235875	0.508333333333333
575.9406578	0.508333333333333
575.9564941	0.508333333333333
575.9739312	0.508333333333333
575.9904983	0.508333333333333
576.0069692	0.508333333333333
576.023688	0.508333333333333
576.0406567	0.508333333333333
576.0572281	0.508333333333333
576.0739763	0.508333333333333
576.0903584	0.508333333333333
576.1073232	0.508333333333333
576.1240457	0.508333333333333
576.1405518	0.508333333333333
576.1569602	0.508333333333333
576.1735074	0.508333333333333
576.1902168	0.508333333333333
576.2067063	0.508333333333333
576.2240809	0.508333333333333
576.2403601	0.508333333333333
576.256944	0.508333333333333
576.2739815	0.508333333333333
576.2901904	0.508333333333333
576.3071477	0.508333333333333
576.323698	0.508333333333333
576.3405213	0.508333333333333
576.3569499	0.508333333333333
576.3738806	0.508333333333333
576.3901926	0.508333333333333
576.4071082	0.508333333333333
576.4239678	0.508333333333333
576.4401851	0.508333333333333
576.4572458	0.508333333333333
576.4738283	0.508333333333333
576.490083	0.508333333333333
576.5071941	0.508333333333333
576.5239118	0.508333333333333
576.5402828	0.508333333333333
576.5568965	0.508333333333333
576.5738135	0.508333333333333
576.5906845	0.508333333333333
576.6067805	0.508333333333333
576.6238257	0.508333333333333
576.6404259	0.508333333333333
576.6565173	0.508333333333333
576.6738242	0.508333333333333
576.6899791	0.508333333333333
576.7067335	0.508333333333333
576.7236593	0.508333333333333
576.7405669	0.508333333333333
576.7571434	0.508333333333333
576.7736235	0.508333333333333
576.7904465	0.508333333333333
576.8070096	0.508333333333333
576.8239366	0.508333333333333
576.8402224	0.508333333333333
576.8569479	0.508333333333333
576.873995	0.508333333333333
576.8901145	0.508333333333333
576.9072255	0.508333333333333
576.9237339	0.508333333333333
576.9406722	0.508333333333333
576.9567854	0.508333333333333
576.9737085	0.508333333333333
576.9906606	0.508333333333333
577.0069204	0.508333333333333
577.0236709	0.508333333333333
577.0404898	0.508333333333333
577.0571308	0.508333333333333
577.0738297	0.508333333333333
577.0902648	0.508333333333333
577.1071548	0.508333333333333
577.123787	0.508333333333333
577.1406551	0.508333333333333
577.1571192	0.508333333333333
577.1738692	0.508333333333333
577.190571	0.508333333333333
577.2067486	0.508333333333333
577.2235557	0.508333333333333
577.2407958	0.508333333333333
577.2570313	0.508333333333333
577.2736588	0.508333333333333
577.2907349	0.508333333333333
577.3066739	0.508333333333333
577.3237995	0.508333333333333
577.3406107	0.508333333333333
577.356656	0.508333333333333
577.3733986	0.508333333333333
577.3901969	0.508333333333333
577.4070736	0.508333333333333
577.4237996	0.508333333333333
577.4406754	0.508333333333333
577.4569293	0.508333333333333
577.4740368	0.508333333333333
577.4904762	0.508333333333333
577.5065698	0.508333333333333
577.5238642	0.508333333333333
577.5406405	0.508333333333333
577.5569854	0.508333333333333
577.5736895	0.508333333333333
577.5903529	0.508333333333333
577.6066551	0.508333333333333
577.6238798	0.508333333333333
577.6403495	0.508333333333333
577.6566293	0.508333333333333
577.6734724	0.508333333333333
577.6900807	0.508333333333333
577.7066883	0.508333333333333
577.7238289	0.508333333333333
577.7408877	0.508333333333333
577.7570406	0.508333333333333
577.7736311	0.508333333333333
577.7906549	0.508333333333333
577.8065747	0.508333333333333
577.8237328	0.508333333333333
577.84016	0.508333333333333
577.8567987	0.508333333333333
577.8738754	0.508333333333333
577.8906432	0.508333333333333
577.9066567	0.508333333333333
577.9237855	0.508333333333333
577.940686	0.508333333333333
577.9566126	0.508333333333333
577.9736055	0.508333333333333
577.9904972	0.508333333333333
578.0068341	0.508333333333333
578.0237516	0.508333333333333
578.0399579	0.508333333333333
578.057168	0.508333333333333
578.0735932	0.508333333333333
578.0902051	0.508333333333333
578.1066166	0.508333333333333
578.1238222	0.508333333333333
578.1402939	0.508333333333333
578.1568779	0.508333333333333
578.1737546	0.508333333333333
578.1903932	0.508333333333333
578.2069797	0.508333333333333
578.2239931	0.508333333333333
578.2404035	0.508333333333333
578.2569651	0.508333333333333
578.2735914	0.508333333333333
578.290466	0.508333333333333
578.3078473	0.508333333333333
578.3235174	0.508333333333333
578.3401619	0.508333333333333
578.3569228	0.508333333333333
578.3734296	0.508333333333333
578.3901814	0.508333333333333
578.4067458	0.508333333333333
578.4235299	0.508333333333333
578.440259	0.508333333333333
578.4567809	0.508333333333333
578.4733929	0.508333333333333
578.4900458	0.508333333333333
578.5067449	0.508333333333333
578.5238671	0.508333333333333
578.5406472	0.508333333333333
578.5565913	0.508333333333333
578.5735554	0.508333333333333
578.5904812	0.508333333333333
578.6068026	0.508333333333333
578.6234607	0.508333333333333
578.6404281	0.508333333333333
578.6604662	0.508333333333333
578.6742118	0.508333333333333
578.6903839	0.508333333333333
578.7070756	0.508333333333333
578.7236535	0.508333333333333
578.7401951	0.508333333333333
578.7566967	0.508333333333333
578.7738463	0.508333333333333
578.790234	0.508333333333333
578.8071906	0.508333333333333
578.8236233	0.508333333333333
578.8399758	0.508333333333333
578.8570867	0.508333333333333
578.873464	0.508333333333333
578.8901468	0.508333333333333
578.9065641	0.508333333333333
578.9237872	0.508333333333333
578.9404981	0.508333333333333
578.9565854	0.508333333333333
578.9736561	0.508333333333333
578.9903681	0.508333333333333
579.0067654	0.508333333333333
579.0236698	0.508333333333333
579.0403083	0.508333333333333
579.0571363	0.508333333333333
579.0734389	0.508333333333333
579.0906046	0.508333333333333
579.1068729	0.508333333333333
579.1238633	0.508333333333333
579.1404409	0.508333333333333
579.1569348	0.508333333333333
579.173729	0.508333333333333
579.1905327	0.508333333333333
579.2067452	0.508333333333333
579.2238495	0.508333333333333
579.2404815	0.508333333333333
579.2571835	0.508333333333333
579.2741258	0.508333333333333
579.2904659	0.508333333333333
579.30646	0.508333333333333
579.3238986	0.508333333333333
579.3404295	0.508333333333333
579.3568973	0.508333333333333
579.3735974	0.508333333333333
579.3905369	0.508333333333333
579.4069737	0.508333333333333
579.4236549	0.508333333333333
579.439996	0.508333333333333
579.4569546	0.508333333333333
579.47379	0.508333333333333
579.490225	0.508333333333333
579.5069179	0.508333333333333
579.5235725	0.508333333333333
579.5401293	0.508333333333333
579.5565835	0.508333333333333
579.5736985	0.508333333333333
579.5903057	0.508333333333333
579.6066931	0.508333333333333
579.6237617	0.508333333333333
579.6403377	0.508333333333333
579.6570355	0.508333333333333
579.673587	0.508333333333333
579.6902239	0.508333333333333
579.70678	0.508333333333333
579.724498	0.508333333333333
579.7403567	0.508333333333333
579.7569035	0.508333333333333
579.7738818	0.508333333333333
579.7901937	0.508333333333333
579.8069391	0.508333333333333
579.8239578	0.508333333333333
579.8403895	0.508333333333333
579.8568958	0.508333333333333
579.8735809	0.508333333333333
579.8903427	0.508333333333333
579.9079852	0.508333333333333
579.9236894	0.508333333333333
579.9402661	0.508333333333333
579.9570023	0.508333333333333
579.9737802	0.508333333333333
579.9902024	0.508333333333333
580.0065353	0.508333333333333
580.023578	0.508333333333333
580.0397532	0.508333333333333
580.0572042	0.508333333333333
580.0734617	0.508333333333333
580.0902865	0.508333333333333
580.1069556	0.508333333333333
580.1236189	0.508333333333333
580.1402766	0.508333333333333
580.1569324	0.508333333333333
580.1736041	0.508333333333333
580.1905936	0.508333333333333
580.2066086	0.508333333333333
580.2235885	0.508333333333333
580.2402028	0.508333333333333
580.257034	0.508333333333333
580.2732701	0.508333333333333
580.2903855	0.508333333333333
580.3066236	0.508333333333333
580.3237707	0.508333333333333
580.340503	0.508333333333333
580.3569284	0.508333333333333
580.3737939	0.508333333333333
580.3901491	0.508333333333333
580.4069509	0.508333333333333
580.423831	0.508333333333333
580.4400305	0.508333333333333
580.4566232	0.508333333333333
580.4745038	0.508333333333333
580.4900579	0.508333333333333
580.506562	0.508333333333333
580.5239443	0.508333333333333
580.5405204	0.508333333333333
580.5569305	0.508333333333333
580.5737607	0.508333333333333
580.5902044	0.508333333333333
580.6069664	0.508333333333333
580.6235962	0.508333333333333
580.6398303	0.508333333333333
580.6570439	0.508333333333333
580.6737746	0.508333333333333
580.6901997	0.508333333333333
580.7070894	0.508333333333333
580.7236214	0.508333333333333
580.7401984	0.508333333333333
580.7566539	0.508333333333333
580.7737106	0.508333333333333
580.7900371	0.508333333333333
580.8066397	0.508333333333333
580.8235891	0.508333333333333
580.8400466	0.508333333333333
580.8569001	0.508333333333333
580.8735783	0.508333333333333
580.8903079	0.508333333333333
580.9072183	0.508333333333333
580.923702	0.508333333333333
580.9404205	0.508333333333333
580.956909	0.508333333333333
580.973622	0.508333333333333
580.9897882	0.508333333333333
581.0068716	0.508333333333333
581.0234637	0.508333333333333
581.0403354	0.508333333333333
581.0571054	0.508333333333333
581.0735882	0.508333333333333
581.0903085	0.508333333333333
581.107269	0.508333333333333
581.1238619	0.508333333333333
581.1405238	0.508333333333333
581.1572117	0.508333333333333
581.1735605	0.508333333333333
581.1901116	0.508333333333333
581.2066626	0.508333333333333
581.2235713	0.508333333333333
581.2403562	0.508333333333333
581.2568428	0.508333333333333
581.2736787	0.508333333333333
581.2903737	0.508333333333333
581.3070783	0.508333333333333
581.323799	0.508333333333333
581.340374	0.508333333333333
581.3566733	0.508333333333333
581.3735517	0.508333333333333
581.3901848	0.508333333333333
581.4070544	0.508333333333333
581.4236504	0.508333333333333
581.4402169	0.508333333333333
581.4567469	0.508333333333333
581.4733515	0.508333333333333
581.4901645	0.508333333333333
581.5069226	0.508333333333333
581.5236454	0.508333333333333
581.5402272	0.508333333333333
581.5570579	0.508333333333333
581.5737511	0.508333333333333
581.5902437	0.508333333333333
581.6070452	0.508333333333333
581.623885	0.508333333333333
581.6403414	0.508333333333333
581.6569604	0.508333333333333
581.6735392	0.508333333333333
581.6900448	0.508333333333333
581.7066378	0.508333333333333
581.7236471	0.508333333333333
581.740146	0.508333333333333
581.7568982	0.508333333333333
581.7735307	0.508333333333333
581.7897744	0.508333333333333
581.8068972	0.508333333333333
581.8237406	0.508333333333333
581.8402858	0.508333333333333
581.8562796	0.508333333333333
581.8737179	0.508333333333333
581.8901851	0.508333333333333
581.9067476	0.508333333333333
581.923329	0.508333333333333
581.9398023	0.508333333333333
581.9570113	0.508333333333333
581.9737088	0.508333333333333
581.9901698	0.508333333333333
582.0066547	0.508333333333333
582.0240067	0.508333333333333
582.0401619	0.508333333333333
582.057061	0.508333333333333
582.0739674	0.508333333333333
582.0900746	0.508333333333333
582.1070492	0.508333333333333
582.123549	0.508333333333333
582.1401024	0.508333333333333
582.1566647	0.508333333333333
582.1733265	0.508333333333333
582.1901825	0.508333333333333
582.2068617	0.508333333333333
582.2235946	0.508333333333333
582.2402703	0.508333333333333
582.2571821	0.508333333333333
582.2739494	0.508333333333333
582.2901819	0.508333333333333
582.3067567	0.508333333333333
582.3235717	0.508333333333333
582.3401453	0.508333333333333
582.3568668	0.508333333333333
582.3735428	0.508333333333333
582.3905713	0.508333333333333
582.4069539	0.508333333333333
582.4237087	0.508333333333333
582.4402757	0.508333333333333
582.4567564	0.508333333333333
582.4736062	0.508333333333333
582.4906162	0.508333333333333
582.5070591	0.508333333333333
582.5239053	0.508333333333333
582.5401702	0.508333333333333
582.5569493	0.508333333333333
582.5737945	0.508333333333333
582.5902112	0.508333333333333
582.6084916	0.508333333333333
582.6235084	0.508333333333333
582.6403099	0.508333333333333
582.6564323	0.508333333333333
582.6736686	0.508333333333333
582.6899409	0.508333333333333
582.7066735	0.508333333333333
582.7237068	0.508333333333333
582.7403289	0.508333333333333
582.7575527	0.508333333333333
582.7770787	0.508333333333333
582.7900927	0.508333333333333
582.8068951	0.508333333333333
582.823676	0.508333333333333
582.8403412	0.508333333333333
582.8574366	0.508333333333333
582.8733431	0.508333333333333
582.8896105	0.508333333333333
582.906408	0.508333333333333
582.9235989	0.508333333333333
582.9402533	0.508333333333333
582.9568869	0.508333333333333
582.9737174	0.508333333333333
582.9903321	0.508333333333333
583.0070227	0.508333333333333
583.0238758	0.508333333333333
583.040081	0.508333333333333
583.0570228	0.508333333333333
583.0737416	0.508333333333333
583.0904311	0.508333333333333
583.1070037	0.508333333333333
583.1236425	0.508333333333333
583.1404279	0.508333333333333
583.1570006	0.508333333333333
583.1736378	0.508333333333333
583.1898751	0.508333333333333
583.2067447	0.508333333333333
583.2232693	0.508333333333333
583.2402908	0.508333333333333
583.2569257	0.508333333333333
583.2736681	0.508333333333333
583.2903686	0.508333333333333
583.3070346	0.508333333333333
583.323544	0.508333333333333
583.3403365	0.508333333333333
583.3567517	0.508333333333333
583.3734772	0.508333333333333
583.3900804	0.508333333333333
583.4069821	0.508333333333333
583.4234623	0.508333333333333
583.4396485	0.508333333333333
583.4566195	0.508333333333333
583.4734629	0.508333333333333
583.4901666	0.508333333333333
583.5067198	0.508333333333333
583.5234052	0.508333333333333
583.5395306	0.508333333333333
583.5564988	0.508333333333333
583.5734085	0.508333333333333
583.589953	0.508333333333333
583.6108393	0.508333333333333
583.6277401	0.508333333333333
583.6422488	0.508333333333333
583.6589374	0.508333333333333
583.6731954	0.508333333333333
583.689935	0.508333333333333
583.7066145	0.508333333333333
583.7234671	0.508333333333333
583.7399425	0.508333333333333
583.7567237	0.508333333333333
583.7735768	0.508333333333333
583.7900808	0.508333333333333
583.8066469	0.508333333333333
583.8230292	0.508333333333333
583.840153	0.508333333333333
583.8568493	0.508333333333333
583.8733464	0.508333333333333
583.8897385	0.508333333333333
583.9064248	0.508333333333333
583.9237181	0.508333333333333
583.9402704	0.508333333333333
583.9569846	0.508333333333333
583.9734964	0.508333333333333
583.9902367	0.508333333333333
584.0068553	0.508333333333333
584.0235414	0.508333333333333
584.0400854	0.508333333333333
584.0571535	0.508333333333333
584.0735539	0.508333333333333
584.0899885	0.508333333333333
584.1067457	0.508333333333333
584.1233302	0.508333333333333
584.1395897	0.508333333333333
584.1566749	0.508333333333333
584.1734595	0.508333333333333
584.1900311	0.508333333333333
584.2062039	0.508333333333333
584.2233915	0.508333333333333
584.2400706	0.508333333333333
584.2563245	0.508333333333333
584.2733798	0.508333333333333
584.289924	0.508333333333333
584.3063539	0.508333333333333
584.3236517	0.508333333333333
584.3402845	0.508333333333333
584.3568807	0.508333333333333
584.3736751	0.508333333333333
584.3903711	0.508333333333333
584.4066327	0.508333333333333
584.4232555	0.508333333333333
584.4400959	0.508333333333333
584.4571067	0.508333333333333
584.4734273	0.508333333333333
584.4899762	0.508333333333333
584.5068478	0.508333333333333
584.5237288	0.508333333333333
584.5402315	0.508333333333333
584.5568572	0.508333333333333
584.5737717	0.508333333333333
584.5901137	0.508333333333333
584.606577	0.508333333333333
584.6239276	0.508333333333333
584.6397097	0.508333333333333
584.6569045	0.508333333333333
584.6732867	0.508333333333333
584.6896859	0.508333333333333
584.7068517	0.508333333333333
584.7236313	0.508333333333333
584.7400521	0.508333333333333
584.7567322	0.508333333333333
584.7736186	0.508333333333333
584.7903286	0.508333333333333
584.8069043	0.508333333333333
584.8236136	0.508333333333333
584.8404887	0.508333333333333
584.8566959	0.508333333333333
584.8729599	0.508333333333333
584.8897587	0.508333333333333
584.9068329	0.508333333333333
584.9235189	0.508333333333333
584.9403785	0.508333333333333
584.9566685	0.508333333333333
584.9733552	0.508333333333333
584.9900379	0.508333333333333
585.0067893	0.508333333333333
585.0232282	0.508333333333333
585.0397433	0.508333333333333
585.0568786	0.508333333333333
585.0733719	0.508333333333333
585.0899957	0.508333333333333
585.1065035	0.508333333333333
585.1230866	0.508333333333333
585.1399441	0.508333333333333
585.1568161	0.508333333333333
585.1735583	0.508333333333333
585.1899331	0.508333333333333
585.2072218	0.508333333333333
585.2235219	0.508333333333333
585.2403548	0.508333333333333
585.2575665	0.508333333333333
585.2735747	0.508333333333333
585.2924656	0.508333333333333
585.3066511	0.508333333333333
585.3233469	0.508333333333333
585.3400544	0.508333333333333
585.3566463	0.508333333333333
585.3730095	0.508333333333333
585.3898673	0.508333333333333
585.4065604	0.508333333333333
585.4234958	0.508333333333333
585.4398029	0.508333333333333
585.4568738	0.508333333333333
585.4735488	0.508333333333333
585.4901477	0.508333333333333
585.5067903	0.508333333333333
585.5234211	0.508333333333333
585.5399167	0.508333333333333
585.5567897	0.508333333333333
585.5733869	0.508333333333333
585.5898683	0.508333333333333
585.6066116	0.508333333333333
585.6233929	0.508333333333333
585.6393605	0.508333333333333
585.6568679	0.508333333333333
585.6733726	0.508333333333333
585.6895406	0.508333333333333
585.7069916	0.508333333333333
585.7232173	0.508333333333333
585.739956	0.508333333333333
585.7570187	0.508333333333333
585.7735347	0.508333333333333
585.7897109	0.508333333333333
585.8069305	0.508333333333333
585.8238525	0.508333333333333
585.8396705	0.508333333333333
585.8569021	0.508333333333333
585.8736504	0.508333333333333
585.889546	0.508333333333333
585.9064103	0.508333333333333
585.9232251	0.508333333333333
585.9400461	0.508333333333333
585.9567076	0.508333333333333
585.9735085	0.508333333333333
585.9901804	0.508333333333333
586.0066617	0.508333333333333
586.0235228	0.508333333333333
586.0401488	0.508333333333333
586.0569326	0.508333333333333
586.0727851	0.508333333333333
586.0894753	0.508333333333333
586.1065069	0.508333333333333
586.1231858	0.508333333333333
586.1400549	0.508333333333333
586.1569903	0.508333333333333
586.1734782	0.508333333333333
586.190282	0.508333333333333
586.2069556	0.508333333333333
586.2233167	0.508333333333333
586.2394393	0.508333333333333
586.2564476	0.508333333333333
586.2731681	0.508333333333333
586.2896838	0.508333333333333
586.3065794	0.508333333333333
586.3228862	0.508333333333333
586.3393978	0.508333333333333
586.3567888	0.508333333333333
586.3733644	0.508333333333333
586.389378	0.508333333333333
586.4067756	0.508333333333333
586.423318	0.508333333333333
586.4402033	0.508333333333333
586.456451	0.508333333333333
586.4738836	0.508333333333333
586.4899921	0.508333333333333
586.5067776	0.508333333333333
586.5234935	0.508333333333333
586.5400402	0.508333333333333
586.5567567	0.508333333333333
586.5735684	0.508333333333333
586.5898511	0.508333333333333
586.6068231	0.508333333333333
586.6237723	0.508333333333333
586.6400968	0.508333333333333
586.6564653	0.508333333333333
586.6731393	0.508333333333333
586.6898626	0.508333333333333
586.7067712	0.508333333333333
586.7234112	0.508333333333333
586.7396687	0.508333333333333
586.7567279	0.508333333333333
586.7731444	0.508333333333333
586.7896331	0.508333333333333
586.806449	0.508333333333333
586.8232017	0.508333333333333
586.8398945	0.508333333333333
586.8566447	0.508333333333333
586.8734569	0.508333333333333
586.8895754	0.508333333333333
586.9067532	0.508333333333333
586.9232775	0.508333333333333
586.9397054	0.508333333333333
586.9568523	0.508333333333333
586.9733596	0.508333333333333
586.9895641	0.508333333333333
587.0068056	0.508333333333333
587.0235513	0.508333333333333
587.0395207	0.508333333333333
587.0569689	0.508333333333333
587.0732258	0.508333333333333
587.089822	0.508333333333333
587.1067234	0.508333333333333
587.1234024	0.508333333333333
587.1403753	0.508333333333333
587.1566839	0.508333333333333
587.1732774	0.508333333333333
587.189823	0.508333333333333
587.2063988	0.508333333333333
587.2233178	0.508333333333333
587.2400797	0.508333333333333
587.2564058	0.508333333333333
587.273512	0.508333333333333
587.2895676	0.508333333333333
587.3066221	0.508333333333333
587.3236175	0.508333333333333
587.3400716	0.508333333333333
587.3566478	0.508333333333333
587.3736552	0.508333333333333
587.3897994	0.508333333333333
587.4067722	0.508333333333333
587.4234995	0.508333333333333
587.4399783	0.508333333333333
587.4567779	0.508333333333333
587.4731642	0.508333333333333
587.4899757	0.508333333333333
587.5066303	0.508333333333333
587.5235274	0.508333333333333
587.539956	0.508333333333333
587.5567976	0.508333333333333
587.573424	0.508333333333333
587.5895439	0.508333333333333
587.6065864	0.508333333333333
587.6231709	0.508333333333333
587.6396746	0.508333333333333
587.6567393	0.508333333333333
587.6733355	0.508333333333333
587.6898708	0.508333333333333
587.7066947	0.508333333333333
587.7234329	0.508333333333333
587.7395549	0.508333333333333
587.7568279	0.508333333333333
587.7732944	0.508333333333333
587.7894924	0.508333333333333
587.8064412	0.508333333333333
587.8233875	0.508333333333333
587.8394877	0.508333333333333
587.8566682	0.508333333333333
587.8735614	0.508333333333333
587.8895329	0.508333333333333
587.9068315	0.508333333333333
587.9236722	0.508333333333333
587.9400056	0.508333333333333
587.9564892	0.508333333333333
587.972968	0.508333333333333
587.9899476	0.508333333333333
588.0067699	0.508333333333333
588.0232674	0.508333333333333
588.0398397	0.508333333333333
588.0568719	0.508333333333333
588.0732159	0.508333333333333
588.0899877	0.508333333333333
588.1065485	0.508333333333333
588.1233414	0.508333333333333
588.1395558	0.508333333333333
588.1567983	0.508333333333333
588.1733853	0.508333333333333
588.1899425	0.508333333333333
588.2065535	0.508333333333333
588.2230461	0.508333333333333
588.2396787	0.508333333333333
588.2568046	0.508333333333333
588.2731849	0.508333333333333
588.2904429	0.508333333333333
588.3067544	0.508333333333333
588.323537	0.508333333333333
588.3403445	0.508333333333333
588.3564388	0.508333333333333
588.3734015	0.508333333333333
588.3894482	0.508333333333333
588.4063714	0.508333333333333
588.4234928	0.508333333333333
588.4404224	0.508333333333333
588.4568862	0.508333333333333
588.4732912	0.508333333333333
588.4894728	0.508333333333333
588.5062328	0.508333333333333
588.5234836	0.508333333333333
588.5401143	0.508333333333333
588.5564711	0.508333333333333
588.5735359	0.508333333333333
588.5900337	0.508333333333333
588.6066266	0.508333333333333
588.6233533	0.508333333333333
588.6397195	0.508333333333333
588.6565845	0.508333333333333
588.6732892	0.508333333333333
588.6899062	0.508333333333333
588.7064938	0.508333333333333
588.7231157	0.508333333333333
588.7397066	0.508333333333333
588.7567115	0.508333333333333
588.7733828	0.508333333333333
588.7898921	0.508333333333333
588.8066648	0.508333333333333
588.8232361	0.508333333333333
588.8395481	0.508333333333333
588.8564877	0.508333333333333
588.8731226	0.508333333333333
588.8900203	0.508333333333333
588.9070134	0.508333333333333
588.923426	0.508333333333333
588.9402295	0.508333333333333
588.9564942	0.508333333333333
588.9728745	0.508333333333333
588.9895196	0.508333333333333
589.0065567	0.508333333333333
589.0234753	0.508333333333333
589.0398626	0.508333333333333
589.056679	0.508333333333333
589.0734861	0.508333333333333
589.0899618	0.508333333333333
589.1064115	0.508333333333333
589.1231968	0.508333333333333
589.1398655	0.508333333333333
589.156538	0.508333333333333
589.1732755	0.508333333333333
589.1895385	0.508333333333333
589.206338	0.508333333333333
589.223104	0.508333333333333
589.2398826	0.508333333333333
589.2564951	0.508333333333333
589.2732203	0.508333333333333
589.2894825	0.508333333333333
589.3066948	0.508333333333333
589.3232124	0.508333333333333
589.3402203	0.508333333333333
589.3564369	0.508333333333333
589.3732916	0.508333333333333
589.3902067	0.508333333333333
589.4064117	0.508333333333333
589.4231501	0.508333333333333
589.4397018	0.508333333333333
589.4568797	0.508333333333333
589.4732453	0.508333333333333
589.4893692	0.508333333333333
589.5065519	0.508333333333333
589.523296	0.508333333333333
589.5399769	0.508333333333333
589.5565424	0.508333333333333
589.5738015	0.508333333333333
589.5895348	0.508333333333333
589.6066924	0.508333333333333
589.623395	0.508333333333333
589.6397201	0.508333333333333
589.6571633	0.508333333333333
589.6736576	0.508333333333333
589.6900487	0.508333333333333
589.7068232	0.508333333333333
589.7231544	0.508333333333333
589.7402036	0.508333333333333
589.7566114	0.508333333333333
589.773146	0.508333333333333
589.7898717	0.508333333333333
589.8064971	0.508333333333333
589.8232042	0.508333333333333
589.8403275	0.508333333333333
589.8563769	0.508333333333333
589.8733816	0.508333333333333
589.8896061	0.508333333333333
589.9064877	0.508333333333333
589.9230494	0.508333333333333
589.9396405	0.508333333333333
589.9564318	0.508333333333333
589.9733496	0.508333333333333
589.9896633	0.508333333333333
590.0065542	0.508333333333333
590.0233763	0.508333333333333
590.0398197	0.508333333333333
590.0567384	0.508333333333333
590.0732337	0.508333333333333
590.0900575	0.508333333333333
590.1064346	0.508333333333333
590.1237721	0.508333333333333
590.1401657	0.508333333333333
590.1565336	0.508333333333333
590.1728635	0.508333333333333
590.1896729	0.508333333333333
590.2064982	0.508333333333333
590.223406	0.508333333333333
590.24	0.508333333333333
590.2568253	0.508333333333333
590.273337	0.508333333333333
590.2898216	0.508333333333333
590.3068688	0.508333333333333
590.3229963	0.508333333333333
590.3398231	0.508333333333333
590.3569196	0.508333333333333
590.3732148	0.508333333333333
590.3900447	0.508333333333333
590.4079259	0.508333333333333
590.4232938	0.508333333333333
590.439915	0.508333333333333
590.4565962	0.508333333333333
590.4730709	0.508333333333333
590.4900495	0.508333333333333
590.5068517	0.508333333333333
590.5231775	0.508333333333333
590.5399388	0.508333333333333
590.5566375	0.508333333333333
590.5734213	0.508333333333333
590.5898233	0.508333333333333
590.6069792	0.508333333333333
590.6231965	0.508333333333333
590.6400547	0.508333333333333
590.6566501	0.508333333333333
590.6733319	0.508333333333333
590.6898518	0.508333333333333
590.7067053	0.508333333333333
590.7237306	0.508333333333333
590.739708	0.508333333333333
590.7563957	0.508333333333333
590.7733742	0.508333333333333
590.7894348	0.508333333333333
590.8063386	0.508333333333333
590.8232741	0.508333333333333
590.8397041	0.508333333333333
590.85636	0.508333333333333
590.873408	0.508333333333333
590.8895795	0.508333333333333
590.9065882	0.508333333333333
590.9232566	0.508333333333333
590.9396402	0.508333333333333
590.9567214	0.508333333333333
590.9733661	0.508333333333333
590.9900142	0.508333333333333
591.0067135	0.508333333333333
591.0232313	0.508333333333333
591.039822	0.508333333333333
591.0561902	0.508333333333333
591.0730252	0.508333333333333
591.0896944	0.508333333333333
591.1065577	0.508333333333333
591.1229921	0.508333333333333
591.1396519	0.508333333333333
591.1564746	0.508333333333333
591.1732753	0.508333333333333
591.1901662	0.508333333333333
591.2065611	0.508333333333333
591.2235072	0.508333333333333
591.2400859	0.508333333333333
591.2564931	0.508333333333333
591.2732948	0.508333333333333
591.2897765	0.508333333333333
591.306284	0.508333333333333
591.3231878	0.508333333333333
591.339677	0.508333333333333
591.3567055	0.508333333333333
591.3733719	0.508333333333333
591.3899604	0.508333333333333
591.406523	0.508333333333333
591.4235343	0.508333333333333
591.439957	0.508333333333333
591.4565193	0.508333333333333
591.4731628	0.508333333333333
591.4892388	0.508333333333333
591.5066357	0.508333333333333
591.5233206	0.508333333333333
591.5396393	0.508333333333333
591.5564373	0.508333333333333
591.5731944	0.508333333333333
591.5893163	0.508333333333333
591.6063942	0.508333333333333
591.6229525	0.508333333333333
591.6397002	0.508333333333333
591.6565224	0.508333333333333
591.6732392	0.508333333333333
591.6902705	0.508333333333333
591.7065124	0.508333333333333
591.7233137	0.508333333333333
591.7398365	0.508333333333333
591.7565786	0.508333333333333
591.772913	0.508333333333333
591.7896257	0.508333333333333
591.8063921	0.508333333333333
591.8231447	0.508333333333333
591.8400094	0.508333333333333
591.8563976	0.508333333333333
591.8732459	0.508333333333333
591.8899035	0.508333333333333
591.9066312	0.508333333333333
591.9231363	0.508333333333333
591.9402833	0.508333333333333
591.9565713	0.508333333333333
591.9731615	0.508333333333333
591.9895949	0.508333333333333
592.0062045	0.508333333333333
592.0232283	0.508333333333333
592.0399591	0.508333333333333
592.0566432	0.508333333333333
592.0731673	0.508333333333333
592.0898409	0.508333333333333
592.106221	0.508333333333333
592.1228885	0.508333333333333
592.1400499	0.508333333333333
592.1565218	0.508333333333333
592.1730972	0.508333333333333
592.1899724	0.508333333333333
592.207085	0.508333333333333
592.2232949	0.508333333333333
592.2397917	0.508333333333333
592.2561759	0.508333333333333
592.2732888	0.508333333333333
592.2893056	0.508333333333333
592.3067502	0.508333333333333
592.3229709	0.508333333333333
592.3399544	0.508333333333333
592.3565231	0.508333333333333
592.3731401	0.508333333333333
592.3900147	0.508333333333333
592.4065423	0.508333333333333
592.4230567	0.508333333333333
592.439779	0.508333333333333
592.4565568	0.508333333333333
592.4731889	0.508333333333333
592.4895492	0.508333333333333
592.5065885	0.508333333333333
592.5230069	0.508333333333333
592.5393283	0.508333333333333
592.5563699	0.508333333333333
592.5731542	0.508333333333333
592.58994	0.508333333333333
592.6067444	0.508333333333333
592.6232752	0.508333333333333
592.6397672	0.508333333333333
592.6566067	0.508333333333333
592.673104	0.508333333333333
592.6894324	0.508333333333333
592.7062701	0.508333333333333
592.7232434	0.508333333333333
592.7399123	0.508333333333333
592.7562304	0.508333333333333
592.7728149	0.508333333333333
592.7897668	0.508333333333333
592.8063651	0.508333333333333
592.8232314	0.508333333333333
592.8400078	0.508333333333333
592.8563546	0.508333333333333
592.8732418	0.508333333333333
592.8896289	0.508333333333333
592.9066303	0.508333333333333
592.9232671	0.508333333333333
592.9398785	0.508333333333333
592.9565896	0.508333333333333
592.9731672	0.508333333333333
592.989783	0.508333333333333
593.006254	0.508333333333333
593.0229709	0.508333333333333
593.039696	0.508333333333333
593.0564771	0.508333333333333
593.072944	0.508333333333333
593.0898955	0.508333333333333
593.1064986	0.508333333333333
593.1228475	0.508333333333333
593.1393959	0.508333333333333
593.1567629	0.508333333333333
593.173115	0.508333333333333
593.1897544	0.508333333333333
593.2064223	0.508333333333333
593.2231066	0.508333333333333
593.2394283	0.508333333333333
593.2562227	0.508333333333333
593.2735078	0.508333333333333
593.2899717	0.508333333333333
593.3063524	0.508333333333333
593.3231181	0.508333333333333
593.3396795	0.508333333333333
593.3564145	0.508333333333333
593.3731217	0.508333333333333
593.39005	0.508333333333333
593.4066324	0.508333333333333
593.4231099	0.508333333333333
593.4398304	0.508333333333333
593.4562318	0.508333333333333
593.4732199	0.508333333333333
593.4895006	0.508333333333333
593.5066524	0.508333333333333
593.5234152	0.508333333333333
593.5397984	0.508333333333333
593.5565409	0.508333333333333
593.5734243	0.508333333333333
593.5900601	0.508333333333333
593.6065038	0.508333333333333
593.6232579	0.508333333333333
593.6398332	0.508333333333333
593.6563236	0.508333333333333
593.6729642	0.508333333333333
593.6898645	0.508333333333333
593.706502	0.508333333333333
593.7233199	0.508333333333333
593.739907	0.508333333333333
593.7563386	0.508333333333333
593.7728542	0.508333333333333
593.7898661	0.508333333333333
593.8062148	0.508333333333333
593.8229011	0.508333333333333
593.8400136	0.508333333333333
593.8564647	0.508333333333333
593.8732126	0.508333333333333
593.8899398	0.508333333333333
593.9065664	0.508333333333333
593.9231251	0.508333333333333
593.9396354	0.508333333333333
593.9563034	0.508333333333333
593.972929	0.508333333333333
593.9901775	0.508333333333333
594.0063125	0.508333333333333
594.0230668	0.508333333333333
594.0401142	0.508333333333333
594.0564467	0.508333333333333
594.0731165	0.508333333333333
594.089981	0.508333333333333
594.1064474	0.508333333333333
594.1229206	0.508333333333333
594.1398103	0.508333333333333
594.156278	0.508333333333333
594.173055	0.508333333333333
594.1897222	0.508333333333333
594.2064752	0.508333333333333
594.2230578	0.508333333333333
594.2394456	0.508333333333333
594.2559434	0.508333333333333
594.2729211	0.508333333333333
594.2898742	0.508333333333333
594.3063733	0.508333333333333
594.3225866	0.508333333333333
594.339847	0.508333333333333
594.3565368	0.508333333333333
594.3732321	0.508333333333333
594.3899073	0.508333333333333
594.4065459	0.508333333333333
594.4229059	0.508333333333333
594.4403253	0.508333333333333
594.4564045	0.508333333333333
594.4731979	0.508333333333333
594.4896994	0.508333333333333
594.5062518	0.508333333333333
594.5226344	0.508333333333333
594.5394993	0.508333333333333
594.5563101	0.508333333333333
594.5727189	0.508333333333333
594.5899306	0.508333333333333
594.6061089	0.508333333333333
594.6229604	0.508333333333333
594.6401036	0.508333333333333
594.6563008	0.508333333333333
594.6727526	0.508333333333333
594.6896605	0.508333333333333
594.7061156	0.508333333333333
594.7225922	0.508333333333333
594.7395348	0.508333333333333
594.7564662	0.508333333333333
594.7729093	0.508333333333333
594.7895494	0.508333333333333
594.8063813	0.508333333333333
594.8230631	0.508333333333333
594.8397608	0.508333333333333
594.856419	0.508333333333333
594.8729222	0.508333333333333
594.8897304	0.508333333333333
594.9068356	0.508333333333333
594.9227764	0.508333333333333
594.9396127	0.508333333333333
594.9562743	0.508333333333333
594.9727335	0.508333333333333
594.9894231	0.508333333333333
595.0064697	0.508333333333333
595.023207	0.508333333333333
595.0396472	0.508333333333333
595.0565566	0.508333333333333
595.0727678	0.508333333333333
595.0897527	0.508333333333333
595.1064287	0.508333333333333
595.1228782	0.508333333333333
595.1396819	0.508333333333333
595.1566475	0.508333333333333
595.1728112	0.508333333333333
595.1895347	0.508333333333333
595.2060993	0.508333333333333
595.2225691	0.508333333333333
595.2393183	0.508333333333333
595.2565182	0.508333333333333
595.2730894	0.508333333333333
595.2896556	0.508333333333333
595.3064684	0.508333333333333
595.3227461	0.508333333333333
595.3400147	0.508333333333333
595.3563994	0.508333333333333
595.3729028	0.508333333333333
595.389366	0.508333333333333
595.4064085	0.508333333333333
595.4231031	0.508333333333333
595.4400612	0.508333333333333
595.4561412	0.508333333333333
595.4726393	0.508333333333333
595.4898897	0.508333333333333
595.5065647	0.508333333333333
595.5227258	0.508333333333333
595.5398265	0.508333333333333
595.5561375	0.508333333333333
595.5724001	0.508333333333333
595.5894017	0.508333333333333
595.6066165	0.508333333333333
595.623186	0.508333333333333
595.6401048	0.508333333333333
595.6563767	0.508333333333333
595.6769397	0.508333333333333
595.6897058	0.508333333333333
595.7065164	0.508333333333333
595.7230289	0.508333333333333
595.7396498	0.508333333333333
595.7561506	0.508333333333333
595.7730988	0.508333333333333
595.7901887	0.508333333333333
595.8063685	0.508333333333333
595.8231337	0.508333333333333
595.8398827	0.508333333333333
595.8563249	0.508333333333333
595.8728034	0.508333333333333
595.8895619	0.508333333333333
595.90654	0.508333333333333
595.9226559	0.508333333333333
595.9398969	0.508333333333333
595.9565254	0.508333333333333
595.9726834	0.508333333333333
595.9894933	0.508333333333333
596.0065791	0.508333333333333
596.0226449	0.508333333333333
596.0397676	0.508333333333333
596.0566345	0.508333333333333
596.073124	0.508333333333333
596.0897869	0.508333333333333
596.1065336	0.508333333333333
596.1231942	0.508333333333333
596.1393162	0.508333333333333
596.1562242	0.508333333333333
596.1729931	0.508333333333333
596.1897169	0.508333333333333
596.2065488	0.508333333333333
596.2230469	0.508333333333333
596.2397111	0.508333333333333
596.2561997	0.508333333333333
596.2732175	0.508333333333333
596.2899127	0.508333333333333
596.3062402	0.508333333333333
596.3227881	0.508333333333333
596.3399311	0.508333333333333
596.356144	0.508333333333333
596.3730064	0.508333333333333
596.389571	0.508333333333333
596.4064061	0.508333333333333
596.4223039	0.508333333333333
596.4397358	0.508333333333333
596.4567123	0.508333333333333
596.4730244	0.508333333333333
596.4893744	0.508333333333333
596.5060908	0.508333333333333
596.5231275	0.508333333333333
596.5397955	0.508333333333333
596.5562102	0.508333333333333
596.5731139	0.508333333333333
596.5897002	0.508333333333333
596.6060144	0.508333333333333
596.622689	0.508333333333333
596.6396827	0.508333333333333
596.6563451	0.508333333333333
596.672949	0.508333333333333
596.6899945	0.508333333333333
596.7062549	0.508333333333333
596.722918	0.508333333333333
596.7396557	0.508333333333333
596.7562908	0.508333333333333
596.7728026	0.508333333333333
596.7900989	0.508333333333333
596.8064619	0.508333333333333
596.8231337	0.508333333333333
596.839731	0.508333333333333
596.8560777	0.508333333333333
596.873034	0.508333333333333
596.8896637	0.508333333333333
596.906364	0.508333333333333
596.9225232	0.508333333333333
596.9393386	0.508333333333333
596.9564077	0.508333333333333
596.9727263	0.508333333333333
596.989644	0.508333333333333
597.0063768	0.508333333333333
597.0231095	0.508333333333333
597.039626	0.508333333333333
597.0564019	0.508333333333333
597.072789	0.508333333333333
597.0898319	0.508333333333333
597.1062774	0.508333333333333
597.1227537	0.508333333333333
597.1397449	0.508333333333333
597.1563788	0.508333333333333
597.1730259	0.508333333333333
597.1892852	0.508333333333333
597.2062291	0.508333333333333
597.222871	0.508333333333333
597.2395702	0.508333333333333
597.2566254	0.508333333333333
597.2778414	0.508333333333333
597.2893444	0.508333333333333
597.3062021	0.508333333333333
597.3230568	0.508333333333333
597.3397968	0.508333333333333
597.3560943	0.508333333333333
597.3727646	0.508333333333333
597.3892699	0.508333333333333
597.4064986	0.508333333333333
597.4230231	0.508333333333333
597.4393268	0.508333333333333
597.4562087	0.508333333333333
597.4730494	0.508333333333333
597.4897628	0.508333333333333
597.5062683	0.508333333333333
597.5231254	0.508333333333333
597.5400336	0.508333333333333
597.5561178	0.508333333333333
597.5734158	0.508333333333333
597.5897621	0.508333333333333
597.6060843	0.508333333333333
597.6231322	0.508333333333333
597.6397739	0.508333333333333
597.6563596	0.508333333333333
597.6731366	0.508333333333333
597.6896757	0.508333333333333
597.7062324	0.508333333333333
597.7229751	0.508333333333333
597.7397459	0.508333333333333
597.7565331	0.508333333333333
597.7732563	0.508333333333333
597.7895504	0.508333333333333
597.8065192	0.508333333333333
597.8233233	0.508333333333333
597.8395068	0.508333333333333
597.8563462	0.508333333333333
597.8731744	0.508333333333333
597.8895517	0.508333333333333
597.9060086	0.508333333333333
597.9229014	0.508333333333333
597.9396215	0.508333333333333
597.9561431	0.508333333333333
597.9729692	0.508333333333333
597.9896342	0.508333333333333
598.006584	0.508333333333333
598.022958	0.508333333333333
598.0396718	0.508333333333333
598.0560534	0.508333333333333
598.0724963	0.508333333333333
598.0895855	0.508333333333333
598.1064633	0.508333333333333
598.1232644	0.508333333333333
598.1397533	0.508333333333333
598.1563678	0.508333333333333
598.1730131	0.508333333333333
598.18967	0.508333333333333
598.2061049	0.508333333333333
598.222983	0.508333333333333
598.2396739	0.508333333333333
598.2561337	0.508333333333333
598.2727551	0.508333333333333
598.2899181	0.508333333333333
598.3064155	0.508333333333333
598.3231342	0.508333333333333
598.339791	0.508333333333333
598.3564026	0.508333333333333
598.3730782	0.508333333333333
598.3895962	0.508333333333333
598.4061408	0.508333333333333
598.4225442	0.508333333333333
598.4389844	0.508333333333333
598.4564351	0.508333333333333
598.4735882	0.508333333333333
598.4895773	0.508333333333333
598.5065069	0.508333333333333
598.5231588	0.508333333333333
598.5396601	0.508333333333333
598.5561855	0.508333333333333
598.5730785	0.508333333333333
598.5900003	0.508333333333333
598.6059498	0.508333333333333
598.6224585	0.508333333333333
598.6393521	0.508333333333333
598.6562191	0.508333333333333
598.6729503	0.508333333333333
598.6898267	0.508333333333333
598.7062721	0.508333333333333
598.7228099	0.508333333333333
598.7395522	0.508333333333333
598.7560144	0.508333333333333
598.7730895	0.508333333333333
598.7895395	0.508333333333333
598.8060414	0.508333333333333
598.8226557	0.508333333333333
598.8396392	0.508333333333333
598.8562645	0.508333333333333
598.8730385	0.508333333333333
598.8895314	0.508333333333333
598.9061787	0.508333333333333
598.9230808	0.508333333333333
598.9395399	0.508333333333333
598.956118	0.508333333333333
598.9730765	0.508333333333333
598.9895836	0.508333333333333
599.0062173	0.508333333333333
599.0226364	0.508333333333333
599.0400144	0.508333333333333
599.0563232	0.508333333333333
599.0727101	0.508333333333333
599.0893163	0.508333333333333
599.1063488	0.508333333333333
599.1231861	0.508333333333333
599.1397492	0.508333333333333
599.1563629	0.508333333333333
599.1732161	0.508333333333333
599.189662	0.508333333333333
599.206183	0.508333333333333
599.2230312	0.508333333333333
599.2393315	0.508333333333333
599.2561557	0.508333333333333
599.273042	0.508333333333333
599.2893678	0.508333333333333
599.3059509	0.508333333333333
599.323041	0.508333333333333
599.3398016	0.508333333333333
599.3563192	0.508333333333333
599.3729021	0.508333333333333
599.3896259	0.508333333333333
599.4062234	0.508333333333333
599.4230329	0.508333333333333
599.4397495	0.508333333333333
599.45613	0.508333333333333
599.4724111	0.508333333333333
599.4894993	0.508333333333333
599.5062925	0.508333333333333
599.5229908	0.508333333333333
599.5395614	0.508333333333333
599.5564223	0.508333333333333
599.5730546	0.508333333333333
599.5894624	0.508333333333333
599.6061435	0.508333333333333
599.6229591	0.508333333333333
599.6396527	0.508333333333333
599.6562445	0.508333333333333
599.672983	0.508333333333333
599.6892575	0.508333333333333
599.7062505	0.508333333333333
599.7228137	0.508333333333333
599.7393555	0.508333333333333
599.7561541	0.508333333333333
599.7729925	0.508333333333333
599.7893842	0.508333333333333
599.8062504	0.508333333333333
599.8234258	0.508333333333333
599.8396209	0.508333333333333
599.8562282	0.508333333333333
599.8729284	0.508333333333333
599.8896502	0.508333333333333
599.9059704	0.508333333333333
599.9228237	0.508333333333333
599.9396619	0.508333333333333
599.9562185	0.508333333333333
599.9729616	0.508333333333333
599.9894143	0.508333333333333
600.0060024	0.508333333333333
